link_id,from_node_id,to_node_id,tmc_code,corridor,road,direction,period,period_hours,bins_in_period,lanes,length_mi,links_sharing_this_tmc,free_speed_obs_p95_mph,free_speed_assign_mph,free_speed_diff_mph,observed_max_mph,assign_free_speed_impossible,cutoff_obs_mph,cutoff_assign_mph,lane_capacity_vphpl,mu_free_vph,mu_queued_vph,capacity_drop,V_assign_veh,V_throughput_obs_veh,V_demand_obs_veh,V_max_feasible_veh,V_from_assignment_veh,obs_volume_in_assignment,D_assign_vphpl,D_obs_vphpl,D_ratio,queued_bins,observation_weight,inside_window,below_lower,above_upper,t0_min_obs,T2_min_obs,t3_min_obs,P_h_obs,vT2_mph_obs,t0_min_model,T2_min_model,t3_min_model,P_h_model,vT2_mph_model,right_censored,speed_mae_episode_mph,speed_mae_period_mph
25785,30057,34017,110P04171,I66_WB,I-66,WESTBOUND,AM,3.0,12,4,0.49,1,65.0,75.0,10.0,70.23,True,45.5,56.25,2000.0,8000.0,,,0.0,0.0,0.0,24000.0,0.0,-1,0.0,0.0,,0,0.0,True,False,False,,,,,,,,,,,False,,4.27
25785,30057,34017,110P04171,I66_WB,I-66,WESTBOUND,MD,6.0,24,4,0.49,1,65.0,75.0,10.0,70.23,True,45.5,56.25,2000.0,8000.0,,,0.0,0.0,0.0,48000.0,0.0,-1,0.0,0.0,,0,0.0,True,False,False,,,,,,,,,,,False,,4.27
25785,30057,34017,110P04171,I66_WB,I-66,WESTBOUND,PM,4.0,16,4,0.49,1,65.0,75.0,10.0,70.23,True,45.5,56.25,2000.0,8000.0,,,13422.6055,0.0,0.0,32000.0,13422.6055,-1,838.9,0.0,,0,0.0,True,False,False,,,,,,,,,,,False,,4.27
25946,30103,30210,110+04164,I66_WB,I-66,WESTBOUND,AM,3.0,12,3,0.29,1,53.4065,63.0,9.59,63.52,False,37.38455,47.25,1900.0,5700.0,,,4790.2311,0.0,0.0,17100.0,4790.2311,-1,532.2,0.0,,0,0.0,True,False,False,,,,,,,,,,,False,,3.16
25946,30103,30210,110+04164,I66_WB,I-66,WESTBOUND,MD,6.0,24,3,0.29,1,53.4065,63.0,9.59,63.52,False,37.38455,47.25,1900.0,5700.0,,,10525.6085,0.0,0.0,34200.0,10525.6085,-1,584.8,0.0,,0,0.0,True,False,False,,,,,,,,,,,False,,3.16
25946,30103,30210,110+04164,I66_WB,I-66,WESTBOUND,PM,4.0,16,3,0.29,1,53.4065,63.0,9.59,63.52,False,37.38455,47.25,1900.0,5700.0,,,6005.0065,0.0,0.0,22800.0,6005.0065,-1,500.4,0.0,,0,0.0,True,False,False,,,,,,,,,,,False,,3.16
25947,30103,30212,110N04162,I66_EB,I-66,EASTBOUND,AM,3.0,12,2,0.18,1,54.3095,63.0,8.69,60.46,True,38.01665,47.25,1900.0,3800.0,,,5110.3786,0.0,0.0,11400.0,5110.3786,-1,851.7,0.0,,0,0.0,True,False,False,,,,,,,,,,,False,,10.7
25947,30103,30212,110N04162,I66_EB,I-66,EASTBOUND,MD,6.0,24,2,0.18,1,54.3095,63.0,8.69,60.46,True,38.01665,47.25,1900.0,3800.0,,,11289.1824,0.0,0.0,22800.0,11289.1824,-1,940.8,0.0,,0,0.0,True,False,False,,,,,,,,,,,False,,10.7
25947,30103,30212,110N04162,I66_EB,I-66,EASTBOUND,PM,4.0,16,2,0.18,1,54.3095,63.0,8.69,60.46,True,38.01665,47.25,1900.0,3800.0,,,7592.0683,0.0,0.0,15200.0,7592.0683,-1,949.0,0.0,,0,0.0,True,False,False,,,,,,,,,,,False,,10.7
25966,30110,30237,110+04166,I66_WB,I-66,WESTBOUND,AM,3.0,12,2,0.13,2,61.7,75.0,13.3,68.23,True,43.19,56.25,2000.0,4000.0,,,0.0,0.0,0.0,12000.0,0.0,-1,0.0,0.0,,0,0.0,True,False,False,,,,,,,,,,,False,2.06,2.07
25966,30110,30237,110+04166,I66_WB,I-66,WESTBOUND,MD,6.0,24,2,0.13,2,61.7,75.0,13.3,68.23,True,43.19,56.25,2000.0,4000.0,3652.1079500128735,0.0869730124967815,0.0,2730.0887659152936,2740.924941159462,23730.08876591529,-2740.924941159462,-1,0.0,227.5,0.0,3,0.125,False,True,False,846.51760015,870.0,901.0065252666668,0.9081487519444444,30.873478260869565,862.4264994,870.0,897.7438192166667,0.5886219969444445,24.31361045019216,False,2.06,2.07
25966,30110,30237,110+04166,I66_WB,I-66,WESTBOUND,PM,4.0,16,2,0.13,2,61.7,75.0,13.3,68.23,True,43.19,56.25,2000.0,4000.0,,,4375.8469,954.689419288613,907.1113725266256,15954.689419288614,3468.735527473374,-1,547.0,119.3,4.584,1,0.0625,True,False,False,,,,,,,,,,,False,2.06,2.07
25972,30113,30227,110+04165,I66_WB,I-66,WESTBOUND,AM,3.0,12,2,0.26,1,58.0865,75.0,16.91,62.53,True,40.66055,56.25,2000.0,4000.0,,,0.0,0.0,0.0,12000.0,0.0,-1,0.0,0.0,,0,0.0,True,False,False,,,,,,,,,,,False,,2.61
25972,30113,30227,110+04165,I66_WB,I-66,WESTBOUND,MD,6.0,24,2,0.26,1,58.0865,75.0,16.91,62.53,True,40.66055,56.25,2000.0,4000.0,,,0.0,0.0,0.0,24000.0,0.0,-1,0.0,0.0,,0,0.0,True,False,False,,,,,,,,,,,False,,2.61
25972,30113,30227,110+04165,I66_WB,I-66,WESTBOUND,PM,4.0,16,2,0.26,1,58.0865,75.0,16.91,62.53,True,40.66055,56.25,2000.0,4000.0,,,3916.9394,0.0,0.0,16000.0,3916.9394,-1,489.6,0.0,,0,0.0,True,False,False,,,,,,,,,,,False,,2.61
26055,30136,30150,110P04167,I66_WB,I-66,WESTBOUND,AM,3.0,12,2,0.79,1,65.4465,75.0,9.55,70.45,True,45.81255,56.25,2000.0,4000.0,3572.4203455694355,0.1068949136076411,0.0,4491.672788592321,4485.161569592347,11491.67278859232,-4485.161569592347,-1,0.0,748.6,0.0,5,0.4167,False,True,False,452.62981605,495.0,547.1289022333333,1.574984769722222,27.74942028985507,473.1968159666667,495.0,543.0147190499999,1.1636317180555555,26.50907158082416,False,,3.29
26055,30136,30150,110P04167,I66_WB,I-66,WESTBOUND,MD,6.0,24,2,0.79,1,65.4465,75.0,9.55,70.45,True,45.81255,56.25,2000.0,4000.0,,,0.0,999.686337516186,801.9462654553203,23999.686337516185,-801.9462654553203,-1,0.0,83.3,0.0,1,0.0417,False,True,False,,,,,,,,,,,False,,3.29
26055,30136,30150,110P04167,I66_WB,I-66,WESTBOUND,PM,4.0,16,2,0.79,1,65.4465,75.0,9.55,70.45,True,45.81255,56.25,2000.0,4000.0,,,4509.6121,0.0,0.0,16000.0,4509.6121,-1,563.7,0.0,,0,0.0,True,False,False,,,,,,,,,,,False,,3.29
26101,30150,30234,110P04168,I66_WB,I-66,WESTBOUND,AM,3.0,12,3,0.19,1,65.38,75.0,9.62,71.0,True,45.76599999999999,56.25,2000.0,6000.0,5119.2249731805805,0.1467958378032364,0.0,7733.136637858684,7694.603725029461,16733.136637858683,-7694.603725029461,-1,0.0,859.2,0.0,6,0.5,False,True,False,442.64802168333335,495.0,560.4474864833334,1.9633244133333327,23.70072463768116,457.94754631666666,495.0,555.5185728,1.626183774722222,22.875838070183068,False,,4.18
26101,30150,30234,110P04168,I66_WB,I-66,WESTBOUND,MD,6.0,24,3,0.19,1,65.38,75.0,9.62,71.0,True,45.76599999999999,56.25,2000.0,6000.0,,,0.0,2908.0860010971346,2533.846944898606,35908.08600109714,-2533.846944898606,-1,0.0,161.6,0.0,2,0.0833,False,True,False,,,,,,,,,,,False,,4.18
26101,30150,30234,110P04168,I66_WB,I-66,WESTBOUND,PM,4.0,16,3,0.19,1,65.38,75.0,9.62,71.0,True,45.76599999999999,56.25,2000.0,6000.0,,,8059.6433,0.0,0.0,24000.0,8059.6433,-1,671.6,0.0,,0,0.0,True,False,False,,,,,,,,,,,False,,4.18
26177,30172,30057,110P04170,I66_WB,I-66,WESTBOUND,AM,3.0,12,3,0.49,1,65.239,75.0,9.76,69.59,True,45.6673,56.25,2000.0,6000.0,,,0.0,0.0,0.0,18000.0,0.0,-1,0.0,0.0,,0,0.0,True,False,False,,,,,,,,,,,False,,4.0
26177,30172,30057,110P04170,I66_WB,I-66,WESTBOUND,MD,6.0,24,3,0.49,1,65.239,75.0,9.76,69.59,True,45.6673,56.25,2000.0,6000.0,,,0.0,0.0,0.0,36000.0,0.0,-1,0.0,0.0,,0,0.0,True,False,False,,,,,,,,,,,False,,4.0
26177,30172,30057,110P04170,I66_WB,I-66,WESTBOUND,PM,4.0,16,3,0.49,1,65.239,75.0,9.76,69.59,True,45.6673,56.25,2000.0,6000.0,,,7443.6912,0.0,0.0,24000.0,7443.6912,-1,620.3,0.0,,0,0.0,True,False,False,,,,,,,,,,,False,,4.0
26269,30199,30200,110P04127,I395_NB,I-395,NORTHBOUND,AM,3.0,12,3,0.21,2,62.1865,63.0,0.81,67.36,False,43.53055,47.25,1900.0,5700.0,,,19515.4687,0.0,0.0,17100.0,19515.4687,-1,2168.4,0.0,,0,0.0,False,False,True,,,,,,,,,,,False,,5.72
26269,30199,30200,110P04127,I395_NB,I-395,NORTHBOUND,MD,6.0,24,3,0.21,2,62.1865,63.0,0.81,67.36,False,43.53055,47.25,1900.0,5700.0,,,23499.3819,0.0,0.0,34200.0,23499.3819,-1,1305.5,0.0,,0,0.0,True,False,False,,,,,,,,,,,False,,5.72
26269,30199,30200,110P04127,I395_NB,I-395,NORTHBOUND,PM,4.0,16,3,0.21,2,62.1865,63.0,0.81,67.36,False,43.53055,47.25,1900.0,5700.0,,,18451.2718,0.0,0.0,22800.0,18451.2718,-1,1537.6,0.0,,0,0.0,True,False,False,,,,,,,,,,,False,,5.72
26271,30200,30432,110P04127,I395_NB,I-395,NORTHBOUND,AM,3.0,12,3,0.13,2,62.1865,63.0,0.81,67.36,False,43.53055,47.25,1900.0,5700.0,,,20879.6243,0.0,0.0,17100.0,20879.6243,-1,2320.0,0.0,,0,0.0,False,False,True,,,,,,,,,,,False,,5.72
26271,30200,30432,110P04127,I395_NB,I-395,NORTHBOUND,MD,6.0,24,3,0.13,2,62.1865,63.0,0.81,67.36,False,43.53055,47.25,1900.0,5700.0,,,24788.544,0.0,0.0,34200.0,24788.544,-1,1377.1,0.0,,0,0.0,True,False,False,,,,,,,,,,,False,,5.72
26271,30200,30432,110P04127,I395_NB,I-395,NORTHBOUND,PM,4.0,16,3,0.13,2,62.1865,63.0,0.81,67.36,False,43.53055,47.25,1900.0,5700.0,,,20700.1039,0.0,0.0,22800.0,20700.1039,-1,1725.0,0.0,,0,0.0,True,False,False,,,,,,,,,,,False,,5.72
26274,30202,30187,110+04670,I395_NB,I-395,NORTHBOUND,AM,3.0,12,3,0.3,1,62.25,63.0,0.75,67.32,False,43.575,47.25,1900.0,5700.0,,,14006.3108,0.0,0.0,17100.0,14006.3108,-1,1556.3,0.0,,0,0.0,True,False,False,,,,,,,,,,,False,,6.79
26274,30202,30187,110+04670,I395_NB,I-395,NORTHBOUND,MD,6.0,24,3,0.3,1,62.25,63.0,0.75,67.32,False,43.575,47.25,1900.0,5700.0,,,17367.6488,0.0,0.0,34200.0,17367.6488,-1,964.9,0.0,,0,0.0,True,False,False,,,,,,,,,,,False,,6.79
26274,30202,30187,110+04670,I395_NB,I-395,NORTHBOUND,PM,4.0,16,3,0.3,1,62.25,63.0,0.75,67.32,False,43.575,47.25,1900.0,5700.0,,,12993.4241,0.0,0.0,22800.0,12993.4241,-1,1082.8,0.0,,0,0.0,True,False,False,,,,,,,,,,,False,,6.79
26297,30207,30449,110P04128,I395_NB,I-395,NORTHBOUND,AM,3.0,12,3,0.17,1,58.1165,63.0,4.88,66.98,False,40.68155,47.25,1900.0,5700.0,4880.70437528218,0.1437360745118981,10549.4845,8567.133247776828,8562.648937565367,15692.133247776828,1986.8355624346327,-1,1172.2,951.9,1.231,7,0.5833,True,False,False,426.44410698333337,510.0,596.75172625,2.8384603211111115,19.482028985507245,444.0518510666667,510.0,586.4838650999999,,18.87616511511061,True,1.62,1.62
26297,30207,30449,110P04128,I395_NB,I-395,NORTHBOUND,MD,6.0,24,3,0.17,1,58.1165,63.0,4.88,66.98,False,40.68155,47.25,1900.0,5700.0,,,14844.0064,9519.7316645821,8625.873249804179,33744.7316645821,6218.133150195821,-1,824.7,528.9,1.559,7,0.2917,True,False,False,,,,,,,,,,,True,1.62,1.62
26297,30207,30449,110P04128,I395_NB,I-395,NORTHBOUND,PM,4.0,16,3,0.17,1,58.1165,63.0,4.88,66.98,False,40.68155,47.25,1900.0,5700.0,5002.367780599667,0.122391617438655,3732.1287,19267.59903135978,20009.638853652275,19267.59903135978,-16277.510153652274,-1,311.0,1605.6,0.194,16,1.0,False,True,False,847.83802195,1050.0,1195.4699030999998,5.7938646858333325,17.9568115942029,865.4572849,1050.0,1440.0,,18.595046055760765,True,1.62,1.62
26299,30208,30230,110P04166,I66_WB,I-66,WESTBOUND,AM,3.0,12,3,0.05,1,63.43,75.0,11.57,68.55,True,44.401,56.25,2000.0,6000.0,5791.329370931473,0.0347784381780877,0.0,7243.304841897077,7239.2511683658195,17743.30484189708,-7239.2511683658195,-1,0.0,804.8,0.0,5,0.4167,False,True,False,439.63810115,480.0,524.5433725666667,1.4150878569444445,34.46579710144928,459.9123676166666,480.0,514.2173836666667,0.9050836008333332,32.95836634369889,False,17.79,3.04
26299,30208,30230,110P04166,I66_WB,I-66,WESTBOUND,MD,6.0,24,3,0.05,1,63.43,75.0,11.57,68.55,True,44.401,56.25,2000.0,6000.0,5435.083172596048,0.0941528045673253,0.0,5054.0456574551445,5389.844409546137,35054.04565745514,-5389.844409546137,-1,0.0,280.8,0.0,4,0.1667,False,True,False,827.2137833166666,870.0,906.1810620666668,1.3161213125000002,21.59159420289855,,,,,,False,17.79,3.04
26299,30208,30230,110P04166,I66_WB,I-66,WESTBOUND,PM,4.0,16,3,0.05,1,63.43,75.0,11.57,68.55,True,44.401,56.25,2000.0,6000.0,,,5287.4945,1499.5283422227892,1358.7707876546658,23999.528342222788,3928.723712345334,-1,440.6,125.0,3.526,1,0.0625,True,False,False,,,,,,,,,,,False,17.79,3.04
26304,30210,30113,110P04164,I66_WB,I-66,WESTBOUND,AM,3.0,12,2,0.18,1,55.89,75.0,19.11,61.31,True,39.123,56.25,2000.0,4000.0,,,0.0,0.0,0.0,12000.0,0.0,-1,0.0,0.0,,0,0.0,True,False,False,,,,,,,,,,,False,,2.61
26304,30210,30113,110P04164,I66_WB,I-66,WESTBOUND,MD,6.0,24,2,0.18,1,55.89,75.0,19.11,61.31,True,39.123,56.25,2000.0,4000.0,,,0.0,0.0,0.0,24000.0,0.0,-1,0.0,0.0,,0,0.0,True,False,False,,,,,,,,,,,False,,2.61
26304,30210,30113,110P04164,I66_WB,I-66,WESTBOUND,PM,4.0,16,2,0.18,1,55.89,75.0,19.11,61.31,True,39.123,56.25,2000.0,4000.0,,,3916.9394,0.0,0.0,16000.0,3916.9394,-1,489.6,0.0,,0,0.0,True,False,False,,,,,,,,,,,False,,2.61
26313,30212,30103,110P04162,I66_WB,I-66,WESTBOUND,AM,3.0,12,2,0.18,1,51.45,63.0,11.55,57.82,True,36.015,47.25,1900.0,3800.0,,,4782.5354,0.0,0.0,11400.0,4782.5354,-1,797.1,0.0,,0,0.0,True,False,False,,,,,,,,,,,False,,4.17
26313,30212,30103,110P04162,I66_WB,I-66,WESTBOUND,MD,6.0,24,2,0.18,1,51.45,63.0,11.55,57.82,True,36.015,47.25,1900.0,3800.0,,,10509.3451,0.0,0.0,22800.0,10509.3451,-1,875.8,0.0,,0,0.0,True,False,False,,,,,,,,,,,False,,4.17
26313,30212,30103,110P04162,I66_WB,I-66,WESTBOUND,PM,4.0,16,2,0.18,1,51.45,63.0,11.55,57.82,True,36.015,47.25,1900.0,3800.0,,,5997.6828,0.0,0.0,15200.0,5997.6828,-1,749.7,0.0,,0,0.0,True,False,False,,,,,,,,,,,False,,4.17
26354,30227,30110,110P04165,I66_WB,I-66,WESTBOUND,AM,3.0,12,2,0.55,1,58.4465,75.0,16.55,64.05,True,40.91255,56.25,2000.0,4000.0,,,0.0,0.0,0.0,12000.0,0.0,-1,0.0,0.0,,0,0.0,True,False,False,,,,,,,,,,,False,,2.75
26354,30227,30110,110P04165,I66_WB,I-66,WESTBOUND,MD,6.0,24,2,0.55,1,58.4465,75.0,16.55,64.05,True,40.91255,56.25,2000.0,4000.0,,,0.0,0.0,0.0,24000.0,0.0,-1,0.0,0.0,,0,0.0,True,False,False,,,,,,,,,,,False,,2.75
26354,30227,30110,110P04165,I66_WB,I-66,WESTBOUND,PM,4.0,16,2,0.55,1,58.4465,75.0,16.55,64.05,True,40.91255,56.25,2000.0,4000.0,,,3916.9394,0.0,0.0,16000.0,3916.9394,-1,489.6,0.0,,0,0.0,True,False,False,,,,,,,,,,,False,,2.75
26359,30230,30136,110+04167,I66_WB,I-66,WESTBOUND,AM,3.0,12,3,0.8,1,63.6565,75.0,11.34,69.44,True,44.55955,56.25,2000.0,6000.0,5672.9955534829005,0.0545007410861833,0.0,8571.326743956746,8487.86173724447,17571.326743956746,-8487.86173724447,-1,0.0,952.4,0.0,6,0.5,False,True,False,436.96640843333336,480.0,539.1057181,1.7023218277777776,32.59478260869566,461.0630636833333,480.0,525.2618779833333,1.0699802383333334,35.01456703025583,False,0.02,3.77
26359,30230,30136,110+04167,I66_WB,I-66,WESTBOUND,MD,6.0,24,3,0.8,1,63.6565,75.0,11.34,69.44,True,44.55955,56.25,2000.0,6000.0,5715.111580596292,0.0474814032339513,0.0,6915.7889518445045,7172.743210606906,35415.7889518445,-7172.743210606906,-1,0.0,384.2,0.0,5,0.2083,False,True,False,813.5306413333333,870.0,904.8322971,1.521694262777778,26.79652173913043,838.1812069,870.0,901.9152825666666,1.0622345944444445,24.80416289816988,False,0.02,3.77
26359,30230,30136,110+04167,I66_WB,I-66,WESTBOUND,PM,4.0,16,3,0.8,1,63.6565,75.0,11.34,69.44,True,44.55955,56.25,2000.0,6000.0,,,5287.4945,1499.869386488496,1245.296273861493,23999.86938648849,4042.1982261385065,-1,440.6,125.0,3.525,1,0.0625,True,False,False,,,,,,,,,,,False,0.02,3.77
26370,30234,30172,110+04169,I66_WB,I-66,WESTBOUND,AM,3.0,12,3,1.62,1,65.173,75.0,9.83,72.06,True,45.6211,56.25,2000.0,6000.0,5057.891048748617,0.1570181585418971,0.0,8775.625825701298,9042.854295982404,16275.625825701298,-9042.854295982404,-1,0.0,975.1,0.0,7,0.5833,False,True,False,431.3533986,495.0,598.4598140166667,2.785106923611111,21.774637681159422,443.46790031666666,495.0,587.77543795,2.4051256272222217,20.60105789492335,False,3.96,3.4
26370,30234,30172,110+04169,I66_WB,I-66,WESTBOUND,MD,6.0,24,3,1.62,1,65.173,75.0,9.83,72.06,True,45.6211,56.25,2000.0,6000.0,5769.045286866416,0.0384924521889306,0.0,14078.451945024872,13670.678885429845,35078.45194502487,-13670.678885429845,-1,0.0,782.1,0.0,10,0.4167,False,True,False,806.7686490166667,885.0,916.1106355166668,1.8223664416666667,28.076666666666668,831.4297402333334,885.0,909.7955138333332,1.3060962266666667,29.718104050119845,False,3.96,3.4
26370,30234,30172,110+04169,I66_WB,I-66,WESTBOUND,PM,4.0,16,3,1.62,1,65.173,75.0,9.83,72.06,True,45.6211,56.25,2000.0,6000.0,,,8059.6433,2782.8363321753177,2427.920425373256,23782.83633217532,5631.722874626744,-1,671.6,231.9,2.896,2,0.125,True,False,False,,,,,,,,,,,False,3.96,3.4
26380,30237,30208,110+04166,I66_WB,I-66,WESTBOUND,AM,3.0,12,2,0.88,2,61.7,75.0,13.3,68.23,True,43.19,56.25,2000.0,4000.0,,,0.0,0.0,0.0,12000.0,0.0,-1,0.0,0.0,,0,0.0,True,False,False,,,,,,,,,,,False,9.87,2.56
26380,30237,30208,110+04166,I66_WB,I-66,WESTBOUND,MD,6.0,24,2,0.88,2,61.7,75.0,13.3,68.23,True,43.19,56.25,2000.0,4000.0,3652.1079500128735,0.0869730124967815,0.0,2730.0887659152936,2731.56348885028,23730.08876591529,-2731.56348885028,-1,0.0,227.5,0.0,3,0.125,False,True,False,846.51760015,870.0,901.0065252666668,0.9081487519444444,30.873478260869565,,,,,,False,9.87,2.56
26380,30237,30208,110+04166,I66_WB,I-66,WESTBOUND,PM,4.0,16,2,0.88,2,61.7,75.0,13.3,68.23,True,43.19,56.25,2000.0,4000.0,,,4375.8469,954.689419288613,831.2107335888512,15954.689419288614,3544.636166411148,-1,547.0,119.3,4.584,1,0.0625,True,False,False,,,,,,,,,,,False,9.87,2.56
26423,30249,30413,110+04126,I395_NB,I-395,NORTHBOUND,AM,3.0,12,4,0.08,1,65.51950000000001,63.0,-2.52,70.35,False,45.86365,47.25,1900.0,7600.0,,,20783.8675,0.0,0.0,22800.0,20783.8675,-1,1732.0,0.0,,0,0.0,True,False,False,,,,,,,,,,,False,,11.86
26423,30249,30413,110+04126,I395_NB,I-395,NORTHBOUND,MD,6.0,24,4,0.08,1,65.51950000000001,63.0,-2.52,70.35,False,45.86365,47.25,1900.0,7600.0,,,27045.4028,0.0,0.0,45600.0,27045.4028,-1,1126.9,0.0,,0,0.0,True,False,False,,,,,,,,,,,False,,11.86
26423,30249,30413,110+04126,I395_NB,I-395,NORTHBOUND,PM,4.0,16,4,0.08,1,65.51950000000001,63.0,-2.52,70.35,False,45.86365,47.25,1900.0,7600.0,,,18403.7133,0.0,0.0,30400.0,18403.7133,-1,1150.2,0.0,,0,0.0,True,False,False,,,,,,,,,,,False,,11.86
26424,30250,30199,110+04127,I395_NB,I-395,NORTHBOUND,AM,3.0,12,4,0.82,2,66.15,63.0,-3.15,69.86,False,46.305,47.25,1900.0,7600.0,,,17654.8321,0.0,0.0,22800.0,17654.8321,-1,1471.2,0.0,,0,0.0,True,False,False,,,,,,,,,,,False,,6.7
26424,30250,30199,110+04127,I395_NB,I-395,NORTHBOUND,MD,6.0,24,4,0.82,2,66.15,63.0,-3.15,69.86,False,46.305,47.25,1900.0,7600.0,,,21234.3931,0.0,0.0,45600.0,21234.3931,-1,884.8,0.0,,0,0.0,True,False,False,,,,,,,,,,,False,,6.7
26424,30250,30199,110+04127,I395_NB,I-395,NORTHBOUND,PM,4.0,16,4,0.82,2,66.15,63.0,-3.15,69.86,False,46.305,47.25,1900.0,7600.0,,,15129.1396,0.0,0.0,30400.0,15129.1396,-1,945.6,0.0,,0,0.0,True,False,False,,,,,,,,,,,False,,6.7
26469,30268,30364,110P04130,I395_NB,I-395,NORTHBOUND,AM,3.0,12,6,0.2,1,52.147,63.0,10.85,60.24,True,36.5029,47.25,1900.0,11400.0,,,18826.7118,28463.097160463072,30045.47474141931,28463.097160463072,-11218.76294141931,-1,1045.9,1581.3,0.661,12,1.0,False,True,False,,,,,,,,,,,True,0.46,0.46
26469,30268,30364,110P04130,I395_NB,I-395,NORTHBOUND,MD,6.0,24,6,0.2,1,52.147,63.0,10.85,60.24,True,36.5029,47.25,1900.0,11400.0,,,26864.8373,61194.64746889423,59989.42384574066,61194.64746889423,-33124.58654574066,-1,746.2,1699.9,0.439,24,1.0,False,True,False,,,,,,,,,,,True,0.46,0.46
26469,30268,30364,110P04130,I395_NB,I-395,NORTHBOUND,PM,4.0,16,6,0.2,1,52.147,63.0,10.85,60.24,True,36.5029,47.25,1900.0,11400.0,9987.711874681678,0.123884923273537,18261.7982,29169.63847713759,39879.63374998124,29169.63847713759,-21617.835549981235,-1,760.9,1215.4,0.626,16,1.0,False,True,False,355.4539395833333,960.0,1306.4196003333334,15.849427679166666,9.665652173913044,370.73944846666666,945.0,1440.0,,9.587140825871847,True,0.46,0.46
26471,30268,30455,110N04129,I395_SB,I-395,SOUTHBOUND,AM,3.0,12,3,0.14,1,53.6565,63.0,9.34,60.24,True,37.55955,47.25,1900.0,5700.0,,,8896.3266,0.0,0.0,17100.0,8896.3266,-1,988.5,0.0,,0,0.0,True,False,False,,,,,,,,,,,False,,10.47
26471,30268,30455,110N04129,I395_SB,I-395,SOUTHBOUND,MD,6.0,24,3,0.14,1,53.6565,63.0,9.34,60.24,True,37.55955,47.25,1900.0,5700.0,,,16916.8197,0.0,0.0,34200.0,16916.8197,-1,939.8,0.0,,0,0.0,True,False,False,,,,,,,,,,,False,,10.47
26471,30268,30455,110N04129,I395_SB,I-395,SOUTHBOUND,PM,4.0,16,3,0.14,1,53.6565,63.0,9.34,60.24,True,37.55955,47.25,1900.0,5700.0,,,16182.1656,0.0,0.0,22800.0,16182.1656,-1,1348.5,0.0,,0,0.0,True,False,False,,,,,,,,,,,False,,10.47
26501,30281,30268,110+04130,I395_NB,I-395,NORTHBOUND,AM,3.0,12,3,0.15,1,52.70299999999998,63.0,10.3,60.63,True,36.89209999999999,47.25,1900.0,5700.0,,,10677.7245,13081.48197661338,13596.434302924315,14506.48197661338,-2918.709802924315,-1,1186.4,1453.5,0.816,11,0.9167,False,True,False,,,,,,,,,,,True,0.62,0.62
26501,30281,30268,110+04130,I395_NB,I-395,NORTHBOUND,MD,6.0,24,3,0.15,1,52.70299999999998,63.0,10.3,60.63,True,36.89209999999999,47.25,1900.0,5700.0,,,15204.1296,31615.299751190072,29618.72253086956,31615.299751190072,-14414.592930869556,-1,844.7,1756.4,0.481,24,1.0,False,True,False,,,,,,,,,,,True,0.62,0.62
26501,30281,30268,110+04130,I395_NB,I-395,NORTHBOUND,PM,4.0,16,3,0.15,1,52.70299999999998,63.0,10.3,60.63,True,36.89209999999999,47.25,1900.0,5700.0,4933.040576952122,0.1345542847452417,4694.0132,14386.042538901556,19709.23229116844,14386.042538901556,-15015.21909116844,-1,391.2,1198.8,0.326,16,1.0,False,True,False,371.1439082666666,1050.0,1235.1132815833334,14.399489555277777,9.428985507246376,387.4261511833334,1035.0,1440.0,,9.612598425804478,True,0.62,0.62
26684,30350,30445,110-04127,I395_SB,I-395,SOUTHBOUND,AM,3.0,12,3,0.07,1,60.0465,63.0,2.95,64.31,False,42.03255,47.25,1900.0,5700.0,,,6088.4824,0.0,0.0,17100.0,6088.4824,-1,676.5,0.0,,0,0.0,True,False,False,,,,,,,,,,,False,,6.84
26684,30350,30445,110-04127,I395_SB,I-395,SOUTHBOUND,MD,6.0,24,3,0.07,1,60.0465,63.0,2.95,64.31,False,42.03255,47.25,1900.0,5700.0,,,11901.8514,0.0,0.0,34200.0,11901.8514,-1,661.2,0.0,,0,0.0,True,False,False,,,,,,,,,,,False,,6.84
26684,30350,30445,110-04127,I395_SB,I-395,SOUTHBOUND,PM,4.0,16,3,0.07,1,60.0465,63.0,2.95,64.31,False,42.03255,47.25,1900.0,5700.0,,,12394.635,0.0,0.0,22800.0,12394.635,-1,1032.9,0.0,,0,0.0,True,False,False,,,,,,,,,,,False,,6.84
26699,30357,30441,110N04127,I395_SB,I-395,SOUTHBOUND,AM,3.0,12,3,0.1,5,60.8665,63.0,2.13,65.82,False,42.60655,47.25,1900.0,5700.0,,,8531.1348,0.0,0.0,17100.0,8531.1348,-1,947.9,0.0,,0,0.0,True,False,False,,,,,,,,,,,True,1.84,1.84
26699,30357,30441,110N04127,I395_SB,I-395,SOUTHBOUND,MD,6.0,24,3,0.1,5,60.8665,63.0,2.13,65.82,False,42.60655,47.25,1900.0,5700.0,,,17235.6809,0.0,0.0,34200.0,17235.6809,-1,957.5,0.0,,0,0.0,True,False,False,,,,,,,,,,,True,1.84,1.84
26699,30357,30441,110N04127,I395_SB,I-395,SOUTHBOUND,PM,4.0,16,3,0.1,5,60.8665,63.0,2.13,65.82,False,42.60655,47.25,1900.0,5700.0,4837.55136234609,0.1513067785357736,19020.0665,19886.22869038215,19347.45789015659,19886.22869038215,-327.3913901565902,-1,1585.0,1657.2,0.956,16,1.0,False,True,False,897.1820547666666,1005.0,1132.2480757833332,3.917767016944445,21.192318840579706,908.4741732333332,1020.0,1440.0,,21.64131205340081,True,1.84,1.84
26708,30362,30401,110+04125,I395_NB,I-395,NORTHBOUND,AM,3.0,12,4,0.07,1,68.08,63.0,-5.08,71.99,False,47.656,47.25,1900.0,7600.0,,,21048.796,0.0,0.0,22800.0,21048.796,-1,1754.1,0.0,,0,0.0,True,False,False,,,,,,,,,,,False,,9.86
26708,30362,30401,110+04125,I395_NB,I-395,NORTHBOUND,MD,6.0,24,4,0.07,1,68.08,63.0,-5.08,71.99,False,47.656,47.25,1900.0,7600.0,,,29356.2811,0.0,0.0,45600.0,29356.2811,-1,1223.2,0.0,,0,0.0,True,False,False,,,,,,,,,,,False,,9.86
26708,30362,30401,110+04125,I395_NB,I-395,NORTHBOUND,PM,4.0,16,4,0.07,1,68.08,63.0,-5.08,71.99,False,47.656,47.25,1900.0,7600.0,,,20202.1909,0.0,0.0,30400.0,20202.1909,-1,1262.6,0.0,,0,0.0,True,False,False,,,,,,,,,,,False,,9.86
26712,30364,30268,110N04130,I395_SB,I-395,SOUTHBOUND,AM,3.0,12,6,0.2,1,53.67099999999999,63.0,9.33,61.7,True,37.56969999999999,47.25,1900.0,11400.0,,,14023.747,0.0,0.0,34200.0,14023.747,-1,779.1,0.0,,0,0.0,True,False,False,,,,,,,,,,,False,,13.1
26712,30364,30268,110N04130,I395_SB,I-395,SOUTHBOUND,MD,6.0,24,6,0.2,1,53.67099999999999,63.0,9.33,61.7,True,37.56969999999999,47.25,1900.0,11400.0,,,27832.8343,0.0,0.0,68400.0,27832.8343,-1,773.1,0.0,,0,0.0,True,False,False,,,,,,,,,,,False,,13.1
26712,30364,30268,110N04130,I395_SB,I-395,SOUTHBOUND,PM,4.0,16,6,0.2,1,53.67099999999999,63.0,9.33,61.7,True,37.56969999999999,47.25,1900.0,11400.0,,,27677.1328,0.0,0.0,45600.0,27677.1328,-1,1153.2,0.0,,0,0.0,True,False,False,,,,,,,,,,,False,,13.1
26756,30397,30362,110P04124,I395_NB,I-395,NORTHBOUND,AM,3.0,12,4,0.35,2,67.23,63.0,-4.23,71.16,False,47.061,47.25,1900.0,7600.0,7416.2639390716895,0.0241757974905671,21048.796,16552.473283693766,16709.216375473152,22252.47328369377,4339.579624526847,-1,1754.1,1379.4,1.272,9,0.75,True,False,False,400.49127123333335,480.0,563.2780871833334,2.713113599166667,36.026811594202904,418.97790406666667,495.0,555.7575383999999,2.2796605722222223,35.6908031963892,False,,17.36
26756,30397,30362,110P04124,I395_NB,I-395,NORTHBOUND,MD,6.0,24,4,0.35,2,67.23,63.0,-4.23,71.16,False,47.061,47.25,1900.0,7600.0,,,29356.2811,3785.425593660111,3685.882302304768,45585.42559366011,25670.398797695238,-1,1223.2,157.7,7.755,2,0.0833,True,False,False,,,,,,,,,,,False,,17.36
26756,30397,30362,110P04124,I395_NB,I-395,NORTHBOUND,PM,4.0,16,4,0.35,2,67.23,63.0,-4.23,71.16,False,47.061,47.25,1900.0,7600.0,,,20202.1909,0.0,0.0,30400.0,20202.1909,-1,1262.6,0.0,,0,0.0,True,False,False,,,,,,,,,,,False,,17.36
26759,30400,32266,110N04124,I395_SB,I-395,SOUTHBOUND,AM,3.0,12,4,0.28,2,62.2265,63.0,0.77,68.54,False,43.55855,47.25,1900.0,7600.0,,,11440.7239,0.0,0.0,22800.0,11440.7239,-1,953.4,0.0,,0,0.0,True,False,False,,,,,,,,,,,False,2.55,4.06
26759,30400,32266,110N04124,I395_SB,I-395,SOUTHBOUND,MD,6.0,24,4,0.28,2,62.2265,63.0,0.77,68.54,False,43.55855,47.25,1900.0,7600.0,,,23035.7813,0.0,0.0,45600.0,23035.7813,-1,959.8,0.0,,0,0.0,True,False,False,,,,,,,,,,,False,2.55,4.06
26759,30400,32266,110N04124,I395_SB,I-395,SOUTHBOUND,PM,4.0,16,4,0.28,2,62.2265,63.0,0.77,68.54,False,43.55855,47.25,1900.0,7600.0,7301.128401458222,0.0393252103344445,28125.6096,25395.74349945708,25554.0100292057,29195.74349945708,2571.5995707943,-1,1757.9,1587.2,1.107,14,0.875,True,False,False,901.2669475333332,945.0,1115.0727488666666,3.563430022222222,29.326666666666668,924.73543035,960.0,1110.1090336999998,3.089560055833333,28.00722121226385,False,2.55,4.06
26761,30401,30406,110P04125,I395_NB,I-395,NORTHBOUND,AM,3.0,12,4,0.35,2,67.81,63.0,-4.81,71.39,False,47.467,47.25,1900.0,7600.0,,,19563.1224,0.0,0.0,22800.0,19563.1224,-1,1630.3,0.0,,0,0.0,True,False,False,,,,,,,,,,,False,,8.79
26761,30401,30406,110P04125,I395_NB,I-395,NORTHBOUND,MD,6.0,24,4,0.35,2,67.81,63.0,-4.81,71.39,False,47.467,47.25,1900.0,7600.0,,,25441.6731,0.0,0.0,45600.0,25441.6731,-1,1060.1,0.0,,0,0.0,True,False,False,,,,,,,,,,,False,,8.79
26761,30401,30406,110P04125,I395_NB,I-395,NORTHBOUND,PM,4.0,16,4,0.35,2,67.81,63.0,-4.81,71.39,False,47.467,47.25,1900.0,7600.0,,,17077.2891,0.0,0.0,30400.0,17077.2891,-1,1067.3,0.0,,0,0.0,True,False,False,,,,,,,,,,,False,,8.79
26764,30404,30400,110-04124,I395_SB,I-395,SOUTHBOUND,AM,3.0,12,4,0.29,1,61.763000000000005,63.0,1.24,67.57,False,43.2341,47.25,1900.0,7600.0,,,11440.7239,0.0,0.0,22800.0,11440.7239,-1,953.4,0.0,,0,0.0,True,False,False,,,,,,,,,,,False,2.31,3.98
26764,30404,30400,110-04124,I395_SB,I-395,SOUTHBOUND,MD,6.0,24,4,0.29,1,61.763000000000005,63.0,1.24,67.57,False,43.2341,47.25,1900.0,7600.0,,,23035.7813,0.0,0.0,45600.0,23035.7813,-1,959.8,0.0,,0,0.0,True,False,False,,,,,,,,,,,False,2.31,3.98
26764,30404,30400,110-04124,I395_SB,I-395,SOUTHBOUND,PM,4.0,16,4,0.29,1,61.763000000000005,63.0,1.24,67.57,False,43.2341,47.25,1900.0,7600.0,7109.1196972930165,0.0645895135140768,28125.6096,25129.41909319825,24881.883860797003,28929.41909319825,3243.725739202997,-1,1757.9,1570.6,1.119,14,0.875,True,False,False,903.4074311,1050.0,1121.8552302833334,3.6407966530555553,29.523623188405796,925.0913241,1050.0,1110.2462027833333,3.085914644722222,29.174047738883907,False,2.31,3.98
26768,30406,30249,110P04125,I395_NB,I-395,NORTHBOUND,AM,3.0,12,4,0.28,2,67.81,63.0,-4.81,71.39,False,47.467,47.25,1900.0,7600.0,,,20783.8675,0.0,0.0,22800.0,20783.8675,-1,1732.0,0.0,,0,0.0,True,False,False,,,,,,,,,,,False,,8.79
26768,30406,30249,110P04125,I395_NB,I-395,NORTHBOUND,MD,6.0,24,4,0.28,2,67.81,63.0,-4.81,71.39,False,47.467,47.25,1900.0,7600.0,,,27045.4028,0.0,0.0,45600.0,27045.4028,-1,1126.9,0.0,,0,0.0,True,False,False,,,,,,,,,,,False,,8.79
26768,30406,30249,110P04125,I395_NB,I-395,NORTHBOUND,PM,4.0,16,4,0.28,2,67.81,63.0,-4.81,71.39,False,47.467,47.25,1900.0,7600.0,,,18403.7133,0.0,0.0,30400.0,18403.7133,-1,1150.2,0.0,,0,0.0,True,False,False,,,,,,,,,,,False,,8.79
26772,30409,30404,110N04125,I395_SB,I-395,SOUTHBOUND,AM,3.0,12,4,0.23,2,63.78,63.0,-0.78,68.62,False,44.646,47.25,1900.0,7600.0,,,10051.0644,0.0,0.0,22800.0,10051.0644,-1,837.6,0.0,,0,0.0,True,False,False,,,,,,,,,,,False,2.38,4.06
26772,30409,30404,110N04125,I395_SB,I-395,SOUTHBOUND,MD,6.0,24,4,0.23,2,63.78,63.0,-0.78,68.62,False,44.646,47.25,1900.0,7600.0,,,19558.6565,0.0,0.0,45600.0,19558.6565,-1,814.9,0.0,,0,0.0,True,False,False,,,,,,,,,,,False,2.38,4.06
26772,30409,30404,110N04125,I395_SB,I-395,SOUTHBOUND,PM,4.0,16,4,0.23,2,63.78,63.0,-0.78,68.62,False,44.646,47.25,1900.0,7600.0,6969.082179405296,0.0830155027098293,24194.0844,24838.844992164195,24391.912798563382,28638.844992164195,-197.82839856338612,-1,1512.1,1552.4,0.974,14,0.875,False,True,False,905.9613655833332,1050.0,1120.1400634166666,3.569644963888889,29.04405797101449,925.2962336666666,1050.0,1108.98122795,3.061416571388889,28.919445480550795,False,2.38,4.06
26776,30412,30409,110N04125,I395_SB,I-395,SOUTHBOUND,AM,3.0,12,4,0.25,2,63.78,63.0,-0.78,68.62,False,44.646,47.25,1900.0,7600.0,,,11157.4341,0.0,0.0,22800.0,11157.4341,-1,929.8,0.0,,0,0.0,True,False,False,,,,,,,,,,,False,2.38,4.06
26776,30412,30409,110N04125,I395_SB,I-395,SOUTHBOUND,MD,6.0,24,4,0.25,2,63.78,63.0,-0.78,68.62,False,44.646,47.25,1900.0,7600.0,,,21754.1559,0.0,0.0,45600.0,21754.1559,-1,906.4,0.0,,0,0.0,True,False,False,,,,,,,,,,,False,2.38,4.06
26776,30412,30409,110N04125,I395_SB,I-395,SOUTHBOUND,PM,4.0,16,4,0.25,2,63.78,63.0,-0.78,68.62,False,44.646,47.25,1900.0,7600.0,6969.082179405296,0.0830155027098293,25316.5534,24838.844992164195,24391.92368274636,28638.844992164195,924.6297172536396,-1,1582.3,1552.4,1.019,14,0.875,True,False,False,905.9613655833332,1050.0,1120.1400634166666,3.569644963888889,29.04405797101449,925.2962336666666,1050.0,1108.9812274166666,3.0614165625000003,28.91944552086251,False,2.38,4.06
26778,30413,30418,110P04126,I395_NB,I-395,NORTHBOUND,AM,3.0,12,4,0.4,1,64.69,63.0,-1.69,68.71,False,45.283,47.25,1900.0,7600.0,,,17263.8016,0.0,0.0,22800.0,17263.8016,-1,1438.7,0.0,,0,0.0,True,False,False,,,,,,,,,,,False,,10.43
26778,30413,30418,110P04126,I395_NB,I-395,NORTHBOUND,MD,6.0,24,4,0.4,1,64.69,63.0,-1.69,68.71,False,45.283,47.25,1900.0,7600.0,,,20524.3619,0.0,0.0,45600.0,20524.3619,-1,855.2,0.0,,0,0.0,True,False,False,,,,,,,,,,,False,,10.43
26778,30413,30418,110P04126,I395_NB,I-395,NORTHBOUND,PM,4.0,16,4,0.4,1,64.69,63.0,-1.69,68.71,False,45.283,47.25,1900.0,7600.0,,,14751.2582,0.0,0.0,30400.0,14751.2582,-1,922.0,0.0,,0,0.0,True,False,False,,,,,,,,,,,False,,10.43
26781,30416,30412,110-04125,I395_SB,I-395,SOUTHBOUND,AM,3.0,12,4,0.08,1,65.3565,63.0,-2.36,69.25,False,45.74954999999999,47.25,1900.0,7600.0,,,11157.4341,0.0,0.0,22800.0,11157.4341,-1,929.8,0.0,,0,0.0,True,False,False,,,,,,,,,,,False,4.42,5.32
26781,30416,30412,110-04125,I395_SB,I-395,SOUTHBOUND,MD,6.0,24,4,0.08,1,65.3565,63.0,-2.36,69.25,False,45.74954999999999,47.25,1900.0,7600.0,,,21754.1559,0.0,0.0,45600.0,21754.1559,-1,906.4,0.0,,0,0.0,True,False,False,,,,,,,,,,,False,4.42,5.32
26781,30416,30412,110-04125,I395_SB,I-395,SOUTHBOUND,PM,4.0,16,4,0.08,1,65.3565,63.0,-2.36,69.25,False,45.74954999999999,47.25,1900.0,7600.0,6940.7640139999485,0.0867415771052699,25316.5534,26618.8795731637,26022.573475196976,28518.8795731637,-706.0200751969751,-1,1582.3,1663.7,0.951,15,0.9375,False,True,False,900.45145145,975.0,1125.9300093166669,3.757975964444444,29.63536231884058,924.9792247666668,960.0,1100.01760205,2.917306288055556,29.27286340538354,False,4.42,5.32
26785,30418,30250,110+04127,I395_NB,I-395,NORTHBOUND,AM,3.0,12,4,0.16,2,66.15,69.0,2.85,69.86,False,46.305,51.75,2000.0,8000.0,,,17654.8321,0.0,0.0,24000.0,17654.8321,-1,1471.2,0.0,,0,0.0,True,False,False,,,,,,,,,,,False,,6.7
26785,30418,30250,110+04127,I395_NB,I-395,NORTHBOUND,MD,6.0,24,4,0.16,2,66.15,69.0,2.85,69.86,False,46.305,51.75,2000.0,8000.0,,,21234.3931,0.0,0.0,48000.0,21234.3931,-1,884.8,0.0,,0,0.0,True,False,False,,,,,,,,,,,False,,6.7
26785,30418,30250,110+04127,I395_NB,I-395,NORTHBOUND,PM,4.0,16,4,0.16,2,66.15,69.0,2.85,69.86,False,46.305,51.75,2000.0,8000.0,,,15129.1396,0.0,0.0,32000.0,15129.1396,-1,945.6,0.0,,0,0.0,True,False,False,,,,,,,,,,,False,,6.7
26788,30421,30416,110N04126,I395_SB,I-395,SOUTHBOUND,AM,3.0,12,4,0.57,2,65.73,63.0,-2.73,69.68,False,46.011,47.25,1900.0,7600.0,,,9694.4775,0.0,0.0,22800.0,9694.4775,-1,807.9,0.0,,0,0.0,True,False,False,,,,,,,,,,,True,1.2,1.2
26788,30421,30416,110N04126,I395_SB,I-395,SOUTHBOUND,MD,6.0,24,4,0.57,2,65.73,63.0,-2.73,69.68,False,46.011,47.25,1900.0,7600.0,,,18816.7679,1896.6575109379623,1764.2106079703526,45596.65751093796,17052.557292029647,-1,784.0,79.0,9.921,1,0.0417,True,False,False,,,,,,,,,,,True,1.2,1.2
26788,30421,30416,110N04126,I395_SB,I-395,SOUTHBOUND,PM,4.0,16,4,0.57,2,65.73,63.0,-2.73,69.68,False,46.011,47.25,1900.0,7600.0,6940.6705193088255,0.0867538790383124,21256.295,28124.76131450264,27734.56449251844,28124.76131450264,-6478.2694925184405,-1,1328.5,1757.8,0.756,16,1.0,False,True,False,881.2733876666666,960.0,1136.25099045,4.249626713055555,29.140869565217383,898.8257553333333,960.0,1440.0,,28.99651897331037,True,1.2,1.2
26792,30424,30421,110N04126,I395_SB,I-395,SOUTHBOUND,AM,3.0,12,4,0.05,2,65.73,63.0,-2.73,69.68,False,46.011,47.25,1900.0,7600.0,,,10003.9372,0.0,0.0,22800.0,10003.9372,-1,833.7,0.0,,0,0.0,True,False,False,,,,,,,,,,,True,1.07,1.07
26792,30424,30421,110N04126,I395_SB,I-395,SOUTHBOUND,MD,6.0,24,4,0.05,2,65.73,63.0,-2.73,69.68,False,46.011,47.25,1900.0,7600.0,,,19775.4015,1896.6575109379623,1737.8851058394168,45596.65751093796,18037.516394160582,-1,824.0,79.0,10.426,1,0.0417,True,False,False,,,,,,,,,,,True,1.07,1.07
26792,30424,30421,110N04126,I395_SB,I-395,SOUTHBOUND,PM,4.0,16,4,0.05,2,65.73,63.0,-2.73,69.68,False,46.011,47.25,1900.0,7600.0,6940.6705193088255,0.0867538790383124,21743.5893,28124.76131450264,27760.0421011805,28124.76131450264,-6016.452801180501,-1,1359.0,1757.8,0.773,16,1.0,False,True,False,881.2733876666666,960.0,1136.25099045,4.249626713055555,29.140869565217383,898.24288155,960.0,1440.0,,28.83877467347476,True,1.07,1.07
26796,30427,30424,110-04126,I395_SB,I-395,SOUTHBOUND,AM,3.0,12,4,0.76,1,66.12,63.0,-3.12,69.8,False,46.284,47.25,1900.0,7600.0,,,10003.9372,0.0,0.0,22800.0,10003.9372,-1,833.7,0.0,,0,0.0,True,False,False,,,,,,,,,,,True,0.41,0.41
26796,30427,30424,110-04126,I395_SB,I-395,SOUTHBOUND,MD,6.0,24,4,0.76,1,66.12,63.0,-3.12,69.8,False,46.284,47.25,1900.0,7600.0,,,19775.4015,3745.361079182346,3208.845726631469,45545.361079182345,16566.55577336853,-1,824.0,156.1,5.28,2,0.0833,True,False,False,,,,,,,,,,,True,0.41,0.41
26796,30427,30424,110-04126,I395_SB,I-395,SOUTHBOUND,PM,4.0,16,4,0.76,1,66.12,63.0,-3.12,69.8,False,46.284,47.25,1900.0,7600.0,6261.724908948344,0.1760888277699547,21743.5893,25464.457679914296,24990.081422362844,25464.457679914296,-3246.4921223628444,-1,1359.0,1591.5,0.854,16,1.0,False,True,False,868.71550915,945.0,1142.1737277,4.557636975833334,21.2572463768116,882.36268115,945.0,1440.0,,20.98354903113685,True,0.41,0.41
26799,30430,30427,110N04127,I395_SB,I-395,SOUTHBOUND,AM,3.0,12,3,0.24,5,60.8665,63.0,2.13,65.82,False,42.60655,47.25,1900.0,5700.0,,,11577.5026,0.0,0.0,17100.0,11577.5026,-1,1286.4,0.0,,0,0.0,True,False,False,,,,,,,,,,,True,1.84,1.84
26799,30430,30427,110N04127,I395_SB,I-395,SOUTHBOUND,MD,6.0,24,3,0.24,5,60.8665,63.0,2.13,65.82,False,42.60655,47.25,1900.0,5700.0,,,22630.4836,0.0,0.0,34200.0,22630.4836,-1,1257.2,0.0,,0,0.0,True,False,False,,,,,,,,,,,True,1.84,1.84
26799,30430,30427,110N04127,I395_SB,I-395,SOUTHBOUND,PM,4.0,16,3,0.24,5,60.8665,63.0,2.13,65.82,False,42.60655,47.25,1900.0,5700.0,4837.55136234609,0.1513067785357736,27038.9247,19886.22869038215,19343.61131053745,19886.22869038215,7695.3133894625535,-1,2253.2,1657.2,1.36,16,1.0,False,False,True,897.1820547666666,1005.0,1132.2480757833332,3.917767016944445,21.192318840579706,908.4741732666666,1020.0,1440.0,,21.641312096847276,True,1.84,1.84
26810,30438,30435,110N04127,I395_SB,I-395,SOUTHBOUND,AM,3.0,12,4,0.25,5,60.8665,63.0,2.13,65.82,False,42.60655,47.25,1900.0,7600.0,,,11850.7967,0.0,0.0,22800.0,11850.7967,-1,987.6,0.0,,0,0.0,True,False,False,,,,,,,,,,,True,1.84,1.84
26810,30438,30435,110N04127,I395_SB,I-395,SOUTHBOUND,MD,6.0,24,4,0.25,5,60.8665,63.0,2.13,65.82,False,42.60655,47.25,1900.0,7600.0,,,22647.4039,0.0,0.0,45600.0,22647.4039,-1,943.6,0.0,,0,0.0,True,False,False,,,,,,,,,,,True,1.84,1.84
26810,30438,30435,110N04127,I395_SB,I-395,SOUTHBOUND,PM,4.0,16,4,0.25,5,60.8665,63.0,2.13,65.82,False,42.60655,47.25,1900.0,7600.0,6450.06848312812,0.1513067785357736,27095.169,26514.9715871762,25791.115401769144,26514.9715871762,1304.0535982308577,-1,1693.4,1657.2,1.022,16,1.0,False,False,True,897.1820547666666,1005.0,1132.2480757833332,3.917767016944445,21.192318840579706,908.4741732333332,1020.0,1440.0,,21.641312058428404,True,1.84,1.84
26814,30441,30438,110N04127,I395_SB,I-395,SOUTHBOUND,AM,3.0,12,4,0.12,5,60.8665,63.0,2.13,65.82,False,42.60655,47.25,1900.0,7600.0,,,11850.7967,0.0,0.0,22800.0,11850.7967,-1,987.6,0.0,,0,0.0,True,False,False,,,,,,,,,,,True,1.84,1.84
26814,30441,30438,110N04127,I395_SB,I-395,SOUTHBOUND,MD,6.0,24,4,0.12,5,60.8665,63.0,2.13,65.82,False,42.60655,47.25,1900.0,7600.0,,,22647.4039,0.0,0.0,45600.0,22647.4039,-1,943.6,0.0,,0,0.0,True,False,False,,,,,,,,,,,True,1.84,1.84
26814,30441,30438,110N04127,I395_SB,I-395,SOUTHBOUND,PM,4.0,16,4,0.12,5,60.8665,63.0,2.13,65.82,False,42.60655,47.25,1900.0,7600.0,6450.06848312812,0.1513067785357736,27095.169,26514.9715871762,25795.877837669846,26514.9715871762,1299.2911623301552,-1,1693.4,1657.2,1.022,16,1.0,False,False,True,897.1820547666666,1005.0,1132.2480757833332,3.917767016944445,21.192318840579706,908.4741732666666,1020.0,1440.0,,21.64131207263673,True,1.84,1.84
26821,30445,30357,110N04127,I395_SB,I-395,SOUTHBOUND,AM,3.0,12,3,0.08,5,60.8665,63.0,2.13,65.82,False,42.60655,47.25,1900.0,5700.0,,,8531.1348,0.0,0.0,17100.0,8531.1348,-1,947.9,0.0,,0,0.0,True,False,False,,,,,,,,,,,True,1.84,1.84
26821,30445,30357,110N04127,I395_SB,I-395,SOUTHBOUND,MD,6.0,24,3,0.08,5,60.8665,63.0,2.13,65.82,False,42.60655,47.25,1900.0,5700.0,,,17235.6809,0.0,0.0,34200.0,17235.6809,-1,957.5,0.0,,0,0.0,True,False,False,,,,,,,,,,,True,1.84,1.84
26821,30445,30357,110N04127,I395_SB,I-395,SOUTHBOUND,PM,4.0,16,3,0.08,5,60.8665,63.0,2.13,65.82,False,42.60655,47.25,1900.0,5700.0,4837.55136234609,0.1513067785357736,19020.0665,19886.22869038215,19348.00740384444,19886.22869038215,-327.9409038444355,-1,1585.0,1657.2,0.956,16,1.0,False,True,False,897.1820547666666,1005.0,1132.2480757833332,3.917767016944445,21.192318840579706,908.4741732833334,1020.0,1440.0,,21.641312113448382,True,1.84,1.84
26824,30448,30350,110N04670,I395_SB,I-395,SOUTHBOUND,AM,3.0,12,3,0.35,1,59.273,63.0,3.73,63.59,False,41.4911,47.25,1900.0,5700.0,,,6107.9833,0.0,0.0,17100.0,6107.9833,-1,678.7,0.0,,0,0.0,True,False,False,,,,,,,,,,,False,,5.84
26824,30448,30350,110N04670,I395_SB,I-395,SOUTHBOUND,MD,6.0,24,3,0.35,1,59.273,63.0,3.73,63.59,False,41.4911,47.25,1900.0,5700.0,,,12144.3179,0.0,0.0,34200.0,12144.3179,-1,674.7,0.0,,0,0.0,True,False,False,,,,,,,,,,,False,,5.84
26824,30448,30350,110N04670,I395_SB,I-395,SOUTHBOUND,PM,4.0,16,3,0.35,1,59.273,63.0,3.73,63.59,False,41.4911,47.25,1900.0,5700.0,,,12477.5365,0.0,0.0,22800.0,12477.5365,-1,1039.8,0.0,,0,0.0,True,False,False,,,,,,,,,,,False,,5.84
26825,30449,30281,110+04129,I395_NB,I-395,NORTHBOUND,AM,3.0,12,3,0.23,1,55.654,63.0,7.35,64.0,False,38.95779999999999,47.25,1900.0,5700.0,5176.433771905039,0.091853724227186,10549.4845,9846.119655292889,10387.913413673608,15546.119655292889,161.5710863263921,-1,1172.2,1094.0,1.071,8,0.6667,True,False,False,412.73362936666666,510.0,614.02725105,3.354893694722222,18.12434782608696,430.8682785333333,510.0,598.1789888333333,,17.522100509854152,True,1.09,1.09
26825,30449,30281,110+04129,I395_NB,I-395,NORTHBOUND,MD,6.0,24,3,0.23,1,55.654,63.0,7.35,64.0,False,38.95779999999999,47.25,1900.0,5700.0,,,14844.0064,11967.986136284017,10966.694935074009,33342.98613628402,3877.311464925993,-1,824.7,664.9,1.24,9,0.375,True,False,False,,,,,,,,,,,True,1.09,1.09
26825,30449,30281,110+04129,I395_NB,I-395,NORTHBOUND,PM,4.0,16,3,0.23,1,55.654,63.0,7.35,64.0,False,38.95779999999999,47.25,1900.0,5700.0,4499.625000101658,0.2105921052453232,3732.1287,17064.59945201276,17991.093175215174,17064.59945201276,-14258.964475215173,-1,311.0,1422.0,0.219,16,1.0,False,True,False,829.1875055333334,1050.0,1205.339406,6.269198341111111,13.038405797101449,849.3093361499999,1050.0,1440.0,,13.409555519980284,True,1.09,1.09
26829,30452,30448,110N04128,I395_SB,I-395,SOUTHBOUND,AM,3.0,12,3,0.14,1,55.2965,63.0,7.7,62.75,True,38.70755,47.25,1900.0,5700.0,,,6107.9833,0.0,0.0,17100.0,6107.9833,-1,678.7,0.0,,0,0.0,True,False,False,,,,,,,,,,,False,,8.49
26829,30452,30448,110N04128,I395_SB,I-395,SOUTHBOUND,MD,6.0,24,3,0.14,1,55.2965,63.0,7.7,62.75,True,38.70755,47.25,1900.0,5700.0,,,12144.3179,0.0,0.0,34200.0,12144.3179,-1,674.7,0.0,,0,0.0,True,False,False,,,,,,,,,,,False,,8.49
26829,30452,30448,110N04128,I395_SB,I-395,SOUTHBOUND,PM,4.0,16,3,0.14,1,55.2965,63.0,7.7,62.75,True,38.70755,47.25,1900.0,5700.0,,,12477.5365,0.0,0.0,22800.0,12477.5365,-1,1039.8,0.0,,0,0.0,True,False,False,,,,,,,,,,,False,,8.49
26833,30455,30452,110-04128,I395_SB,I-395,SOUTHBOUND,AM,3.0,12,3,0.21,1,53.6695,63.0,9.33,61.92,True,37.56865,47.25,1900.0,5700.0,,,8343.271,0.0,0.0,17100.0,8343.271,-1,927.0,0.0,,0,0.0,True,False,False,,,,,,,,,,,False,,8.94
26833,30455,30452,110-04128,I395_SB,I-395,SOUTHBOUND,MD,6.0,24,3,0.21,1,53.6695,63.0,9.33,61.92,True,37.56865,47.25,1900.0,5700.0,,,16237.1373,0.0,0.0,34200.0,16237.1373,-1,902.1,0.0,,0,0.0,True,False,False,,,,,,,,,,,False,,8.94
26833,30455,30452,110-04128,I395_SB,I-395,SOUTHBOUND,PM,4.0,16,3,0.21,1,53.6695,63.0,9.33,61.92,True,37.56865,47.25,1900.0,5700.0,,,15294.7596,0.0,0.0,22800.0,15294.7596,-1,1274.6,0.0,,0,0.0,True,False,False,,,,,,,,,,,False,,8.94
27878,32112,32260,110+04124,I395_NB,I-395,NORTHBOUND,AM,3.0,12,4,0.27,2,67.18950000000001,63.0,-4.19,71.3,False,47.03265,47.25,1900.0,7600.0,7134.521520802286,0.0612471683154886,20103.025,15923.37640031551,16073.181147657257,21623.37640031551,4029.8438523427462,-1,1675.3,1326.9,1.262,9,0.75,True,False,False,396.9679885666666,480.0,566.4958567,2.825464468888889,30.2736231884058,417.70473761666665,495.0,556.1056734833332,2.3066822644444445,29.80287000388015,False,10.94,12.59
27878,32112,32260,110+04124,I395_NB,I-395,NORTHBOUND,MD,6.0,24,4,0.27,2,67.18950000000001,63.0,-4.19,71.3,False,47.03265,47.25,1900.0,7600.0,,,28483.7779,3772.6824075658856,3547.2901406607034,45572.68240756589,24936.487759339296,-1,1186.8,157.2,7.55,2,0.0833,True,False,False,,,,,,,,,,,False,10.94,12.59
27878,32112,32260,110+04124,I395_NB,I-395,NORTHBOUND,PM,4.0,16,4,0.27,2,67.18950000000001,63.0,-4.19,71.3,False,47.03265,47.25,1900.0,7600.0,7502.530492159212,0.0128249352422088,19305.8097,11221.46977013002,11229.566433835233,30221.469770130017,8076.243266164769,-1,1206.6,701.3,1.72,6,0.375,True,False,False,1022.09105675,1065.0,1112.6943265666666,1.5100544969444445,39.4508695652174,1049.061978166667,1065.0,1084.9396245,0.5979607722222223,42.87173447921059,False,10.94,12.59
28025,32154,32248,110+04123,I395_NB,I-395,NORTHBOUND,AM,3.0,12,4,0.96,1,67.2765,63.0,-4.28,70.65,False,47.09354999999999,47.25,1900.0,7600.0,6933.848866178305,0.0876514649765388,20739.0721,15402.722206646513,15691.453479206944,21102.72220664651,5047.618620793059,-1,1728.3,1283.6,1.346,9,0.75,True,False,False,392.2708102,465.0,577.6451711166667,3.0895726819444445,28.04463768115942,415.1158730333333,495.0,566.8690275833334,2.5292192425,28.11173372174213,False,,16.4
28025,32154,32248,110+04123,I395_NB,I-395,NORTHBOUND,MD,6.0,24,4,0.96,1,67.2765,63.0,-4.28,70.65,False,47.09354999999999,47.25,1900.0,7600.0,,,30988.7661,5617.362944530876,5112.813759331151,45517.36294453088,25875.95234066885,-1,1291.2,234.1,5.517,3,0.125,True,False,False,,,,,,,,,,,False,,16.4
28025,32154,32248,110+04123,I395_NB,I-395,NORTHBOUND,PM,4.0,16,4,0.96,1,67.2765,63.0,-4.28,70.65,False,47.09354999999999,47.25,1900.0,7600.0,,,18083.9709,0.0,0.0,30400.0,18083.9709,-1,1130.2,0.0,,0,0.0,True,False,False,,,,,,,,,,,False,,16.4
28270,32238,32241,110P04122,I395_NB,I-395,NORTHBOUND,AM,3.0,12,4,0.48,2,67.84649999999999,63.0,-4.85,71.12,False,47.49255,47.25,1900.0,7600.0,7332.764516099675,0.0351625636710953,17341.5865,14653.689601901133,14693.8401787753,22253.689601901133,2647.746321224702,-1,1445.1,1221.1,1.183,8,0.6667,True,False,False,406.0720350666667,510.0,553.6232510333334,2.459186932777778,36.83115942028986,431.93218908333336,525.0,544.3784401,1.874104183611111,35.266645707473415,False,,12.94
28270,32238,32241,110P04122,I395_NB,I-395,NORTHBOUND,MD,6.0,24,4,0.48,2,67.84649999999999,63.0,-4.85,71.12,False,47.49255,47.25,1900.0,7600.0,,,24175.5627,1891.4059770101792,1757.5446277512592,45591.40597701018,22418.01807224874,-1,1007.3,78.8,12.782,1,0.0417,True,False,False,,,,,,,,,,,False,,12.94
28270,32238,32241,110P04122,I395_NB,I-395,NORTHBOUND,PM,4.0,16,4,0.48,2,67.84649999999999,63.0,-4.85,71.12,False,47.49255,47.25,1900.0,7600.0,,,16218.007,0.0,0.0,30400.0,16218.007,-1,1013.6,0.0,,0,0.0,True,False,False,,,,,,,,,,,False,,12.94
28275,32241,32154,110P04122,I395_NB,I-395,NORTHBOUND,AM,3.0,12,4,0.22,2,67.84649999999999,63.0,-4.85,71.12,False,47.49255,47.25,1900.0,7600.0,7332.764516099675,0.0351625636710953,20739.0721,14653.689601901133,14677.856316763382,22253.689601901133,6061.215783236619,-1,1728.3,1221.1,1.415,8,0.6667,True,False,False,406.0720350666667,510.0,553.6232510333334,2.459186932777778,36.83115942028986,432.2836849,525.0,544.0168609,1.8622196,34.243706810319075,False,,12.94
28275,32241,32154,110P04122,I395_NB,I-395,NORTHBOUND,MD,6.0,24,4,0.22,2,67.84649999999999,63.0,-4.85,71.12,False,47.49255,47.25,1900.0,7600.0,,,30988.7661,1891.4059770101792,1785.067098712503,45591.40597701018,29203.6990012875,-1,1291.2,78.8,16.384,1,0.0417,True,False,False,,,,,,,,,,,False,,12.94
28275,32241,32154,110P04122,I395_NB,I-395,NORTHBOUND,PM,4.0,16,4,0.22,2,67.84649999999999,63.0,-4.85,71.12,False,47.49255,47.25,1900.0,7600.0,,,18083.9709,0.0,0.0,30400.0,18083.9709,-1,1130.2,0.0,,0,0.0,True,False,False,,,,,,,,,,,False,,12.94
28279,32244,35513,110N04122,I395_SB,I-395,SOUTHBOUND,AM,3.0,12,4,0.03,3,65.31649999999999,63.0,-2.32,69.72,False,45.72154999999999,47.25,1900.0,7600.0,,,10093.0049,0.0,0.0,22800.0,10093.0049,-1,841.1,0.0,,0,0.0,True,False,False,,,,,,,,,,,False,,14.6
28279,32244,35513,110N04122,I395_SB,I-395,SOUTHBOUND,MD,6.0,24,4,0.03,3,65.31649999999999,63.0,-2.32,69.72,False,45.72154999999999,47.25,1900.0,7600.0,,,18628.919,0.0,0.0,45600.0,18628.919,-1,776.2,0.0,,0,0.0,True,False,False,,,,,,,,,,,False,,14.6
28279,32244,35513,110N04122,I395_SB,I-395,SOUTHBOUND,PM,4.0,16,4,0.03,3,65.31649999999999,63.0,-2.32,69.72,False,45.72154999999999,47.25,1900.0,7600.0,,,19473.4757,0.0,0.0,30400.0,19473.4757,-1,1217.1,0.0,,0,0.0,True,False,False,,,,,,,,,,,False,,14.6
28283,32247,32244,110N04122,I395_SB,I-395,SOUTHBOUND,AM,3.0,12,4,0.18,3,65.31649999999999,63.0,-2.32,69.72,False,45.72154999999999,47.25,1900.0,7600.0,,,11900.946,0.0,0.0,22800.0,11900.946,-1,991.7,0.0,,0,0.0,True,False,False,,,,,,,,,,,False,,14.6
28283,32247,32244,110N04122,I395_SB,I-395,SOUTHBOUND,MD,6.0,24,4,0.18,3,65.31649999999999,63.0,-2.32,69.72,False,45.72154999999999,47.25,1900.0,7600.0,,,22768.5197,0.0,0.0,45600.0,22768.5197,-1,948.7,0.0,,0,0.0,True,False,False,,,,,,,,,,,False,,14.6
28283,32247,32244,110N04122,I395_SB,I-395,SOUTHBOUND,PM,4.0,16,4,0.18,3,65.31649999999999,63.0,-2.32,69.72,False,45.72154999999999,47.25,1900.0,7600.0,,,28120.22,0.0,0.0,30400.0,28120.22,-1,1757.5,0.0,,0,0.0,True,False,False,,,,,,,,,,,False,,14.6
28285,32248,32253,110P04123,I395_NB,I-395,NORTHBOUND,AM,3.0,12,4,0.56,1,65.6195,63.0,-2.62,70.51,False,45.93365,47.25,1900.0,7600.0,7157.481274221954,0.0582261481286903,18598.3248,15818.598899808014,16146.85634590633,21518.598899808014,2451.4684540936687,-1,1549.9,1318.2,1.176,9,0.75,True,False,False,393.6705392333333,480.0,574.5157360833333,3.0140866141666662,29.16260869565217,416.77571445,495.0,570.3129582833334,2.558954063888889,28.62608221154535,False,,17.21
28285,32248,32253,110P04123,I395_NB,I-395,NORTHBOUND,MD,6.0,24,4,0.56,1,65.6195,63.0,-2.62,70.51,False,45.93365,47.25,1900.0,7600.0,,,27092.2273,5666.914933205427,5326.128150940678,45566.91493320543,21766.09914905932,-1,1128.8,236.1,4.781,3,0.125,True,False,False,,,,,,,,,,,False,,17.21
28285,32248,32253,110P04123,I395_NB,I-395,NORTHBOUND,PM,4.0,16,4,0.56,1,65.6195,63.0,-2.62,70.51,False,45.93365,47.25,1900.0,7600.0,,,15720.2943,0.0,0.0,30400.0,15720.2943,-1,982.5,0.0,,0,0.0,True,False,False,,,,,,,,,,,False,,17.21
28289,32251,32247,110-04122,I395_SB,I-395,SOUTHBOUND,AM,3.0,12,4,1.11,1,65.70649999999999,63.0,-2.71,70.02,False,45.99454999999999,47.25,1900.0,7600.0,,,12129.4074,0.0,0.0,22800.0,12129.4074,-1,1010.8,0.0,,0,0.0,True,False,False,,,,,,,,,,,False,9.26,9.48
28289,32251,32247,110-04122,I395_SB,I-395,SOUTHBOUND,MD,6.0,24,4,1.11,1,65.70649999999999,63.0,-2.71,70.02,False,45.99454999999999,47.25,1900.0,7600.0,,,23492.9749,0.0,0.0,45600.0,23492.9749,-1,978.9,0.0,,0,0.0,True,False,False,,,,,,,,,,,False,9.26,9.48
28289,32251,32247,110-04122,I395_SB,I-395,SOUTHBOUND,PM,4.0,16,4,1.11,1,65.70649999999999,63.0,-2.71,70.02,False,45.99454999999999,47.25,1900.0,7600.0,7246.403935433136,0.0465257979693242,29010.2595,27442.399396753943,27146.77737418808,29342.399396753943,1863.482125811919,-1,1813.1,1715.1,1.057,15,0.9375,True,False,False,893.8110148,945.0,1113.2904004999998,3.657989761666667,33.31202898550723,914.4883082333332,945.0,1068.93007035,2.5740293686111118,39.27704204364603,False,9.26,9.48
28294,32253,32112,110+04124,I395_NB,I-395,NORTHBOUND,AM,3.0,12,4,0.07,2,67.18950000000001,63.0,-4.19,71.3,False,47.03265,47.25,1900.0,7600.0,7134.521520802286,0.0612471683154886,20103.025,15923.37640031551,16057.91944457491,21623.37640031551,4045.10555542509,-1,1675.3,1326.9,1.262,9,0.75,True,False,False,396.9679885666666,480.0,566.4958567,2.825464468888889,30.2736231884058,417.46411946666666,495.0,556.56130995,2.3182865080555555,29.704499736675093,False,4.09,10.02
28294,32253,32112,110+04124,I395_NB,I-395,NORTHBOUND,MD,6.0,24,4,0.07,2,67.18950000000001,63.0,-4.19,71.3,False,47.03265,47.25,1900.0,7600.0,,,28483.7779,3772.6824075658856,3562.11013486011,45572.68240756589,24921.66776513989,-1,1186.8,157.2,7.55,2,0.0833,True,False,False,,,,,,,,,,,False,4.09,10.02
28294,32253,32112,110+04124,I395_NB,I-395,NORTHBOUND,PM,4.0,16,4,0.07,2,67.18950000000001,63.0,-4.19,71.3,False,47.03265,47.25,1900.0,7600.0,7502.530492159212,0.0128249352422088,19305.8097,11221.46977013002,11250.414387966972,30221.469770130017,8055.39531203303,-1,1206.6,701.3,1.72,6,0.375,True,False,False,1022.09105675,1065.0,1112.6943265666666,1.5100544969444445,39.4508695652174,1046.5360585166666,1065.0,1109.3330715666666,1.0466168841666668,37.6231605523622,False,4.09,10.02
28298,32256,32251,110N04123,I395_SB,I-395,SOUTHBOUND,AM,3.0,12,4,0.41,2,64.6065,63.0,-1.61,69.57,False,45.22455,47.25,1900.0,7600.0,,,10164.0538,0.0,0.0,22800.0,10164.0538,-1,847.0,0.0,,0,0.0,True,False,False,,,,,,,,,,,False,2.14,3.28
28298,32256,32251,110N04123,I395_SB,I-395,SOUTHBOUND,MD,6.0,24,4,0.41,2,64.6065,63.0,-1.61,69.57,False,45.22455,47.25,1900.0,7600.0,,,20467.5045,0.0,0.0,45600.0,20467.5045,-1,852.8,0.0,,0,0.0,True,False,False,,,,,,,,,,,False,2.14,3.28
28298,32256,32251,110N04123,I395_SB,I-395,SOUTHBOUND,PM,4.0,16,4,0.41,2,64.6065,63.0,-1.61,69.57,False,45.22455,47.25,1900.0,7600.0,7029.0491254999015,0.0751251150658024,26570.5973,24676.05200399326,24603.46804576029,28476.05200399326,1967.1292542397096,-1,1660.7,1542.3,1.077,14,0.875,True,False,False,897.0344584,945.0,1100.4776240166668,3.3907194269444445,25.7831884057971,909.2841532333332,945.0,1089.709795966667,3.007094045555556,25.434107322585024,False,2.14,3.28
28302,32259,32256,110N04123,I395_SB,I-395,SOUTHBOUND,AM,3.0,12,4,0.29,2,64.6065,63.0,-1.61,69.57,False,45.22455,47.25,1900.0,7600.0,,,11406.365,0.0,0.0,22800.0,11406.365,-1,950.5,0.0,,0,0.0,True,False,False,,,,,,,,,,,False,2.1,3.26
28302,32259,32256,110N04123,I395_SB,I-395,SOUTHBOUND,MD,6.0,24,4,0.29,2,64.6065,63.0,-1.61,69.57,False,45.22455,47.25,1900.0,7600.0,,,22210.9662,0.0,0.0,45600.0,22210.9662,-1,925.5,0.0,,0,0.0,True,False,False,,,,,,,,,,,False,2.1,3.26
28302,32259,32256,110N04123,I395_SB,I-395,SOUTHBOUND,PM,4.0,16,4,0.29,2,64.6065,63.0,-1.61,69.57,False,45.22455,47.25,1900.0,7600.0,7029.0491254999015,0.0751251150658024,27987.4395,24676.05200399326,24602.874833118083,28476.05200399326,3384.564666881917,-1,1749.2,1542.3,1.134,14,0.875,True,False,False,897.0344584,945.0,1100.4776240166668,3.3907194269444445,25.7831884057971,909.28973675,945.0,1090.0008120833334,3.0118512555555554,25.42210277026033,False,2.1,3.26
28303,32260,30397,110P04124,I395_NB,I-395,NORTHBOUND,AM,3.0,12,4,0.31,2,67.23,63.0,-4.23,71.16,False,47.061,47.25,1900.0,7600.0,7416.2639390716895,0.0241757974905671,20050.9313,16552.473283693766,16706.575455385457,22252.47328369377,3344.3558446145435,-1,1670.9,1379.4,1.211,9,0.75,True,False,False,400.49127123333335,480.0,563.2780871833334,2.713113599166667,36.026811594202904,418.95743685,495.0,555.8282004333333,2.2811793930555555,35.671068453009205,False,,17.36
28303,32260,30397,110P04124,I395_NB,I-395,NORTHBOUND,MD,6.0,24,4,0.31,2,67.23,63.0,-4.23,71.16,False,47.061,47.25,1900.0,7600.0,,,27562.7522,3785.425593660111,3688.4538182190095,45585.42559366011,23874.29838178099,-1,1148.4,157.7,7.281,2,0.0833,True,False,False,,,,,,,,,,,False,,17.36
28303,32260,30397,110P04124,I395_NB,I-395,NORTHBOUND,PM,4.0,16,4,0.31,2,67.23,63.0,-4.23,71.16,False,47.061,47.25,1900.0,7600.0,,,19022.3262,0.0,0.0,30400.0,19022.3262,-1,1188.9,0.0,,0,0.0,True,False,False,,,,,,,,,,,False,,17.36
28307,32263,32259,110-04123,I395_SB,I-395,SOUTHBOUND,AM,3.0,12,4,0.25,1,62.59,63.0,0.41,67.68,False,43.813,47.25,1900.0,7600.0,,,11406.365,0.0,0.0,22800.0,11406.365,-1,950.5,0.0,,0,0.0,True,False,False,,,,,,,,,,,False,3.2,5.09
28307,32263,32259,110-04123,I395_SB,I-395,SOUTHBOUND,MD,6.0,24,4,0.25,1,62.59,63.0,0.41,67.68,False,43.813,47.25,1900.0,7600.0,,,22210.9662,0.0,0.0,45600.0,22210.9662,-1,925.5,0.0,,0,0.0,True,False,False,,,,,,,,,,,False,3.2,5.09
28307,32263,32259,110-04123,I395_SB,I-395,SOUTHBOUND,PM,4.0,16,4,0.25,1,62.59,63.0,0.41,67.68,False,43.813,47.25,1900.0,7600.0,7431.043589281477,0.0222311066734899,27987.4395,23761.708198520228,24151.856450275696,29461.708198520228,3835.583049724304,-1,1749.2,1485.1,1.178,13,0.8125,True,False,False,903.4473665,945.0,1107.2064339166668,3.395984456944445,29.72869565217391,925.2795672166668,960.0,1095.3947652333334,2.8352533002777776,28.09573804791023,False,3.2,5.09
28312,32266,32263,110N04124,I395_SB,I-395,SOUTHBOUND,AM,3.0,12,4,0.31,2,62.2265,63.0,0.77,68.54,False,43.55855,47.25,1900.0,7600.0,,,10873.3907,0.0,0.0,22800.0,10873.3907,-1,906.1,0.0,,0,0.0,True,False,False,,,,,,,,,,,False,2.59,4.09
28312,32266,32263,110N04124,I395_SB,I-395,SOUTHBOUND,MD,6.0,24,4,0.31,2,62.2265,63.0,0.77,68.54,False,43.55855,47.25,1900.0,7600.0,,,21396.9931,0.0,0.0,45600.0,21396.9931,-1,891.5,0.0,,0,0.0,True,False,False,,,,,,,,,,,False,2.59,4.09
28312,32266,32263,110N04124,I395_SB,I-395,SOUTHBOUND,PM,4.0,16,4,0.31,2,62.2265,63.0,0.77,68.54,False,43.55855,47.25,1900.0,7600.0,7301.128401458222,0.0393252103344445,27161.132,25395.74349945708,25554.04512052981,29195.74349945708,1607.0868794701928,-1,1697.6,1587.2,1.07,14,0.875,True,False,False,901.2669475333332,945.0,1115.0727488666666,3.563430022222222,29.326666666666668,924.8310256166666,960.0,1110.0894434666666,3.0876402975,27.91192409294576,False,2.59,4.09
28705,34017,35236,110+04173,I66_WB,I-66,WESTBOUND,AM,3.0,12,4,0.51,3,65.1795,75.0,9.82,69.44,True,45.62565,56.25,2000.0,8000.0,,,0.0,0.0,0.0,24000.0,0.0,-1,0.0,0.0,,0,0.0,True,False,False,,,,,,,,,,,False,,2.06
28705,34017,35236,110+04173,I66_WB,I-66,WESTBOUND,MD,6.0,24,4,0.51,3,65.1795,75.0,9.82,69.44,True,45.62565,56.25,2000.0,8000.0,,,0.0,0.0,0.0,48000.0,0.0,-1,0.0,0.0,,0,0.0,True,False,False,,,,,,,,,,,False,,2.06
28705,34017,35236,110+04173,I66_WB,I-66,WESTBOUND,PM,4.0,16,4,0.51,3,65.1795,75.0,9.82,69.44,True,45.62565,56.25,2000.0,8000.0,,,13422.6055,0.0,0.0,32000.0,13422.6055,-1,838.9,0.0,,0,0.0,True,False,False,,,,,,,,,,,False,,2.06
28712,34020,32238,110+04122,I395_NB,I-395,NORTHBOUND,AM,3.0,12,4,0.04,4,66.5465,63.0,-3.55,70.05,False,46.58254999999999,47.25,1900.0,7600.0,,,17616.3295,0.0,0.0,22800.0,17616.3295,-1,1468.0,0.0,,0,0.0,True,False,False,,,,,,,,,,,False,,15.56
28712,34020,32238,110+04122,I395_NB,I-395,NORTHBOUND,MD,6.0,24,4,0.04,4,66.5465,63.0,-3.55,70.05,False,46.58254999999999,47.25,1900.0,7600.0,,,25948.539,0.0,0.0,45600.0,25948.539,-1,1081.2,0.0,,0,0.0,True,False,False,,,,,,,,,,,False,,15.56
28712,34020,32238,110+04122,I395_NB,I-395,NORTHBOUND,PM,4.0,16,4,0.04,4,66.5465,63.0,-3.55,70.05,False,46.58254999999999,47.25,1900.0,7600.0,,,17263.9179,0.0,0.0,30400.0,17263.9179,-1,1079.0,0.0,,0,0.0,True,False,False,,,,,,,,,,,False,,15.56
28724,34024,35511,110+04122,I395_NB,I-395,NORTHBOUND,AM,3.0,12,3,0.25,4,66.5465,63.0,-3.55,70.05,False,46.58254999999999,47.25,1900.0,5700.0,,,15379.2514,0.0,0.0,17100.0,15379.2514,-1,1708.8,0.0,,0,0.0,True,False,False,,,,,,,,,,,False,,15.56
28724,34024,35511,110+04122,I395_NB,I-395,NORTHBOUND,MD,6.0,24,3,0.25,4,66.5465,63.0,-3.55,70.05,False,46.58254999999999,47.25,1900.0,5700.0,,,19579.8286,0.0,0.0,34200.0,19579.8286,-1,1087.8,0.0,,0,0.0,True,False,False,,,,,,,,,,,False,,15.56
28724,34024,35511,110+04122,I395_NB,I-395,NORTHBOUND,PM,4.0,16,3,0.25,4,66.5465,63.0,-3.55,70.05,False,46.58254999999999,47.25,1900.0,5700.0,,,17263.9179,0.0,0.0,22800.0,17263.9179,-1,1438.7,0.0,,0,0.0,True,False,False,,,,,,,,,,,False,,15.56
29007,34114,35496,110+04121,I395_NB,I-395,NORTHBOUND,AM,3.0,12,4,0.43,1,65.333,69.0,3.67,69.32,False,45.73309999999999,51.75,2000.0,8000.0,,,18404.501,17084.43771427529,18689.88828657388,21084.43771427529,-285.3872865738813,-1,1533.7,1423.7,1.077,10,0.8333,True,False,False,,,,,,,,,,,True,0.49,0.49
29007,34114,35496,110+04121,I395_NB,I-395,NORTHBOUND,MD,6.0,24,4,0.43,1,65.333,69.0,3.67,69.32,False,45.73309999999999,51.75,2000.0,8000.0,,,25896.2813,46640.611958852525,44632.55585496028,46640.611958852525,-18736.27455496028,-1,1079.0,1943.4,0.555,24,1.0,False,True,False,,,,,,,,,,,True,0.49,0.49
29007,34114,35496,110+04121,I395_NB,I-395,NORTHBOUND,PM,4.0,16,4,0.43,1,65.333,69.0,3.67,69.32,False,45.73309999999999,51.75,2000.0,8000.0,7444.479400799159,0.0694400749001051,18299.0187,26766.259004727806,29766.747456696685,26766.259004727806,-11467.728756696684,-1,1143.7,1672.9,0.684,16,1.0,False,True,False,380.9472474166667,1050.0,1168.50178505,13.125908960555556,20.55,403.0427338333333,1035.0,1440.0,,20.491513965268982,True,0.49,0.49
29361,34228,35488,110P04120,I395_NB,I-395,NORTHBOUND,AM,3.0,12,4,0.23,2,65.65,63.0,-2.65,69.59,False,45.955,47.25,1900.0,7600.0,6820.149055369481,0.1026119663987524,30148.9948,14001.490653787854,15384.62455815338,19701.490653787856,14764.370241846622,-1,2512.4,1166.8,2.153,9,0.75,False,False,True,391.1743736166666,495.0,621.8318958166667,3.844292036666667,16.186666666666667,431.44134565,495.0,612.9992947833333,,15.941810403166969,True,2.05,2.05
29361,34228,35488,110P04120,I395_NB,I-395,NORTHBOUND,MD,6.0,24,4,0.23,2,65.65,63.0,-2.65,69.59,False,45.955,47.25,1900.0,7600.0,,,45402.4867,10588.42075285321,10160.969516817537,44788.42075285321,35241.51718318247,-1,1891.8,441.2,4.288,6,0.25,False,False,True,,,,,,,,,,,True,2.05,2.05
29361,34228,35488,110P04120,I395_NB,I-395,NORTHBOUND,PM,4.0,16,4,0.23,2,65.65,63.0,-2.65,69.59,False,45.955,47.25,1900.0,7600.0,6819.030872014299,0.1027590957875922,35436.8876,26203.409176788628,27284.01418476371,26203.409176788628,8152.873415236292,-1,2214.8,1637.7,1.352,16,1.0,False,False,True,889.1827372833334,1050.0,1140.6613812833334,4.191310733333333,18.105652173913043,913.2886497666666,1035.0,1440.0,,17.59840883997926,True,2.05,2.05
30296,34506,35465,110P04174,I66_WB,I-66,WESTBOUND,AM,3.0,12,2,0.07,2,64.58,75.0,10.42,71.19,True,45.206,56.25,2000.0,4000.0,,,0.0,0.0,0.0,12000.0,0.0,-1,0.0,0.0,,0,0.0,True,False,False,,,,,,,,,,,False,,2.58
30296,34506,35465,110P04174,I66_WB,I-66,WESTBOUND,MD,6.0,24,2,0.07,2,64.58,75.0,10.42,71.19,True,45.206,56.25,2000.0,4000.0,,,0.0,0.0,0.0,24000.0,0.0,-1,0.0,0.0,,0,0.0,True,False,False,,,,,,,,,,,False,,2.58
30296,34506,35465,110P04174,I66_WB,I-66,WESTBOUND,PM,4.0,16,2,0.07,2,64.58,75.0,10.42,71.19,True,45.206,56.25,2000.0,4000.0,,,7484.5323,0.0,0.0,16000.0,7484.5323,-1,935.6,0.0,,0,0.0,True,False,False,,,,,,,,,,,False,,2.58
30317,34513,35483,110N58636,I66_WB,I-66,WESTBOUND,AM,3.0,12,2,0.13,1,68.73,75.0,6.27,75.0,False,48.111,56.25,2000.0,4000.0,,,0.0,0.0,0.0,12000.0,0.0,-1,0.0,0.0,,0,0.0,True,False,False,,,,,,,,,,,False,,5.15
30317,34513,35483,110N58636,I66_WB,I-66,WESTBOUND,MD,6.0,24,2,0.13,1,68.73,75.0,6.27,75.0,False,48.111,56.25,2000.0,4000.0,,,0.0,0.0,0.0,24000.0,0.0,-1,0.0,0.0,,0,0.0,True,False,False,,,,,,,,,,,False,,5.15
30317,34513,35483,110N58636,I66_WB,I-66,WESTBOUND,PM,4.0,16,2,0.13,1,68.73,75.0,6.27,75.0,False,48.111,56.25,2000.0,4000.0,,,4908.8713,0.0,0.0,16000.0,4908.8713,-1,613.6,0.0,,0,0.0,True,False,False,,,,,,,,,,,False,,5.15
30949,34702,34921,110+58629,I66_EB,I-66,EASTBOUND,AM,3.0,12,3,0.67,10,72.0,75.0,3.0,75.0,False,50.4,56.25,2000.0,6000.0,,,14016.1928,0.0,0.0,18000.0,14016.1928,-1,1557.4,0.0,,0,0.0,True,False,False,,,,,,,,,,,False,,2.56
30949,34702,34921,110+58629,I66_EB,I-66,EASTBOUND,MD,6.0,24,3,0.67,10,72.0,75.0,3.0,75.0,False,50.4,56.25,2000.0,6000.0,,,15397.8275,0.0,0.0,36000.0,15397.8275,-1,855.4,0.0,,0,0.0,True,False,False,,,,,,,,,,,False,,2.56
30949,34702,34921,110+58629,I66_EB,I-66,EASTBOUND,PM,4.0,16,3,0.67,10,72.0,75.0,3.0,75.0,False,50.4,56.25,2000.0,6000.0,,,10649.5931,0.0,0.0,24000.0,10649.5931,-1,887.5,0.0,,0,0.0,True,False,False,,,,,,,,,,,False,,2.56
31338,34842,35484,110N04175,I66_EB,I-66,EASTBOUND,AM,3.0,12,2,0.46,1,64.583,75.0,10.42,69.52,True,45.2081,56.25,2000.0,4000.0,,,1678.3167,0.0,0.0,12000.0,1678.3167,-1,279.7,0.0,,0,0.0,True,False,False,,,,,,,,,,,False,,7.53
31338,34842,35484,110N04175,I66_EB,I-66,EASTBOUND,MD,6.0,24,2,0.46,1,64.583,75.0,10.42,69.52,True,45.2081,56.25,2000.0,4000.0,,,3585.2134,0.0,0.0,24000.0,3585.2134,-1,298.8,0.0,,0,0.0,True,False,False,,,,,,,,,,,False,,7.53
31338,34842,35484,110N04175,I66_EB,I-66,EASTBOUND,PM,4.0,16,2,0.46,1,64.583,75.0,10.42,69.52,True,45.2081,56.25,2000.0,4000.0,,,3646.0457,0.0,0.0,16000.0,3646.0457,-1,455.8,0.0,,0,0.0,True,False,False,,,,,,,,,,,False,,7.53
31343,34845,34842,110-04175,I66_EB,I-66,EASTBOUND,AM,3.0,12,2,0.76,3,65.56649999999999,75.0,9.43,69.78,True,45.89654999999999,56.25,2000.0,4000.0,,,1102.6066,0.0,0.0,12000.0,1102.6066,-1,183.8,0.0,,0,0.0,True,False,False,,,,,,,,,,,False,,15.69
31343,34845,34842,110-04175,I66_EB,I-66,EASTBOUND,MD,6.0,24,2,0.76,3,65.56649999999999,75.0,9.43,69.78,True,45.89654999999999,56.25,2000.0,4000.0,,,20879.7541,0.0,0.0,24000.0,20879.7541,-1,1740.0,0.0,,0,0.0,True,False,False,,,,,,,,,,,False,,15.69
31343,34845,34842,110-04175,I66_EB,I-66,EASTBOUND,PM,4.0,16,2,0.76,3,65.56649999999999,75.0,9.43,69.78,True,45.89654999999999,56.25,2000.0,4000.0,,,7453.8029,0.0,0.0,16000.0,7453.8029,-1,931.7,0.0,,0,0.0,True,False,False,,,,,,,,,,,False,,15.69
31344,34846,35036,110+58635,I66_EB,I-66,EASTBOUND,AM,3.0,12,4,0.75,4,70.1265,63.0,-7.13,74.73,False,49.08854999999999,47.25,1900.0,7600.0,,,15261.8913,0.0,0.0,22800.0,15261.8913,-1,1271.8,0.0,,0,0.0,True,False,False,,,,,,,,,,,False,,4.58
31344,34846,35036,110+58635,I66_EB,I-66,EASTBOUND,MD,6.0,24,4,0.75,4,70.1265,63.0,-7.13,74.73,False,49.08854999999999,47.25,1900.0,7600.0,,,18712.0558,0.0,0.0,45600.0,18712.0558,-1,779.7,0.0,,0,0.0,True,False,False,,,,,,,,,,,False,,4.58
31344,34846,35036,110+58635,I66_EB,I-66,EASTBOUND,PM,4.0,16,4,0.75,4,70.1265,63.0,-7.13,74.73,False,49.08854999999999,47.25,1900.0,7600.0,,,15106.4678,0.0,0.0,30400.0,15106.4678,-1,944.2,0.0,,0,0.0,True,False,False,,,,,,,,,,,False,,4.58
31346,34848,34851,110-58634,I66_WB,I-66,WESTBOUND,AM,3.0,12,2,0.35,2,71.39,75.0,3.61,74.19,True,49.973,56.25,2000.0,4000.0,,,4170.7384,0.0,0.0,12000.0,4170.7384,-1,695.1,0.0,,0,0.0,True,False,False,,,,,,,,,,,False,,7.91
31346,34848,34851,110-58634,I66_WB,I-66,WESTBOUND,MD,6.0,24,2,0.35,2,71.39,75.0,3.61,74.19,True,49.973,56.25,2000.0,4000.0,,,12314.7078,0.0,0.0,24000.0,12314.7078,-1,1026.2,0.0,,0,0.0,True,False,False,,,,,,,,,,,False,,7.91
31346,34848,34851,110-58634,I66_WB,I-66,WESTBOUND,PM,4.0,16,2,0.35,2,71.39,75.0,3.61,74.19,True,49.973,56.25,2000.0,4000.0,,,2299.1059,0.0,0.0,16000.0,2299.1059,-1,287.4,0.0,,0,0.0,True,False,False,,,,,,,,,,,False,,7.91
31347,34849,34845,110-04175,I66_EB,I-66,EASTBOUND,AM,3.0,12,2,0.57,3,65.56649999999999,75.0,9.43,69.78,True,45.89654999999999,56.25,2000.0,4000.0,,,1102.6066,0.0,0.0,12000.0,1102.6066,-1,183.8,0.0,,0,0.0,True,False,False,,,,,,,,,,,False,,15.69
31347,34849,34845,110-04175,I66_EB,I-66,EASTBOUND,MD,6.0,24,2,0.57,3,65.56649999999999,75.0,9.43,69.78,True,45.89654999999999,56.25,2000.0,4000.0,,,20879.7541,0.0,0.0,24000.0,20879.7541,-1,1740.0,0.0,,0,0.0,True,False,False,,,,,,,,,,,False,,15.69
31347,34849,34845,110-04175,I66_EB,I-66,EASTBOUND,PM,4.0,16,2,0.57,3,65.56649999999999,75.0,9.43,69.78,True,45.89654999999999,56.25,2000.0,4000.0,,,7453.8029,0.0,0.0,16000.0,7453.8029,-1,931.7,0.0,,0,0.0,True,False,False,,,,,,,,,,,False,,15.69
31348,34850,34846,110+58635,I66_EB,I-66,EASTBOUND,AM,3.0,12,4,0.57,4,70.1265,63.0,-7.13,74.73,False,49.08854999999999,47.25,1900.0,7600.0,,,15261.8913,0.0,0.0,22800.0,15261.8913,-1,1271.8,0.0,,0,0.0,True,False,False,,,,,,,,,,,False,,4.58
31348,34850,34846,110+58635,I66_EB,I-66,EASTBOUND,MD,6.0,24,4,0.57,4,70.1265,63.0,-7.13,74.73,False,49.08854999999999,47.25,1900.0,7600.0,,,18712.0558,0.0,0.0,45600.0,18712.0558,-1,779.7,0.0,,0,0.0,True,False,False,,,,,,,,,,,False,,4.58
31348,34850,34846,110+58635,I66_EB,I-66,EASTBOUND,PM,4.0,16,4,0.57,4,70.1265,63.0,-7.13,74.73,False,49.08854999999999,47.25,1900.0,7600.0,,,15106.4678,0.0,0.0,30400.0,15106.4678,-1,944.2,0.0,,0,0.0,True,False,False,,,,,,,,,,,False,,4.58
31350,34851,36685,110-58634,I66_WB,I-66,WESTBOUND,AM,3.0,12,2,1.18,2,71.39,75.0,3.61,74.19,True,49.973,56.25,2000.0,4000.0,,,4170.7384,0.0,0.0,12000.0,4170.7384,-1,695.1,0.0,,0,0.0,True,False,False,,,,,,,,,,,False,,7.91
31350,34851,36685,110-58634,I66_WB,I-66,WESTBOUND,MD,6.0,24,2,1.18,2,71.39,75.0,3.61,74.19,True,49.973,56.25,2000.0,4000.0,,,12314.7078,0.0,0.0,24000.0,12314.7078,-1,1026.2,0.0,,0,0.0,True,False,False,,,,,,,,,,,False,,7.91
31350,34851,36685,110-58634,I66_WB,I-66,WESTBOUND,PM,4.0,16,2,1.18,2,71.39,75.0,3.61,74.19,True,49.973,56.25,2000.0,4000.0,,,2299.1059,0.0,0.0,16000.0,2299.1059,-1,287.4,0.0,,0,0.0,True,False,False,,,,,,,,,,,False,,7.91
31351,34852,34849,110-04175,I66_EB,I-66,EASTBOUND,AM,3.0,12,2,0.29,3,65.56649999999999,75.0,9.43,69.78,True,45.89654999999999,56.25,2000.0,4000.0,,,1102.6066,0.0,0.0,12000.0,1102.6066,-1,183.8,0.0,,0,0.0,True,False,False,,,,,,,,,,,False,,15.69
31351,34852,34849,110-04175,I66_EB,I-66,EASTBOUND,MD,6.0,24,2,0.29,3,65.56649999999999,75.0,9.43,69.78,True,45.89654999999999,56.25,2000.0,4000.0,,,11752.8597,0.0,0.0,24000.0,11752.8597,-1,979.4,0.0,,0,0.0,True,False,False,,,,,,,,,,,False,,15.69
31351,34852,34849,110-04175,I66_EB,I-66,EASTBOUND,PM,4.0,16,2,0.29,3,65.56649999999999,75.0,9.43,69.78,True,45.89654999999999,56.25,2000.0,4000.0,,,5830.4727,0.0,0.0,16000.0,5830.4727,-1,728.8,0.0,,0,0.0,True,False,False,,,,,,,,,,,False,,15.69
31352,34853,34856,110-58633,I66_WB,I-66,WESTBOUND,AM,3.0,12,2,0.14,4,71.4,75.0,3.6,75.53,False,49.98,56.25,2000.0,4000.0,,,4920.7948,0.0,0.0,12000.0,4920.7948,-1,820.1,0.0,,0,0.0,True,False,False,,,,,,,,,,,False,,8.73
31352,34853,34856,110-58633,I66_WB,I-66,WESTBOUND,MD,6.0,24,2,0.14,4,71.4,75.0,3.6,75.53,False,49.98,56.25,2000.0,4000.0,,,13906.1981,0.0,0.0,24000.0,13906.1981,-1,1158.8,0.0,,0,0.0,True,False,False,,,,,,,,,,,False,,8.73
31352,34853,34856,110-58633,I66_WB,I-66,WESTBOUND,PM,4.0,16,2,0.14,4,71.4,75.0,3.6,75.53,False,49.98,56.25,2000.0,4000.0,,,2669.5793,0.0,0.0,16000.0,2669.5793,-1,333.7,0.0,,0,0.0,True,False,False,,,,,,,,,,,False,,8.73
31353,34854,36684,110-04176,I66_EB,I-66,EASTBOUND,AM,3.0,12,2,0.24,1,66.8765,75.0,8.12,71.12,True,46.81354999999999,56.25,2000.0,4000.0,,,1441.2275,0.0,0.0,12000.0,1441.2275,-1,240.2,0.0,,0,0.0,True,False,False,,,,,,,,,,,False,,17.84
31353,34854,36684,110-04176,I66_EB,I-66,EASTBOUND,MD,6.0,24,2,0.24,1,66.8765,75.0,8.12,71.12,True,46.81354999999999,56.25,2000.0,4000.0,,,13288.2324,0.0,0.0,24000.0,13288.2324,-1,1107.4,0.0,,0,0.0,True,False,False,,,,,,,,,,,False,,17.84
31353,34854,36684,110-04176,I66_EB,I-66,EASTBOUND,PM,4.0,16,2,0.24,1,66.8765,75.0,8.12,71.12,True,46.81354999999999,56.25,2000.0,4000.0,,,7045.9046,0.0,0.0,16000.0,7045.9046,-1,880.7,0.0,,0,0.0,True,False,False,,,,,,,,,,,False,,17.84
31354,34855,34859,110+04178,I66_WB,I-66,WESTBOUND,AM,3.0,12,4,0.1,3,67.7165,63.0,-4.72,70.58,False,47.40154999999999,47.25,1900.0,7600.0,,,9363.7247,0.0,0.0,22800.0,9363.7247,-1,780.3,0.0,,0,0.0,True,False,False,,,,,,,,,,,True,0.55,0.55
31354,34855,34859,110+04178,I66_WB,I-66,WESTBOUND,MD,6.0,24,4,0.1,3,67.7165,63.0,-4.72,70.58,False,47.40154999999999,47.25,1900.0,7600.0,,,21148.0482,10681.563361615128,10169.660791366372,44881.56336161513,10978.38740863363,-1,881.2,445.1,1.98,6,0.25,True,False,False,,,,,,,,,,,True,0.55,0.55
31354,34855,34859,110+04178,I66_WB,I-66,WESTBOUND,PM,4.0,16,4,0.1,3,67.7165,63.0,-4.72,70.58,False,47.40154999999999,47.25,1900.0,7600.0,6771.335444795606,0.109034809895315,14995.3255,26357.756666635734,27080.56495106105,26357.756666635734,-12085.239451061045,-1,937.2,1647.4,0.569,16,1.0,False,True,False,795.5562686666667,1065.0,1178.8039189,6.387460837222222,24.70275362318841,820.2358760833333,1065.0,1440.0,,24.54621439275836,True,0.55,0.55
31355,34856,34860,110-58633,I66_WB,I-66,WESTBOUND,AM,3.0,12,2,0.1,4,71.4,75.0,3.6,75.53,False,49.98,56.25,2000.0,4000.0,,,4920.7948,0.0,0.0,12000.0,4920.7948,-1,820.1,0.0,,0,0.0,True,False,False,,,,,,,,,,,False,,8.73
31355,34856,34860,110-58633,I66_WB,I-66,WESTBOUND,MD,6.0,24,2,0.1,4,71.4,75.0,3.6,75.53,False,49.98,56.25,2000.0,4000.0,,,13906.1981,0.0,0.0,24000.0,13906.1981,-1,1158.8,0.0,,0,0.0,True,False,False,,,,,,,,,,,False,,8.73
31355,34856,34860,110-58633,I66_WB,I-66,WESTBOUND,PM,4.0,16,2,0.1,4,71.4,75.0,3.6,75.53,False,49.98,56.25,2000.0,4000.0,,,2669.5793,0.0,0.0,16000.0,2669.5793,-1,333.7,0.0,,0,0.0,True,False,False,,,,,,,,,,,False,,8.73
31357,34858,35063,110-04177,I66_EB,I-66,EASTBOUND,AM,3.0,12,4,0.07,2,68.083,63.0,-5.08,71.59,False,47.6581,47.25,1900.0,7600.0,,,15292.876,0.0,0.0,22800.0,15292.876,-1,1274.4,0.0,,0,0.0,True,False,False,,,,,,,,,,,False,,19.9
31357,34858,35063,110-04177,I66_EB,I-66,EASTBOUND,MD,6.0,24,4,0.07,2,68.083,63.0,-5.08,71.59,False,47.6581,47.25,1900.0,7600.0,,,25182.8843,0.0,0.0,45600.0,25182.8843,-1,1049.3,0.0,,0,0.0,True,False,False,,,,,,,,,,,False,,19.9
31357,34858,35063,110-04177,I66_EB,I-66,EASTBOUND,PM,4.0,16,4,0.07,2,68.083,63.0,-5.08,71.59,False,47.6581,47.25,1900.0,7600.0,,,15651.1085,0.0,0.0,30400.0,15651.1085,-1,978.2,0.0,,0,0.0,True,False,False,,,,,,,,,,,False,,19.9
31358,34859,35178,110+04178,I66_WB,I-66,WESTBOUND,AM,3.0,12,4,0.92,3,67.7165,63.0,-4.72,70.58,False,47.40154999999999,47.25,1900.0,7600.0,,,9363.7247,0.0,0.0,22800.0,9363.7247,-1,780.3,0.0,,0,0.0,True,False,False,,,,,,,,,,,True,0.57,0.57
31358,34859,35178,110+04178,I66_WB,I-66,WESTBOUND,MD,6.0,24,4,0.92,3,67.7165,63.0,-4.72,70.58,False,47.40154999999999,47.25,1900.0,7600.0,,,21148.0482,10681.563361615128,10270.030462239583,44881.56336161513,10878.017737760416,-1,881.2,445.1,1.98,6,0.25,True,False,False,,,,,,,,,,,True,0.57,0.57
31358,34859,35178,110+04178,I66_WB,I-66,WESTBOUND,PM,4.0,16,4,0.92,3,67.7165,63.0,-4.72,70.58,False,47.40154999999999,47.25,1900.0,7600.0,6771.335444795606,0.109034809895315,14995.3255,26357.756666635734,27048.073397435222,26357.756666635734,-12052.747897435222,-1,937.2,1647.4,0.569,16,1.0,False,True,False,795.5562686666667,1065.0,1178.8039189,6.387460837222222,24.70275362318841,821.2150179,1065.0,1440.0,,24.45517622197869,True,0.57,0.57
31359,34860,34863,110-58633,I66_WB,I-66,WESTBOUND,AM,3.0,12,2,0.92,4,71.4,75.0,3.6,75.53,False,49.98,56.25,2000.0,4000.0,,,4920.7948,0.0,0.0,12000.0,4920.7948,-1,820.1,0.0,,0,0.0,True,False,False,,,,,,,,,,,False,,8.73
31359,34860,34863,110-58633,I66_WB,I-66,WESTBOUND,MD,6.0,24,2,0.92,4,71.4,75.0,3.6,75.53,False,49.98,56.25,2000.0,4000.0,,,13906.1981,0.0,0.0,24000.0,13906.1981,-1,1158.8,0.0,,0,0.0,True,False,False,,,,,,,,,,,False,,8.73
31359,34860,34863,110-58633,I66_WB,I-66,WESTBOUND,PM,4.0,16,2,0.92,4,71.4,75.0,3.6,75.53,False,49.98,56.25,2000.0,4000.0,,,2669.5793,0.0,0.0,16000.0,2669.5793,-1,333.7,0.0,,0,0.0,True,False,False,,,,,,,,,,,False,,8.73
31361,34862,34858,110-04177,I66_EB,I-66,EASTBOUND,AM,3.0,12,4,0.51,2,68.083,63.0,-5.08,71.59,False,47.6581,47.25,1900.0,7600.0,,,15292.876,0.0,0.0,22800.0,15292.876,-1,1274.4,0.0,,0,0.0,True,False,False,,,,,,,,,,,False,,19.9
31361,34862,34858,110-04177,I66_EB,I-66,EASTBOUND,MD,6.0,24,4,0.51,2,68.083,63.0,-5.08,71.59,False,47.6581,47.25,1900.0,7600.0,,,25182.8843,0.0,0.0,45600.0,25182.8843,-1,1049.3,0.0,,0,0.0,True,False,False,,,,,,,,,,,False,,19.9
31361,34862,34858,110-04177,I66_EB,I-66,EASTBOUND,PM,4.0,16,4,0.51,2,68.083,63.0,-5.08,71.59,False,47.6581,47.25,1900.0,7600.0,,,15651.1085,0.0,0.0,30400.0,15651.1085,-1,978.2,0.0,,0,0.0,True,False,False,,,,,,,,,,,False,,19.9
31362,34863,34865,110-58633,I66_WB,I-66,WESTBOUND,AM,3.0,12,2,0.86,4,71.4,75.0,3.6,75.53,False,49.98,56.25,2000.0,4000.0,,,4332.6488,0.0,0.0,12000.0,4332.6488,-1,722.1,0.0,,0,0.0,True,False,False,,,,,,,,,,,False,,8.73
31362,34863,34865,110-58633,I66_WB,I-66,WESTBOUND,MD,6.0,24,2,0.86,4,71.4,75.0,3.6,75.53,False,49.98,56.25,2000.0,4000.0,,,12220.94,0.0,0.0,24000.0,12220.94,-1,1018.4,0.0,,0,0.0,True,False,False,,,,,,,,,,,False,,8.73
31362,34863,34865,110-58633,I66_WB,I-66,WESTBOUND,PM,4.0,16,2,0.86,4,71.4,75.0,3.6,75.53,False,49.98,56.25,2000.0,4000.0,,,2595.7353,0.0,0.0,16000.0,2595.7353,-1,324.5,0.0,,0,0.0,True,False,False,,,,,,,,,,,False,,8.73
31365,34865,34868,110-58632,I66_WB,I-66,WESTBOUND,AM,3.0,12,2,0.6,3,71.59,75.0,3.41,74.84,True,50.113,56.25,2000.0,4000.0,,,4936.431,0.0,0.0,12000.0,4936.431,-1,822.7,0.0,,0,0.0,True,False,False,,,,,,,,,,,False,,4.88
31365,34865,34868,110-58632,I66_WB,I-66,WESTBOUND,MD,6.0,24,2,0.6,3,71.59,75.0,3.41,74.84,True,50.113,56.25,2000.0,4000.0,,,13926.7166,0.0,0.0,24000.0,13926.7166,-1,1160.6,0.0,,0,0.0,True,False,False,,,,,,,,,,,False,,4.88
31365,34865,34868,110-58632,I66_WB,I-66,WESTBOUND,PM,4.0,16,2,0.6,3,71.59,75.0,3.41,74.84,True,50.113,56.25,2000.0,4000.0,,,4942.5766,0.0,0.0,16000.0,4942.5766,-1,617.8,0.0,,0,0.0,True,False,False,,,,,,,,,,,False,,4.88
31368,34867,34871,110+04179,I66_WB,I-66,WESTBOUND,AM,3.0,12,4,0.35,3,66.71,69.0,2.29,70.58,False,46.697,51.75,2000.0,8000.0,,,9684.1039,0.0,0.0,24000.0,9684.1039,-1,807.0,0.0,,0,0.0,True,False,False,,,,,,,,,,,False,,16.39
31368,34867,34871,110+04179,I66_WB,I-66,WESTBOUND,MD,6.0,24,4,0.35,3,66.71,69.0,2.29,70.58,False,46.697,51.75,2000.0,8000.0,,,21502.9707,0.0,0.0,48000.0,21502.9707,-1,896.0,0.0,,0,0.0,True,False,False,,,,,,,,,,,False,,16.39
31368,34867,34871,110+04179,I66_WB,I-66,WESTBOUND,PM,4.0,16,4,0.35,3,66.71,69.0,2.29,70.58,False,46.697,51.75,2000.0,8000.0,,,17982.9651,0.0,0.0,32000.0,17982.9651,-1,1123.9,0.0,,0,0.0,True,False,False,,,,,,,,,,,False,,16.39
31369,34868,34872,110-58632,I66_WB,I-66,WESTBOUND,AM,3.0,12,2,0.35,3,71.59,75.0,3.41,74.84,True,50.113,56.25,2000.0,4000.0,,,4936.431,0.0,0.0,12000.0,4936.431,-1,822.7,0.0,,0,0.0,True,False,False,,,,,,,,,,,False,,4.88
31369,34868,34872,110-58632,I66_WB,I-66,WESTBOUND,MD,6.0,24,2,0.35,3,71.59,75.0,3.41,74.84,True,50.113,56.25,2000.0,4000.0,,,13926.7166,0.0,0.0,24000.0,13926.7166,-1,1160.6,0.0,,0,0.0,True,False,False,,,,,,,,,,,False,,4.88
31369,34868,34872,110-58632,I66_WB,I-66,WESTBOUND,PM,4.0,16,2,0.35,3,71.59,75.0,3.41,74.84,True,50.113,56.25,2000.0,4000.0,,,4942.5766,0.0,0.0,16000.0,4942.5766,-1,617.8,0.0,,0,0.0,True,False,False,,,,,,,,,,,False,,4.88
31371,34870,35067,110-04178,I66_EB,I-66,EASTBOUND,AM,3.0,12,4,0.48,1,66.81649999999999,69.0,2.18,70.45,False,46.77154999999999,51.75,2000.0,8000.0,7357.640982159468,0.0802948772300664,17047.0493,17152.179988948054,18465.010975112764,21152.179988948054,-1417.961675112765,-1,1420.6,1429.3,0.994,10,0.8333,False,True,False,385.1690592333333,480.0,675.3183840666667,4.835822080555556,22.929565217391303,401.0662592666667,465.0,666.3137885666667,,22.527162261350707,True,0.79,0.79
31371,34870,35067,110-04178,I66_EB,I-66,EASTBOUND,MD,6.0,24,4,0.48,1,66.81649999999999,69.0,2.18,70.45,False,46.77154999999999,51.75,2000.0,8000.0,7549.378801371839,0.0563276498285202,25874.175,32473.66532574369,31600.529761929924,46473.66532574369,-5726.354761929924,-1,1078.1,1353.1,0.797,17,0.7083,False,True,False,789.7648112333334,885.0,1137.7763865666668,5.800192922222222,29.432318840579708,820.1279102666666,885.0,1440.0,,29.84531150680561,True,0.79,0.79
31371,34870,35067,110-04178,I66_EB,I-66,EASTBOUND,PM,4.0,16,4,0.48,1,66.81649999999999,69.0,2.18,70.45,False,46.77154999999999,51.75,2000.0,8000.0,,,16393.8649,30012.278677888888,30104.13421964297,30012.278677888888,-13710.269319642968,-1,1024.6,1875.8,0.546,16,1.0,False,True,False,,,,,,,,,,,True,0.79,0.79
31372,34871,35180,110+04179,I66_WB,I-66,WESTBOUND,AM,3.0,12,4,0.25,3,66.71,63.0,-3.71,70.58,False,46.697,47.25,1900.0,7600.0,,,9684.1039,0.0,0.0,22800.0,9684.1039,-1,807.0,0.0,,0,0.0,True,False,False,,,,,,,,,,,False,,16.39
31372,34871,35180,110+04179,I66_WB,I-66,WESTBOUND,MD,6.0,24,4,0.25,3,66.71,63.0,-3.71,70.58,False,46.697,47.25,1900.0,7600.0,,,21502.9707,0.0,0.0,45600.0,21502.9707,-1,896.0,0.0,,0,0.0,True,False,False,,,,,,,,,,,False,,16.39
31372,34871,35180,110+04179,I66_WB,I-66,WESTBOUND,PM,4.0,16,4,0.25,3,66.71,63.0,-3.71,70.58,False,46.697,47.25,1900.0,7600.0,,,17982.9651,0.0,0.0,30400.0,17982.9651,-1,1123.9,0.0,,0,0.0,True,False,False,,,,,,,,,,,False,,16.39
31373,34872,34875,110-58632,I66_WB,I-66,WESTBOUND,AM,3.0,12,2,0.25,3,71.59,75.0,3.41,74.84,True,50.113,56.25,2000.0,4000.0,,,4936.431,0.0,0.0,12000.0,4936.431,-1,822.7,0.0,,0,0.0,True,False,False,,,,,,,,,,,False,,4.88
31373,34872,34875,110-58632,I66_WB,I-66,WESTBOUND,MD,6.0,24,2,0.25,3,71.59,75.0,3.41,74.84,True,50.113,56.25,2000.0,4000.0,,,13926.7166,0.0,0.0,24000.0,13926.7166,-1,1160.6,0.0,,0,0.0,True,False,False,,,,,,,,,,,False,,4.88
31373,34872,34875,110-58632,I66_WB,I-66,WESTBOUND,PM,4.0,16,2,0.25,3,71.59,75.0,3.41,74.84,True,50.113,56.25,2000.0,4000.0,,,4942.5766,0.0,0.0,16000.0,4942.5766,-1,617.8,0.0,,0,0.0,True,False,False,,,,,,,,,,,False,,4.88
31375,34874,34870,110+58633,I66_EB,I-66,EASTBOUND,AM,3.0,12,4,0.35,2,71.0,69.0,-2.0,75.46,False,49.7,51.75,2000.0,8000.0,,,17047.0493,0.0,0.0,24000.0,17047.0493,-1,1420.6,0.0,,0,0.0,True,False,False,,,,,,,,,,,False,,11.04
31375,34874,34870,110+58633,I66_EB,I-66,EASTBOUND,MD,6.0,24,4,0.35,2,71.0,69.0,-2.0,75.46,False,49.7,51.75,2000.0,8000.0,,,25874.175,0.0,0.0,48000.0,25874.175,-1,1078.1,0.0,,0,0.0,True,False,False,,,,,,,,,,,False,,11.04
31375,34874,34870,110+58633,I66_EB,I-66,EASTBOUND,PM,4.0,16,4,0.35,2,71.0,69.0,-2.0,75.46,False,49.7,51.75,2000.0,8000.0,,,16393.8649,0.0,0.0,32000.0,16393.8649,-1,1024.6,0.0,,0,0.0,True,False,False,,,,,,,,,,,False,,11.04
31376,34875,34877,110-58631,I66_WB,I-66,WESTBOUND,AM,3.0,12,2,1.08,1,71.9165,75.0,3.08,75.06,False,50.34155,56.25,2000.0,4000.0,,,4486.4877,0.0,0.0,12000.0,4486.4877,-1,747.7,0.0,,0,0.0,True,False,False,,,,,,,,,,,False,,3.29
31376,34875,34877,110-58631,I66_WB,I-66,WESTBOUND,MD,6.0,24,2,1.08,1,71.9165,75.0,3.08,75.06,False,50.34155,56.25,2000.0,4000.0,,,12511.1481,0.0,0.0,24000.0,12511.1481,-1,1042.6,0.0,,0,0.0,True,False,False,,,,,,,,,,,False,,3.29
31376,34875,34877,110-58631,I66_WB,I-66,WESTBOUND,PM,4.0,16,2,1.08,1,71.9165,75.0,3.08,75.06,False,50.34155,56.25,2000.0,4000.0,,,4829.4281,0.0,0.0,16000.0,4829.4281,-1,603.7,0.0,,0,0.0,True,False,False,,,,,,,,,,,False,,3.29
31379,34877,36678,110N58631,I66_WB,I-66,WESTBOUND,AM,3.0,12,2,0.36,3,71.59,75.0,3.41,75.06,False,50.113,56.25,2000.0,4000.0,,,4486.4877,0.0,0.0,12000.0,4486.4877,-1,747.7,0.0,,0,0.0,True,False,False,,,,,,,,,,,False,,4.59
31379,34877,36678,110N58631,I66_WB,I-66,WESTBOUND,MD,6.0,24,2,0.36,3,71.59,75.0,3.41,75.06,False,50.113,56.25,2000.0,4000.0,,,12511.1481,0.0,0.0,24000.0,12511.1481,-1,1042.6,0.0,,0,0.0,True,False,False,,,,,,,,,,,False,,4.59
31379,34877,36678,110N58631,I66_WB,I-66,WESTBOUND,PM,4.0,16,2,0.36,3,71.59,75.0,3.41,75.06,False,50.113,56.25,2000.0,4000.0,,,4829.4281,0.0,0.0,16000.0,4829.4281,-1,603.7,0.0,,0,0.0,True,False,False,,,,,,,,,,,False,,4.59
31381,34879,36690,110P04180,I66_WB,I-66,WESTBOUND,AM,3.0,12,4,0.36,1,67.7165,63.0,-4.72,71.59,False,47.40154999999999,47.25,1900.0,7600.0,,,8823.9543,0.0,0.0,22800.0,8823.9543,-1,735.3,0.0,,0,0.0,True,False,False,,,,,,,,,,,False,,9.8
31381,34879,36690,110P04180,I66_WB,I-66,WESTBOUND,MD,6.0,24,4,0.36,1,67.7165,63.0,-4.72,71.59,False,47.40154999999999,47.25,1900.0,7600.0,,,19403.1607,0.0,0.0,45600.0,19403.1607,-1,808.5,0.0,,0,0.0,True,False,False,,,,,,,,,,,False,,9.8
31381,34879,36690,110P04180,I66_WB,I-66,WESTBOUND,PM,4.0,16,4,0.36,1,67.7165,63.0,-4.72,71.59,False,47.40154999999999,47.25,1900.0,7600.0,,,16882.902,0.0,0.0,30400.0,16882.902,-1,1055.2,0.0,,0,0.0,True,False,False,,,,,,,,,,,False,,9.8
31382,34880,35071,110+58632,I66_EB,I-66,EASTBOUND,AM,3.0,12,4,0.16,1,72.52,63.0,-9.52,76.0,False,50.764,47.25,1900.0,7600.0,,,15076.5661,0.0,0.0,22800.0,15076.5661,-1,1256.4,0.0,,0,0.0,True,False,False,,,,,,,,,,,False,,6.37
31382,34880,35071,110+58632,I66_EB,I-66,EASTBOUND,MD,6.0,24,4,0.16,1,72.52,63.0,-9.52,76.0,False,50.764,47.25,1900.0,7600.0,,,23317.1972,0.0,0.0,45600.0,23317.1972,-1,971.5,0.0,,0,0.0,True,False,False,,,,,,,,,,,False,,6.37
31382,34880,35071,110+58632,I66_EB,I-66,EASTBOUND,PM,4.0,16,4,0.16,1,72.52,63.0,-9.52,76.0,False,50.764,47.25,1900.0,7600.0,,,13605.367,0.0,0.0,30400.0,13605.367,-1,850.3,0.0,,0,0.0,True,False,False,,,,,,,,,,,False,,6.37
31383,34881,34883,110-58630,I66_WB,I-66,WESTBOUND,AM,3.0,12,2,1.15,2,72.53,75.0,2.47,75.0,False,50.771,56.25,2000.0,4000.0,,,3382.8998,0.0,0.0,12000.0,3382.8998,-1,563.8,0.0,,0,0.0,True,False,False,,,,,,,,,,,False,,4.64
31383,34881,34883,110-58630,I66_WB,I-66,WESTBOUND,MD,6.0,24,2,1.15,2,72.53,75.0,2.47,75.0,False,50.771,56.25,2000.0,4000.0,,,9777.1033,0.0,0.0,24000.0,9777.1033,-1,814.8,0.0,,0,0.0,True,False,False,,,,,,,,,,,False,,4.64
31383,34881,34883,110-58630,I66_WB,I-66,WESTBOUND,PM,4.0,16,2,1.15,2,72.53,75.0,2.47,75.0,False,50.771,56.25,2000.0,4000.0,,,6712.9062,0.0,0.0,16000.0,6712.9062,-1,839.1,0.0,,0,0.0,True,False,False,,,,,,,,,,,False,,4.64
31386,34883,35691,110-58629,I66_WB,I-66,WESTBOUND,AM,3.0,12,2,0.61,5,71.46,75.0,3.54,73.46,True,50.02199999999999,56.25,2000.0,4000.0,,,2942.8383,0.0,0.0,12000.0,2942.8383,-1,490.5,0.0,,0,0.0,True,False,False,,,,,,,,,,,False,,6.7
31386,34883,35691,110-58629,I66_WB,I-66,WESTBOUND,MD,6.0,24,2,0.61,5,71.46,75.0,3.54,73.46,True,50.02199999999999,56.25,2000.0,4000.0,,,8379.6485,0.0,0.0,24000.0,8379.6485,-1,698.3,0.0,,0,0.0,True,False,False,,,,,,,,,,,False,,6.7
31386,34883,35691,110-58629,I66_WB,I-66,WESTBOUND,PM,4.0,16,2,0.61,5,71.46,75.0,3.54,73.46,True,50.02199999999999,56.25,2000.0,4000.0,,,5851.8703,0.0,0.0,16000.0,5851.8703,-1,731.5,0.0,,0,0.0,True,False,False,,,,,,,,,,,False,,6.7
31388,34885,35184,110P04182,I66_WB,I-66,WESTBOUND,AM,3.0,12,5,0.33,2,68.559,63.0,-5.56,73.05,False,47.9913,47.25,1900.0,9500.0,,,10125.9346,0.0,0.0,28500.0,10125.9346,-1,675.1,0.0,,0,0.0,True,False,False,,,,,,,,,,,True,0.33,0.33
31388,34885,35184,110P04182,I66_WB,I-66,WESTBOUND,MD,6.0,24,5,0.33,2,68.559,63.0,-5.56,73.05,False,47.9913,47.25,1900.0,9500.0,,,26706.669,2346.922595698175,2011.973706827544,56971.922595698175,24694.69529317246,-1,890.2,78.2,11.379,1,0.0417,True,False,False,,,,,,,,,,,True,0.33,0.33
31388,34885,35184,110P04182,I66_WB,I-66,WESTBOUND,PM,4.0,16,5,0.33,2,68.559,63.0,-5.56,73.05,False,47.9913,47.25,1900.0,9500.0,7904.826312968703,0.1679130196875049,18221.3593,31948.852567409864,31601.507161202702,31948.852567409864,-13380.147861202702,-1,911.1,1597.4,0.57,16,1.0,False,True,False,873.7586626333334,1005.0,1150.297046,4.608973056111111,22.91724637681158,894.2870750333333,1020.0,1440.0,,22.65790233763873,True,0.33,0.33
31392,34888,35689,110+58630,I66_EB,I-66,EASTBOUND,AM,3.0,12,5,0.96,4,71.1965,69.0,-2.2,75.0,False,49.83755,51.75,2000.0,10000.0,,,16017.373,0.0,0.0,30000.0,16017.373,-1,1067.8,0.0,,0,0.0,True,False,False,,,,,,,,,,,False,,2.29
31392,34888,35689,110+58630,I66_EB,I-66,EASTBOUND,MD,6.0,24,5,0.96,4,71.1965,69.0,-2.2,75.0,False,49.83755,51.75,2000.0,10000.0,,,26914.1782,0.0,0.0,60000.0,26914.1782,-1,897.1,0.0,,0,0.0,True,False,False,,,,,,,,,,,False,,2.29
31392,34888,35689,110+58630,I66_EB,I-66,EASTBOUND,PM,4.0,16,5,0.96,4,71.1965,69.0,-2.2,75.0,False,49.83755,51.75,2000.0,10000.0,,,16916.3939,0.0,0.0,40000.0,16916.3939,-1,845.8,0.0,,0,0.0,True,False,False,,,,,,,,,,,False,,2.29
31393,34889,35073,110+58631,I66_EB,I-66,EASTBOUND,AM,3.0,12,4,0.8,2,72.45649999999999,63.0,-9.46,75.6,False,50.71954999999999,47.25,1900.0,7600.0,,,14724.534,0.0,0.0,22800.0,14724.534,-1,1227.0,0.0,,0,0.0,True,False,False,,,,,,,,,,,False,,2.5
31393,34889,35073,110+58631,I66_EB,I-66,EASTBOUND,MD,6.0,24,4,0.8,2,72.45649999999999,63.0,-9.46,75.6,False,50.71954999999999,47.25,1900.0,7600.0,,,22374.3979,0.0,0.0,45600.0,22374.3979,-1,932.3,0.0,,0,0.0,True,False,False,,,,,,,,,,,False,,2.5
31393,34889,35073,110+58631,I66_EB,I-66,EASTBOUND,PM,4.0,16,4,0.8,2,72.45649999999999,63.0,-9.46,75.6,False,50.71954999999999,47.25,1900.0,7600.0,,,12995.1233,0.0,0.0,30400.0,12995.1233,-1,812.2,0.0,,0,0.0,True,False,False,,,,,,,,,,,False,,2.5
31395,34890,36691,110-04180,I66_EB,I-66,EASTBOUND,AM,3.0,12,4,0.8,1,67.92,63.0,-4.92,71.96,False,47.544,47.25,1900.0,7600.0,,,15076.5661,0.0,0.0,22800.0,15076.5661,-1,1256.4,0.0,,0,0.0,True,False,False,,,,,,,,,,,False,,6.48
31395,34890,36691,110-04180,I66_EB,I-66,EASTBOUND,MD,6.0,24,4,0.8,1,67.92,63.0,-4.92,71.96,False,47.544,47.25,1900.0,7600.0,,,23317.1972,0.0,0.0,45600.0,23317.1972,-1,971.5,0.0,,0,0.0,True,False,False,,,,,,,,,,,False,,6.48
31395,34890,36691,110-04180,I66_EB,I-66,EASTBOUND,PM,4.0,16,4,0.8,1,67.92,63.0,-4.92,71.96,False,47.544,47.25,1900.0,7600.0,,,13605.367,0.0,0.0,30400.0,13605.367,-1,850.3,0.0,,0,0.0,True,False,False,,,,,,,,,,,False,,6.48
31397,34892,34881,110-58630,I66_WB,I-66,WESTBOUND,AM,3.0,12,2,0.23,2,72.53,75.0,2.47,75.0,False,50.771,56.25,2000.0,4000.0,,,3382.8998,0.0,0.0,12000.0,3382.8998,-1,563.8,0.0,,0,0.0,True,False,False,,,,,,,,,,,False,,4.64
31397,34892,34881,110-58630,I66_WB,I-66,WESTBOUND,MD,6.0,24,2,0.23,2,72.53,75.0,2.47,75.0,False,50.771,56.25,2000.0,4000.0,,,9777.1033,0.0,0.0,24000.0,9777.1033,-1,814.8,0.0,,0,0.0,True,False,False,,,,,,,,,,,False,,4.64
31397,34892,34881,110-58630,I66_WB,I-66,WESTBOUND,PM,4.0,16,2,0.23,2,72.53,75.0,2.47,75.0,False,50.771,56.25,2000.0,4000.0,,,6712.9062,0.0,0.0,16000.0,6712.9062,-1,839.1,0.0,,0,0.0,True,False,False,,,,,,,,,,,False,,4.64
31398,34893,35182,110+04181,I66_WB,I-66,WESTBOUND,AM,3.0,12,4,0.23,2,68.8665,63.0,-5.87,71.87,False,48.20655,47.25,1900.0,7600.0,,,8823.9543,0.0,0.0,22800.0,8823.9543,-1,735.3,0.0,,0,0.0,True,False,False,,,,,,,,,,,False,,11.6
31398,34893,35182,110+04181,I66_WB,I-66,WESTBOUND,MD,6.0,24,4,0.23,2,68.8665,63.0,-5.87,71.87,False,48.20655,47.25,1900.0,7600.0,,,19403.1607,0.0,0.0,45600.0,19403.1607,-1,808.5,0.0,,0,0.0,True,False,False,,,,,,,,,,,False,,11.6
31398,34893,35182,110+04181,I66_WB,I-66,WESTBOUND,PM,4.0,16,4,0.23,2,68.8665,63.0,-5.87,71.87,False,48.20655,47.25,1900.0,7600.0,,,16882.902,0.0,0.0,30400.0,16882.902,-1,1055.2,0.0,,0,0.0,True,False,False,,,,,,,,,,,False,,11.6
31399,34894,36676,110N04182,I66_EB,I-66,EASTBOUND,AM,3.0,12,2,0.04,4,66.45,75.0,8.55,70.59,True,46.515,56.25,2000.0,4000.0,,,7273.1812,0.0,0.0,12000.0,7273.1812,-1,1212.2,0.0,,0,0.0,True,False,False,,,,,,,,,,,False,,5.08
31399,34894,36676,110N04182,I66_EB,I-66,EASTBOUND,MD,6.0,24,2,0.04,4,66.45,75.0,8.55,70.59,True,46.515,56.25,2000.0,4000.0,,,15860.7548,0.0,0.0,24000.0,15860.7548,-1,1321.7,0.0,,0,0.0,True,False,False,,,,,,,,,,,False,,5.08
31399,34894,36676,110N04182,I66_EB,I-66,EASTBOUND,PM,4.0,16,2,0.04,4,66.45,75.0,8.55,70.59,True,46.515,56.25,2000.0,4000.0,,,10541.0336,0.0,0.0,16000.0,10541.0336,-1,1317.6,0.0,,0,0.0,True,False,False,,,,,,,,,,,False,,5.08
31403,34896,35703,110N04182,I66_EB,I-66,EASTBOUND,AM,3.0,12,2,0.01,4,66.45,75.0,8.55,70.59,True,46.515,56.25,2000.0,4000.0,,,87.3784,0.0,0.0,12000.0,87.3784,-1,14.6,0.0,,0,0.0,True,False,False,,,,,,,,,,,False,,5.08
31403,34896,35703,110N04182,I66_EB,I-66,EASTBOUND,MD,6.0,24,2,0.01,4,66.45,75.0,8.55,70.59,True,46.515,56.25,2000.0,4000.0,,,6783.6857,0.0,0.0,24000.0,6783.6857,-1,565.3,0.0,,0,0.0,True,False,False,,,,,,,,,,,False,,5.08
31403,34896,35703,110N04182,I66_EB,I-66,EASTBOUND,PM,4.0,16,2,0.01,4,66.45,75.0,8.55,70.59,True,46.515,56.25,2000.0,4000.0,,,5205.0993,0.0,0.0,16000.0,5205.0993,-1,650.6,0.0,,0,0.0,True,False,False,,,,,,,,,,,False,,5.08
31404,34897,34899,110+04183,I66_WB,I-66,WESTBOUND,AM,3.0,12,2,0.14,3,67.77,75.0,7.23,73.33,True,47.43899999999999,56.25,2000.0,4000.0,,,3209.9114,0.0,0.0,12000.0,3209.9114,-1,535.0,0.0,,0,0.0,True,False,False,,,,,,,,,,,True,0.54,0.54
31404,34897,34899,110+04183,I66_WB,I-66,WESTBOUND,MD,6.0,24,2,0.14,3,67.77,75.0,7.23,73.33,True,47.43899999999999,56.25,2000.0,4000.0,,,8373.7351,2742.605183179775,2176.585457164772,23742.60518317977,6197.149642835228,-1,697.8,228.6,3.053,3,0.125,True,False,False,,,,,,,,,,,True,0.54,0.54
31404,34897,34899,110+04183,I66_WB,I-66,WESTBOUND,PM,4.0,16,2,0.14,3,67.77,75.0,7.23,73.33,True,47.43899999999999,56.25,2000.0,4000.0,2884.5660583567046,0.2788584854108238,3843.9517,11478.43002829819,11530.491525473146,11478.43002829819,-7686.539825473146,-1,480.5,1434.8,0.335,16,1.0,False,True,False,845.5032459666667,1035.0,1166.4495872833334,5.349105688611112,15.38,863.6527993,1035.0,1440.0,,15.29193418120919,True,0.54,0.54
31405,34898,34905,110-58628,I66_WB,I-66,WESTBOUND,AM,3.0,12,4,0.29,10,72.5265,63.0,-9.53,75.0,False,50.76855,47.25,1900.0,7600.0,,,7546.2355,0.0,0.0,22800.0,7546.2355,-1,628.9,0.0,,0,0.0,True,False,False,,,,,,,,,,,False,,9.41
31405,34898,34905,110-58628,I66_WB,I-66,WESTBOUND,MD,6.0,24,4,0.29,10,72.5265,63.0,-9.53,75.0,False,50.76855,47.25,1900.0,7600.0,,,16200.4583,0.0,0.0,45600.0,16200.4583,-1,675.0,0.0,,0,0.0,True,False,False,,,,,,,,,,,False,,9.41
31405,34898,34905,110-58628,I66_WB,I-66,WESTBOUND,PM,4.0,16,4,0.29,10,72.5265,63.0,-9.53,75.0,False,50.76855,47.25,1900.0,7600.0,,,16495.9747,0.0,0.0,30400.0,16495.9747,-1,1031.0,0.0,,0,0.0,True,False,False,,,,,,,,,,,False,,9.41
31406,34899,34904,110+04183,I66_WB,I-66,WESTBOUND,AM,3.0,12,2,0.29,3,67.77,75.0,7.23,73.33,True,47.43899999999999,56.25,2000.0,4000.0,,,3209.9114,0.0,0.0,12000.0,3209.9114,-1,535.0,0.0,,0,0.0,True,False,False,,,,,,,,,,,True,0.54,0.54
31406,34899,34904,110+04183,I66_WB,I-66,WESTBOUND,MD,6.0,24,2,0.29,3,67.77,75.0,7.23,73.33,True,47.43899999999999,56.25,2000.0,4000.0,,,8373.7351,2742.605183179775,2190.6864358175626,23742.60518317977,6183.048664182437,-1,697.8,228.6,3.053,3,0.125,True,False,False,,,,,,,,,,,True,0.54,0.54
31406,34899,34904,110+04183,I66_WB,I-66,WESTBOUND,PM,4.0,16,2,0.29,3,67.77,75.0,7.23,73.33,True,47.43899999999999,56.25,2000.0,4000.0,2884.5660583567046,0.2788584854108238,3843.9517,11478.43002829819,11522.163623949878,11478.43002829819,-7678.211923949879,-1,480.5,1434.8,0.335,16,1.0,False,True,False,845.5032459666667,1035.0,1166.4495872833334,5.349105688611112,15.38,863.6527993,1035.0,1440.0,,15.291934195216111,True,0.54,0.54
31407,34900,34896,110N04182,I66_EB,I-66,EASTBOUND,AM,3.0,12,2,0.16,4,66.45,75.0,8.55,70.59,True,46.515,56.25,2000.0,4000.0,,,121.4594,0.0,0.0,12000.0,121.4594,-1,20.2,0.0,,0,0.0,True,False,False,,,,,,,,,,,False,,5.08
31407,34900,34896,110N04182,I66_EB,I-66,EASTBOUND,MD,6.0,24,2,0.16,4,66.45,75.0,8.55,70.59,True,46.515,56.25,2000.0,4000.0,,,10995.7105,0.0,0.0,24000.0,10995.7105,-1,916.3,0.0,,0,0.0,True,False,False,,,,,,,,,,,False,,5.08
31407,34900,34896,110N04182,I66_EB,I-66,EASTBOUND,PM,4.0,16,2,0.16,4,66.45,75.0,8.55,70.59,True,46.515,56.25,2000.0,4000.0,,,7684.3782,0.0,0.0,16000.0,7684.3782,-1,960.5,0.0,,0,0.0,True,False,False,,,,,,,,,,,False,,5.08
31408,34901,35078,110P58629,I66_EB,I-66,EASTBOUND,AM,3.0,12,4,0.16,1,71.79,63.0,-8.79,75.46,False,50.253,47.25,1900.0,7600.0,,,15203.449,0.0,0.0,22800.0,15203.449,-1,1267.0,0.0,,0,0.0,True,False,False,,,,,,,,,,,False,,2.76
31408,34901,35078,110P58629,I66_EB,I-66,EASTBOUND,MD,6.0,24,4,0.16,1,71.79,63.0,-8.79,75.46,False,50.253,47.25,1900.0,7600.0,,,18235.495,0.0,0.0,45600.0,18235.495,-1,759.8,0.0,,0,0.0,True,False,False,,,,,,,,,,,False,,2.76
31408,34901,35078,110P58629,I66_EB,I-66,EASTBOUND,PM,4.0,16,4,0.16,1,71.79,63.0,-8.79,75.46,False,50.253,47.25,1900.0,7600.0,,,11732.9217,0.0,0.0,30400.0,11732.9217,-1,733.3,0.0,,0,0.0,True,False,False,,,,,,,,,,,False,,2.76
31409,34902,34901,110+58629,I66_EB,I-66,EASTBOUND,AM,3.0,12,4,0.23,10,72.0,63.0,-9.0,75.0,False,50.4,47.25,1900.0,7600.0,,,15203.449,0.0,0.0,22800.0,15203.449,-1,1267.0,0.0,,0,0.0,True,False,False,,,,,,,,,,,False,,2.56
31409,34902,34901,110+58629,I66_EB,I-66,EASTBOUND,MD,6.0,24,4,0.23,10,72.0,63.0,-9.0,75.0,False,50.4,47.25,1900.0,7600.0,,,18235.495,0.0,0.0,45600.0,18235.495,-1,759.8,0.0,,0,0.0,True,False,False,,,,,,,,,,,False,,2.56
31409,34902,34901,110+58629,I66_EB,I-66,EASTBOUND,PM,4.0,16,4,0.23,10,72.0,63.0,-9.0,75.0,False,50.4,47.25,1900.0,7600.0,,,11732.9217,0.0,0.0,30400.0,11732.9217,-1,733.3,0.0,,0,0.0,True,False,False,,,,,,,,,,,False,,2.56
31410,34903,34900,110-04182,I66_EB,I-66,EASTBOUND,AM,3.0,12,2,0.23,2,64.7955,75.0,10.2,69.25,True,45.35685,56.25,2000.0,4000.0,3965.323679966313,0.0086690800084217,121.4594,8814.938611026279,8929.987881729998,11814.93861102628,-8808.528481729998,-1,20.2,1469.2,0.014,9,0.75,False,True,False,397.14408103333335,495.0,575.32607225,2.969699853611111,36.70246376811594,424.3025555,495.0,571.3388018666667,2.450604106111111,36.14019940125337,False,,6.4
31410,34903,34900,110-04182,I66_EB,I-66,EASTBOUND,MD,6.0,24,2,0.23,2,64.7955,75.0,10.2,69.25,True,45.35685,56.25,2000.0,4000.0,,,10995.7105,2990.4599060675605,2961.1437327332087,23990.45990606756,8034.5667672667905,-1,916.3,249.2,3.677,3,0.125,True,False,False,,,,,,,,,,,False,,6.4
31410,34903,34900,110-04182,I66_EB,I-66,EASTBOUND,PM,4.0,16,2,0.23,2,64.7955,75.0,10.2,69.25,True,45.35685,56.25,2000.0,4000.0,,,7684.3782,0.0,0.0,16000.0,7684.3782,-1,960.5,0.0,,0,0.0,True,False,False,,,,,,,,,,,False,,6.4
31411,34904,34907,110+04183,I66_WB,I-66,WESTBOUND,AM,3.0,12,2,0.15,3,67.77,75.0,7.23,73.33,True,47.43899999999999,56.25,2000.0,4000.0,,,3209.9114,0.0,0.0,12000.0,3209.9114,-1,535.0,0.0,,0,0.0,True,False,False,,,,,,,,,,,True,0.54,0.54
31411,34904,34907,110+04183,I66_WB,I-66,WESTBOUND,MD,6.0,24,2,0.15,3,67.77,75.0,7.23,73.33,True,47.43899999999999,56.25,2000.0,4000.0,,,8373.7351,2742.605183179775,2177.525522436364,23742.60518317977,6196.209577563636,-1,697.8,228.6,3.053,3,0.125,True,False,False,,,,,,,,,,,True,0.54,0.54
31411,34904,34907,110+04183,I66_WB,I-66,WESTBOUND,PM,4.0,16,2,0.15,3,67.77,75.0,7.23,73.33,True,47.43899999999999,56.25,2000.0,4000.0,2884.5660583567046,0.2788584854108238,3843.9517,11478.43002829819,11529.936331971354,11478.43002829819,-7685.984631971354,-1,480.5,1434.8,0.335,16,1.0,False,True,False,845.5032459666667,1035.0,1166.4495872833334,5.349105688611112,15.38,863.6527993166667,1035.0,1440.0,,15.291934188000454,True,0.54,0.54
31412,34905,35186,110-58628,I66_WB,I-66,WESTBOUND,AM,3.0,12,4,0.15,10,72.5265,63.0,-9.53,75.0,False,50.76855,47.25,1900.0,7600.0,,,7546.2355,0.0,0.0,22800.0,7546.2355,-1,628.9,0.0,,0,0.0,True,False,False,,,,,,,,,,,False,,9.41
31412,34905,35186,110-58628,I66_WB,I-66,WESTBOUND,MD,6.0,24,4,0.15,10,72.5265,63.0,-9.53,75.0,False,50.76855,47.25,1900.0,7600.0,,,16200.4583,0.0,0.0,45600.0,16200.4583,-1,675.0,0.0,,0,0.0,True,False,False,,,,,,,,,,,False,,9.41
31412,34905,35186,110-58628,I66_WB,I-66,WESTBOUND,PM,4.0,16,4,0.15,10,72.5265,63.0,-9.53,75.0,False,50.76855,47.25,1900.0,7600.0,,,16495.9747,0.0,0.0,30400.0,16495.9747,-1,1031.0,0.0,,0,0.0,True,False,False,,,,,,,,,,,False,,9.41
31413,34906,34903,110-04182,I66_EB,I-66,EASTBOUND,AM,3.0,12,2,0.18,2,64.7955,75.0,10.2,69.25,True,45.35685,56.25,2000.0,4000.0,3965.323679966313,0.0086690800084217,121.4594,8814.938611026279,8928.891281291233,11814.93861102628,-8807.431881291233,-1,20.2,1469.2,0.014,9,0.75,False,True,False,397.14408103333335,495.0,575.32607225,2.969699853611111,36.70246376811594,425.71477135,495.0,566.181147,2.341106260833333,36.83854434797011,False,,6.4
31413,34906,34903,110-04182,I66_EB,I-66,EASTBOUND,MD,6.0,24,2,0.18,2,64.7955,75.0,10.2,69.25,True,45.35685,56.25,2000.0,4000.0,,,10995.7105,2990.4599060675605,2967.5119846395896,23990.45990606756,8028.198515360409,-1,916.3,249.2,3.677,3,0.125,True,False,False,,,,,,,,,,,False,,6.4
31413,34906,34903,110-04182,I66_EB,I-66,EASTBOUND,PM,4.0,16,2,0.18,2,64.7955,75.0,10.2,69.25,True,45.35685,56.25,2000.0,4000.0,,,7684.3782,0.0,0.0,16000.0,7684.3782,-1,960.5,0.0,,0,0.0,True,False,False,,,,,,,,,,,False,,6.4
31414,34907,34909,110P04183,I66_WB,I-66,WESTBOUND,AM,3.0,12,2,0.49,1,68.91,75.0,6.09,73.2,True,48.237,56.25,2000.0,4000.0,,,3209.9114,0.0,0.0,12000.0,3209.9114,-1,535.0,0.0,,0,0.0,True,False,False,,,,,,,,,,,True,0.52,0.52
31414,34907,34909,110P04183,I66_WB,I-66,WESTBOUND,MD,6.0,24,2,0.49,1,68.91,75.0,6.09,73.2,True,48.237,56.25,2000.0,4000.0,,,8373.7351,2862.4048572597767,2384.4933311274976,23862.40485725977,5989.241768872502,-1,697.8,238.5,2.925,3,0.125,True,False,False,,,,,,,,,,,True,0.52,0.52
31414,34907,34909,110P04183,I66_WB,I-66,WESTBOUND,PM,4.0,16,2,0.49,1,68.91,75.0,6.09,73.2,True,48.237,56.25,2000.0,4000.0,3139.683865608782,0.2150790335978044,3843.9517,12265.249268986474,12549.442816756353,12265.249268986474,-8705.491116756353,-1,480.5,1533.2,0.313,16,1.0,False,True,False,848.8839540499999,1065.0,1170.4884649666667,5.3600751819444445,17.415797101449275,864.7999202833333,1065.0,1440.0,,17.498838546086333,True,0.52,0.52
31415,34908,34906,110N04183,I66_EB,I-66,EASTBOUND,AM,3.0,12,2,0.46,1,67.1665,75.0,7.83,72.11,True,47.01655,56.25,2000.0,4000.0,3931.4996865970106,0.0171250783507473,121.4594,8695.561740495545,8863.4951439042,11695.561740495545,-8742.0357439042,-1,20.2,1449.3,0.014,9,0.75,False,True,False,396.7006292833333,480.0,570.7347475666667,2.900568638055556,34.99159420289856,426.2663564,495.0,565.9996437000001,2.3288881216666666,34.52799037982455,False,,5.71
31415,34908,34906,110N04183,I66_EB,I-66,EASTBOUND,MD,6.0,24,2,0.46,1,67.1665,75.0,7.83,72.11,True,47.01655,56.25,2000.0,4000.0,,,10995.7105,2979.557525956186,2931.3921102191557,23979.557525956185,8064.318389780844,-1,916.3,248.3,3.69,3,0.125,True,False,False,,,,,,,,,,,False,,5.71
31415,34908,34906,110N04183,I66_EB,I-66,EASTBOUND,PM,4.0,16,2,0.46,1,67.1665,75.0,7.83,72.11,True,47.01655,56.25,2000.0,4000.0,,,7684.3782,0.0,0.0,16000.0,7684.3782,-1,960.5,0.0,,0,0.0,True,False,False,,,,,,,,,,,False,,5.71
31416,34909,34911,110+04184,I66_WB,I-66,WESTBOUND,AM,3.0,12,2,0.25,6,68.98,75.0,6.02,72.32,True,48.286,56.25,2000.0,4000.0,,,3209.9114,0.0,0.0,12000.0,3209.9114,-1,535.0,0.0,,0,0.0,True,False,False,,,,,,,,,,,True,2.16,3.27
31416,34909,34911,110+04184,I66_WB,I-66,WESTBOUND,MD,6.0,24,2,0.25,6,68.98,75.0,6.02,72.32,True,48.286,56.25,2000.0,4000.0,,,8373.7351,0.0,0.0,24000.0,8373.7351,-1,697.8,0.0,,0,0.0,True,False,False,,,,,,,,,,,True,2.16,3.27
31416,34909,34911,110+04184,I66_WB,I-66,WESTBOUND,PM,4.0,16,2,0.25,6,68.98,75.0,6.02,72.32,True,48.286,56.25,2000.0,4000.0,3856.2303322116654,0.0359424169470836,3843.9517,14155.133703706591,14470.441739640395,15155.133703706591,-10626.490039640395,-1,480.5,1769.4,0.272,15,0.9375,False,True,False,907.3498532166668,1080.0,1162.9114303666668,4.259359619166667,28.853478260869565,928.3367766166666,1080.0,1440.0,,29.015162308448364,True,2.16,3.27
31417,34910,34917,110-58628,I66_WB,I-66,WESTBOUND,AM,3.0,12,3,0.78,10,72.5265,63.0,-9.53,75.0,False,50.76855,47.25,1900.0,5700.0,,,8440.1469,0.0,0.0,17100.0,8440.1469,-1,937.8,0.0,,0,0.0,True,False,False,,,,,,,,,,,False,,9.41
31417,34910,34917,110-58628,I66_WB,I-66,WESTBOUND,MD,6.0,24,3,0.78,10,72.5265,63.0,-9.53,75.0,False,50.76855,47.25,1900.0,5700.0,,,16040.7939,0.0,0.0,34200.0,16040.7939,-1,891.2,0.0,,0,0.0,True,False,False,,,,,,,,,,,False,,9.41
31417,34910,34917,110-58628,I66_WB,I-66,WESTBOUND,PM,4.0,16,3,0.78,10,72.5265,63.0,-9.53,75.0,False,50.76855,47.25,1900.0,5700.0,,,15611.3843,0.0,0.0,22800.0,15611.3843,-1,1300.9,0.0,,0,0.0,True,False,False,,,,,,,,,,,False,,9.41
31418,34911,34916,110+04184,I66_WB,I-66,WESTBOUND,AM,3.0,12,2,0.78,6,68.98,75.0,6.02,72.32,True,48.286,56.25,2000.0,4000.0,,,3209.9114,0.0,0.0,12000.0,3209.9114,-1,535.0,0.0,,0,0.0,True,False,False,,,,,,,,,,,True,2.43,3.53
31418,34911,34916,110+04184,I66_WB,I-66,WESTBOUND,MD,6.0,24,2,0.78,6,68.98,75.0,6.02,72.32,True,48.286,56.25,2000.0,4000.0,,,8373.7351,0.0,0.0,24000.0,8373.7351,-1,697.8,0.0,,0,0.0,True,False,False,,,,,,,,,,,True,2.43,3.53
31418,34911,34916,110+04184,I66_WB,I-66,WESTBOUND,PM,4.0,16,2,0.78,6,68.98,75.0,6.02,72.32,True,48.286,56.25,2000.0,4000.0,3856.2303322116654,0.0359424169470836,3843.9517,14155.133703706591,14491.589681811494,15155.133703706591,-10647.637981811497,-1,480.5,1769.4,0.272,15,0.9375,False,True,False,907.3498532166668,1080.0,1162.9114303666668,4.259359619166667,28.853478260869565,930.4776218166668,1080.0,1440.0,,28.964898938872924,True,2.43,3.53
31419,34912,34908,110-04183,I66_EB,I-66,EASTBOUND,AM,3.0,12,2,0.46,6,69.369,75.0,5.63,72.86,True,48.5583,56.25,2000.0,4000.0,3840.5454023210655,0.0398636494197334,121.4594,9434.815516767118,9615.736933610606,11434.815516767118,-9494.277533610606,-1,20.2,1572.5,0.013,10,0.8333,False,True,False,379.19888541666666,480.0,563.9572890666666,3.0793067275,31.92304347826087,402.9302406166667,495.0,551.2840789833333,2.472563972777778,32.69166819154183,False,,5.68
31419,34912,34908,110-04183,I66_EB,I-66,EASTBOUND,MD,6.0,24,2,0.46,6,69.369,75.0,5.63,72.86,True,48.5583,56.25,2000.0,4000.0,,,10995.7105,1984.9424419785328,1908.2218725515888,23984.94244197853,9087.48862744841,-1,916.3,165.4,5.54,2,0.0833,True,False,False,,,,,,,,,,,False,,5.68
31419,34912,34908,110-04183,I66_EB,I-66,EASTBOUND,PM,4.0,16,2,0.46,6,69.369,75.0,5.63,72.86,True,48.5583,56.25,2000.0,4000.0,,,7684.3782,0.0,0.0,16000.0,7684.3782,-1,960.5,0.0,,0,0.0,True,False,False,,,,,,,,,,,False,,5.68
31420,34913,35082,110+58629,I66_EB,I-66,EASTBOUND,AM,3.0,12,3,0.46,10,72.0,69.0,-3.0,75.0,False,50.4,51.75,2000.0,6000.0,,,14016.1928,0.0,0.0,18000.0,14016.1928,-1,1557.4,0.0,,0,0.0,True,False,False,,,,,,,,,,,False,,2.56
31420,34913,35082,110+58629,I66_EB,I-66,EASTBOUND,MD,6.0,24,3,0.46,10,72.0,69.0,-3.0,75.0,False,50.4,51.75,2000.0,6000.0,,,15397.8275,0.0,0.0,36000.0,15397.8275,-1,855.4,0.0,,0,0.0,True,False,False,,,,,,,,,,,False,,2.56
31420,34913,35082,110+58629,I66_EB,I-66,EASTBOUND,PM,4.0,16,3,0.46,10,72.0,69.0,-3.0,75.0,False,50.4,51.75,2000.0,6000.0,,,10649.5931,0.0,0.0,24000.0,10649.5931,-1,887.5,0.0,,0,0.0,True,False,False,,,,,,,,,,,False,,2.56
31421,34914,34913,110+58629,I66_EB,I-66,EASTBOUND,AM,3.0,12,3,0.65,10,72.0,63.0,-9.0,75.0,False,50.4,47.25,1900.0,5700.0,,,14016.1928,0.0,0.0,17100.0,14016.1928,-1,1557.4,0.0,,0,0.0,True,False,False,,,,,,,,,,,False,,2.56
31421,34914,34913,110+58629,I66_EB,I-66,EASTBOUND,MD,6.0,24,3,0.65,10,72.0,63.0,-9.0,75.0,False,50.4,47.25,1900.0,5700.0,,,15397.8275,0.0,0.0,34200.0,15397.8275,-1,855.4,0.0,,0,0.0,True,False,False,,,,,,,,,,,False,,2.56
31421,34914,34913,110+58629,I66_EB,I-66,EASTBOUND,PM,4.0,16,3,0.65,10,72.0,63.0,-9.0,75.0,False,50.4,47.25,1900.0,5700.0,,,10649.5931,0.0,0.0,22800.0,10649.5931,-1,887.5,0.0,,0,0.0,True,False,False,,,,,,,,,,,False,,2.56
31422,34915,34912,110-04183,I66_EB,I-66,EASTBOUND,AM,3.0,12,2,0.65,6,69.369,75.0,5.63,72.86,True,48.5583,56.25,2000.0,4000.0,3840.5454023210655,0.0398636494197334,121.4594,9434.815516767118,9621.335349380632,11434.815516767118,-9499.875949380634,-1,20.2,1572.5,0.013,10,0.8333,False,True,False,379.19888541666666,480.0,563.9572890666666,3.0793067275,31.92304347826087,404.0896701666667,480.0,551.56302155,2.4578891897222226,32.48838891863085,False,,5.68
31422,34915,34912,110-04183,I66_EB,I-66,EASTBOUND,MD,6.0,24,2,0.65,6,69.369,75.0,5.63,72.86,True,48.5583,56.25,2000.0,4000.0,,,10995.7105,1984.9424419785328,1903.88785365262,23984.94244197853,9091.82264634738,-1,916.3,165.4,5.54,2,0.0833,True,False,False,,,,,,,,,,,False,,5.68
31422,34915,34912,110-04183,I66_EB,I-66,EASTBOUND,PM,4.0,16,2,0.65,6,69.369,75.0,5.63,72.86,True,48.5583,56.25,2000.0,4000.0,,,7684.3782,0.0,0.0,16000.0,7684.3782,-1,960.5,0.0,,0,0.0,True,False,False,,,,,,,,,,,False,,5.68
31423,34916,34919,110+04184,I66_WB,I-66,WESTBOUND,AM,3.0,12,2,1.07,6,68.98,75.0,6.02,72.32,True,48.286,56.25,2000.0,4000.0,,,3209.9114,0.0,0.0,12000.0,3209.9114,-1,535.0,0.0,,0,0.0,True,False,False,,,,,,,,,,,True,4.71,5.66
31423,34916,34919,110+04184,I66_WB,I-66,WESTBOUND,MD,6.0,24,2,1.07,6,68.98,75.0,6.02,72.32,True,48.286,56.25,2000.0,4000.0,,,8373.7351,0.0,0.0,24000.0,8373.7351,-1,697.8,0.0,,0,0.0,True,False,False,,,,,,,,,,,True,4.71,5.66
31423,34916,34919,110+04184,I66_WB,I-66,WESTBOUND,PM,4.0,16,2,1.07,6,68.98,75.0,6.02,72.32,True,48.286,56.25,2000.0,4000.0,3856.2303322116654,0.0359424169470836,3843.9517,14155.133703706591,14492.83869471756,15155.133703706591,-10648.88699471756,-1,480.5,1769.4,0.272,15,0.9375,False,True,False,907.3498532166668,1080.0,1162.9114303666668,4.259359619166667,28.853478260869565,936.9621807666666,1080.0,1440.0,,31.16366510708432,True,4.71,5.66
31424,34917,35320,110-58628,I66_WB,I-66,WESTBOUND,AM,3.0,12,3,0.39,10,72.5265,69.0,-3.53,75.0,False,50.76855,51.75,2000.0,6000.0,,,8440.1469,0.0,0.0,18000.0,8440.1469,-1,937.8,0.0,,0,0.0,True,False,False,,,,,,,,,,,False,,9.41
31424,34917,35320,110-58628,I66_WB,I-66,WESTBOUND,MD,6.0,24,3,0.39,10,72.5265,69.0,-3.53,75.0,False,50.76855,51.75,2000.0,6000.0,,,16040.7939,0.0,0.0,36000.0,16040.7939,-1,891.2,0.0,,0,0.0,True,False,False,,,,,,,,,,,False,,9.41
31424,34917,35320,110-58628,I66_WB,I-66,WESTBOUND,PM,4.0,16,3,0.39,10,72.5265,69.0,-3.53,75.0,False,50.76855,51.75,2000.0,6000.0,,,15611.3843,0.0,0.0,24000.0,15611.3843,-1,1300.9,0.0,,0,0.0,True,False,False,,,,,,,,,,,False,,9.41
31425,34918,40320,110-58628,I66_WB,I-66,WESTBOUND,AM,3.0,12,3,0.67,10,72.5265,75.0,2.47,75.0,False,50.76855,56.25,2000.0,6000.0,,,8440.1469,0.0,0.0,18000.0,8440.1469,-1,937.8,0.0,,0,0.0,True,False,False,,,,,,,,,,,False,,9.41
31425,34918,40320,110-58628,I66_WB,I-66,WESTBOUND,MD,6.0,24,3,0.67,10,72.5265,75.0,2.47,75.0,False,50.76855,56.25,2000.0,6000.0,,,16040.7939,0.0,0.0,36000.0,16040.7939,-1,891.2,0.0,,0,0.0,True,False,False,,,,,,,,,,,False,,9.41
31425,34918,40320,110-58628,I66_WB,I-66,WESTBOUND,PM,4.0,16,3,0.67,10,72.5265,75.0,2.47,75.0,False,50.76855,56.25,2000.0,6000.0,,,15611.3843,0.0,0.0,24000.0,15611.3843,-1,1300.9,0.0,,0,0.0,True,False,False,,,,,,,,,,,False,,9.41
31426,34919,40266,110+04184,I66_WB,I-66,WESTBOUND,AM,3.0,12,2,0.67,6,68.98,75.0,6.02,72.32,True,48.286,56.25,2000.0,4000.0,,,3209.9114,0.0,0.0,12000.0,3209.9114,-1,535.0,0.0,,0,0.0,True,False,False,,,,,,,,,,,True,2.4,3.5
31426,34919,40266,110+04184,I66_WB,I-66,WESTBOUND,MD,6.0,24,2,0.67,6,68.98,75.0,6.02,72.32,True,48.286,56.25,2000.0,4000.0,,,8373.7351,0.0,0.0,24000.0,8373.7351,-1,697.8,0.0,,0,0.0,True,False,False,,,,,,,,,,,True,2.4,3.5
31426,34919,40266,110+04184,I66_WB,I-66,WESTBOUND,PM,4.0,16,2,0.67,6,68.98,75.0,6.02,72.32,True,48.286,56.25,2000.0,4000.0,3856.2303322116654,0.0359424169470836,3843.9517,14155.133703706591,14487.220844591471,15155.133703706591,-10643.269144591472,-1,480.5,1769.4,0.272,15,0.9375,False,True,False,907.3498532166668,1080.0,1162.9114303666668,4.259359619166667,28.853478260869565,929.9061721666666,1080.0,1440.0,,28.97683239250084,True,2.4,3.5
31427,34920,34915,110-04183,I66_EB,I-66,EASTBOUND,AM,3.0,12,2,1.07,6,69.369,75.0,5.63,72.86,True,48.5583,56.25,2000.0,4000.0,3840.5454023210655,0.0398636494197334,121.4594,9434.815516767118,9624.25169680599,11434.815516767118,-9502.79229680599,-1,20.2,1572.5,0.013,10,0.8333,False,True,False,379.19888541666666,480.0,563.9572890666666,3.0793067275,31.92304347826087,404.07200703333336,495.0,542.0539978166667,2.299699846388889,37.002893034239605,False,,5.68
31427,34920,34915,110-04183,I66_EB,I-66,EASTBOUND,MD,6.0,24,2,1.07,6,69.369,75.0,5.63,72.86,True,48.5583,56.25,2000.0,4000.0,,,10995.7105,1984.9424419785328,1886.919577959419,23984.94244197853,9108.79092204058,-1,916.3,165.4,5.54,2,0.0833,True,False,False,,,,,,,,,,,False,,5.68
31427,34920,34915,110-04183,I66_EB,I-66,EASTBOUND,PM,4.0,16,2,1.07,6,69.369,75.0,5.63,72.86,True,48.5583,56.25,2000.0,4000.0,,,7684.3782,0.0,0.0,16000.0,7684.3782,-1,960.5,0.0,,0,0.0,True,False,False,,,,,,,,,,,False,,5.68
31428,34921,35323,110+58629,I66_EB,I-66,EASTBOUND,AM,3.0,12,3,0.5,10,72.0,75.0,3.0,75.0,False,50.4,56.25,2000.0,6000.0,,,14016.1928,0.0,0.0,18000.0,14016.1928,-1,1557.4,0.0,,0,0.0,True,False,False,,,,,,,,,,,False,,2.56
31428,34921,35323,110+58629,I66_EB,I-66,EASTBOUND,MD,6.0,24,3,0.5,10,72.0,75.0,3.0,75.0,False,50.4,56.25,2000.0,6000.0,,,15397.8275,0.0,0.0,36000.0,15397.8275,-1,855.4,0.0,,0,0.0,True,False,False,,,,,,,,,,,False,,2.56
31428,34921,35323,110+58629,I66_EB,I-66,EASTBOUND,PM,4.0,16,3,0.5,10,72.0,75.0,3.0,75.0,False,50.4,56.25,2000.0,6000.0,,,10649.5931,0.0,0.0,24000.0,10649.5931,-1,887.5,0.0,,0,0.0,True,False,False,,,,,,,,,,,False,,2.56
31429,34922,34920,110-04183,I66_EB,I-66,EASTBOUND,AM,3.0,12,2,0.67,6,69.369,75.0,5.63,72.86,True,48.5583,56.25,2000.0,4000.0,3840.5454023210655,0.0398636494197334,121.4594,9434.815516767118,9624.158341951028,11434.815516767118,-9502.698941951028,-1,20.2,1572.5,0.013,10,0.8333,False,True,False,379.19888541666666,480.0,563.9572890666666,3.0793067275,31.92304347826087,403.36226361666667,480.0,554.5309156999999,2.519477534722222,33.06403118199232,False,,5.68
31429,34922,34920,110-04183,I66_EB,I-66,EASTBOUND,MD,6.0,24,2,0.67,6,69.369,75.0,5.63,72.86,True,48.5583,56.25,2000.0,4000.0,,,10995.7105,1984.9424419785328,1898.541570995465,23984.94244197853,9097.168929004534,-1,916.3,165.4,5.54,2,0.0833,True,False,False,,,,,,,,,,,False,,5.68
31429,34922,34920,110-04183,I66_EB,I-66,EASTBOUND,PM,4.0,16,2,0.67,6,69.369,75.0,5.63,72.86,True,48.5583,56.25,2000.0,4000.0,,,7684.3782,0.0,0.0,16000.0,7684.3782,-1,960.5,0.0,,0,0.0,True,False,False,,,,,,,,,,,False,,5.68
31720,35034,35480,110P58636,I66_EB,I-66,EASTBOUND,AM,3.0,12,3,0.46,1,68.766,69.0,0.23,75.0,False,48.1362,51.75,2000.0,6000.0,,,0.0,0.0,0.0,18000.0,0.0,-1,0.0,0.0,,0,0.0,True,False,False,,,,,,,,,,,False,,4.93
31720,35034,35480,110P58636,I66_EB,I-66,EASTBOUND,MD,6.0,24,3,0.46,1,68.766,69.0,0.23,75.0,False,48.1362,51.75,2000.0,6000.0,,,18253.3525,0.0,0.0,36000.0,18253.3525,-1,1014.1,0.0,,0,0.0,True,False,False,,,,,,,,,,,False,,4.93
31720,35034,35480,110P58636,I66_EB,I-66,EASTBOUND,PM,4.0,16,3,0.46,1,68.766,69.0,0.23,75.0,False,48.1362,51.75,2000.0,6000.0,,,13098.4689,0.0,0.0,24000.0,13098.4689,-1,1091.5,0.0,,0,0.0,True,False,False,,,,,,,,,,,False,,4.93
31724,35036,35034,110+58636,I66_EB,I-66,EASTBOUND,AM,3.0,12,3,0.47,1,67.763,69.0,1.24,75.0,False,47.4341,51.75,2000.0,6000.0,,,6193.5253,0.0,0.0,18000.0,6193.5253,-1,688.2,0.0,,0,0.0,True,False,False,,,,,,,,,,,False,,6.12
31724,35036,35034,110+58636,I66_EB,I-66,EASTBOUND,MD,6.0,24,3,0.47,1,67.763,69.0,1.24,75.0,False,47.4341,51.75,2000.0,6000.0,,,12036.9284,0.0,0.0,36000.0,12036.9284,-1,668.7,0.0,,0,0.0,True,False,False,,,,,,,,,,,False,,6.12
31724,35036,35034,110+58636,I66_EB,I-66,EASTBOUND,PM,4.0,16,3,0.47,1,67.763,69.0,1.24,75.0,False,47.4341,51.75,2000.0,6000.0,,,8060.1482,0.0,0.0,24000.0,8060.1482,-1,671.7,0.0,,0,0.0,True,False,False,,,,,,,,,,,False,,6.12
31781,35061,34850,110+58635,I66_EB,I-66,EASTBOUND,AM,3.0,12,4,0.29,4,70.1265,63.0,-7.13,74.73,False,49.08854999999999,47.25,1900.0,7600.0,,,15261.8913,0.0,0.0,22800.0,15261.8913,-1,1271.8,0.0,,0,0.0,True,False,False,,,,,,,,,,,False,,4.58
31781,35061,34850,110+58635,I66_EB,I-66,EASTBOUND,MD,6.0,24,4,0.29,4,70.1265,63.0,-7.13,74.73,False,49.08854999999999,47.25,1900.0,7600.0,,,27838.9502,0.0,0.0,45600.0,27838.9502,-1,1160.0,0.0,,0,0.0,True,False,False,,,,,,,,,,,False,,4.58
31781,35061,34850,110+58635,I66_EB,I-66,EASTBOUND,PM,4.0,16,4,0.29,4,70.1265,63.0,-7.13,74.73,False,49.08854999999999,47.25,1900.0,7600.0,,,16729.798,0.0,0.0,30400.0,16729.798,-1,1045.6,0.0,,0,0.0,True,False,False,,,,,,,,,,,False,,4.58
31785,35063,35061,110+58635,I66_EB,I-66,EASTBOUND,AM,3.0,12,4,1.43,4,70.1265,63.0,-7.13,74.73,False,49.08854999999999,47.25,1900.0,7600.0,,,14038.3054,0.0,0.0,22800.0,14038.3054,-1,1169.9,0.0,,0,0.0,True,False,False,,,,,,,,,,,False,,4.58
31785,35063,35061,110+58635,I66_EB,I-66,EASTBOUND,MD,6.0,24,4,1.43,4,70.1265,63.0,-7.13,74.73,False,49.08854999999999,47.25,1900.0,7600.0,,,23502.6181,0.0,0.0,45600.0,23502.6181,-1,979.3,0.0,,0,0.0,True,False,False,,,,,,,,,,,False,,4.58
31785,35063,35061,110+58635,I66_EB,I-66,EASTBOUND,PM,4.0,16,4,1.43,4,70.1265,63.0,-7.13,74.73,False,49.08854999999999,47.25,1900.0,7600.0,,,14477.6979,0.0,0.0,30400.0,14477.6979,-1,904.9,0.0,,0,0.0,True,False,False,,,,,,,,,,,False,,4.58
31790,35065,34862,110+58634,I66_EB,I-66,EASTBOUND,AM,3.0,12,4,0.53,1,71.31,63.0,-8.31,75.46,False,49.917,47.25,1900.0,7600.0,,,15292.876,0.0,0.0,22800.0,15292.876,-1,1274.4,0.0,,0,0.0,True,False,False,,,,,,,,,,,False,,6.94
31790,35065,34862,110+58634,I66_EB,I-66,EASTBOUND,MD,6.0,24,4,0.53,1,71.31,63.0,-8.31,75.46,False,49.917,47.25,1900.0,7600.0,,,25182.8843,0.0,0.0,45600.0,25182.8843,-1,1049.3,0.0,,0,0.0,True,False,False,,,,,,,,,,,False,,6.94
31790,35065,34862,110+58634,I66_EB,I-66,EASTBOUND,PM,4.0,16,4,0.53,1,71.31,63.0,-8.31,75.46,False,49.917,47.25,1900.0,7600.0,,,15651.1085,0.0,0.0,30400.0,15651.1085,-1,978.2,0.0,,0,0.0,True,False,False,,,,,,,,,,,False,,6.94
31795,35067,35065,110N04178,I66_EB,I-66,EASTBOUND,AM,3.0,12,4,0.99,1,68.72,63.0,-5.72,71.38,False,48.104,47.25,1900.0,7600.0,7527.692087095679,0.0095141990663579,14687.3084,14890.068874590685,15071.979125862015,22490.068874590685,-384.6707258620172,-1,1223.9,1240.8,0.986,8,0.6667,False,True,False,412.55812813333335,495.0,627.2263782666666,3.577804168888889,39.71144927536233,,,,,,False,,20.36
31795,35067,35065,110N04178,I66_EB,I-66,EASTBOUND,MD,6.0,24,4,0.99,1,68.72,63.0,-5.72,71.38,False,48.104,47.25,1900.0,7600.0,,,23332.4633,11384.868020444206,11210.761700876985,45584.868020444206,12121.701599123016,-1,972.2,474.4,2.049,6,0.25,True,False,False,,,,,,,,,,,False,,20.36
31795,35067,35065,110N04178,I66_EB,I-66,EASTBOUND,PM,4.0,16,4,0.99,1,68.72,63.0,-5.72,71.38,False,48.104,47.25,1900.0,7600.0,,,14020.2227,0.0,0.0,30400.0,14020.2227,-1,876.3,0.0,,0,0.0,True,False,False,,,,,,,,,,,False,,20.36
31800,35069,34874,110+58633,I66_EB,I-66,EASTBOUND,AM,3.0,12,4,0.06,2,71.0,69.0,-2.0,75.46,False,49.7,51.75,2000.0,8000.0,,,17047.0493,0.0,0.0,24000.0,17047.0493,-1,1420.6,0.0,,0,0.0,True,False,False,,,,,,,,,,,False,,11.04
31800,35069,34874,110+58633,I66_EB,I-66,EASTBOUND,MD,6.0,24,4,0.06,2,71.0,69.0,-2.0,75.46,False,49.7,51.75,2000.0,8000.0,,,25874.175,0.0,0.0,48000.0,25874.175,-1,1078.1,0.0,,0,0.0,True,False,False,,,,,,,,,,,False,,11.04
31800,35069,34874,110+58633,I66_EB,I-66,EASTBOUND,PM,4.0,16,4,0.06,2,71.0,69.0,-2.0,75.46,False,49.7,51.75,2000.0,8000.0,,,16393.8649,0.0,0.0,32000.0,16393.8649,-1,1024.6,0.0,,0,0.0,True,False,False,,,,,,,,,,,False,,11.04
31804,35071,35069,110N04179,I66_EB,I-66,EASTBOUND,AM,3.0,12,4,1.1,1,68.35300000000001,63.0,-5.35,70.6,False,47.847100000000005,47.25,1900.0,7600.0,6806.604424715787,0.1043941546426595,14288.5327,13454.209872875072,15526.975015867833,19154.20987287507,-1238.4423158678328,-1,1190.7,1121.2,1.062,9,0.75,True,False,False,396.9914899666667,480.0,650.6555889166667,4.2277349825,17.575652173913042,414.8216213833333,480.0,641.7729201166666,3.7825216455555553,16.98087788051743,False,3.32,3.32
31804,35071,35069,110N04179,I66_EB,I-66,EASTBOUND,MD,6.0,24,4,1.1,1,68.35300000000001,63.0,-5.35,70.6,False,47.847100000000005,47.25,1900.0,7600.0,,,21832.1747,23331.909931907765,22693.754281743477,44231.909931907765,-861.5795817434737,-1,909.7,972.2,0.936,13,0.5417,False,True,False,,,,,,839.6513980833333,885.0,960.5548524,2.0150575719444443,33.743600805060154,False,3.32,3.32
31804,35071,35069,110N04179,I66_EB,I-66,EASTBOUND,PM,4.0,16,4,1.1,1,68.35300000000001,63.0,-5.35,70.6,False,47.847100000000005,47.25,1900.0,7600.0,7349.720478640704,0.0329315159683284,12907.516,28801.065074538317,29260.168621523797,28801.065074538317,-16352.652621523794,-1,806.7,1800.1,0.448,16,1.0,False,True,False,820.2718197166666,1050.0,1131.0976901,5.180431173055555,29.38826086956522,994.5887959,1050.0,1121.2500179166666,2.1110203669444445,29.920857129021183,False,3.32,3.32
31809,35073,34890,110+58631,I66_EB,I-66,EASTBOUND,AM,3.0,12,4,0.12,2,72.45649999999999,63.0,-9.46,75.6,False,50.71954999999999,47.25,1900.0,7600.0,,,15076.5661,0.0,0.0,22800.0,15076.5661,-1,1256.4,0.0,,0,0.0,True,False,False,,,,,,,,,,,False,,2.5
31809,35073,34890,110+58631,I66_EB,I-66,EASTBOUND,MD,6.0,24,4,0.12,2,72.45649999999999,63.0,-9.46,75.6,False,50.71954999999999,47.25,1900.0,7600.0,,,23317.1972,0.0,0.0,45600.0,23317.1972,-1,971.5,0.0,,0,0.0,True,False,False,,,,,,,,,,,False,,2.5
31809,35073,34890,110+58631,I66_EB,I-66,EASTBOUND,PM,4.0,16,4,0.12,2,72.45649999999999,63.0,-9.46,75.6,False,50.71954999999999,47.25,1900.0,7600.0,,,13605.367,0.0,0.0,30400.0,13605.367,-1,850.3,0.0,,0,0.0,True,False,False,,,,,,,,,,,False,,2.5
31818,35076,34888,110+58630,I66_EB,I-66,EASTBOUND,AM,3.0,12,5,0.32,4,71.1965,63.0,-8.2,75.0,False,49.83755,47.25,1900.0,9500.0,,,13182.2915,0.0,0.0,28500.0,13182.2915,-1,878.8,0.0,,0,0.0,True,False,False,,,,,,,,,,,False,,2.29
31818,35076,34888,110+58630,I66_EB,I-66,EASTBOUND,MD,6.0,24,5,0.32,4,71.1965,63.0,-8.2,75.0,False,49.83755,47.25,1900.0,9500.0,,,20067.2226,0.0,0.0,57000.0,20067.2226,-1,668.9,0.0,,0,0.0,True,False,False,,,,,,,,,,,False,,2.29
31818,35076,34888,110+58630,I66_EB,I-66,EASTBOUND,PM,4.0,16,5,0.32,4,71.1965,63.0,-8.2,75.0,False,49.83755,47.25,1900.0,9500.0,,,12575.9156,0.0,0.0,38000.0,12575.9156,-1,628.8,0.0,,0,0.0,True,False,False,,,,,,,,,,,False,,2.29
31823,35078,35076,110+58630,I66_EB,I-66,EASTBOUND,AM,3.0,12,4,0.47,4,71.1965,63.0,-8.2,75.0,False,49.83755,47.25,1900.0,7600.0,,,10406.8251,0.0,0.0,22800.0,10406.8251,-1,867.2,0.0,,0,0.0,True,False,False,,,,,,,,,,,False,,2.29
31823,35078,35076,110+58630,I66_EB,I-66,EASTBOUND,MD,6.0,24,4,0.47,4,71.1965,63.0,-8.2,75.0,False,49.83755,47.25,1900.0,7600.0,,,16088.7625,0.0,0.0,45600.0,16088.7625,-1,670.4,0.0,,0,0.0,True,False,False,,,,,,,,,,,False,,2.29
31823,35078,35076,110+58630,I66_EB,I-66,EASTBOUND,PM,4.0,16,4,0.47,4,71.1965,63.0,-8.2,75.0,False,49.83755,47.25,1900.0,7600.0,,,10179.5112,0.0,0.0,30400.0,10179.5112,-1,636.2,0.0,,0,0.0,True,False,False,,,,,,,,,,,False,,2.29
31829,35080,34902,110+58629,I66_EB,I-66,EASTBOUND,AM,3.0,12,4,0.18,10,72.0,63.0,-9.0,75.0,False,50.4,47.25,1900.0,7600.0,,,15203.449,0.0,0.0,22800.0,15203.449,-1,1267.0,0.0,,0,0.0,True,False,False,,,,,,,,,,,False,,2.56
31829,35080,34902,110+58629,I66_EB,I-66,EASTBOUND,MD,6.0,24,4,0.18,10,72.0,63.0,-9.0,75.0,False,50.4,47.25,1900.0,7600.0,,,18235.495,0.0,0.0,45600.0,18235.495,-1,759.8,0.0,,0,0.0,True,False,False,,,,,,,,,,,False,,2.56
31829,35080,34902,110+58629,I66_EB,I-66,EASTBOUND,PM,4.0,16,4,0.18,10,72.0,63.0,-9.0,75.0,False,50.4,47.25,1900.0,7600.0,,,11732.9217,0.0,0.0,30400.0,11732.9217,-1,733.3,0.0,,0,0.0,True,False,False,,,,,,,,,,,False,,2.56
31833,35082,35080,110+58629,I66_EB,I-66,EASTBOUND,AM,3.0,12,3,0.46,10,72.0,63.0,-9.0,75.0,False,50.4,47.25,1900.0,5700.0,,,12823.8315,0.0,0.0,17100.0,12823.8315,-1,1424.9,0.0,,0,0.0,True,False,False,,,,,,,,,,,False,,2.56
31833,35082,35080,110+58629,I66_EB,I-66,EASTBOUND,MD,6.0,24,3,0.46,10,72.0,63.0,-9.0,75.0,False,50.4,47.25,1900.0,5700.0,,,13722.4707,0.0,0.0,34200.0,13722.4707,-1,762.4,0.0,,0,0.0,True,False,False,,,,,,,,,,,False,,2.56
31833,35082,35080,110+58629,I66_EB,I-66,EASTBOUND,PM,4.0,16,3,0.46,10,72.0,63.0,-9.0,75.0,False,50.4,47.25,1900.0,5700.0,,,9513.2102,0.0,0.0,22800.0,9513.2102,-1,792.8,0.0,,0,0.0,True,False,False,,,,,,,,,,,False,,2.56
32029,35177,34855,110+04178,I66_WB,I-66,WESTBOUND,AM,3.0,12,4,0.14,3,67.7165,63.0,-4.72,70.58,False,47.40154999999999,47.25,1900.0,7600.0,,,9363.7247,0.0,0.0,22800.0,9363.7247,-1,780.3,0.0,,0,0.0,True,False,False,,,,,,,,,,,True,0.55,0.55
32029,35177,34855,110+04178,I66_WB,I-66,WESTBOUND,MD,6.0,24,4,0.14,3,67.7165,63.0,-4.72,70.58,False,47.40154999999999,47.25,1900.0,7600.0,,,21148.0482,10681.563361615128,10174.72384106775,44881.56336161513,10973.324358932252,-1,881.2,445.1,1.98,6,0.25,True,False,False,,,,,,,,,,,True,0.55,0.55
32029,35177,34855,110+04178,I66_WB,I-66,WESTBOUND,PM,4.0,16,4,0.14,3,67.7165,63.0,-4.72,70.58,False,47.40154999999999,47.25,1900.0,7600.0,6771.335444795606,0.109034809895315,14995.3255,26357.756666635734,27078.65421975524,26357.756666635734,-12083.32871975524,-1,937.2,1647.4,0.569,16,1.0,False,True,False,795.5562686666667,1065.0,1178.8039189,6.387460837222222,24.70275362318841,820.2358760333334,1065.0,1440.0,,24.546214389479157,True,0.55,0.55
32031,35178,35179,110P04178,I66_WB,I-66,WESTBOUND,AM,3.0,12,4,0.86,1,67.38,63.0,-4.38,70.96,False,47.166,47.25,1900.0,7600.0,,,8397.6361,0.0,0.0,22800.0,8397.6361,-1,699.8,0.0,,0,0.0,True,False,False,,,,,,,,,,,True,6.4,6.4
32031,35178,35179,110P04178,I66_WB,I-66,WESTBOUND,MD,6.0,24,4,0.86,1,67.38,63.0,-4.38,70.96,False,47.166,47.25,1900.0,7600.0,,,19205.2447,9405.253776468347,9288.010450391535,45505.25377646835,9917.234249608464,-1,800.2,391.9,2.042,5,0.2083,True,False,False,,,,,,,,,,,True,6.4,6.4
32031,35178,35179,110P04178,I66_WB,I-66,WESTBOUND,PM,4.0,16,4,0.86,1,67.38,63.0,-4.38,70.96,False,47.166,47.25,1900.0,7600.0,7403.175595885631,0.0258979479097853,14328.9325,29210.549257073464,29607.489833638327,29210.549257073464,-15278.557333638326,-1,895.6,1825.7,0.491,16,1.0,False,True,False,811.2765456833333,1080.0,1172.4904363333333,6.020231510833335,33.48985507246376,916.6832227,1065.0,1440.0,,38.48070196014591,True,6.4,6.4
32032,35179,34867,110+04179,I66_WB,I-66,WESTBOUND,AM,3.0,12,4,0.6,3,66.71,69.0,2.29,70.58,False,46.697,51.75,2000.0,8000.0,,,9684.1039,0.0,0.0,24000.0,9684.1039,-1,807.0,0.0,,0,0.0,True,False,False,,,,,,,,,,,False,,16.39
32032,35179,34867,110+04179,I66_WB,I-66,WESTBOUND,MD,6.0,24,4,0.6,3,66.71,69.0,2.29,70.58,False,46.697,51.75,2000.0,8000.0,,,21502.9707,0.0,0.0,48000.0,21502.9707,-1,896.0,0.0,,0,0.0,True,False,False,,,,,,,,,,,False,,16.39
32032,35179,34867,110+04179,I66_WB,I-66,WESTBOUND,PM,4.0,16,4,0.6,3,66.71,69.0,2.29,70.58,False,46.697,51.75,2000.0,8000.0,,,17982.9651,0.0,0.0,32000.0,17982.9651,-1,1123.9,0.0,,0,0.0,True,False,False,,,,,,,,,,,False,,16.39
32034,35180,35181,110P04179,I66_WB,I-66,WESTBOUND,AM,3.0,12,4,0.93,1,68.25,63.0,-5.25,71.95,False,47.775,47.25,1900.0,7600.0,,,8100.0619,0.0,0.0,22800.0,8100.0619,-1,675.0,0.0,,0,0.0,True,False,False,,,,,,,,,,,False,,8.04
32034,35180,35181,110P04179,I66_WB,I-66,WESTBOUND,MD,6.0,24,4,0.93,1,68.25,63.0,-5.25,71.95,False,47.775,47.25,1900.0,7600.0,,,17680.2577,0.0,0.0,45600.0,17680.2577,-1,736.7,0.0,,0,0.0,True,False,False,,,,,,,,,,,False,,8.04
32034,35180,35181,110P04179,I66_WB,I-66,WESTBOUND,PM,4.0,16,4,0.93,1,68.25,63.0,-5.25,71.95,False,47.775,47.25,1900.0,7600.0,,,15122.2215,0.0,0.0,30400.0,15122.2215,-1,945.1,0.0,,0,0.0,True,False,False,,,,,,,,,,,False,,8.04
32035,35181,34879,110+04180,I66_WB,I-66,WESTBOUND,AM,3.0,12,4,0.15,1,67.7765,63.0,-4.78,71.77,False,47.44355,47.25,1900.0,7600.0,,,8823.9543,0.0,0.0,22800.0,8823.9543,-1,735.3,0.0,,0,0.0,True,False,False,,,,,,,,,,,False,,8.9
32035,35181,34879,110+04180,I66_WB,I-66,WESTBOUND,MD,6.0,24,4,0.15,1,67.7765,63.0,-4.78,71.77,False,47.44355,47.25,1900.0,7600.0,,,19403.1607,0.0,0.0,45600.0,19403.1607,-1,808.5,0.0,,0,0.0,True,False,False,,,,,,,,,,,False,,8.9
32035,35181,34879,110+04180,I66_WB,I-66,WESTBOUND,PM,4.0,16,4,0.15,1,67.7765,63.0,-4.78,71.77,False,47.44355,47.25,1900.0,7600.0,,,16882.902,0.0,0.0,30400.0,16882.902,-1,1055.2,0.0,,0,0.0,True,False,False,,,,,,,,,,,False,,8.9
32037,35182,35183,110P04181,I66_WB,I-66,WESTBOUND,AM,3.0,12,4,1.15,2,68.3265,63.0,-5.33,72.36,False,47.82854999999999,47.25,1900.0,7600.0,,,8507.7619,0.0,0.0,22800.0,8507.7619,-1,709.0,0.0,,0,0.0,True,False,False,,,,,,,,,,,False,11.29,12.06
32037,35182,35183,110P04181,I66_WB,I-66,WESTBOUND,MD,6.0,24,4,1.15,2,68.3265,63.0,-5.33,72.36,False,47.82854999999999,47.25,1900.0,7600.0,,,18424.9041,0.0,0.0,45600.0,18424.9041,-1,767.7,0.0,,0,0.0,True,False,False,,,,,,,,,,,False,11.29,12.06
32037,35182,35183,110P04181,I66_WB,I-66,WESTBOUND,PM,4.0,16,4,1.15,2,68.3265,63.0,-5.33,72.36,False,47.82854999999999,47.25,1900.0,7600.0,7511.73871072587,0.0116133275360696,16316.3355,22508.62416365737,22498.05805501808,30108.62416365737,-6181.722555018079,-1,1019.8,1406.8,0.725,12,0.75,False,True,False,910.3098008666668,1035.0,1088.2248369666663,2.965250601666667,40.32753623188406,,,,,,False,11.29,12.06
32038,35183,35705,110P04181,I66_WB,I-66,WESTBOUND,AM,3.0,12,5,0.23,2,68.3265,63.0,-5.33,72.36,False,47.82854999999999,47.25,1900.0,9500.0,,,9929.8559,0.0,0.0,28500.0,9929.8559,-1,662.0,0.0,,0,0.0,True,False,False,,,,,,,,,,,False,2.83,5.67
32038,35183,35705,110P04181,I66_WB,I-66,WESTBOUND,MD,6.0,24,5,0.23,2,68.3265,63.0,-5.33,72.36,False,47.82854999999999,47.25,1900.0,9500.0,,,22002.7391,0.0,0.0,57000.0,22002.7391,-1,733.4,0.0,,0,0.0,True,False,False,,,,,,,,,,,False,2.83,5.67
32038,35183,35705,110P04181,I66_WB,I-66,WESTBOUND,PM,4.0,16,5,0.23,2,68.3265,63.0,-5.33,72.36,False,47.82854999999999,47.25,1900.0,9500.0,9389.673388407338,0.0116133275360696,18392.636,28135.780204571707,28169.297042648675,37635.78020457171,-9776.661042648677,-1,919.6,1406.8,0.654,12,0.75,False,True,False,910.3098008666668,1035.0,1088.2248369666663,2.965250601666667,40.32753623188406,934.0880676,1035.0,1079.376366,2.42147164,39.81000483807844,False,2.83,5.67
32041,35184,36674,110-58629,I66_WB,I-66,WESTBOUND,AM,3.0,12,3,0.02,5,71.46,63.0,-8.46,73.46,False,50.02199999999999,47.25,1900.0,5700.0,,,5575.6803,0.0,0.0,17100.0,5575.6803,-1,619.5,0.0,,0,0.0,True,False,False,,,,,,,,,,,False,,6.7
32041,35184,36674,110-58629,I66_WB,I-66,WESTBOUND,MD,6.0,24,3,0.02,5,71.46,63.0,-8.46,73.46,False,50.02199999999999,47.25,1900.0,5700.0,,,13276.281,0.0,0.0,34200.0,13276.281,-1,737.6,0.0,,0,0.0,True,False,False,,,,,,,,,,,False,,6.7
32041,35184,36674,110-58629,I66_WB,I-66,WESTBOUND,PM,4.0,16,3,0.02,5,71.46,63.0,-8.46,73.46,False,50.02199999999999,47.25,1900.0,5700.0,,,12543.0868,0.0,0.0,22800.0,12543.0868,-1,1045.3,0.0,,0,0.0,True,False,False,,,,,,,,,,,False,,6.7
32042,35185,34898,110N58629,I66_WB,I-66,WESTBOUND,AM,3.0,12,4,0.14,1,72.46,63.0,-9.46,76.39,False,50.722,47.25,1900.0,7600.0,,,7546.2355,0.0,0.0,22800.0,7546.2355,-1,628.9,0.0,,0,0.0,True,False,False,,,,,,,,,,,False,,17.65
32042,35185,34898,110N58629,I66_WB,I-66,WESTBOUND,MD,6.0,24,4,0.14,1,72.46,63.0,-9.46,76.39,False,50.722,47.25,1900.0,7600.0,,,16200.4583,0.0,0.0,45600.0,16200.4583,-1,675.0,0.0,,0,0.0,True,False,False,,,,,,,,,,,False,,17.65
32042,35185,34898,110N58629,I66_WB,I-66,WESTBOUND,PM,4.0,16,4,0.14,1,72.46,63.0,-9.46,76.39,False,50.722,47.25,1900.0,7600.0,,,16495.9747,0.0,0.0,30400.0,16495.9747,-1,1031.0,0.0,,0,0.0,True,False,False,,,,,,,,,,,False,,17.65
32044,35186,35187,110-58628,I66_WB,I-66,WESTBOUND,AM,3.0,12,3,0.49,10,72.5265,69.0,-3.53,75.0,False,50.76855,51.75,2000.0,6000.0,,,6746.5451,0.0,0.0,18000.0,6746.5451,-1,749.6,0.0,,0,0.0,True,False,False,,,,,,,,,,,False,,9.41
32044,35186,35187,110-58628,I66_WB,I-66,WESTBOUND,MD,6.0,24,3,0.49,10,72.5265,69.0,-3.53,75.0,False,50.76855,51.75,2000.0,6000.0,,,13442.7135,0.0,0.0,36000.0,13442.7135,-1,746.8,0.0,,0,0.0,True,False,False,,,,,,,,,,,False,,9.41
32044,35186,35187,110-58628,I66_WB,I-66,WESTBOUND,PM,4.0,16,3,0.49,10,72.5265,69.0,-3.53,75.0,False,50.76855,51.75,2000.0,6000.0,,,12910.2884,0.0,0.0,24000.0,12910.2884,-1,1075.9,0.0,,0,0.0,True,False,False,,,,,,,,,,,False,,9.41
32045,35187,34910,110-58628,I66_WB,I-66,WESTBOUND,AM,3.0,12,3,0.25,10,72.5265,69.0,-3.53,75.0,False,50.76855,51.75,2000.0,6000.0,,,8440.1469,0.0,0.0,18000.0,8440.1469,-1,937.8,0.0,,0,0.0,True,False,False,,,,,,,,,,,False,,9.41
32045,35187,34910,110-58628,I66_WB,I-66,WESTBOUND,MD,6.0,24,3,0.25,10,72.5265,69.0,-3.53,75.0,False,50.76855,51.75,2000.0,6000.0,,,16040.7939,0.0,0.0,36000.0,16040.7939,-1,891.2,0.0,,0,0.0,True,False,False,,,,,,,,,,,False,,9.41
32045,35187,34910,110-58628,I66_WB,I-66,WESTBOUND,PM,4.0,16,3,0.25,10,72.5265,69.0,-3.53,75.0,False,50.76855,51.75,2000.0,6000.0,,,15611.3843,0.0,0.0,24000.0,15611.3843,-1,1300.9,0.0,,0,0.0,True,False,False,,,,,,,,,,,False,,9.41
32130,35233,34506,110+04174,I66_WB,I-66,WESTBOUND,AM,3.0,12,2,0.08,2,64.99300000000001,75.0,10.01,71.04,True,45.4951,56.25,2000.0,4000.0,,,0.0,0.0,0.0,12000.0,0.0,-1,0.0,0.0,,0,0.0,True,False,False,,,,,,,,,,,False,,2.51
32130,35233,34506,110+04174,I66_WB,I-66,WESTBOUND,MD,6.0,24,2,0.08,2,64.99300000000001,75.0,10.01,71.04,True,45.4951,56.25,2000.0,4000.0,,,0.0,0.0,0.0,24000.0,0.0,-1,0.0,0.0,,0,0.0,True,False,False,,,,,,,,,,,False,,2.51
32130,35233,34506,110+04174,I66_WB,I-66,WESTBOUND,PM,4.0,16,2,0.08,2,64.99300000000001,75.0,10.01,71.04,True,45.4951,56.25,2000.0,4000.0,,,7484.5323,0.0,0.0,16000.0,7484.5323,-1,935.6,0.0,,0,0.0,True,False,False,,,,,,,,,,,False,,2.51
32133,35236,35240,110+04173,I66_WB,I-66,WESTBOUND,AM,3.0,12,4,0.09,3,65.1795,75.0,9.82,69.44,True,45.62565,56.25,2000.0,8000.0,,,0.0,0.0,0.0,24000.0,0.0,-1,0.0,0.0,,0,0.0,True,False,False,,,,,,,,,,,False,,2.06
32133,35236,35240,110+04173,I66_WB,I-66,WESTBOUND,MD,6.0,24,4,0.09,3,65.1795,75.0,9.82,69.44,True,45.62565,56.25,2000.0,8000.0,,,0.0,0.0,0.0,48000.0,0.0,-1,0.0,0.0,,0,0.0,True,False,False,,,,,,,,,,,False,,2.06
32133,35236,35240,110+04173,I66_WB,I-66,WESTBOUND,PM,4.0,16,4,0.09,3,65.1795,75.0,9.82,69.44,True,45.62565,56.25,2000.0,8000.0,,,13422.6055,0.0,0.0,32000.0,13422.6055,-1,838.9,0.0,,0,0.0,True,False,False,,,,,,,,,,,False,,2.06
32134,35237,35238,110P04173,I66_WB,I-66,WESTBOUND,AM,3.0,12,4,0.17,1,66.763,75.0,8.24,72.68,True,46.7341,56.25,2000.0,8000.0,,,0.0,0.0,0.0,24000.0,0.0,-1,0.0,0.0,,0,0.0,True,False,False,,,,,,,,,,,False,,1.94
32134,35237,35238,110P04173,I66_WB,I-66,WESTBOUND,MD,6.0,24,4,0.17,1,66.763,75.0,8.24,72.68,True,46.7341,56.25,2000.0,8000.0,,,0.0,0.0,0.0,48000.0,0.0,-1,0.0,0.0,,0,0.0,True,False,False,,,,,,,,,,,False,,1.94
32134,35237,35238,110P04173,I66_WB,I-66,WESTBOUND,PM,4.0,16,4,0.17,1,66.763,75.0,8.24,72.68,True,46.7341,56.25,2000.0,8000.0,,,13422.6055,0.0,0.0,32000.0,13422.6055,-1,838.9,0.0,,0,0.0,True,False,False,,,,,,,,,,,False,,1.94
32136,35238,35233,110+04174,I66_WB,I-66,WESTBOUND,AM,3.0,12,2,0.31,2,64.99300000000001,75.0,10.01,71.04,True,45.4951,56.25,2000.0,4000.0,,,0.0,0.0,0.0,12000.0,0.0,-1,0.0,0.0,,0,0.0,True,False,False,,,,,,,,,,,False,,2.51
32136,35238,35233,110+04174,I66_WB,I-66,WESTBOUND,MD,6.0,24,2,0.31,2,64.99300000000001,75.0,10.01,71.04,True,45.4951,56.25,2000.0,4000.0,,,0.0,0.0,0.0,24000.0,0.0,-1,0.0,0.0,,0,0.0,True,False,False,,,,,,,,,,,False,,2.51
32136,35238,35233,110+04174,I66_WB,I-66,WESTBOUND,PM,4.0,16,2,0.31,2,64.99300000000001,75.0,10.01,71.04,True,45.4951,56.25,2000.0,4000.0,,,7484.5323,0.0,0.0,16000.0,7484.5323,-1,935.6,0.0,,0,0.0,True,False,False,,,,,,,,,,,False,,2.51
32140,35240,35237,110+04173,I66_WB,I-66,WESTBOUND,AM,3.0,12,4,0.15,3,65.1795,75.0,9.82,69.44,True,45.62565,56.25,2000.0,8000.0,,,0.0,0.0,0.0,24000.0,0.0,-1,0.0,0.0,,0,0.0,True,False,False,,,,,,,,,,,False,,2.06
32140,35240,35237,110+04173,I66_WB,I-66,WESTBOUND,MD,6.0,24,4,0.15,3,65.1795,75.0,9.82,69.44,True,45.62565,56.25,2000.0,8000.0,,,0.0,0.0,0.0,48000.0,0.0,-1,0.0,0.0,,0,0.0,True,False,False,,,,,,,,,,,False,,2.06
32140,35240,35237,110+04173,I66_WB,I-66,WESTBOUND,PM,4.0,16,4,0.15,3,65.1795,75.0,9.82,69.44,True,45.62565,56.25,2000.0,8000.0,,,13422.6055,0.0,0.0,32000.0,13422.6055,-1,838.9,0.0,,0,0.0,True,False,False,,,,,,,,,,,False,,2.06
32141,35241,34024,110+04122,I395_NB,I-395,NORTHBOUND,AM,3.0,12,4,0.38,4,66.5465,69.0,2.45,70.05,False,46.58254999999999,51.75,2000.0,8000.0,,,17265.7552,0.0,0.0,24000.0,17265.7552,-1,1438.8,0.0,,0,0.0,True,False,False,,,,,,,,,,,False,,15.56
32141,35241,34024,110+04122,I395_NB,I-395,NORTHBOUND,MD,6.0,24,4,0.38,4,66.5465,69.0,2.45,70.05,False,46.58254999999999,51.75,2000.0,8000.0,,,24028.2957,0.0,0.0,48000.0,24028.2957,-1,1001.2,0.0,,0,0.0,True,False,False,,,,,,,,,,,False,,15.56
32141,35241,34024,110+04122,I395_NB,I-395,NORTHBOUND,PM,4.0,16,4,0.38,4,66.5465,69.0,2.45,70.05,False,46.58254999999999,51.75,2000.0,8000.0,,,17263.9179,0.0,0.0,32000.0,17263.9179,-1,1079.0,0.0,,0,0.0,True,False,False,,,,,,,,,,,False,,15.56
32367,35319,34914,110+58629,I66_EB,I-66,EASTBOUND,AM,3.0,12,3,0.39,10,72.0,69.0,-3.0,75.0,False,50.4,51.75,2000.0,6000.0,,,14016.1928,0.0,0.0,18000.0,14016.1928,-1,1557.4,0.0,,0,0.0,True,False,False,,,,,,,,,,,False,,2.56
32367,35319,34914,110+58629,I66_EB,I-66,EASTBOUND,MD,6.0,24,3,0.39,10,72.0,69.0,-3.0,75.0,False,50.4,51.75,2000.0,6000.0,,,15397.8275,0.0,0.0,36000.0,15397.8275,-1,855.4,0.0,,0,0.0,True,False,False,,,,,,,,,,,False,,2.56
32367,35319,34914,110+58629,I66_EB,I-66,EASTBOUND,PM,4.0,16,3,0.39,10,72.0,69.0,-3.0,75.0,False,50.4,51.75,2000.0,6000.0,,,10649.5931,0.0,0.0,24000.0,10649.5931,-1,887.5,0.0,,0,0.0,True,False,False,,,,,,,,,,,False,,2.56
32368,35320,35322,110-58628,I66_WB,I-66,WESTBOUND,AM,3.0,12,3,0.17,10,72.5265,75.0,2.47,75.0,False,50.76855,56.25,2000.0,6000.0,,,8440.1469,0.0,0.0,18000.0,8440.1469,-1,937.8,0.0,,0,0.0,True,False,False,,,,,,,,,,,False,,9.41
32368,35320,35322,110-58628,I66_WB,I-66,WESTBOUND,MD,6.0,24,3,0.17,10,72.5265,75.0,2.47,75.0,False,50.76855,56.25,2000.0,6000.0,,,16040.7939,0.0,0.0,36000.0,16040.7939,-1,891.2,0.0,,0,0.0,True,False,False,,,,,,,,,,,False,,9.41
32368,35320,35322,110-58628,I66_WB,I-66,WESTBOUND,PM,4.0,16,3,0.17,10,72.5265,75.0,2.47,75.0,False,50.76855,56.25,2000.0,6000.0,,,15611.3843,0.0,0.0,24000.0,15611.3843,-1,1300.9,0.0,,0,0.0,True,False,False,,,,,,,,,,,False,,9.41
32369,35322,34918,110-58628,I66_WB,I-66,WESTBOUND,AM,3.0,12,3,0.51,10,72.5265,75.0,2.47,75.0,False,50.76855,56.25,2000.0,6000.0,,,8440.1469,0.0,0.0,18000.0,8440.1469,-1,937.8,0.0,,0,0.0,True,False,False,,,,,,,,,,,False,,9.41
32369,35322,34918,110-58628,I66_WB,I-66,WESTBOUND,MD,6.0,24,3,0.51,10,72.5265,75.0,2.47,75.0,False,50.76855,56.25,2000.0,6000.0,,,16040.7939,0.0,0.0,36000.0,16040.7939,-1,891.2,0.0,,0,0.0,True,False,False,,,,,,,,,,,False,,9.41
32369,35322,34918,110-58628,I66_WB,I-66,WESTBOUND,PM,4.0,16,3,0.51,10,72.5265,75.0,2.47,75.0,False,50.76855,56.25,2000.0,6000.0,,,15611.3843,0.0,0.0,24000.0,15611.3843,-1,1300.9,0.0,,0,0.0,True,False,False,,,,,,,,,,,False,,9.41
32370,35323,35319,110+58629,I66_EB,I-66,EASTBOUND,AM,3.0,12,3,0.17,10,72.0,75.0,3.0,75.0,False,50.4,56.25,2000.0,6000.0,,,14016.1928,0.0,0.0,18000.0,14016.1928,-1,1557.4,0.0,,0,0.0,True,False,False,,,,,,,,,,,False,,2.56
32370,35323,35319,110+58629,I66_EB,I-66,EASTBOUND,MD,6.0,24,3,0.17,10,72.0,75.0,3.0,75.0,False,50.4,56.25,2000.0,6000.0,,,15397.8275,0.0,0.0,36000.0,15397.8275,-1,855.4,0.0,,0,0.0,True,False,False,,,,,,,,,,,False,,2.56
32370,35323,35319,110+58629,I66_EB,I-66,EASTBOUND,PM,4.0,16,3,0.17,10,72.0,75.0,3.0,75.0,False,50.4,56.25,2000.0,6000.0,,,10649.5931,0.0,0.0,24000.0,10649.5931,-1,887.5,0.0,,0,0.0,True,False,False,,,,,,,,,,,False,,2.56
32551,35465,35466,110P04174,I66_WB,I-66,WESTBOUND,AM,3.0,12,2,0.49,2,64.58,75.0,10.42,71.19,True,45.206,56.25,2000.0,4000.0,,,0.0,0.0,0.0,12000.0,0.0,-1,0.0,0.0,,0,0.0,True,False,False,,,,,,,,,,,False,,2.58
32551,35465,35466,110P04174,I66_WB,I-66,WESTBOUND,MD,6.0,24,2,0.49,2,64.58,75.0,10.42,71.19,True,45.206,56.25,2000.0,4000.0,,,0.0,0.0,0.0,24000.0,0.0,-1,0.0,0.0,,0,0.0,True,False,False,,,,,,,,,,,False,,2.58
32551,35465,35466,110P04174,I66_WB,I-66,WESTBOUND,PM,4.0,16,2,0.49,2,64.58,75.0,10.42,71.19,True,45.206,56.25,2000.0,4000.0,,,3690.5262,0.0,0.0,16000.0,3690.5262,-1,461.3,0.0,,0,0.0,True,False,False,,,,,,,,,,,False,,2.58
32552,35466,34513,110+04175,I66_WB,I-66,WESTBOUND,AM,3.0,12,2,0.65,1,65.6665,75.0,9.33,72.13,True,45.96655,56.25,2000.0,4000.0,,,0.0,0.0,0.0,12000.0,0.0,-1,0.0,0.0,,0,0.0,True,False,False,,,,,,,,,,,False,,1.75
32552,35466,34513,110+04175,I66_WB,I-66,WESTBOUND,MD,6.0,24,2,0.65,1,65.6665,75.0,9.33,72.13,True,45.96655,56.25,2000.0,4000.0,,,0.0,0.0,0.0,24000.0,0.0,-1,0.0,0.0,,0,0.0,True,False,False,,,,,,,,,,,False,,1.75
32552,35466,34513,110+04175,I66_WB,I-66,WESTBOUND,PM,4.0,16,2,0.65,1,65.6665,75.0,9.33,72.13,True,45.96655,56.25,2000.0,4000.0,,,4908.8713,0.0,0.0,16000.0,4908.8713,-1,613.6,0.0,,0,0.0,True,False,False,,,,,,,,,,,False,,1.75
32573,35483,34841,110P04175,I66_WB,I-66,WESTBOUND,AM,3.0,12,2,0.7,1,66.7965,75.0,8.2,70.13,True,46.75755,56.25,2000.0,4000.0,,,0.0,0.0,0.0,12000.0,0.0,-1,0.0,0.0,,0,0.0,True,False,False,,,,,,,,,,,False,,8.54
32573,35483,34841,110P04175,I66_WB,I-66,WESTBOUND,MD,6.0,24,2,0.7,1,66.7965,75.0,8.2,70.13,True,46.75755,56.25,2000.0,4000.0,,,0.0,0.0,0.0,24000.0,0.0,-1,0.0,0.0,,0,0.0,True,False,False,,,,,,,,,,,False,,8.54
32573,35483,34841,110P04175,I66_WB,I-66,WESTBOUND,PM,4.0,16,2,0.7,1,66.7965,75.0,8.2,70.13,True,46.75755,56.25,2000.0,4000.0,,,1383.339,0.0,0.0,16000.0,1383.339,-1,172.9,0.0,,0,0.0,True,False,False,,,,,,,,,,,False,,8.54
32581,35488,34114,110P04120,I395_NB,I-395,NORTHBOUND,AM,3.0,12,3,0.68,2,65.65,63.0,-2.65,69.59,False,45.955,47.25,1900.0,5700.0,5115.111791527111,0.1026119663987524,15020.3429,10501.11799034089,11605.468811220191,14776.11799034089,3414.8740887798085,-1,1668.9,1166.8,1.43,9,0.75,False,False,True,391.1743736166666,495.0,621.8318958166667,3.844292036666667,16.186666666666667,424.4007833,495.0,612.6334377833333,,16.11735827050946,True,2.05,2.05
32581,35488,34114,110P04120,I395_NB,I-395,NORTHBOUND,MD,6.0,24,3,0.68,2,65.65,63.0,-2.65,69.59,False,45.955,47.25,1900.0,5700.0,,,18825.2518,7941.315564639908,7499.043463699718,33591.31556463991,11326.20833630028,-1,1045.8,441.2,2.371,6,0.25,True,False,False,,,,,,,,,,,True,2.05,2.05
32581,35488,34114,110P04120,I395_NB,I-395,NORTHBOUND,PM,4.0,16,3,0.68,2,65.65,63.0,-2.65,69.59,False,45.955,47.25,1900.0,5700.0,5114.273154010724,0.1027590957875922,15481.5335,19652.556882591467,20474.58937823253,19652.556882591467,-4993.05587823253,-1,1290.1,1637.7,0.788,16,1.0,False,True,False,889.1827372833334,1050.0,1140.6613812833334,4.191310733333333,18.105652173913043,913.2886480666668,1035.0,1440.0,,17.59840881766824,True,2.05,2.05
32590,35491,35489,110N04120,I395_SB,I-395,SOUTHBOUND,AM,3.0,12,3,0.7,1,65.765,63.0,-2.77,68.45,False,46.0355,47.25,1900.0,5700.0,,,9714.614,0.0,0.0,17100.0,9714.614,-1,1079.4,0.0,,0,0.0,True,False,False,,,,,,,,,,,False,,17.62
32590,35491,35489,110N04120,I395_SB,I-395,SOUTHBOUND,MD,6.0,24,3,0.7,1,65.765,63.0,-2.77,68.45,False,46.0355,47.25,1900.0,5700.0,,,16200.5006,0.0,0.0,34200.0,16200.5006,-1,900.0,0.0,,0,0.0,True,False,False,,,,,,,,,,,False,,17.62
32590,35491,35489,110N04120,I395_SB,I-395,SOUTHBOUND,PM,4.0,16,3,0.7,1,65.765,63.0,-2.77,68.45,False,46.0355,47.25,1900.0,5700.0,,,24300.5626,0.0,0.0,22800.0,24300.5626,-1,2025.0,0.0,,0,0.0,False,False,True,,,,,,,,,,,False,,17.62
32611,35503,35499,110N04121,I395_SB,I-395,SOUTHBOUND,AM,3.0,12,4,0.43,1,65.8365,69.0,3.16,69.72,False,46.08555,51.75,2000.0,8000.0,,,9985.2165,0.0,0.0,24000.0,9985.2165,-1,832.1,0.0,,0,0.0,True,False,False,,,,,,,,,,,False,,16.43
32611,35503,35499,110N04121,I395_SB,I-395,SOUTHBOUND,MD,6.0,24,4,0.43,1,65.8365,69.0,3.16,69.72,False,46.08555,51.75,2000.0,8000.0,,,19903.237,0.0,0.0,48000.0,19903.237,-1,829.3,0.0,,0,0.0,True,False,False,,,,,,,,,,,False,,16.43
32611,35503,35499,110N04121,I395_SB,I-395,SOUTHBOUND,PM,4.0,16,4,0.43,1,65.8365,69.0,3.16,69.72,False,46.08555,51.75,2000.0,8000.0,,,23070.3427,0.0,0.0,32000.0,23070.3427,-1,1441.9,0.0,,0,0.0,True,False,False,,,,,,,,,,,False,,16.43
32616,35506,35515,110-04121,I395_SB,I-395,SOUTHBOUND,AM,3.0,12,4,0.32,3,66.4665,63.0,-3.47,70.05,False,46.52654999999999,47.25,1900.0,7600.0,,,11545.7173,0.0,0.0,22800.0,11545.7173,-1,962.1,0.0,,0,0.0,True,False,False,,,,,,,,,,,False,,13.97
32616,35506,35515,110-04121,I395_SB,I-395,SOUTHBOUND,MD,6.0,24,4,0.32,3,66.4665,63.0,-3.47,70.05,False,46.52654999999999,47.25,1900.0,7600.0,,,18573.7016,0.0,0.0,45600.0,18573.7016,-1,773.9,0.0,,0,0.0,True,False,False,,,,,,,,,,,False,,13.97
32616,35506,35515,110-04121,I395_SB,I-395,SOUTHBOUND,PM,4.0,16,4,0.32,3,66.4665,63.0,-3.47,70.05,False,46.52654999999999,47.25,1900.0,7600.0,,,20140.801,0.0,0.0,30400.0,20140.801,-1,1258.8,0.0,,0,0.0,True,False,False,,,,,,,,,,,False,,13.97
32619,35509,35506,110-04121,I395_SB,I-395,SOUTHBOUND,AM,3.0,12,4,0.3,3,66.4665,63.0,-3.47,70.05,False,46.52654999999999,47.25,1900.0,7600.0,,,11545.7173,0.0,0.0,22800.0,11545.7173,-1,962.1,0.0,,0,0.0,True,False,False,,,,,,,,,,,False,,13.97
32619,35509,35506,110-04121,I395_SB,I-395,SOUTHBOUND,MD,6.0,24,4,0.3,3,66.4665,63.0,-3.47,70.05,False,46.52654999999999,47.25,1900.0,7600.0,,,22660.5059,0.0,0.0,45600.0,22660.5059,-1,944.2,0.0,,0,0.0,True,False,False,,,,,,,,,,,False,,13.97
32619,35509,35506,110-04121,I395_SB,I-395,SOUTHBOUND,PM,4.0,16,4,0.3,3,66.4665,63.0,-3.47,70.05,False,46.52654999999999,47.25,1900.0,7600.0,,,21036.3962,0.0,0.0,30400.0,21036.3962,-1,1314.8,0.0,,0,0.0,True,False,False,,,,,,,,,,,False,,13.97
32622,35511,34020,110+04122,I395_NB,I-395,NORTHBOUND,AM,3.0,12,4,0.37,4,66.5465,63.0,-3.55,70.05,False,46.58254999999999,47.25,1900.0,7600.0,,,17616.3295,0.0,0.0,22800.0,17616.3295,-1,1468.0,0.0,,0,0.0,True,False,False,,,,,,,,,,,False,,15.56
32622,35511,34020,110+04122,I395_NB,I-395,NORTHBOUND,MD,6.0,24,4,0.37,4,66.5465,63.0,-3.55,70.05,False,46.58254999999999,47.25,1900.0,7600.0,,,25948.539,0.0,0.0,45600.0,25948.539,-1,1081.2,0.0,,0,0.0,True,False,False,,,,,,,,,,,False,,15.56
32622,35511,34020,110+04122,I395_NB,I-395,NORTHBOUND,PM,4.0,16,4,0.37,4,66.5465,63.0,-3.55,70.05,False,46.58254999999999,47.25,1900.0,7600.0,,,17263.9179,0.0,0.0,30400.0,17263.9179,-1,1079.0,0.0,,0,0.0,True,False,False,,,,,,,,,,,False,,15.56
32624,35513,35509,110N04122,I395_SB,I-395,SOUTHBOUND,AM,3.0,12,4,0.33,3,65.31649999999999,63.0,-2.32,69.72,False,45.72154999999999,47.25,1900.0,7600.0,,,11545.7173,0.0,0.0,22800.0,11545.7173,-1,962.1,0.0,,0,0.0,True,False,False,,,,,,,,,,,False,,14.6
32624,35513,35509,110N04122,I395_SB,I-395,SOUTHBOUND,MD,6.0,24,4,0.33,3,65.31649999999999,63.0,-2.32,69.72,False,45.72154999999999,47.25,1900.0,7600.0,,,22660.5059,0.0,0.0,45600.0,22660.5059,-1,944.2,0.0,,0,0.0,True,False,False,,,,,,,,,,,False,,14.6
32624,35513,35509,110N04122,I395_SB,I-395,SOUTHBOUND,PM,4.0,16,4,0.33,3,65.31649999999999,63.0,-2.32,69.72,False,45.72154999999999,47.25,1900.0,7600.0,,,21036.3962,0.0,0.0,30400.0,21036.3962,-1,1314.8,0.0,,0,0.0,True,False,False,,,,,,,,,,,False,,14.6
32627,35515,35503,110-04121,I395_SB,I-395,SOUTHBOUND,AM,3.0,12,4,0.47,3,66.4665,69.0,2.53,70.05,False,46.52654999999999,51.75,2000.0,8000.0,,,11545.7173,0.0,0.0,24000.0,11545.7173,-1,962.1,0.0,,0,0.0,True,False,False,,,,,,,,,,,False,,13.97
32627,35515,35503,110-04121,I395_SB,I-395,SOUTHBOUND,MD,6.0,24,4,0.47,3,66.4665,69.0,2.53,70.05,False,46.52654999999999,51.75,2000.0,8000.0,,,22952.5131,0.0,0.0,48000.0,22952.5131,-1,956.4,0.0,,0,0.0,True,False,False,,,,,,,,,,,False,,13.97
32627,35515,35503,110-04121,I395_SB,I-395,SOUTHBOUND,PM,4.0,16,4,0.47,3,66.4665,69.0,2.53,70.05,False,46.52654999999999,51.75,2000.0,8000.0,,,25086.9052,0.0,0.0,32000.0,25086.9052,-1,1567.9,0.0,,0,0.0,True,False,False,,,,,,,,,,,False,,13.97
32843,35689,35706,110+58630,I66_EB,I-66,EASTBOUND,AM,3.0,12,5,0.23,4,71.1965,69.0,-2.2,75.0,False,49.83755,51.75,2000.0,10000.0,,,17579.67,0.0,0.0,30000.0,17579.67,-1,1172.0,0.0,,0,0.0,True,False,False,,,,,,,,,,,False,,2.29
32843,35689,35706,110+58630,I66_EB,I-66,EASTBOUND,MD,6.0,24,5,0.23,4,71.1965,69.0,-2.2,75.0,False,49.83755,51.75,2000.0,10000.0,,,28102.7302,0.0,0.0,60000.0,28102.7302,-1,936.8,0.0,,0,0.0,True,False,False,,,,,,,,,,,False,,2.29
32843,35689,35706,110+58630,I66_EB,I-66,EASTBOUND,PM,4.0,16,5,0.23,4,71.1965,69.0,-2.2,75.0,False,49.83755,51.75,2000.0,10000.0,,,18281.5172,0.0,0.0,40000.0,18281.5172,-1,914.1,0.0,,0,0.0,True,False,False,,,,,,,,,,,False,,2.29
32847,35691,35692,110-58629,I66_WB,I-66,WESTBOUND,AM,3.0,12,1,0.01,5,71.46,69.0,-2.46,73.46,False,50.02199999999999,51.75,2000.0,2000.0,,,1311.4953,0.0,0.0,6000.0,1311.4953,-1,437.2,0.0,,0,0.0,True,False,False,,,,,,,,,,,False,,6.7
32847,35691,35692,110-58629,I66_WB,I-66,WESTBOUND,MD,6.0,24,1,0.01,5,71.46,69.0,-2.46,73.46,False,50.02199999999999,51.75,2000.0,2000.0,,,6188.217,0.0,0.0,12000.0,6188.217,-1,1031.4,0.0,,0,0.0,True,False,False,,,,,,,,,,,False,,6.7
32847,35691,35692,110-58629,I66_WB,I-66,WESTBOUND,PM,4.0,16,1,0.01,5,71.46,69.0,-2.46,73.46,False,50.02199999999999,51.75,2000.0,2000.0,,,3262.9332,0.0,0.0,8000.0,3262.9332,-1,815.7,0.0,,0,0.0,True,False,False,,,,,,,,,,,False,,6.7
32848,35692,34885,110-58629,I66_WB,I-66,WESTBOUND,AM,3.0,12,5,0.97,5,71.46,69.0,-2.46,73.46,False,50.02199999999999,51.75,2000.0,10000.0,,,10125.9346,0.0,0.0,30000.0,10125.9346,-1,675.1,0.0,,0,0.0,True,False,False,,,,,,,,,,,False,,6.7
32848,35692,34885,110-58629,I66_WB,I-66,WESTBOUND,MD,6.0,24,5,0.97,5,71.46,69.0,-2.46,73.46,False,50.02199999999999,51.75,2000.0,10000.0,,,26706.669,0.0,0.0,60000.0,26706.669,-1,890.2,0.0,,0,0.0,True,False,False,,,,,,,,,,,False,,6.7
32848,35692,34885,110-58629,I66_WB,I-66,WESTBOUND,PM,4.0,16,5,0.97,5,71.46,69.0,-2.46,73.46,False,50.02199999999999,51.75,2000.0,10000.0,,,18221.3593,0.0,0.0,40000.0,18221.3593,-1,911.1,0.0,,0,0.0,True,False,False,,,,,,,,,,,False,,6.7
32854,35695,34892,110N58631,I66_WB,I-66,WESTBOUND,AM,3.0,12,2,0.22,3,71.59,75.0,3.41,75.06,False,50.113,56.25,2000.0,4000.0,,,3382.8998,0.0,0.0,12000.0,3382.8998,-1,563.8,0.0,,0,0.0,True,False,False,,,,,,,,,,,False,,4.59
32854,35695,34892,110N58631,I66_WB,I-66,WESTBOUND,MD,6.0,24,2,0.22,3,71.59,75.0,3.41,75.06,False,50.113,56.25,2000.0,4000.0,,,9777.1033,0.0,0.0,24000.0,9777.1033,-1,814.8,0.0,,0,0.0,True,False,False,,,,,,,,,,,False,,4.59
32854,35695,34892,110N58631,I66_WB,I-66,WESTBOUND,PM,4.0,16,2,0.22,3,71.59,75.0,3.41,75.06,False,50.113,56.25,2000.0,4000.0,,,6712.9062,0.0,0.0,16000.0,6712.9062,-1,839.1,0.0,,0,0.0,True,False,False,,,,,,,,,,,False,,4.59
32866,35703,34894,110N04182,I66_EB,I-66,EASTBOUND,AM,3.0,12,2,0.45,4,66.45,75.0,8.55,70.59,True,46.515,56.25,2000.0,4000.0,,,3920.4768,0.0,0.0,12000.0,3920.4768,-1,653.4,0.0,,0,0.0,True,False,False,,,,,,,,,,,False,,5.08
32866,35703,34894,110N04182,I66_EB,I-66,EASTBOUND,MD,6.0,24,2,0.45,4,66.45,75.0,8.55,70.59,True,46.515,56.25,2000.0,4000.0,,,7758.2835,0.0,0.0,24000.0,7758.2835,-1,646.5,0.0,,0,0.0,True,False,False,,,,,,,,,,,False,,5.08
32866,35703,34894,110N04182,I66_EB,I-66,EASTBOUND,PM,4.0,16,2,0.45,4,66.45,75.0,8.55,70.59,True,46.515,56.25,2000.0,4000.0,,,5597.8329,0.0,0.0,16000.0,5597.8329,-1,699.7,0.0,,0,0.0,True,False,False,,,,,,,,,,,False,,5.08
32867,35704,34897,110P04182,I66_WB,I-66,WESTBOUND,AM,3.0,12,2,0.45,2,68.559,75.0,6.44,73.05,True,47.9913,56.25,2000.0,4000.0,,,2500.1315,0.0,0.0,12000.0,2500.1315,-1,416.7,0.0,,0,0.0,True,False,False,,,,,,,,,,,True,0.34,0.34
32867,35704,34897,110P04182,I66_WB,I-66,WESTBOUND,MD,6.0,24,2,0.45,2,68.559,75.0,6.44,73.05,True,47.9913,56.25,2000.0,4000.0,,,6200.1109,988.1779350308104,852.559881627881,23988.17793503081,5347.551018372119,-1,516.7,82.3,6.274,1,0.0417,True,False,False,,,,,,,,,,,True,0.34,0.34
32867,35704,34897,110P04182,I66_WB,I-66,WESTBOUND,PM,4.0,16,2,0.45,2,68.559,75.0,6.44,73.05,True,47.9913,56.25,2000.0,4000.0,3328.34792124998,0.1679130196875049,2894.6416,13452.148449435732,13303.23003695663,13452.148449435732,-10408.58843695663,-1,361.8,1681.5,0.215,16,1.0,False,True,False,873.7586626333334,1005.0,1150.297046,4.608973056111111,22.91724637681158,894.3018642333334,1020.0,1440.0,,22.653580909965843,True,0.34,0.34
32868,35705,35692,110+04182,I66_WB,I-66,WESTBOUND,AM,3.0,12,5,0.39,1,67.62,69.0,1.38,70.92,False,47.334,51.75,2000.0,10000.0,,,9929.8559,0.0,0.0,30000.0,9929.8559,-1,662.0,0.0,,0,0.0,True,False,False,,,,,,,,,,,False,2.38,3.13
32868,35705,35692,110+04182,I66_WB,I-66,WESTBOUND,MD,6.0,24,5,0.39,1,67.62,69.0,1.38,70.92,False,47.334,51.75,2000.0,10000.0,,,22002.7391,0.0,0.0,60000.0,22002.7391,-1,733.4,0.0,,0,0.0,True,False,False,,,,,,,,,,,False,2.38,3.13
32868,35705,35692,110+04182,I66_WB,I-66,WESTBOUND,PM,4.0,16,5,0.39,1,67.62,69.0,1.38,70.92,False,47.334,51.75,2000.0,10000.0,9582.8067064001,0.0417193293599897,18392.636,36128.16416393938,35935.66365443606,38628.16416393938,-17543.02765443606,-1,919.6,1806.4,0.509,15,0.9375,False,True,False,898.7701734166666,1050.0,1116.99769865,3.637125420555555,33.91695652173913,912.89679065,1035.0,1110.9688195666668,3.301200481944444,33.68242851471947,False,2.38,3.13
32869,35706,34889,110N04181,I66_EB,I-66,EASTBOUND,AM,3.0,12,5,0.39,1,67.0865,63.0,-4.09,71.12,False,46.96055,47.25,1900.0,9500.0,,,17579.67,0.0,0.0,28500.0,17579.67,-1,1172.0,0.0,,0,0.0,True,False,False,,,,,,,,,,,False,,4.97
32869,35706,34889,110N04181,I66_EB,I-66,EASTBOUND,MD,6.0,24,5,0.39,1,67.0865,63.0,-4.09,71.12,False,46.96055,47.25,1900.0,9500.0,,,28102.7302,0.0,0.0,57000.0,28102.7302,-1,936.8,0.0,,0,0.0,True,False,False,,,,,,,,,,,False,,4.97
32869,35706,34889,110N04181,I66_EB,I-66,EASTBOUND,PM,4.0,16,5,0.39,1,67.0865,63.0,-4.09,71.12,False,46.96055,47.25,1900.0,9500.0,,,18281.5172,0.0,0.0,38000.0,18281.5172,-1,914.1,0.0,,0,0.0,True,False,False,,,,,,,,,,,False,,4.97
35757,36674,35185,110-58629,I66_WB,I-66,WESTBOUND,AM,3.0,12,4,0.46,5,71.46,63.0,-8.46,73.46,False,50.02199999999999,47.25,1900.0,7600.0,,,6181.1805,0.0,0.0,22800.0,6181.1805,-1,515.1,0.0,,0,0.0,True,False,False,,,,,,,,,,,False,,6.7
35757,36674,35185,110-58629,I66_WB,I-66,WESTBOUND,MD,6.0,24,4,0.46,5,71.46,63.0,-8.46,73.46,False,50.02199999999999,47.25,1900.0,7600.0,,,13281.5927,0.0,0.0,45600.0,13281.5927,-1,553.4,0.0,,0,0.0,True,False,False,,,,,,,,,,,False,,6.7
35757,36674,35185,110-58629,I66_WB,I-66,WESTBOUND,PM,4.0,16,4,0.46,5,71.46,63.0,-8.46,73.46,False,50.02199999999999,47.25,1900.0,7600.0,,,13869.5973,0.0,0.0,30400.0,13869.5973,-1,866.8,0.0,,0,0.0,True,False,False,,,,,,,,,,,False,,6.7
35760,36676,34888,110-04181,I66_EB,I-66,EASTBOUND,AM,3.0,12,1,0.28,1,65.59649999999999,63.0,-2.6,70.32,False,45.91754999999999,47.25,1900.0,1900.0,,,2835.0815,0.0,0.0,5700.0,2835.0815,-1,945.0,0.0,,0,0.0,True,False,False,,,,,,,,,,,False,,6.4
35760,36676,34888,110-04181,I66_EB,I-66,EASTBOUND,MD,6.0,24,1,0.28,1,65.59649999999999,63.0,-2.6,70.32,False,45.91754999999999,47.25,1900.0,1900.0,,,6846.9556,0.0,0.0,11400.0,6846.9556,-1,1141.2,0.0,,0,0.0,True,False,False,,,,,,,,,,,False,,6.4
35760,36676,34888,110-04181,I66_EB,I-66,EASTBOUND,PM,4.0,16,1,0.28,1,65.59649999999999,63.0,-2.6,70.32,False,45.91754999999999,47.25,1900.0,1900.0,,,4340.4783,0.0,0.0,7600.0,4340.4783,-1,1085.1,0.0,,0,0.0,True,False,False,,,,,,,,,,,False,,6.4
35765,36678,35695,110N58631,I66_WB,I-66,WESTBOUND,AM,3.0,12,2,0.1,3,71.59,75.0,3.41,75.06,False,50.113,56.25,2000.0,4000.0,,,2419.1041,0.0,0.0,12000.0,2419.1041,-1,403.2,0.0,,0,0.0,True,False,False,,,,,,,,,,,False,,4.59
35765,36678,35695,110N58631,I66_WB,I-66,WESTBOUND,MD,6.0,24,2,0.1,3,71.59,75.0,3.41,75.06,False,50.113,56.25,2000.0,4000.0,,,7118.7067,0.0,0.0,24000.0,7118.7067,-1,593.2,0.0,,0,0.0,True,False,False,,,,,,,,,,,False,,4.59
35765,36678,35695,110N58631,I66_WB,I-66,WESTBOUND,PM,4.0,16,2,0.1,3,71.59,75.0,3.41,75.06,False,50.113,56.25,2000.0,4000.0,,,3460.1793,0.0,0.0,16000.0,3460.1793,-1,432.5,0.0,,0,0.0,True,False,False,,,,,,,,,,,False,,4.59
35779,36684,34852,110N04176,I66_EB,I-66,EASTBOUND,AM,3.0,12,2,1.19,1,67.19,75.0,7.81,71.06,True,47.033,56.25,2000.0,4000.0,,,1102.6066,0.0,0.0,12000.0,1102.6066,-1,183.8,0.0,,0,0.0,True,False,False,,,,,,,,,,,False,,10.66
35779,36684,34852,110N04176,I66_EB,I-66,EASTBOUND,MD,6.0,24,2,1.19,1,67.19,75.0,7.81,71.06,True,47.033,56.25,2000.0,4000.0,,,11752.8597,0.0,0.0,24000.0,11752.8597,-1,979.4,0.0,,0,0.0,True,False,False,,,,,,,,,,,False,,10.66
35779,36684,34852,110N04176,I66_EB,I-66,EASTBOUND,PM,4.0,16,2,1.19,1,67.19,75.0,7.81,71.06,True,47.033,56.25,2000.0,4000.0,,,5830.4727,0.0,0.0,16000.0,5830.4727,-1,728.8,0.0,,0,0.0,True,False,False,,,,,,,,,,,False,,10.66
35786,36690,34893,110+04181,I66_WB,I-66,WESTBOUND,AM,3.0,12,4,0.32,2,68.8665,63.0,-5.87,71.87,False,48.20655,47.25,1900.0,7600.0,,,8823.9543,0.0,0.0,22800.0,8823.9543,-1,735.3,0.0,,0,0.0,True,False,False,,,,,,,,,,,False,,11.6
35786,36690,34893,110+04181,I66_WB,I-66,WESTBOUND,MD,6.0,24,4,0.32,2,68.8665,63.0,-5.87,71.87,False,48.20655,47.25,1900.0,7600.0,,,19403.1607,0.0,0.0,45600.0,19403.1607,-1,808.5,0.0,,0,0.0,True,False,False,,,,,,,,,,,False,,11.6
35786,36690,34893,110+04181,I66_WB,I-66,WESTBOUND,PM,4.0,16,4,0.32,2,68.8665,63.0,-5.87,71.87,False,48.20655,47.25,1900.0,7600.0,,,16882.902,0.0,0.0,30400.0,16882.902,-1,1055.2,0.0,,0,0.0,True,False,False,,,,,,,,,,,False,,11.6
35787,36691,34880,110N04180,I66_EB,I-66,EASTBOUND,AM,3.0,12,4,0.35,1,68.533,63.0,-5.53,71.47,False,47.9731,47.25,1900.0,7600.0,7081.269639369606,0.0682539948197886,15076.5661,13513.44586331669,14205.41070551913,21113.44586331669,871.1553944808693,-1,1256.4,1126.1,1.116,8,0.6667,True,False,False,417.48763978333335,495.0,621.1988443333333,3.3951867425,26.68492753623189,430.4285710666666,495.0,615.3355062166667,3.0817822525,25.721958059355583,False,,14.58
35787,36691,34880,110N04180,I66_EB,I-66,EASTBOUND,MD,6.0,24,4,0.35,1,68.533,63.0,-5.53,71.47,False,47.9731,47.25,1900.0,7600.0,,,23317.1972,11034.401609347366,10572.159685427872,45234.40160934736,12745.037514572126,-1,971.5,459.8,2.113,6,0.25,True,False,False,,,,,,,,,,,False,,14.58
35787,36691,34880,110N04180,I66_EB,I-66,EASTBOUND,PM,4.0,16,4,0.35,1,68.533,63.0,-5.53,71.47,False,47.9731,47.25,1900.0,7600.0,,,13605.367,0.0,0.0,30400.0,13605.367,-1,850.3,0.0,,0,0.0,True,False,False,,,,,,,,,,,False,,14.58
38163,40008,40371,110+58628,I66_EB,I-66,EASTBOUND,AM,3.0,12,3,0.45,3,72.3065,69.0,-3.31,75.2,False,50.61455,51.75,2000.0,6000.0,,,14016.1928,0.0,0.0,18000.0,14016.1928,-1,1557.4,0.0,,0,0.0,True,False,False,,,,,,,,,,,False,,4.36
38163,40008,40371,110+58628,I66_EB,I-66,EASTBOUND,MD,6.0,24,3,0.45,3,72.3065,69.0,-3.31,75.2,False,50.61455,51.75,2000.0,6000.0,,,20410.7732,0.0,0.0,36000.0,20410.7732,-1,1133.9,0.0,,0,0.0,True,False,False,,,,,,,,,,,False,,4.36
38163,40008,40371,110+58628,I66_EB,I-66,EASTBOUND,PM,4.0,16,3,0.45,3,72.3065,69.0,-3.31,75.2,False,50.61455,51.75,2000.0,6000.0,,,13523.9934,0.0,0.0,24000.0,13523.9934,-1,1127.0,0.0,,0,0.0,True,False,False,,,,,,,,,,,False,,4.36
38167,40010,40008,110+58628,I66_EB,I-66,EASTBOUND,AM,3.0,12,3,0.35,3,72.3065,69.0,-3.31,75.2,False,50.61455,51.75,2000.0,6000.0,,,8783.6244,0.0,0.0,18000.0,8783.6244,-1,976.0,0.0,,0,0.0,True,False,False,,,,,,,,,,,False,,4.36
38167,40010,40008,110+58628,I66_EB,I-66,EASTBOUND,MD,6.0,24,3,0.35,3,72.3065,69.0,-3.31,75.2,False,50.61455,51.75,2000.0,6000.0,,,12028.9516,0.0,0.0,36000.0,12028.9516,-1,668.3,0.0,,0,0.0,True,False,False,,,,,,,,,,,False,,4.36
38167,40010,40008,110+58628,I66_EB,I-66,EASTBOUND,PM,4.0,16,3,0.35,3,72.3065,69.0,-3.31,75.2,False,50.61455,51.75,2000.0,6000.0,,,7133.3903,0.0,0.0,24000.0,7133.3903,-1,594.4,0.0,,0,0.0,True,False,False,,,,,,,,,,,False,,4.36
38189,40018,40392,110P58625,I66_EB,I-66,EASTBOUND,AM,3.0,12,3,0.12,2,72.32,69.0,-3.32,75.0,False,50.624,51.75,2000.0,6000.0,,,9100.796,0.0,0.0,18000.0,9100.796,-1,1011.2,0.0,,0,0.0,True,False,False,,,,,,,,,,,False,,3.05
38189,40018,40392,110P58625,I66_EB,I-66,EASTBOUND,MD,6.0,24,3,0.12,2,72.32,69.0,-3.32,75.0,False,50.624,51.75,2000.0,6000.0,,,14603.0415,0.0,0.0,36000.0,14603.0415,-1,811.3,0.0,,0,0.0,True,False,False,,,,,,,,,,,False,,3.05
38189,40018,40392,110P58625,I66_EB,I-66,EASTBOUND,PM,4.0,16,3,0.12,2,72.32,69.0,-3.32,75.0,False,50.624,51.75,2000.0,6000.0,,,8914.8384,0.0,0.0,24000.0,8914.8384,-1,742.9,0.0,,0,0.0,True,False,False,,,,,,,,,,,False,,3.05
38500,40113,40391,110+58626,I66_EB,I-66,EASTBOUND,AM,3.0,12,4,0.25,2,72.79,75.0,2.21,75.59,False,50.953,56.25,2000.0,8000.0,,,10260.257,0.0,0.0,24000.0,10260.257,-1,855.0,0.0,,0,0.0,True,False,False,,,,,,,,,,,False,,3.79
38500,40113,40391,110+58626,I66_EB,I-66,EASTBOUND,MD,6.0,24,4,0.25,2,72.79,75.0,2.21,75.59,False,50.953,56.25,2000.0,8000.0,,,15143.4253,0.0,0.0,48000.0,15143.4253,-1,631.0,0.0,,0,0.0,True,False,False,,,,,,,,,,,False,,3.79
38500,40113,40391,110+58626,I66_EB,I-66,EASTBOUND,PM,4.0,16,4,0.25,2,72.79,75.0,2.21,75.59,False,50.953,56.25,2000.0,8000.0,,,9550.6969,0.0,0.0,32000.0,9550.6969,-1,596.9,0.0,,0,0.0,True,False,False,,,,,,,,,,,False,,3.79
38749,40189,40209,110-58627,I66_WB,I-66,WESTBOUND,AM,3.0,12,3,0.47,3,72.26,69.0,-3.26,75.46,False,50.582,51.75,2000.0,6000.0,,,5651.5642,0.0,0.0,18000.0,5651.5642,-1,628.0,0.0,,0,0.0,True,False,False,,,,,,,,,,,False,,3.42
38749,40189,40209,110-58627,I66_WB,I-66,WESTBOUND,MD,6.0,24,3,0.47,3,72.26,69.0,-3.26,75.46,False,50.582,51.75,2000.0,6000.0,,,12011.2803,0.0,0.0,36000.0,12011.2803,-1,667.3,0.0,,0,0.0,True,False,False,,,,,,,,,,,False,,3.42
38749,40189,40209,110-58627,I66_WB,I-66,WESTBOUND,PM,4.0,16,3,0.47,3,72.26,69.0,-3.26,75.46,False,50.582,51.75,2000.0,6000.0,,,10011.8066,0.0,0.0,24000.0,10011.8066,-1,834.3,0.0,,0,0.0,True,False,False,,,,,,,,,,,False,,3.42
38801,40209,40376,110-58627,I66_WB,I-66,WESTBOUND,AM,3.0,12,3,0.39,3,72.26,69.0,-3.26,75.46,False,50.582,51.75,2000.0,6000.0,,,6620.021,0.0,0.0,18000.0,6620.021,-1,735.6,0.0,,0,0.0,True,False,False,,,,,,,,,,,False,,3.42
38801,40209,40376,110-58627,I66_WB,I-66,WESTBOUND,MD,6.0,24,3,0.39,3,72.26,69.0,-3.26,75.46,False,50.582,51.75,2000.0,6000.0,,,15083.785,0.0,0.0,36000.0,15083.785,-1,838.0,0.0,,0,0.0,True,False,False,,,,,,,,,,,False,,3.42
38801,40209,40376,110-58627,I66_WB,I-66,WESTBOUND,PM,4.0,16,3,0.39,3,72.26,69.0,-3.26,75.46,False,50.582,51.75,2000.0,6000.0,,,12131.9057,0.0,0.0,24000.0,12131.9057,-1,1011.0,0.0,,0,0.0,True,False,False,,,,,,,,,,,False,,3.42
38954,40266,40369,110+04184,I66_WB,I-66,WESTBOUND,AM,3.0,12,2,1.13,6,68.98,75.0,6.02,72.32,True,48.286,56.25,2000.0,4000.0,,,3209.9114,0.0,0.0,12000.0,3209.9114,-1,535.0,0.0,,0,0.0,True,False,False,,,,,,,,,,,True,4.9,5.85
38954,40266,40369,110+04184,I66_WB,I-66,WESTBOUND,MD,6.0,24,2,1.13,6,68.98,75.0,6.02,72.32,True,48.286,56.25,2000.0,4000.0,,,8373.7351,0.0,0.0,24000.0,8373.7351,-1,697.8,0.0,,0,0.0,True,False,False,,,,,,,,,,,True,4.9,5.85
38954,40266,40369,110+04184,I66_WB,I-66,WESTBOUND,PM,4.0,16,2,1.13,6,68.98,75.0,6.02,72.32,True,48.286,56.25,2000.0,4000.0,3856.2303322116654,0.0359424169470836,3843.9517,14155.133703706591,14494.150133512576,15155.133703706591,-10650.198433512576,-1,480.5,1769.4,0.272,15,0.9375,False,True,False,907.3498532166668,1080.0,1162.9114303666668,4.259359619166667,28.853478260869565,937.8438224666668,1080.0,1440.0,,31.293186405455,True,4.9,5.85
38959,40268,40269,110N58625,I66_WB,I-66,WESTBOUND,AM,3.0,12,3,0.88,2,71.79,69.0,-2.79,75.66,False,50.253,51.75,2000.0,6000.0,,,3665.6791,0.0,0.0,18000.0,3665.6791,-1,407.3,0.0,,0,0.0,True,False,False,,,,,,,,,,,False,,2.55
38959,40268,40269,110N58625,I66_WB,I-66,WESTBOUND,MD,6.0,24,3,0.88,2,71.79,69.0,-2.79,75.66,False,50.253,51.75,2000.0,6000.0,,,8847.8761,0.0,0.0,36000.0,8847.8761,-1,491.5,0.0,,0,0.0,True,False,False,,,,,,,,,,,False,,2.55
38959,40268,40269,110N58625,I66_WB,I-66,WESTBOUND,PM,4.0,16,3,0.88,2,71.79,69.0,-2.79,75.66,False,50.253,51.75,2000.0,6000.0,,,6731.6481,0.0,0.0,24000.0,6731.6481,-1,561.0,0.0,,0,0.0,True,False,False,,,,,,,,,,,False,,2.55
39007,40293,40395,110-58625,I66_WB,I-66,WESTBOUND,AM,3.0,12,4,0.15,3,71.6795,75.0,3.32,76.19,False,50.17565,56.25,2000.0,8000.0,,,6717.0154,0.0,0.0,24000.0,6717.0154,-1,559.8,0.0,,0,0.0,True,False,False,,,,,,,,,,,False,,3.06
39007,40293,40395,110-58625,I66_WB,I-66,WESTBOUND,MD,6.0,24,4,0.15,3,71.6795,75.0,3.32,76.19,False,50.17565,56.25,2000.0,8000.0,,,16107.5018,0.0,0.0,48000.0,16107.5018,-1,671.1,0.0,,0,0.0,True,False,False,,,,,,,,,,,False,,3.06
39007,40293,40395,110-58625,I66_WB,I-66,WESTBOUND,PM,4.0,16,4,0.15,3,71.6795,75.0,3.32,76.19,False,50.17565,56.25,2000.0,8000.0,,,14311.5164,0.0,0.0,32000.0,14311.5164,-1,894.5,0.0,,0,0.0,True,False,False,,,,,,,,,,,False,,3.06
39080,40320,40368,110-58628,I66_WB,I-66,WESTBOUND,AM,3.0,12,3,1.13,10,72.5265,69.0,-3.53,75.0,False,50.76855,51.75,2000.0,6000.0,,,8440.1469,0.0,0.0,18000.0,8440.1469,-1,937.8,0.0,,0,0.0,True,False,False,,,,,,,,,,,False,,9.41
39080,40320,40368,110-58628,I66_WB,I-66,WESTBOUND,MD,6.0,24,3,1.13,10,72.5265,69.0,-3.53,75.0,False,50.76855,51.75,2000.0,6000.0,,,16040.7939,0.0,0.0,36000.0,16040.7939,-1,891.2,0.0,,0,0.0,True,False,False,,,,,,,,,,,False,,9.41
39080,40320,40368,110-58628,I66_WB,I-66,WESTBOUND,PM,4.0,16,3,1.13,10,72.5265,69.0,-3.53,75.0,False,50.76855,51.75,2000.0,6000.0,,,15611.3843,0.0,0.0,24000.0,15611.3843,-1,1300.9,0.0,,0,0.0,True,False,False,,,,,,,,,,,False,,9.41
39139,40368,40189,110-58627,I66_WB,I-66,WESTBOUND,AM,3.0,12,3,0.41,3,72.26,69.0,-3.26,75.46,False,50.582,51.75,2000.0,6000.0,,,9285.5041,0.0,0.0,18000.0,9285.5041,-1,1031.7,0.0,,0,0.0,True,False,False,,,,,,,,,,,False,,3.42
39139,40368,40189,110-58627,I66_WB,I-66,WESTBOUND,MD,6.0,24,3,0.41,3,72.26,69.0,-3.26,75.46,False,50.582,51.75,2000.0,6000.0,,,18605.6413,0.0,0.0,36000.0,18605.6413,-1,1033.6,0.0,,0,0.0,True,False,False,,,,,,,,,,,False,,3.42
39139,40368,40189,110-58627,I66_WB,I-66,WESTBOUND,PM,4.0,16,3,0.41,3,72.26,69.0,-3.26,75.46,False,50.582,51.75,2000.0,6000.0,,,16041.5009,0.0,0.0,24000.0,16041.5009,-1,1336.8,0.0,,0,0.0,True,False,False,,,,,,,,,,,False,,3.42
39141,40369,40372,110+04184,I66_WB,I-66,WESTBOUND,AM,3.0,12,2,0.41,6,68.98,75.0,6.02,72.32,True,48.286,56.25,2000.0,4000.0,,,2364.5542,0.0,0.0,12000.0,2364.5542,-1,394.1,0.0,,0,0.0,True,False,False,,,,,,,,,,,True,2.25,3.36
39141,40369,40372,110+04184,I66_WB,I-66,WESTBOUND,MD,6.0,24,2,0.41,6,68.98,75.0,6.02,72.32,True,48.286,56.25,2000.0,4000.0,,,5808.8876,0.0,0.0,24000.0,5808.8876,-1,484.1,0.0,,0,0.0,True,False,False,,,,,,,,,,,True,2.25,3.36
39141,40369,40372,110+04184,I66_WB,I-66,WESTBOUND,PM,4.0,16,2,0.41,6,68.98,75.0,6.02,72.32,True,48.286,56.25,2000.0,4000.0,3856.2303322116654,0.0359424169470836,3413.8351,14155.133703706591,14476.75225354954,15155.133703706591,-11062.91715354954,-1,426.7,1769.4,0.241,15,0.9375,False,True,False,907.3498532166668,1080.0,1162.9114303666668,4.259359619166667,28.853478260869565,928.9656006333332,1080.0,1440.0,,28.997668132206226,True,2.25,3.36
39142,40370,34922,110-04183,I66_EB,I-66,EASTBOUND,AM,3.0,12,2,1.1,6,69.369,75.0,5.63,72.86,True,48.5583,56.25,2000.0,4000.0,3840.5454023210655,0.0398636494197334,121.4594,9434.815516767118,9624.568954310163,11434.815516767118,-9503.109554310164,-1,20.2,1572.5,0.013,10,0.8333,False,True,False,379.19888541666666,480.0,563.9572890666666,3.0793067275,31.92304347826087,404.2006512,495.0,541.84388045,2.294053820833333,37.11310329404845,False,,5.68
39142,40370,34922,110-04183,I66_EB,I-66,EASTBOUND,MD,6.0,24,2,1.1,6,69.369,75.0,5.63,72.86,True,48.5583,56.25,2000.0,4000.0,,,10995.7105,1984.9424419785328,1885.950481760652,23984.94244197853,9109.760018239347,-1,916.3,165.4,5.54,2,0.0833,True,False,False,,,,,,,,,,,False,,5.68
39142,40370,34922,110-04183,I66_EB,I-66,EASTBOUND,PM,4.0,16,2,1.1,6,69.369,75.0,5.63,72.86,True,48.5583,56.25,2000.0,4000.0,,,7684.3782,0.0,0.0,16000.0,7684.3782,-1,960.5,0.0,,0,0.0,True,False,False,,,,,,,,,,,False,,5.68
39143,40371,34702,110+58629,I66_EB,I-66,EASTBOUND,AM,3.0,12,3,1.1,10,72.0,69.0,-3.0,75.0,False,50.4,51.75,2000.0,6000.0,,,14016.1928,0.0,0.0,18000.0,14016.1928,-1,1557.4,0.0,,0,0.0,True,False,False,,,,,,,,,,,False,,2.56
39143,40371,34702,110+58629,I66_EB,I-66,EASTBOUND,MD,6.0,24,3,1.1,10,72.0,69.0,-3.0,75.0,False,50.4,51.75,2000.0,6000.0,,,15397.8275,0.0,0.0,36000.0,15397.8275,-1,855.4,0.0,,0,0.0,True,False,False,,,,,,,,,,,False,,2.56
39143,40371,34702,110+58629,I66_EB,I-66,EASTBOUND,PM,4.0,16,3,1.1,10,72.0,69.0,-3.0,75.0,False,50.4,51.75,2000.0,6000.0,,,10649.5931,0.0,0.0,24000.0,10649.5931,-1,887.5,0.0,,0,0.0,True,False,False,,,,,,,,,,,False,,2.56
39145,40372,40375,110P04184,I66_WB,I-66,WESTBOUND,AM,3.0,12,2,0.47,1,69.52,75.0,5.48,74.46,True,48.664,56.25,2000.0,4000.0,,,2364.5542,0.0,0.0,12000.0,2364.5542,-1,394.1,0.0,,0,0.0,True,False,False,,,,,,,,,,,False,,7.81
39145,40372,40375,110P04184,I66_WB,I-66,WESTBOUND,MD,6.0,24,2,0.47,1,69.52,75.0,5.48,74.46,True,48.664,56.25,2000.0,4000.0,,,5808.8876,0.0,0.0,24000.0,5808.8876,-1,484.1,0.0,,0,0.0,True,False,False,,,,,,,,,,,False,,7.81
39145,40372,40375,110P04184,I66_WB,I-66,WESTBOUND,PM,4.0,16,2,0.47,1,69.52,75.0,5.48,74.46,True,48.664,56.25,2000.0,4000.0,,,3413.8351,0.0,0.0,16000.0,3413.8351,-1,426.7,0.0,,0,0.0,True,False,False,,,,,,,,,,,False,,7.81
39146,40373,40370,110-04183,I66_EB,I-66,EASTBOUND,AM,3.0,12,2,0.45,6,69.369,75.0,5.63,72.86,True,48.5583,56.25,2000.0,4000.0,3840.5454023210655,0.0398636494197334,121.4594,9434.815516767118,9616.598099372828,11434.815516767118,-9495.138699372828,-1,20.2,1572.5,0.013,10,0.8333,False,True,False,379.19888541666666,480.0,563.9572890666666,3.0793067275,31.92304347826087,403.2227728,480.0,554.1880881333333,2.516088588888889,33.0775835176066,False,,5.68
39146,40373,40370,110-04183,I66_EB,I-66,EASTBOUND,MD,6.0,24,2,0.45,6,69.369,75.0,5.63,72.86,True,48.5583,56.25,2000.0,4000.0,,,5982.7648,1984.9424419785328,1905.8737500612888,23984.94244197853,4076.891049938711,-1,498.6,165.4,3.014,2,0.0833,True,False,False,,,,,,,,,,,False,,5.68
39146,40373,40370,110-04183,I66_EB,I-66,EASTBOUND,PM,4.0,16,2,0.45,6,69.369,75.0,5.63,72.86,True,48.5583,56.25,2000.0,4000.0,,,4809.9779,0.0,0.0,16000.0,4809.9779,-1,601.2,0.0,,0,0.0,True,False,False,,,,,,,,,,,False,,5.68
39147,40374,40373,110N04184,I66_EB,I-66,EASTBOUND,AM,3.0,12,2,0.35,1,70.1795,75.0,4.82,74.19,True,49.12565,56.25,2000.0,4000.0,3458.5152857201724,0.1353711785699569,121.4594,9294.873814310691,9521.021046414844,10294.873814310691,-9399.561646414844,-1,20.2,1549.1,0.013,11,0.9167,False,True,False,370.7875832833333,465.0,558.9195191,3.135532263611111,20.628115942028984,384.0589911333333,465.0,553.34348845,2.821408288611111,20.07023932595143,False,,6.11
39147,40374,40373,110N04184,I66_EB,I-66,EASTBOUND,MD,6.0,24,2,0.35,1,70.1795,75.0,4.82,74.19,True,49.12565,56.25,2000.0,4000.0,,,5982.7648,1992.6828184134847,1719.4902564881309,23992.682818413487,4263.274543511869,-1,498.6,166.1,3.002,2,0.0833,True,False,False,,,,,,,,,,,False,,6.11
39147,40374,40373,110N04184,I66_EB,I-66,EASTBOUND,PM,4.0,16,2,0.35,1,70.1795,75.0,4.82,74.19,True,49.12565,56.25,2000.0,4000.0,,,4809.9779,0.0,0.0,16000.0,4809.9779,-1,601.2,0.0,,0,0.0,True,False,False,,,,,,,,,,,False,,6.11
39148,40375,40377,110+04185,I66_WB,I-66,WESTBOUND,AM,3.0,12,2,0.39,4,69.4265,75.0,5.57,72.16,True,48.59855,56.25,2000.0,4000.0,,,2364.5542,0.0,0.0,12000.0,2364.5542,-1,394.1,0.0,,0,0.0,True,False,False,,,,,,,,,,,False,,7.94
39148,40375,40377,110+04185,I66_WB,I-66,WESTBOUND,MD,6.0,24,2,0.39,4,69.4265,75.0,5.57,72.16,True,48.59855,56.25,2000.0,4000.0,,,5808.8876,0.0,0.0,24000.0,5808.8876,-1,484.1,0.0,,0,0.0,True,False,False,,,,,,,,,,,False,,7.94
39148,40375,40377,110+04185,I66_WB,I-66,WESTBOUND,PM,4.0,16,2,0.39,4,69.4265,75.0,5.57,72.16,True,48.59855,56.25,2000.0,4000.0,,,3413.8351,0.0,0.0,16000.0,3413.8351,-1,426.7,0.0,,0,0.0,True,False,False,,,,,,,,,,,False,,7.94
39149,40376,40380,110-58626,I66_WB,I-66,WESTBOUND,AM,3.0,12,3,1.69,2,73.0,75.0,2.0,75.8,False,51.1,56.25,2000.0,6000.0,,,6620.021,0.0,0.0,18000.0,6620.021,-1,735.6,0.0,,0,0.0,True,False,False,,,,,,,,,,,False,,2.57
39149,40376,40380,110-58626,I66_WB,I-66,WESTBOUND,MD,6.0,24,3,1.69,2,73.0,75.0,2.0,75.8,False,51.1,56.25,2000.0,6000.0,,,15083.785,0.0,0.0,36000.0,15083.785,-1,838.0,0.0,,0,0.0,True,False,False,,,,,,,,,,,False,,2.57
39149,40376,40380,110-58626,I66_WB,I-66,WESTBOUND,PM,4.0,16,3,1.69,2,73.0,75.0,2.0,75.8,False,51.1,56.25,2000.0,6000.0,,,12131.9057,0.0,0.0,24000.0,12131.9057,-1,1011.0,0.0,,0,0.0,True,False,False,,,,,,,,,,,False,,2.57
39150,40377,41016,110+04185,I66_WB,I-66,WESTBOUND,AM,3.0,12,2,0.6,4,69.4265,75.0,5.57,72.16,True,48.59855,56.25,2000.0,4000.0,,,2364.5542,0.0,0.0,12000.0,2364.5542,-1,394.1,0.0,,0,0.0,True,False,False,,,,,,,,,,,False,,7.94
39150,40377,41016,110+04185,I66_WB,I-66,WESTBOUND,MD,6.0,24,2,0.6,4,69.4265,75.0,5.57,72.16,True,48.59855,56.25,2000.0,4000.0,,,5808.8876,0.0,0.0,24000.0,5808.8876,-1,484.1,0.0,,0,0.0,True,False,False,,,,,,,,,,,False,,7.94
39150,40377,41016,110+04185,I66_WB,I-66,WESTBOUND,PM,4.0,16,2,0.6,4,69.4265,75.0,5.57,72.16,True,48.59855,56.25,2000.0,4000.0,,,3413.8351,0.0,0.0,16000.0,3413.8351,-1,426.7,0.0,,0,0.0,True,False,False,,,,,,,,,,,False,,7.94
39151,40378,40374,110-04184,I66_EB,I-66,EASTBOUND,AM,3.0,12,2,0.52,3,69.71,75.0,5.29,72.59,True,48.79699999999999,56.25,2000.0,4000.0,3847.361416258172,0.0381596459354569,121.4594,8540.811237692029,8658.075022500849,11540.811237692027,-8536.615622500849,-1,20.2,1423.5,0.014,9,0.75,False,True,False,392.88974245,450.0,528.2846635,2.2565820175,31.42507246376812,415.9195749666667,450.0,520.7633244,1.7473958238888891,31.010895906997305,False,,6.77
39151,40378,40374,110-04184,I66_EB,I-66,EASTBOUND,MD,6.0,24,2,0.52,3,69.71,75.0,5.29,72.59,True,48.79699999999999,56.25,2000.0,4000.0,,,5982.7648,0.0,0.0,24000.0,5982.7648,-1,498.6,0.0,,0,0.0,True,False,False,,,,,,,,,,,False,,6.77
39151,40378,40374,110-04184,I66_EB,I-66,EASTBOUND,PM,4.0,16,2,0.52,3,69.71,75.0,5.29,72.59,True,48.79699999999999,56.25,2000.0,4000.0,,,4809.9779,0.0,0.0,16000.0,4809.9779,-1,601.2,0.0,,0,0.0,True,False,False,,,,,,,,,,,False,,6.77
39152,40379,40010,110+58628,I66_EB,I-66,EASTBOUND,AM,3.0,12,3,0.52,3,72.3065,69.0,-3.31,75.2,False,50.61455,51.75,2000.0,6000.0,,,10258.2186,0.0,0.0,18000.0,10258.2186,-1,1139.8,0.0,,0,0.0,True,False,False,,,,,,,,,,,False,,4.36
39152,40379,40010,110+58628,I66_EB,I-66,EASTBOUND,MD,6.0,24,3,0.52,3,72.3065,69.0,-3.31,75.2,False,50.61455,51.75,2000.0,6000.0,,,15747.2277,0.0,0.0,36000.0,15747.2277,-1,874.8,0.0,,0,0.0,True,False,False,,,,,,,,,,,False,,4.36
39152,40379,40010,110+58628,I66_EB,I-66,EASTBOUND,PM,4.0,16,3,0.52,3,72.3065,69.0,-3.31,75.2,False,50.61455,51.75,2000.0,6000.0,,,9926.2132,0.0,0.0,24000.0,9926.2132,-1,827.2,0.0,,0,0.0,True,False,False,,,,,,,,,,,False,,4.36
39153,40380,40416,110-58626,I66_WB,I-66,WESTBOUND,AM,3.0,12,3,0.56,2,73.0,75.0,2.0,75.8,False,51.1,56.25,2000.0,6000.0,,,6620.021,0.0,0.0,18000.0,6620.021,-1,735.6,0.0,,0,0.0,True,False,False,,,,,,,,,,,False,,2.57
39153,40380,40416,110-58626,I66_WB,I-66,WESTBOUND,MD,6.0,24,3,0.56,2,73.0,75.0,2.0,75.8,False,51.1,56.25,2000.0,6000.0,,,15083.785,0.0,0.0,36000.0,15083.785,-1,838.0,0.0,,0,0.0,True,False,False,,,,,,,,,,,False,,2.57
39153,40380,40416,110-58626,I66_WB,I-66,WESTBOUND,PM,4.0,16,3,0.56,2,73.0,75.0,2.0,75.8,False,51.1,56.25,2000.0,6000.0,,,12131.9057,0.0,0.0,24000.0,12131.9057,-1,1011.0,0.0,,0,0.0,True,False,False,,,,,,,,,,,False,,2.57
39154,40381,40384,110+04185,I66_WB,I-66,WESTBOUND,AM,3.0,12,2,0.56,4,69.4265,75.0,5.57,72.16,True,48.59855,56.25,2000.0,4000.0,,,1157.4056,0.0,0.0,12000.0,1157.4056,-1,192.9,0.0,,0,0.0,True,False,False,,,,,,,,,,,False,,7.94
39154,40381,40384,110+04185,I66_WB,I-66,WESTBOUND,MD,6.0,24,2,0.56,4,69.4265,75.0,5.57,72.16,True,48.59855,56.25,2000.0,4000.0,,,2915.8977,0.0,0.0,24000.0,2915.8977,-1,243.0,0.0,,0,0.0,True,False,False,,,,,,,,,,,False,,7.94
39154,40381,40384,110+04185,I66_WB,I-66,WESTBOUND,PM,4.0,16,2,0.56,4,69.4265,75.0,5.57,72.16,True,48.59855,56.25,2000.0,4000.0,,,2609.1405,0.0,0.0,16000.0,2609.1405,-1,326.1,0.0,,0,0.0,True,False,False,,,,,,,,,,,False,,7.94
39156,40382,41015,110-04184,I66_EB,I-66,EASTBOUND,AM,3.0,12,2,1.11,3,69.71,75.0,5.29,72.59,True,48.79699999999999,56.25,2000.0,4000.0,3847.361416258172,0.0381596459354569,111.5994,8540.811237692029,8645.090299975813,11540.811237692027,-8533.490899975814,-1,18.6,1423.5,0.013,9,0.75,False,True,False,392.88974245,450.0,528.2846635,2.2565820175,31.42507246376812,418.17270925,450.0,505.6895969666666,1.4586147952777777,34.837278729018095,False,,6.77
39156,40382,41015,110-04184,I66_EB,I-66,EASTBOUND,MD,6.0,24,2,1.11,3,69.71,75.0,5.29,72.59,True,48.79699999999999,56.25,2000.0,4000.0,,,3798.562,0.0,0.0,24000.0,3798.562,-1,316.5,0.0,,0,0.0,True,False,False,,,,,,,,,,,False,,6.77
39156,40382,41015,110-04184,I66_EB,I-66,EASTBOUND,PM,4.0,16,2,1.11,3,69.71,75.0,5.29,72.59,True,48.79699999999999,56.25,2000.0,4000.0,,,3402.3516,0.0,0.0,16000.0,3402.3516,-1,425.3,0.0,,0,0.0,True,False,False,,,,,,,,,,,False,,6.77
39157,40383,40379,110+58627,I66_EB,I-66,EASTBOUND,AM,3.0,12,3,1.71,2,73.0,75.0,2.0,75.31,False,51.1,56.25,2000.0,6000.0,,,10258.2186,0.0,0.0,18000.0,10258.2186,-1,1139.8,0.0,,0,0.0,True,False,False,,,,,,,,,,,False,,4.35
39157,40383,40379,110+58627,I66_EB,I-66,EASTBOUND,MD,6.0,24,3,1.71,2,73.0,75.0,2.0,75.31,False,51.1,56.25,2000.0,6000.0,,,15747.2277,0.0,0.0,36000.0,15747.2277,-1,874.8,0.0,,0,0.0,True,False,False,,,,,,,,,,,False,,4.35
39157,40383,40379,110+58627,I66_EB,I-66,EASTBOUND,PM,4.0,16,3,1.71,2,73.0,75.0,2.0,75.31,False,51.1,56.25,2000.0,6000.0,,,9926.2132,0.0,0.0,24000.0,9926.2132,-1,827.2,0.0,,0,0.0,True,False,False,,,,,,,,,,,False,,4.35
39158,40384,40386,110P04185,I66_WB,I-66,WESTBOUND,AM,3.0,12,2,0.29,2,67.99,75.0,7.01,71.73,True,47.593,56.25,2000.0,4000.0,,,2982.682,0.0,0.0,12000.0,2982.682,-1,497.1,0.0,,0,0.0,True,False,False,,,,,,,,,,,False,,6.12
39158,40384,40386,110P04185,I66_WB,I-66,WESTBOUND,MD,6.0,24,2,0.29,2,67.99,75.0,7.01,71.73,True,47.593,56.25,2000.0,4000.0,,,7679.3538,0.0,0.0,24000.0,7679.3538,-1,639.9,0.0,,0,0.0,True,False,False,,,,,,,,,,,False,,6.12
39158,40384,40386,110P04185,I66_WB,I-66,WESTBOUND,PM,4.0,16,2,0.29,2,67.99,75.0,7.01,71.73,True,47.593,56.25,2000.0,4000.0,,,6360.4008,0.0,0.0,16000.0,6360.4008,-1,795.1,0.0,,0,0.0,True,False,False,,,,,,,,,,,False,,6.12
39159,40385,40382,110N04185,I66_EB,I-66,EASTBOUND,AM,3.0,12,2,0.51,2,70.38,75.0,4.62,72.73,True,49.26599999999999,56.25,2000.0,4000.0,,,111.5972,0.0,0.0,12000.0,111.5972,-1,18.6,0.0,,0,0.0,True,False,False,,,,,,,,,,,False,,3.96
39159,40385,40382,110N04185,I66_EB,I-66,EASTBOUND,MD,6.0,24,2,0.51,2,70.38,75.0,4.62,72.73,True,49.26599999999999,56.25,2000.0,4000.0,,,3789.3265,0.0,0.0,24000.0,3789.3265,-1,315.8,0.0,,0,0.0,True,False,False,,,,,,,,,,,False,,3.96
39159,40385,40382,110N04185,I66_EB,I-66,EASTBOUND,PM,4.0,16,2,0.51,2,70.38,75.0,4.62,72.73,True,49.26599999999999,56.25,2000.0,4000.0,,,3396.0525,0.0,0.0,16000.0,3396.0525,-1,424.5,0.0,,0,0.0,True,False,False,,,,,,,,,,,False,,3.96
39161,40386,40389,110P04185,I66_WB,I-66,WESTBOUND,AM,3.0,12,2,0.12,2,67.99,75.0,7.01,71.73,True,47.593,56.25,2000.0,4000.0,,,2982.682,0.0,0.0,12000.0,2982.682,-1,497.1,0.0,,0,0.0,True,False,False,,,,,,,,,,,False,,6.12
39161,40386,40389,110P04185,I66_WB,I-66,WESTBOUND,MD,6.0,24,2,0.12,2,67.99,75.0,7.01,71.73,True,47.593,56.25,2000.0,4000.0,,,7679.3538,0.0,0.0,24000.0,7679.3538,-1,639.9,0.0,,0,0.0,True,False,False,,,,,,,,,,,False,,6.12
39161,40386,40389,110P04185,I66_WB,I-66,WESTBOUND,PM,4.0,16,2,0.12,2,67.99,75.0,7.01,71.73,True,47.593,56.25,2000.0,4000.0,,,6360.4008,0.0,0.0,16000.0,6360.4008,-1,795.1,0.0,,0,0.0,True,False,False,,,,,,,,,,,False,,6.12
39162,40387,40385,110N04185,I66_EB,I-66,EASTBOUND,AM,3.0,12,2,0.23,2,70.38,75.0,4.62,72.73,True,49.26599999999999,56.25,2000.0,4000.0,,,4096.5822,0.0,0.0,12000.0,4096.5822,-1,682.8,0.0,,0,0.0,True,False,False,,,,,,,,,,,False,,3.96
39162,40387,40385,110N04185,I66_EB,I-66,EASTBOUND,MD,6.0,24,2,0.23,2,70.38,75.0,4.62,72.73,True,49.26599999999999,56.25,2000.0,4000.0,,,10508.3666,0.0,0.0,24000.0,10508.3666,-1,875.7,0.0,,0,0.0,True,False,False,,,,,,,,,,,False,,3.96
39162,40387,40385,110N04185,I66_EB,I-66,EASTBOUND,PM,4.0,16,2,0.23,2,70.38,75.0,4.62,72.73,True,49.26599999999999,56.25,2000.0,4000.0,,,6899.2054,0.0,0.0,16000.0,6899.2054,-1,862.4,0.0,,0,0.0,True,False,False,,,,,,,,,,,False,,3.96
39163,40388,40293,110-58625,I66_WB,I-66,WESTBOUND,AM,3.0,12,4,0.07,3,71.6795,75.0,3.32,76.19,False,50.17565,56.25,2000.0,8000.0,,,6717.0154,0.0,0.0,24000.0,6717.0154,-1,559.8,0.0,,0,0.0,True,False,False,,,,,,,,,,,False,,3.06
39163,40388,40293,110-58625,I66_WB,I-66,WESTBOUND,MD,6.0,24,4,0.07,3,71.6795,75.0,3.32,76.19,False,50.17565,56.25,2000.0,8000.0,,,16107.5018,0.0,0.0,48000.0,16107.5018,-1,671.1,0.0,,0,0.0,True,False,False,,,,,,,,,,,False,,3.06
39163,40388,40293,110-58625,I66_WB,I-66,WESTBOUND,PM,4.0,16,4,0.07,3,71.6795,75.0,3.32,76.19,False,50.17565,56.25,2000.0,8000.0,,,14311.5164,0.0,0.0,32000.0,14311.5164,-1,894.5,0.0,,0,0.0,True,False,False,,,,,,,,,,,False,,3.06
39164,40389,41012,110+04186,I66_WB,I-66,WESTBOUND,AM,3.0,12,2,0.21,3,67.5165,75.0,7.48,72.05,True,47.26154999999999,56.25,2000.0,4000.0,,,2982.682,0.0,0.0,12000.0,2982.682,-1,497.1,0.0,,0,0.0,True,False,False,,,,,,,,,,,False,,5.59
39164,40389,41012,110+04186,I66_WB,I-66,WESTBOUND,MD,6.0,24,2,0.21,3,67.5165,75.0,7.48,72.05,True,47.26154999999999,56.25,2000.0,4000.0,,,7679.3538,0.0,0.0,24000.0,7679.3538,-1,639.9,0.0,,0,0.0,True,False,False,,,,,,,,,,,False,,5.59
39164,40389,41012,110+04186,I66_WB,I-66,WESTBOUND,PM,4.0,16,2,0.21,3,67.5165,75.0,7.48,72.05,True,47.26154999999999,56.25,2000.0,4000.0,,,6360.4008,0.0,0.0,16000.0,6360.4008,-1,795.1,0.0,,0,0.0,True,False,False,,,,,,,,,,,False,,5.59
39165,40390,40387,110-04185,I66_EB,I-66,EASTBOUND,AM,3.0,12,2,0.17,3,68.59,75.0,6.41,72.53,True,48.013,56.25,2000.0,4000.0,,,4096.5822,0.0,0.0,12000.0,4096.5822,-1,682.8,0.0,,0,0.0,True,False,False,,,,,,,,,,,False,,4.8
39165,40390,40387,110-04185,I66_EB,I-66,EASTBOUND,MD,6.0,24,2,0.17,3,68.59,75.0,6.41,72.53,True,48.013,56.25,2000.0,4000.0,,,10508.3666,0.0,0.0,24000.0,10508.3666,-1,875.7,0.0,,0,0.0,True,False,False,,,,,,,,,,,False,,4.8
39165,40390,40387,110-04185,I66_EB,I-66,EASTBOUND,PM,4.0,16,2,0.17,3,68.59,75.0,6.41,72.53,True,48.013,56.25,2000.0,4000.0,,,6899.2054,0.0,0.0,16000.0,6899.2054,-1,862.4,0.0,,0,0.0,True,False,False,,,,,,,,,,,False,,4.8
39166,40391,40415,110+58626,I66_EB,I-66,EASTBOUND,AM,3.0,12,4,0.17,2,72.79,75.0,2.21,75.59,False,50.953,56.25,2000.0,8000.0,,,10260.257,0.0,0.0,24000.0,10260.257,-1,855.0,0.0,,0,0.0,True,False,False,,,,,,,,,,,False,,3.79
39166,40391,40415,110+58626,I66_EB,I-66,EASTBOUND,MD,6.0,24,4,0.17,2,72.79,75.0,2.21,75.59,False,50.953,56.25,2000.0,8000.0,,,15143.4253,0.0,0.0,48000.0,15143.4253,-1,631.0,0.0,,0,0.0,True,False,False,,,,,,,,,,,False,,3.79
39166,40391,40415,110+58626,I66_EB,I-66,EASTBOUND,PM,4.0,16,4,0.17,2,72.79,75.0,2.21,75.59,False,50.953,56.25,2000.0,8000.0,,,9550.6969,0.0,0.0,32000.0,9550.6969,-1,596.9,0.0,,0,0.0,True,False,False,,,,,,,,,,,False,,3.79
39167,40392,40113,110P58625,I66_EB,I-66,EASTBOUND,AM,3.0,12,3,0.21,2,72.32,69.0,-3.32,75.0,False,50.624,51.75,2000.0,6000.0,,,9100.796,0.0,0.0,18000.0,9100.796,-1,1011.2,0.0,,0,0.0,True,False,False,,,,,,,,,,,False,,3.05
39167,40392,40113,110P58625,I66_EB,I-66,EASTBOUND,MD,6.0,24,3,0.21,2,72.32,69.0,-3.32,75.0,False,50.624,51.75,2000.0,6000.0,,,14603.0415,0.0,0.0,36000.0,14603.0415,-1,811.3,0.0,,0,0.0,True,False,False,,,,,,,,,,,False,,3.05
39167,40392,40113,110P58625,I66_EB,I-66,EASTBOUND,PM,4.0,16,3,0.21,2,72.32,69.0,-3.32,75.0,False,50.624,51.75,2000.0,6000.0,,,8914.8384,0.0,0.0,24000.0,8914.8384,-1,742.9,0.0,,0,0.0,True,False,False,,,,,,,,,,,False,,3.05
39168,40393,41002,110N04186,I66_EB,I-66,EASTBOUND,AM,3.0,12,2,0.21,4,69.86,75.0,5.14,72.01,True,48.902,56.25,2000.0,4000.0,,,2398.878,0.0,0.0,12000.0,2398.878,-1,399.8,0.0,,0,0.0,True,False,False,,,,,,,,,,,False,,2.76
39168,40393,41002,110N04186,I66_EB,I-66,EASTBOUND,MD,6.0,24,2,0.21,4,69.86,75.0,5.14,72.01,True,48.902,56.25,2000.0,4000.0,,,3981.2154,0.0,0.0,24000.0,3981.2154,-1,331.8,0.0,,0,0.0,True,False,False,,,,,,,,,,,False,,2.76
39168,40393,41002,110N04186,I66_EB,I-66,EASTBOUND,PM,4.0,16,2,0.21,4,69.86,75.0,5.14,72.01,True,48.902,56.25,2000.0,4000.0,,,2653.1992,0.0,0.0,16000.0,2653.1992,-1,331.6,0.0,,0,0.0,True,False,False,,,,,,,,,,,False,,2.76
39170,40394,40396,110+04186,I66_WB,I-66,WESTBOUND,AM,3.0,12,2,0.21,3,67.5165,75.0,7.48,72.05,True,47.26154999999999,56.25,2000.0,4000.0,,,672.3772,0.0,0.0,12000.0,672.3772,-1,112.1,0.0,,0,0.0,True,False,False,,,,,,,,,,,False,,5.59
39170,40394,40396,110+04186,I66_WB,I-66,WESTBOUND,MD,6.0,24,2,0.21,3,67.5165,75.0,7.48,72.05,True,47.26154999999999,56.25,2000.0,4000.0,,,1733.1712,0.0,0.0,24000.0,1733.1712,-1,144.4,0.0,,0,0.0,True,False,False,,,,,,,,,,,False,,5.59
39170,40394,40396,110+04186,I66_WB,I-66,WESTBOUND,PM,4.0,16,2,0.21,3,67.5165,75.0,7.48,72.05,True,47.26154999999999,56.25,2000.0,4000.0,,,4151.1278,0.0,0.0,16000.0,4151.1278,-1,518.9,0.0,,0,0.0,True,False,False,,,,,,,,,,,False,,5.59
39171,40395,40268,110N58625,I66_WB,I-66,WESTBOUND,AM,3.0,12,3,0.21,2,71.79,75.0,3.21,75.66,False,50.253,56.25,2000.0,6000.0,,,6819.1245,0.0,0.0,18000.0,6819.1245,-1,757.7,0.0,,0,0.0,True,False,False,,,,,,,,,,,False,,2.55
39171,40395,40268,110N58625,I66_WB,I-66,WESTBOUND,MD,6.0,24,3,0.21,2,71.79,75.0,3.21,75.66,False,50.253,56.25,2000.0,6000.0,,,15756.6101,0.0,0.0,36000.0,15756.6101,-1,875.4,0.0,,0,0.0,True,False,False,,,,,,,,,,,False,,2.55
39171,40395,40268,110N58625,I66_WB,I-66,WESTBOUND,PM,4.0,16,3,0.21,2,71.79,75.0,3.21,75.66,False,50.253,56.25,2000.0,6000.0,,,12036.2392,0.0,0.0,24000.0,12036.2392,-1,1003.0,0.0,,0,0.0,True,False,False,,,,,,,,,,,False,,2.55
39173,40396,40399,110P04186,I66_WB,I-66,WESTBOUND,AM,3.0,12,2,0.88,1,69.013,75.0,5.99,73.59,True,48.3091,56.25,2000.0,4000.0,,,672.3772,0.0,0.0,12000.0,672.3772,-1,112.1,0.0,,0,0.0,True,False,False,,,,,,,,,,,False,,1.66
39173,40396,40399,110P04186,I66_WB,I-66,WESTBOUND,MD,6.0,24,2,0.88,1,69.013,75.0,5.99,73.59,True,48.3091,56.25,2000.0,4000.0,,,1733.1712,0.0,0.0,24000.0,1733.1712,-1,144.4,0.0,,0,0.0,True,False,False,,,,,,,,,,,False,,1.66
39173,40396,40399,110P04186,I66_WB,I-66,WESTBOUND,PM,4.0,16,2,0.88,1,69.013,75.0,5.99,73.59,True,48.3091,56.25,2000.0,4000.0,,,4151.1278,0.0,0.0,16000.0,4151.1278,-1,518.9,0.0,,0,0.0,True,False,False,,,,,,,,,,,False,,1.66
39174,40397,40393,110N04186,I66_EB,I-66,EASTBOUND,AM,3.0,12,2,0.12,4,69.86,75.0,5.14,72.01,True,48.902,56.25,2000.0,4000.0,,,2398.878,0.0,0.0,12000.0,2398.878,-1,399.8,0.0,,0,0.0,True,False,False,,,,,,,,,,,False,,2.76
39174,40397,40393,110N04186,I66_EB,I-66,EASTBOUND,MD,6.0,24,2,0.12,4,69.86,75.0,5.14,72.01,True,48.902,56.25,2000.0,4000.0,,,3981.2154,0.0,0.0,24000.0,3981.2154,-1,331.8,0.0,,0,0.0,True,False,False,,,,,,,,,,,False,,2.76
39174,40397,40393,110N04186,I66_EB,I-66,EASTBOUND,PM,4.0,16,2,0.12,4,69.86,75.0,5.14,72.01,True,48.902,56.25,2000.0,4000.0,,,2653.1992,0.0,0.0,16000.0,2653.1992,-1,331.6,0.0,,0,0.0,True,False,False,,,,,,,,,,,False,,2.76
39175,40398,40397,110N04186,I66_EB,I-66,EASTBOUND,AM,3.0,12,2,0.77,4,69.86,75.0,5.14,72.01,True,48.902,56.25,2000.0,4000.0,,,2398.878,0.0,0.0,12000.0,2398.878,-1,399.8,0.0,,0,0.0,True,False,False,,,,,,,,,,,False,,2.76
39175,40398,40397,110N04186,I66_EB,I-66,EASTBOUND,MD,6.0,24,2,0.77,4,69.86,75.0,5.14,72.01,True,48.902,56.25,2000.0,4000.0,,,3981.2154,0.0,0.0,24000.0,3981.2154,-1,331.8,0.0,,0,0.0,True,False,False,,,,,,,,,,,False,,2.76
39175,40398,40397,110N04186,I66_EB,I-66,EASTBOUND,PM,4.0,16,2,0.77,4,69.86,75.0,5.14,72.01,True,48.902,56.25,2000.0,4000.0,,,2653.1992,0.0,0.0,16000.0,2653.1992,-1,331.6,0.0,,0,0.0,True,False,False,,,,,,,,,,,False,,2.76
39177,40399,40401,110+04187,I66_WB,I-66,WESTBOUND,AM,3.0,12,2,0.27,3,69.42,75.0,5.58,71.64,True,48.594,56.25,2000.0,4000.0,,,618.4479,0.0,0.0,12000.0,618.4479,-1,103.1,0.0,,0,0.0,True,False,False,,,,,,,,,,,False,,2.03
39177,40399,40401,110+04187,I66_WB,I-66,WESTBOUND,MD,6.0,24,2,0.27,3,69.42,75.0,5.58,71.64,True,48.594,56.25,2000.0,4000.0,,,1419.1549,0.0,0.0,24000.0,1419.1549,-1,118.3,0.0,,0,0.0,True,False,False,,,,,,,,,,,False,,2.03
39177,40399,40401,110+04187,I66_WB,I-66,WESTBOUND,PM,4.0,16,2,0.27,3,69.42,75.0,5.58,71.64,True,48.594,56.25,2000.0,4000.0,,,3240.2958,0.0,0.0,16000.0,3240.2958,-1,405.0,0.0,,0,0.0,True,False,False,,,,,,,,,,,False,,2.03
39179,40401,40406,110+04187,I66_WB,I-66,WESTBOUND,AM,3.0,12,2,1.13,3,69.42,75.0,5.58,71.64,True,48.594,56.25,2000.0,4000.0,,,618.4479,0.0,0.0,12000.0,618.4479,-1,103.1,0.0,,0,0.0,True,False,False,,,,,,,,,,,False,,2.03
39179,40401,40406,110+04187,I66_WB,I-66,WESTBOUND,MD,6.0,24,2,1.13,3,69.42,75.0,5.58,71.64,True,48.594,56.25,2000.0,4000.0,,,1419.1549,0.0,0.0,24000.0,1419.1549,-1,118.3,0.0,,0,0.0,True,False,False,,,,,,,,,,,False,,2.03
39179,40401,40406,110+04187,I66_WB,I-66,WESTBOUND,PM,4.0,16,2,1.13,3,69.42,75.0,5.58,71.64,True,48.594,56.25,2000.0,4000.0,,,3240.2958,0.0,0.0,16000.0,3240.2958,-1,405.0,0.0,,0,0.0,True,False,False,,,,,,,,,,,False,,2.03
39180,40402,40398,110N04186,I66_EB,I-66,EASTBOUND,AM,3.0,12,2,0.27,4,69.86,75.0,5.14,72.01,True,48.902,56.25,2000.0,4000.0,,,2150.224,0.0,0.0,12000.0,2150.224,-1,358.4,0.0,,0,0.0,True,False,False,,,,,,,,,,,False,,2.76
39180,40402,40398,110N04186,I66_EB,I-66,EASTBOUND,MD,6.0,24,2,0.27,4,69.86,75.0,5.14,72.01,True,48.902,56.25,2000.0,4000.0,,,3179.0544,0.0,0.0,24000.0,3179.0544,-1,264.9,0.0,,0,0.0,True,False,False,,,,,,,,,,,False,,2.76
39180,40402,40398,110N04186,I66_EB,I-66,EASTBOUND,PM,4.0,16,2,0.27,4,69.86,75.0,5.14,72.01,True,48.902,56.25,2000.0,4000.0,,,1920.2501,0.0,0.0,16000.0,1920.2501,-1,240.0,0.0,,0,0.0,True,False,False,,,,,,,,,,,False,,2.76
39183,40405,40402,110-04186,I66_EB,I-66,EASTBOUND,AM,3.0,12,2,1.13,2,70.46,75.0,4.54,73.26,True,49.322,56.25,2000.0,4000.0,,,2150.224,0.0,0.0,12000.0,2150.224,-1,358.4,0.0,,0,0.0,True,False,False,,,,,,,,,,,False,,2.79
39183,40405,40402,110-04186,I66_EB,I-66,EASTBOUND,MD,6.0,24,2,1.13,2,70.46,75.0,4.54,73.26,True,49.322,56.25,2000.0,4000.0,,,3179.0544,0.0,0.0,24000.0,3179.0544,-1,264.9,0.0,,0,0.0,True,False,False,,,,,,,,,,,False,,2.79
39183,40405,40402,110-04186,I66_EB,I-66,EASTBOUND,PM,4.0,16,2,1.13,2,70.46,75.0,4.54,73.26,True,49.322,56.25,2000.0,4000.0,,,1920.2501,0.0,0.0,16000.0,1920.2501,-1,240.0,0.0,,0,0.0,True,False,False,,,,,,,,,,,False,,2.79
39184,40406,40981,110+04187,I66_WB,I-66,WESTBOUND,AM,3.0,12,2,0.53,3,69.42,75.0,5.58,71.64,True,48.594,56.25,2000.0,4000.0,,,618.4479,0.0,0.0,12000.0,618.4479,-1,103.1,0.0,,0,0.0,True,False,False,,,,,,,,,,,False,,2.03
39184,40406,40981,110+04187,I66_WB,I-66,WESTBOUND,MD,6.0,24,2,0.53,3,69.42,75.0,5.58,71.64,True,48.594,56.25,2000.0,4000.0,,,1419.1549,0.0,0.0,24000.0,1419.1549,-1,118.3,0.0,,0,0.0,True,False,False,,,,,,,,,,,False,,2.03
39184,40406,40981,110+04187,I66_WB,I-66,WESTBOUND,PM,4.0,16,2,0.53,3,69.42,75.0,5.58,71.64,True,48.594,56.25,2000.0,4000.0,,,3240.2958,0.0,0.0,16000.0,3240.2958,-1,405.0,0.0,,0,0.0,True,False,False,,,,,,,,,,,False,,2.03
39208,40414,40383,110+58627,I66_EB,I-66,EASTBOUND,AM,3.0,12,3,0.51,2,73.0,75.0,2.0,75.31,False,51.1,56.25,2000.0,6000.0,,,8853.8275,0.0,0.0,18000.0,8853.8275,-1,983.8,0.0,,0,0.0,True,False,False,,,,,,,,,,,False,,4.35
39208,40414,40383,110+58627,I66_EB,I-66,EASTBOUND,MD,6.0,24,3,0.51,2,73.0,75.0,2.0,75.31,False,51.1,56.25,2000.0,6000.0,,,14026.6892,0.0,0.0,36000.0,14026.6892,-1,779.3,0.0,,0,0.0,True,False,False,,,,,,,,,,,False,,4.35
39208,40414,40383,110+58627,I66_EB,I-66,EASTBOUND,PM,4.0,16,3,0.51,2,73.0,75.0,2.0,75.31,False,51.1,56.25,2000.0,6000.0,,,8552.6508,0.0,0.0,24000.0,8552.6508,-1,712.7,0.0,,0,0.0,True,False,False,,,,,,,,,,,False,,4.35
39209,40415,40414,110P58626,I66_EB,I-66,EASTBOUND,AM,3.0,12,4,0.23,1,74.0,75.0,1.0,76.0,False,51.8,56.25,2000.0,8000.0,,,8853.8275,0.0,0.0,24000.0,8853.8275,-1,737.8,0.0,,0,0.0,True,False,False,,,,,,,,,,,False,,4.48
39209,40415,40414,110P58626,I66_EB,I-66,EASTBOUND,MD,6.0,24,4,0.23,1,74.0,75.0,1.0,76.0,False,51.8,56.25,2000.0,8000.0,,,14026.6892,0.0,0.0,48000.0,14026.6892,-1,584.4,0.0,,0,0.0,True,False,False,,,,,,,,,,,False,,4.48
39209,40415,40414,110P58626,I66_EB,I-66,EASTBOUND,PM,4.0,16,4,0.23,1,74.0,75.0,1.0,76.0,False,51.8,56.25,2000.0,8000.0,,,8552.6508,0.0,0.0,32000.0,8552.6508,-1,534.5,0.0,,0,0.0,True,False,False,,,,,,,,,,,False,,4.48
39211,40416,40417,110N58626,I66_WB,I-66,WESTBOUND,AM,3.0,12,3,0.29,1,72.0,75.0,3.0,75.73,False,50.4,56.25,2000.0,6000.0,,,5962.5029,0.0,0.0,18000.0,5962.5029,-1,662.5,0.0,,0,0.0,True,False,False,,,,,,,,,,,False,,2.73
39211,40416,40417,110N58626,I66_WB,I-66,WESTBOUND,MD,6.0,24,3,0.29,1,72.0,75.0,3.0,75.73,False,50.4,56.25,2000.0,6000.0,,,13479.3618,0.0,0.0,36000.0,13479.3618,-1,748.9,0.0,,0,0.0,True,False,False,,,,,,,,,,,False,,2.73
39211,40416,40417,110N58626,I66_WB,I-66,WESTBOUND,PM,4.0,16,3,0.29,1,72.0,75.0,3.0,75.73,False,50.4,56.25,2000.0,6000.0,,,10717.2947,0.0,0.0,24000.0,10717.2947,-1,893.1,0.0,,0,0.0,True,False,False,,,,,,,,,,,False,,2.73
39213,40417,40388,110-58625,I66_WB,I-66,WESTBOUND,AM,3.0,12,4,0.12,3,71.6795,75.0,3.32,76.19,False,50.17565,56.25,2000.0,8000.0,,,6717.0154,0.0,0.0,24000.0,6717.0154,-1,559.8,0.0,,0,0.0,True,False,False,,,,,,,,,,,False,,3.06
39213,40417,40388,110-58625,I66_WB,I-66,WESTBOUND,MD,6.0,24,4,0.12,3,71.6795,75.0,3.32,76.19,False,50.17565,56.25,2000.0,8000.0,,,16107.5018,0.0,0.0,48000.0,16107.5018,-1,671.1,0.0,,0,0.0,True,False,False,,,,,,,,,,,False,,3.06
39213,40417,40388,110-58625,I66_WB,I-66,WESTBOUND,PM,4.0,16,4,0.12,3,71.6795,75.0,3.32,76.19,False,50.17565,56.25,2000.0,8000.0,,,14311.5164,0.0,0.0,32000.0,14311.5164,-1,894.5,0.0,,0,0.0,True,False,False,,,,,,,,,,,False,,3.06
40894,40981,40982,110P04187,I66_WB,I-66,WESTBOUND,AM,3.0,12,2,0.62,1,70.77,75.0,4.23,74.06,True,49.539,56.25,2000.0,4000.0,,,618.4479,0.0,0.0,12000.0,618.4479,-1,103.1,0.0,,0,0.0,True,False,False,,,,,,,,,,,False,,2.08
40894,40981,40982,110P04187,I66_WB,I-66,WESTBOUND,MD,6.0,24,2,0.62,1,70.77,75.0,4.23,74.06,True,49.539,56.25,2000.0,4000.0,,,1419.1549,0.0,0.0,24000.0,1419.1549,-1,118.3,0.0,,0,0.0,True,False,False,,,,,,,,,,,False,,2.08
40894,40981,40982,110P04187,I66_WB,I-66,WESTBOUND,PM,4.0,16,2,0.62,1,70.77,75.0,4.23,74.06,True,49.539,56.25,2000.0,4000.0,,,3240.2958,0.0,0.0,16000.0,3240.2958,-1,405.0,0.0,,0,0.0,True,False,False,,,,,,,,,,,False,,2.08
40899,40985,40986,110N04187,I66_EB,I-66,EASTBOUND,AM,3.0,12,2,0.62,1,72.2465,75.0,2.75,75.43,False,50.57254999999999,56.25,2000.0,4000.0,,,2150.224,0.0,0.0,12000.0,2150.224,-1,358.4,0.0,,0,0.0,True,False,False,,,,,,,,,,,False,,2.43
40899,40985,40986,110N04187,I66_EB,I-66,EASTBOUND,MD,6.0,24,2,0.62,1,72.2465,75.0,2.75,75.43,False,50.57254999999999,56.25,2000.0,4000.0,,,3179.0544,0.0,0.0,24000.0,3179.0544,-1,264.9,0.0,,0,0.0,True,False,False,,,,,,,,,,,False,,2.43
40899,40985,40986,110N04187,I66_EB,I-66,EASTBOUND,PM,4.0,16,2,0.62,1,72.2465,75.0,2.75,75.43,False,50.57254999999999,56.25,2000.0,4000.0,,,1920.2501,0.0,0.0,16000.0,1920.2501,-1,240.0,0.0,,0,0.0,True,False,False,,,,,,,,,,,False,,2.43
40900,40986,40405,110-04186,I66_EB,I-66,EASTBOUND,AM,3.0,12,2,0.53,2,70.46,75.0,4.54,73.26,True,49.322,56.25,2000.0,4000.0,,,2150.224,0.0,0.0,12000.0,2150.224,-1,358.4,0.0,,0,0.0,True,False,False,,,,,,,,,,,False,,2.79
40900,40986,40405,110-04186,I66_EB,I-66,EASTBOUND,MD,6.0,24,2,0.53,2,70.46,75.0,4.54,73.26,True,49.322,56.25,2000.0,4000.0,,,3179.0544,0.0,0.0,24000.0,3179.0544,-1,264.9,0.0,,0,0.0,True,False,False,,,,,,,,,,,False,,2.79
40900,40986,40405,110-04186,I66_EB,I-66,EASTBOUND,PM,4.0,16,2,0.53,2,70.46,75.0,4.54,73.26,True,49.322,56.25,2000.0,4000.0,,,1920.2501,0.0,0.0,16000.0,1920.2501,-1,240.0,0.0,,0,0.0,True,False,False,,,,,,,,,,,False,,2.79
40944,41002,41013,110-04185,I66_EB,I-66,EASTBOUND,AM,3.0,12,2,0.01,3,68.59,75.0,6.41,72.53,True,48.013,56.25,2000.0,4000.0,,,1239.4169,0.0,0.0,12000.0,1239.4169,-1,206.6,0.0,,0,0.0,True,False,False,,,,,,,,,,,False,,4.8
40944,41002,41013,110-04185,I66_EB,I-66,EASTBOUND,MD,6.0,24,2,0.01,3,68.59,75.0,6.41,72.53,True,48.013,56.25,2000.0,4000.0,,,3440.8315,0.0,0.0,24000.0,3440.8315,-1,286.7,0.0,,0,0.0,True,False,False,,,,,,,,,,,False,,4.8
40944,41002,41013,110-04185,I66_EB,I-66,EASTBOUND,PM,4.0,16,2,0.01,3,68.59,75.0,6.41,72.53,True,48.013,56.25,2000.0,4000.0,,,2017.3407,0.0,0.0,16000.0,2017.3407,-1,252.2,0.0,,0,0.0,True,False,False,,,,,,,,,,,False,,4.8
40960,41012,40394,110+04186,I66_WB,I-66,WESTBOUND,AM,3.0,12,2,0.01,3,67.5165,75.0,7.48,72.05,True,47.26154999999999,56.25,2000.0,4000.0,,,774.4863,0.0,0.0,12000.0,774.4863,-1,129.1,0.0,,0,0.0,True,False,False,,,,,,,,,,,False,,5.59
40960,41012,40394,110+04186,I66_WB,I-66,WESTBOUND,MD,6.0,24,2,0.01,3,67.5165,75.0,7.48,72.05,True,47.26154999999999,56.25,2000.0,4000.0,,,1382.2796,0.0,0.0,24000.0,1382.2796,-1,115.2,0.0,,0,0.0,True,False,False,,,,,,,,,,,False,,5.59
40960,41012,40394,110+04186,I66_WB,I-66,WESTBOUND,PM,4.0,16,2,0.01,3,67.5165,75.0,7.48,72.05,True,47.26154999999999,56.25,2000.0,4000.0,,,1875.8507,0.0,0.0,16000.0,1875.8507,-1,234.5,0.0,,0,0.0,True,False,False,,,,,,,,,,,False,,5.59
40962,41013,40390,110-04185,I66_EB,I-66,EASTBOUND,AM,3.0,12,2,0.24,3,68.59,75.0,6.41,72.53,True,48.013,56.25,2000.0,4000.0,,,4096.5822,0.0,0.0,12000.0,4096.5822,-1,682.8,0.0,,0,0.0,True,False,False,,,,,,,,,,,False,,4.8
40962,41013,40390,110-04185,I66_EB,I-66,EASTBOUND,MD,6.0,24,2,0.24,3,68.59,75.0,6.41,72.53,True,48.013,56.25,2000.0,4000.0,,,10508.3666,0.0,0.0,24000.0,10508.3666,-1,875.7,0.0,,0,0.0,True,False,False,,,,,,,,,,,False,,4.8
40962,41013,40390,110-04185,I66_EB,I-66,EASTBOUND,PM,4.0,16,2,0.24,3,68.59,75.0,6.41,72.53,True,48.013,56.25,2000.0,4000.0,,,6899.2054,0.0,0.0,16000.0,6899.2054,-1,862.4,0.0,,0,0.0,True,False,False,,,,,,,,,,,False,,4.8
40966,41015,40378,110-04184,I66_EB,I-66,EASTBOUND,AM,3.0,12,2,0.6,3,69.71,75.0,5.29,72.59,True,48.79699999999999,56.25,2000.0,4000.0,3847.361416258172,0.0381596459354569,121.4594,8540.811237692029,8619.79458724335,11540.811237692027,-8498.33518724335,-1,20.2,1423.5,0.014,9,0.75,False,True,False,392.88974245,450.0,528.2846635,2.2565820175,31.42507246376812,416.11105325,450.0,524.4718032166667,1.8060124994444444,30.181694125376037,False,,6.77
40966,41015,40378,110-04184,I66_EB,I-66,EASTBOUND,MD,6.0,24,2,0.6,3,69.71,75.0,5.29,72.59,True,48.79699999999999,56.25,2000.0,4000.0,,,5982.7648,0.0,0.0,24000.0,5982.7648,-1,498.6,0.0,,0,0.0,True,False,False,,,,,,,,,,,False,,6.77
40966,41015,40378,110-04184,I66_EB,I-66,EASTBOUND,PM,4.0,16,2,0.6,3,69.71,75.0,5.29,72.59,True,48.79699999999999,56.25,2000.0,4000.0,,,4809.9779,0.0,0.0,16000.0,4809.9779,-1,601.2,0.0,,0,0.0,True,False,False,,,,,,,,,,,False,,6.77
40967,41016,40381,110+04185,I66_WB,I-66,WESTBOUND,AM,3.0,12,2,1.08,4,69.4265,75.0,5.57,72.16,True,48.59855,56.25,2000.0,4000.0,,,1162.4826,0.0,0.0,12000.0,1162.4826,-1,193.7,0.0,,0,0.0,True,False,False,,,,,,,,,,,False,,7.94
40967,41016,40381,110+04185,I66_WB,I-66,WESTBOUND,MD,6.0,24,2,1.08,4,69.4265,75.0,5.57,72.16,True,48.59855,56.25,2000.0,4000.0,,,2931.3222,0.0,0.0,24000.0,2931.3222,-1,244.3,0.0,,0,0.0,True,False,False,,,,,,,,,,,False,,7.94
40967,41016,40381,110+04185,I66_WB,I-66,WESTBOUND,PM,4.0,16,2,1.08,4,69.4265,75.0,5.57,72.16,True,48.59855,56.25,2000.0,4000.0,,,2610.5805,0.0,0.0,16000.0,2610.5805,-1,326.3,0.0,,0,0.0,True,False,False,,,,,,,,,,,False,,7.94
