clock,corridor,tmc,net_link_id,period,period_hours,miles,lanes,capacity_vphpl,cutoff_mph,bins,bins_below_cutoff,congested,min_speed_mph,P_h,D_veh_per_lane,V_veh_per_lane,D_veh_total,V_veh_total,D_over_C_h,V_over_C_h,qbar_over_C_congested
assignment,I-395 NB,110+04121,29007,AM,3.0,0.27347,4,2200.0,49.0,12,10,True,20.142444444444447,2.5,4630.178558587734,5719.768959084781,18520.714234350937,22879.075836339125,2.1046266175398793,2.5998949814021732,0.8418506470159517
assignment,I-395 NB,110+04122,32141,AM,3.0,1.151222,4,2200.0,49.0,12,8,True,40.88377777777779,2.0,4349.192620997555,6491.974048467524,17396.77048399022,25967.896193870096,1.9769057368170706,2.9508972947579655,0.9884528684085353
assignment,I-395 NB,110+04123,28025,AM,3.0,0.924456,4,2200.0,49.0,12,10,True,23.695333333333334,2.5,4885.461978484887,5940.877923568164,19541.84791393955,23763.511694272656,2.2206645356749486,2.700399056167347,0.8882658142699795
assignment,I-395 NB,110+04124,28294,AM,3.0,0.3436,4,2200.0,49.0,12,10,True,25.540222222222223,2.5,4966.254050663717,6031.281291341208,19865.016202654868,24125.125165364832,2.257388204847144,2.7414914960641856,0.9029552819388577
assignment,I-395 NB,110+04126,26423,AM,3.0,0.082891,4,2200.0,49.0,12,10,True,37.592666666666666,2.5,5388.54163693268,6479.792920563425,21554.16654773072,25919.1716822537,2.449337107696673,2.9453604184379203,0.9797348430786692
assignment,I-395 NB,110+04127,26785,AM,3.0,0.778625,4,2200.0,49.0,12,6,True,44.049777777777784,1.5,3282.074374202718,6460.76167561061,13128.297496810872,25843.04670244244,1.4918519882739627,2.936709852550277,0.9945679921826418
assignment,I-395 NB,110+04128,26822,AM,3.0,0.02384,2,2200.0,49.0,12,8,True,17.608444444444444,2.0,3775.200528890623,5969.973094931544,7550.401057781246,11939.946189863089,1.7160002404048287,2.713624134059793,0.8580001202024143
assignment,I-395 NB,110+04129,26825,AM,3.0,0.135112,3,2200.0,49.0,12,11,True,18.529777777777777,2.75,5213.695630660081,5763.640817850186,15641.086891980245,17290.922453550556,2.369861650300037,2.619836735386448,0.8617678728363771
assignment,I-395 NB,110+04130,26830,AM,3.0,0.080932,2,2200.0,49.0,12,12,True,13.48777777777778,3.0,5162.735434323801,5162.735434323801,10325.470868647602,10325.470868647602,2.346697924692637,2.346697924692637,0.7822326415642123
assignment,I-395 NB,110+04670,26812,AM,3.0,0.095046,3,2200.0,49.0,12,4,True,35.340666666666664,1.0,2110.442391210209,6442.713983167208,6331.327173630627,19328.141949501623,0.9592919960046403,2.928506355985095,0.9592919960046403
assignment,I-395 NB,110P04120,29361,AM,3.0,1.621245,4,2200.0,49.0,12,11,True,14.053111111111113,2.75,4997.307482214514,5547.287203757448,19989.229928858054,22189.148815029792,2.271503401006597,2.5214941835261127,0.8260012367296716
assignment,I-395 NB,110P04121,32601,AM,3.0,0.647875,4,2200.0,49.0,12,9,True,39.28622222222222,2.25,4843.67702513256,6467.97700334649,19374.70810053024,25871.90801338596,2.2016713750602546,2.9399895469756774,0.9785206111378909
assignment,I-395 NB,110P04122,28270,AM,3.0,0.586105,4,2200.0,49.0,12,8,True,31.418222222222226,2.0,4109.453530039068,6222.624986676278,16437.814120156272,24890.499946705113,1.8679334227450308,2.828465903034672,0.9339667113725154
assignment,I-395 NB,110P04123,28285,AM,3.0,0.596275,4,2200.0,49.0,12,10,True,23.954222222222217,2.5,4907.939258309872,5988.319090940889,19631.757033239486,23953.276363763554,2.2308814810499418,2.7219632231549493,0.8923525924199767
assignment,I-395 NB,110P04124,28303,AM,3.0,0.704235,4,2200.0,49.0,12,10,True,31.825777777777784,2.5,5152.830629808363,6220.957627669701,20611.32251923345,24883.830510678803,2.342195740821983,2.8277080125771366,0.9368782963287932
assignment,I-395 NB,110P04126,26778,AM,3.0,0.391606,4,2200.0,49.0,12,10,True,39.68866666666667,2.5,5417.272284521506,6503.737776482014,21669.089138086023,26014.951105928056,2.462396492964321,2.9562444438554607,0.9849585971857283
assignment,I-395 NB,110P04128,26297,AM,3.0,0.19736,3,2200.0,49.0,12,10,True,16.903555555555556,2.5,4745.684376780398,5843.729386045178,14237.053130341195,17531.188158135534,2.1571292621729086,2.6562406300205357,0.8628517048691634
assignment,I-395 NB,110P04129,26825,AM,3.0,0.138799,3,2200.0,49.0,12,12,True,15.356,3.0,5482.108087994406,5482.108087994406,16446.324263983217,16446.324263983217,2.4918673127247297,2.4918673127247297,0.8306224375749099
assignment,I-395 NB,110P04130,26469,AM,3.0,0.162246,6,2200.0,49.0,12,12,True,13.394222222222224,3.0,4935.8737384922715,4935.8737384922715,29615.24243095363,29615.24243095363,2.2435789720419415,2.2435789720419415,0.7478596573473139
assignment,I-395 NB,110P04670,26230,AM,3.0,0.319695,3,2200.0,49.0,12,7,True,22.724,1.75,3473.0895829060682,6203.2329224306395,10419.268748718205,18609.69876729192,1.578677083139122,2.8196513283775633,0.9021011903652125
assignment,I-395 NB,110+04121,29007,MD,6.0,0.27347,4,2200.0,49.0,24,24,True,22.61711111111111,6.0,12249.594820937415,12249.594820937415,48998.37928374966,48998.37928374966,5.567997645880643,5.567997645880643,0.9279996076467738
assignment,I-395 NB,110+04122,32141,MD,6.0,1.151222,4,2200.0,49.0,24,0,False,50.861555555555555,0.0,0.0,12781.164389314195,0.0,51124.65755725678,0.0,5.809620176960998,
assignment,I-395 NB,110+04123,28025,MD,6.0,0.924456,4,2200.0,49.0,24,2,True,38.096222222222224,0.5,1072.5083613404108,12550.826496612463,4290.033445361643,50203.30598644985,0.48750380060927767,5.704921134823847,0.9750076012185553
assignment,I-395 NB,110+04124,28294,MD,6.0,0.3436,4,2200.0,49.0,24,1,True,42.894222222222226,0.25,541.2681136529986,12576.088858662506,2165.0724546119945,50304.355434650024,0.24603096075136302,5.716404026664775,0.9841238430054521
assignment,I-395 NB,110+04126,26423,MD,6.0,0.082891,4,2200.0,49.0,24,0,False,51.567111111111124,0.0,0.0,12954.975710663954,0.0,51819.902842655814,0.0,5.8886253230290695,
assignment,I-395 NB,110+04127,26785,MD,6.0,0.778625,4,2200.0,49.0,24,0,False,50.543777777777784,0.0,0.0,12359.989049424512,0.0,49439.95619769805,0.0,5.618176840647505,
assignment,I-395 NB,110+04128,26822,MD,6.0,0.02384,2,2200.0,49.0,24,13,True,25.806,3.25,6860.531021467692,12894.818699350752,13721.062042935384,25789.637398701503,3.1184231915762237,5.8612812269776144,0.9595148281772996
assignment,I-395 NB,110+04129,26825,MD,6.0,0.135112,3,2200.0,49.0,24,24,True,20.592222222222215,6.0,12338.31542354716,12338.31542354716,37014.94627064148,37014.94627064148,5.608325192521436,5.608325192521436,0.9347208654202394
assignment,I-395 NB,110+04130,26830,MD,6.0,0.080932,2,2200.0,49.0,24,24,True,13.839333333333334,6.0,11250.211704722491,11250.211704722491,22500.423409444982,22500.423409444982,5.113732593055678,5.113732593055678,0.8522887655092797
assignment,I-395 NB,110+04670,26812,MD,6.0,0.095046,3,2200.0,49.0,24,3,True,40.071999999999996,0.75,1627.2548737553197,12799.139354671388,4881.764621265959,38397.418064014164,0.7396613062524181,5.817790615759722,0.9862150750032241
assignment,I-395 NB,110P04120,29361,MD,6.0,1.621245,4,2200.0,49.0,24,12,True,18.802,3.0,6122.541492303865,12718.907102845333,24490.16596921546,50875.62841138133,2.782973405592666,5.781321410384242,0.927657801864222
assignment,I-395 NB,110P04121,32601,MD,6.0,0.647875,4,2200.0,49.0,24,17,True,40.94733333333334,4.25,9281.882978981328,13131.655193260329,37127.53191592531,52526.620773041315,4.219037717718786,5.968934178754695,0.9927147571103024
assignment,I-395 NB,110P04122,28270,MD,6.0,0.586105,4,2200.0,49.0,24,1,True,44.66844444444445,0.25,545.2008281170225,12455.685524501203,2180.80331246809,49822.74209800481,0.24781855823501023,5.661675238409638,0.9912742329400409
assignment,I-395 NB,110P04123,28285,MD,6.0,0.596275,4,2200.0,49.0,24,2,True,39.80244444444444,0.5,1079.4727613943057,12851.26383371,4317.891045577223,51405.05533484,0.4906694369974117,5.841483560777273,0.9813388739948234
assignment,I-395 NB,110P04124,28303,MD,6.0,0.704235,4,2200.0,49.0,24,1,True,44.84688888888889,0.25,545.5361616166751,12471.56053977025,2182.1446464667006,49886.242159081,0.24797098255303415,5.668891154441022,0.9918839302121366
assignment,I-395 NB,110P04126,26778,MD,6.0,0.391606,4,2200.0,49.0,24,0,False,51.153999999999996,0.0,0.0,12934.762928111888,0.0,51739.05171244755,0.0,5.879437694596312,
assignment,I-395 NB,110P04128,26297,MD,6.0,0.19736,3,2200.0,49.0,24,16,True,23.710444444444445,4.0,8297.019310009138,12694.353322322844,24891.057930027415,38083.05996696853,3.7713724136405173,5.770160601055839,0.9428431034101293
assignment,I-395 NB,110P04129,26825,MD,6.0,0.138799,3,2200.0,49.0,24,24,True,16.66266666666667,6.0,11804.697299891528,11804.697299891528,35414.09189967458,35414.09189967458,5.365771499950695,5.365771499950695,0.8942952499917824
assignment,I-395 NB,110P04130,26469,MD,6.0,0.162246,6,2200.0,49.0,24,24,True,12.784,6.0,10757.551266126171,10757.551266126171,64545.307596757026,64545.307596757026,4.889796030057351,4.889796030057351,0.8149660050095584
assignment,I-395 NB,110P04670,26230,MD,6.0,0.319695,3,2200.0,49.0,24,7,True,30.084222222222223,1.75,3735.3335559238294,13001.336737301484,11206.000667771488,39004.01021190445,1.6978788890562861,5.9096985169552205,0.9702165080321635
assignment,I-395 NB,110+04121,29007,NT,11.0,0.27347,4,2200.0,49.0,44,2,True,37.935555555555545,0.5,1069.6034715970577,22467.305720715543,4278.413886388231,89869.22288286217,0.4861833961804808,10.212411691234339,0.9723667923609616
assignment,I-395 NB,110+04122,32141,NT,11.0,1.151222,4,2200.0,49.0,44,0,False,54.06133333333333,0.0,0.0,21484.61183826021,0.0,85938.44735304084,0.0,9.765732653754641,
assignment,I-395 NB,110+04123,28025,NT,11.0,0.924456,4,2200.0,49.0,44,0,False,56.343333333333334,0.0,0.0,20753.829138399113,0.0,83015.31655359645,0.0,9.433558699272323,
assignment,I-395 NB,110+04124,28294,NT,11.0,0.3436,4,2200.0,49.0,44,0,False,54.334,0.0,0.0,20770.849139887712,0.0,83083.39655955085,0.0,9.441295063585324,
assignment,I-395 NB,110+04126,26423,NT,11.0,0.082891,4,2200.0,49.0,44,0,False,52.196,0.0,0.0,22073.087136577724,0.0,88292.3485463109,0.0,10.033221425717148,
assignment,I-395 NB,110+04127,26785,NT,11.0,0.778625,4,2200.0,49.0,44,0,False,58.18844444444445,0.0,0.0,21489.272138632503,0.0,85957.08855453001,0.0,9.767850972105682,
assignment,I-395 NB,110+04128,26822,NT,11.0,0.02384,2,2200.0,49.0,44,4,True,31.080444444444442,1.0,2057.123321293158,23700.847079083236,4114.246642586316,47401.69415816647,0.9350560551332536,10.773112308674198,0.9350560551332536
assignment,I-395 NB,110+04129,26825,NT,11.0,0.135112,3,2200.0,49.0,44,15,True,23.591999999999995,3.75,7891.0427123341415,23766.22347036488,23673.128137002423,71298.67041109464,3.586837596515519,10.802828850165854,0.9564900257374717
assignment,I-395 NB,110+04130,26830,NT,11.0,0.080932,2,2200.0,49.0,44,30,True,18.738,7.5,15743.50217914426,23432.622925175816,31487.00435828852,46865.24585035163,7.156137354156481,10.65119223871628,0.9541516472208642
assignment,I-395 NB,110+04670,26812,NT,11.0,0.095046,3,2200.0,49.0,44,0,False,54.584888888888884,0.0,0.0,23202.029281331546,0.0,69606.08784399464,0.0,10.546376946059794,
assignment,I-395 NB,110P04120,29361,NT,11.0,1.621245,4,2200.0,49.0,44,1,True,45.046666666666674,0.25,545.8981584843818,21899.25554603188,2183.5926339375274,87597.02218412752,0.24813552658380994,9.954207066378126,0.9925421063352398
assignment,I-395 NB,110P04121,32601,NT,11.0,0.647875,4,2200.0,49.0,44,1,True,48.532888888888884,0.25,549.7950649603949,22039.13560694904,2199.1802598415798,88156.54242779616,0.24990684770927044,10.017788912249562,0.9996273908370817
assignment,I-395 NB,110P04122,28270,NT,11.0,0.586105,4,2200.0,49.0,44,0,False,58.58466666666667,0.0,0.0,20469.305350211318,0.0,81877.22140084527,0.0,9.304229704641509,
assignment,I-395 NB,110P04123,28285,NT,11.0,0.596275,4,2200.0,49.0,44,0,False,52.849555555555554,0.0,0.0,21865.070430033138,0.0,87460.28172013255,0.0,9.93866837728779,
assignment,I-395 NB,110P04124,28303,NT,11.0,0.704235,4,2200.0,49.0,44,0,False,53.903777777777776,0.0,0.0,20632.281864501732,0.0,82529.12745800693,0.0,9.378309938409878,
assignment,I-395 NB,110P04126,26778,NT,11.0,0.391606,4,2200.0,49.0,44,0,False,53.38133333333334,0.0,0.0,22467.066381245924,0.0,89868.2655249837,0.0,10.212302900566328,
assignment,I-395 NB,110P04128,26297,NT,11.0,0.19736,3,2200.0,49.0,44,5,True,26.874444444444446,1.25,2523.0036570750813,23743.97302902148,7569.010971225243,71231.91908706444,1.146819844125037,10.792715013191582,0.9174558753000296
assignment,I-395 NB,110P04129,26825,NT,11.0,0.138799,3,2200.0,49.0,44,27,True,20.563555555555556,6.75,14269.871748290063,23599.1914976654,42809.61524487019,70797.57449299621,6.486305340131847,10.726905226211546,0.9609341244639773
assignment,I-395 NB,110P04130,26469,NT,11.0,0.162246,6,2200.0,49.0,44,33,True,17.615777777777776,8.25,17229.363257354657,23272.07472082041,103376.17954412794,139632.44832492244,7.831528753343026,10.578215782191094,0.9492762125264274
assignment,I-395 NB,110P04670,26230,NT,11.0,0.319695,3,2200.0,49.0,44,3,True,41.68955555555556,0.75,1626.469736320833,23590.5652705809,4879.409208962499,70771.6958117427,0.7393044256003786,10.722984213900409,0.9857392341338381
assignment,I-395 NB,110+04121,29007,PM,4.0,0.27347,4,2200.0,49.0,16,16,True,19.91533333333333,4.0,7122.088573477488,7122.088573477488,28488.354293909953,28488.354293909953,3.2373129879443128,3.2373129879443128,0.8093282469860782
assignment,I-395 NB,110+04122,32141,PM,4.0,1.151222,4,2200.0,49.0,16,7,True,43.549555555555564,1.75,3831.5325201820556,8728.033736720572,15326.130080728222,34912.13494688229,1.7416056909918434,3.9672880621457147,0.9952032519953391
assignment,I-395 NB,110+04123,28025,PM,4.0,0.924456,4,2200.0,49.0,16,10,True,37.24977777777777,2.5,5381.696576504919,8592.81604969136,21526.786306019676,34371.26419876544,2.446225716593145,3.9058254771324368,0.978490286637258
assignment,I-395 NB,110+04124,28294,PM,4.0,0.3436,4,2200.0,49.0,16,7,True,35.43533333333334,1.75,3707.549957555565,8585.541476655439,14830.19983022226,34342.165906621754,1.685249980707075,3.9025188530251995,0.9629999889754715
assignment,I-395 NB,110+04126,26423,PM,4.0,0.082891,4,2200.0,49.0,16,0,False,51.065555555555555,0.0,0.0,8707.20280478189,0.0,34828.81121912756,0.0,3.9578194567190406,
assignment,I-395 NB,110+04127,26785,PM,4.0,0.778625,4,2200.0,49.0,16,0,False,58.49422222222222,0.0,0.0,8279.037389522096,0.0,33116.149558088386,0.0,3.7631988134191348,
assignment,I-395 NB,110+04128,26822,PM,4.0,0.02384,2,2200.0,49.0,16,16,True,20.43422222222222,4.0,7382.816531137278,7382.816531137278,14765.633062274555,14765.633062274555,3.35582569597149,3.35582569597149,0.8389564239928725
assignment,I-395 NB,110+04129,26825,PM,4.0,0.135112,3,2200.0,49.0,16,16,True,10.837999999999994,4.0,5722.197712571294,5722.197712571294,17166.59313771388,17166.59313771388,2.600998960259679,2.600998960259679,0.6502497400649198
assignment,I-395 NB,110+04130,26830,PM,4.0,0.080932,2,2200.0,49.0,16,16,True,8.138888888888888,4.0,4717.391401988147,4717.391401988147,9434.782803976294,9434.782803976294,2.1442688190855215,2.1442688190855215,0.5360672047713804
assignment,I-395 NB,110+04670,26812,PM,4.0,0.095046,3,2200.0,49.0,16,0,False,53.99533333333333,0.0,0.0,8604.564872106328,0.0,25813.694616318986,0.0,3.911165850957422,
assignment,I-395 NB,110P04120,29361,PM,4.0,1.621245,4,2200.0,49.0,16,16,True,15.266666666666666,4.0,7223.273409665362,7223.273409665362,28893.09363866145,28893.09363866145,3.283306095302437,3.283306095302437,0.8208265238256093
assignment,I-395 NB,110P04121,32601,PM,4.0,0.647875,4,2200.0,49.0,16,16,True,34.748,4.0,8525.604160178067,8525.604160178067,34102.41664071227,34102.41664071227,3.875274618262758,3.875274618262758,0.9688186545656895
assignment,I-395 NB,110P04122,28270,PM,4.0,0.586105,4,2200.0,49.0,16,7,True,41.926,1.75,3813.445745880086,8578.81258947719,15253.782983520345,34315.25035790876,1.7333844299454937,3.899460267944177,0.9905053885402821
assignment,I-395 NB,110P04123,28285,PM,4.0,0.596275,4,2200.0,49.0,16,10,True,37.65577777777778,2.5,5390.072812845918,8672.048279467966,21560.29125138367,34688.193117871866,2.4500330967481445,3.941840127030894,0.9800132386992577
assignment,I-395 NB,110P04124,28303,PM,4.0,0.704235,4,2200.0,49.0,16,7,True,38.31755555555556,1.75,3758.352167265397,8630.957915388897,15033.408669061588,34523.83166155559,1.708341894211544,3.923162688813135,0.9761953681208824
assignment,I-395 NB,110P04126,26778,PM,4.0,0.391606,4,2200.0,49.0,16,0,False,52.98266666666667,0.0,0.0,8677.350927757778,0.0,34709.40371103111,0.0,3.9442504217080807,
assignment,I-395 NB,110P04128,26297,PM,4.0,0.19736,3,2200.0,49.0,16,16,True,14.055777777777777,4.0,6545.523973568876,6545.523973568876,19636.57192070663,19636.57192070663,2.9752381698040344,2.9752381698040344,0.7438095424510086
assignment,I-395 NB,110P04129,26825,PM,4.0,0.138799,3,2200.0,49.0,16,16,True,8.612444444444444,4.0,5022.8367183152,5022.8367183152,15068.510154945601,15068.510154945601,2.283107599234182,2.283107599234182,0.5707768998085455
assignment,I-395 NB,110P04130,26469,PM,4.0,0.162246,6,2200.0,49.0,16,16,True,8.897777777777778,4.0,4700.843253602023,4700.843253602023,28205.059521612136,28205.059521612136,2.136746933455465,2.136746933455465,0.5341867333638662
assignment,I-395 NB,110P04670,26230,PM,4.0,0.319695,3,2200.0,49.0,16,16,True,33.81111111111111,4.0,8458.03387621796,8458.03387621796,25374.10162865388,25374.10162865388,3.8445608528263455,3.8445608528263455,0.9611402132065864
assignment,I-395 SB,110-04120,32610,AM,3.0,0.183298,3,2200.0,49.0,12,0,False,59.03244444444445,0.0,0.0,6161.810561771209,0.0,18485.431685313626,0.0,2.8008229826232767,
assignment,I-395 SB,110-04121,32623,AM,3.0,1.053164,3,2200.0,49.0,12,0,False,63.10422222222221,0.0,0.0,5718.31391279624,0.0,17154.94173838872,0.0,2.599233596725564,
assignment,I-395 SB,110-04122,28289,AM,3.0,0.922212,4,2200.0,49.0,12,0,False,61.10066666666666,0.0,0.0,5886.128625873335,0.0,23544.51450349334,0.0,2.6755130117606067,
assignment,I-395 SB,110-04123,28307,AM,3.0,0.122184,4,2200.0,49.0,12,0,False,58.029999999999994,0.0,0.0,6230.700573435224,0.0,24922.802293740897,0.0,2.8321366242887382,
assignment,I-395 SB,110-04124,26764,AM,3.0,0.223822,4,2200.0,49.0,12,0,False,56.92022222222223,0.0,0.0,6328.079528425648,0.0,25312.318113702593,0.0,2.876399785648022,
assignment,I-395 SB,110-04125,26781,AM,3.0,0.075065,4,2200.0,49.0,12,0,False,61.49822222222222,0.0,0.0,5962.296026133554,0.0,23849.184104534215,0.0,2.7101345573334337,
assignment,I-395 SB,110-04126,26796,AM,3.0,0.481819,4,2200.0,49.0,12,0,False,61.68311111111111,0.0,0.0,5879.166630999056,0.0,23516.666523996224,0.0,2.6723484686359344,
assignment,I-395 SB,110-04128,26829,AM,3.0,0.062273,3,2200.0,49.0,12,9,True,47.808888888888895,2.25,4947.179080234205,6597.051075685228,14841.537240702615,19791.153227055685,2.24871776374282,2.998659579856922,0.9994301172190313
assignment,I-395 SB,110-04129,26471,AM,3.0,0.013153,3,2200.0,49.0,12,10,True,46.53911111111111,2.5,5492.175645693055,6591.875061182675,16476.526937079165,19775.625183548025,2.4964434753150253,2.9963068459921254,0.99857739012601
assignment,I-395 SB,110-04670,26827,AM,3.0,0.031164,2,2200.0,49.0,12,0,False,52.77711111111111,0.0,0.0,6540.60877991798,0.0,13081.21755983596,0.0,2.9730039908718093,
assignment,I-395 SB,110N04120,32603,AM,3.0,1.301767,3,2200.0,49.0,12,0,False,61.55044444444445,0.0,0.0,5913.001818393255,0.0,17739.005455179766,0.0,2.6877280992696613,
assignment,I-395 SB,110N04121,32611,AM,3.0,0.508993,4,2200.0,49.0,12,0,False,60.85666666666666,0.0,0.0,5960.608189251481,0.0,23842.432757005925,0.0,2.7093673587506735,
assignment,I-395 SB,110N04122,28283,AM,3.0,0.771707,4,2200.0,49.0,12,0,False,62.54244444444444,0.0,0.0,5848.41095407873,0.0,23393.64381631492,0.0,2.658368615490332,
assignment,I-395 SB,110N04123,28302,AM,3.0,0.76605,4,2200.0,49.0,12,0,False,61.52622222222222,0.0,0.0,5925.460877473488,0.0,23701.84350989395,0.0,2.6933913079424947,
assignment,I-395 SB,110N04124,26759,AM,3.0,0.59288,4,2200.0,49.0,12,0,False,58.15133333333333,0.0,0.0,6251.58841064379,0.0,25006.35364257516,0.0,2.8416310957471773,
assignment,I-395 SB,110N04125,26776,AM,3.0,0.539375,4,2200.0,49.0,12,0,False,59.61711111111111,0.0,0.0,6137.408110046868,0.0,24549.632440187474,0.0,2.789730959112213,
assignment,I-395 SB,110N04126,26792,AM,3.0,0.626954,4,2200.0,49.0,12,0,False,62.01844444444445,0.0,0.0,5905.663907323267,0.0,23622.65562929307,0.0,2.6843926851469395,
assignment,I-395 SB,110N04127,26809,AM,3.0,1.063231,3,2200.0,49.0,12,0,False,58.406888888888886,0.0,0.0,6312.021174850252,0.0,18936.063524550755,0.0,2.8691005340228415,
assignment,I-395 SB,110N04128,26829,AM,3.0,0.184472,3,2200.0,49.0,12,0,False,50.25466666666667,0.0,0.0,6592.614324995603,0.0,19777.84297498681,0.0,2.996642874998001,
assignment,I-395 SB,110N04129,26471,AM,3.0,0.228537,3,2200.0,49.0,12,8,True,47.823777777777785,2.0,4397.15082385739,6596.594496506903,13191.452471572169,19789.78348952071,1.9987049199351772,2.998452043866774,0.9993524599675886
assignment,I-395 SB,110N04130,26712,AM,3.0,0.189735,6,2200.0,49.0,12,11,True,46.552888888888894,2.75,6040.604264470069,6590.591549783344,36243.62558682042,39543.54929870006,2.7457292111227587,2.9957234317197017,0.9984469858628213
assignment,I-395 SB,110-04120,32610,MD,6.0,0.183298,3,2200.0,49.0,24,0,False,50.23777777777779,0.0,0.0,12687.045242316512,0.0,38061.135726949535,0.0,5.7668387465075055,
assignment,I-395 SB,110-04121,32623,MD,6.0,1.053164,3,2200.0,49.0,24,0,False,57.59266666666667,0.0,0.0,11932.884006304434,0.0,35798.6520189133,0.0,5.424038184683833,
assignment,I-395 SB,110-04122,28289,MD,6.0,0.922212,4,2200.0,49.0,24,0,False,51.16822222222222,0.0,0.0,12298.199637868509,0.0,49192.798551474036,0.0,5.5900907444856855,
assignment,I-395 SB,110-04123,28307,MD,6.0,0.122184,4,2200.0,49.0,24,0,False,52.48688888888889,0.0,0.0,12658.602126877799,0.0,50634.408507511194,0.0,5.753910057671726,
assignment,I-395 SB,110-04124,26764,MD,6.0,0.223822,4,2200.0,49.0,24,0,False,50.06155555555555,0.0,0.0,12868.225965697631,0.0,51472.903862790525,0.0,5.849193620771651,
assignment,I-395 SB,110-04125,26781,MD,6.0,0.075065,4,2200.0,49.0,24,0,False,51.156000000000006,0.0,0.0,12361.8155556491,0.0,49447.2622225964,0.0,5.619007070749591,
assignment,I-395 SB,110-04126,26796,MD,6.0,0.481819,4,2200.0,49.0,24,3,True,38.03066666666667,0.75,1598.4674968072923,12230.134373110004,6393.869987229169,48920.53749244002,0.7265761349124056,5.559151987777275,0.9687681798832074
assignment,I-395 SB,110-04128,26829,MD,6.0,0.062273,3,2200.0,49.0,24,24,True,46.91555555555556,6.0,13180.82057993528,13180.82057993528,39542.46173980584,39542.46173980584,5.991282081788763,5.991282081788763,0.9985470136314606
assignment,I-395 SB,110-04129,26471,MD,6.0,0.013153,3,2200.0,49.0,24,24,True,44.916444444444444,6.0,13152.549174762815,13152.549174762815,39457.64752428845,39457.64752428845,5.978431443074006,5.978431443074006,0.9964052405123345
assignment,I-395 SB,110-04670,26827,MD,6.0,0.031164,2,2200.0,49.0,24,0,False,52.947333333333326,0.0,0.0,13103.195471179428,0.0,26206.390942358856,0.0,5.955997941445195,
assignment,I-395 SB,110N04120,32603,MD,6.0,1.301767,3,2200.0,49.0,24,0,False,51.61777777777778,0.0,0.0,12198.42857908297,0.0,36595.28573724891,0.0,5.544740263219532,
assignment,I-395 SB,110N04121,32611,MD,6.0,0.508993,4,2200.0,49.0,24,0,False,52.342222222222226,0.0,0.0,12460.580081670434,0.0,49842.320326681736,0.0,5.663900037122924,
assignment,I-395 SB,110N04122,28283,MD,6.0,0.771707,4,2200.0,49.0,24,0,False,54.01755555555555,0.0,0.0,12287.302258749805,0.0,49149.20903499922,0.0,5.585137390340821,
assignment,I-395 SB,110N04123,28302,MD,6.0,0.76605,4,2200.0,49.0,24,0,False,54.077777777777776,0.0,0.0,12249.454835075214,0.0,48997.819340300855,0.0,5.567934015943279,
assignment,I-395 SB,110N04124,26759,MD,6.0,0.59288,4,2200.0,49.0,24,0,False,51.114666666666665,0.0,0.0,12743.573534887015,0.0,50974.29413954806,0.0,5.792533424948643,
assignment,I-395 SB,110N04125,26776,MD,6.0,0.539375,4,2200.0,49.0,24,0,False,52.24955555555556,0.0,0.0,12555.40634252398,0.0,50221.62537009592,0.0,5.707002882965446,
assignment,I-395 SB,110N04126,26792,MD,6.0,0.626954,4,2200.0,49.0,24,2,True,45.642,0.5,1094.6873757595326,12322.07579471997,4378.749503038131,49288.30317887988,0.4975851707997876,5.600943543054532,0.9951703415995752
assignment,I-395 SB,110N04127,26809,MD,6.0,1.063231,3,2200.0,49.0,24,2,True,44.26711111111111,0.5,1091.7764906489015,12804.82123754286,3275.3294719467044,38414.46371262858,0.4962620412040461,5.820373289792209,0.9925240824080922
assignment,I-395 SB,110N04128,26829,MD,6.0,0.184472,3,2200.0,49.0,24,0,False,49.93266666666667,0.0,0.0,13191.935117321362,0.0,39575.80535196408,0.0,5.996334144236982,
assignment,I-395 SB,110N04129,26471,MD,6.0,0.228537,3,2200.0,49.0,24,24,True,45.26111111111111,6.0,13157.409806717802,13157.409806717802,39472.22942015341,39472.22942015341,5.980640821235364,5.980640821235364,0.9967734702058941
assignment,I-395 SB,110N04130,26712,MD,6.0,0.189735,6,2200.0,49.0,24,24,True,43.086444444444446,6.0,13139.112312684003,13139.112312684003,78834.67387610402,78834.67387610402,5.972323778492728,5.972323778492728,0.9953872964154548
assignment,I-395 SB,110-04120,32610,NT,11.0,0.183298,3,2200.0,49.0,44,0,False,54.864000000000004,0.0,0.0,21932.90104750278,0.0,65798.70314250834,0.0,9.969500476137627,
assignment,I-395 SB,110-04121,32623,NT,11.0,1.053164,3,2200.0,49.0,44,0,False,59.76133333333334,0.0,0.0,21166.59041506459,0.0,63499.77124519377,0.0,9.621177461392996,
assignment,I-395 SB,110-04122,28289,NT,11.0,0.922212,4,2200.0,49.0,44,0,False,55.150222222222226,0.0,0.0,21578.591300207972,0.0,86314.36520083189,0.0,9.808450591003623,
assignment,I-395 SB,110-04123,28307,NT,11.0,0.122184,4,2200.0,49.0,44,0,False,54.187999999999995,0.0,0.0,23000.300030993967,0.0,92001.20012397587,0.0,10.454681832269985,
assignment,I-395 SB,110-04124,26764,NT,11.0,0.223822,4,2200.0,49.0,44,0,False,50.401111111111106,0.0,0.0,23422.171255344634,0.0,93688.68502137854,0.0,10.646441479702107,
assignment,I-395 SB,110-04125,26781,NT,11.0,0.075065,4,2200.0,49.0,44,0,False,52.916,0.0,0.0,22181.106518507204,0.0,88724.42607402882,0.0,10.082321144776001,
assignment,I-395 SB,110-04126,26796,NT,11.0,0.481819,4,2200.0,49.0,44,0,False,49.17155555555556,0.0,0.0,21600.332553548687,0.0,86401.33021419475,0.0,9.818332978885767,
assignment,I-395 SB,110-04128,26829,NT,11.0,0.062273,3,2200.0,49.0,44,28,True,42.558666666666674,7.0,15329.025558221329,24125.785866410843,45987.076674663986,72377.35759923252,6.967738890100604,10.96626630291402,0.995391270014372
assignment,I-395 SB,110-04129,26471,NT,11.0,0.013153,3,2200.0,49.0,44,19,True,42.434444444444445,4.75,10405.671425256309,24144.49677144431,31217.014275768925,72433.49031433293,4.729850647843777,10.974771259747413,0.9957580311250056
assignment,I-395 SB,110-04670,26827,NT,11.0,0.031164,2,2200.0,49.0,44,0,False,49.80511111111111,0.0,0.0,24068.41169218144,0.0,48136.82338436288,0.0,10.940187132809745,
assignment,I-395 SB,110N04120,32603,NT,11.0,1.301767,3,2200.0,49.0,44,0,False,54.00177777777778,0.0,0.0,21787.42498809953,0.0,65362.27496429859,0.0,9.903374994590695,
assignment,I-395 SB,110N04121,32611,NT,11.0,0.508993,4,2200.0,49.0,44,0,False,56.01555555555556,0.0,0.0,21818.4206078261,0.0,87273.6824313044,0.0,9.917463912648229,
assignment,I-395 SB,110N04122,28283,NT,11.0,0.771707,4,2200.0,49.0,44,0,False,57.896888888888896,0.0,0.0,21939.24642906612,0.0,87756.98571626448,0.0,9.9723847404846,
assignment,I-395 SB,110N04123,28302,NT,11.0,0.76605,4,2200.0,49.0,44,0,False,57.456222222222216,0.0,0.0,22097.247464995915,0.0,88388.98985998366,0.0,10.044203393179961,
assignment,I-395 SB,110N04124,26759,NT,11.0,0.59288,4,2200.0,49.0,44,0,False,52.88955555555555,0.0,0.0,23173.115711080587,0.0,92692.46284432235,0.0,10.53323441412754,
assignment,I-395 SB,110N04125,26776,NT,11.0,0.539375,4,2200.0,49.0,44,0,False,52.58977777777778,0.0,0.0,22778.86199659789,0.0,91115.44798639156,0.0,10.354028180271769,
assignment,I-395 SB,110N04126,26792,NT,11.0,0.626954,4,2200.0,49.0,44,0,False,51.184666666666665,0.0,0.0,22097.01647686273,0.0,88388.06590745092,0.0,10.044098398573968,
assignment,I-395 SB,110N04127,26809,NT,11.0,1.063231,3,2200.0,49.0,44,0,False,51.559777777777775,0.0,0.0,23499.611165197945,0.0,70498.83349559383,0.0,10.681641438726338,
assignment,I-395 SB,110N04128,26829,NT,11.0,0.184472,3,2200.0,49.0,44,11,True,46.45177777777778,2.75,6038.411483158751,24152.73003041364,18115.234449476255,72458.19009124092,2.744732492344887,10.978513650188019,0.998084542670868
assignment,I-395 SB,110N04129,26471,NT,11.0,0.228537,3,2200.0,49.0,44,23,True,42.64977777777778,5.75,12589.087040149972,24133.1114697121,37767.26112044992,72399.3344091363,5.722312290977261,10.969596122596409,0.9951847462569148
assignment,I-395 SB,110N04130,26712,NT,11.0,0.189735,6,2200.0,49.0,44,17,True,40.28377777777778,4.25,9280.585777968878,24118.124528065462,55683.514667813266,144708.74716839276,4.2184480808949445,10.962783876393392,0.9925760190341045
assignment,I-395 SB,110-04120,32610,PM,4.0,0.183298,3,2200.0,49.0,16,2,True,48.25244444444445,0.5,1099.5480810039617,8778.423039641182,3298.644243011885,26335.26911892355,0.49979458227452805,3.9901922907459917,0.9995891645490561
assignment,I-395 SB,110-04121,32623,PM,4.0,1.053164,3,2200.0,49.0,16,0,False,53.89755555555556,0.0,0.0,8645.77632290229,0.0,25937.32896870687,0.0,3.9298983285919498,
assignment,I-395 SB,110-04122,28289,PM,4.0,0.922212,4,2200.0,49.0,16,15,True,32.27488888888889,3.75,7887.907032193146,8435.833045870564,31551.628128772583,33743.33218348226,3.585412287360521,3.834469566304802,0.9561099432961389
assignment,I-395 SB,110-04123,28307,PM,4.0,0.122184,4,2200.0,49.0,16,14,True,27.511555555555557,3.5,7220.947746351016,8319.34080547555,28883.790985404063,33277.3632219022,3.282248975614098,3.7815185479434312,0.937785421604028
assignment,I-395 SB,110-04124,26764,PM,4.0,0.223822,4,2200.0,49.0,16,16,True,28.122444444444444,4.0,8062.223339507418,8062.223339507418,32248.893358029673,32248.893358029673,3.664646972503372,3.664646972503372,0.916161743125843
assignment,I-395 SB,110-04125,26781,PM,4.0,0.075065,4,2200.0,49.0,16,15,True,29.90688888888889,3.75,7630.7119810668155,8180.711970663349,30522.847924267262,32722.847882653397,3.4685054459394618,3.7185054412106133,0.9249347855838564
assignment,I-395 SB,110-04126,26796,PM,4.0,0.481819,4,2200.0,49.0,16,16,True,19.747111111111114,4.0,7182.105311588248,7182.105311588248,28728.42124635299,28728.42124635299,3.2645933234492035,3.2645933234492035,0.8161483308623009
assignment,I-395 SB,110-04128,26829,PM,4.0,0.062273,3,2200.0,49.0,16,16,True,43.00244444444444,4.0,8727.155266473046,8727.155266473046,26181.465799419137,26181.465799419137,3.966888757487748,3.966888757487748,0.991722189371937
assignment,I-395 SB,110-04129,26471,PM,4.0,0.013153,3,2200.0,49.0,16,16,True,41.64022222222223,4.0,8671.530118288803,8671.530118288803,26014.59035486641,26014.59035486641,3.9416045992221833,3.9416045992221833,0.9854011498055458
assignment,I-395 SB,110-04670,26827,PM,4.0,0.031164,2,2200.0,49.0,16,5,True,45.78111111111111,1.25,2741.698980855852,8776.327680309128,5483.397961711704,17552.655360618257,1.2462268094799327,3.9892398546859673,0.9969814475839461
assignment,I-395 SB,110N04120,32603,PM,4.0,1.301767,3,2200.0,49.0,16,3,True,46.06555555555556,0.75,1646.2956619093616,8720.782283378638,4938.886985728084,26162.346850135913,0.7483162099588007,3.96399194699029,0.9977549466117343
assignment,I-395 SB,110N04121,32611,PM,4.0,0.508993,4,2200.0,49.0,16,0,False,50.00088888888889,0.0,0.0,8768.336670362487,0.0,35073.34668144995,0.0,3.985607577437494,
assignment,I-395 SB,110N04122,28283,PM,4.0,0.771707,4,2200.0,49.0,16,1,True,48.13422222222223,0.25,549.5937569113751,8751.5200575229,2198.3750276455003,35006.0802300916,0.24981534405062503,3.9779636625104087,0.9992613762025001
assignment,I-395 SB,110N04123,28302,PM,4.0,0.76605,4,2200.0,49.0,16,14,True,22.208666666666662,3.5,6995.987803407588,8088.645897075936,27983.951213630353,32354.583588303743,3.1799944560943585,3.676657225943607,0.9085698445983881
assignment,I-395 SB,110N04124,26759,PM,4.0,0.59288,4,2200.0,49.0,16,15,True,27.590666666666664,3.75,7652.95240599114,8202.708850688243,30611.80962396456,32810.83540275297,3.478614729995973,3.7285040230401103,0.9276305946655927
assignment,I-395 SB,110N04125,26776,PM,4.0,0.539375,4,2200.0,49.0,16,14,True,29.115777777777776,3.5,7025.7872417775725,8125.759628941405,28103.14896711029,32503.03851576562,3.193539655353442,3.693527104064275,0.9124399015295549
assignment,I-395 SB,110N04126,26792,PM,4.0,0.626954,4,2200.0,49.0,16,16,True,28.813333333333333,4.0,8038.16658972086,8038.16658972086,32152.66635888344,32152.66635888344,3.6537120862367547,3.6537120862367547,0.9134280215591887
assignment,I-395 SB,110N04127,26809,PM,4.0,1.063231,3,2200.0,49.0,16,16,True,20.850222222222225,4.0,7357.53459255774,7357.53459255774,22072.60377767322,22072.60377767322,3.344333905708064,3.344333905708064,0.836083476427016
assignment,I-395 SB,110N04128,26829,PM,4.0,0.184472,3,2200.0,49.0,16,13,True,43.705777777777776,3.25,7116.546583896346,8765.481742572978,21349.63975168904,26296.445227718934,3.2347939017710665,3.9843098829877173,0.9953212005449436
assignment,I-395 SB,110N04129,26471,PM,4.0,0.228537,3,2200.0,49.0,16,16,True,41.67533333333333,4.0,8673.184372227717,8673.184372227717,26019.55311668315,26019.55311668315,3.9423565328307806,3.9423565328307806,0.9855891332076951
assignment,I-395 SB,110N04130,26712,PM,4.0,0.189735,6,2200.0,49.0,16,16,True,38.52288888888888,4.0,8556.72371442718,8556.72371442718,51340.342286563086,51340.342286563086,3.889419870194173,3.889419870194173,0.9723549675485432
assignment,I-66 EB,110-04162,26303,AM,3.0,0.012809,3,2200.0,49.0,12,5,True,45.145999999999994,1.25,2739.822113233581,6569.822314010099,8219.466339700743,19709.466942030296,1.245373687833446,2.9862828700045903,0.9962989502667567
assignment,I-66 EB,110-04163,26306,AM,3.0,0.160698,1,2200.0,49.0,12,3,True,47.73733333333333,0.75,1648.6203943047344,6572.531318913664,1648.6203943047344,6572.531318913664,0.749372906502152,2.987514235869847,0.9991638753362027
assignment,I-66 EB,110-04166,26049,AM,3.0,0.87601,2,2200.0,49.0,12,0,False,54.199777777777776,0.0,0.0,6068.002207783174,0.0,12136.004415566347,0.0,2.7581828217196245,
assignment,I-66 EB,110-04167,25608,AM,3.0,0.203461,2,2200.0,49.0,12,0,False,57.52977777777778,0.0,0.0,6025.608953340577,0.0,12051.217906681153,0.0,2.738913160609353,
assignment,I-66 EB,110-04168,26322,AM,3.0,1.550586,3,2200.0,49.0,12,0,False,62.199777777777776,0.0,0.0,5716.178115920143,0.0,17148.53434776043,0.0,2.5982627799637013,
assignment,I-66 EB,110-04169,26183,AM,3.0,0.241782,3,2200.0,49.0,12,0,False,63.74088888888889,0.0,0.0,5501.87323211417,0.0,16505.61969634251,0.0,2.5008514691428045,
assignment,I-66 EB,110-04170,26732,AM,3.0,0.034113,4,2200.0,49.0,12,0,False,65.38577777777778,0.0,0.0,5127.855381494287,0.0,20511.421525977148,0.0,2.330843355224676,
assignment,I-66 EB,110-04171,26732,AM,3.0,0.024315,4,2200.0,49.0,12,0,False,64.34977777777779,0.0,0.0,5327.9648258199095,0.0,21311.859303279638,0.0,2.4218021935545044,
assignment,I-66 EB,110-04172,32564,AM,3.0,0.936293,4,2200.0,49.0,12,0,False,61.953333333333326,0.0,0.0,5703.869047960084,0.0,22815.476191840335,0.0,2.592667749072765,
assignment,I-66 EB,110-04173,32561,AM,3.0,0.146205,2,2200.0,49.0,12,0,False,62.288222222222224,0.0,0.0,5477.739980824726,0.0,10955.479961649453,0.0,2.4898818094657846,
assignment,I-66 EB,110-04175,31781,AM,3.0,1.428297,4,2200.0,49.0,12,9,True,33.322222222222216,2.25,4774.490353353458,6391.424430086597,19097.961413413832,25565.697720346387,2.1702228878879355,2.9051929227666347,0.9645435057279713
assignment,I-66 EB,110-04176,31353,AM,3.0,0.499725,2,2200.0,49.0,12,7,True,40.64422222222222,1.75,3810.5557976409723,6512.476601071308,7621.111595281945,13024.953202142617,1.732070817109533,2.960216636850595,0.9897547526340188
assignment,I-66 EB,110-04177,31790,AM,3.0,1.064303,4,2200.0,49.0,12,6,True,41.75244444444445,1.5,3259.7621961998957,6459.800480565601,13039.048784799583,25839.201922262404,1.4817100891817707,2.9362729457116368,0.9878067261211805
assignment,I-66 EB,110-04178,31800,AM,3.0,1.044581,4,2200.0,49.0,12,10,True,21.920222222222225,2.5,4597.382597699295,5670.361329570099,18389.53039079718,22681.445318280395,2.0897193625905888,2.5774369679864084,0.8358877450362354
assignment,I-66 EB,110-04179,35787,AM,3.0,0.337366,4,2200.0,49.0,12,8,True,18.655333333333335,2.0,3635.835385932949,5641.715461655422,14543.341543731796,22566.861846621687,1.6526524481513405,2.5644161189342825,0.8263262240756702
assignment,I-66 EB,110-04180,31384,AM,3.0,0.771709,2,2200.0,49.0,12,6,True,42.38488888888889,1.5,3258.260207775596,6346.094288324935,6516.520415551192,12692.18857664987,1.4810273671707255,2.8845883128749708,0.9873515781138169
assignment,I-66 EB,110-04182,31829,AM,3.0,0.453427,4,2200.0,49.0,12,10,True,35.47844444444445,2.5,5328.528798712585,6428.2739594862205,21314.11519485034,25713.095837944882,2.4220585448693566,2.921942708857373,0.9688234179477427
assignment,I-66 EB,110-04183,39146,AM,3.0,4.297312,2,2200.0,49.0,12,12,True,28.585333333333335,3.0,6137.414467737424,6137.414467737424,12274.828935474849,12274.828935474849,2.7897338489715566,2.7897338489715566,0.9299112829905188
assignment,I-66 EB,110-04184,39157,AM,3.0,2.210167,3,2200.0,49.0,12,9,True,28.869333333333334,2.25,4628.547985135732,6239.220650535138,13885.643955407197,18717.661951605412,2.103885447788969,2.836009386606881,0.9350601990173196
assignment,I-66 EB,110N04162,25947,AM,3.0,0.25864,2,2200.0,49.0,12,7,True,34.38155555555556,1.75,3703.946610159023,6450.377333556893,7407.893220318046,12900.754667113786,1.6836120955268286,2.931989697071315,0.9620640545867591
assignment,I-66 EB,110N04163,26303,AM,3.0,0.087912,3,2200.0,49.0,12,4,True,46.83066666666667,1.0,2196.5113777191364,6573.698322775093,6589.534133157409,19721.09496832528,0.9984142625996074,2.988044692170497,0.9984142625996074
assignment,I-66 EB,110N04164,26747,AM,3.0,0.189147,2,2200.0,49.0,12,0,False,53.18377777777778,0.0,0.0,6455.8870818693,0.0,12911.7741637386,0.0,2.934494128122409,
assignment,I-66 EB,110N04167,25608,AM,3.0,0.254733,2,2200.0,49.0,12,0,False,54.00355555555555,0.0,0.0,6103.026874418978,0.0,12206.053748837956,0.0,2.774103124735899,
assignment,I-66 EB,110N04168,26753,AM,3.0,0.221555,3,2200.0,49.0,12,0,False,60.11222222222222,0.0,0.0,5911.46255615704,0.0,17734.38766847112,0.0,2.6870284346168365,
assignment,I-66 EB,110N04169,26736,AM,3.0,0.313435,3,2200.0,49.0,12,0,False,63.74822222222223,0.0,0.0,5479.035712608637,0.0,16437.10713782591,0.0,2.4904707784584716,
assignment,I-66 EB,110N04170,26735,AM,3.0,0.257485,3,2200.0,49.0,12,0,False,65.02888888888889,0.0,0.0,5221.494014696001,0.0,15664.482044088003,0.0,2.373406370316364,
assignment,I-66 EB,110N04171,26732,AM,3.0,0.121778,4,2200.0,49.0,12,0,False,64.948,0.0,0.0,5230.360036796375,0.0,20921.4401471855,0.0,2.377436380361989,
assignment,I-66 EB,110N04172,26732,AM,3.0,0.112619,4,2200.0,49.0,12,0,False,63.633333333333326,0.0,0.0,5432.726163769528,0.0,21730.904655078113,0.0,2.4694209835316037,
assignment,I-66 EB,110N04173,32563,AM,3.0,0.160492,4,2200.0,49.0,12,0,False,61.45422222222223,0.0,0.0,5614.178638043113,0.0,22456.714552172452,0.0,2.551899380928688,
assignment,I-66 EB,110N04174,32572,AM,3.0,0.672258,2,2200.0,49.0,12,0,False,65.26377777777776,0.0,0.0,4945.565672770257,0.0,9891.131345540514,0.0,2.247984396713753,
assignment,I-66 EB,110N04177,31357,AM,3.0,0.076959,4,2200.0,49.0,12,7,True,41.01066666666666,1.75,3799.2445645045423,6490.415919186841,15196.978258018169,25961.663676747365,1.7269293475020646,2.950189054175837,0.9868167700011798
assignment,I-66 EB,110N04178,31795,AM,3.0,0.994511,4,2200.0,49.0,12,8,True,37.766,2.0,4291.309182462914,6406.952260685121,17165.236729851655,25627.809042740482,1.9505950829376881,2.9122510275841456,0.9752975414688441
assignment,I-66 EB,110N04179,31804,AM,3.0,0.885011,4,2200.0,49.0,12,9,True,15.974666666666666,2.25,3817.2132448795783,5375.40828150866,15268.852979518313,21501.63312603464,1.7350969294907175,2.4433674006857546,0.7711541908847633
assignment,I-66 EB,110N04180,32856,AM,3.0,0.491758,2,2200.0,49.0,12,8,True,26.11577777777778,2.0,3908.6486008395714,5979.190511053978,7817.297201679143,11958.381022107957,1.7766584549270779,2.7178138686608992,0.8883292274635389
assignment,I-66 EB,110N04183,31833,AM,3.0,0.45031,3,2200.0,49.0,12,10,True,32.47555555555556,2.5,5295.877627734491,6394.677791067668,15887.632883203474,19184.033373203005,2.407217103515678,2.9066717232125767,0.9628868414062711
assignment,I-66 EB,110N04184,38167,AM,3.0,0.451882,3,2200.0,49.0,12,11,True,18.78822222222222,2.75,4929.193949792802,5479.046626681553,14787.581849378406,16437.13988004466,2.240542704451274,2.490475739400706,0.814742801618645
assignment,I-66 EB,110-04162,26303,MD,6.0,0.012809,3,2200.0,49.0,24,6,True,47.959111111111106,1.5,3298.095510263346,13196.279372360303,9894.28653079004,39588.83811708091,1.4991343228469756,5.998308805618319,0.9994228818979837
assignment,I-66 EB,110-04163,26306,MD,6.0,0.160698,1,2200.0,49.0,24,21,True,41.062444444444445,5.25,11491.253845747668,13140.904473719227,11491.253845747668,13140.904473719227,5.223297202612576,5.973138397145103,0.994913752878586
assignment,I-66 EB,110-04166,26049,MD,6.0,0.87601,2,2200.0,49.0,24,19,True,34.34422222222222,4.75,10189.355064339334,12853.707473928003,20378.710128678667,25707.414947856007,4.631525029245152,5.842594306330911,0.9750579008937161
assignment,I-66 EB,110-04167,25608,MD,6.0,0.203461,2,2200.0,49.0,24,14,True,23.53866666666667,3.5,7145.5330503519035,12517.069513512619,14291.066100703807,25034.139027025238,3.2479695683417744,5.689577051596645,0.927991305240507
assignment,I-66 EB,110-04168,26322,MD,6.0,1.550586,3,2200.0,49.0,24,7,True,28.750888888888895,1.75,3672.3236483638298,12458.565846452842,11016.970945091489,37375.69753935853,1.669238021983559,5.662984475660383,0.9538502982763194
assignment,I-66 EB,110-04169,26183,MD,6.0,0.241782,3,2200.0,49.0,24,1,True,48.626222222222225,0.25,549.8325038751948,12132.803939733534,1649.4975116255844,36398.4118192006,0.2499238653978158,5.514910881697061,0.9996954615912632
assignment,I-66 EB,110-04170,26732,MD,6.0,0.034113,4,2200.0,49.0,24,0,False,58.64333333333334,0.0,0.0,11563.046762998702,0.0,46252.187051994806,0.0,5.255930346817592,
assignment,I-66 EB,110-04171,26732,MD,6.0,0.024315,4,2200.0,49.0,24,0,False,58.28311111111111,0.0,0.0,11843.184585874533,0.0,47372.73834349813,0.0,5.3832657208520605,
assignment,I-66 EB,110-04172,32564,MD,6.0,0.936293,4,2200.0,49.0,24,0,False,57.117555555555555,0.0,0.0,12205.920993902218,0.0,48823.683975608874,0.0,5.54814590631919,
assignment,I-66 EB,110-04173,32561,MD,6.0,0.146205,2,2200.0,49.0,24,0,False,52.35666666666666,0.0,0.0,12209.18148946541,0.0,24418.36297893082,0.0,5.549627949757005,
assignment,I-66 EB,110-04175,31781,MD,6.0,1.428297,4,2200.0,49.0,24,13,True,34.28022222222222,3.25,7037.614799136665,13067.345048003775,28150.45919654666,52269.3801920151,3.198915817789393,5.93970229454717,0.984281790089044
assignment,I-66 EB,110-04176,31353,MD,6.0,0.499725,2,2200.0,49.0,24,6,True,40.51533333333333,1.5,3245.0948152409696,13115.512452021878,6490.189630481939,26231.024904043756,1.4750430978368043,5.961596569100854,0.9833620652245363
assignment,I-66 EB,110-04177,31790,MD,6.0,1.064303,4,2200.0,49.0,24,9,True,41.65066666666667,2.25,4901.063956218936,13091.908858906667,19604.255824875745,52367.63543562667,2.22775634373588,5.950867663139394,0.9901139305492801
assignment,I-66 EB,110-04178,31800,MD,6.0,1.044581,4,2200.0,49.0,24,17,True,26.69022222222223,4.25,8763.56069217651,12612.165899685933,35054.24276870604,50448.66359874373,3.9834366782620503,5.732802681675424,0.9372792184146
assignment,I-66 EB,110-04179,35787,MD,6.0,0.337366,4,2200.0,49.0,24,8,True,26.08977777777778,2.0,4108.283110476888,12254.01708112589,16433.132441907554,49016.06832450356,1.8674014138531312,5.570007764148132,0.9337007069265656
assignment,I-66 EB,110-04180,31384,MD,6.0,0.771709,2,2200.0,49.0,24,1,True,47.382000000000005,0.25,549.0352994177264,12240.32185260346,1098.0705988354528,24480.64370520692,0.24956149973533018,5.5637826602743,0.9982459989413207
assignment,I-66 EB,110-04182,31829,MD,6.0,0.453427,4,2200.0,49.0,24,4,True,38.38088888888889,1.0,2149.388542925619,12737.6839809685,8597.554171702475,50950.735923874,0.9769947922389176,5.789856354985682,0.9769947922389176
assignment,I-66 EB,110-04183,39146,MD,6.0,4.297312,2,2200.0,49.0,24,2,True,40.02911111111111,0.5,1082.2133210505235,11564.9056980112,2164.426642101047,23129.8113960224,0.49191514593205615,5.256775317277818,0.9838302918641123
assignment,I-66 EB,110-04184,39157,MD,6.0,2.210167,3,2200.0,49.0,24,0,False,53.91622222222222,0.0,0.0,11134.338606978781,0.0,33403.01582093634,0.0,5.0610630031721735,
assignment,I-66 EB,110N04162,25947,MD,6.0,0.25864,2,2200.0,49.0,24,13,True,39.75555555555556,3.25,7114.447712043846,13164.18891785258,14228.895424087692,26328.37783570516,3.233839869110839,5.983722235387536,0.9950276520341044
assignment,I-66 EB,110N04163,26303,MD,6.0,0.087912,3,2200.0,49.0,24,8,True,45.54311111111111,2.0,4387.092244538373,13186.21586537829,13161.27673361512,39558.64759613487,1.994132838426533,5.993734484262859,0.9970664192132666
assignment,I-66 EB,110N04164,26747,MD,6.0,0.189147,2,2200.0,49.0,24,3,True,45.88688888888888,0.75,1643.048637879736,13151.066249570105,3286.097275759472,26302.13249914021,0.7468402899453345,5.977757386168229,0.995787053260446
assignment,I-66 EB,110N04167,25608,MD,6.0,0.254733,2,2200.0,49.0,24,19,True,22.417999999999996,4.75,9783.813389045092,12431.833906747179,19567.626778090184,24863.667813494358,4.447187904111406,5.650833593975991,0.9362500850760853
assignment,I-66 EB,110N04168,26753,MD,6.0,0.221555,3,2200.0,49.0,24,10,True,23.14222222222222,2.5,5015.744928374744,12544.333613294179,15047.23478512423,37633.00083988254,2.279884058352156,5.701969824224626,0.9119536233408625
assignment,I-66 EB,110N04169,26736,MD,6.0,0.313435,3,2200.0,49.0,24,3,True,41.32288888888889,0.75,1636.0031145422613,12122.146662426116,4908.009343626783,36366.43998727835,0.7436377793373915,5.510066664739144,0.991517039116522
assignment,I-66 EB,110N04170,26735,MD,6.0,0.257485,3,2200.0,49.0,24,0,False,56.36533333333333,0.0,0.0,11729.5142613681,0.0,35188.5427841043,0.0,5.331597391530955,
assignment,I-66 EB,110N04171,26732,MD,6.0,0.121778,4,2200.0,49.0,24,0,False,58.73577777777777,0.0,0.0,11703.921652609168,0.0,46815.68661043667,0.0,5.319964387549621,
assignment,I-66 EB,110N04172,26732,MD,6.0,0.112619,4,2200.0,49.0,24,0,False,57.74377777777778,0.0,0.0,11987.763022214502,0.0,47951.05208885801,0.0,5.448983191915683,
assignment,I-66 EB,110N04173,32563,MD,6.0,0.160492,4,2200.0,49.0,24,0,False,51.98666666666667,0.0,0.0,12450.398091149304,0.0,49801.592364597214,0.0,5.65927185961332,
assignment,I-66 EB,110N04174,32572,MD,6.0,0.672258,2,2200.0,49.0,24,0,False,53.65822222222223,0.0,0.0,11335.394735174465,0.0,22670.78947034893,0.0,5.152452152352029,
assignment,I-66 EB,110N04177,31357,MD,6.0,0.076959,4,2200.0,49.0,24,10,True,41.018,2.5,5447.639201243021,13123.526780210837,21790.556804972082,52494.10712084335,2.4761996369286456,5.965239445550381,0.9904798547714583
assignment,I-66 EB,110N04178,31795,MD,6.0,0.994511,4,2200.0,49.0,24,8,True,42.125777777777785,2.0,4347.607078651519,13065.056953272437,17390.428314606077,52260.22781308975,1.9761850357506905,5.938662251487472,0.9880925178753452
assignment,I-66 EB,110N04179,31804,MD,6.0,0.885011,4,2200.0,49.0,24,9,True,21.89622222222222,2.25,4466.963845176183,12537.239801762214,17867.855380704732,50148.95920704886,2.0304381114437193,5.69874536443737,0.9024169384194309
assignment,I-66 EB,110N04180,32856,MD,6.0,0.491758,2,2200.0,49.0,24,9,True,30.129333333333335,2.25,4757.320768575568,12417.88567181634,9514.641537151136,24835.77134363268,2.1624185311707125,5.644493487189246,0.9610749027425389
assignment,I-66 EB,110N04183,31833,MD,6.0,0.45031,3,2200.0,49.0,24,3,True,37.76711111111111,0.75,1612.8681728074844,12304.737008984248,4838.604518422453,36914.21102695275,0.7331218967306747,5.593062276811022,0.9774958623075662
assignment,I-66 EB,110N04184,38167,MD,6.0,0.451882,3,2200.0,49.0,24,1,True,41.85044444444444,0.25,538.4644037160241,10776.978921312102,1615.3932111480722,32330.936763936304,0.2447565471436473,4.898626782414592,0.9790261885745892
assignment,I-66 EB,110-04162,26303,NT,11.0,0.012809,3,2200.0,49.0,44,26,True,40.20488888888889,6.5,14220.63761574877,24098.246213488477,42661.91284724631,72294.73864046542,6.463926188976714,10.953748278858399,0.9944501829194944
assignment,I-66 EB,110-04163,26306,NT,11.0,0.160698,1,2200.0,49.0,44,37,True,41.36911111111111,9.25,20235.97667149799,24056.154951734025,20235.97667149799,24056.154951734025,9.198171214317268,10.93461588715183,0.9943968880342992
assignment,I-66 EB,110-04166,26049,NT,11.0,0.87601,2,2200.0,49.0,44,3,True,37.50577777777777,0.75,1615.8126885912243,22565.672656424915,3231.6253771824486,45131.34531284983,0.734460312996011,10.257123934738598,0.9792804173280147
assignment,I-66 EB,110-04167,25608,NT,11.0,0.203461,2,2200.0,49.0,44,3,True,29.85044444444445,0.75,1562.587052787924,22660.643404814233,3125.174105575848,45321.286809628466,0.7102668421763291,10.300292456733743,0.9470224562351055
assignment,I-66 EB,110-04168,26322,NT,11.0,1.550586,3,2200.0,49.0,44,2,True,36.02400000000001,0.5,1063.8826256205875,22037.95160510928,3191.6478768617626,66113.85481532784,0.4835830116457216,10.017250729595126,0.9671660232914432
assignment,I-66 EB,110-04169,26183,NT,11.0,0.241782,3,2200.0,49.0,44,1,True,47.87333333333333,0.25,549.4262067876658,22149.567048783916,1648.2786203629976,66448.70114635176,0.24973918490348446,10.067985022174508,0.9989567396139378
assignment,I-66 EB,110-04170,26732,NT,11.0,0.034113,4,2200.0,49.0,44,0,False,53.67644444444445,0.0,0.0,21314.83476276041,0.0,85259.33905104164,0.0,9.688561255800186,
assignment,I-66 EB,110-04171,26732,NT,11.0,0.024315,4,2200.0,49.0,44,0,False,53.95955555555556,0.0,0.0,21463.963269372794,0.0,85855.85307749118,0.0,9.756346940623997,
assignment,I-66 EB,110-04172,32564,NT,11.0,0.936293,4,2200.0,49.0,44,0,False,56.095555555555556,0.0,0.0,21960.682460727516,0.0,87842.72984291006,0.0,9.98212839123978,
assignment,I-66 EB,110-04173,32561,NT,11.0,0.146205,2,2200.0,49.0,44,0,False,58.98866666666667,0.0,0.0,21290.470454579758,0.0,42580.940909159515,0.0,9.677486570263525,
assignment,I-66 EB,110-04175,31781,NT,11.0,1.428297,4,2200.0,49.0,44,0,False,53.22333333333333,0.0,0.0,21835.648245455915,0.0,87342.59298182366,0.0,9.925294657025416,
assignment,I-66 EB,110-04176,31353,NT,11.0,0.499725,2,2200.0,49.0,44,0,False,51.177777777777784,0.0,0.0,21215.112273672134,0.0,42430.22454734427,0.0,9.643232851669152,
assignment,I-66 EB,110-04177,31790,NT,11.0,1.064303,4,2200.0,49.0,44,0,False,53.19422222222223,0.0,0.0,19857.25947310175,0.0,79429.037892407,0.0,9.026027033228068,
assignment,I-66 EB,110-04178,31800,NT,11.0,1.044581,4,2200.0,49.0,44,0,False,49.052888888888894,0.0,0.0,21086.835670763387,0.0,84347.34268305355,0.0,9.58492530489245,
assignment,I-66 EB,110-04179,35787,NT,11.0,0.337366,4,2200.0,49.0,44,0,False,52.66555555555555,0.0,0.0,18410.304638484024,0.0,73641.2185539361,0.0,8.36832029022001,
assignment,I-66 EB,110-04180,31384,NT,11.0,0.771709,2,2200.0,49.0,44,0,False,59.00733333333333,0.0,0.0,20260.795374646354,0.0,40521.59074929271,0.0,9.20945244302107,
assignment,I-66 EB,110-04182,31829,NT,11.0,0.453427,4,2200.0,49.0,44,1,True,47.93511111111112,0.25,549.4684148056153,22400.634831835032,2197.8736592224614,89602.53932734013,0.24975837036618878,10.182106741743196,0.9990334814647551
assignment,I-66 EB,110-04183,39146,NT,11.0,4.297312,2,2200.0,49.0,44,0,False,53.048,0.0,0.0,18422.736121873728,0.0,36845.472243747456,0.0,8.373970964488057,
assignment,I-66 EB,110-04184,39157,NT,11.0,2.210167,3,2200.0,49.0,44,0,False,63.10377777777777,0.0,0.0,17702.69994152615,0.0,53108.09982457844,0.0,8.046681791602795,
assignment,I-66 EB,110N04162,25947,NT,11.0,0.25864,2,2200.0,49.0,44,39,True,36.88733333333334,9.75,21345.920044386374,24089.661968433604,42691.84008877275,48179.32393686721,9.702690929266533,10.949846349288002,0.9951477876170803
assignment,I-66 EB,110N04163,26303,NT,11.0,0.087912,3,2200.0,49.0,44,32,True,40.440000000000005,8.0,17503.213316396905,24078.347623041165,52509.639949190714,72235.0428691235,7.956006052907684,10.944703465018712,0.9945007566134605
assignment,I-66 EB,110N04164,26747,NT,11.0,0.189147,2,2200.0,49.0,44,14,True,47.01377777777778,3.5,7692.369802451708,24067.940952698136,15384.739604903416,48135.88190539627,3.49653172838714,10.939973160317335,0.9990090652534686
assignment,I-66 EB,110N04167,25608,NT,11.0,0.254733,2,2200.0,49.0,44,3,True,28.180222222222216,0.75,1542.9186082384456,22634.40997692522,3085.837216476891,45268.81995385044,0.7013266401083843,10.288368171329646,0.9351021868111792
assignment,I-66 EB,110N04168,26753,NT,11.0,0.221555,3,2200.0,49.0,44,3,True,30.418666666666667,0.75,1567.515948127492,22548.683063738237,4702.547844382476,67646.04919121471,0.71250724914886,10.24940139260829,0.9500096655318133
assignment,I-66 EB,110N04169,26736,NT,11.0,0.313435,3,2200.0,49.0,44,1,True,43.33955555555556,0.25,542.3555598171888,21679.649752437635,1627.0666794515664,65038.94925731291,0.24652525446235854,9.854386251108016,0.9861010178494342
assignment,I-66 EB,110N04170,26735,NT,11.0,0.257485,3,2200.0,49.0,44,0,False,51.665111111111116,0.0,0.0,21662.11401001052,0.0,64986.342030031556,0.0,9.84641545909569,
assignment,I-66 EB,110N04171,26732,NT,11.0,0.121778,4,2200.0,49.0,44,0,False,54.102888888888884,0.0,0.0,21355.632705782617,0.0,85422.53082313047,0.0,9.707105775355735,
assignment,I-66 EB,110N04172,26732,NT,11.0,0.112619,4,2200.0,49.0,44,0,False,54.048,0.0,0.0,21586.122520512934,0.0,86344.49008205174,0.0,9.811873872960424,
assignment,I-66 EB,110N04173,32563,NT,11.0,0.160492,4,2200.0,49.0,44,0,False,57.131111111111125,0.0,0.0,21692.844180546774,0.0,86771.3767221871,0.0,9.860383718430352,
assignment,I-66 EB,110N04174,32572,NT,11.0,0.672258,2,2200.0,49.0,44,0,False,61.26533333333333,0.0,0.0,20276.11899115888,0.0,40552.23798231776,0.0,9.216417723254036,
assignment,I-66 EB,110N04177,31357,NT,11.0,0.076959,4,2200.0,49.0,44,0,False,51.75577777777778,0.0,0.0,20880.831539428746,0.0,83523.32615771498,0.0,9.491287063376703,
assignment,I-66 EB,110N04178,31795,NT,11.0,0.994511,4,2200.0,49.0,44,0,False,53.81355555555555,0.0,0.0,19442.47785360656,0.0,77769.91141442624,0.0,8.837489933457528,
assignment,I-66 EB,110N04179,31804,NT,11.0,0.885011,4,2200.0,49.0,44,0,False,52.45022222222223,0.0,0.0,19674.039963993393,0.0,78696.15985597357,0.0,8.942745438178815,
assignment,I-66 EB,110N04180,32856,NT,11.0,0.491758,2,2200.0,49.0,44,0,False,53.583555555555556,0.0,0.0,19705.679839034303,0.0,39411.359678068606,0.0,8.957127199561047,
assignment,I-66 EB,110N04183,31833,NT,11.0,0.45031,3,2200.0,49.0,44,0,False,49.72644444444444,0.0,0.0,21298.198366408982,0.0,63894.59509922695,0.0,9.680999257458629,
assignment,I-66 EB,110N04184,38167,NT,11.0,0.451882,3,2200.0,49.0,44,0,False,59.85755555555556,0.0,0.0,17110.617382006636,0.0,51331.85214601991,0.0,7.777553355457562,
assignment,I-66 EB,110-04162,26303,PM,4.0,0.012809,3,2200.0,49.0,16,16,True,40.546,4.0,8753.246379995602,8753.246379995602,26259.739139986807,26259.739139986807,3.9787483545434554,3.9787483545434554,0.9946870886358639
assignment,I-66 EB,110-04163,26306,PM,4.0,0.160698,1,2200.0,49.0,16,16,True,38.59666666666667,4.0,8612.519953573526,8612.519953573526,8612.519953573526,8612.519953573526,3.914781797078876,3.914781797078876,0.978695449269719
assignment,I-66 EB,110-04166,26049,PM,4.0,0.87601,2,2200.0,49.0,16,16,True,28.923111111111112,4.0,7783.496850759835,7783.496850759835,15566.99370151967,15566.99370151967,3.537953113981743,3.537953113981743,0.8844882784954358
assignment,I-66 EB,110-04167,25608,PM,4.0,0.203461,2,2200.0,49.0,16,16,True,13.454888888888894,4.0,5751.400113594764,5751.400113594764,11502.800227189528,11502.800227189528,2.614272778906711,2.614272778906711,0.6535681947266777
assignment,I-66 EB,110-04168,26322,PM,4.0,1.550586,3,2200.0,49.0,16,16,True,13.464666666666671,4.0,5945.564815042351,5945.564815042351,17836.694445127054,17836.694445127054,2.7025294613828867,2.7025294613828867,0.6756323653457217
assignment,I-66 EB,110-04169,26183,PM,4.0,0.241782,3,2200.0,49.0,16,16,True,15.005333333333327,4.0,6988.6086180172315,6988.6086180172315,20965.825854051694,20965.825854051694,3.1766402809169234,3.1766402809169234,0.7941600702292309
assignment,I-66 EB,110-04170,26732,PM,4.0,0.034113,4,2200.0,49.0,16,15,True,20.614444444444448,3.75,7265.404558037358,7813.533957435566,29061.61823214943,31254.135829742263,3.302456617289708,3.5516063442888934,0.8806550979439222
assignment,I-66 EB,110-04171,26732,PM,4.0,0.024315,4,2200.0,49.0,16,15,True,21.91644444444445,3.75,7386.673662617349,7933.479689595339,29546.694650469395,31733.918758381355,3.3575789375533405,3.6061271316342447,0.8953543833475575
assignment,I-66 EB,110-04172,32564,PM,4.0,0.936293,4,2200.0,49.0,16,13,True,24.389555555555557,3.25,6524.890802060237,8169.991744680137,26099.563208240947,32679.96697872055,2.9658594554819255,3.713632611218244,0.9125721401482848
assignment,I-66 EB,110-04173,32561,PM,4.0,0.146205,2,2200.0,49.0,16,11,True,25.346888888888888,2.75,5518.595264117357,8224.554901828451,11037.190528234714,16449.109803656902,2.508452392780617,3.7384340462856596,0.9121645064656788
assignment,I-66 EB,110-04175,31781,PM,4.0,1.428297,4,2200.0,49.0,16,2,True,48.23666666666667,0.5,1099.5692813773185,8771.054391007421,4398.277125509274,35084.217564029685,0.499804218807872,3.9868429050033733,0.999608437615744
assignment,I-66 EB,110-04176,31353,PM,4.0,0.499725,2,2200.0,49.0,16,6,True,44.071111111111115,1.5,3285.522668699441,8783.265357608183,6571.045337398882,17566.530715216366,1.4934193948633823,3.992393344367356,0.9956129299089216
assignment,I-66 EB,110-04177,31790,PM,4.0,1.064303,4,2200.0,49.0,16,11,True,44.18933333333334,2.75,6017.035910227161,8765.182529733367,24068.143640908645,35060.73011893347,2.735016322830528,3.9841738771515307,0.994551390120192
assignment,I-66 EB,110-04178,31800,PM,4.0,1.044581,4,2200.0,49.0,16,16,True,30.968666666666667,4.0,8163.401245526,8163.401245526,32653.604982104,32653.604982104,3.7106369297845454,3.7106369297845454,0.9276592324461364
assignment,I-66 EB,110-04179,35787,PM,4.0,0.337366,4,2200.0,49.0,16,9,True,37.449999999999996,2.25,4830.797436337242,8626.343323024515,19323.18974534897,34505.37329209806,2.195817016516928,3.921065146829325,0.9759186740075237
assignment,I-66 EB,110-04180,31384,PM,4.0,0.771709,2,2200.0,49.0,16,2,True,45.38755555555556,0.5,1095.4487334218582,8326.004221499868,2190.8974668437163,16652.008442999737,0.497931242464481,3.784547373409031,0.995862484928962
assignment,I-66 EB,110-04182,31829,PM,4.0,0.453427,4,2200.0,49.0,16,0,False,56.574888888888886,0.0,0.0,8414.488419856722,0.0,33657.953679426886,0.0,3.824767463571237,
assignment,I-66 EB,110-04183,39146,PM,4.0,4.297312,2,2200.0,49.0,16,0,False,56.30777777777778,0.0,0.0,7442.920954804378,0.0,14885.841909608756,0.0,3.383145888547445,
assignment,I-66 EB,110-04184,39157,PM,4.0,2.210167,3,2200.0,49.0,16,0,False,65.26533333333333,0.0,0.0,6962.005958623597,0.0,20886.01787587079,0.0,3.1645481630107257,
assignment,I-66 EB,110N04162,25947,PM,4.0,0.25864,2,2200.0,49.0,16,16,True,36.30511111111111,4.0,8718.134162604138,8718.134162604138,17436.268325208275,17436.268325208275,3.9627882557291536,3.9627882557291536,0.9906970639322884
assignment,I-66 EB,110N04163,26303,PM,4.0,0.087912,3,2200.0,49.0,16,16,True,41.162000000000006,4.0,8717.4730459626,8717.4730459626,26152.419137887802,26152.419137887802,3.9624877481648184,3.9624877481648184,0.9906219370412046
assignment,I-66 EB,110N04164,26747,PM,4.0,0.189147,2,2200.0,49.0,16,14,True,40.09155555555555,3.5,7646.201147442645,8746.16062963686,15292.40229488529,17492.32125927372,3.4755459761102934,3.975527558925846,0.9930131360315124
assignment,I-66 EB,110N04167,25608,PM,4.0,0.254733,2,2200.0,49.0,16,16,True,13.416666666666666,4.0,5743.175001945821,5743.175001945821,11486.350003891643,11486.350003891643,2.6105340917935553,2.6105340917935553,0.6526335229483888
assignment,I-66 EB,110N04168,26753,PM,4.0,0.221555,3,2200.0,49.0,16,16,True,13.131555555555556,4.0,5713.516442794862,5713.516442794862,17140.549328384586,17140.549328384586,2.597052928543119,2.597052928543119,0.6492632321357797
assignment,I-66 EB,110N04169,26736,PM,4.0,0.313435,3,2200.0,49.0,16,16,True,13.001777777777777,4.0,6494.234164334999,6494.234164334999,19482.702493004996,19482.702493004996,2.951924620152272,2.951924620152272,0.737981155038068
assignment,I-66 EB,110N04170,26735,PM,4.0,0.257485,3,2200.0,49.0,16,16,True,18.64022222222222,4.0,7541.8549947244355,7541.8549947244355,22625.564984173307,22625.564984173307,3.428115906692925,3.428115906692925,0.8570289766732313
assignment,I-66 EB,110N04171,26732,PM,4.0,0.121778,4,2200.0,49.0,16,15,True,21.447999999999997,3.75,7354.409478409278,7900.982690941117,29417.63791363711,31603.930763764467,3.342913399276944,3.5913557686095987,0.8914435731405185
assignment,I-66 EB,110N04172,26732,PM,4.0,0.112619,4,2200.0,49.0,16,15,True,22.895333333333337,3.75,7445.820324025473,7992.860471977702,29783.281296101894,31971.44188791081,3.3844637836479423,3.633118396353501,0.9025236756394514
assignment,I-66 EB,110N04173,32563,PM,4.0,0.160492,4,2200.0,49.0,16,11,True,24.71622222222223,2.75,5442.894538594333,8185.510468169032,21771.578154377334,32742.041872676127,2.4740429720883332,3.720686576440469,0.899651989850303
assignment,I-66 EB,110N04174,32572,PM,4.0,0.672258,2,2200.0,49.0,16,6,True,36.833555555555556,1.5,3187.281701413455,8317.241558826583,6374.56340282691,16634.483117653166,1.4487644097333885,3.7805643449211743,0.965842939822259
assignment,I-66 EB,110N04177,31357,PM,4.0,0.076959,4,2200.0,49.0,16,11,True,43.76466666666667,2.75,6025.859587273152,8775.542166619376,24103.43834909261,35102.168666477504,2.7390270851241603,3.9888828030088073,0.9960098491360582
assignment,I-66 EB,110N04178,31795,PM,4.0,0.994511,4,2200.0,49.0,16,11,True,43.50977777777778,2.75,6008.120310849344,8746.532403561985,24032.481243397375,34986.12961424794,2.7309637776587925,3.9756965470736296,0.99307773733047
assignment,I-66 EB,110N04179,31804,PM,4.0,0.885011,4,2200.0,49.0,16,16,True,30.296222222222223,4.0,8376.706831730458,8376.706831730458,33506.82732692183,33506.82732692183,3.8075940144229357,3.8075940144229357,0.9518985036057339
assignment,I-66 EB,110N04180,32856,PM,4.0,0.491758,2,2200.0,49.0,16,7,True,38.47466666666667,1.75,3790.261572684476,8551.161189311715,7580.523145368952,17102.32237862343,1.7228461694020345,3.8868914496871434,0.9844835253725912
assignment,I-66 EB,110N04183,31833,PM,4.0,0.45031,3,2200.0,49.0,16,0,False,58.903999999999996,0.0,0.0,8017.839679582465,0.0,24053.519038747392,0.0,3.644472581628393,
assignment,I-66 EB,110N04184,38167,PM,4.0,0.451882,3,2200.0,49.0,16,0,False,64.82555555555555,0.0,0.0,6739.12475954713,0.0,20217.374278641393,0.0,3.0632385270668774,
assignment,I-66 WB,110+04163,25946,AM,3.0,0.098196,3,2200.0,49.0,12,0,False,49.194222222222216,0.0,0.0,6595.143084218783,0.0,19785.429252656348,0.0,2.9977923110085376,
assignment,I-66 WB,110+04164,25946,AM,3.0,0.107759,3,2200.0,49.0,12,12,True,47.36066666666667,3.0,6596.086229523348,6596.086229523348,19788.258688570044,19788.258688570044,2.9982210134197036,2.9982210134197036,0.9994070044732346
assignment,I-66 WB,110+04166,26720,AM,3.0,0.814677,2,2200.0,49.0,12,6,True,40.27533333333333,1.5,3248.8503399390165,6460.80746470915,6497.700679878033,12921.6149294183,1.4767501545177348,2.9367306657768864,0.9845001030118232
assignment,I-66 WB,110+04167,26724,AM,3.0,0.863407,3,2200.0,49.0,12,7,True,28.721777777777778,1.75,3490.6171870199287,6073.257594820742,10471.851561059786,18219.772784462228,1.5866441759181493,2.760571634009428,0.9066538148103711
assignment,I-66 WB,110+04168,26055,AM,3.0,0.20361,2,2200.0,49.0,12,6,True,21.30377777777778,1.5,2761.921796084819,5692.0013230583045,5523.843592169638,11384.002646116609,1.2554189982203723,2.5872733286628655,0.8369459988135816
assignment,I-66 WB,110+04169,26370,AM,3.0,1.476424,3,2200.0,49.0,12,7,True,19.402444444444445,1.75,3090.6657442158585,5623.185772588578,9271.997232647576,16869.557317765735,1.404848065552663,2.5559935329948082,0.8027703231729503
assignment,I-66 WB,110+04170,26177,AM,3.0,0.462016,3,2200.0,49.0,12,7,True,36.83222222222222,1.75,3704.3152239524456,6309.6704436709315,11112.945671857336,18929.011331012793,1.6837796472511117,2.8680320198504234,0.9621597984292066
assignment,I-66 WB,110+04176,31999,AM,3.0,1.729679,4,2200.0,49.0,12,0,False,62.73777777777778,0.0,0.0,5632.372063563451,0.0,22529.488254253803,0.0,2.5601691198015684,
assignment,I-66 WB,110+04177,35781,AM,3.0,0.244247,2,2200.0,49.0,12,0,False,58.564444444444455,0.0,0.0,6091.938339121001,0.0,12183.876678242003,0.0,2.769062881418637,
assignment,I-66 WB,110+04178,32029,AM,3.0,1.332622,4,2200.0,49.0,12,0,False,59.087555555555554,0.0,0.0,5932.610655284562,0.0,23730.44262113825,0.0,2.696641206947528,
assignment,I-66 WB,110+04179,32032,AM,3.0,1.295447,4,2200.0,49.0,12,0,False,58.97822222222222,0.0,0.0,6058.498825048441,0.0,24233.995300193765,0.0,2.753863102294746,
assignment,I-66 WB,110+04182,32038,AM,3.0,0.798703,5,2200.0,49.0,12,0,False,61.545333333333325,0.0,0.0,5779.602369346398,0.0,28898.011846731988,0.0,2.6270919860665445,
assignment,I-66 WB,110+04183,31404,AM,3.0,0.578458,2,2200.0,49.0,12,0,False,62.45666666666667,0.0,0.0,5714.440507289361,0.0,11428.881014578723,0.0,2.5974729578588005,
assignment,I-66 WB,110+04184,31416,AM,3.0,4.167976,2,2200.0,49.0,12,0,False,64.13644444444445,0.0,0.0,5433.19656903143,0.0,10866.39313806286,0.0,2.4696348041051954,
assignment,I-66 WB,110P04162,26313,AM,3.0,0.276665,2,2200.0,49.0,12,5,True,47.89377777777778,1.25,2748.361332125483,6597.931442984058,5496.722664250966,13195.862885968116,1.2492551509661287,2.9990597468109352,0.9994041207729029
assignment,I-66 WB,110P04163,26309,AM,3.0,0.061044,1,2200.0,49.0,12,4,True,47.836666666666666,1.0,2198.7317512487148,6598.398282429585,2198.7317512487148,6598.398282429585,0.9994235232948704,2.9992719465589026,0.9994235232948704
assignment,I-66 WB,110P04165,26720,AM,3.0,0.253796,2,2200.0,49.0,12,1,True,48.88688888888888,0.25,549.9173174207059,6565.120635887885,1099.8346348414118,13130.24127177577,0.24996241700941177,2.9841457435854024,0.9998496680376471
assignment,I-66 WB,110P04166,26723,AM,3.0,0.18464,3,2200.0,49.0,12,7,True,31.26377777777778,1.75,3608.385303996755,6220.655216850606,10825.155911990265,18661.965650551818,1.640175138180343,2.8275705531139117,0.9372429361030532
assignment,I-66 WB,110P04167,26726,AM,3.0,0.327617,2,2200.0,49.0,12,6,True,22.861333333333334,1.5,2885.0405531338197,5886.701440282894,5770.081106267639,11773.402880565787,1.3113820696062817,2.6757733819467697,0.8742547130708545
assignment,I-66 WB,110P04168,26727,AM,3.0,0.260712,3,2200.0,49.0,12,6,True,21.897333333333336,1.5,2727.065630264623,5743.34521178404,8181.196890793869,17230.03563535212,1.2395752864839196,2.610611459901836,0.8263835243226131
assignment,I-66 WB,110P04169,26370,AM,3.0,0.068453,3,2200.0,49.0,12,7,True,25.135777777777776,1.75,3328.937901328012,5932.587778288134,9986.813703984035,17797.7633348644,1.5131535915127325,2.6966308083127886,0.8646591951501329
assignment,I-66 WB,110P04176,31350,AM,3.0,0.547911,2,2200.0,49.0,12,0,False,59.685333333333325,0.0,0.0,5974.1507941724985,0.0,11948.301588344997,0.0,2.715523088260227,
assignment,I-66 WB,110P04177,35781,AM,3.0,0.303391,2,2200.0,49.0,12,0,False,58.12533333333334,0.0,0.0,6117.595211146686,0.0,12235.190422293372,0.0,2.7807250959757663,
assignment,I-66 WB,110P04178,32031,AM,3.0,0.688515,4,2200.0,49.0,12,0,False,57.76066666666667,0.0,0.0,6088.4694970144365,0.0,24353.877988057746,0.0,2.767486135006562,
assignment,I-66 WB,110P04181,32037,AM,3.0,1.067945,4,2200.0,49.0,12,0,False,63.608,0.0,0.0,5506.431956841405,0.0,22025.72782736562,0.0,2.5029236167460933,
assignment,I-66 WB,110P04182,32846,AM,3.0,1.425584,2,2200.0,49.0,12,0,False,64.13133333333333,0.0,0.0,5303.771274612314,0.0,10607.542549224629,0.0,2.410805124823779,
assignment,I-66 WB,110P04183,32044,AM,3.0,0.488674,3,2200.0,49.0,12,0,False,63.56,0.0,0.0,5427.75278845197,0.0,16283.258365355912,0.0,2.4671603583872592,
assignment,I-66 WB,110+04163,25946,MD,6.0,0.098196,3,2200.0,49.0,24,13,True,46.122888888888895,3.25,7138.406032659592,13187.18333226596,21415.218097978774,39561.54999679788,3.244730014845269,5.994174241939073,0.9983784661062366
assignment,I-66 WB,110+04164,25946,MD,6.0,0.107759,3,2200.0,49.0,24,22,True,43.74733333333333,5.5,12046.283719813277,13146.147092572237,36138.85115943983,39438.44127771671,5.475583509006035,5.9755214057146535,0.9955606380010973
assignment,I-66 WB,110+04166,26720,MD,6.0,0.814677,2,2200.0,49.0,24,9,True,36.547777777777775,2.25,4883.7489228326485,12976.960414025525,9767.497845665297,25953.92082805105,2.21988587401484,5.898618370011603,0.9866159440065957
assignment,I-66 WB,110+04167,26724,MD,6.0,0.863407,3,2200.0,49.0,24,9,True,28.641333333333332,2.25,4687.633631051942,12757.48177450697,14062.900893155826,38272.44532352091,2.1307425595690646,5.798855352048623,0.9469966931418065
assignment,I-66 WB,110+04168,26055,MD,6.0,0.20361,2,2200.0,49.0,24,5,True,37.25888888888889,1.25,2675.368717118815,12393.303748418171,5350.73743423763,24786.607496836343,1.2160766895994612,5.633319885644624,0.972861351679569
assignment,I-66 WB,110+04169,26370,MD,6.0,1.476424,3,2200.0,49.0,24,11,True,20.348,2.75,5312.214599892456,12185.917936145212,15936.643799677367,36557.753808435635,2.4146429999511163,5.539053607338732,0.8780519999822242
assignment,I-66 WB,110+04170,26177,MD,6.0,0.462016,3,2200.0,49.0,24,11,True,36.98644444444445,2.75,5885.408214906406,12842.760531949092,17656.22464471922,38528.28159584728,2.6751855522301846,5.837618423613224,0.9727947462655216
assignment,I-66 WB,110+04176,31999,MD,6.0,1.729679,4,2200.0,49.0,24,6,True,24.242,1.5,3027.4241031623383,12118.551553644058,12109.696412649353,48474.20621457623,1.3761018650737902,5.508432524383663,0.9174012433825267
assignment,I-66 WB,110+04177,35781,MD,6.0,0.244247,2,2200.0,49.0,24,8,True,28.56222222222223,2.0,4090.778399510557,12555.01706381754,8181.556799021114,25110.03412763508,1.8594447270502532,5.706825938098882,0.9297223635251266
assignment,I-66 WB,110+04178,32029,MD,6.0,1.332622,4,2200.0,49.0,24,7,True,30.20577777777777,1.75,3587.1205302565722,12541.269038330815,14348.482121026289,50165.07615332326,1.6305093319348056,5.700576835604916,0.9317196182484603
assignment,I-66 WB,110+04179,32032,MD,6.0,1.295447,4,2200.0,49.0,24,0,False,54.15266666666667,0.0,0.0,12700.327378221886,0.0,50801.30951288754,0.0,5.772876081009948,
assignment,I-66 WB,110+04182,32038,MD,6.0,0.798703,5,2200.0,49.0,24,0,False,52.96377777777777,0.0,0.0,12011.395030223528,0.0,60056.975151117644,0.0,5.459725013737967,
assignment,I-66 WB,110+04183,31404,MD,6.0,0.578458,2,2200.0,49.0,24,3,True,24.00133333333333,0.75,1492.5914848651591,11885.09546677319,2985.1829697303183,23770.19093354638,0.6784506749387087,5.402316121260541,0.9046008999182783
assignment,I-66 WB,110+04184,31416,MD,6.0,4.167976,2,2200.0,49.0,24,0,False,51.455111111111115,0.0,0.0,11609.25586389508,0.0,23218.51172779016,0.0,5.276934483588673,
assignment,I-66 WB,110P04162,26313,MD,6.0,0.276665,2,2200.0,49.0,24,24,True,46.44911111111111,6.0,13176.705195368402,13176.705195368402,26353.410390736804,26353.410390736804,5.989411452440183,5.989411452440183,0.9982352420733638
assignment,I-66 WB,110P04163,26309,MD,6.0,0.061044,1,2200.0,49.0,24,18,True,44.859333333333325,4.5,9872.420603231938,13171.987748292167,9872.420603231938,13171.987748292167,4.487463910559971,5.987267158314622,0.9972142023466604
assignment,I-66 WB,110P04165,26720,MD,6.0,0.253796,2,2200.0,49.0,24,6,True,45.690666666666665,1.5,3290.072969890508,13149.87386671764,6580.145939781016,26299.74773343528,1.4954877135865945,5.977215393962564,0.9969918090577297
assignment,I-66 WB,110P04166,26723,MD,6.0,0.18464,3,2200.0,49.0,24,7,True,26.55044444444444,1.75,3569.45535760504,12555.776811293206,10708.366072815119,37667.330433879615,1.6224797080022908,5.707171277860549,0.9271312617155948
assignment,I-66 WB,110P04167,26726,MD,6.0,0.327617,2,2200.0,49.0,24,5,True,42.26,1.25,2729.7990444520206,12636.62095914806,5459.598088904041,25273.24191829612,1.2408177474781912,5.743918617794573,0.9926541979825529
assignment,I-66 WB,110P04168,26727,MD,6.0,0.260712,3,2200.0,49.0,24,8,True,30.985555555555553,2.0,4246.307835481564,12481.67663047178,12738.923506444693,37445.02989141534,1.9301399252188929,5.673489377487173,0.9650699626094464
assignment,I-66 WB,110P04169,26370,MD,6.0,0.068453,3,2200.0,49.0,24,13,True,25.078444444444443,3.25,6570.808074669266,12444.346173593181,19712.4242240078,37333.03852077955,2.9867309430314846,5.656520987996901,0.9189941363173798
assignment,I-66 WB,110P04176,31350,MD,6.0,0.547911,2,2200.0,49.0,24,7,True,29.076000000000004,1.75,3580.6527344051556,12480.848078259449,7161.305468810311,24961.696156518898,1.6275694247296162,5.673112762845204,0.9300396712740664
assignment,I-66 WB,110P04177,35781,MD,6.0,0.303391,2,2200.0,49.0,24,9,True,26.129333333333335,2.25,4556.70388790673,12509.823313113608,9113.40777581346,25019.646626227215,2.0712290399576045,5.686283324142549,0.9205462399811577
assignment,I-66 WB,110P04178,32031,MD,6.0,0.688515,4,2200.0,49.0,24,6,True,41.77977777777778,1.5,3249.6910325118442,12789.945802175513,12998.764130047377,51159.78320870205,1.4771322875053838,5.813611728261597,0.9847548583369224
assignment,I-66 WB,110P04181,32037,MD,6.0,1.067945,4,2200.0,49.0,24,0,False,53.71311111111111,0.0,0.0,11816.45064872091,0.0,47265.80259488364,0.0,5.371113931236777,
assignment,I-66 WB,110P04182,32846,MD,6.0,1.425584,2,2200.0,49.0,24,1,True,42.36733333333333,0.25,539.8970199306506,11601.240990164972,1079.7940398613011,23202.481980329943,0.2454077363321139,5.2732913591658965,0.9816309453284556
assignment,I-66 WB,110P04183,32044,MD,6.0,0.488674,3,2200.0,49.0,24,3,True,32.148666666666664,0.75,1574.6775127206754,11744.325878788653,4724.032538162026,35232.97763636596,0.7157625057821252,5.338329944903934,0.9543500077095003
assignment,I-66 WB,110+04163,25946,NT,11.0,0.098196,3,2200.0,49.0,44,39,True,43.53022222222222,9.75,21384.36262965653,24131.40279272558,64153.08788896959,72394.20837817674,9.720164831662059,10.9688194512389,0.9969399827345702
assignment,I-66 WB,110+04164,25946,NT,11.0,0.107759,3,2200.0,49.0,44,28,True,45.78333333333333,7.0,15374.28421607715,24172.128139434117,46122.85264823145,72516.38441830235,6.988311007307796,10.987330972470053,0.9983301439011136
assignment,I-66 WB,110+04166,26720,NT,11.0,0.814677,2,2200.0,49.0,44,7,True,46.94755555555556,1.75,3845.6503609637207,23878.37002397398,7691.300721927441,47756.74004794796,1.7480228913471458,10.85380455635181,0.9988702236269404
assignment,I-66 WB,110+04167,26724,NT,11.0,0.863407,3,2200.0,49.0,44,2,True,46.83822222222222,0.5,1097.1757092981711,22695.3489549697,3291.5271278945133,68086.0468649091,0.49871623149916866,10.316067706804409,0.9974324629983373
assignment,I-66 WB,110+04168,26055,NT,11.0,0.20361,2,2200.0,49.0,44,0,False,56.48288888888889,0.0,0.0,21657.409556929237,0.0,43314.81911385847,0.0,9.84427707133147,
assignment,I-66 WB,110+04169,26370,NT,11.0,1.476424,3,2200.0,49.0,44,0,False,52.126,0.0,0.0,22076.615227670034,0.0,66229.8456830101,0.0,10.034825103486378,
assignment,I-66 WB,110+04170,26177,NT,11.0,0.462016,3,2200.0,49.0,44,1,True,48.379999999999995,0.25,549.7257565494626,22437.80021308048,1649.177269648388,67313.40063924144,0.24987534388611937,10.199000096854764,0.9995013755444775
assignment,I-66 WB,110+04176,31999,NT,11.0,1.729679,4,2200.0,49.0,44,0,False,58.73577777777778,0.0,0.0,19436.666910775308,0.0,77746.66764310123,0.0,8.834848595806958,
assignment,I-66 WB,110+04177,35781,NT,11.0,0.244247,2,2200.0,49.0,44,1,True,47.58311111111112,0.25,549.207090877228,21071.25911874724,1098.414181754456,42142.51823749448,0.24963958676237635,9.577845053976018,0.9985583470495054
assignment,I-66 WB,110+04178,32029,NT,11.0,1.332622,4,2200.0,49.0,44,2,True,41.29888888888889,0.5,1086.3906146569798,19873.58416546923,4345.562458627919,79494.33666187692,0.4938139157531726,9.033447347940559,0.9876278315063453
assignment,I-66 WB,110+04179,32032,NT,11.0,1.295447,4,2200.0,49.0,44,0,False,53.02355555555556,0.0,0.0,20832.62976571626,0.0,83330.51906286505,0.0,9.469377166234665,
assignment,I-66 WB,110+04182,32038,NT,11.0,0.798703,5,2200.0,49.0,44,0,False,55.903999999999996,0.0,0.0,20535.611230544826,0.0,102678.05615272414,0.0,9.334368741156739,
assignment,I-66 WB,110+04183,31404,NT,11.0,0.578458,2,2200.0,49.0,44,3,True,29.472444444444445,0.75,1542.2972845835739,20404.95738604386,3084.5945691671477,40809.91477208772,0.7010442202652608,9.274980630019938,0.9347256270203478
assignment,I-66 WB,110+04184,31416,NT,11.0,4.167976,2,2200.0,49.0,44,2,True,39.27333333333333,0.5,1079.0521833719536,19036.658688269596,2158.104366743907,38073.31737653919,0.4904782651690698,8.65302667648618,0.9809565303381396
assignment,I-66 WB,110P04162,26313,NT,11.0,0.276665,2,2200.0,49.0,44,42,True,41.726,10.5,22920.440022797386,24019.4819947801,45840.88004559477,48038.9639895602,10.418381828544266,10.917946361263683,0.9922268408137397
assignment,I-66 WB,110P04163,26309,NT,11.0,0.061044,1,2200.0,49.0,44,26,True,45.94866666666667,6.5,14265.287592969282,24163.555867750852,14265.287592969282,24163.555867750852,6.484221633167856,10.983434485341297,0.9975725589489008
assignment,I-66 WB,110P04165,26720,NT,11.0,0.253796,2,2200.0,49.0,44,17,True,43.454,4.25,9305.433278573559,24077.497681221925,18610.866557147117,48154.99536244385,4.229742399351617,10.944317127828148,0.9952335057297924
assignment,I-66 WB,110P04166,26723,NT,11.0,0.18464,3,2200.0,49.0,44,1,True,48.858666666666664,0.25,549.9095473392945,23173.19771961309,1649.7286420178834,69519.59315883927,0.24995888515422476,10.533271690733223,0.999835540616899
assignment,I-66 WB,110P04167,26726,NT,11.0,0.327617,2,2200.0,49.0,44,0,False,57.627111111111105,0.0,0.0,21962.4828113679,0.0,43924.9656227358,0.0,9.982946732439954,
assignment,I-66 WB,110P04168,26727,NT,11.0,0.260712,3,2200.0,49.0,44,0,False,56.08111111111111,0.0,0.0,21960.744874031945,0.0,65882.23462209583,0.0,9.982156760923612,
assignment,I-66 WB,110P04169,26370,NT,11.0,0.068453,3,2200.0,49.0,44,2,True,46.06688888888889,0.5,1097.1024751061327,22361.007477533425,3291.307425318398,67083.02243260028,0.49868294323006035,10.164094307969739,0.9973658864601207
assignment,I-66 WB,110P04176,31350,NT,11.0,0.547911,2,2200.0,49.0,44,0,False,50.21888888888889,0.0,0.0,20765.23806447755,0.0,41530.4761289551,0.0,9.438744574762524,
assignment,I-66 WB,110P04177,35781,NT,11.0,0.303391,2,2200.0,49.0,44,2,True,43.9,0.5,1093.4201764787144,21074.16896380891,2186.840352957429,42148.33792761782,0.49700917112668835,9.579167710822231,0.9940183422533767
assignment,I-66 WB,110P04178,32031,NT,11.0,0.688515,4,2200.0,49.0,44,1,True,45.94755555555556,0.25,547.3511783968861,20433.847174445757,2189.4047135875444,81735.38869778303,0.24879599018040277,9.288112352020798,0.9951839607216111
assignment,I-66 WB,110P04181,32037,NT,11.0,1.067945,4,2200.0,49.0,44,0,False,60.75177777777778,0.0,0.0,19791.95166169005,0.0,79167.8066467602,0.0,8.996341664404568,
assignment,I-66 WB,110P04182,32846,NT,11.0,1.425584,2,2200.0,49.0,44,1,True,43.26,0.25,542.1661448662833,19866.369107973303,1084.3322897325666,39732.73821594661,0.2464391567574015,9.030167776351501,0.985756627029606
assignment,I-66 WB,110P04183,32044,NT,11.0,0.488674,3,2200.0,49.0,44,3,True,29.97244444444445,0.75,1543.8059600509896,19508.9174911166,4631.417880152969,58526.7524733498,0.7017299818413589,8.867689768689365,0.9356399757884786
assignment,I-66 WB,110+04163,25946,PM,4.0,0.098196,3,2200.0,49.0,16,0,False,49.04888888888889,0.0,0.0,8789.871840460979,0.0,26369.615521382937,0.0,3.995396291118627,
assignment,I-66 WB,110+04164,25946,PM,4.0,0.107759,3,2200.0,49.0,16,0,False,49.77222222222222,0.0,0.0,8794.798678052728,0.0,26384.396034158184,0.0,3.99763576275124,
assignment,I-66 WB,110+04166,26720,PM,4.0,0.814677,2,2200.0,49.0,16,1,True,48.62800000000001,0.25,549.833180988017,8395.892261637191,1099.666361976034,16791.784523274382,0.2499241731763714,3.8163146643805415,0.9996966927054856
assignment,I-66 WB,110+04167,26724,PM,4.0,0.863407,3,2200.0,49.0,16,1,True,47.130444444444436,0.25,548.7977142786241,8334.369881060476,1646.3931428358724,25003.10964318143,0.24945350649028367,3.7883499459365804,0.9978140259611347
assignment,I-66 WB,110+04168,26055,PM,4.0,0.20361,2,2200.0,49.0,16,0,False,51.304,0.0,0.0,7701.676059916759,0.0,15403.352119833518,0.0,3.500761845416709,
assignment,I-66 WB,110+04169,26370,PM,4.0,1.476424,3,2200.0,49.0,16,1,True,35.03066666666667,0.25,511.9820291514116,7983.773367404127,1535.9460874542349,23951.320102212383,0.23271910415973254,3.628987894274603,0.9308764166389302
assignment,I-66 WB,110+04170,26177,PM,4.0,0.462016,3,2200.0,49.0,16,1,True,43.368,0.25,542.4227688074456,8162.292211784719,1627.2683064223365,24486.876635354158,0.24655580400338434,3.7101328235385087,0.9862232160135374
assignment,I-66 WB,110+04176,31999,PM,4.0,1.729679,4,2200.0,49.0,16,15,True,24.872888888888884,3.75,7138.718218119687,7686.196653461815,28554.872872478747,30744.78661384726,3.2448719173271305,3.4937257515735523,0.8652991779539014
assignment,I-66 WB,110+04177,35781,PM,4.0,0.244247,2,2200.0,49.0,16,16,True,25.393111111111114,4.0,7546.067335524514,7546.067335524514,15092.134671049029,15092.134671049029,3.4300306070565973,3.4300306070565973,0.8575076517641493
assignment,I-66 WB,110+04178,32029,PM,4.0,1.332622,4,2200.0,49.0,16,16,True,27.37733333333333,4.0,7619.838467082433,7619.838467082433,30479.353868329734,30479.353868329734,3.4635629395829244,3.4635629395829244,0.8658907348957311
assignment,I-66 WB,110+04179,32032,PM,4.0,1.295447,4,2200.0,49.0,16,2,True,47.77244444444445,0.5,1098.996366144311,8790.798001353356,4395.985464577244,35163.192005413424,0.49954380279286864,3.9958172733424346,0.9990876055857373
assignment,I-66 WB,110+04182,32038,PM,4.0,0.798703,5,2200.0,49.0,16,16,True,27.075999999999993,4.0,7997.933955345115,7997.933955345115,39989.669776725576,39989.669776725576,3.6354245251568704,3.6354245251568704,0.9088561312892176
assignment,I-66 WB,110+04183,31404,PM,4.0,0.578458,2,2200.0,49.0,16,16,True,12.44,4.0,5750.250985935061,5750.250985935061,11500.501971870122,11500.501971870122,2.6137504481523006,2.6137504481523006,0.6534376120380752
assignment,I-66 WB,110+04184,31416,PM,4.0,4.167976,2,2200.0,49.0,16,13,True,26.975333333333328,3.25,6591.967149378077,8241.546556355694,13183.934298756154,16483.093112711387,2.996348704262762,3.7461575256162245,0.9219534474654654
assignment,I-66 WB,110P04162,26313,PM,4.0,0.276665,2,2200.0,49.0,16,15,True,45.64955555555556,3.75,8231.623015368443,8781.603736016299,16463.246030736886,17563.207472032598,3.741646825167474,3.9916380618255904,0.9977724867113263
assignment,I-66 WB,110P04163,26309,PM,4.0,0.061044,1,2200.0,49.0,16,0,False,49.11822222222222,0.0,0.0,8794.24941357329,0.0,8794.24941357329,0.0,3.9973860970787682,
assignment,I-66 WB,110P04165,26720,PM,4.0,0.253796,2,2200.0,49.0,16,0,False,51.07844444444444,0.0,0.0,8695.603716069098,0.0,17391.207432138195,0.0,3.9525471436677715,
assignment,I-66 WB,110P04166,26723,PM,4.0,0.18464,3,2200.0,49.0,16,1,True,45.965111111111106,0.25,547.3765289019522,8131.041435219197,1642.1295867058566,24393.12430565759,0.24880751313725097,3.6959279250996353,0.9952300525490039
assignment,I-66 WB,110P04167,26726,PM,4.0,0.327617,2,2200.0,49.0,16,0,False,54.144000000000005,0.0,0.0,7880.105799754602,0.0,15760.211599509204,0.0,3.5818662726157284,
assignment,I-66 WB,110P04168,26727,PM,4.0,0.260712,3,2200.0,49.0,16,0,False,49.299777777777784,0.0,0.0,7964.080634841502,0.0,23892.241904524504,0.0,3.6200366522006826,
assignment,I-66 WB,110P04169,26370,PM,4.0,0.068453,3,2200.0,49.0,16,2,True,35.504000000000005,0.5,1063.803668452504,8104.896791758461,3191.4110053575123,24314.690375275386,0.4835471220238655,3.684043996253846,0.967094244047731
assignment,I-66 WB,110P04176,31350,PM,4.0,0.547911,2,2200.0,49.0,16,16,True,25.475333333333335,4.0,7642.146568910044,7642.146568910044,15284.293137820088,15284.293137820088,3.473702985868202,3.473702985868202,0.8684257464670505
assignment,I-66 WB,110P04177,35781,PM,4.0,0.303391,2,2200.0,49.0,16,16,True,22.864,4.0,7277.826312287714,7277.826312287714,14555.652624575428,14555.652624575428,3.3081028692216883,3.3081028692216883,0.8270257173054221
assignment,I-66 WB,110P04178,32031,PM,4.0,0.688515,4,2200.0,49.0,16,16,True,36.312444444444445,4.0,8437.066471347518,8437.066471347518,33748.26588539007,33748.26588539007,3.8350302142488717,3.8350302142488717,0.9587575535622179
assignment,I-66 WB,110P04181,32037,PM,4.0,1.067945,4,2200.0,49.0,16,13,True,29.77333333333333,3.25,6724.175984058404,8345.434827169687,26896.703936233615,33381.73930867875,3.056443629117456,3.7933794668953125,0.940444193574602
assignment,I-66 WB,110P04182,32846,PM,4.0,1.425584,2,2200.0,49.0,16,16,True,18.10377777777778,4.0,6859.248741594869,6859.248741594869,13718.497483189738,13718.497483189738,3.1178403370885768,3.1178403370885768,0.7794600842721442
assignment,I-66 WB,110P04183,32044,PM,4.0,0.488674,3,2200.0,49.0,16,16,True,14.418000000000001,4.0,6406.939961636403,6406.939961636403,19220.819884909208,19220.819884909208,2.9122454371074555,2.9122454371074555,0.7280613592768639
pipeline,I-395 NB,110+04121,29007,AM,5.0,0.27347,4,2200.0,49.0,20,14,True,20.142444444444447,3.5,6369.47196420597,9456.08811338542,25477.88785682388,37824.35245354168,2.895214529184532,4.298221869720646,0.8272041511955806
pipeline,I-395 NB,110+04122,32141,AM,5.0,1.151222,4,2200.0,49.0,20,8,True,40.88377777777779,2.0,4349.192620997555,10555.253103517201,17396.77048399022,42221.012414068806,1.9769057368170706,4.797842319780546,0.9884528684085353
pipeline,I-395 NB,110+04123,28025,AM,5.0,0.924456,4,2200.0,49.0,20,12,True,23.695333333333334,3.0,5957.970339825299,9900.33300323713,23831.881359301195,39601.33201294852,2.708168336284227,4.5001513651077865,0.9027227787614089
pipeline,I-395 NB,110+04124,28294,AM,5.0,0.3436,4,2200.0,49.0,20,11,True,25.540222222222223,2.75,5507.522164316715,10035.336901709863,22030.08865726686,40141.34760683945,2.503419165598507,4.561516773504483,0.9103342420358207
pipeline,I-395 NB,110+04126,26423,AM,5.0,0.082891,4,2200.0,49.0,20,10,True,37.592666666666666,2.5,5388.54163693268,10578.256928466946,21554.16654773072,42313.027713867785,2.449337107696673,4.808298603848612,0.9797348430786692
pipeline,I-395 NB,110+04127,26785,AM,5.0,0.778625,4,2200.0,49.0,20,6,True,44.049777777777784,1.5,3282.074374202718,10467.314709227323,13128.297496810872,41869.25883690929,1.4918519882739627,4.757870322376056,0.9945679921826418
pipeline,I-395 NB,110+04128,26822,AM,5.0,0.02384,2,2200.0,49.0,20,12,True,17.608444444444444,3.0,5803.520060625773,10131.008046529929,11607.040121251546,20262.016093059858,2.637963663920806,4.605003657513604,0.8793212213069354
pipeline,I-395 NB,110+04129,26825,AM,5.0,0.135112,3,2200.0,49.0,20,15,True,18.529777777777777,3.75,7133.966830952473,9859.76984405666,21401.90049285742,29579.30953216998,3.2427121958874876,4.4817135654803,0.8647232522366635
pipeline,I-395 NB,110+04130,26830,AM,5.0,0.080932,2,2200.0,49.0,20,18,True,13.48777777777778,4.5,8034.690205530489,9132.460458761938,16069.380411060978,18264.920917523876,3.652131911604768,4.151118390346335,0.811584869245504
pipeline,I-395 NB,110+04670,26812,AM,5.0,0.095046,3,2200.0,49.0,20,7,True,35.340666666666664,1.75,3737.6972649655286,10655.197822305096,11213.091794896585,31965.593466915285,1.6989533022570584,4.843271737411407,0.9708304584326048
pipeline,I-395 NB,110P04120,29361,AM,5.0,1.621245,4,2200.0,49.0,20,15,True,14.053111111111113,3.75,6782.228298129592,9368.89918236876,27128.91319251837,37475.59672947504,3.08283104460436,4.258590537440345,0.8220882785611626
pipeline,I-395 NB,110P04121,32601,AM,5.0,0.647875,4,2200.0,49.0,20,13,True,39.28622222222222,3.25,7001.52729872631,10566.013332157669,28006.10919490524,42264.053328630675,3.182512408511959,4.80273333279894,0.9792345872344489
pipeline,I-395 NB,110P04122,28270,AM,5.0,0.586105,4,2200.0,49.0,20,9,True,31.418222222222226,2.25,4654.654358156091,10126.780585863904,18618.617432624364,40507.122343455616,2.115751980980041,4.603082084483593,0.9403342137689072
pipeline,I-395 NB,110P04123,28285,AM,5.0,0.596275,4,2200.0,49.0,20,12,True,23.954222222222217,3.0,5987.4120197041775,10100.155127426475,23949.64807881671,40400.6205097059,2.7215509180473534,4.59097960337567,0.9071836393491178
pipeline,I-395 NB,110P04124,28303,AM,5.0,0.704235,4,2200.0,49.0,20,11,True,31.825777777777784,2.75,5698.366791425038,10191.287463451616,22793.467165700153,40765.14985380646,2.590166723375017,4.6324033924780075,0.9418788085000063
pipeline,I-395 NB,110P04126,26778,AM,5.0,0.391606,4,2200.0,49.0,20,10,True,39.68866666666667,2.5,5417.272284521506,10642.598773674183,21669.089138086023,42570.39509469673,2.462396492964321,4.837544897124628,0.9849585971857283
pipeline,I-395 NB,110P04128,26297,AM,5.0,0.19736,3,2200.0,49.0,20,14,True,16.903555555555556,3.5,6728.6663811314265,9973.859133095615,20185.999143394278,29921.577399286845,3.058484718696103,4.53357233322528,0.8738527767703151
pipeline,I-395 NB,110P04129,26825,AM,5.0,0.138799,3,2200.0,49.0,20,17,True,15.356,4.25,7880.273130137139,9524.616875556529,23640.819390411416,28573.850626669584,3.5819423318805175,4.329371307071149,0.8428099604424747
pipeline,I-395 NB,110P04130,26469,AM,5.0,0.162246,6,2200.0,49.0,20,19,True,13.394222222222224,4.75,8267.6955145147,8817.224520913987,49606.1730870882,52903.347125483924,3.7580434156885003,4.007829327688176,0.7911670348817895
pipeline,I-395 NB,110P04670,26230,AM,5.0,0.319695,3,2200.0,49.0,20,11,True,22.724,2.75,5564.655042042083,10391.342722715408,16693.965126126248,31174.028168146222,2.529388655473674,4.7233376012342765,0.9197776928995178
pipeline,I-395 NB,110+04121,29007,MD,4.0,0.27347,4,2200.0,49.0,16,16,True,28.028666666666666,4.0,8484.873415567006,8484.873415567006,33939.493662268025,33939.493662268025,3.8567606434395483,3.8567606434395483,0.9641901608598871
pipeline,I-395 NB,110+04122,32141,MD,4.0,1.151222,4,2200.0,49.0,16,0,False,52.99977777777778,0.0,0.0,8475.107540704945,0.0,33900.43016281978,0.0,3.8523216094113386,
pipeline,I-395 NB,110+04123,28025,MD,4.0,0.924456,4,2200.0,49.0,16,0,False,53.092222222222226,0.0,0.0,8360.662106562006,0.0,33442.64842624802,0.0,3.8003009575281843,
pipeline,I-395 NB,110+04124,28294,MD,4.0,0.3436,4,2200.0,49.0,16,0,False,55.86933333333334,0.0,0.0,8331.53226417762,0.0,33326.12905671048,0.0,3.7870601200807363,
pipeline,I-395 NB,110+04126,26423,MD,4.0,0.082891,4,2200.0,49.0,16,0,False,53.07533333333333,0.0,0.0,8599.237823646783,0.0,34396.95129458713,0.0,3.908744465293992,
pipeline,I-395 NB,110+04127,26785,MD,4.0,0.778625,4,2200.0,49.0,16,0,False,58.55711111111111,0.0,0.0,8144.951409316509,0.0,32579.805637266036,0.0,3.7022506405984132,
pipeline,I-395 NB,110+04128,26822,MD,4.0,0.02384,2,2200.0,49.0,16,5,True,43.74444444444444,1.25,2733.4795998684135,8767.767277751476,5466.959199736827,17535.534555502953,1.2424907272129153,3.9853487626143074,0.9939925817703322
pipeline,I-395 NB,110+04129,26825,MD,4.0,0.135112,3,2200.0,49.0,16,16,True,33.25644444444443,4.0,8598.12620913401,8598.12620913401,25794.37862740203,25794.37862740203,3.9082391859700047,3.9082391859700047,0.9770597964925012
pipeline,I-395 NB,110+04130,26830,MD,4.0,0.080932,2,2200.0,49.0,16,16,True,24.598,4.0,7934.45891681976,7934.45891681976,15868.91783363952,15868.91783363952,3.606572234918073,3.606572234918073,0.9016430587295182
pipeline,I-395 NB,110+04670,26812,MD,4.0,0.095046,3,2200.0,49.0,16,0,False,53.43133333333333,0.0,0.0,8489.835932891894,0.0,25469.50779867568,0.0,3.859016333132679,
pipeline,I-395 NB,110P04120,29361,MD,4.0,1.621245,4,2200.0,49.0,16,4,True,37.53022222222223,1.0,2163.147523982195,8759.513134523662,8652.59009592878,35038.05253809465,0.9832488745373613,3.9815968793289374,0.9832488745373613
pipeline,I-395 NB,110P04121,32601,MD,4.0,0.647875,4,2200.0,49.0,16,9,True,41.96266666666667,2.25,4929.312899508797,8779.085113787798,19717.25159803519,35116.34045515119,2.2405967725039986,3.990493233539908,0.995820787779555
pipeline,I-395 NB,110P04122,28270,MD,4.0,0.586105,4,2200.0,49.0,16,0,False,52.51222222222222,0.0,0.0,8291.009354103237,0.0,33164.037416412946,0.0,3.768640615501471,
pipeline,I-395 NB,110P04123,28285,MD,4.0,0.596275,4,2200.0,49.0,16,0,False,53.299777777777784,0.0,0.0,8536.358095807343,0.0,34145.432383229374,0.0,3.88016277082152,
pipeline,I-395 NB,110P04124,28303,MD,4.0,0.704235,4,2200.0,49.0,16,0,False,58.05555555555555,0.0,0.0,8231.366542758497,0.0,32925.466171033986,0.0,3.7415302467084075,
pipeline,I-395 NB,110P04126,26778,MD,4.0,0.391606,4,2200.0,49.0,16,0,False,54.684444444444445,0.0,0.0,8586.883732947928,0.0,34347.53493179171,0.0,3.9031289695217857,
pipeline,I-395 NB,110P04128,26297,MD,4.0,0.19736,3,2200.0,49.0,16,8,True,39.20133333333333,2.0,4342.954028051237,8740.288040364943,13028.862084153712,26220.86412109483,1.9740700127505624,3.9728582001658834,0.9870350063752812
pipeline,I-395 NB,110P04129,26825,MD,4.0,0.138799,3,2200.0,49.0,16,16,True,28.09888888888889,4.0,8293.392998208657,8293.392998208657,24880.178994625974,24880.178994625974,3.769724090094844,3.769724090094844,0.942431022523711
pipeline,I-395 NB,110P04130,26469,MD,4.0,0.162246,6,2200.0,49.0,16,16,True,22.700444444444447,4.0,7576.49897612459,7576.49897612459,45458.99385674754,45458.99385674754,3.443863170965723,3.443863170965723,0.8609657927414307
pipeline,I-395 NB,110P04670,26230,MD,4.0,0.319695,3,2200.0,49.0,16,0,False,49.04044444444444,0.0,0.0,8716.152483703994,0.0,26148.457451111983,0.0,3.9618874925927248,
pipeline,I-395 NB,110+04121,29007,NT,2.0,0.27347,4,2200.0,49.0,8,0,False,55.593999999999994,0.0,0.0,4261.911032360642,0.0,17047.644129442568,0.0,1.9372322874366554,
pipeline,I-395 NB,110+04122,32141,NT,2.0,1.151222,4,2200.0,49.0,8,0,False,60.02555555555556,0.0,0.0,4083.3549564781374,0.0,16333.41982591255,0.0,1.8560704347627897,
pipeline,I-395 NB,110+04123,28025,NT,2.0,0.924456,4,2200.0,49.0,8,0,False,61.774,0.0,0.0,3962.9111399678663,0.0,15851.644559871465,0.0,1.8013232454399393,
pipeline,I-395 NB,110+04124,28294,NT,2.0,0.3436,4,2200.0,49.0,8,0,False,62.028,0.0,0.0,3933.5658332644534,0.0,15734.263333057814,0.0,1.7879844696656606,
pipeline,I-395 NB,110+04126,26423,NT,2.0,0.082891,4,2200.0,49.0,8,0,False,57.843111111111114,0.0,0.0,4178.395423329201,0.0,16713.581693316803,0.0,1.8992706469678184,
pipeline,I-395 NB,110+04127,26785,NT,2.0,0.778625,4,2200.0,49.0,8,0,False,60.92533333333333,0.0,0.0,4028.0339147615523,0.0,16112.13565904621,0.0,1.8309245067097966,
pipeline,I-395 NB,110+04128,26822,NT,2.0,0.02384,2,2200.0,49.0,8,0,False,49.25999999999999,0.0,0.0,4378.4341765314,0.0,8756.8683530628,0.0,1.9901973529688184,
pipeline,I-395 NB,110+04129,26825,NT,2.0,0.135112,3,2200.0,49.0,8,6,True,39.792222222222215,1.5,3272.232037852823,4372.228873305633,9816.696113558468,13116.686619916898,1.4873781990240105,1.9873767605934696,0.9915854660160069
pipeline,I-395 NB,110+04130,26830,NT,2.0,0.080932,2,2200.0,49.0,8,8,True,29.313555555555553,2.0,4224.531627806428,4224.531627806428,8449.063255612857,8449.063255612857,1.920241649002922,1.920241649002922,0.960120824501461
pipeline,I-395 NB,110+04670,26812,NT,2.0,0.095046,3,2200.0,49.0,8,0,False,56.705333333333336,0.0,0.0,4256.693127996778,0.0,12770.079383990333,0.0,1.934860512725808,
pipeline,I-395 NB,110P04120,29361,NT,2.0,1.621245,4,2200.0,49.0,8,0,False,59.217111111111116,0.0,0.0,4113.059382051369,0.0,16452.237528205475,0.0,1.8695724463869858,
pipeline,I-395 NB,110P04121,32601,NT,2.0,0.647875,4,2200.0,49.0,8,0,False,58.03466666666666,0.0,0.0,4175.342442767718,0.0,16701.369771070873,0.0,1.897882928530781,
pipeline,I-395 NB,110P04122,28270,NT,2.0,0.586105,4,2200.0,49.0,8,0,False,62.17622222222223,0.0,0.0,3895.316330554804,0.0,15581.265322219217,0.0,1.7705983320703655,
pipeline,I-395 NB,110P04123,28285,NT,2.0,0.596275,4,2200.0,49.0,8,0,False,59.178666666666665,0.0,0.0,4141.711181966913,0.0,16566.84472786765,0.0,1.882595991803142,
pipeline,I-395 NB,110P04124,28303,NT,2.0,0.704235,4,2200.0,49.0,8,0,False,61.71000000000001,0.0,0.0,3934.246594043806,0.0,15736.986376175224,0.0,1.7882939063835481,
pipeline,I-395 NB,110P04126,26778,NT,2.0,0.391606,4,2200.0,49.0,8,0,False,57.68333333333334,0.0,0.0,4222.46563595075,0.0,16889.862543803,0.0,1.9193025617957953,
pipeline,I-395 NB,110P04128,26297,NT,2.0,0.19736,3,2200.0,49.0,8,1,True,46.27333333333333,0.25,547.8028066037397,4389.425024848679,1643.4084198112191,13168.275074546036,0.24900127572897257,1.9951931931130358,0.9960051029158903
pipeline,I-395 NB,110P04129,26825,NT,2.0,0.138799,3,2200.0,49.0,8,8,True,32.50311111111111,2.0,4291.988150032911,4291.988150032911,12875.964450098734,12875.964450098734,1.950903704560414,1.950903704560414,0.975451852280207
pipeline,I-395 NB,110P04130,26469,NT,2.0,0.162246,6,2200.0,49.0,8,8,True,27.56844444444444,2.0,4149.923111150374,4149.923111150374,24899.538666902245,24899.538666902245,1.8863286868865337,1.8863286868865337,0.9431643434432668
pipeline,I-395 NB,110P04670,26230,NT,2.0,0.319695,3,2200.0,49.0,8,0,False,53.443999999999996,0.0,0.0,4337.113564957051,0.0,13011.340694871153,0.0,1.9714152567986594,
pipeline,I-395 NB,110+04121,29007,PM,6.0,0.27347,4,2200.0,49.0,24,22,True,19.91533333333333,5.5,10217.120044826721,11311.320013314304,40868.480179306884,45245.280053257215,4.6441454749212365,5.141509096961047,0.8443900863493158
pipeline,I-395 NB,110+04122,32141,PM,6.0,1.151222,4,2200.0,49.0,24,7,True,43.549555555555564,1.75,3831.5325201820556,12999.155217768359,15326.130080728222,51996.620871073435,1.7416056909918434,5.908706917167436,0.9952032519953391
pipeline,I-395 NB,110+04123,28025,PM,6.0,0.924456,4,2200.0,49.0,24,10,True,37.24977777777777,2.5,5381.696576504919,12690.239811002335,21526.786306019676,50760.95924400934,2.446225716593145,5.76829082318288,0.978490286637258
pipeline,I-395 NB,110+04124,28294,PM,6.0,0.3436,4,2200.0,49.0,24,7,True,35.43533333333334,1.75,3707.549957555565,12764.021139203951,14830.19983022226,51056.084556815804,1.685249980707075,5.80182779054725,0.9629999889754715
pipeline,I-395 NB,110+04126,26423,PM,6.0,0.082891,4,2200.0,49.0,24,0,False,51.065555555555555,0.0,0.0,13035.410647697308,0.0,52141.64259078923,0.0,5.925186658044231,
pipeline,I-395 NB,110+04127,26785,PM,6.0,0.778625,4,2200.0,49.0,24,0,False,58.18844444444445,0.0,0.0,12399.947377277054,0.0,49599.78950910822,0.0,5.636339716944115,
pipeline,I-395 NB,110+04128,26822,PM,6.0,0.02384,2,2200.0,49.0,24,24,True,20.43422222222222,6.0,11538.671742294562,11538.671742294562,23077.343484589124,23077.343484589124,5.244850791952073,5.244850791952073,0.8741417986586789
pipeline,I-395 NB,110+04129,26825,PM,6.0,0.135112,3,2200.0,49.0,24,24,True,10.837999999999994,6.0,9412.152918141735,9412.152918141735,28236.458754425206,28236.458754425206,4.2782513264280615,4.2782513264280615,0.7130418877380102
pipeline,I-395 NB,110+04130,26830,PM,6.0,0.080932,2,2200.0,49.0,24,24,True,8.138888888888888,6.0,7922.1974643394315,7922.1974643394315,15844.394928678863,15844.394928678863,3.6009988474270145,3.6009988474270145,0.600166474571169
pipeline,I-395 NB,110+04670,26812,PM,6.0,0.095046,3,2200.0,49.0,24,0,False,53.99533333333333,0.0,0.0,12895.598277201338,0.0,38686.79483160401,0.0,5.8616355805460625,
pipeline,I-395 NB,110P04120,29361,PM,6.0,1.621245,4,2200.0,49.0,24,21,True,15.266666666666666,5.25,9943.644720556335,11556.162228288484,39774.57888222534,46224.648913153935,4.5198385093437885,5.252801012858401,0.8609216208273883
pipeline,I-395 NB,110P04121,32601,PM,6.0,0.647875,4,2200.0,49.0,24,21,True,34.748,5.25,11270.11903101724,12897.602785516176,45080.47612406896,51590.4111420647,5.12278137773511,5.862546720689171,0.9757678814733541
pipeline,I-395 NB,110P04122,28270,PM,6.0,0.586105,4,2200.0,49.0,24,7,True,41.926,1.75,3813.445745880086,12640.138373275928,15253.782983520345,50560.55349310371,1.7333844299454937,5.745517442398149,0.9905053885402821
pipeline,I-395 NB,110P04123,28285,PM,6.0,0.596275,4,2200.0,49.0,24,10,True,37.65577777777778,2.5,5390.072812845918,12958.525065957314,21560.29125138367,51834.100263829256,2.4500330967481445,5.890238666344233,0.9800132386992577
pipeline,I-395 NB,110P04124,28303,PM,6.0,0.704235,4,2200.0,49.0,24,7,True,38.31755555555556,1.75,3758.352167265397,12815.971675852783,15033.408669061588,51263.88670341113,1.708341894211544,5.825441670842174,0.9761953681208824
pipeline,I-395 NB,110P04126,26778,PM,6.0,0.391606,4,2200.0,49.0,24,0,False,52.98266666666667,0.0,0.0,12995.779447703657,0.0,51983.11779081463,0.0,5.907172476228935,
pipeline,I-395 NB,110P04128,26297,PM,6.0,0.19736,3,2200.0,49.0,24,24,True,14.055777777777777,6.0,10491.80810164709,10491.80810164709,31475.42430494127,31475.42430494127,4.769003682566859,4.769003682566859,0.7948339470944765
pipeline,I-395 NB,110P04129,26825,PM,6.0,0.138799,3,2200.0,49.0,24,24,True,8.612444444444444,6.0,8433.392687967784,8433.392687967784,25300.178063903353,25300.178063903353,3.833360312712629,3.833360312712629,0.6388933854521048
pipeline,I-395 NB,110P04130,26469,PM,6.0,0.162246,6,2200.0,49.0,24,24,True,8.897777777777778,6.0,7801.9341286393255,7801.9341286393255,46811.604771835955,46811.604771835955,3.546333694836057,3.546333694836057,0.5910556158060095
pipeline,I-395 NB,110P04670,26230,PM,6.0,0.319695,3,2200.0,49.0,24,22,True,33.81111111111111,5.5,11728.27170932661,12827.84785011434,35184.815127979826,38483.54355034302,5.331032595148459,5.8308399318701545,0.9692786536633561
pipeline,I-395 SB,110-04120,32610,AM,5.0,0.183298,3,2200.0,49.0,20,0,False,59.03244444444445,0.0,0.0,10134.330042379883,0.0,30402.99012713965,0.0,4.60651365562722,
pipeline,I-395 SB,110-04121,32623,AM,5.0,1.053164,3,2200.0,49.0,20,0,False,63.10422222222221,0.0,0.0,9458.176864761686,0.0,28374.53059428506,0.0,4.299171302164403,
pipeline,I-395 SB,110-04122,28289,AM,5.0,0.922212,4,2200.0,49.0,20,0,False,61.10066666666666,0.0,0.0,9724.050590096553,0.0,38896.20236038621,0.0,4.420022995498433,
pipeline,I-395 SB,110-04123,28307,AM,5.0,0.122184,4,2200.0,49.0,20,0,False,58.029999999999994,0.0,0.0,10340.971827689726,0.0,41363.8873107589,0.0,4.700441739858967,
pipeline,I-395 SB,110-04124,26764,AM,5.0,0.223822,4,2200.0,49.0,20,0,False,56.92022222222223,0.0,0.0,10508.656327886702,0.0,42034.625311546806,0.0,4.776661967221228,
pipeline,I-395 SB,110-04125,26781,AM,5.0,0.075065,4,2200.0,49.0,20,0,False,61.49822222222222,0.0,0.0,9894.321276834995,0.0,39577.28510733998,0.0,4.497418762197725,
pipeline,I-395 SB,110-04126,26796,AM,5.0,0.481819,4,2200.0,49.0,20,0,False,61.68311111111111,0.0,0.0,9748.453545528431,0.0,38993.814182113725,0.0,4.431115247967469,
pipeline,I-395 SB,110-04128,26829,AM,5.0,0.062273,3,2200.0,49.0,20,15,True,45.04311111111111,3.75,8239.162210570857,10988.827829637103,24717.48663171257,32966.48348891131,3.7450737320776626,4.994921740744138,0.9986863285540434
pipeline,I-395 SB,110-04129,26471,AM,5.0,0.013153,3,2200.0,49.0,20,15,True,46.53911111111111,3.75,8237.832430939385,10985.266451972846,24713.497292818152,32955.79935591854,3.7444692867906295,4.99330293271493,0.9985251431441678
pipeline,I-395 SB,110-04670,26827,AM,5.0,0.031164,2,2200.0,49.0,20,0,False,52.47777777777778,0.0,0.0,10908.478776866305,0.0,21816.95755373261,0.0,4.958399444030138,
pipeline,I-395 SB,110N04120,32603,AM,5.0,1.301767,3,2200.0,49.0,20,0,False,61.55044444444445,0.0,0.0,9721.654161259248,0.0,29164.962483777745,0.0,4.418933709663294,
pipeline,I-395 SB,110N04121,32611,AM,5.0,0.508993,4,2200.0,49.0,20,0,False,60.85666666666666,0.0,0.0,9808.543868289291,0.0,39234.175473157164,0.0,4.458429031040587,
pipeline,I-395 SB,110N04122,28283,AM,5.0,0.771707,4,2200.0,49.0,20,0,False,62.54244444444444,0.0,0.0,9708.384101667814,0.0,38833.53640667126,0.0,4.412901864394461,
pipeline,I-395 SB,110N04123,28302,AM,5.0,0.76605,4,2200.0,49.0,20,0,False,61.52622222222222,0.0,0.0,9837.07078924882,0.0,39348.28315699528,0.0,4.471395813294919,
pipeline,I-395 SB,110N04124,26759,AM,5.0,0.59288,4,2200.0,49.0,20,0,False,58.15133333333333,0.0,0.0,10376.90695009272,0.0,41507.62780037088,0.0,4.716775886405782,
pipeline,I-395 SB,110N04125,26776,AM,5.0,0.539375,4,2200.0,49.0,20,0,False,59.61711111111111,0.0,0.0,10179.894136394285,0.0,40719.57654557714,0.0,4.627224607451947,
pipeline,I-395 SB,110N04126,26792,AM,5.0,0.626954,4,2200.0,49.0,20,0,False,62.01844444444445,0.0,0.0,9822.866201277951,0.0,39291.464805111806,0.0,4.4649391823990685,
pipeline,I-395 SB,110N04127,26809,AM,5.0,1.063231,3,2200.0,49.0,20,0,False,57.76444444444445,0.0,0.0,10537.32244047079,0.0,31611.967321412372,0.0,4.789692018395814,
pipeline,I-395 SB,110N04128,26829,AM,5.0,0.184472,3,2200.0,49.0,20,1,True,48.46866666666667,0.25,549.7671549475609,10986.797278521739,1649.301464842683,32960.39183556521,0.2498941613398004,4.993998762964427,0.9995766453592017
pipeline,I-395 SB,110N04129,26471,AM,5.0,0.228537,3,2200.0,49.0,20,14,True,46.111555555555555,3.5,7690.85957792944,10988.180931857123,23072.57873378832,32964.54279557137,3.4958452626952,4.994627696298692,0.9988129321986285
pipeline,I-395 SB,110N04130,26712,AM,5.0,0.189735,6,2200.0,49.0,20,15,True,46.552888888888894,3.75,8237.234673483987,10985.339613460244,49423.408040903916,65912.03768076147,3.7441975788563577,4.993336187936475,0.9984526876950287
pipeline,I-395 SB,110-04120,32610,MD,4.0,0.183298,3,2200.0,49.0,16,0,False,55.72266666666667,0.0,0.0,8454.000785098004,0.0,25362.00235529401,0.0,3.8427276295900015,
pipeline,I-395 SB,110-04121,32623,MD,4.0,1.053164,3,2200.0,49.0,16,0,False,59.32644444444444,0.0,0.0,7934.968852361362,0.0,23804.906557084087,0.0,3.606804023800619,
pipeline,I-395 SB,110-04122,28289,MD,4.0,0.922212,4,2200.0,49.0,16,0,False,55.399111111111104,0.0,0.0,8161.815737849372,0.0,32647.26295139749,0.0,3.7099162444769873,
pipeline,I-395 SB,110-04123,28307,MD,4.0,0.122184,4,2200.0,49.0,16,0,False,54.913777777777774,0.0,0.0,8416.48750398105,0.0,33665.9500159242,0.0,3.8256761381732045,
pipeline,I-395 SB,110-04124,26764,MD,4.0,0.223822,4,2200.0,49.0,16,0,False,54.598222222222226,0.0,0.0,8561.662942746969,0.0,34246.651770987875,0.0,3.891664973975895,
pipeline,I-395 SB,110-04125,26781,MD,4.0,0.075065,4,2200.0,49.0,16,0,False,58.827555555555556,0.0,0.0,8195.50012196333,0.0,32782.00048785332,0.0,3.72522732816515,
pipeline,I-395 SB,110-04126,26796,MD,4.0,0.481819,4,2200.0,49.0,16,0,False,59.20088888888889,0.0,0.0,8130.188296559003,0.0,32520.753186236012,0.0,3.695540134799547,
pipeline,I-395 SB,110-04128,26829,MD,4.0,0.062273,3,2200.0,49.0,16,16,True,46.91555555555556,4.0,8786.311252986412,8786.311252986412,26358.933758959236,26358.933758959236,3.993777842266551,3.993777842266551,0.9984444605666377
pipeline,I-395 SB,110-04129,26471,MD,4.0,0.013153,3,2200.0,49.0,16,16,True,45.78355555555555,4.0,8770.861031325785,8770.861031325785,26312.583093977355,26312.583093977355,3.986755014238993,3.986755014238993,0.9966887535597483
pipeline,I-395 SB,110-04670,26827,MD,4.0,0.031164,2,2200.0,49.0,16,0,False,52.947333333333326,0.0,0.0,8738.815565555038,0.0,17477.631131110076,0.0,3.972188893434108,
pipeline,I-395 SB,110N04120,32603,MD,4.0,1.301767,3,2200.0,49.0,16,0,False,59.43266666666667,0.0,0.0,8072.53930641939,0.0,24217.61791925817,0.0,3.66933604837245,
pipeline,I-395 SB,110N04121,32611,MD,4.0,0.508993,4,2200.0,49.0,16,0,False,57.48111111111111,0.0,0.0,8301.870921157426,0.0,33207.483684629704,0.0,3.7735776914351935,
pipeline,I-395 SB,110N04122,28283,MD,4.0,0.771707,4,2200.0,49.0,16,0,False,54.01755555555555,0.0,0.0,8185.467103039464,0.0,32741.868412157855,0.0,3.720666865017938,
pipeline,I-395 SB,110N04123,28302,MD,4.0,0.76605,4,2200.0,49.0,16,0,False,56.14733333333333,0.0,0.0,8131.340362144572,0.0,32525.36144857829,0.0,3.6960638009748057,
pipeline,I-395 SB,110N04124,26759,MD,4.0,0.59288,4,2200.0,49.0,16,0,False,55.00577777777778,0.0,0.0,8469.203105534987,0.0,33876.81242213995,0.0,3.849637775243176,
pipeline,I-395 SB,110N04125,26776,MD,4.0,0.539375,4,2200.0,49.0,16,0,False,57.38311111111111,0.0,0.0,8336.508779454367,0.0,33346.03511781747,0.0,3.789322172479258,
pipeline,I-395 SB,110N04126,26792,MD,4.0,0.626954,4,2200.0,49.0,16,0,False,59.08577777777777,0.0,0.0,8160.816304756438,0.0,32643.26521902575,0.0,3.7094619567074716,
pipeline,I-395 SB,110N04127,26809,MD,4.0,1.063231,3,2200.0,49.0,16,0,False,57.196888888888886,0.0,0.0,8505.881412860806,0.0,25517.64423858242,0.0,3.8663097331185483,
pipeline,I-395 SB,110N04128,26829,MD,4.0,0.184472,3,2200.0,49.0,16,0,False,49.93266666666667,0.0,0.0,8795.288874967966,0.0,26385.866624903898,0.0,3.9978585795308934,
pipeline,I-395 SB,110N04129,26471,MD,4.0,0.228537,3,2200.0,49.0,16,16,True,46.07644444444444,4.0,8772.123405144415,8772.123405144415,26316.370215433246,26316.370215433246,3.987328820520189,3.987328820520189,0.9968322051300472
pipeline,I-395 SB,110N04130,26712,MD,4.0,0.189735,6,2200.0,49.0,16,16,True,44.72555555555556,4.0,8768.253134226261,8768.253134226261,52609.51880535757,52609.51880535757,3.9855696064664823,3.9855696064664823,0.9963924016166206
pipeline,I-395 SB,110-04120,32610,NT,2.0,0.183298,3,2200.0,49.0,8,0,False,59.040888888888894,0.0,0.0,4092.472609638854,0.0,12277.417828916561,0.0,1.8602148225631154,
pipeline,I-395 SB,110-04121,32623,NT,2.0,1.053164,3,2200.0,49.0,8,0,False,62.038222222222224,0.0,0.0,3895.226474658346,0.0,11685.679423975038,0.0,1.7705574884810664,
pipeline,I-395 SB,110-04122,28289,NT,2.0,0.922212,4,2200.0,49.0,8,0,False,61.01333333333332,0.0,0.0,3998.5661476601176,0.0,15994.26459064047,0.0,1.8175300671182353,
pipeline,I-395 SB,110-04123,28307,NT,2.0,0.122184,4,2200.0,49.0,8,0,False,57.419777777777774,0.0,0.0,4237.174753794365,0.0,16948.69901517746,0.0,1.9259885244519839,
pipeline,I-395 SB,110-04124,26764,NT,2.0,0.223822,4,2200.0,49.0,8,0,False,54.40888888888889,0.0,0.0,4323.242338262024,0.0,17292.969353048094,0.0,1.9651101537554654,
pipeline,I-395 SB,110-04125,26781,NT,2.0,0.075065,4,2200.0,49.0,8,0,False,59.29999999999999,0.0,0.0,4100.156882720244,0.0,16400.627530880975,0.0,1.863707673963747,
pipeline,I-395 SB,110-04126,26796,NT,2.0,0.481819,4,2200.0,49.0,8,0,False,60.07288888888889,0.0,0.0,4043.7346949534685,0.0,16174.938779813874,0.0,1.8380612249788493,
pipeline,I-395 SB,110-04128,26829,NT,2.0,0.062273,3,2200.0,49.0,8,8,True,45.541111111111114,2.0,4390.362006622774,4390.362006622774,13171.086019868322,13171.086019868322,1.9956190939194427,1.9956190939194427,0.9978095469597213
pipeline,I-395 SB,110-04129,26471,NT,2.0,0.013153,3,2200.0,49.0,8,8,True,45.832888888888895,2.0,4389.464246686234,4389.464246686234,13168.392740058702,13168.392740058702,1.9952110212210155,1.9952110212210155,0.9976055106105077
pipeline,I-395 SB,110-04670,26827,NT,2.0,0.031164,2,2200.0,49.0,8,0,False,51.21622222222222,0.0,0.0,4377.885457620838,0.0,8755.770915241676,0.0,1.989947935282199,
pipeline,I-395 SB,110N04120,32603,NT,2.0,1.301767,3,2200.0,49.0,8,0,False,60.65222222222223,0.0,0.0,4008.3447719266796,0.0,12025.034315780038,0.0,1.8219748963303088,
pipeline,I-395 SB,110N04121,32611,NT,2.0,0.508993,4,2200.0,49.0,8,0,False,58.92977777777778,0.0,0.0,4106.8844428227685,0.0,16427.537771291074,0.0,1.866765655828531,
pipeline,I-395 SB,110N04122,28283,NT,2.0,0.771707,4,2200.0,49.0,8,0,False,61.14333333333334,0.0,0.0,4000.8508881398857,0.0,16003.403552559543,0.0,1.81856858551813,
pipeline,I-395 SB,110N04123,28302,NT,2.0,0.76605,4,2200.0,49.0,8,0,False,60.407555555555554,0.0,0.0,4050.8863273553534,0.0,16203.545309421414,0.0,1.841311966979706,
pipeline,I-395 SB,110N04124,26759,NT,2.0,0.59288,4,2200.0,49.0,8,0,False,56.459111111111106,0.0,0.0,4267.153118879829,0.0,17068.612475519316,0.0,1.939615054036286,
pipeline,I-395 SB,110N04125,26776,NT,2.0,0.539375,4,2200.0,49.0,8,0,False,57.78244444444445,0.0,0.0,4201.717712120097,0.0,16806.870848480386,0.0,1.9098716873273167,
pipeline,I-395 SB,110N04126,26792,NT,2.0,0.626954,4,2200.0,49.0,8,0,False,59.52622222222222,0.0,0.0,4092.0447941593957,0.0,16368.179176637583,0.0,1.8600203609815436,
pipeline,I-395 SB,110N04127,26809,NT,2.0,1.063231,3,2200.0,49.0,8,0,False,55.344,0.0,0.0,4294.720343731476,0.0,12884.161031194428,0.0,1.9521456107870343,
pipeline,I-395 SB,110N04128,26829,NT,2.0,0.184472,3,2200.0,49.0,8,1,True,48.52311111111111,0.25,549.7909285001799,4397.440114394255,1649.3727855005397,13192.320343182764,0.2499049675000818,1.9988364156337524,0.9996198700003271
pipeline,I-395 SB,110N04129,26471,NT,2.0,0.228537,3,2200.0,49.0,8,8,True,45.068000000000005,2.0,4386.663163616913,4386.663163616913,13159.98949085074,13159.98949085074,1.9939378016440514,1.9939378016440514,0.9969689008220257
pipeline,I-395 SB,110N04130,26712,NT,2.0,0.189735,6,2200.0,49.0,8,8,True,44.55466666666667,2.0,4379.4434728263595,4379.4434728263595,26276.66083695816,26276.66083695816,1.9906561240119816,1.9906561240119816,0.9953280620059908
pipeline,I-395 SB,110-04120,32610,PM,6.0,0.183298,3,2200.0,49.0,24,2,True,48.25244444444445,0.5,1099.5480810039617,13119.918942891582,3298.644243011885,39359.75682867474,0.49979458227452805,5.9635995194961735,0.9995891645490561
pipeline,I-395 SB,110-04121,32623,PM,6.0,1.053164,3,2200.0,49.0,24,0,False,53.89755555555556,0.0,0.0,12805.668376188096,0.0,38417.005128564284,0.0,5.820758352812771,
pipeline,I-395 SB,110-04122,28289,PM,6.0,0.922212,4,2200.0,49.0,24,15,True,32.27488888888889,3.75,7887.907032193146,12729.783830976634,31551.628128772583,50919.135323906536,3.585412287360521,5.786265377716652,0.9561099432961389
pipeline,I-395 SB,110-04123,28307,PM,6.0,0.122184,4,2200.0,49.0,24,14,True,27.511555555555557,3.5,7220.947746351016,12660.263565593936,28883.790985404063,50641.05426237574,3.282248975614098,5.754665257088153,0.937785421604028
pipeline,I-395 SB,110-04124,26764,PM,6.0,0.223822,4,2200.0,49.0,24,16,True,28.122444444444444,4.0,8062.223339507418,12448.002599962321,32248.893358029673,49792.010399849285,3.664646972503372,5.658182999982873,0.916161743125843
pipeline,I-395 SB,110-04125,26781,PM,6.0,0.075065,4,2200.0,49.0,24,15,True,29.90688888888889,3.75,7630.7119810668155,12503.652728958048,30522.847924267262,50014.61091583219,3.4685054459394618,5.683478513162749,0.9249347855838564
pipeline,I-395 SB,110-04126,26796,PM,6.0,0.481819,4,2200.0,49.0,24,19,True,19.747111111111114,4.75,8780.57280839554,11461.622981167638,35122.29123358216,45846.491924670554,3.9911694583616093,5.209828627803472,0.8402462017603387
pipeline,I-395 SB,110-04128,26829,PM,6.0,0.062273,3,2200.0,49.0,24,24,True,43.00244444444444,6.0,13103.763733509502,13103.763733509502,39311.2912005285,39311.2912005285,5.9562562425043195,5.9562562425043195,0.9927093737507199
pipeline,I-395 SB,110-04129,26471,PM,6.0,0.013153,3,2200.0,49.0,24,24,True,41.64022222222223,6.0,13025.037723830395,13025.037723830395,39075.11317149119,39075.11317149119,5.92047169265018,5.92047169265018,0.9867452821083633
pipeline,I-395 SB,110-04670,26827,PM,6.0,0.031164,2,2200.0,49.0,24,5,True,45.78111111111111,1.25,2741.698980855852,13156.176402320572,5483.397961711704,26312.352804641145,1.2462268094799327,5.980080182872987,0.9969814475839461
pipeline,I-395 SB,110N04120,32603,PM,6.0,1.301767,3,2200.0,49.0,24,3,True,46.06555555555556,0.75,1646.2956619093616,12978.272740839153,4938.886985728084,38934.81822251746,0.7483162099588007,5.899214882199615,0.9977549466117343
pipeline,I-395 SB,110N04121,32611,PM,6.0,0.508993,4,2200.0,49.0,24,0,False,50.00088888888889,0.0,0.0,13077.422566875686,0.0,52309.690267502745,0.0,5.944282984943494,
pipeline,I-395 SB,110N04122,28283,PM,6.0,0.771707,4,2200.0,49.0,24,1,True,48.13422222222223,0.25,549.5937569113751,12991.510986731737,2198.3750276455003,51966.04394692695,0.24981534405062503,5.9052322666962445,0.9992613762025001
pipeline,I-395 SB,110N04123,28302,PM,6.0,0.76605,4,2200.0,49.0,24,14,True,22.208666666666662,3.5,6995.987803407588,12345.377954889944,27983.951213630353,49381.511819559775,3.1799944560943585,5.611535434040883,0.9085698445983881
pipeline,I-395 SB,110N04124,26759,PM,6.0,0.59288,4,2200.0,49.0,24,15,True,27.590666666666664,3.75,7652.95240599114,12566.237284384484,30611.80962396456,50264.94913753794,3.478614729995973,5.711926038356584,0.9276305946655927
pipeline,I-395 SB,110N04125,26776,PM,6.0,0.539375,4,2200.0,49.0,24,14,True,29.115777777777776,3.5,7025.7872417775725,12469.61546079675,28103.14896711029,49878.461843187,3.193539655353442,5.668007027634886,0.9124399015295549
pipeline,I-395 SB,110N04126,26792,PM,6.0,0.626954,4,2200.0,49.0,24,18,True,28.813333333333333,4.5,9132.853965480394,12365.4967131812,36531.415861921574,49461.9868527248,4.151297257036543,5.620680324173273,0.9225105015636761
pipeline,I-395 SB,110N04127,26809,PM,6.0,1.063231,3,2200.0,49.0,24,18,True,20.850222222222225,4.5,8449.311083206643,11723.447628132128,25347.933249619928,35170.342884396385,3.8405959469121105,5.328839830969149,0.853465765980469
pipeline,I-395 SB,110N04128,26829,PM,6.0,0.184472,3,2200.0,49.0,24,17,True,43.705777777777776,4.25,9312.524018605345,13159.588468928174,27937.572055816036,39478.76540678452,4.232965463002429,5.981631122240079,0.9959918736476305
pipeline,I-395 SB,110N04129,26471,PM,6.0,0.228537,3,2200.0,49.0,24,24,True,41.67533333333333,6.0,13030.336750377293,13030.336750377293,39091.010251131884,39091.010251131884,5.922880341080588,5.922880341080588,0.9871467235134314
pipeline,I-395 SB,110N04130,26712,PM,6.0,0.189735,6,2200.0,49.0,24,24,True,38.52288888888888,6.0,12883.3742302558,12883.3742302558,77300.2453815348,77300.2453815348,5.8560791955708185,5.8560791955708185,0.9760131992618031
pipeline,I-66 EB,110-04162,26303,AM,5.0,0.012809,3,2200.0,49.0,20,6,True,45.145999999999994,1.5,3289.5798139430767,10947.278846286627,9868.73944182923,32841.836538859876,1.4952635517923076,4.976035839221194,0.9968423678615383
pipeline,I-66 EB,110-04163,26306,AM,5.0,0.160698,1,2200.0,49.0,20,4,True,47.73733333333333,1.0,2198.5213699401,10942.802709354502,2198.5213699401,10942.802709354502,0.9993278954273183,4.974001231524774,0.9993278954273183
pipeline,I-66 EB,110-04166,26049,AM,5.0,0.87601,2,2200.0,49.0,20,1,True,43.32577777777777,0.25,542.3229079032625,10045.119844663455,1084.645815806525,20090.23968932691,0.24651041268330112,4.565963565756116,0.9860416507332045
pipeline,I-66 EB,110-04167,25608,AM,5.0,0.203461,2,2200.0,49.0,20,1,True,36.53044444444445,0.25,518.964972785178,9974.32625020998,1037.929945570356,19948.65250041996,0.2358931694478082,4.533784659186355,0.9435726777912328
pipeline,I-66 EB,110-04168,26322,AM,5.0,1.550586,3,2200.0,49.0,20,1,True,44.303111111111114,0.25,544.4793449077459,9560.212749941915,1633.4380347232377,28680.638249825744,0.2474906113217027,4.345551249973598,0.9899624452868108
pipeline,I-66 EB,110-04169,26183,AM,5.0,0.241782,3,2200.0,49.0,20,0,False,53.453999999999986,0.0,0.0,9213.136447755656,0.0,27639.40934326697,0.0,4.187789294434389,
pipeline,I-66 EB,110-04170,26732,AM,5.0,0.034113,4,2200.0,49.0,20,0,False,59.54622222222222,0.0,0.0,8565.909768272897,0.0,34263.63907309159,0.0,3.8935953492149533,
pipeline,I-66 EB,110-04171,26732,AM,5.0,0.024315,4,2200.0,49.0,20,0,False,60.137777777777785,0.0,0.0,8841.892794615396,0.0,35367.571178461585,0.0,4.019042179370635,
pipeline,I-66 EB,110-04172,32564,AM,5.0,0.936293,4,2200.0,49.0,20,0,False,57.47822222222222,0.0,0.0,9485.243290930113,0.0,37940.97316372045,0.0,4.311474223150052,
pipeline,I-66 EB,110-04173,32561,AM,5.0,0.146205,2,2200.0,49.0,20,0,False,52.35666666666666,0.0,0.0,9124.893921634673,0.0,18249.787843269347,0.0,4.147679055288488,
pipeline,I-66 EB,110-04175,31781,AM,5.0,1.428297,4,2200.0,49.0,20,13,True,33.322222222222216,3.25,6883.852927633295,10387.065015955133,27535.41171053318,41548.26006382053,3.129024058015134,4.721393189070515,0.9627766332354258
pipeline,I-66 EB,110-04176,31353,AM,5.0,0.499725,2,2200.0,49.0,20,11,True,40.51533333333333,2.75,5958.2518030299925,10507.917628716654,11916.503606059985,21015.835257433308,2.708296274104542,4.776326194871206,0.9848350087652881
pipeline,I-66 EB,110-04177,31790,AM,5.0,1.064303,4,2200.0,49.0,20,10,True,41.65066666666667,2.5,5426.490631570793,10313.068483845143,21705.962526283172,41252.273935380574,2.466586650713997,4.687758401747793,0.9866346602855988
pipeline,I-66 EB,110-04178,31800,AM,5.0,1.044581,4,2200.0,49.0,20,14,True,21.920222222222225,3.5,6472.527245928955,9348.969779899622,25890.10898371582,37395.87911959849,2.942057839058616,4.249531718136192,0.8405879540167475
pipeline,I-66 EB,110-04179,35787,AM,5.0,0.337366,4,2200.0,49.0,20,12,True,18.655333333333335,3.0,5587.806124510397,8768.90169836263,22351.22449804159,35075.60679345052,2.539911874777453,3.9858644083466497,0.8466372915924845
pipeline,I-66 EB,110-04180,31384,AM,5.0,0.771709,2,2200.0,49.0,20,7,True,42.38488888888889,1.75,3807.2955071933225,10154.909095582234,7614.591014386645,20309.818191164468,1.7305888669060556,4.6158677707191975,0.9889079239463175
pipeline,I-66 EB,110-04182,31829,AM,5.0,0.453427,4,2200.0,49.0,20,15,True,35.47844444444445,3.75,8027.385756443819,10732.984079164904,32109.543025775278,42931.936316659616,3.6488117074744633,4.878629126893138,0.9730164553265236
pipeline,I-66 EB,110-04183,39146,AM,5.0,4.297312,2,2200.0,49.0,20,14,True,28.585333333333335,3.5,7219.627788787948,10165.18338857062,14439.255577575896,20330.36677714124,3.2816489949036125,4.620537903895737,0.9376139985438893
pipeline,I-66 EB,110-04184,39157,AM,5.0,2.210167,3,2200.0,49.0,20,9,True,28.869333333333334,2.25,4628.547985135732,9896.291642084781,13885.643955407197,29688.874926254342,2.103885447788969,4.49831438276581,0.9350601990173196
pipeline,I-66 EB,110N04162,25947,AM,5.0,0.25864,2,2200.0,49.0,20,12,True,34.38155555555556,3.0,6421.024914046166,10811.203799094665,12842.049828092331,21622.40759818933,2.9186476882028027,4.91418354504303,0.9728825627342675
pipeline,I-66 EB,110N04163,26303,AM,5.0,0.087912,3,2200.0,49.0,20,4,True,46.83066666666667,1.0,2196.5113777191364,10948.417945240177,6589.534133157409,32845.253835720534,0.9984142625996074,4.9765536114728075,0.9984142625996074
pipeline,I-66 EB,110N04164,26747,AM,5.0,0.189147,2,2200.0,49.0,20,0,False,52.611333333333334,0.0,0.0,10746.870615606036,0.0,21493.741231212072,0.0,4.884941188911835,
pipeline,I-66 EB,110N04167,25608,AM,5.0,0.254733,2,2200.0,49.0,20,2,True,35.81066666666667,0.5,1065.4671322335203,10072.037949039062,2130.9342644670405,20144.075898078125,0.4843032419243274,4.578199067745028,0.9686064838486548
pipeline,I-66 EB,110N04168,26753,AM,5.0,0.221555,3,2200.0,49.0,20,1,True,38.06066666666667,0.25,525.4316327335212,9827.110744016896,1576.2948982005635,29481.33223205069,0.2388325603334187,4.46686852000768,0.9553302413336748
pipeline,I-66 EB,110N04169,26736,AM,5.0,0.313435,3,2200.0,49.0,20,0,False,50.44577777777778,0.0,0.0,9181.351087971572,0.0,27544.053263914717,0.0,4.173341403623442,
pipeline,I-66 EB,110N04170,26735,AM,5.0,0.257485,3,2200.0,49.0,20,0,False,57.4508888888889,0.0,0.0,8748.486081996365,0.0,26245.458245989095,0.0,3.9765845827256205,
pipeline,I-66 EB,110N04171,26732,AM,5.0,0.121778,4,2200.0,49.0,20,0,False,60.17755555555556,0.0,0.0,8696.346063070898,0.0,34785.38425228359,0.0,3.9528845741231353,
pipeline,I-66 EB,110N04172,26732,AM,5.0,0.112619,4,2200.0,49.0,20,0,False,59.892444444444436,0.0,0.0,9000.859238517622,0.0,36003.43695407049,0.0,4.091299653871646,
pipeline,I-66 EB,110N04173,32563,AM,5.0,0.160492,4,2200.0,49.0,20,0,False,51.98666666666667,0.0,0.0,9330.115943080556,0.0,37320.463772322226,0.0,4.240961792309344,
pipeline,I-66 EB,110N04174,32572,AM,5.0,0.672258,2,2200.0,49.0,20,0,False,54.96933333333334,0.0,0.0,8299.891992524977,0.0,16599.783985049955,0.0,3.772678178420444,
pipeline,I-66 EB,110N04177,31357,AM,5.0,0.076959,4,2200.0,49.0,20,11,True,41.01066666666666,2.75,5953.089106392034,10456.13463220722,23812.356425568138,41824.53852882888,2.705949593814561,4.7527884691851,0.9839816704780222
pipeline,I-66 EB,110N04178,31795,AM,5.0,0.994511,4,2200.0,49.0,20,12,True,37.766,3.0,6456.905388985035,10172.450406541213,25827.62155594014,40689.80162616485,2.9349569949931977,4.623841093882369,0.9783189983310658
pipeline,I-66 EB,110N04179,31804,AM,5.0,0.885011,4,2200.0,49.0,20,13,True,15.974666666666666,3.25,5669.2826134363395,8744.94073005241,22677.130453745358,34979.76292020964,2.5769466424710634,3.974973059114732,0.7929066592218657
pipeline,I-66 EB,110N04180,32856,AM,5.0,0.491758,2,2200.0,49.0,20,12,True,26.11577777777778,3.0,5944.926537381638,9496.384918380527,11889.853074763276,18992.769836761054,2.7022393351734717,4.316538599263876,0.900746445057824
pipeline,I-66 EB,110N04183,31833,AM,5.0,0.45031,3,2200.0,49.0,20,13,True,32.47555555555556,3.25,6908.745800541976,10653.342648608286,20726.237401625927,31960.02794582486,3.1403390002463527,4.84242847664013,0.9662581539219547
pipeline,I-66 EB,110N04184,38167,AM,5.0,0.451882,3,2200.0,49.0,20,12,True,18.78822222222222,3.0,5467.658353508827,8927.199422494985,16402.975060526478,26781.598267484955,2.4852992515949213,4.0578179193159025,0.8284330838649737
pipeline,I-66 EB,110-04162,26303,MD,4.0,0.012809,3,2200.0,49.0,16,1,True,48.893111111111104,0.25,549.9189841225171,8798.3346589338,1649.7569523675515,26395.0039768014,0.24996317460114414,3.9992430267880907,0.9998526984045766
pipeline,I-66 EB,110-04163,26306,MD,4.0,0.160698,1,2200.0,49.0,16,16,True,45.337999999999994,4.0,8783.96306085492,8783.96306085492,8783.96306085492,8783.96306085492,3.992710482206782,3.992710482206782,0.9981776205516955
pipeline,I-66 EB,110-04166,26049,MD,4.0,0.87601,2,2200.0,49.0,16,14,True,36.291333333333334,3.5,7547.40547149289,8647.10454403446,15094.81094298578,17294.20908806892,3.4306388506785863,3.9305020654702094,0.9801825287653103
pipeline,I-66 EB,110-04167,25608,MD,4.0,0.203461,2,2200.0,49.0,16,9,True,24.960444444444448,2.25,4656.375260138283,8493.95702517072,9312.750520276566,16987.91405034144,2.116534209153765,3.8608895568957813,0.9406818707350066
pipeline,I-66 EB,110-04168,26322,MD,4.0,1.550586,3,2200.0,49.0,16,3,True,37.07311111111112,0.75,1597.9968613306746,8337.58810666235,4793.990583992024,25012.76431998705,0.7263622096957612,3.7898127757556135,0.9684829462610149
pipeline,I-66 EB,110-04169,26183,MD,4.0,0.241782,3,2200.0,49.0,16,0,False,52.26533333333333,0.0,0.0,8021.065066131445,0.0,24063.195198394336,0.0,3.645938666423384,
pipeline,I-66 EB,110-04170,26732,MD,4.0,0.034113,4,2200.0,49.0,16,0,False,59.57977777777777,0.0,0.0,7711.377778701617,0.0,30845.511114806468,0.0,3.505171717591644,
pipeline,I-66 EB,110-04171,26732,MD,4.0,0.024315,4,2200.0,49.0,16,0,False,60.19155555555556,0.0,0.0,7928.040123096152,0.0,31712.160492384606,0.0,3.6036546014073414,
pipeline,I-66 EB,110-04172,32564,MD,4.0,0.936293,4,2200.0,49.0,16,0,False,58.27177777777778,0.0,0.0,8113.850394799987,0.0,32455.401579199948,0.0,3.688113815818176,
pipeline,I-66 EB,110-04173,32561,MD,4.0,0.146205,2,2200.0,49.0,16,0,False,53.43266666666667,0.0,0.0,8070.145695304362,0.0,16140.291390608723,0.0,3.6682480433201645,
pipeline,I-66 EB,110-04175,31781,MD,4.0,1.428297,4,2200.0,49.0,16,8,True,44.42066666666667,2.0,4378.431087926391,8768.263230815573,17513.724351705565,35073.052923262294,1.9901959490574506,3.9855741958252606,0.9950979745287253
pipeline,I-66 EB,110-04176,31353,MD,4.0,0.499725,2,2200.0,49.0,16,1,True,46.144,0.25,547.6282807192273,8768.183820894235,1095.2565614384546,17536.36764178847,0.24892194578146695,3.9855381004064707,0.9956877831258678
pipeline,I-66 EB,110-04177,31790,MD,4.0,1.064303,4,2200.0,49.0,16,1,True,45.56711111111111,0.25,546.7737601989221,8737.618662886653,2187.0950407956884,34950.47465154661,0.2485335273631464,3.9716448467666603,0.9941341094525856
pipeline,I-66 EB,110-04178,31800,MD,4.0,1.044581,4,2200.0,49.0,16,9,True,31.837555555555557,2.25,4839.810223804355,8688.415431313775,19359.24089521742,34753.6617252551,2.1999137380928886,3.9492797415062615,0.9777394391523949
pipeline,I-66 EB,110-04179,35787,MD,4.0,0.337366,4,2200.0,49.0,16,2,True,38.587111111111106,0.5,1075.2188544756075,8130.236098872678,4300.87541790243,32520.94439549071,0.48873584294345795,3.6955618631239444,0.9774716858869159
pipeline,I-66 EB,110-04180,31384,MD,4.0,0.771709,2,2200.0,49.0,16,0,False,53.78288888888889,0.0,0.0,7994.499418767697,0.0,15988.998837535393,0.0,3.6338633721671347,
pipeline,I-66 EB,110-04182,31829,MD,4.0,0.453427,4,2200.0,49.0,16,0,False,51.92422222222223,0.0,0.0,8468.106993057114,0.0,33872.427972228455,0.0,3.8491395422986883,
pipeline,I-66 EB,110-04183,39146,MD,4.0,4.297312,2,2200.0,49.0,16,0,False,61.108,0.0,0.0,7540.173019249152,0.0,15080.346038498305,0.0,3.4273513723859783,
pipeline,I-66 EB,110-04184,39157,MD,4.0,2.210167,3,2200.0,49.0,16,0,False,62.69888888888889,0.0,0.0,7213.433344357363,0.0,21640.30003307209,0.0,3.278833338344256,
pipeline,I-66 EB,110N04162,25947,MD,4.0,0.25864,2,2200.0,49.0,16,5,True,47.26511111111111,1.25,2748.1082553028373,8797.849461111571,5496.216510605675,17595.698922223142,1.2491401160467441,3.9990224823234413,0.9993120928373954
pipeline,I-66 EB,110N04163,26303,MD,4.0,0.087912,3,2200.0,49.0,16,4,True,47.43577777777778,1.0,2197.692807754949,8797.440179214394,6593.0784232648475,26392.320537643183,0.9989512762522497,3.998836445097452,0.9989512762522497
pipeline,I-66 EB,110N04164,26747,MD,4.0,0.189147,2,2200.0,49.0,16,0,False,49.88400000000001,0.0,0.0,8779.499879969713,0.0,17558.999759939426,0.0,3.990681763622597,
pipeline,I-66 EB,110N04167,25608,MD,4.0,0.254733,2,2200.0,49.0,16,13,True,24.82177777777778,3.25,6795.895133918708,8444.835977421131,13591.790267837416,16889.671954842262,3.089043242690322,3.838561807918696,0.9504748439047144
pipeline,I-66 EB,110N04168,26753,MD,4.0,0.221555,3,2200.0,49.0,16,5,True,26.636666666666667,1.25,2518.502593551414,8526.459551675145,7555.507780654242,25579.378655025437,1.1447739061597337,3.8756634325796115,0.9158191249277869
pipeline,I-66 EB,110N04169,26736,MD,4.0,0.313435,3,2200.0,49.0,16,1,True,47.51155555555556,0.25,549.1478276280035,7980.24895742829,1647.4434828840103,23940.74687228487,0.24961264892181975,3.6273858897401317,0.998450595687279
pipeline,I-66 EB,110N04170,26735,MD,4.0,0.257485,3,2200.0,49.0,16,0,False,57.402888888888896,0.0,0.0,7789.331008158119,0.0,23367.99302447436,0.0,3.540605003708236,
pipeline,I-66 EB,110N04171,26732,MD,4.0,0.121778,4,2200.0,49.0,16,0,False,60.23266666666667,0.0,0.0,7828.097443785893,0.0,31312.389775143572,0.0,3.5582261108117694,
pipeline,I-66 EB,110N04172,26732,MD,4.0,0.112619,4,2200.0,49.0,16,0,False,59.839111111111116,0.0,0.0,8024.87140312974,0.0,32099.48561251896,0.0,3.6476688196044273,
pipeline,I-66 EB,110N04173,32563,MD,4.0,0.160492,4,2200.0,49.0,16,0,False,53.872666666666674,0.0,0.0,8241.901698414185,0.0,32967.60679365674,0.0,3.7463189538246295,
pipeline,I-66 EB,110N04174,32572,MD,4.0,0.672258,2,2200.0,49.0,16,0,False,53.65822222222223,0.0,0.0,7522.513610147145,0.0,15045.02722029429,0.0,3.4193243682487022,
pipeline,I-66 EB,110N04177,31357,MD,4.0,0.076959,4,2200.0,49.0,16,2,True,45.74,0.5,1096.9745004829688,8772.862079450786,4387.898001931875,35091.448317803144,0.498624772946804,3.987664581568539,0.997249545893608
pipeline,I-66 EB,110N04178,31795,MD,4.0,0.994511,4,2200.0,49.0,16,1,True,45.28622222222223,0.25,546.3133714368496,8713.764033543193,2185.2534857473984,34855.05613417277,0.24832425974402253,3.9608018334287243,0.9932970389760901
pipeline,I-66 EB,110N04179,31804,MD,4.0,0.885011,4,2200.0,49.0,16,2,True,35.029333333333334,0.5,1052.3599368278567,8572.646615851827,4209.439747311427,34290.58646340731,0.47834542583084394,3.896657552659921,0.9566908516616879
pipeline,I-66 EB,110N04180,32856,MD,4.0,0.491758,2,2200.0,49.0,16,4,True,39.85066666666666,1.0,2173.0441267273736,8202.348075597494,4346.088253454747,16404.69615119499,0.9877473303306243,3.7283400343624975,0.9877473303306243
pipeline,I-66 EB,110N04183,31833,MD,4.0,0.45031,3,2200.0,49.0,16,0,False,55.59888888888889,0.0,0.0,8114.314312696877,0.0,24342.94293809063,0.0,3.6883246875894895,
pipeline,I-66 EB,110N04184,38167,MD,4.0,0.451882,3,2200.0,49.0,16,0,False,62.643555555555544,0.0,0.0,6927.533174510116,0.0,20782.59952353035,0.0,3.148878715686416,
pipeline,I-66 EB,110-04162,26303,NT,2.0,0.012809,3,2200.0,49.0,8,1,True,47.58466666666667,0.25,549.2083563066977,4399.021519811904,1647.6250689200933,13197.064559435712,0.24964016195758987,1.9995552362781381,0.9985606478303595
pipeline,I-66 EB,110-04163,26306,NT,2.0,0.160698,1,2200.0,49.0,8,7,True,46.114444444444445,1.75,3845.3543415544355,4395.312267139609,3845.3543415544355,4395.312267139609,1.7478883370701979,1.9978692123361856,0.9987933354686845
pipeline,I-66 EB,110-04166,26049,NT,2.0,0.87601,2,2200.0,49.0,8,0,False,55.217777777777776,0.0,0.0,4269.381581329074,0.0,8538.763162658148,0.0,1.9406279915132154,
pipeline,I-66 EB,110-04167,25608,NT,2.0,0.203461,2,2200.0,49.0,8,0,False,56.03866666666667,0.0,0.0,4206.935959199925,0.0,8413.87191839985,0.0,1.9122436178181474,
pipeline,I-66 EB,110-04168,26322,NT,2.0,1.550586,3,2200.0,49.0,8,0,False,60.68311111111112,0.0,0.0,4060.540237182837,0.0,12181.62071154851,0.0,1.8457001078103803,
pipeline,I-66 EB,110-04169,26183,NT,2.0,0.241782,3,2200.0,49.0,8,0,False,61.023555555555554,0.0,0.0,3955.877055959587,0.0,11867.63116787876,0.0,1.798125934527085,
pipeline,I-66 EB,110-04170,26732,NT,2.0,0.034113,4,2200.0,49.0,8,0,False,61.99044444444445,0.0,0.0,3835.28488569905,0.0,15341.1395427962,0.0,1.7433113116813863,
pipeline,I-66 EB,110-04171,26732,NT,2.0,0.024315,4,2200.0,49.0,8,0,False,61.854444444444454,0.0,0.0,3914.523834790107,0.0,15658.095339160427,0.0,1.779329015813685,
pipeline,I-66 EB,110-04172,32564,NT,2.0,0.936293,4,2200.0,49.0,8,0,False,60.677777777777784,0.0,0.0,4049.5412560711093,0.0,16198.165024284437,0.0,1.8407005709414133,
pipeline,I-66 EB,110-04173,32561,NT,2.0,0.146205,2,2200.0,49.0,8,0,False,61.58422222222222,0.0,0.0,3946.3427578933533,0.0,7892.685515786707,0.0,1.793792162678797,
pipeline,I-66 EB,110-04175,31781,NT,2.0,1.428297,4,2200.0,49.0,8,0,False,59.815111111111115,0.0,0.0,4027.5030150777375,0.0,16110.01206031095,0.0,1.8306831886716988,
pipeline,I-66 EB,110-04176,31353,NT,2.0,0.499725,2,2200.0,49.0,8,0,False,59.81577777777778,0.0,0.0,3946.7561854693345,0.0,7893.512370938669,0.0,1.793980084304243,
pipeline,I-66 EB,110-04177,31790,NT,2.0,1.064303,4,2200.0,49.0,8,0,False,63.053555555555555,0.0,0.0,3622.679983825652,0.0,14490.719935302608,0.0,1.646672719920751,
pipeline,I-66 EB,110-04178,31800,NT,2.0,1.044581,4,2200.0,49.0,8,0,False,61.49711111111111,0.0,0.0,3843.5767253582335,0.0,15374.306901432934,0.0,1.747080329708288,
pipeline,I-66 EB,110-04179,35787,NT,2.0,0.337366,4,2200.0,49.0,8,0,False,66.77844444444445,0.0,0.0,3165.447815532742,0.0,12661.791262130968,0.0,1.4388399161512464,
pipeline,I-66 EB,110-04180,31384,NT,2.0,0.771709,2,2200.0,49.0,8,0,False,63.77622222222222,0.0,0.0,3596.151926859099,0.0,7192.303853718198,0.0,1.6346145122086815,
pipeline,I-66 EB,110-04182,31829,NT,2.0,0.453427,4,2200.0,49.0,8,0,False,60.29511111111111,0.0,0.0,4082.240908562072,0.0,16328.963634248288,0.0,1.8555640493463963,
pipeline,I-66 EB,110-04183,39146,NT,2.0,4.297312,2,2200.0,49.0,8,0,False,66.40488888888889,0.0,0.0,3254.8877500075114,0.0,6509.775500015023,0.0,1.4794944318215961,
pipeline,I-66 EB,110-04184,39157,NT,2.0,2.210167,3,2200.0,49.0,8,0,False,66.64111111111112,0.0,0.0,3173.230599004034,0.0,9519.691797012103,0.0,1.4423775450018337,
pipeline,I-66 EB,110N04162,25947,NT,2.0,0.25864,2,2200.0,49.0,8,8,True,46.72644444444444,2.0,4395.867347963499,4395.867347963499,8791.734695926998,8791.734695926998,1.9981215218015904,1.9981215218015904,0.9990607609007952
pipeline,I-66 EB,110N04163,26303,NT,2.0,0.087912,3,2200.0,49.0,8,5,True,47.04933333333333,1.25,2748.2418117616376,4398.226482894127,8244.725435284912,13194.679448682382,1.249200823528017,1.9991938558609668,0.9993606588224136
pipeline,I-66 EB,110N04164,26747,NT,2.0,0.189147,2,2200.0,49.0,8,1,True,48.44866666666667,0.25,549.7581067738084,4382.154414789729,1099.5162135476169,8764.308829579459,0.2498900485335493,1.9918883703589678,0.9995601941341972
pipeline,I-66 EB,110N04167,25608,NT,2.0,0.254733,2,2200.0,49.0,8,0,False,55.50155555555556,0.0,0.0,4220.365144681831,0.0,8440.730289363662,0.0,1.918347793037196,
pipeline,I-66 EB,110N04168,26753,NT,2.0,0.221555,3,2200.0,49.0,8,0,False,56.546,0.0,0.0,4195.391946807502,0.0,12586.175840422506,0.0,1.9069963394579554,
pipeline,I-66 EB,110N04169,26736,NT,2.0,0.313435,3,2200.0,49.0,8,0,False,62.089555555555556,0.0,0.0,3940.350735546748,0.0,11821.052206640245,0.0,1.7910685161576128,
pipeline,I-66 EB,110N04170,26735,NT,2.0,0.257485,3,2200.0,49.0,8,0,False,61.466,0.0,0.0,3858.737321444586,0.0,11576.211964333757,0.0,1.7539715097475392,
pipeline,I-66 EB,110N04171,26732,NT,2.0,0.121778,4,2200.0,49.0,8,0,False,61.96355555555555,0.0,0.0,3877.9169739819445,0.0,15511.667895927778,0.0,1.7626895336281565,
pipeline,I-66 EB,110N04172,26732,NT,2.0,0.112619,4,2200.0,49.0,8,0,False,61.80555555555555,0.0,0.0,3955.0963693489257,0.0,15820.385477395703,0.0,1.7977710769767845,
pipeline,I-66 EB,110N04173,32563,NT,2.0,0.160492,4,2200.0,49.0,8,0,False,60.137333333333345,0.0,0.0,4045.485522311252,0.0,16181.942089245009,0.0,1.8388570555960237,
pipeline,I-66 EB,110N04174,32572,NT,2.0,0.672258,2,2200.0,49.0,8,0,False,64.19133333333333,0.0,0.0,3637.7517623136055,0.0,7275.503524627211,0.0,1.653523528324366,
pipeline,I-66 EB,110N04177,31357,NT,2.0,0.076959,4,2200.0,49.0,8,0,False,60.94822222222222,0.0,0.0,3856.2337143069926,0.0,15424.93485722797,0.0,1.7528335065031784,
pipeline,I-66 EB,110N04178,31795,NT,2.0,0.994511,4,2200.0,49.0,8,0,False,64.64044444444444,0.0,0.0,3479.4171927845136,0.0,13917.668771138055,0.0,1.5815532694475063,
pipeline,I-66 EB,110N04179,31804,NT,2.0,0.885011,4,2200.0,49.0,8,0,False,65.38577777777778,0.0,0.0,3510.4163209488147,0.0,14041.665283795259,0.0,1.5956437822494611,
pipeline,I-66 EB,110N04180,32856,NT,2.0,0.491758,2,2200.0,49.0,8,0,False,65.46155555555556,0.0,0.0,3491.9303160935306,0.0,6983.860632187061,0.0,1.5872410527697867,
pipeline,I-66 EB,110N04183,31833,NT,2.0,0.45031,3,2200.0,49.0,8,0,False,62.80755555555555,0.0,0.0,3864.5614367006374,0.0,11593.684310101911,0.0,1.756618834863926,
pipeline,I-66 EB,110N04184,38167,NT,2.0,0.451882,3,2200.0,49.0,8,0,False,66.78622222222222,0.0,0.0,3197.6803694174423,0.0,9593.041108252328,0.0,1.4534910770079283,
pipeline,I-66 EB,110-04162,26303,PM,6.0,0.012809,3,2200.0,49.0,24,24,True,40.20488888888889,6.0,13125.820464835582,13125.820464835582,39377.46139450675,39377.46139450675,5.966282029470719,5.966282029470719,0.9943803382451198
pipeline,I-66 EB,110-04163,26306,PM,6.0,0.160698,1,2200.0,49.0,24,24,True,38.59666666666667,6.0,12932.38030398422,12932.38030398422,12932.38030398422,12932.38030398422,5.878354683629191,5.878354683629191,0.9797257806048651
pipeline,I-66 EB,110-04166,26049,PM,6.0,0.87601,2,2200.0,49.0,24,23,True,28.923111111111112,5.75,11498.936224294244,12046.348690148594,22997.87244858849,24092.697380297188,5.22678919286102,5.475613040976634,0.9090068161497427
pipeline,I-66 EB,110-04167,25608,PM,6.0,0.203461,2,2200.0,49.0,24,23,True,13.454888888888894,5.75,9284.179983811131,9831.248715722437,18568.359967622262,19662.497431444874,4.220081810823241,4.468749416237471,0.7339272714475202
pipeline,I-66 EB,110-04168,26322,PM,6.0,1.550586,3,2200.0,49.0,24,21,True,13.464666666666671,5.25,8539.294882788348,10156.747600142633,25617.884648365045,30470.2428004279,3.8814976739947036,4.616703454610287,0.7393328902847055
pipeline,I-66 EB,110-04169,26183,PM,6.0,0.241782,3,2200.0,49.0,24,18,True,15.005333333333327,4.5,8087.867328680092,11211.110606353719,24263.601986040278,33633.33181906116,3.676303331218224,5.095959366524418,0.8169562958262719
pipeline,I-66 EB,110-04170,26732,PM,6.0,0.034113,4,2200.0,49.0,24,15,True,20.614444444444448,3.75,7265.404558037358,11861.544103160715,29061.61823214943,47446.17641264286,3.302456617289708,5.391610955982143,0.8806550979439222
pipeline,I-66 EB,110-04171,26732,PM,6.0,0.024315,4,2200.0,49.0,24,15,True,21.91644444444445,3.75,7386.673662617349,12042.304605383753,29546.694650469395,48169.21842153501,3.3575789375533405,5.473774820628979,0.8953543833475575
pipeline,I-66 EB,110-04172,32564,PM,6.0,0.936293,4,2200.0,49.0,24,13,True,24.389555555555557,3.25,6524.890802060237,12345.53637212688,26099.563208240947,49382.14548850752,2.9658594554819255,5.611607441875854,0.9125721401482848
pipeline,I-66 EB,110-04173,32561,PM,6.0,0.146205,2,2200.0,49.0,24,11,True,25.346888888888888,2.75,5518.595264117357,12344.02740126559,11037.190528234714,24688.05480253118,2.508452392780617,5.610921546029814,0.9121645064656788
pipeline,I-66 EB,110-04175,31781,PM,6.0,1.428297,4,2200.0,49.0,24,3,True,48.23666666666667,0.75,1649.390418307755,13116.939939918277,6597.56167323102,52467.75975967311,0.7497229174126159,5.9622454272355805,0.9996305565501545
pipeline,I-66 EB,110-04176,31353,PM,6.0,0.499725,2,2200.0,49.0,24,7,True,44.071111111111115,1.75,3835.293197832163,13150.811562806142,7670.586395664326,26301.623125612285,1.7433150899237104,5.977641619457337,0.9961800513849774
pipeline,I-66 EB,110-04177,31790,PM,6.0,1.064303,4,2200.0,49.0,24,15,True,44.17044444444445,3.75,8204.597670876277,13082.84046129909,32818.39068350511,52331.36184519636,3.729362577671035,5.946745664226859,0.9944966873789427
pipeline,I-66 EB,110-04178,31800,PM,6.0,1.044581,4,2200.0,49.0,24,20,True,29.176000000000005,5.0,10212.007065668497,12377.423738453701,40848.028262673986,49509.694953814804,4.641821393485681,5.626101699297137,0.928364278697136
pipeline,I-66 EB,110-04179,35787,PM,6.0,0.337366,4,2200.0,49.0,24,11,True,37.449999999999996,2.75,5911.890953761076,12733.125098297844,23647.563815044305,50932.500393191374,2.6872231608004893,5.787784135589929,0.9771720584729051
pipeline,I-66 EB,110-04180,31384,PM,6.0,0.771709,2,2200.0,49.0,24,2,True,45.38755555555556,0.5,1095.4487334218582,12399.508619558079,2190.8974668437163,24799.017239116158,0.497931242464481,5.636140281617308,0.995862484928962
pipeline,I-66 EB,110-04182,31829,PM,6.0,0.453427,4,2200.0,49.0,24,0,False,56.574888888888886,0.0,0.0,12612.66406733781,0.0,50450.65626935124,0.0,5.733029121517186,
pipeline,I-66 EB,110-04183,39146,PM,6.0,4.297312,2,2200.0,49.0,24,0,False,56.30777777777778,0.0,0.0,11105.089671433798,0.0,22210.179342867596,0.0,5.047768032469908,
pipeline,I-66 EB,110-04184,39157,PM,6.0,2.210167,3,2200.0,49.0,24,0,False,65.26533333333333,0.0,0.0,10486.727180224612,0.0,31460.18154067384,0.0,4.766694172829369,
pipeline,I-66 EB,110N04162,25947,PM,6.0,0.25864,2,2200.0,49.0,24,24,True,36.30511111111111,6.0,13072.989520443749,13072.989520443749,26145.979040887498,26145.979040887498,5.942267963838067,5.942267963838067,0.9903779939730113
pipeline,I-66 EB,110N04163,26303,PM,6.0,0.087912,3,2200.0,49.0,24,24,True,40.440000000000005,6.0,13076.506327584142,13076.506327584142,39229.51898275243,39229.51898275243,5.943866512538246,5.943866512538246,0.9906444187563744
pipeline,I-66 EB,110N04164,26747,PM,6.0,0.189147,2,2200.0,49.0,24,21,True,40.09155555555555,5.25,11486.508499316393,13136.467974929277,22973.016998632786,26272.935949858555,5.221140226961997,5.971121806786035,0.9945029003737137
pipeline,I-66 EB,110N04167,25608,PM,6.0,0.254733,2,2200.0,49.0,24,23,True,13.416666666666666,5.75,9208.544733077131,9756.91489515613,18417.089466154262,19513.82979031226,4.185702151398696,4.4349613159800585,0.7279482002432515
pipeline,I-66 EB,110N04168,26753,PM,6.0,0.221555,3,2200.0,49.0,24,23,True,13.131555555555556,5.75,9252.843093012163,9799.098568798549,27758.52927903649,29397.295706395646,4.205837769550984,4.454135713090249,0.7314500468784318
pipeline,I-66 EB,110N04169,26736,PM,6.0,0.313435,3,2200.0,49.0,24,19,True,13.001777777777777,4.75,8123.445011066447,10738.548041148957,24370.33503319934,32215.644123446873,3.692475005030203,4.881158200522253,0.777363158953727
pipeline,I-66 EB,110N04170,26735,PM,6.0,0.257485,3,2200.0,49.0,24,16,True,18.64022222222222,4.0,7541.8549947244355,11643.53382970058,22625.564984173307,34930.60148910174,3.428115906692925,5.292515377136628,0.8570289766732313
pipeline,I-66 EB,110N04171,26732,PM,6.0,0.121778,4,2200.0,49.0,24,15,True,21.447999999999997,3.75,7354.409478409278,11976.618155961369,29417.63791363711,47906.472623845475,3.342913399276944,5.443917343618804,0.8914435731405185
pipeline,I-66 EB,110N04172,26732,PM,6.0,0.112619,4,2200.0,49.0,24,15,True,22.895333333333337,3.75,7445.820324025473,12133.91011715914,29783.281296101894,48535.64046863656,3.3844637836479423,5.51541368961779,0.9025236756394514
pipeline,I-66 EB,110N04173,32563,PM,6.0,0.160492,4,2200.0,49.0,24,11,True,24.71622222222223,2.75,5442.894538594333,12408.317517512052,21771.578154377334,49633.27007004821,2.4740429720883332,5.640144326141842,0.899651989850303
pipeline,I-66 EB,110N04174,32572,PM,6.0,0.672258,2,2200.0,49.0,24,6,True,36.833555555555556,1.5,3187.281701413455,12109.63092604958,6374.56340282691,24219.26185209916,1.4487644097333885,5.5043776936589,0.965842939822259
pipeline,I-66 EB,110N04177,31357,PM,6.0,0.076959,4,2200.0,49.0,24,15,True,43.76466666666667,3.75,8222.679746145712,13127.700108161182,32890.71898458285,52510.800432644726,3.737581702793505,5.967136412800537,0.9966884540782681
pipeline,I-66 EB,110N04178,31795,PM,6.0,0.994511,4,2200.0,49.0,24,14,True,43.126666666666665,3.5,7643.817811541892,13037.226597104254,30575.27124616757,52148.90638841702,3.474462641609951,5.9260120895928425,0.9927036118885575
pipeline,I-66 EB,110N04179,31804,PM,6.0,0.885011,4,2200.0,49.0,24,19,True,30.296222222222223,4.75,9939.241371522026,12524.789564697932,39756.965486088106,50099.15825879173,4.517836987055467,5.6930861657717875,0.9511235762222034
pipeline,I-66 EB,110N04180,32856,PM,6.0,0.491758,2,2200.0,49.0,24,8,True,38.47466666666667,2.0,4338.260277990604,12745.460542151986,8676.520555981208,25490.921084303973,1.971936489995729,5.79339115552363,0.9859682449978645
pipeline,I-66 EB,110N04183,31833,PM,6.0,0.45031,3,2200.0,49.0,24,0,False,58.903999999999996,0.0,0.0,12045.534174872777,0.0,36136.60252461833,0.0,5.475242806760353,
pipeline,I-66 EB,110N04184,38167,PM,6.0,0.451882,3,2200.0,49.0,24,0,False,64.82555555555555,0.0,0.0,10102.822844775099,0.0,30308.468534325297,0.0,4.5921922021705,
pipeline,I-66 WB,110+04163,25946,AM,5.0,0.098196,3,2200.0,49.0,20,3,True,44.1908888888889,0.75,1643.626114180729,10985.739205995364,4930.878342542187,32957.21761798609,0.7471027791730587,4.993517820906983,0.9961370388974116
pipeline,I-66 WB,110+04164,25946,AM,5.0,0.107759,3,2200.0,49.0,20,16,True,47.083111111111116,4.0,8792.902330497567,10990.942941706047,26378.7069914927,32972.828825118144,3.996773786589803,4.99588315532093,0.9991934466474508
pipeline,I-66 WB,110+04166,26720,AM,5.0,0.814677,2,2200.0,49.0,20,6,True,40.27533333333333,1.5,3248.8503399390165,10653.710289907902,6497.700679878033,21307.420579815804,1.4767501545177348,4.842595586321774,0.9845001030118232
pipeline,I-66 WB,110+04167,26724,AM,5.0,0.863407,3,2200.0,49.0,20,8,True,28.721777777777778,2.0,4040.0265747317144,10142.56413901475,12120.079724195144,30427.69241704425,1.836375715787143,4.610256426824886,0.9181878578935715
pipeline,I-66 WB,110+04168,26055,AM,5.0,0.20361,2,2200.0,49.0,20,7,True,21.30377777777778,1.75,3284.0489428451365,9511.645516554612,6568.097885690273,19023.291033109224,1.492749519475062,4.323475234797551,0.8529997254143211
pipeline,I-66 WB,110+04169,26370,AM,5.0,1.476424,3,2200.0,49.0,20,11,True,19.402444444444445,2.75,4983.227623604515,9290.808115381518,14949.682870813547,27872.424346144555,2.26510346527478,4.22309459790069,0.8236739873726472
pipeline,I-66 WB,110+04170,26177,AM,5.0,0.462016,3,2200.0,49.0,20,11,True,36.83222222222222,2.75,5855.937713342351,10284.270583967362,17567.813140027054,30852.811751902085,2.6617898697010687,4.674668447257892,0.9679235889822069
pipeline,I-66 WB,110+04176,31999,AM,5.0,1.729679,4,2200.0,49.0,20,0,False,62.73777777777778,0.0,0.0,9152.462825750563,0.0,36609.85130300225,0.0,4.160210375341165,
pipeline,I-66 WB,110+04177,35781,AM,5.0,0.244247,2,2200.0,49.0,20,0,False,58.564444444444455,0.0,0.0,9996.384202957763,0.0,19992.768405915525,0.0,4.543811001344437,
pipeline,I-66 WB,110+04178,32029,AM,5.0,1.332622,4,2200.0,49.0,20,0,False,59.087555555555554,0.0,0.0,9625.521608700305,0.0,38502.08643480122,0.0,4.375237094863775,
pipeline,I-66 WB,110+04179,32032,AM,5.0,1.295447,4,2200.0,49.0,20,0,False,58.97822222222222,0.0,0.0,9920.310429086268,0.0,39681.241716345074,0.0,4.509232013221031,
pipeline,I-66 WB,110+04182,32038,AM,5.0,0.798703,5,2200.0,49.0,20,0,False,59.59466666666666,0.0,0.0,9760.364812024172,0.0,48801.82406012086,0.0,4.436529460010988,
pipeline,I-66 WB,110+04183,31404,AM,5.0,0.578458,2,2200.0,49.0,20,0,False,62.45666666666667,0.0,0.0,9273.840970617352,0.0,18547.681941234703,0.0,4.215382259371523,
pipeline,I-66 WB,110+04184,31416,AM,5.0,4.167976,2,2200.0,49.0,20,0,False,64.13644444444445,0.0,0.0,8848.301894932243,0.0,17696.603789864486,0.0,4.0219554067873835,
pipeline,I-66 WB,110P04162,26313,AM,5.0,0.276665,2,2200.0,49.0,20,11,True,42.57511111111111,2.75,6034.017149451583,10982.629232292875,12068.034298903165,21965.25846458575,2.7427350679325375,4.992104196496761,0.9973582065209228
pipeline,I-66 WB,110P04163,26309,AM,5.0,0.061044,1,2200.0,49.0,20,8,True,46.4328888888889,2.0,4395.286590397776,10993.479287879494,4395.286590397776,10993.479287879494,1.9978575410898982,4.9970360399452245,0.9989287705449491
pipeline,I-66 WB,110P04165,26720,AM,5.0,0.253796,2,2200.0,49.0,20,2,True,48.88688888888888,0.5,1099.855251840971,10897.589954630243,2199.710503681942,21795.179909260485,0.4999342053822596,4.953449979377383,0.9998684107645192
pipeline,I-66 WB,110P04166,26723,AM,5.0,0.18464,3,2200.0,49.0,20,7,True,31.26377777777778,1.75,3608.385303996755,10279.159982062858,10825.155911990265,30837.479946188574,1.640175138180343,4.6723454463922085,0.9372429361030532
pipeline,I-66 WB,110P04167,26726,AM,5.0,0.327617,2,2200.0,49.0,20,7,True,22.861333333333334,1.75,3429.832809755202,9792.801353021863,6859.665619510404,19585.602706043726,1.559014913525092,4.451273342282665,0.8908656648714811
pipeline,I-66 WB,110P04168,26727,AM,5.0,0.260712,3,2200.0,49.0,20,8,True,21.897333333333336,2.0,3758.492358816812,9584.483728704177,11275.477076450436,28753.451186112532,1.7084056176440054,4.356583513047354,0.8542028088220027
pipeline,I-66 WB,110P04169,26370,AM,5.0,0.068453,3,2200.0,49.0,20,11,True,25.078444444444443,2.75,5299.352810987813,9722.12483077187,15898.05843296344,29166.374492315612,2.408796732267188,4.41914765035085,0.8759260844607956
pipeline,I-66 WB,110P04176,31350,AM,5.0,0.547911,2,2200.0,49.0,20,0,False,59.685333333333325,0.0,0.0,9754.487155053223,0.0,19508.974310106445,0.0,4.433857797751465,
pipeline,I-66 WB,110P04177,35781,AM,5.0,0.303391,2,2200.0,49.0,20,0,False,58.12533333333334,0.0,0.0,10019.804710982979,0.0,20039.609421965957,0.0,4.554456686810445,
pipeline,I-66 WB,110P04178,32031,AM,5.0,0.688515,4,2200.0,49.0,20,0,False,57.76066666666667,0.0,0.0,9901.512532722627,0.0,39606.05013089051,0.0,4.500687514873921,
pipeline,I-66 WB,110P04181,32037,AM,5.0,1.067945,4,2200.0,49.0,20,0,False,63.51222222222222,0.0,0.0,9025.052214362928,0.0,36100.20885745171,0.0,4.102296461074058,
pipeline,I-66 WB,110P04182,32846,AM,5.0,1.425584,2,2200.0,49.0,20,0,False,64.13133333333333,0.0,0.0,8642.154674045665,0.0,17284.30934809133,0.0,3.9282521245662116,
pipeline,I-66 WB,110P04183,32044,AM,5.0,0.488674,3,2200.0,49.0,20,0,False,63.56,0.0,0.0,8754.147352987839,0.0,26262.442058963516,0.0,3.979157887721745,
pipeline,I-66 WB,110+04163,25946,MD,4.0,0.098196,3,2200.0,49.0,16,11,True,46.122888888888895,2.75,6039.110231586376,8788.793517929276,18117.33069475913,26366.38055378783,2.7450501052665346,3.9949061445133074,0.9982000382787399
pipeline,I-66 WB,110+04164,25946,MD,4.0,0.107759,3,2200.0,49.0,16,16,True,43.74733333333333,4.0,8751.499796217473,8751.499796217473,26254.499388652417,26254.499388652417,3.977954452826124,3.977954452826124,0.994488613206531
pipeline,I-66 WB,110+04166,26720,MD,4.0,0.814677,2,2200.0,49.0,16,5,True,46.13088888888888,1.25,2744.5696321316996,8682.66503988251,5489.139264263399,17365.33007976502,1.2475316509689542,3.9466659272193225,0.9980253207751635
pipeline,I-66 WB,110+04167,26724,MD,4.0,0.863407,3,2200.0,49.0,16,4,True,37.01844444444444,1.0,2133.1260009000157,8582.441286278896,6399.378002700047,25747.323858836688,0.9696027276818253,3.901109675581316,0.9696027276818253
pipeline,I-66 WB,110+04168,26055,MD,4.0,0.20361,2,2200.0,49.0,16,0,False,49.308444444444454,0.0,0.0,8147.018473202872,0.0,16294.036946405744,0.0,3.7031902150922145,
pipeline,I-66 WB,110+04169,26370,MD,4.0,1.476424,3,2200.0,49.0,16,3,True,33.77022222222222,0.75,1576.9327495947196,8450.636085847476,4730.798248784158,25351.90825754243,0.7167876134521453,3.841198220839762,0.9557168179361937
pipeline,I-66 WB,110+04170,26177,MD,4.0,0.462016,3,2200.0,49.0,16,3,True,41.85488888888889,0.75,1629.8922173616288,8587.244534404314,4889.676652084887,25761.73360321294,0.7408600988007403,3.903292970183779,0.9878134650676538
pipeline,I-66 WB,110+04176,31999,MD,4.0,1.729679,4,2200.0,49.0,16,2,True,42.04533333333333,0.5,1087.7977408687748,8270.586920993894,4351.190963475099,33082.347683975575,0.4944535185767158,3.7593576913608606,0.9889070371534316
pipeline,I-66 WB,110+04177,35781,MD,4.0,0.244247,2,2200.0,49.0,16,4,True,34.98666666666667,1.0,2128.9876648896065,8524.869616418859,4257.975329779213,17049.739232837717,0.9677216658589121,3.8749407347358447,0.9677216658589121
pipeline,I-66 WB,110+04178,32029,MD,4.0,1.332622,4,2200.0,49.0,16,3,True,37.090666666666664,0.75,1606.1363002078367,8543.23564024458,6424.545200831347,34172.94256097832,0.7300619546399257,3.8832889273839,0.973415939519901
pipeline,I-66 WB,110+04179,32032,MD,4.0,1.295447,4,2200.0,49.0,16,0,False,54.88333333333333,0.0,0.0,8478.109471434185,0.0,33912.43788573674,0.0,3.853686123379175,
pipeline,I-66 WB,110+04182,32038,MD,4.0,0.798703,5,2200.0,49.0,16,0,False,61.04888888888888,0.0,0.0,7904.428520154248,0.0,39522.14260077124,0.0,3.5929220546155674,
pipeline,I-66 WB,110+04183,31404,MD,4.0,0.578458,2,2200.0,49.0,16,0,False,57.6191111111111,0.0,0.0,7926.368769176122,0.0,15852.737538352245,0.0,3.6028948950800554,
pipeline,I-66 WB,110+04184,31416,MD,4.0,4.167976,2,2200.0,49.0,16,0,False,58.63066666666666,0.0,0.0,7598.611704473372,0.0,15197.223408946744,0.0,3.45391441112426,
pipeline,I-66 WB,110P04162,26313,MD,4.0,0.276665,2,2200.0,49.0,16,16,True,46.44911111111111,4.0,8781.998835993725,8781.998835993725,17563.99767198745,17563.99767198745,3.9918176527244205,3.9918176527244205,0.9979544131811051
pipeline,I-66 WB,110P04163,26309,MD,4.0,0.061044,1,2200.0,49.0,16,13,True,44.859333333333325,3.25,7125.163730882924,8775.147433580169,7125.163730882924,8775.147433580169,3.2387107867649654,3.9887033789000768,0.9965263959276817
pipeline,I-66 WB,110P04165,26720,MD,4.0,0.253796,2,2200.0,49.0,16,4,True,45.690666666666665,1.0,2191.00130703212,8760.433861346133,4382.00261406424,17520.867722692266,0.9959096850146001,3.9820153915209695,0.9959096850146001
pipeline,I-66 WB,110P04166,26723,MD,4.0,0.18464,3,2200.0,49.0,16,3,True,36.73022222222222,0.75,1584.7495621311004,8462.094772271008,4754.248686393301,25386.284316813024,0.7203407100595911,3.84640671466864,0.9604542800794548
pipeline,I-66 WB,110P04167,26726,MD,4.0,0.327617,2,2200.0,49.0,16,0,False,51.27711111111111,0.0,0.0,8338.070427825209,0.0,16676.140855650418,0.0,3.790032012647822,
pipeline,I-66 WB,110P04168,26727,MD,4.0,0.260712,3,2200.0,49.0,16,2,True,45.19533333333333,0.5,1096.0195986328165,8270.53813161264,3288.0587958984497,24811.61439483792,0.4981907266512802,3.759335514369382,0.9963814533025604
pipeline,I-66 WB,110P04169,26370,MD,4.0,0.068453,3,2200.0,49.0,16,5,True,35.14222222222222,1.25,2678.6473623218644,8552.18546124578,8035.942086965593,25656.556383737337,1.2175669828735747,3.8873570278389904,0.9740535862988597
pipeline,I-66 WB,110P04176,31350,MD,4.0,0.547911,2,2200.0,49.0,16,3,True,35.89088888888889,0.75,1594.2955863115753,8483.720267971223,3188.5911726231507,16967.440535942445,0.724679811959807,3.856236485441465,0.9662397492797427
pipeline,I-66 WB,110P04177,35781,MD,4.0,0.303391,2,2200.0,49.0,16,5,True,33.32044444444444,1.25,2665.2912029235335,8542.38925222012,5330.582405847067,17084.77850444024,1.211496001328879,3.8829042055546004,0.9691968010631031
pipeline,I-66 WB,110P04178,32031,MD,4.0,0.688515,4,2200.0,49.0,16,2,True,43.92688888888889,0.5,1091.0781485673178,8603.776403868434,4364.312594269271,34415.10561547374,0.4959446129851445,3.910807456303834,0.991889225970289
pipeline,I-66 WB,110P04181,32037,MD,4.0,1.067945,4,2200.0,49.0,16,0,False,61.35088888888888,0.0,0.0,7798.337323006566,0.0,31193.349292026265,0.0,3.5446987831848027,
pipeline,I-66 WB,110P04182,32846,MD,4.0,1.425584,2,2200.0,49.0,16,0,False,62.294444444444444,0.0,0.0,7605.200042806737,0.0,15210.400085613473,0.0,3.4569091103666985,
pipeline,I-66 WB,110P04183,32044,MD,4.0,0.488674,3,2200.0,49.0,16,0,False,57.879555555555555,0.0,0.0,7777.167727284854,0.0,23331.50318185456,0.0,3.5350762396749333,
pipeline,I-66 WB,110+04163,25946,NT,2.0,0.098196,3,2200.0,49.0,8,5,True,48.62777777777777,1.25,2749.4720942823697,4399.430083873523,8248.416282847109,13198.290251620569,1.2497600428556226,1.9997409472152374,0.999808034284498
pipeline,I-66 WB,110+04164,25946,NT,2.0,0.107759,3,2200.0,49.0,8,3,True,47.63511111111111,0.75,1649.0427310795933,4398.928559031523,4947.12819323878,13196.78567709457,0.7495648777634515,1.999512981377965,0.9994198370179354
pipeline,I-66 WB,110+04166,26720,NT,2.0,0.814677,2,2200.0,49.0,8,0,False,53.153333333333336,0.0,0.0,4333.709359721324,0.0,8667.418719442649,0.0,1.96986789078242,
pipeline,I-66 WB,110+04167,26724,NT,2.0,0.863407,3,2200.0,49.0,8,0,False,56.5591111111111,0.0,0.0,4147.993754507094,0.0,12443.981263521284,0.0,1.8854517065941339,
pipeline,I-66 WB,110+04168,26055,NT,2.0,0.20361,2,2200.0,49.0,8,0,False,61.882222222222225,0.0,0.0,3965.4200100264707,0.0,7930.840020052941,0.0,1.802463640921123,
pipeline,I-66 WB,110+04169,26370,NT,2.0,1.476424,3,2200.0,49.0,8,0,False,57.888444444444445,0.0,0.0,4108.316050369174,0.0,12324.948151107523,0.0,1.8674163865314428,
pipeline,I-66 WB,110+04170,26177,NT,2.0,0.462016,3,2200.0,49.0,8,0,False,55.77822222222222,0.0,0.0,4210.682507181923,0.0,12632.04752154577,0.0,1.9139465941736014,
pipeline,I-66 WB,110+04176,31999,NT,2.0,1.729679,4,2200.0,49.0,8,0,False,60.8271111111111,0.0,0.0,3681.313185529857,0.0,14725.252742119428,0.0,1.673324175240844,
pipeline,I-66 WB,110+04177,35781,NT,2.0,0.244247,2,2200.0,49.0,8,0,False,55.196222222222225,0.0,0.0,4002.9322574347125,0.0,8005.864514869425,0.0,1.8195146624703238,
pipeline,I-66 WB,110+04178,32029,NT,2.0,1.332622,4,2200.0,49.0,8,0,False,60.75555555555555,0.0,0.0,3810.118735508843,0.0,15240.474942035373,0.0,1.7318721525040197,
pipeline,I-66 WB,110+04179,32032,NT,2.0,1.295447,4,2200.0,49.0,8,0,False,60.05511111111111,0.0,0.0,3943.276028163441,0.0,15773.104112653764,0.0,1.7923981946197458,
pipeline,I-66 WB,110+04182,32038,NT,2.0,0.798703,5,2200.0,49.0,8,0,False,63.47666666666667,0.0,0.0,3623.5862252052257,0.0,18117.931126026127,0.0,1.6470846478205572,
pipeline,I-66 WB,110+04183,31404,NT,2.0,0.578458,2,2200.0,49.0,8,0,False,58.73733333333333,0.0,0.0,3731.461889908813,0.0,7462.923779817626,0.0,1.6961190408676423,
pipeline,I-66 WB,110+04184,31416,NT,2.0,4.167976,2,2200.0,49.0,8,0,False,62.024,0.0,0.0,3381.9047315506114,0.0,6763.809463101223,0.0,1.537229423432096,
pipeline,I-66 WB,110P04162,26313,NT,2.0,0.276665,2,2200.0,49.0,8,8,True,45.00377777777778,2.0,4377.939970098867,4377.939970098867,8755.879940197734,8755.879940197734,1.9899727136813032,1.9899727136813032,0.9949863568406516
pipeline,I-66 WB,110P04163,26309,NT,2.0,0.061044,1,2200.0,49.0,8,1,True,48.86355555555556,0.25,549.9109180134909,4399.786587541375,549.9109180134909,4399.786587541375,0.2499595081879504,1.9999029943369888,0.9998380327518016
pipeline,I-66 WB,110P04165,26720,NT,2.0,0.253796,2,2200.0,49.0,8,0,False,49.73222222222222,0.0,0.0,4390.385415550931,0.0,8780.770831101861,0.0,1.995629734341332,
pipeline,I-66 WB,110P04166,26723,NT,2.0,0.18464,3,2200.0,49.0,8,0,False,56.21666666666666,0.0,0.0,4204.436006175627,0.0,12613.308018526881,0.0,1.9111072755343759,
pipeline,I-66 WB,110P04167,26726,NT,2.0,0.327617,2,2200.0,49.0,8,0,False,60.61688888888889,0.0,0.0,4020.182575302352,0.0,8040.365150604704,0.0,1.8273557160465235,
pipeline,I-66 WB,110P04168,26727,NT,2.0,0.260712,3,2200.0,49.0,8,0,False,60.29666666666666,0.0,0.0,4069.2413042174057,0.0,12207.723912652218,0.0,1.849655138280639,
pipeline,I-66 WB,110P04169,26370,NT,2.0,0.068453,3,2200.0,49.0,8,0,False,55.097333333333346,0.0,0.0,4195.433561692165,0.0,12586.300685076496,0.0,1.9070152553146207,
pipeline,I-66 WB,110P04176,31350,NT,2.0,0.547911,2,2200.0,49.0,8,0,False,55.862,0.0,0.0,3946.762102719077,0.0,7893.524205438154,0.0,1.7939827739632168,
pipeline,I-66 WB,110P04177,35781,NT,2.0,0.303391,2,2200.0,49.0,8,0,False,54.71377777777778,0.0,0.0,4037.1306734286313,0.0,8074.261346857263,0.0,1.8350593970130142,
pipeline,I-66 WB,110P04178,32031,NT,2.0,0.688515,4,2200.0,49.0,8,0,False,59.653555555555556,0.0,0.0,3904.664557394147,0.0,15618.658229576587,0.0,1.7748475260882486,
pipeline,I-66 WB,110P04181,32037,NT,2.0,1.067945,4,2200.0,49.0,8,0,False,63.77822222222222,0.0,0.0,3559.836587609636,0.0,14239.346350438544,0.0,1.6181075398225617,
pipeline,I-66 WB,110P04182,32846,NT,2.0,1.425584,2,2200.0,49.0,8,0,False,61.96622222222223,0.0,0.0,3592.6965692805443,0.0,7185.393138561089,0.0,1.6330438951275201,
pipeline,I-66 WB,110P04183,32044,NT,2.0,0.488674,3,2200.0,49.0,8,0,False,58.28155555555555,0.0,0.0,3644.4829858931466,0.0,10933.44895767944,0.0,1.6565831754059757,
pipeline,I-66 WB,110+04163,25946,PM,6.0,0.098196,3,2200.0,49.0,24,5,True,47.79288888888888,1.25,2748.6069494362314,13187.684969042728,8245.820848308695,39563.054907128186,1.249366795198287,5.994402258655786,0.9994934361586296
pipeline,I-66 WB,110+04164,25946,PM,6.0,0.107759,3,2200.0,49.0,24,4,True,46.608000000000004,1.0,2197.7292875082157,13192.35980902526,6593.187862524647,39577.079427075776,0.9989678579582799,5.996527185920573,0.9989678579582799
pipeline,I-66 WB,110+04166,26720,PM,6.0,0.814677,2,2200.0,49.0,24,5,True,36.547777777777775,1.25,2689.0124716889673,12725.610106400847,5378.0249433779345,25451.220212801694,1.2222783962222579,5.784368230182203,0.9778227169778063
pipeline,I-66 WB,110+04167,26724,PM,6.0,0.863407,3,2200.0,49.0,24,7,True,28.641333333333332,1.75,3651.0716660169355,12533.27736596319,10953.214998050807,37599.832097889564,1.6595780300076979,5.696944257255995,0.9483303028615417
pipeline,I-66 WB,110+04168,26055,PM,6.0,0.20361,2,2200.0,49.0,24,4,True,38.184222222222225,1.0,2153.2415703584975,11909.80838223438,4306.483140716995,23819.61676446876,0.9787461683447716,5.413549264651991,0.9787461683447716
pipeline,I-66 WB,110+04169,26370,PM,6.0,1.476424,3,2200.0,49.0,24,5,True,24.543555555555557,1.25,2354.70200006049,11995.643293105473,7064.106000181469,35986.92987931642,1.0703190909365863,5.45256513322976,0.856255272749269
pipeline,I-66 WB,110+04170,26177,PM,6.0,0.462016,3,2200.0,49.0,24,6,True,36.98644444444445,1.5,3196.0420335117815,12455.453511465548,9588.126100535344,37366.36053439665,1.4527463788689916,5.661569777938886,0.9684975859126611
pipeline,I-66 WB,110+04176,31999,PM,6.0,1.729679,4,2200.0,49.0,24,19,True,24.242,4.75,9078.344580413248,11711.607734332913,36313.37832165299,46846.43093733165,4.126520263824204,5.323458061060415,0.8687411081735166
pipeline,I-66 WB,110+04177,35781,PM,6.0,0.244247,2,2200.0,49.0,24,21,True,25.393111111111114,5.25,10057.065161022694,11704.821598632341,20114.13032204539,23409.643197264682,4.571393255010316,5.320373453923791,0.8707415723829173
pipeline,I-66 WB,110+04178,32029,PM,6.0,1.332622,4,2200.0,49.0,24,22,True,27.37733333333333,5.5,10687.213311788148,11765.832410880528,42748.85324715259,47063.32964352211,4.857824232630977,5.348105641309331,0.8832407695692684
pipeline,I-66 WB,110+04179,32032,PM,6.0,1.295447,4,2200.0,49.0,24,2,True,47.77244444444445,0.5,1098.996366144311,13117.569528871776,4395.985464577244,52470.278115487105,0.49954380279286864,5.962531604032626,0.9990876055857373
pipeline,I-66 WB,110+04182,32038,PM,6.0,0.798703,5,2200.0,49.0,24,16,True,27.075999999999993,4.0,7997.933955345115,12187.57573342125,39989.669776725576,60937.878667106255,3.6354245251568704,5.539807151555114,0.9088561312892176
pipeline,I-66 WB,110+04183,31404,PM,6.0,0.578458,2,2200.0,49.0,24,22,True,12.44,5.5,8785.139755383794,9879.754487700653,17570.27951076759,19759.508975401306,3.99324534335627,4.490797494409388,0.7260446078829582
pipeline,I-66 WB,110+04184,31416,PM,6.0,4.167976,2,2200.0,49.0,24,15,True,26.975333333333328,3.75,7671.019332750031,12566.728513455175,15342.038665500062,25133.45702691035,3.4868269694318323,5.7121493242978065,0.9298205251818219
pipeline,I-66 WB,110P04162,26313,PM,6.0,0.276665,2,2200.0,49.0,24,23,True,45.099333333333334,5.75,12614.067069624045,13164.047790271903,25228.13413924809,26328.095580543806,5.7336668498291115,5.983658086487229,0.9971594521441933
pipeline,I-66 WB,110P04163,26309,PM,6.0,0.061044,1,2200.0,49.0,24,4,True,47.14355555555556,1.0,2198.2863664171587,13192.06920677115,2198.2863664171587,13192.06920677115,0.9992210756441631,5.996395093986886,0.9992210756441631
pipeline,I-66 WB,110P04165,26720,PM,6.0,0.253796,2,2200.0,49.0,24,1,True,47.49488888888889,0.25,549.1337284381226,13090.644973877512,1098.2674568762452,26181.289947755024,0.24960624019914665,5.950293169944324,0.9984249607965866
pipeline,I-66 WB,110P04166,26723,PM,6.0,0.18464,3,2200.0,49.0,24,6,True,26.55044444444444,1.5,3081.9918717151863,12308.999676879052,9245.975615145559,36926.999030637155,1.4009053962341755,5.594999853126842,0.9339369308227837
pipeline,I-66 WB,110P04167,26726,PM,6.0,0.327617,2,2200.0,49.0,24,4,True,42.26,1.0,2185.006787830638,12159.378359213279,4370.013575661276,24318.756718426557,0.9931849035593809,5.526990163278763,0.9931849035593809
pipeline,I-66 WB,110P04168,26727,PM,6.0,0.260712,3,2200.0,49.0,24,4,True,36.36222222222222,1.0,2118.861508296558,12179.477168642083,6356.584524889674,36538.431505926244,0.9631188674075264,5.536125985746401,0.9631188674075264
pipeline,I-66 WB,110P04169,26370,PM,6.0,0.068453,3,2200.0,49.0,24,8,True,27.592000000000002,2.0,4082.651946246238,12218.990034408365,12247.955838738713,36656.970103225096,1.855750884657381,5.55408637927653,0.9278754423286905
pipeline,I-66 WB,110P04176,31350,PM,6.0,0.547911,2,2200.0,49.0,24,20,True,25.475333333333335,5.0,9628.503717003623,11821.847915413022,19257.007434007246,23643.695830826044,4.376592598638011,5.373567234278647,0.8753185197276021
pipeline,I-66 WB,110P04177,35781,PM,6.0,0.303391,2,2200.0,49.0,24,22,True,22.864,5.5,10262.659173749626,11362.380514102184,20525.31834749925,22724.761028204368,4.664845078977103,5.164718415500992,0.8481536507231096
pipeline,I-66 WB,110P04178,32031,PM,6.0,0.688515,4,2200.0,49.0,24,21,True,36.312444444444445,5.25,11143.030533688932,12776.427363731153,44572.12213475573,51105.70945492461,5.0650138789495145,5.807466983514161,0.9647645483713362
pipeline,I-66 WB,110P04181,32037,PM,6.0,1.067945,4,2200.0,49.0,24,13,True,29.77333333333333,3.25,6724.175984058404,12469.861784477303,26896.703936233615,49879.447137909214,3.056443629117456,5.668118992944229,0.940444193574602
pipeline,I-66 WB,110P04182,32846,PM,6.0,1.425584,2,2200.0,49.0,24,18,True,18.10377777777778,4.5,7941.311906391804,11169.457598753681,15882.623812783608,22338.915197507362,3.6096872301780927,5.077026181251673,0.802152717817354
pipeline,I-66 WB,110P04183,32044,PM,6.0,0.488674,3,2200.0,49.0,24,22,True,14.418000000000001,5.5,9525.423434408067,10619.630041647053,28576.2703032242,31858.890124941157,4.3297379247309395,4.827104564385024,0.7872250772238072
