link_id,from_node_id,to_node_id,t_min,period,speed_raw,speed_smoothed,speed_qvdf_model,count_per_lane_15min,lanes,count_total_15min,length_mi,free_flow,cutoff,capacity_vphpl,vmt,vht,vdt,vcdt,emis_co2_g_obs,emis_co2_g_model
1,1,2,300,AM,56.31,54.8,70.0,527.1,1,527.1,0.135,70.0,49.0,2200.0,71.22,1.265,0.247,0.0,19387.6,26045.1
1,1,2,315,AM,53.28,53.07,61.88,530.5,1,530.5,0.135,70.0,49.0,2200.0,71.68,1.345,0.321,0.0,18788.4,21558.8
1,1,2,330,AM,49.61,50.38,53.75,534.3,1,534.3,0.135,70.0,49.0,2200.0,72.19,1.455,0.424,0.0,18408.3,19016.3
1,1,2,345,AM,48.23,48.02,48.91,527.9,1,527.9,0.135,70.0,49.0,2200.0,71.33,1.479,0.46,0.038,18102.5,18137.7
1,1,2,360,AM,46.22,45.95,47.95,530.6,1,530.6,0.135,70.0,49.0,2200.0,71.69,1.551,0.527,0.103,18168.8,18183.3
1,1,2,375,AM,43.4,43.92,46.16,527.7,1,527.7,0.135,70.0,49.0,2200.0,71.3,1.643,0.624,0.202,18237.9,18071.1
1,1,2,390,AM,42.13,41.99,43.79,524.6,1,524.6,0.135,70.0,49.0,2200.0,70.88,1.683,0.67,0.251,18284.8,18095.2
1,1,2,405,AM,40.45,40.4,41.09,523.1,1,523.1,0.135,70.0,49.0,2200.0,70.67,1.747,0.738,0.319,18504.0,18388.9
1,1,2,420,AM,38.62,38.06,38.29,509.7,1,509.7,0.135,70.0,49.0,2200.0,68.87,1.783,0.799,0.392,18413.2,18493.2
1,1,2,435,AM,35.1,33.45,35.52,498.7,1,498.7,0.135,70.0,49.0,2200.0,67.39,1.92,0.957,0.558,19002.0,18867.1
1,1,2,450,AM,26.64,27.75,32.89,441.1,1,441.1,0.135,70.0,49.0,2200.0,59.6,2.238,1.386,1.033,20166.7,17512.1
1,1,2,465,AM,21.5,22.91,30.46,395.9,1,395.9,0.135,70.0,49.0,2200.0,53.5,2.488,1.724,1.408,20711.8,16540.9
1,1,2,480,AM,20.59,20.48,28.24,383.5,1,383.5,0.135,70.0,49.0,2200.0,51.82,2.517,1.776,1.47,20567.8,16858.9
1,1,2,495,AM,19.34,19.2,26.24,374.3,1,374.3,0.135,70.0,49.0,2200.0,50.57,2.614,1.892,1.593,20779.8,17277.8
1,1,2,510,AM,17.66,18.34,24.46,357.6,1,357.6,0.135,70.0,49.0,2200.0,48.32,2.736,2.046,1.76,20817.9,17284.3
1,1,2,525,AM,18.02,18.95,22.87,362.9,1,362.9,0.135,70.0,49.0,2200.0,49.04,2.721,2.02,1.73,20910.7,18293.2
1,1,2,540,AM,21.17,21.96,21.46,379.8,1,379.8,0.135,70.0,49.0,2200.0,51.31,2.424,1.691,1.387,20044.1,19885.5
1,1,2,555,AM,26.68,27.0,20.22,417.9,1,417.9,0.135,70.0,49.0,2200.0,56.46,2.116,1.309,0.975,19081.5,22643.6
1,1,2,570,AM,33.16,32.59,19.11,460.1,1,460.1,0.135,70.0,49.0,2200.0,62.17,1.875,0.987,0.619,18169.2,25710.3
1,1,2,585,AM,37.94,37.44,18.14,491.0,1,491.0,0.135,70.0,49.0,2200.0,66.34,1.749,0.801,0.408,17900.3,28199.9
1,1,2,600,MD,41.23,40.67,17.28,514.6,1,514.6,0.135,70.0,49.0,2200.0,69.53,1.686,0.693,0.282,18068.9,30282.4
1,1,2,615,MD,42.83,42.12,16.52,530.8,1,530.8,0.135,70.0,49.0,2200.0,71.71,1.674,0.65,0.226,18407.1,31913.3
1,1,2,630,MD,42.29,42.64,15.85,524.8,1,524.8,0.135,70.0,49.0,2200.0,70.9,1.677,0.664,0.244,18267.4,32161.4
1,1,2,645,MD,42.8,43.09,15.26,524.1,1,524.1,0.135,70.0,49.0,2200.0,70.81,1.654,0.643,0.224,18178.5,32662.4
1,1,2,660,MD,44.17,44.21,14.74,525.4,1,525.4,0.135,70.0,49.0,2200.0,70.99,1.607,0.593,0.173,18090.9,33235.3
1,1,2,675,MD,45.66,44.38,14.29,534.2,1,534.2,0.135,70.0,49.0,2200.0,72.17,1.581,0.55,0.123,18306.0,34225.9
1,1,2,690,MD,43.31,43.33,13.9,527.3,1,527.3,0.135,70.0,49.0,2200.0,71.25,1.645,0.627,0.205,18234.7,34171.8
1,1,2,705,MD,41.0,42.22,13.56,511.1,1,511.1,0.135,70.0,49.0,2200.0,69.05,1.684,0.698,0.289,17982.0,33440.2
1,1,2,720,MD,42.35,41.87,13.27,514.8,1,514.8,0.135,70.0,49.0,2200.0,69.56,1.643,0.649,0.237,17914.4,33967.4
1,1,2,735,MD,42.25,41.89,13.03,510.5,1,510.5,0.135,70.0,49.0,2200.0,68.98,1.633,0.647,0.239,17775.8,33916.7
1,1,2,750,MD,41.07,41.42,12.83,508.3,1,508.3,0.135,70.0,49.0,2200.0,68.68,1.672,0.691,0.285,17873.8,33966.0
1,1,2,765,MD,40.94,41.55,12.67,505.4,1,505.4,0.135,70.0,49.0,2200.0,68.29,1.668,0.693,0.288,17794.0,33925.8
1,1,2,780,MD,42.63,41.09,12.55,521.2,1,521.2,0.135,70.0,49.0,2200.0,70.42,1.652,0.646,0.229,18098.2,35104.7
1,1,2,795,MD,39.7,40.69,12.46,513.6,1,513.6,0.135,70.0,49.0,2200.0,69.39,1.748,0.757,0.346,18313.9,34674.2
1,1,2,810,MD,39.75,40.61,12.42,508.6,1,508.6,0.135,70.0,49.0,2200.0,68.72,1.729,0.747,0.34,18126.4,34384.8
1,1,2,825,MD,42.38,40.51,12.41,521.9,1,521.9,0.135,70.0,49.0,2200.0,70.52,1.664,0.656,0.239,18155.4,35294.9
1,1,2,840,PM,39.4,37.0,12.43,507.9,1,507.9,0.135,70.0,49.0,2200.0,68.62,1.742,0.762,0.355,18174.2,34321.6
1,1,2,855,PM,29.23,31.27,12.49,449.9,1,449.9,0.135,70.0,49.0,2200.0,60.79,2.08,1.211,0.852,19326.5,30350.4
1,1,2,870,PM,25.17,25.57,12.59,418.7,1,418.7,0.135,70.0,49.0,2200.0,56.58,2.247,1.439,1.104,19865.0,28167.5
1,1,2,885,PM,22.32,23.24,12.73,395.7,1,395.7,0.135,70.0,49.0,2200.0,53.46,2.396,1.632,1.316,20243.8,26513.3
1,1,2,900,PM,22.24,20.86,12.9,399.8,1,399.8,0.135,70.0,49.0,2200.0,54.02,2.429,1.657,1.337,20495.6,26655.5
1,1,2,915,PM,18.01,19.03,13.12,363.4,1,363.4,0.135,70.0,49.0,2200.0,49.1,2.727,2.025,1.735,20948.0,24079.0
1,1,2,930,PM,16.83,18.16,13.38,353.6,1,353.6,0.135,70.0,49.0,2200.0,47.77,2.838,2.156,1.873,21070.4,23251.0
1,1,2,945,PM,19.63,17.33,13.69,373.0,1,373.0,0.135,70.0,49.0,2200.0,50.39,2.567,1.847,1.549,20541.7,24309.6
1,1,2,960,PM,15.53,16.45,14.05,342.6,1,342.6,0.135,70.0,49.0,2200.0,46.29,2.981,2.32,2.046,21187.3,22101.7
1,1,2,975,PM,14.19,15.19,14.47,326.7,1,326.7,0.135,70.0,49.0,2200.0,44.14,3.112,2.481,2.22,20995.9,20827.0
1,1,2,990,PM,15.85,15.72,14.95,346.7,1,346.7,0.135,70.0,49.0,2200.0,46.84,2.955,2.286,2.009,21242.1,21798.2
1,1,2,1005,PM,17.13,16.17,15.49,352.2,1,352.2,0.135,70.0,49.0,2200.0,47.59,2.778,2.098,1.817,20812.2,21805.8
1,1,2,1020,PM,15.53,15.14,16.11,336.2,1,336.2,0.135,70.0,49.0,2200.0,45.43,2.925,2.276,2.007,20791.2,20448.7
1,1,2,1035,PM,12.75,13.74,16.82,314.0,1,314.0,0.135,70.0,49.0,2200.0,42.43,3.328,2.722,2.471,21030.4,18719.4
1,1,2,1050,PM,12.94,13.35,17.62,313.9,1,313.9,0.135,70.0,49.0,2200.0,42.42,3.279,2.673,2.422,20911.0,18294.9
1,1,2,1065,PM,14.36,14.93,18.53,327.5,1,327.5,0.135,70.0,49.0,2200.0,44.24,3.081,2.449,2.187,20939.6,18600.6
1,1,2,1080,PM,17.49,16.46,19.55,360.9,1,360.9,0.135,70.0,49.0,2200.0,48.77,2.788,2.091,1.803,21109.8,19921.9
1,1,2,1095,PM,17.53,17.99,20.71,366.3,1,366.3,0.135,70.0,49.0,2200.0,49.48,2.823,2.116,1.823,21397.0,19574.9
1,1,2,1110,PM,18.96,19.95,22.03,375.1,1,375.1,0.135,70.0,49.0,2200.0,50.67,2.673,1.949,1.649,21049.4,19338.6
1,1,2,1125,PM,23.36,22.19,23.51,401.1,1,401.1,0.135,70.0,49.0,2200.0,54.19,2.32,1.545,1.225,19952.9,19875.7
1,1,2,1140,PM,24.26,24.8,25.18,403.1,1,403.1,0.135,70.0,49.0,2200.0,54.46,2.245,1.467,1.145,19581.9,19120.7
1,1,2,1155,PM,26.77,27.28,27.05,419.6,1,419.6,0.135,70.0,49.0,2200.0,56.69,2.118,1.308,0.972,19117.2,18986.8
1,1,2,1170,PM,30.8,31.41,29.14,453.5,1,453.5,0.135,70.0,49.0,2200.0,61.27,1.989,1.114,0.752,18804.4,19519.6
1,1,2,1185,PM,36.66,36.47,31.44,489.3,1,489.3,0.135,70.0,49.0,2200.0,66.11,1.803,0.859,0.468,18172.2,20010.0
1,1,2,1200,NT,41.95,40.87,33.96,516.1,1,516.1,0.135,70.0,49.0,2200.0,69.74,1.662,0.666,0.253,18013.1,20073.0
1,1,2,1215,NT,43.99,44.05,36.66,526.9,1,526.9,0.135,70.0,49.0,2200.0,71.18,1.618,0.601,0.18,18154.8,19568.4
1,1,2,1230,NT,46.21,46.1,39.46,539.5,1,539.5,0.135,70.0,49.0,2200.0,72.9,1.578,0.536,0.105,18475.2,19292.8
1,1,2,1245,NT,48.12,47.75,42.24,547.9,1,547.9,0.135,70.0,49.0,2200.0,74.03,1.538,0.481,0.043,18784.0,19080.3
1,1,2,1260,NT,48.93,47.97,44.83,547.5,1,547.5,0.135,70.0,49.0,2200.0,73.97,1.512,0.455,0.017,18812.1,18802.9
1,1,2,1275,NT,46.85,47.8,46.99,540.2,1,540.2,0.135,70.0,49.0,2200.0,72.99,1.558,0.515,0.083,18494.7,18495.1
1,1,2,1290,NT,47.61,47.39,48.47,537.8,1,537.8,0.135,70.0,49.0,2200.0,72.66,1.526,0.488,0.058,18420.5,18452.4
1,1,2,1305,NT,47.72,47.66,49.0,538.0,1,538.0,0.135,70.0,49.0,2200.0,72.69,1.523,0.485,0.055,18430.2,18490.6
2,2,3,300,AM,59.57,58.02,70.0,512.1,1,512.1,0.024,70.0,49.0,2200.0,12.21,0.205,0.031,0.0,3508.5,4464.6
2,2,3,315,AM,56.48,56.49,67.57,529.1,1,529.1,0.024,70.0,49.0,2200.0,12.61,0.223,0.043,0.0,3442.3,4332.0
2,2,3,330,AM,53.41,53.55,62.37,528.5,1,528.5,0.024,70.0,49.0,2200.0,12.6,0.236,0.056,0.0,3307.1,3829.5
2,2,3,345,AM,50.77,51.2,57.17,518.1,1,518.1,0.024,70.0,49.0,2200.0,12.35,0.243,0.067,0.0,3170.3,3406.6
2,2,3,360,AM,49.4,49.75,51.97,522.0,1,522.0,0.024,70.0,49.0,2200.0,12.44,0.252,0.074,0.001,3170.4,3222.1
2,2,3,375,AM,49.08,48.43,47.3,535.8,1,535.8,0.024,70.0,49.0,2200.0,12.77,0.26,0.078,0.002,3250.4,3237.4
2,2,3,390,AM,46.83,47.32,41.52,532.7,1,532.7,0.024,70.0,49.0,2200.0,12.7,0.271,0.09,0.015,3218.0,3292.3
2,2,3,405,AM,46.04,46.25,34.11,534.8,1,534.8,0.024,70.0,49.0,2200.0,12.75,0.277,0.095,0.019,3231.7,3659.5
2,2,3,420,AM,45.88,45.16,27.99,533.9,1,533.9,0.024,70.0,49.0,2200.0,12.73,0.277,0.096,0.02,3227.2,4166.3
2,2,3,435,AM,43.55,41.84,23.66,531.1,1,531.1,0.024,70.0,49.0,2200.0,12.66,0.291,0.11,0.035,3236.1,4624.9
2,2,3,450,AM,36.07,35.79,20.8,496.6,1,496.6,0.024,70.0,49.0,2200.0,11.84,0.328,0.159,0.089,3284.5,4671.3
2,2,3,465,AM,27.74,29.93,19.05,436.9,1,436.9,0.024,70.0,49.0,2200.0,10.42,0.376,0.227,0.165,3430.5,4315.6
2,2,3,480,AM,25.99,25.17,18.15,419.2,1,419.2,0.024,70.0,49.0,2200.0,9.99,0.384,0.242,0.183,3436.7,4246.4
2,2,3,495,AM,21.78,22.87,17.98,374.4,1,374.4,0.024,70.0,49.0,2200.0,8.93,0.41,0.282,0.23,3429.4,3810.7
2,2,3,510,AM,20.84,21.53,18.51,362.9,1,362.9,0.024,70.0,49.0,2200.0,8.65,0.415,0.291,0.24,3410.0,3639.1
2,2,3,525,AM,21.98,22.71,19.81,364.9,1,364.9,0.024,70.0,49.0,2200.0,8.7,0.396,0.271,0.22,3324.0,3528.0
2,2,3,540,AM,25.31,26.63,22.08,386.9,1,386.9,0.024,70.0,49.0,2200.0,9.22,0.364,0.233,0.178,3227.0,3514.1
2,2,3,555,AM,32.59,32.64,25.63,442.0,1,442.0,0.024,70.0,49.0,2200.0,10.54,0.323,0.173,0.11,3115.2,3657.0
2,2,3,570,AM,40.03,38.38,30.84,482.5,1,482.5,0.024,70.0,49.0,2200.0,11.5,0.287,0.123,0.055,3024.5,3526.8
2,2,3,585,AM,42.51,43.37,37.77,491.9,1,491.9,0.024,70.0,49.0,2200.0,11.73,0.276,0.108,0.039,3016.7,3171.6
2,2,3,600,MD,47.58,46.86,44.87,523.2,1,523.2,0.024,70.0,49.0,2200.0,12.47,0.262,0.084,0.01,3161.7,3170.0
2,2,3,615,MD,50.48,49.17,50.11,547.3,1,547.3,0.024,70.0,49.0,2200.0,13.05,0.258,0.072,0.0,3342.4,3335.5
2,2,3,630,MD,49.45,49.66,54.72,539.1,1,539.1,0.024,70.0,49.0,2200.0,12.85,0.26,0.076,0.0,3275.0,3424.4
2,2,3,645,MD,49.06,49.45,68.61,536.8,1,536.8,0.024,70.0,49.0,2200.0,12.8,0.261,0.078,0.002,3256.0,4512.4
2,2,3,660,MD,49.85,49.71,63.38,533.9,1,533.9,0.024,70.0,49.0,2200.0,12.73,0.255,0.073,0.0,3249.9,3955.3
2,2,3,675,MD,50.22,50.18,58.15,531.7,1,531.7,0.024,70.0,49.0,2200.0,12.68,0.252,0.071,0.0,3242.4,3552.5
2,2,3,690,MD,50.47,49.59,52.93,538.4,1,538.4,0.024,70.0,49.0,2200.0,12.84,0.254,0.071,0.0,3288.2,3352.7
2,2,3,705,MD,48.09,48.8,47.78,517.6,1,517.6,0.024,70.0,49.0,2200.0,12.34,0.257,0.08,0.007,3130.6,3128.8
2,2,3,720,MD,47.85,48.27,43.42,513.4,1,513.4,0.024,70.0,49.0,2200.0,12.24,0.256,0.081,0.009,3104.0,3130.6
2,2,3,735,MD,48.86,48.45,42.49,514.5,1,514.5,0.024,70.0,49.0,2200.0,12.27,0.251,0.076,0.003,3118.5,3155.5
2,2,3,750,MD,48.65,48.81,46.7,515.8,1,515.8,0.024,70.0,49.0,2200.0,12.3,0.253,0.077,0.004,3124.3,3115.7
2,2,3,765,MD,48.93,49.18,51.62,521.0,1,521.0,0.024,70.0,49.0,2200.0,12.42,0.254,0.076,0.003,3158.6,3207.0
2,2,3,780,MD,49.97,49.46,66.2,527.4,1,527.4,0.024,70.0,49.0,2200.0,12.57,0.252,0.072,0.0,3211.8,4172.6
2,2,3,795,MD,49.48,49.45,61.01,534.7,1,534.7,0.024,70.0,49.0,2200.0,12.75,0.258,0.076,0.0,3248.8,3766.7
2,2,3,810,MD,48.89,49.54,55.82,530.2,1,530.2,0.024,70.0,49.0,2200.0,12.64,0.259,0.078,0.003,3214.1,3417.2
2,2,3,825,MD,50.26,49.6,50.64,538.8,1,538.8,0.024,70.0,49.0,2200.0,12.84,0.256,0.072,0.0,3286.3,3293.7
2,2,3,840,PM,49.66,47.69,48.32,541.2,1,541.2,0.024,70.0,49.0,2200.0,12.9,0.26,0.075,0.0,3291.2,3275.5
2,2,3,855,PM,43.16,44.58,46.01,520.9,1,520.9,0.024,70.0,49.0,2200.0,12.42,0.288,0.11,0.037,3180.6,3147.8
2,2,3,870,PM,40.9,41.3,42.75,510.5,1,510.5,0.024,70.0,49.0,2200.0,12.17,0.298,0.124,0.052,3172.0,3125.3
2,2,3,885,PM,39.85,39.82,39.21,506.8,1,506.8,0.024,70.0,49.0,2200.0,12.08,0.303,0.131,0.059,3183.5,3206.8
2,2,3,900,PM,38.7,37.35,35.87,506.3,1,506.3,0.024,70.0,49.0,2200.0,12.07,0.312,0.139,0.068,3224.2,3360.2
2,2,3,915,PM,33.51,34.0,32.93,474.2,1,474.2,0.024,70.0,49.0,2200.0,11.3,0.337,0.176,0.109,3282.1,3318.9
2,2,3,930,PM,29.79,32.14,30.48,439.5,1,439.5,0.024,70.0,49.0,2200.0,10.48,0.352,0.202,0.14,3288.3,3238.0
2,2,3,945,PM,33.13,30.63,28.51,459.5,1,459.5,0.024,70.0,49.0,2200.0,10.95,0.331,0.174,0.109,3203.1,3541.6
2,2,3,960,PM,28.98,29.82,26.97,446.7,1,446.7,0.024,70.0,49.0,2200.0,10.65,0.368,0.215,0.152,3405.5,3573.3
2,2,3,975,PM,27.36,29.01,25.83,427.3,1,427.3,0.024,70.0,49.0,2200.0,10.19,0.372,0.227,0.167,3386.1,3517.1
2,2,3,990,PM,30.69,29.84,25.06,445.0,1,445.0,0.024,70.0,49.0,2200.0,10.61,0.346,0.194,0.131,3263.8,3736.7
2,2,3,1005,PM,31.47,30.97,24.61,443.1,1,443.1,0.024,70.0,49.0,2200.0,10.56,0.336,0.185,0.122,3195.6,3763.5
2,2,3,1020,PM,30.76,29.66,24.48,451.2,1,451.2,0.024,70.0,49.0,2200.0,10.76,0.35,0.196,0.132,3303.6,3845.3
2,2,3,1035,PM,26.76,27.1,24.66,431.5,1,431.5,0.024,70.0,49.0,2200.0,10.29,0.384,0.237,0.177,3469.6,3660.2
2,2,3,1050,PM,23.79,25.98,25.16,404.0,1,404.0,0.024,70.0,49.0,2200.0,9.63,0.405,0.267,0.21,3506.4,3383.2
2,2,3,1065,PM,27.39,27.87,25.99,426.7,1,426.7,0.024,70.0,49.0,2200.0,10.17,0.371,0.226,0.166,3378.5,3498.6
2,2,3,1080,PM,32.44,30.76,27.19,459.7,1,459.7,0.024,70.0,49.0,2200.0,10.96,0.338,0.181,0.116,3248.8,3657.7
2,2,3,1095,PM,32.44,32.51,28.79,460.7,1,460.7,0.024,70.0,49.0,2200.0,10.98,0.339,0.182,0.117,3256.9,3527.8
2,2,3,1110,PM,32.64,32.65,30.84,463.0,1,463.0,0.024,70.0,49.0,2200.0,11.04,0.338,0.18,0.115,3259.3,3384.4
2,2,3,1125,PM,32.88,32.99,33.37,458.1,1,458.1,0.024,70.0,49.0,2200.0,10.92,0.332,0.176,0.112,3209.5,3178.9
2,2,3,1140,PM,33.46,33.34,36.38,462.0,1,462.0,0.024,70.0,49.0,2200.0,11.01,0.329,0.172,0.107,3200.6,3041.1
2,2,3,1155,PM,33.68,35.62,39.78,458.7,1,458.7,0.024,70.0,49.0,2200.0,10.93,0.325,0.168,0.104,3164.3,2883.4
2,2,3,1170,PM,39.73,38.96,43.32,499.0,1,499.0,0.024,70.0,49.0,2200.0,11.9,0.299,0.129,0.059,3138.3,3044.2
2,2,3,1185,PM,43.46,43.92,46.48,512.2,1,512.2,0.024,70.0,49.0,2200.0,12.21,0.281,0.107,0.034,3122.5,3094.2
2,2,3,1200,NT,48.58,47.58,48.48,527.1,1,527.1,0.024,70.0,49.0,2200.0,12.57,0.259,0.079,0.005,3192.3,3191.5
2,2,3,1215,NT,50.71,50.28,51.88,535.5,1,535.5,0.024,70.0,49.0,2200.0,12.77,0.252,0.069,0.0,3274.9,3302.8
2,2,3,1230,NT,51.56,51.64,56.86,540.7,1,540.7,0.024,70.0,49.0,2200.0,12.89,0.25,0.066,0.0,3326.9,3538.0
2,2,3,1245,NT,52.66,52.61,62.19,545.9,1,545.9,0.024,70.0,49.0,2200.0,13.01,0.247,0.061,0.0,3390.4,3939.8
2,2,3,1260,NT,53.62,52.96,67.51,543.8,1,543.8,0.024,70.0,49.0,2200.0,12.96,0.242,0.057,0.0,3410.2,4445.3
2,2,3,1275,NT,52.61,53.0,70.0,543.4,1,543.4,0.024,70.0,49.0,2200.0,12.95,0.246,0.061,0.0,3373.3,4737.4
2,2,3,1290,NT,52.79,52.57,70.0,543.6,1,543.6,0.024,70.0,49.0,2200.0,12.96,0.246,0.06,0.0,3380.2,4739.2
2,2,3,1305,NT,52.32,52.55,70.0,540.2,1,540.2,0.024,70.0,49.0,2200.0,12.88,0.246,0.062,0.0,3344.7,4709.4
3,3,4,300,AM,67.67,66.66,70.0,379.4,1,379.4,0.924,70.0,49.0,2200.0,350.74,5.183,0.172,0.0,120749.8,128265.8
3,3,4,315,AM,65.65,65.84,70.0,438.1,1,438.1,0.924,70.0,49.0,2200.0,405.02,6.169,0.383,0.0,132653.7,148115.5
3,3,4,330,AM,64.21,63.79,69.31,462.3,1,462.3,0.924,70.0,49.0,2200.0,427.42,6.657,0.551,0.0,135315.1,153474.9
3,3,4,345,AM,61.51,62.06,64.1,500.3,1,500.3,0.924,70.0,49.0,2200.0,462.47,7.519,0.912,0.0,138049.2,146040.5
3,3,4,360,AM,60.46,59.42,58.89,509.3,1,509.3,0.924,70.0,49.0,2200.0,470.84,7.788,1.062,0.0,137620.0,133641.3
3,3,4,375,AM,56.3,55.23,53.68,526.0,1,526.0,0.924,70.0,49.0,2200.0,486.22,8.637,1.691,0.0,132337.7,127984.8
3,3,4,390,AM,48.93,48.29,48.8,523.4,1,523.4,0.924,70.0,49.0,2200.0,483.88,9.889,2.977,0.113,123057.9,123004.0
3,3,4,405,AM,39.64,42.21,45.77,496.6,1,496.6,0.924,70.0,49.0,2200.0,459.06,11.581,5.023,2.306,121240.2,116418.4
3,3,4,420,AM,38.06,37.0,40.62,485.0,1,485.0,0.924,70.0,49.0,2200.0,448.37,11.782,5.377,2.723,120778.4,117187.1
3,3,4,435,AM,33.3,32.93,35.94,465.4,1,465.4,0.924,70.0,49.0,2200.0,430.2,12.919,6.773,4.227,125394.7,119623.3
3,3,4,450,AM,27.43,29.16,32.6,444.1,1,444.1,0.924,70.0,49.0,2200.0,410.58,14.969,9.104,6.674,136236.8,121341.7
3,3,4,465,AM,26.76,28.43,30.69,441.2,1,441.2,0.924,70.0,49.0,2200.0,407.86,15.244,9.417,7.004,137592.7,125471.0
3,3,4,480,AM,31.1,29.66,30.11,450.0,1,450.0,0.924,70.0,49.0,2200.0,415.99,13.374,7.432,4.97,126830.2,129628.5
3,3,4,495,AM,31.12,29.86,30.81,452.1,1,452.1,0.924,70.0,49.0,2200.0,417.94,13.43,7.459,4.986,127377.2,128229.2
3,3,4,510,AM,27.35,29.14,32.85,441.1,1,441.1,0.924,70.0,49.0,2200.0,407.76,14.91,9.085,6.672,135568.6,119911.3
3,3,4,525,AM,28.96,31.35,36.31,445.6,1,445.6,0.924,70.0,49.0,2200.0,411.96,14.225,8.34,5.902,131784.9,113867.0
3,3,4,540,AM,37.75,37.85,41.05,488.8,1,488.8,0.924,70.0,49.0,2200.0,451.91,11.971,5.515,2.841,122246.9,117627.8
3,3,4,555,AM,46.84,44.31,46.07,511.0,1,511.0,0.924,70.0,49.0,2200.0,472.41,10.086,3.337,0.542,119697.7,119751.4
3,3,4,570,AM,48.36,48.96,49.54,515.2,1,515.2,0.924,70.0,49.0,2200.0,476.31,9.85,3.046,0.227,120922.0,121427.4
3,3,4,585,AM,51.7,52.54,54.21,511.1,1,511.1,0.924,70.0,49.0,2200.0,472.5,9.14,2.39,0.0,122075.8,125123.2
3,3,4,600,MD,57.57,56.03,59.47,513.8,1,513.8,0.924,70.0,49.0,2200.0,474.98,8.25,1.465,0.0,131841.0,136258.0
3,3,4,615,MD,58.81,58.57,64.74,509.4,1,509.4,0.924,70.0,49.0,2200.0,470.93,8.007,1.28,0.0,133493.4,150931.4
3,3,4,630,MD,59.32,59.01,70.0,500.4,1,500.4,0.924,70.0,49.0,2200.0,462.61,7.798,1.19,0.0,132337.3,169176.0
3,3,4,645,MD,58.89,59.48,70.0,505.7,1,505.7,0.924,70.0,49.0,2200.0,467.49,7.938,1.26,0.0,132706.8,170962.1
3,3,4,660,MD,60.24,59.62,70.0,490.9,1,490.9,0.924,70.0,49.0,2200.0,453.78,7.533,1.05,0.0,132071.8,165948.7
3,3,4,675,MD,59.74,60.12,70.0,493.9,1,493.9,0.924,70.0,49.0,2200.0,456.56,7.643,1.12,0.0,131619.6,166962.8
3,3,4,690,MD,60.39,60.29,70.0,492.6,1,492.6,0.924,70.0,49.0,2200.0,455.35,7.54,1.035,0.0,132915.5,166522.8
3,3,4,705,MD,60.74,61.01,70.0,492.4,1,492.4,0.924,70.0,49.0,2200.0,455.22,7.494,0.991,0.0,133799.7,166472.6
3,3,4,720,MD,61.91,61.46,70.0,495.1,1,495.1,0.924,70.0,49.0,2200.0,457.74,7.394,0.855,0.0,137778.5,167394.4
3,3,4,735,MD,61.73,61.9,70.0,497.6,1,497.6,0.924,70.0,49.0,2200.0,460.04,7.452,0.88,0.0,137966.5,168237.5
3,3,4,750,MD,62.05,62.02,70.0,494.5,1,494.5,0.924,70.0,49.0,2200.0,457.18,7.368,0.837,0.0,138003.6,167190.5
3,3,4,765,MD,62.29,62.23,70.0,493.7,1,493.7,0.924,70.0,49.0,2200.0,456.36,7.326,0.807,0.0,138480.9,166891.2
3,3,4,780,MD,62.36,62.38,70.0,492.3,1,492.3,0.924,70.0,49.0,2200.0,455.11,7.298,0.796,0.0,138305.5,166434.6
3,3,4,795,MD,62.47,62.35,70.0,491.8,1,491.8,0.924,70.0,49.0,2200.0,454.67,7.278,0.783,0.0,138499.8,166274.5
3,3,4,810,MD,62.21,62.37,70.0,495.5,1,495.5,0.924,70.0,49.0,2200.0,458.03,7.362,0.819,0.0,138751.9,167503.2
3,3,4,825,MD,62.42,62.24,70.0,491.4,1,491.4,0.924,70.0,49.0,2200.0,454.31,7.279,0.789,0.0,138225.1,166142.3
3,3,4,840,PM,62.08,61.77,70.0,496.1,1,496.1,0.924,70.0,49.0,2200.0,458.61,7.388,0.836,0.0,138530.1,167712.0
3,3,4,855,PM,60.81,61.29,70.0,509.0,1,509.0,0.924,70.0,49.0,2200.0,470.54,7.738,1.016,0.0,138476.9,172075.1
3,3,4,870,PM,60.98,60.96,70.0,506.8,1,506.8,0.924,70.0,49.0,2200.0,468.52,7.683,0.99,0.0,138360.9,171336.8
3,3,4,885,PM,61.1,60.78,70.0,506.0,1,506.0,0.924,70.0,49.0,2200.0,467.79,7.656,0.973,0.0,138479.5,171069.0
3,3,4,900,PM,60.25,60.08,70.0,512.9,1,512.9,0.924,70.0,49.0,2200.0,474.11,7.869,1.096,0.0,138011.7,173381.7
3,3,4,915,PM,58.89,59.23,70.0,513.0,1,513.0,0.924,70.0,49.0,2200.0,474.25,8.053,1.278,0.0,134626.0,173432.0
3,3,4,930,PM,58.55,58.13,70.0,515.4,1,515.4,0.924,70.0,49.0,2200.0,476.43,8.137,1.331,0.0,134439.4,174229.1
3,3,4,945,PM,56.95,56.73,70.0,515.7,1,515.7,0.924,70.0,49.0,2200.0,476.77,8.371,1.56,0.0,131050.8,174355.6
3,3,4,960,PM,54.67,54.79,70.0,504.2,1,504.2,0.924,70.0,49.0,2200.0,466.07,8.525,1.867,0.0,124104.4,170441.8
3,3,4,975,PM,52.75,52.23,65.11,505.1,1,505.1,0.924,70.0,49.0,2200.0,466.92,8.851,2.181,0.0,121750.2,150980.6
3,3,4,990,PM,49.27,50.08,59.88,511.0,1,511.0,0.924,70.0,49.0,2200.0,472.38,9.588,2.84,0.044,120286.0,136539.9
3,3,4,1005,PM,48.21,49.11,54.64,496.4,1,496.4,0.924,70.0,49.0,2200.0,458.92,9.519,2.963,0.248,116467.2,122160.9
3,3,4,1020,PM,49.86,49.06,49.41,500.2,1,500.2,0.924,70.0,49.0,2200.0,462.46,9.274,2.668,0.0,118075.6,117826.3
3,3,4,1035,PM,49.1,48.3,46.46,497.2,1,497.2,0.924,70.0,49.0,2200.0,459.59,9.36,2.794,0.074,116954.9,116461.3
3,3,4,1050,PM,45.94,46.04,42.81,484.3,1,484.3,0.924,70.0,49.0,2200.0,447.72,9.745,3.349,0.7,113511.5,114939.9
3,3,4,1065,PM,43.09,43.9,41.29,474.3,1,474.3,0.924,70.0,49.0,2200.0,438.46,10.176,3.913,1.318,112363.6,113883.3
3,3,4,1080,PM,42.68,42.93,42.68,465.1,1,465.1,0.924,70.0,49.0,2200.0,429.99,10.075,3.932,1.388,110480.8,110479.9
3,3,4,1095,PM,43.01,45.32,46.34,470.5,1,470.5,0.924,70.0,49.0,2200.0,434.97,10.112,3.898,1.324,111516.6,110228.8
3,3,4,1110,PM,50.27,49.09,49.29,509.2,1,509.2,0.924,70.0,49.0,2200.0,470.73,9.364,2.639,0.0,120450.3,119875.6
3,3,4,1125,PM,53.98,53.55,54.43,504.9,1,504.9,0.924,70.0,49.0,2200.0,466.77,8.647,1.979,0.0,123281.2,123932.2
3,3,4,1140,PM,56.41,56.29,59.74,513.7,1,513.7,0.924,70.0,49.0,2200.0,474.9,8.419,1.635,0.0,129462.9,136911.1
3,3,4,1155,PM,58.49,57.79,65.05,503.9,1,503.9,0.924,70.0,49.0,2200.0,465.82,7.964,1.309,0.0,131303.6,150385.0
3,3,4,1170,PM,58.48,59.32,70.0,503.7,1,503.7,0.924,70.0,49.0,2200.0,465.68,7.963,1.311,0.0,131238.3,170297.9
3,3,4,1185,PM,61.0,60.77,70.0,505.0,1,505.0,0.924,70.0,49.0,2200.0,466.84,7.653,0.984,0.0,137924.1,170722.0
3,3,4,1200,NT,62.84,61.84,70.0,486.4,1,486.4,0.924,70.0,49.0,2200.0,449.69,7.156,0.732,0.0,138078.6,164450.7
3,3,4,1215,NT,61.68,62.41,70.0,499.8,1,499.8,0.924,70.0,49.0,2200.0,462.02,7.491,0.891,0.0,138398.5,168961.9
3,3,4,1230,NT,62.72,62.28,70.0,488.5,1,488.5,0.924,70.0,49.0,2200.0,451.63,7.201,0.749,0.0,138314.3,165161.4
3,3,4,1245,NT,62.45,62.57,70.0,490.7,1,490.7,0.924,70.0,49.0,2200.0,453.64,7.264,0.784,0.0,138109.8,165894.5
3,3,4,1260,NT,62.54,62.48,70.0,488.7,1,488.7,0.924,70.0,49.0,2200.0,451.77,7.223,0.77,0.0,137825.1,165213.4
3,3,4,1275,NT,62.46,62.85,70.0,490.3,1,490.3,0.924,70.0,49.0,2200.0,453.24,7.257,0.782,0.0,138024.0,165749.6
3,3,4,1290,NT,63.56,63.1,70.0,475.9,1,475.9,0.924,70.0,49.0,2200.0,439.93,6.921,0.637,0.0,137250.6,160882.6
3,3,4,1305,NT,63.29,63.43,70.0,480.7,1,480.7,0.924,70.0,49.0,2200.0,444.4,7.021,0.673,0.0,137819.8,162518.2
4,4,5,300,AM,66.83,65.44,70.0,409.4,1,409.4,1.151,70.0,49.0,2200.0,471.26,7.052,0.32,0.0,158848.1,172340.5
4,4,5,315,AM,64.06,64.49,70.0,468.9,1,468.9,1.151,70.0,49.0,2200.0,539.82,8.427,0.716,0.0,170313.2,197413.7
4,4,5,330,AM,62.57,62.44,70.0,488.5,1,488.5,1.151,70.0,49.0,2200.0,562.42,8.988,0.954,0.0,171697.8,205677.8
4,4,5,345,AM,60.68,60.46,67.22,509.0,1,509.0,1.151,70.0,49.0,2200.0,585.95,9.656,1.286,0.0,172011.2,199429.1
4,4,5,360,AM,58.11,57.41,62.0,513.7,1,513.7,1.151,70.0,49.0,2200.0,591.44,10.178,1.728,0.0,165636.1,178346.8
4,4,5,375,AM,53.44,53.93,56.78,524.3,1,524.3,1.151,70.0,49.0,2200.0,603.55,11.294,2.671,0.0,158470.7,165449.1
4,4,5,390,AM,50.23,50.14,51.56,528.3,1,528.3,1.151,70.0,49.0,2200.0,608.22,12.11,3.421,0.0,155588.8,156970.0
4,4,5,405,AM,46.76,47.81,48.12,527.9,1,527.9,1.151,70.0,49.0,2200.0,607.75,12.997,4.315,0.719,153988.7,154206.0
4,4,5,420,AM,46.44,46.29,45.41,517.7,1,517.7,1.151,70.0,49.0,2200.0,595.95,12.832,4.318,0.792,151015.7,151242.4
4,4,5,435,AM,45.66,45.43,42.2,513.4,1,513.4,1.151,70.0,49.0,2200.0,591.08,12.944,4.5,1.003,149925.2,152385.3
4,4,5,450,AM,44.19,45.16,39.84,509.4,1,509.4,1.151,70.0,49.0,2200.0,586.39,13.271,4.894,1.424,149418.6,154520.8
4,4,5,465,AM,45.64,46.42,38.83,518.9,1,518.9,1.151,70.0,49.0,2200.0,597.35,13.09,4.556,1.021,151525.2,159292.1
4,4,5,480,AM,49.44,47.95,39.28,534.3,1,534.3,1.151,70.0,49.0,2200.0,615.08,12.44,3.653,0.013,156737.1,163121.9
4,4,5,495,AM,48.76,47.39,41.15,527.5,1,527.5,1.151,70.0,49.0,2200.0,607.22,12.452,3.778,0.185,154338.3,157913.1
4,4,5,510,AM,43.95,45.63,44.14,513.4,1,513.4,1.151,70.0,49.0,2200.0,591.05,13.447,5.004,1.507,150763.0,150633.6
4,4,5,525,AM,44.19,46.05,47.26,517.7,1,517.7,1.151,70.0,49.0,2200.0,595.99,13.488,4.974,1.447,151864.9,151035.2
4,4,5,540,AM,50.0,49.34,50.43,536.8,1,536.8,1.151,70.0,49.0,2200.0,618.01,12.359,3.53,0.0,157904.6,158275.1
4,4,5,555,AM,53.84,52.89,54.84,535.7,1,535.7,1.151,70.0,49.0,2200.0,616.68,11.454,2.644,0.0,162619.4,164558.9
4,4,5,570,AM,54.82,54.9,60.13,536.6,1,536.6,1.151,70.0,49.0,2200.0,617.77,11.269,2.443,0.0,164811.9,179416.1
4,4,5,585,AM,56.04,55.25,65.42,535.0,1,535.0,1.151,70.0,49.0,2200.0,615.92,10.99,2.191,0.0,167032.9,200599.8
4,4,5,600,MD,54.87,55.72,70.0,529.5,1,529.5,1.151,70.0,49.0,2200.0,609.55,11.108,2.4,0.0,162725.9,222910.7
4,4,5,615,MD,56.23,56.04,70.0,532.4,1,532.4,1.151,70.0,49.0,2200.0,612.86,10.899,2.143,0.0,166650.1,224121.7
4,4,5,630,MD,57.0,56.93,70.0,529.0,1,529.0,1.151,70.0,49.0,2200.0,608.98,10.684,1.984,0.0,167508.1,222703.0
4,4,5,645,MD,57.55,57.85,70.0,530.2,1,530.2,1.151,70.0,49.0,2200.0,610.34,10.606,1.887,0.0,169345.7,223200.3
4,4,5,660,MD,59.02,58.52,70.0,519.4,1,519.4,1.151,70.0,49.0,2200.0,597.93,10.132,1.59,0.0,170110.0,218663.9
4,4,5,675,MD,59.0,58.94,70.0,522.0,1,522.0,1.151,70.0,49.0,2200.0,600.97,10.186,1.601,0.0,170918.8,219773.7
4,4,5,690,MD,58.8,58.51,70.0,520.7,1,520.7,1.151,70.0,49.0,2200.0,599.45,10.194,1.631,0.0,169895.5,219220.7
4,4,5,705,MD,57.71,57.99,70.0,519.5,1,519.5,1.151,70.0,49.0,2200.0,598.08,10.363,1.819,0.0,166394.0,218717.5
4,4,5,720,MD,57.46,57.61,70.0,511.9,1,511.9,1.151,70.0,49.0,2200.0,589.35,10.257,1.838,0.0,163281.3,215526.5
4,4,5,735,MD,57.67,57.82,70.0,509.3,1,509.3,1.151,70.0,49.0,2200.0,586.3,10.166,1.791,0.0,163001.1,214410.6
4,4,5,750,MD,58.34,58.13,70.0,512.6,1,512.6,1.151,70.0,49.0,2200.0,590.06,10.115,1.686,0.0,165880.3,215786.2
4,4,5,765,MD,58.38,58.87,70.0,521.7,1,521.7,1.151,70.0,49.0,2200.0,600.62,10.288,1.707,0.0,168988.4,219648.0
4,4,5,780,MD,59.88,59.42,70.0,516.5,1,516.5,1.151,70.0,49.0,2200.0,594.63,9.931,1.436,0.0,171877.9,217456.2
4,4,5,795,MD,60.0,59.67,70.0,514.9,1,514.9,1.151,70.0,49.0,2200.0,592.82,9.88,1.411,0.0,171756.5,216794.6
4,4,5,810,MD,59.13,59.46,70.0,520.8,1,520.8,1.151,70.0,49.0,2200.0,599.59,10.141,1.575,0.0,170927.9,219271.2
4,4,5,825,MD,59.26,59.22,70.0,520.2,1,520.2,1.151,70.0,49.0,2200.0,598.82,10.106,1.551,0.0,171101.4,218990.0
4,4,5,840,PM,59.29,58.95,70.0,520.1,1,520.1,1.151,70.0,49.0,2200.0,598.76,10.099,1.545,0.0,171188.2,218966.8
4,4,5,855,PM,58.31,58.31,70.0,525.3,1,525.3,1.151,70.0,49.0,2200.0,604.72,10.37,1.731,0.0,169939.6,221147.4
4,4,5,870,PM,57.32,57.63,70.0,530.3,1,530.3,1.151,70.0,49.0,2200.0,610.53,10.651,1.929,0.0,168786.0,223269.6
4,4,5,885,PM,57.26,56.51,70.0,530.5,1,530.5,1.151,70.0,49.0,2200.0,610.72,10.666,1.942,0.0,168666.9,223341.7
4,4,5,900,PM,54.94,55.64,70.0,533.2,1,533.2,1.151,70.0,49.0,2200.0,613.81,11.172,2.404,0.0,163999.5,224469.7
4,4,5,915,PM,54.72,54.77,70.0,534.4,1,534.4,1.151,70.0,49.0,2200.0,615.21,11.242,2.454,0.0,163926.6,224982.9
4,4,5,930,PM,54.64,53.86,70.0,534.9,1,534.9,1.151,70.0,49.0,2200.0,615.75,11.269,2.473,0.0,163904.9,225180.3
4,4,5,945,PM,52.23,53.6,70.0,539.5,1,539.5,1.151,70.0,49.0,2200.0,621.11,11.893,3.02,0.0,161178.0,227138.3
4,4,5,960,PM,53.92,53.34,70.0,542.8,1,542.8,1.151,70.0,49.0,2200.0,624.83,11.587,2.661,0.0,164921.4,228500.4
4,4,5,975,PM,53.87,53.14,66.54,541.8,1,541.8,1.151,70.0,49.0,2200.0,623.7,11.578,2.668,0.0,164523.3,208726.3
4,4,5,990,PM,51.62,52.01,61.34,539.7,1,539.7,1.151,70.0,49.0,2200.0,621.27,12.036,3.161,0.0,160413.6,184822.5
4,4,5,1005,PM,50.53,50.6,56.15,539.9,1,539.9,1.151,70.0,49.0,2200.0,621.52,12.299,3.42,0.0,159279.2,168799.3
4,4,5,1020,PM,49.66,49.35,50.95,538.8,1,538.8,1.151,70.0,49.0,2200.0,620.29,12.49,3.628,0.0,158221.2,159390.3
4,4,5,1035,PM,47.87,48.41,47.09,536.8,1,536.8,1.151,70.0,49.0,2200.0,617.95,12.91,4.082,0.426,156716.4,156582.6
4,4,5,1050,PM,47.7,47.7,44.54,531.6,1,531.6,1.151,70.0,49.0,2200.0,611.96,12.828,4.086,0.465,155156.4,155710.1
4,4,5,1065,PM,47.52,48.17,45.25,535.0,1,535.0,1.151,70.0,49.0,2200.0,615.95,12.961,4.162,0.517,156130.5,156377.5
4,4,5,1080,PM,49.29,48.87,48.09,537.2,1,537.2,1.151,70.0,49.0,2200.0,618.49,12.547,3.712,0.052,157507.8,156923.6
4,4,5,1095,PM,49.79,49.3,52.69,531.9,1,531.9,1.151,70.0,49.0,2200.0,612.35,12.298,3.55,0.0,156291.1,159572.1
4,4,5,1110,PM,48.81,49.88,57.99,525.9,1,525.9,1.151,70.0,49.0,2200.0,605.4,12.403,3.754,0.172,153899.8,169191.4
4,4,5,1125,PM,51.03,50.94,63.29,531.1,1,531.1,1.151,70.0,49.0,2200.0,611.42,11.98,3.246,0.0,157197.4,189589.4
4,4,5,1140,PM,52.97,52.29,65.05,525.6,1,525.6,1.151,70.0,49.0,2200.0,605.07,11.423,2.779,0.0,158103.8,195371.6
4,4,5,1155,PM,52.88,54.06,70.0,526.2,1,526.2,1.151,70.0,49.0,2200.0,605.75,11.456,2.802,0.0,158138.3,221521.5
4,4,5,1170,PM,56.34,56.0,70.0,525.8,1,525.8,1.151,70.0,49.0,2200.0,605.29,10.744,2.097,0.0,164839.3,221354.5
4,4,5,1185,PM,58.79,58.5,70.0,522.8,1,522.8,1.151,70.0,49.0,2200.0,601.87,10.237,1.639,0.0,170555.3,220102.5
4,4,5,1200,NT,60.37,59.62,70.0,512.0,1,512.0,1.151,70.0,49.0,2200.0,589.48,9.765,1.344,0.0,171986.1,215571.2
4,4,5,1215,NT,59.69,60.13,70.0,517.7,1,517.7,1.151,70.0,49.0,2200.0,596.02,9.985,1.47,0.0,171676.7,217964.6
4,4,5,1230,NT,60.34,60.18,70.0,512.3,1,512.3,1.151,70.0,49.0,2200.0,589.75,9.773,1.348,0.0,171992.4,215671.2
4,4,5,1245,NT,60.5,60.55,70.0,510.7,1,510.7,1.151,70.0,49.0,2200.0,587.94,9.718,1.319,0.0,171984.0,215009.4
4,4,5,1260,NT,60.8,60.92,70.0,507.8,1,507.8,1.151,70.0,49.0,2200.0,584.56,9.615,1.264,0.0,172008.7,213772.8
4,4,5,1275,NT,61.45,61.37,70.0,501.8,1,501.8,1.151,70.0,49.0,2200.0,577.71,9.402,1.149,0.0,172230.8,211269.7
4,4,5,1290,NT,61.85,61.89,70.0,497.5,1,497.5,1.151,70.0,49.0,2200.0,572.71,9.26,1.078,0.0,172165.8,209439.3
4,4,5,1305,NT,62.36,62.11,70.0,491.7,1,491.7,1.151,70.0,49.0,2200.0,566.1,9.078,0.99,0.0,172035.3,207022.6
5,5,6,300,AM,64.93,63.4,70.0,454.0,1,454.0,0.273,70.0,49.0,2200.0,124.16,1.912,0.138,0.0,39976.0,45406.4
5,5,6,315,AM,61.87,62.16,69.65,497.8,1,497.8,0.273,70.0,49.0,2200.0,136.13,2.2,0.255,0.0,40945.8,49329.0
5,5,6,330,AM,59.68,59.64,64.44,516.2,1,516.2,0.273,70.0,49.0,2200.0,141.17,2.366,0.349,0.0,40652.9,44936.1
5,5,6,345,AM,57.37,57.45,59.23,531.5,1,531.5,0.273,70.0,49.0,2200.0,145.34,2.533,0.457,0.0,40215.1,41510.3
5,5,6,360,AM,55.31,53.97,54.02,538.0,1,538.0,0.273,70.0,49.0,2200.0,147.12,2.66,0.558,0.0,39499.1,38875.0
5,5,6,375,AM,49.23,48.81,49.11,535.9,1,535.9,0.273,70.0,49.0,2200.0,146.54,2.977,0.883,0.016,37308.7,37291.2
5,5,6,390,AM,41.89,42.21,48.3,513.4,1,513.4,0.273,70.0,49.0,2200.0,140.39,3.351,1.346,0.515,36280.9,35636.9
5,5,6,405,AM,35.52,37.71,46.57,493.6,1,493.6,0.273,70.0,49.0,2200.0,134.99,3.8,1.872,1.073,37794.9,34204.3
5,5,6,420,AM,35.73,33.67,44.12,489.5,1,489.5,0.273,70.0,49.0,2200.0,133.86,3.746,1.834,1.042,37347.3,34117.1
5,5,6,435,AM,29.77,29.32,41.27,461.6,1,461.6,0.273,70.0,49.0,2200.0,126.24,4.241,2.438,1.691,39643.4,32794.4
5,5,6,450,AM,22.47,24.36,38.3,420.2,1,420.2,0.273,70.0,49.0,2200.0,114.91,5.114,3.473,2.793,43332.2,30853.5
5,5,6,465,AM,20.84,21.56,35.39,408.1,1,408.1,0.273,70.0,49.0,2200.0,111.59,5.356,3.762,3.101,43995.8,31314.8
5,5,6,480,AM,21.38,21.52,32.65,411.1,1,411.1,0.273,70.0,49.0,2200.0,112.42,5.259,3.653,2.988,43669.1,33188.5
5,5,6,495,AM,22.35,21.77,30.16,420.6,1,420.6,0.273,70.0,49.0,2200.0,115.02,5.145,3.502,2.822,43508.0,35802.1
5,5,6,510,AM,21.57,22.34,27.92,412.3,1,412.3,0.273,70.0,49.0,2200.0,112.76,5.228,3.617,2.949,43571.3,36973.9
5,5,6,525,AM,23.11,23.65,25.93,424.8,1,424.8,0.273,70.0,49.0,2200.0,116.17,5.028,3.368,2.681,43063.9,40006.6
5,5,6,540,AM,26.29,25.99,24.19,444.7,1,444.7,0.273,70.0,49.0,2200.0,121.62,4.627,2.889,2.17,41513.8,43813.6
5,5,6,555,AM,28.57,27.95,22.66,456.1,1,456.1,0.273,70.0,49.0,2200.0,124.74,4.366,2.584,1.846,40272.1,46799.0
5,5,6,570,AM,29.0,29.04,21.32,456.7,1,456.7,0.273,70.0,49.0,2200.0,124.91,4.307,2.523,1.784,39921.4,48588.6
5,5,6,585,AM,29.56,30.17,20.17,457.9,1,457.9,0.273,70.0,49.0,2200.0,125.23,4.237,2.448,1.707,39512.4,50295.0
5,5,6,600,MD,31.94,33.87,19.16,469.2,1,469.2,0.273,70.0,49.0,2200.0,128.31,4.017,2.184,1.425,38434.4,52995.3
5,5,6,615,MD,40.11,38.27,18.29,502.9,1,502.9,0.273,70.0,49.0,2200.0,137.52,3.428,1.464,0.65,36131.2,58203.5
5,5,6,630,MD,42.74,42.35,17.54,509.4,1,509.4,0.273,70.0,49.0,2200.0,139.31,3.259,1.269,0.445,35777.6,60217.7
5,5,6,645,MD,44.18,44.94,16.9,520.7,1,520.7,0.273,70.0,49.0,2200.0,142.39,3.223,1.188,0.346,36283.0,62680.4
5,5,6,660,MD,47.9,46.8,16.35,522.6,1,522.6,0.273,70.0,49.0,2200.0,142.92,2.984,0.942,0.096,36248.9,63896.8
5,5,6,675,MD,48.32,48.33,15.9,519.8,1,519.8,0.273,70.0,49.0,2200.0,142.14,2.942,0.911,0.07,36081.9,64380.9
5,5,6,690,MD,48.76,48.35,15.52,525.2,1,525.2,0.273,70.0,49.0,2200.0,143.62,2.945,0.894,0.044,36503.3,65756.7
5,5,6,705,MD,47.98,48.5,15.21,524.7,1,524.7,0.273,70.0,49.0,2200.0,143.5,2.991,0.941,0.092,36399.0,66277.2
5,5,6,720,MD,48.77,48.26,14.97,521.4,1,521.4,0.273,70.0,49.0,2200.0,142.58,2.923,0.887,0.043,36242.0,66305.3
5,5,6,735,MD,48.04,48.17,14.8,521.2,1,521.2,0.273,70.0,49.0,2200.0,142.53,2.967,0.93,0.087,36158.4,66608.5
5,5,6,750,MD,47.69,47.82,14.69,522.8,1,522.8,0.273,70.0,49.0,2200.0,142.96,2.998,0.955,0.109,36245.6,67024.4
5,5,6,765,MD,47.74,47.88,14.64,526.2,1,526.2,0.273,70.0,49.0,2200.0,143.9,3.014,0.959,0.107,36485.4,67563.9
5,5,6,780,MD,48.21,48.05,14.64,523.4,1,523.4,0.273,70.0,49.0,2200.0,143.15,2.969,0.924,0.077,36328.7,67198.3
5,5,6,795,MD,48.19,47.87,14.71,523.8,1,523.8,0.273,70.0,49.0,2200.0,143.25,2.972,0.926,0.078,36352.6,67119.1
5,5,6,810,MD,47.22,47.29,14.84,525.2,1,525.2,0.273,70.0,49.0,2200.0,143.62,3.042,0.99,0.14,36394.2,67050.0
5,5,6,825,MD,46.47,46.67,15.02,525.3,1,525.3,0.273,70.0,49.0,2200.0,143.64,3.091,1.039,0.189,36398.1,66700.0
5,5,6,840,PM,46.33,45.84,15.28,523.9,1,523.9,0.273,70.0,49.0,2200.0,143.27,3.092,1.045,0.198,36307.7,66048.2
5,5,6,855,PM,44.73,43.59,15.6,516.5,1,516.5,0.273,70.0,49.0,2200.0,141.25,3.158,1.14,0.304,35916.1,64518.2
5,5,6,870,PM,39.71,40.17,16.0,503.5,1,503.5,0.273,70.0,49.0,2200.0,137.68,3.467,1.5,0.686,36333.4,62181.2
5,5,6,885,PM,36.07,37.0,16.48,491.4,1,491.4,0.273,70.0,49.0,2200.0,134.39,3.726,1.806,1.011,37290.3,59876.5
5,5,6,900,PM,35.23,34.88,17.04,490.1,1,490.1,0.273,70.0,49.0,2200.0,134.04,3.804,1.889,1.096,37712.0,58764.7
5,5,6,915,PM,33.35,32.9,17.71,483.6,1,483.6,0.273,70.0,49.0,2200.0,132.24,3.965,2.076,1.293,38507.8,56894.8
5,5,6,930,PM,30.11,29.88,18.48,469.0,1,469.0,0.273,70.0,49.0,2200.0,128.25,4.259,2.427,1.668,39961.6,53981.7
5,5,6,945,PM,26.19,27.2,19.39,446.9,1,446.9,0.273,70.0,49.0,2200.0,122.2,4.666,2.92,2.197,41814.4,50156.5
5,5,6,960,PM,25.31,25.23,20.43,441.2,1,441.2,0.273,70.0,49.0,2200.0,120.66,4.767,3.043,2.329,42216.7,48110.6
5,5,6,975,PM,24.2,23.96,21.62,435.4,1,435.4,0.273,70.0,49.0,2200.0,119.07,4.92,3.219,2.515,42878.6,45939.3
5,5,6,990,PM,22.37,22.56,23.0,423.8,1,423.8,0.273,70.0,49.0,2200.0,115.89,5.18,3.525,2.839,43815.9,43079.2
5,5,6,1005,PM,21.1,21.74,24.58,415.6,1,415.6,0.273,70.0,49.0,2200.0,113.66,5.387,3.763,3.091,44488.9,40527.1
5,5,6,1020,PM,21.74,21.09,26.38,414.2,1,414.2,0.273,70.0,49.0,2200.0,113.28,5.21,3.592,2.922,43567.8,38571.6
5,5,6,1035,PM,20.44,20.95,28.43,405.8,1,405.8,0.273,70.0,49.0,2200.0,110.98,5.429,3.844,3.187,44234.3,35951.4
5,5,6,1050,PM,20.68,20.72,30.73,412.4,1,412.4,0.273,70.0,49.0,2200.0,112.78,5.454,3.843,3.175,44656.0,34666.3
5,5,6,1065,PM,21.03,21.42,33.28,415.7,1,415.7,0.273,70.0,49.0,2200.0,113.69,5.406,3.782,3.109,44582.2,33149.2
5,5,6,1080,PM,22.55,22.3,36.06,427.2,1,427.2,0.273,70.0,49.0,2200.0,116.83,5.18,3.511,2.82,43955.1,32418.9
5,5,6,1095,PM,23.31,24.29,39.0,432.2,1,432.2,0.273,70.0,49.0,2200.0,118.2,5.072,3.383,2.684,43583.5,31452.5
5,5,6,1110,PM,27.02,27.83,41.96,450.3,1,450.3,0.273,70.0,49.0,2200.0,123.13,4.558,2.799,2.07,41273.8,31802.2
5,5,6,1125,PM,33.17,33.5,44.75,482.3,1,482.3,0.273,70.0,49.0,2200.0,131.9,3.977,2.092,1.312,38545.5,33538.2
5,5,6,1140,PM,40.33,40.09,47.06,504.8,1,504.8,0.273,70.0,49.0,2200.0,138.05,3.423,1.451,0.634,36189.5,34981.0
5,5,6,1155,PM,46.78,45.89,48.6,530.1,1,530.1,0.273,70.0,49.0,2200.0,144.97,3.099,1.028,0.17,36731.9,36829.6
5,5,6,1170,PM,50.57,49.78,50.07,534.6,1,534.6,0.273,70.0,49.0,2200.0,146.2,2.891,0.802,0.0,37475.3,37366.9
5,5,6,1185,PM,51.98,52.24,55.41,528.7,1,528.7,0.273,70.0,49.0,2200.0,144.57,2.781,0.716,0.0,37439.2,38864.1
5,5,6,1200,NT,54.15,53.87,60.75,527.2,1,527.2,0.273,70.0,49.0,2200.0,144.17,2.662,0.603,0.0,38152.8,42377.7
5,5,6,1215,NT,55.48,55.39,65.73,530.4,1,530.4,0.273,70.0,49.0,2200.0,145.04,2.614,0.542,0.0,39029.5,47594.1
5,5,6,1230,NT,56.53,56.56,70.0,535.9,1,535.9,0.273,70.0,49.0,2200.0,146.56,2.593,0.499,0.0,40026.5,53598.8
5,5,6,1245,NT,57.68,57.36,70.0,529.2,1,529.2,0.273,70.0,49.0,2200.0,144.73,2.509,0.442,0.0,40240.1,52926.0
5,5,6,1260,NT,57.89,58.0,70.0,528.8,1,528.8,0.273,70.0,49.0,2200.0,144.61,2.498,0.432,0.0,40350.6,52885.7
5,5,6,1275,NT,58.42,58.27,70.0,525.5,1,525.5,0.273,70.0,49.0,2200.0,143.71,2.46,0.407,0.0,40459.9,52556.2
5,5,6,1290,NT,58.5,58.41,70.0,524.6,1,524.6,0.273,70.0,49.0,2200.0,143.45,2.452,0.403,0.0,40441.6,52460.8
5,5,6,1305,NT,58.31,58.41,70.0,526.4,1,526.4,0.273,70.0,49.0,2200.0,143.94,2.468,0.412,0.0,40450.3,52640.1
6,6,7,300,AM,66.25,65.76,70.0,424.1,1,424.1,0.779,70.0,49.0,2200.0,330.21,4.984,0.267,0.0,109732.4,120757.2
6,6,7,315,AM,65.27,65.15,70.0,447.9,1,447.9,0.779,70.0,49.0,2200.0,348.71,5.343,0.361,0.0,113166.9,127523.2
6,6,7,330,AM,63.95,64.07,70.0,470.7,1,470.7,0.779,70.0,49.0,2200.0,366.48,5.731,0.496,0.0,115339.6,134022.4
6,6,7,345,AM,63.0,62.96,70.0,484.8,1,484.8,0.779,70.0,49.0,2200.0,377.46,5.991,0.599,0.0,116310.9,138037.5
6,6,7,360,AM,61.93,61.54,70.0,496.5,1,496.5,0.779,70.0,49.0,2200.0,386.58,6.242,0.72,0.0,116413.5,141373.8
6,6,7,375,AM,59.69,59.91,70.0,517.3,1,517.3,0.779,70.0,49.0,2200.0,402.79,6.748,0.994,0.0,116017.6,147299.0
6,6,7,390,AM,58.1,57.7,66.53,526.9,1,526.9,0.779,70.0,49.0,2200.0,410.27,7.061,1.2,0.0,114882.7,137276.3
6,6,7,405,AM,55.32,55.64,61.33,535.8,1,535.8,0.779,70.0,49.0,2200.0,417.19,7.542,1.582,0.0,112011.7,124065.9
6,6,7,420,AM,53.49,53.03,56.12,538.8,1,538.8,0.779,70.0,49.0,2200.0,419.5,7.843,1.85,0.0,110198.9,113887.1
6,6,7,435,AM,50.29,50.32,50.92,537.4,1,537.4,0.779,70.0,49.0,2200.0,418.47,8.322,2.344,0.0,107085.8,107503.3
6,6,7,450,AM,47.19,46.74,48.45,535.5,1,535.5,0.779,70.0,49.0,2200.0,416.97,8.837,2.88,0.413,105661.2,105883.1
6,6,7,465,AM,42.73,44.79,47.06,521.8,1,521.8,0.779,70.0,49.0,2200.0,406.25,9.507,3.703,1.299,104342.3,102938.8
6,6,7,480,AM,44.44,44.46,46.0,524.9,1,524.9,0.779,70.0,49.0,2200.0,408.71,9.196,3.357,0.939,104035.0,103613.2
6,6,7,495,AM,46.2,46.23,45.94,531.3,1,531.3,0.779,70.0,49.0,2200.0,413.65,8.954,3.045,0.597,104841.2,104873.4
6,6,7,510,AM,48.04,47.04,46.93,529.6,1,529.6,0.779,70.0,49.0,2200.0,412.35,8.583,2.692,0.252,104609.1,104479.1
6,6,7,525,AM,46.87,47.74,48.32,528.9,1,528.9,0.779,70.0,49.0,2200.0,411.78,8.786,2.903,0.467,104334.0,104530.2
6,6,7,540,AM,48.31,49.43,51.0,528.5,1,528.5,0.779,70.0,49.0,2200.0,411.51,8.518,2.639,0.204,104461.3,105775.1
6,6,7,555,AM,53.12,52.11,55.61,530.8,1,530.8,0.779,70.0,49.0,2200.0,413.27,7.781,1.877,0.0,108146.0,111397.2
6,6,7,570,AM,54.9,54.63,60.87,524.2,1,524.2,0.779,70.0,49.0,2200.0,408.14,7.435,1.604,0.0,108988.8,120276.0
6,6,7,585,AM,55.89,56.75,66.14,526.7,1,526.7,0.779,70.0,49.0,2200.0,410.06,7.338,1.479,0.0,110956.2,135900.2
6,6,7,600,MD,59.46,58.27,70.0,516.8,1,516.8,0.779,70.0,49.0,2200.0,402.42,6.768,1.019,0.0,115417.0,147166.3
6,6,7,615,MD,59.48,59.53,70.0,519.1,1,519.1,0.779,70.0,49.0,2200.0,404.19,6.796,1.022,0.0,115953.7,147810.7
6,6,7,630,MD,59.66,59.61,70.0,517.7,1,517.7,0.779,70.0,49.0,2200.0,403.06,6.756,0.998,0.0,116022.2,147397.3
6,6,7,645,MD,59.69,60.08,70.0,517.8,1,517.8,0.779,70.0,49.0,2200.0,403.21,6.755,0.995,0.0,116127.9,147453.4
6,6,7,660,MD,60.89,60.45,70.0,508.0,1,508.0,0.779,70.0,49.0,2200.0,395.57,6.496,0.845,0.0,116611.1,144658.9
6,6,7,675,MD,60.76,60.88,70.0,509.1,1,509.1,0.779,70.0,49.0,2200.0,396.43,6.524,0.861,0.0,116563.4,144974.5
6,6,7,690,MD,60.98,60.77,70.0,506.4,1,506.4,0.779,70.0,49.0,2200.0,394.33,6.467,0.833,0.0,116447.8,144207.4
6,6,7,705,MD,60.57,60.76,70.0,510.3,1,510.3,0.779,70.0,49.0,2200.0,397.37,6.561,0.884,0.0,116397.0,145318.5
6,6,7,720,MD,60.75,60.75,70.0,509.5,1,509.5,0.779,70.0,49.0,2200.0,396.72,6.531,0.863,0.0,116612.9,145081.4
6,6,7,735,MD,60.95,60.98,70.0,507.3,1,507.3,0.779,70.0,49.0,2200.0,394.97,6.48,0.838,0.0,116570.0,144439.6
6,6,7,750,MD,61.25,61.23,70.0,504.9,1,504.9,0.779,70.0,49.0,2200.0,393.16,6.419,0.802,0.0,116743.6,143778.1
6,6,7,765,MD,61.49,61.07,70.0,503.2,1,503.2,0.779,70.0,49.0,2200.0,391.79,6.372,0.775,0.0,116905.5,143279.0
6,6,7,780,MD,60.46,61.04,70.0,509.9,1,509.9,0.779,70.0,49.0,2200.0,397.03,6.567,0.895,0.0,116049.6,145194.0
6,6,7,795,MD,61.17,60.94,70.0,505.0,1,505.0,0.779,70.0,49.0,2200.0,393.17,6.427,0.81,0.0,116565.9,143782.1
6,6,7,810,MD,61.18,61.33,70.0,505.5,1,505.5,0.779,70.0,49.0,2200.0,393.6,6.433,0.811,0.0,116707.4,143938.5
6,6,7,825,MD,61.63,61.36,70.0,500.8,1,500.8,0.779,70.0,49.0,2200.0,389.96,6.327,0.756,0.0,116701.8,142608.1
6,6,7,840,PM,61.27,61.13,70.0,504.7,1,504.7,0.779,70.0,49.0,2200.0,392.95,6.414,0.8,0.0,116718.2,143700.2
6,6,7,855,PM,60.5,60.91,70.0,512.0,1,512.0,0.779,70.0,49.0,2200.0,398.68,6.59,0.894,0.0,116621.7,145795.8
6,6,7,870,PM,60.96,60.85,70.0,507.2,1,507.2,0.779,70.0,49.0,2200.0,394.89,6.478,0.837,0.0,116570.0,144411.5
6,6,7,885,PM,61.1,60.96,70.0,506.4,1,506.4,0.779,70.0,49.0,2200.0,394.27,6.453,0.821,0.0,116712.8,144184.8
6,6,7,900,PM,60.83,60.68,70.0,508.3,1,508.3,0.779,70.0,49.0,2200.0,395.75,6.505,0.852,0.0,116528.6,144725.2
6,6,7,915,PM,60.12,60.49,70.0,514.5,1,514.5,0.779,70.0,49.0,2200.0,400.6,6.664,0.941,0.0,116319.9,146498.2
6,6,7,930,PM,60.51,60.2,70.0,510.3,1,510.3,0.779,70.0,49.0,2200.0,397.37,6.567,0.89,0.0,116272.6,145318.1
6,6,7,945,PM,59.97,60.05,70.0,514.9,1,514.9,0.779,70.0,49.0,2200.0,400.95,6.686,0.958,0.0,116094.2,146626.7
6,6,7,960,PM,59.67,59.63,70.0,516.5,1,516.5,0.779,70.0,49.0,2200.0,402.19,6.741,0.995,0.0,115790.8,147082.3
6,6,7,975,PM,59.26,59.76,70.0,517.3,1,517.3,0.779,70.0,49.0,2200.0,402.78,6.797,1.043,0.0,115089.4,147298.0
6,6,7,990,PM,60.34,59.96,70.0,513.2,1,513.2,0.779,70.0,49.0,2200.0,399.58,6.622,0.913,0.0,116530.7,146125.8
6,6,7,1005,PM,60.29,60.12,70.0,511.9,1,511.9,0.779,70.0,49.0,2200.0,398.61,6.612,0.917,0.0,116120.6,145771.8
6,6,7,1020,PM,59.74,59.71,70.0,516.4,1,516.4,0.779,70.0,49.0,2200.0,402.08,6.731,0.987,0.0,115913.3,147039.3
6,6,7,1035,PM,59.09,59.1,70.0,521.7,1,521.7,0.779,70.0,49.0,2200.0,406.25,6.875,1.071,0.0,115731.6,148564.7
6,6,7,1050,PM,58.49,58.91,70.0,525.1,1,525.1,0.779,70.0,49.0,2200.0,408.83,6.99,1.15,0.0,115228.0,149508.4
6,6,7,1065,PM,59.16,58.99,70.0,519.8,1,519.8,0.779,70.0,49.0,2200.0,404.74,6.842,1.06,0.0,115434.9,148012.2
6,6,7,1080,PM,59.34,59.01,70.0,519.4,1,519.4,0.779,70.0,49.0,2200.0,404.39,6.814,1.037,0.0,115732.1,147885.7
6,6,7,1095,PM,58.53,58.7,70.0,524.7,1,524.7,0.779,70.0,49.0,2200.0,408.55,6.98,1.144,0.0,115239.8,149406.9
6,6,7,1110,PM,58.23,58.41,70.0,526.6,1,526.6,0.779,70.0,49.0,2200.0,410.02,7.041,1.183,0.0,115069.4,149945.4
6,6,7,1125,PM,58.48,58.31,70.0,524.7,1,524.7,0.779,70.0,49.0,2200.0,408.51,6.986,1.15,0.0,115121.8,149391.5
6,6,7,1140,PM,58.21,58.6,70.0,526.6,1,526.6,0.779,70.0,49.0,2200.0,410.01,7.044,1.186,0.0,115018.6,149940.5
6,6,7,1155,PM,59.13,59.05,70.0,519.4,1,519.4,0.779,70.0,49.0,2200.0,404.4,6.84,1.063,0.0,115275.8,147888.4
6,6,7,1170,PM,59.82,59.59,70.0,515.2,1,515.2,0.779,70.0,49.0,2200.0,401.14,6.706,0.975,0.0,115817.4,146697.5
6,6,7,1185,PM,59.82,60.02,70.0,515.3,1,515.3,0.779,70.0,49.0,2200.0,401.24,6.708,0.976,0.0,115845.4,146733.1
6,6,7,1200,NT,60.42,60.23,70.0,511.5,1,511.5,0.779,70.0,49.0,2200.0,398.26,6.592,0.902,0.0,116316.7,145642.5
6,6,7,1215,NT,60.46,60.55,70.0,510.2,1,510.2,0.779,70.0,49.0,2200.0,397.25,6.571,0.896,0.0,116112.3,145276.1
6,6,7,1230,NT,60.76,60.77,70.0,508.3,1,508.3,0.779,70.0,49.0,2200.0,395.8,6.514,0.859,0.0,116385.1,144745.2
6,6,7,1245,NT,61.08,61.06,70.0,503.4,1,503.4,0.779,70.0,49.0,2200.0,391.99,6.417,0.817,0.0,116000.8,143350.5
6,6,7,1260,NT,61.33,61.27,70.0,503.7,1,503.7,0.779,70.0,49.0,2200.0,392.22,6.395,0.792,0.0,116656.5,143435.3
6,6,7,1275,NT,61.39,61.42,70.0,503.6,1,503.6,0.779,70.0,49.0,2200.0,392.1,6.387,0.786,0.0,116762.8,143392.7
6,6,7,1290,NT,61.53,61.57,70.0,501.4,1,501.4,0.779,70.0,49.0,2200.0,390.42,6.345,0.767,0.0,116601.9,142777.9
6,6,7,1305,NT,61.78,61.66,70.0,499.1,1,499.1,0.779,70.0,49.0,2200.0,388.57,6.29,0.739,0.0,116642.0,142101.7
7,7,8,300,AM,65.52,65.04,70.0,437.5,1,437.5,0.083,70.0,49.0,2200.0,36.26,0.553,0.035,0.0,11838.4,13261.2
7,7,8,315,AM,64.56,64.58,70.0,460.5,1,460.5,0.083,70.0,49.0,2200.0,38.17,0.591,0.046,0.0,12184.7,13959.7
7,7,8,330,AM,63.65,63.03,70.0,471.3,1,471.3,0.083,70.0,49.0,2200.0,39.06,0.614,0.056,0.0,12212.0,14285.9
7,7,8,345,AM,60.89,61.04,70.0,506.3,1,506.3,0.083,70.0,49.0,2200.0,41.97,0.689,0.09,0.0,12371.4,15347.5
7,7,8,360,AM,58.58,58.43,66.86,513.6,1,513.6,0.083,70.0,49.0,2200.0,42.58,0.727,0.119,0.0,12019.5,14361.2
7,7,8,375,AM,55.83,55.42,61.62,526.0,1,526.0,0.083,70.0,49.0,2200.0,43.6,0.781,0.158,0.0,11788.9,13044.1
7,7,8,390,AM,51.84,52.38,56.38,532.2,1,532.2,0.083,70.0,49.0,2200.0,44.11,0.851,0.221,0.0,11411.0,12020.7
7,7,8,405,AM,49.46,49.68,51.14,535.3,1,535.3,0.083,70.0,49.0,2200.0,44.38,0.897,0.263,0.001,11308.8,11417.2
7,7,8,420,AM,47.74,48.01,48.33,523.9,1,523.9,0.083,70.0,49.0,2200.0,43.42,0.91,0.289,0.032,11010.1,11023.2
7,7,8,435,AM,46.84,46.46,46.68,527.4,1,527.4,0.083,70.0,49.0,2200.0,43.72,0.933,0.309,0.05,11076.3,11076.4
7,7,8,450,AM,44.81,45.16,45.12,527.3,1,527.3,0.083,70.0,49.0,2200.0,43.71,0.975,0.351,0.092,11110.7,11100.2
7,7,8,465,AM,43.83,44.32,44.56,525.0,1,525.0,0.083,70.0,49.0,2200.0,43.52,0.993,0.371,0.114,11106.9,11071.9
7,7,8,480,AM,44.31,45.38,45.24,523.4,1,523.4,0.083,70.0,49.0,2200.0,43.39,0.979,0.359,0.103,11049.5,11015.1
7,7,8,495,AM,47.99,47.0,46.87,538.4,1,538.4,0.083,70.0,49.0,2200.0,44.63,0.93,0.292,0.028,11320.1,11307.1
7,7,8,510,AM,48.7,48.61,48.45,539.5,1,539.5,0.083,70.0,49.0,2200.0,44.72,0.918,0.279,0.015,11364.9,11356.6
7,7,8,525,AM,49.12,49.4,51.86,538.5,1,538.5,0.083,70.0,49.0,2200.0,44.64,0.909,0.271,0.007,11359.5,11547.0
7,7,8,540,AM,50.37,50.69,56.95,541.0,1,541.0,0.083,70.0,49.0,2200.0,44.84,0.89,0.25,0.0,11480.2,12324.0
7,7,8,555,AM,52.59,52.06,62.24,544.8,1,544.8,0.083,70.0,49.0,2200.0,45.16,0.859,0.214,0.0,11756.9,13687.4
7,7,8,570,AM,53.22,53.14,67.53,542.4,1,542.4,0.083,70.0,49.0,2200.0,44.96,0.845,0.203,0.0,11778.1,15424.5
7,7,8,585,AM,53.61,53.44,70.0,542.6,1,542.6,0.083,70.0,49.0,2200.0,44.98,0.839,0.196,0.0,11831.4,16448.8
7,7,8,600,MD,53.48,53.52,70.0,535.6,1,535.6,0.083,70.0,49.0,2200.0,44.39,0.83,0.196,0.0,11660.0,16234.3
7,7,8,615,MD,53.46,53.87,70.0,538.9,1,538.9,0.083,70.0,49.0,2200.0,44.67,0.836,0.197,0.0,11730.3,16335.4
7,7,8,630,MD,54.67,54.39,70.0,537.5,1,537.5,0.083,70.0,49.0,2200.0,44.56,0.815,0.179,0.0,11863.6,16293.8
7,7,8,645,MD,55.03,55.48,70.0,537.6,1,537.6,0.083,70.0,49.0,2200.0,44.56,0.81,0.173,0.0,11920.7,16297.2
7,7,8,660,MD,56.73,56.18,70.0,532.0,1,532.0,0.083,70.0,49.0,2200.0,44.09,0.777,0.147,0.0,12079.6,16125.3
7,7,8,675,MD,56.77,56.77,70.0,534.0,1,534.0,0.083,70.0,49.0,2200.0,44.26,0.78,0.147,0.0,12132.8,16187.1
7,7,8,690,MD,56.81,56.61,70.0,531.4,1,531.4,0.083,70.0,49.0,2200.0,44.05,0.775,0.146,0.0,12080.8,16109.4
7,7,8,705,MD,56.24,56.44,70.0,532.7,1,532.7,0.083,70.0,49.0,2200.0,44.15,0.785,0.154,0.0,12008.1,16147.3
7,7,8,720,MD,56.27,56.31,70.0,532.5,1,532.5,0.083,70.0,49.0,2200.0,44.14,0.785,0.154,0.0,12009.5,16142.9
7,7,8,735,MD,56.43,56.59,70.0,532.9,1,532.9,0.083,70.0,49.0,2200.0,44.17,0.783,0.152,0.0,12045.6,16153.8
7,7,8,750,MD,57.06,56.66,70.0,530.2,1,530.2,0.083,70.0,49.0,2200.0,43.95,0.77,0.142,0.0,12100.0,16071.1
7,7,8,765,MD,56.5,56.34,70.0,532.5,1,532.5,0.083,70.0,49.0,2200.0,44.14,0.781,0.151,0.0,12047.8,16140.5
7,7,8,780,MD,55.46,55.89,70.0,535.0,1,535.0,0.083,70.0,49.0,2200.0,44.34,0.8,0.166,0.0,11929.0,16216.4
7,7,8,795,MD,55.71,55.77,70.0,525.6,1,525.6,0.083,70.0,49.0,2200.0,43.57,0.782,0.16,0.0,11760.0,15932.5
7,7,8,810,MD,56.14,56.21,70.0,534.5,1,534.5,0.083,70.0,49.0,2200.0,44.3,0.789,0.156,0.0,12031.5,16202.2
7,7,8,825,MD,56.78,56.43,70.0,532.4,1,532.4,0.083,70.0,49.0,2200.0,44.13,0.777,0.147,0.0,12099.7,16140.1
7,7,8,840,PM,56.36,56.07,70.0,533.8,1,533.8,0.083,70.0,49.0,2200.0,44.24,0.785,0.153,0.0,12053.7,16180.3
7,7,8,855,PM,55.08,55.65,70.0,537.0,1,537.0,0.083,70.0,49.0,2200.0,44.51,0.808,0.172,0.0,11914.2,16278.8
7,7,8,870,PM,55.52,55.68,70.0,534.6,1,534.6,0.083,70.0,49.0,2200.0,44.32,0.798,0.165,0.0,11930.4,16206.8
7,7,8,885,PM,56.44,55.76,70.0,534.7,1,534.7,0.083,70.0,49.0,2200.0,44.32,0.785,0.152,0.0,12088.9,16209.3
7,7,8,900,PM,55.32,55.46,70.0,533.0,1,533.0,0.083,70.0,49.0,2200.0,44.18,0.799,0.167,0.0,11863.1,16156.8
7,7,8,915,PM,54.62,54.36,70.0,537.8,1,537.8,0.083,70.0,49.0,2200.0,44.58,0.816,0.179,0.0,11862.0,16301.4
7,7,8,930,PM,53.13,53.87,70.0,530.4,1,530.4,0.083,70.0,49.0,2200.0,43.96,0.827,0.199,0.0,11506.8,16077.8
7,7,8,945,PM,53.87,53.39,70.0,524.1,1,524.1,0.083,70.0,49.0,2200.0,43.44,0.806,0.186,0.0,11458.8,15885.8
7,7,8,960,PM,53.17,54.2,70.0,529.8,1,529.8,0.083,70.0,49.0,2200.0,43.92,0.826,0.199,0.0,11498.4,16060.1
7,7,8,975,PM,55.55,54.97,70.0,532.7,1,532.7,0.083,70.0,49.0,2200.0,44.15,0.795,0.164,0.0,11892.7,16147.3
7,7,8,990,PM,56.19,55.38,70.0,536.6,1,536.6,0.083,70.0,49.0,2200.0,44.48,0.792,0.156,0.0,12087.2,16266.5
7,7,8,1005,PM,54.4,54.62,70.0,539.0,1,539.0,0.083,70.0,49.0,2200.0,44.68,0.821,0.183,0.0,11857.2,16338.0
7,7,8,1020,PM,53.28,53.65,70.0,542.0,1,542.0,0.083,70.0,49.0,2200.0,44.93,0.843,0.201,0.0,11775.9,16429.4
7,7,8,1035,PM,53.27,53.59,70.0,543.1,1,543.1,0.083,70.0,49.0,2200.0,45.02,0.845,0.202,0.0,11798.9,16462.4
7,7,8,1050,PM,54.21,53.81,70.0,542.4,1,542.4,0.083,70.0,49.0,2200.0,44.96,0.829,0.187,0.0,11905.8,16442.3
7,7,8,1065,PM,53.95,53.82,70.0,543.0,1,543.0,0.083,70.0,49.0,2200.0,45.01,0.834,0.191,0.0,11883.1,16459.1
7,7,8,1080,PM,53.3,53.16,70.0,544.5,1,544.5,0.083,70.0,49.0,2200.0,45.13,0.847,0.202,0.0,11833.3,16505.6
7,7,8,1095,PM,52.23,52.64,70.0,541.7,1,541.7,0.083,70.0,49.0,2200.0,44.9,0.86,0.218,0.0,11652.2,16420.7
7,7,8,1110,PM,52.39,52.3,70.0,542.4,1,542.4,0.083,70.0,49.0,2200.0,44.96,0.858,0.216,0.0,11684.6,16442.2
7,7,8,1125,PM,52.27,52.14,70.0,541.5,1,541.5,0.083,70.0,49.0,2200.0,44.89,0.859,0.218,0.0,11652.8,16415.2
7,7,8,1140,PM,51.77,52.81,70.0,543.0,1,543.0,0.083,70.0,49.0,2200.0,45.01,0.87,0.226,0.0,11636.3,16461.2
7,7,8,1155,PM,54.38,54.17,70.0,538.2,1,538.2,0.083,70.0,49.0,2200.0,44.61,0.82,0.183,0.0,11837.9,16315.0
7,7,8,1170,PM,56.37,55.76,70.0,534.9,1,534.9,0.083,70.0,49.0,2200.0,44.34,0.787,0.153,0.0,12079.4,16213.5
7,7,8,1185,PM,56.53,57.3,70.0,534.4,1,534.4,0.083,70.0,49.0,2200.0,44.3,0.784,0.151,0.0,12098.0,16199.2
7,7,8,1200,NT,59.0,57.74,70.0,522.5,1,522.5,0.083,70.0,49.0,2200.0,43.31,0.734,0.115,0.0,12316.8,15837.2
7,7,8,1215,NT,57.69,58.38,70.0,528.5,1,528.5,0.083,70.0,49.0,2200.0,43.81,0.759,0.134,0.0,12184.3,16021.3
7,7,8,1230,NT,58.45,58.08,70.0,525.5,1,525.5,0.083,70.0,49.0,2200.0,43.56,0.745,0.123,0.0,12269.9,15930.4
7,7,8,1245,NT,58.1,58.23,70.0,525.8,1,525.8,0.083,70.0,49.0,2200.0,43.59,0.75,0.127,0.0,12205.0,15939.5
7,7,8,1260,NT,58.13,58.43,70.0,526.5,1,526.5,0.083,70.0,49.0,2200.0,43.64,0.751,0.127,0.0,12225.8,15960.8
7,7,8,1275,NT,59.07,59.04,70.0,520.1,1,520.1,0.083,70.0,49.0,2200.0,43.11,0.73,0.114,0.0,12277.3,15766.7
7,7,8,1290,NT,59.93,59.45,70.0,515.0,1,515.0,0.083,70.0,49.0,2200.0,42.69,0.712,0.103,0.0,12350.5,15611.5
7,7,8,1305,NT,59.34,59.64,70.0,518.6,1,518.6,0.083,70.0,49.0,2200.0,42.99,0.724,0.11,0.0,12302.2,15719.7
8,8,9,300,AM,68.07,67.53,70.0,361.1,1,361.1,0.053,70.0,49.0,2200.0,19.14,0.281,0.008,0.0,6654.6,6997.7
8,8,9,315,AM,67.0,67.02,70.0,401.8,1,401.8,0.053,70.0,49.0,2200.0,21.29,0.318,0.014,0.0,7207.7,7786.4
8,8,9,330,AM,65.99,65.57,70.0,424.4,1,424.4,0.053,70.0,49.0,2200.0,22.49,0.341,0.02,0.0,7426.3,8224.2
8,8,9,345,AM,63.71,64.28,70.0,472.5,1,472.5,0.053,70.0,49.0,2200.0,25.04,0.393,0.035,0.0,7837.3,9155.8
8,8,9,360,AM,63.15,62.38,70.0,479.5,1,479.5,0.053,70.0,49.0,2200.0,25.41,0.402,0.039,0.0,7855.3,9291.8
8,8,9,375,AM,60.27,60.21,70.0,503.2,1,503.2,0.053,70.0,49.0,2200.0,26.66,0.442,0.062,0.0,7764.3,9750.3
8,8,9,390,AM,57.21,57.12,70.0,520.0,1,520.0,0.053,70.0,49.0,2200.0,27.56,0.482,0.088,0.0,7605.1,10077.2
8,8,9,405,AM,53.88,54.29,70.0,534.0,1,534.0,0.053,70.0,49.0,2200.0,28.3,0.525,0.121,0.0,7465.2,10348.2
8,8,9,420,AM,51.77,52.15,70.0,522.0,1,522.0,0.053,70.0,49.0,2200.0,27.66,0.534,0.139,0.0,7150.5,10114.9
8,8,9,435,AM,50.79,51.24,70.0,523.9,1,523.9,0.053,70.0,49.0,2200.0,27.76,0.547,0.15,0.0,7126.5,10152.9
8,8,9,450,AM,51.16,50.87,70.0,531.8,1,531.8,0.053,70.0,49.0,2200.0,28.18,0.551,0.148,0.0,7252.2,10306.3
8,8,9,465,AM,50.66,51.11,70.0,542.8,1,542.8,0.053,70.0,49.0,2200.0,28.76,0.568,0.157,0.0,7376.6,10518.4
8,8,9,480,AM,51.51,51.36,70.0,540.1,1,540.1,0.053,70.0,49.0,2200.0,28.62,0.556,0.147,0.0,7383.4,10466.2
8,8,9,495,AM,51.9,52.02,70.0,540.7,1,540.7,0.053,70.0,49.0,2200.0,28.65,0.552,0.143,0.0,7414.9,10478.0
8,8,9,510,AM,52.65,52.66,70.0,539.4,1,539.4,0.053,70.0,49.0,2200.0,28.59,0.543,0.135,0.0,7446.5,10453.6
8,8,9,525,AM,53.43,53.71,70.0,543.2,1,543.2,0.053,70.0,49.0,2200.0,28.78,0.539,0.128,0.0,7556.7,10526.3
8,8,9,540,AM,55.04,55.22,70.0,536.5,1,536.5,0.053,70.0,49.0,2200.0,28.43,0.516,0.11,0.0,7605.0,10395.8
8,8,9,555,AM,57.19,57.08,70.0,528.0,1,528.0,0.053,70.0,49.0,2200.0,27.98,0.489,0.09,0.0,7717.9,10230.9
8,8,9,570,AM,59.02,58.56,70.0,516.7,1,516.7,0.053,70.0,49.0,2200.0,27.38,0.464,0.073,0.0,7789.6,10013.0
8,8,9,585,AM,59.48,59.58,70.0,517.8,1,517.8,0.053,70.0,49.0,2200.0,27.44,0.461,0.069,0.0,7871.2,10033.4
8,8,9,600,MD,60.25,59.96,70.0,509.1,1,509.1,0.053,70.0,49.0,2200.0,26.98,0.448,0.062,0.0,7853.9,9866.1
8,8,9,615,MD,60.16,60.65,70.0,508.1,1,508.1,0.053,70.0,49.0,2200.0,26.92,0.448,0.063,0.0,7823.3,9845.2
8,8,9,630,MD,61.54,61.09,70.0,501.4,1,501.4,0.053,70.0,49.0,2200.0,26.57,0.432,0.052,0.0,7936.8,9716.7
8,8,9,645,MD,61.56,62.03,70.0,501.3,1,501.3,0.053,70.0,49.0,2200.0,26.57,0.432,0.052,0.0,7937.9,9714.9
8,8,9,660,MD,62.99,62.36,70.0,484.2,1,484.2,0.053,70.0,49.0,2200.0,25.66,0.407,0.041,0.0,7904.2,9383.4
8,8,9,675,MD,62.54,62.84,70.0,490.2,1,490.2,0.053,70.0,49.0,2200.0,25.97,0.415,0.044,0.0,7923.8,9498.5
8,8,9,690,MD,62.99,62.65,70.0,485.8,1,485.8,0.053,70.0,49.0,2200.0,25.74,0.409,0.041,0.0,7929.9,9413.3
8,8,9,705,MD,62.43,62.78,70.0,488.2,1,488.2,0.053,70.0,49.0,2200.0,25.87,0.414,0.045,0.0,7872.5,9460.0
8,8,9,720,MD,62.91,62.7,70.0,486.6,1,486.6,0.053,70.0,49.0,2200.0,25.78,0.41,0.042,0.0,7928.8,9429.1
8,8,9,735,MD,62.76,62.9,70.0,485.5,1,485.5,0.053,70.0,49.0,2200.0,25.73,0.41,0.042,0.0,7886.4,9408.4
8,8,9,750,MD,63.01,62.72,70.0,483.9,1,483.9,0.053,70.0,49.0,2200.0,25.64,0.407,0.041,0.0,7903.2,9377.2
8,8,9,765,MD,62.4,62.71,70.0,488.9,1,488.9,0.053,70.0,49.0,2200.0,25.91,0.415,0.045,0.0,7878.9,9474.4
8,8,9,780,MD,62.71,62.59,70.0,486.3,1,486.3,0.053,70.0,49.0,2200.0,25.77,0.411,0.043,0.0,7890.3,9424.2
8,8,9,795,MD,62.67,62.52,70.0,487.6,1,487.6,0.053,70.0,49.0,2200.0,25.84,0.412,0.043,0.0,7905.6,9449.6
8,8,9,810,MD,62.17,62.49,70.0,493.8,1,493.8,0.053,70.0,49.0,2200.0,26.17,0.421,0.047,0.0,7919.5,9568.7
8,8,9,825,MD,62.61,62.28,70.0,487.9,1,487.9,0.053,70.0,49.0,2200.0,25.85,0.413,0.044,0.0,7899.7,9455.0
8,8,9,840,PM,62.04,62.05,70.0,495.1,1,495.1,0.053,70.0,49.0,2200.0,26.24,0.423,0.048,0.0,7919.2,9594.2
8,8,9,855,PM,61.5,61.74,70.0,501.7,1,501.7,0.053,70.0,49.0,2200.0,26.58,0.432,0.052,0.0,7934.3,9721.7
8,8,9,870,PM,61.67,61.4,70.0,499.0,1,499.0,0.053,70.0,49.0,2200.0,26.44,0.429,0.051,0.0,7919.8,9669.5
8,8,9,885,PM,61.04,61.17,70.0,506.1,1,506.1,0.053,70.0,49.0,2200.0,26.82,0.439,0.056,0.0,7929.1,9808.0
8,8,9,900,PM,60.8,60.6,70.0,506.6,1,506.6,0.053,70.0,49.0,2200.0,26.84,0.442,0.058,0.0,7898.3,9816.5
8,8,9,915,PM,59.96,60.38,70.0,514.5,1,514.5,0.053,70.0,49.0,2200.0,27.26,0.455,0.065,0.0,7892.4,9969.8
8,8,9,930,PM,60.39,59.62,70.0,509.5,1,509.5,0.053,70.0,49.0,2200.0,27.0,0.447,0.061,0.0,7880.5,9873.5
8,8,9,945,PM,58.51,58.84,70.0,510.2,1,510.2,0.053,70.0,49.0,2200.0,27.03,0.462,0.076,0.0,7622.8,9886.4
8,8,9,960,PM,57.63,58.57,70.0,508.6,1,508.6,0.053,70.0,49.0,2200.0,26.95,0.468,0.083,0.0,7488.4,9856.6
8,8,9,975,PM,59.56,59.02,70.0,513.3,1,513.3,0.053,70.0,49.0,2200.0,27.2,0.457,0.068,0.0,7814.5,9946.4
8,8,9,990,PM,59.88,59.12,70.0,514.4,1,514.4,0.053,70.0,49.0,2200.0,27.26,0.455,0.066,0.0,7879.7,9968.6
8,8,9,1005,PM,57.94,58.3,70.0,526.7,1,526.7,0.053,70.0,49.0,2200.0,27.91,0.482,0.083,0.0,7792.8,10206.1
8,8,9,1020,PM,57.09,57.25,70.0,529.7,1,529.7,0.053,70.0,49.0,2200.0,28.07,0.492,0.091,0.0,7732.0,10265.6
8,8,9,1035,PM,56.73,56.82,70.0,531.2,1,531.2,0.053,70.0,49.0,2200.0,28.15,0.496,0.094,0.0,7711.4,10294.5
8,8,9,1050,PM,56.65,56.65,70.0,532.7,1,532.7,0.053,70.0,49.0,2200.0,28.23,0.498,0.095,0.0,7723.8,10323.1
8,8,9,1065,PM,56.55,56.69,70.0,532.0,1,532.0,0.053,70.0,49.0,2200.0,28.19,0.498,0.096,0.0,7701.1,10308.7
8,8,9,1080,PM,56.87,56.91,70.0,529.8,1,529.8,0.053,70.0,49.0,2200.0,28.08,0.494,0.093,0.0,7707.1,10267.5
8,8,9,1095,PM,57.32,57.39,70.0,525.8,1,525.8,0.053,70.0,49.0,2200.0,27.86,0.486,0.088,0.0,7702.8,10189.4
8,8,9,1110,PM,57.98,58.04,70.0,522.5,1,522.5,0.053,70.0,49.0,2200.0,27.69,0.478,0.082,0.0,7737.8,10126.1
8,8,9,1125,PM,58.82,58.66,70.0,517.4,1,517.4,0.053,70.0,49.0,2200.0,27.42,0.466,0.074,0.0,7774.0,10027.3
8,8,9,1140,PM,59.16,59.7,70.0,517.3,1,517.3,0.053,70.0,49.0,2200.0,27.41,0.463,0.072,0.0,7819.0,10024.5
8,8,9,1155,PM,61.11,60.66,70.0,504.4,1,504.4,0.053,70.0,49.0,2200.0,26.73,0.437,0.056,0.0,7914.4,9774.9
8,8,9,1170,PM,61.71,61.38,70.0,495.5,1,495.5,0.053,70.0,49.0,2200.0,26.26,0.425,0.05,0.0,7870.2,9602.0
8,8,9,1185,PM,61.31,62.03,70.0,502.4,1,502.4,0.053,70.0,49.0,2200.0,26.62,0.434,0.054,0.0,7913.9,9735.6
8,8,9,1200,NT,63.06,62.25,70.0,482.9,1,482.9,0.053,70.0,49.0,2200.0,25.59,0.406,0.04,0.0,7895.0,9357.2
8,8,9,1215,NT,62.37,62.91,70.0,489.3,1,489.3,0.053,70.0,49.0,2200.0,25.93,0.416,0.045,0.0,7879.7,9481.2
8,8,9,1230,NT,63.31,62.97,70.0,480.5,1,480.5,0.053,70.0,49.0,2200.0,25.46,0.402,0.038,0.0,7898.7,9311.2
8,8,9,1245,NT,63.24,63.2,70.0,479.1,1,479.1,0.053,70.0,49.0,2200.0,25.39,0.401,0.039,0.0,7864.4,9285.0
8,8,9,1260,NT,63.06,63.36,70.0,483.8,1,483.8,0.053,70.0,49.0,2200.0,25.63,0.407,0.04,0.0,7908.6,9374.6
8,8,9,1275,NT,63.78,63.7,70.0,471.7,1,471.7,0.053,70.0,49.0,2200.0,25.0,0.392,0.035,0.0,7836.8,9141.3
8,8,9,1290,NT,64.26,63.94,70.0,465.1,1,465.1,0.053,70.0,49.0,2200.0,24.64,0.383,0.031,0.0,7812.1,9012.2
8,8,9,1305,NT,63.77,64.02,70.0,473.5,1,473.5,0.053,70.0,49.0,2200.0,25.09,0.393,0.035,0.0,7864.4,9175.2
9,9,10,300,AM,67.17,66.34,70.0,396.2,1,396.2,0.344,70.0,49.0,2200.0,136.15,2.027,0.082,0.0,46280.6,49790.1
9,9,10,315,AM,65.52,65.44,70.0,437.8,1,437.8,0.344,70.0,49.0,2200.0,150.41,2.296,0.147,0.0,49107.9,55006.6
9,9,10,330,AM,63.62,63.25,70.0,471.5,1,471.5,0.344,70.0,49.0,2200.0,162.0,2.546,0.232,0.0,50611.4,59243.0
9,9,10,345,AM,60.6,61.39,65.52,508.0,1,508.0,0.344,70.0,49.0,2200.0,174.54,2.88,0.387,0.0,51156.0,56986.6
9,9,10,360,AM,59.94,59.1,60.35,514.6,1,514.6,0.344,70.0,49.0,2200.0,176.82,2.95,0.424,0.0,51169.1,51572.8
9,9,10,375,AM,56.77,55.95,55.18,529.0,1,529.0,0.344,70.0,49.0,2200.0,181.76,3.202,0.605,0.0,49817.8,48715.2
9,9,10,390,AM,51.13,50.07,50.01,532.9,1,532.9,0.344,70.0,49.0,2200.0,183.09,3.581,0.965,0.0,47105.0,46783.4
9,9,10,405,AM,42.3,44.62,47.19,522.9,1,522.9,0.344,70.0,49.0,2200.0,179.65,4.247,1.68,0.617,46281.0,45524.5
9,9,10,420,AM,40.44,40.77,42.89,508.5,1,508.5,0.344,70.0,49.0,2200.0,174.74,4.321,1.824,0.79,45752.8,44833.5
9,9,10,435,AM,39.55,38.27,38.54,504.9,1,504.9,0.344,70.0,49.0,2200.0,173.47,4.386,1.908,0.881,45859.5,46430.7
9,9,10,450,AM,34.83,34.87,35.31,483.9,1,483.9,0.344,70.0,49.0,2200.0,166.26,4.774,2.399,1.415,47109.2,46713.2
9,9,10,465,AM,30.21,32.0,33.5,469.9,1,469.9,0.344,70.0,49.0,2200.0,161.46,5.344,3.037,2.082,50193.2,46882.8
9,9,10,480,AM,30.96,30.91,33.08,471.7,1,471.7,0.344,70.0,49.0,2200.0,162.08,5.236,2.92,1.961,49573.2,47445.2
9,9,10,495,AM,31.57,30.99,34.05,475.0,1,475.0,0.344,70.0,49.0,2200.0,163.2,5.17,2.838,1.873,49267.5,46898.5
9,9,10,510,AM,30.45,31.83,36.44,473.4,1,473.4,0.344,70.0,49.0,2200.0,162.65,5.341,3.017,2.055,50296.0,44863.9
9,9,10,525,AM,33.46,35.3,40.2,491.6,1,491.6,0.344,70.0,49.0,2200.0,168.9,5.047,2.634,1.635,49075.8,44333.5
9,9,10,540,AM,41.98,40.86,44.8,519.4,1,519.4,0.344,70.0,49.0,2200.0,178.45,4.251,1.701,0.645,46082.6,45364.9
9,9,10,555,AM,47.13,47.07,48.34,523.2,1,523.2,0.344,70.0,49.0,2200.0,179.76,3.814,1.246,0.183,45549.6,45633.8
9,9,10,570,AM,52.12,51.83,52.29,529.4,1,529.4,0.344,70.0,49.0,2200.0,181.91,3.49,0.892,0.0,47160.7,47232.3
9,9,10,585,AM,56.25,55.42,57.38,530.3,1,530.3,0.344,70.0,49.0,2200.0,182.22,3.24,0.637,0.0,49560.5,50427.7
9,9,10,600,MD,57.88,57.63,62.64,523.2,1,523.2,0.344,70.0,49.0,2200.0,179.76,3.106,0.538,0.0,50151.7,54957.1
9,9,10,615,MD,58.75,58.89,67.9,523.6,1,523.6,0.344,70.0,49.0,2200.0,179.9,3.062,0.492,0.0,50939.8,62291.2
9,9,10,630,MD,60.03,59.43,70.0,514.0,1,514.0,0.344,70.0,49.0,2200.0,176.61,2.942,0.419,0.0,51200.1,64585.5
9,9,10,645,MD,59.52,60.06,70.0,519.3,1,519.3,0.344,70.0,49.0,2200.0,178.45,2.998,0.449,0.0,51231.5,65257.7
9,9,10,660,MD,60.64,60.17,70.0,509.0,1,509.0,0.344,70.0,49.0,2200.0,174.91,2.884,0.386,0.0,51308.7,63964.3
9,9,10,675,MD,60.34,60.22,70.0,511.6,1,511.6,0.344,70.0,49.0,2200.0,175.79,2.914,0.402,0.0,51261.4,64288.1
9,9,10,690,MD,59.68,59.62,70.0,511.4,1,511.4,0.344,70.0,49.0,2200.0,175.71,2.944,0.434,0.0,50600.7,64255.5
9,9,10,705,MD,58.83,59.68,70.0,507.5,1,507.5,0.344,70.0,49.0,2200.0,174.39,2.964,0.473,0.0,49452.2,63773.2
9,9,10,720,MD,60.52,59.89,70.0,510.7,1,510.7,0.344,70.0,49.0,2200.0,175.49,2.899,0.392,0.0,51359.9,64176.7
9,9,10,735,MD,60.3,60.51,70.0,512.0,1,512.0,0.344,70.0,49.0,2200.0,175.93,2.918,0.404,0.0,51261.5,64337.7
9,9,10,750,MD,60.69,60.3,70.0,507.8,1,507.8,0.344,70.0,49.0,2200.0,174.47,2.875,0.382,0.0,51231.1,63802.9
9,9,10,765,MD,59.9,60.53,70.0,514.1,1,514.1,0.344,70.0,49.0,2200.0,176.66,2.949,0.426,0.0,51082.2,64603.0
9,9,10,780,MD,61.0,60.34,70.0,506.6,1,506.6,0.344,70.0,49.0,2200.0,174.05,2.853,0.367,0.0,51420.6,63651.2
9,9,10,795,MD,60.12,60.48,70.0,514.5,1,514.5,0.344,70.0,49.0,2200.0,176.77,2.94,0.415,0.0,51331.4,64644.0
9,9,10,810,MD,60.32,60.33,70.0,512.2,1,512.2,0.344,70.0,49.0,2200.0,175.98,2.917,0.403,0.0,51303.3,64357.6
9,9,10,825,MD,60.53,60.45,70.0,510.4,1,510.4,0.344,70.0,49.0,2200.0,175.38,2.897,0.392,0.0,51334.5,64137.8
9,9,10,840,PM,60.49,60.12,70.0,511.8,1,511.8,0.344,70.0,49.0,2200.0,175.84,2.907,0.395,0.0,51423.0,64304.7
9,9,10,855,PM,59.35,59.63,70.0,519.7,1,519.7,0.344,70.0,49.0,2200.0,178.56,3.009,0.458,0.0,51110.2,65300.6
9,9,10,870,PM,59.04,58.93,70.0,521.6,1,521.6,0.344,70.0,49.0,2200.0,179.22,3.035,0.475,0.0,51010.3,65539.5
9,9,10,885,PM,58.4,58.05,70.0,525.5,1,525.5,0.344,70.0,49.0,2200.0,180.56,3.092,0.512,0.0,50818.6,66030.9
9,9,10,900,PM,56.71,57.0,70.0,527.1,1,527.1,0.344,70.0,49.0,2200.0,181.13,3.194,0.607,0.0,49599.4,66237.6
9,9,10,915,PM,55.89,56.54,70.0,535.2,1,535.2,0.344,70.0,49.0,2200.0,183.89,3.29,0.663,0.0,49762.8,67249.7
9,9,10,930,PM,57.03,55.74,70.0,531.8,1,531.8,0.344,70.0,49.0,2200.0,182.72,3.204,0.594,0.0,50280.4,66819.3
9,9,10,945,PM,54.29,54.79,70.0,532.1,1,532.1,0.344,70.0,49.0,2200.0,182.83,3.368,0.756,0.0,48461.6,66861.5
9,9,10,960,PM,53.04,53.6,68.27,524.2,1,524.2,0.344,70.0,49.0,2200.0,180.13,3.396,0.823,0.0,47099.7,62972.4
9,9,10,975,PM,53.48,53.49,63.1,533.3,1,533.3,0.344,70.0,49.0,2200.0,183.25,3.427,0.809,0.0,48132.9,56582.8
9,9,10,990,PM,53.94,52.98,57.92,535.4,1,535.4,0.344,70.0,49.0,2200.0,183.95,3.41,0.783,0.0,48562.1,51351.2
9,9,10,1005,PM,51.52,51.48,52.74,536.2,1,536.2,0.344,70.0,49.0,2200.0,184.25,3.576,0.944,0.0,47538.1,48038.1
9,9,10,1020,PM,48.98,48.05,48.36,527.4,1,527.4,0.344,70.0,49.0,2200.0,181.22,3.7,1.111,0.038,46096.6,46008.2
9,9,10,1035,PM,43.64,44.55,45.22,494.7,1,494.7,0.344,70.0,49.0,2200.0,169.99,3.895,1.467,0.461,43427.6,43160.6
9,9,10,1050,PM,41.03,40.87,42.1,484.4,1,484.4,0.344,70.0,49.0,2200.0,166.42,4.056,1.679,0.694,43327.6,42938.0
9,9,10,1065,PM,37.94,39.72,41.35,467.0,1,467.0,0.344,70.0,49.0,2200.0,160.47,4.229,1.937,0.988,43294.4,41657.0
9,9,10,1080,PM,40.18,40.84,43.3,480.2,1,480.2,0.344,70.0,49.0,2200.0,164.99,4.106,1.749,0.773,43318.7,42229.7
9,9,10,1095,PM,44.4,45.24,46.75,497.6,1,497.6,0.344,70.0,49.0,2200.0,170.99,3.852,1.409,0.397,43532.4,43324.6
9,9,10,1110,PM,51.15,49.88,50.45,517.2,1,517.2,0.344,70.0,49.0,2200.0,177.7,3.474,0.936,0.0,45723.7,45516.0
9,9,10,1125,PM,54.09,54.35,55.26,520.5,1,520.5,0.344,70.0,49.0,2200.0,178.84,3.306,0.751,0.0,47296.5,47983.0
9,9,10,1140,PM,57.82,57.26,60.53,526.4,1,526.4,0.344,70.0,49.0,2200.0,180.87,3.128,0.545,0.0,50403.6,52934.5
9,9,10,1155,PM,59.88,59.2,65.79,514.5,1,514.5,0.344,70.0,49.0,2200.0,176.78,2.952,0.427,0.0,51104.1,58092.3
9,9,10,1170,PM,59.91,60.21,70.0,515.1,1,515.1,0.344,70.0,49.0,2200.0,176.97,2.954,0.426,0.0,51188.9,64718.8
9,9,10,1185,PM,60.83,61.08,70.0,507.1,1,507.1,0.344,70.0,49.0,2200.0,174.24,2.865,0.375,0.0,51300.8,63721.2
9,9,10,1200,NT,62.5,61.77,70.0,485.1,1,485.1,0.344,70.0,49.0,2200.0,166.67,2.667,0.286,0.0,50800.6,60952.2
9,9,10,1215,NT,61.97,62.46,70.0,494.7,1,494.7,0.344,70.0,49.0,2200.0,169.97,2.743,0.314,0.0,51230.2,62158.5
9,9,10,1230,NT,62.89,62.34,70.0,485.0,1,485.0,0.344,70.0,49.0,2200.0,166.65,2.65,0.269,0.0,51231.3,60945.3
9,9,10,1245,NT,62.16,62.41,70.0,493.5,1,493.5,0.344,70.0,49.0,2200.0,169.55,2.728,0.306,0.0,51301.4,62005.4
9,9,10,1260,NT,62.18,62.25,70.0,493.1,1,493.1,0.344,70.0,49.0,2200.0,169.42,2.725,0.304,0.0,51286.5,61956.3
9,9,10,1275,NT,62.41,62.75,70.0,490.3,1,490.3,0.344,70.0,49.0,2200.0,168.46,2.699,0.293,0.0,51244.5,61605.6
9,9,10,1290,NT,63.66,63.04,70.0,473.2,1,473.2,0.344,70.0,49.0,2200.0,162.6,2.554,0.231,0.0,50845.3,59461.7
9,9,10,1305,NT,63.04,63.35,70.0,483.2,1,483.2,0.344,70.0,49.0,2200.0,166.01,2.634,0.262,0.0,51195.5,60711.5
10,10,11,300,AM,51.98,50.69,70.0,531.3,1,531.3,0.081,70.0,49.0,2200.0,43.0,0.827,0.213,0.0,11135.8,15725.4
10,10,11,315,AM,49.4,48.64,48.98,534.2,1,534.2,0.081,70.0,49.0,2200.0,43.23,0.875,0.258,0.002,11014.7,10996.9
10,10,11,330,AM,44.53,45.61,48.28,524.9,1,524.9,0.081,70.0,49.0,2200.0,42.48,0.954,0.347,0.096,10808.8,10781.9
10,10,11,345,AM,42.89,42.76,46.7,521.6,1,521.6,0.081,70.0,49.0,2200.0,42.22,0.984,0.381,0.131,10832.0,10697.0
10,10,11,360,AM,40.86,39.6,44.48,519.8,1,519.8,0.081,70.0,49.0,2200.0,42.06,1.029,0.429,0.18,10968.8,10705.9
10,10,11,375,AM,35.05,36.49,41.87,497.9,1,497.9,0.081,70.0,49.0,2200.0,40.3,1.15,0.574,0.336,11373.6,10415.0
10,10,11,390,AM,33.56,33.08,39.1,487.8,1,487.8,0.081,70.0,49.0,2200.0,39.48,1.176,0.612,0.379,11449.8,10492.0
10,10,11,405,AM,30.63,31.36,36.33,469.2,1,469.2,0.081,70.0,49.0,2200.0,37.97,1.24,0.697,0.473,11697.8,10491.5
10,10,11,420,AM,29.91,28.05,33.67,462.8,1,462.8,0.081,70.0,49.0,2200.0,37.45,1.252,0.717,0.496,11723.3,10838.8
10,10,11,435,AM,23.6,23.67,31.19,418.3,1,418.3,0.081,70.0,49.0,2200.0,33.86,1.434,0.951,0.75,12386.3,10302.8
10,10,11,450,AM,17.51,19.06,28.92,359.2,1,359.2,0.081,70.0,49.0,2200.0,29.07,1.66,1.245,1.073,12575.1,9308.2
10,10,11,465,AM,16.07,16.08,26.86,341.7,1,341.7,0.081,70.0,49.0,2200.0,27.66,1.721,1.326,1.162,12464.0,9306.6
10,10,11,480,AM,14.65,14.91,25.01,329.5,1,329.5,0.081,70.0,49.0,2200.0,26.67,1.821,1.44,1.282,12519.1,9403.8
10,10,11,495,AM,14.02,14.0,23.36,327.1,1,327.1,0.081,70.0,49.0,2200.0,26.47,1.888,1.51,1.353,12651.0,9746.3
10,10,11,510,AM,13.35,13.87,21.9,318.3,1,318.3,0.081,70.0,49.0,2200.0,25.76,1.93,1.562,1.41,12549.8,9865.0
10,10,11,525,AM,14.23,14.98,20.59,327.5,1,327.5,0.081,70.0,49.0,2200.0,26.51,1.863,1.484,1.327,12591.8,10521.0
10,10,11,540,AM,17.36,17.52,19.44,349.5,1,349.5,0.081,70.0,49.0,2200.0,28.28,1.63,1.225,1.058,12289.8,11590.6
10,10,11,555,AM,20.96,21.2,18.42,380.8,1,380.8,0.081,70.0,49.0,2200.0,30.82,1.47,1.03,0.848,12108.2,12996.6
10,10,11,570,AM,25.29,25.19,17.51,420.9,1,420.9,0.081,70.0,49.0,2200.0,34.06,1.347,0.86,0.659,11925.0,14735.4
10,10,11,585,AM,29.33,29.35,16.71,452.3,1,452.3,0.081,70.0,49.0,2200.0,36.6,1.248,0.725,0.509,11610.0,16198.4
10,10,11,600,MD,33.43,31.73,16.0,484.0,1,484.0,0.081,70.0,49.0,2200.0,39.17,1.172,0.612,0.38,11388.2,17686.7
10,10,11,615,MD,32.43,32.99,15.38,486.4,1,486.4,0.081,70.0,49.0,2200.0,39.36,1.214,0.651,0.419,11673.7,18095.4
10,10,11,630,MD,33.12,32.7,14.83,491.2,1,491.2,0.081,70.0,49.0,2200.0,39.75,1.2,0.632,0.397,11627.3,18564.3
10,10,11,645,MD,32.53,33.62,14.34,485.0,1,485.0,0.081,70.0,49.0,2200.0,39.26,1.207,0.646,0.414,11617.1,18588.2
10,10,11,660,MD,35.22,34.5,13.92,501.2,1,501.2,0.081,70.0,49.0,2200.0,40.56,1.152,0.572,0.332,11415.5,19441.5
10,10,11,675,MD,35.76,34.24,13.55,506.2,1,506.2,0.081,70.0,49.0,2200.0,40.97,1.146,0.56,0.318,11425.9,19847.4
10,10,11,690,MD,31.74,32.37,13.23,480.0,1,480.0,0.081,70.0,49.0,2200.0,38.85,1.224,0.669,0.439,11684.1,18991.1
10,10,11,705,MD,29.6,30.88,12.95,461.8,1,461.8,0.081,70.0,49.0,2200.0,37.38,1.263,0.729,0.508,11782.0,18416.9
10,10,11,720,MD,31.3,30.49,12.72,470.6,1,470.6,0.081,70.0,49.0,2200.0,38.09,1.217,0.673,0.447,11562.8,18890.5
10,10,11,735,MD,30.58,30.35,12.53,466.2,1,466.2,0.081,70.0,49.0,2200.0,37.73,1.234,0.695,0.471,11633.1,18815.7
10,10,11,750,MD,29.16,30.55,12.38,460.1,1,460.1,0.081,70.0,49.0,2200.0,37.23,1.277,0.745,0.524,11854.5,18650.5
10,10,11,765,MD,31.89,30.93,12.26,473.7,1,473.7,0.081,70.0,49.0,2200.0,38.34,1.202,0.654,0.428,11495.3,19267.8
10,10,11,780,MD,31.73,30.29,12.18,480.9,1,480.9,0.081,70.0,49.0,2200.0,38.92,1.227,0.67,0.44,11708.8,19606.9
10,10,11,795,MD,27.24,29.31,12.14,451.8,1,451.8,0.081,70.0,49.0,2200.0,36.57,1.342,0.82,0.604,12189.2,18445.2
10,10,11,810,MD,28.95,29.2,12.12,460.4,1,460.4,0.081,70.0,49.0,2200.0,37.26,1.287,0.755,0.534,11920.5,18801.8
10,10,11,825,MD,31.41,28.98,12.14,475.4,1,475.4,0.081,70.0,49.0,2200.0,38.48,1.225,0.675,0.448,11654.8,19405.3
10,10,11,840,PM,26.57,25.25,12.19,444.0,1,444.0,0.081,70.0,49.0,2200.0,35.93,1.352,0.839,0.626,12176.9,18093.9
10,10,11,855,PM,17.77,19.71,12.28,371.7,1,371.7,0.081,70.0,49.0,2200.0,30.08,1.693,1.263,1.085,12921.5,15111.9
10,10,11,870,PM,14.79,15.1,12.4,339.4,1,339.4,0.081,70.0,49.0,2200.0,27.47,1.858,1.465,1.303,12842.3,13750.6
10,10,11,885,PM,12.75,13.45,12.56,319.1,1,319.1,0.081,70.0,49.0,2200.0,25.82,2.026,1.657,1.504,12800.9,12867.9
10,10,11,900,PM,12.81,11.8,12.76,323.5,1,323.5,0.081,70.0,49.0,2200.0,26.18,2.044,1.67,1.515,12955.2,12973.0
10,10,11,915,PM,9.84,11.04,13.0,288.3,1,288.3,0.081,70.0,49.0,2200.0,23.33,2.371,2.038,1.9,12570.7,11480.8
10,10,11,930,PM,10.46,10.33,13.28,293.5,1,293.5,0.081,70.0,49.0,2200.0,23.75,2.271,1.931,1.791,12571.4,11593.7
10,10,11,945,PM,10.7,10.21,13.61,293.9,1,293.9,0.081,70.0,49.0,2200.0,23.78,2.223,1.883,1.742,12502.0,11500.5
10,10,11,960,PM,9.47,10.0,13.99,280.8,1,280.8,0.081,70.0,49.0,2200.0,22.73,2.401,2.076,1.942,12377.6,10871.8
10,10,11,975,PM,9.83,10.03,14.42,284.6,1,284.6,0.081,70.0,49.0,2200.0,23.03,2.343,2.014,1.878,12413.6,10880.7
10,10,11,990,PM,10.8,10.16,14.92,296.7,1,296.7,0.081,70.0,49.0,2200.0,24.01,2.224,1.881,1.738,12587.2,11184.3
10,10,11,1005,PM,9.84,10.53,15.48,286.4,1,286.4,0.081,70.0,49.0,2200.0,23.18,2.355,2.024,1.886,12486.9,10622.4
10,10,11,1020,PM,10.96,10.06,16.12,296.9,1,296.9,0.081,70.0,49.0,2200.0,24.03,2.193,1.849,1.707,12538.6,10814.4
10,10,11,1035,PM,9.37,9.93,16.85,281.3,1,281.3,0.081,70.0,49.0,2200.0,22.77,2.431,2.106,1.971,12434.6,10036.9
10,10,11,1050,PM,9.46,9.62,17.67,282.3,1,282.3,0.081,70.0,49.0,2200.0,22.84,2.416,2.09,1.954,12444.9,9840.4
10,10,11,1065,PM,10.04,10.5,18.59,286.1,1,286.1,0.081,70.0,49.0,2200.0,23.16,2.305,1.975,1.838,12404.0,9718.4
10,10,11,1080,PM,12.0,11.37,19.63,311.0,1,311.0,0.081,70.0,49.0,2200.0,25.17,2.098,1.739,1.59,12747.0,10258.2
10,10,11,1095,PM,12.08,12.21,20.81,311.9,1,311.9,0.081,70.0,49.0,2200.0,25.24,2.09,1.729,1.58,12753.9,9957.5
10,10,11,1110,PM,12.55,13.75,22.14,316.2,1,316.2,0.081,70.0,49.0,2200.0,25.59,2.039,1.674,1.522,12756.0,9734.3
10,10,11,1125,PM,16.63,15.98,23.64,351.2,1,351.2,0.081,70.0,49.0,2200.0,28.43,1.71,1.304,1.135,12610.3,10388.8
10,10,11,1140,PM,18.78,18.43,25.32,367.6,1,367.6,0.081,70.0,49.0,2200.0,29.75,1.585,1.16,0.983,12421.7,10407.4
10,10,11,1155,PM,19.89,20.53,27.21,382.4,1,382.4,0.081,70.0,49.0,2200.0,30.95,1.556,1.114,0.931,12525.3,10323.9
10,10,11,1170,PM,22.93,23.36,29.31,405.4,1,405.4,0.081,70.0,49.0,2200.0,32.81,1.431,0.962,0.768,12221.9,10413.3
10,10,11,1185,PM,27.28,28.16,31.62,438.5,1,438.5,0.081,70.0,49.0,2200.0,35.49,1.301,0.794,0.584,11819.6,10703.3
10,10,11,1200,NT,34.28,32.64,34.13,484.5,1,484.5,0.081,70.0,49.0,2200.0,39.21,1.144,0.584,0.352,11221.2,11251.5
10,10,11,1215,NT,36.35,36.69,36.82,500.0,1,500.0,0.081,70.0,49.0,2200.0,40.47,1.113,0.535,0.296,11177.8,11097.4
10,10,11,1230,NT,39.43,39.21,39.6,522.2,1,522.2,0.081,70.0,49.0,2200.0,42.26,1.072,0.468,0.218,11187.8,11166.4
10,10,11,1245,NT,41.86,40.9,42.35,534.4,1,534.4,0.081,70.0,49.0,2200.0,43.25,1.033,0.415,0.16,11180.3,11138.1
10,10,11,1260,NT,41.41,40.96,44.91,527.2,1,527.2,0.081,70.0,49.0,2200.0,42.66,1.03,0.421,0.168,11069.5,10842.2
10,10,11,1275,NT,39.62,40.45,47.03,517.8,1,517.8,0.081,70.0,49.0,2200.0,41.91,1.058,0.459,0.211,11071.1,10619.3
10,10,11,1290,NT,40.32,40.9,48.48,522.1,1,522.1,0.081,70.0,49.0,2200.0,42.25,1.048,0.444,0.194,11077.6,10730.2
10,10,11,1305,NT,42.75,41.53,49.0,532.3,1,532.3,0.081,70.0,49.0,2200.0,43.08,1.008,0.392,0.137,11062.7,10957.9
11,11,12,300,AM,61.24,61.08,70.0,479.7,1,479.7,0.095,70.0,49.0,2200.0,45.59,0.745,0.093,0.0,13533.8,16673.1
11,11,12,315,AM,60.93,60.7,70.0,501.4,1,501.4,0.095,70.0,49.0,2200.0,47.66,0.782,0.101,0.0,14059.9,17428.6
11,11,12,330,AM,59.94,58.68,70.0,512.6,1,512.6,0.095,70.0,49.0,2200.0,48.72,0.813,0.117,0.0,14101.1,17818.1
11,11,12,345,AM,55.16,56.37,70.0,510.9,1,510.9,0.095,70.0,49.0,2200.0,48.56,0.88,0.187,0.0,13010.7,17757.9
11,11,12,360,AM,54.0,54.58,70.0,519.0,1,519.0,0.095,70.0,49.0,2200.0,49.33,0.914,0.209,0.0,13030.9,18039.3
11,11,12,375,AM,54.59,53.83,70.0,523.1,1,523.1,0.095,70.0,49.0,2200.0,49.72,0.911,0.2,0.0,13225.5,18181.1
11,11,12,390,AM,52.9,53.27,70.0,527.9,1,527.9,0.095,70.0,49.0,2200.0,50.18,0.949,0.232,0.0,13102.1,18349.7
11,11,12,405,AM,52.31,52.57,68.62,528.6,1,528.6,0.095,70.0,49.0,2200.0,50.24,0.96,0.243,0.0,13047.6,17721.2
11,11,12,420,AM,52.49,52.28,63.44,531.6,1,531.6,0.095,70.0,49.0,2200.0,50.53,0.963,0.241,0.0,13142.3,15720.9
11,11,12,435,AM,52.05,51.25,58.26,533.8,1,533.8,0.095,70.0,49.0,2200.0,50.74,0.975,0.25,0.0,13145.8,14245.0
11,11,12,450,AM,49.22,50.28,53.08,545.1,1,545.1,0.095,70.0,49.0,2200.0,51.81,1.053,0.312,0.006,13189.5,13552.6
11,11,12,465,AM,49.58,48.66,48.93,543.8,1,543.8,0.095,70.0,49.0,2200.0,51.69,1.042,0.304,0.0,13179.3,13144.6
11,11,12,480,AM,47.17,45.24,47.42,535.7,1,535.7,0.095,70.0,49.0,2200.0,50.91,1.079,0.352,0.051,12901.3,12903.9
11,11,12,495,AM,38.97,41.18,45.62,489.6,1,489.6,0.095,70.0,49.0,2200.0,46.53,1.194,0.529,0.254,12385.9,11803.3
11,11,12,510,AM,37.39,37.87,44.6,475.8,1,475.8,0.095,70.0,49.0,2200.0,45.22,1.209,0.563,0.296,12295.3,11504.5
11,11,12,525,AM,37.24,39.07,44.8,465.3,1,465.3,0.095,70.0,49.0,2200.0,44.23,1.188,0.556,0.294,12050.9,11243.1
11,11,12,540,AM,42.58,42.41,46.13,485.4,1,485.4,0.095,70.0,49.0,2200.0,46.14,1.084,0.424,0.151,11861.9,11694.0
11,11,12,555,AM,47.4,45.9,47.92,495.4,1,495.4,0.095,70.0,49.0,2200.0,47.08,0.993,0.321,0.042,11933.3,11942.0
11,11,12,570,AM,47.73,49.4,50.17,501.1,1,501.1,0.095,70.0,49.0,2200.0,47.63,0.998,0.317,0.036,12075.5,12179.2
11,11,12,585,AM,53.07,52.38,54.88,520.3,1,520.3,0.095,70.0,49.0,2200.0,49.45,0.932,0.225,0.0,12934.7,13202.7
11,11,12,600,MD,56.34,55.53,60.15,527.2,1,527.2,0.095,70.0,49.0,2200.0,50.11,0.889,0.174,0.0,13647.3,14561.2
11,11,12,615,MD,57.18,56.6,65.43,532.1,1,532.1,0.095,70.0,49.0,2200.0,50.58,0.885,0.162,0.0,13950.3,16477.1
11,11,12,630,MD,56.29,56.57,70.0,530.8,1,530.8,0.095,70.0,49.0,2200.0,50.45,0.896,0.175,0.0,13730.5,18449.6
11,11,12,645,MD,56.25,56.18,70.0,532.5,1,532.5,0.095,70.0,49.0,2200.0,50.61,0.9,0.177,0.0,13765.6,18507.4
11,11,12,660,MD,56.0,56.07,70.0,523.2,1,523.2,0.095,70.0,49.0,2200.0,49.73,0.888,0.178,0.0,13477.3,18186.4
11,11,12,675,MD,55.95,56.36,70.0,516.8,1,516.8,0.095,70.0,49.0,2200.0,49.12,0.878,0.176,0.0,13302.5,17961.6
11,11,12,690,MD,57.14,56.82,70.0,519.3,1,519.3,0.095,70.0,49.0,2200.0,49.35,0.864,0.159,0.0,13604.5,18048.6
11,11,12,705,MD,57.38,57.03,70.0,529.3,1,529.3,0.095,70.0,49.0,2200.0,50.31,0.877,0.158,0.0,13920.7,18398.4
11,11,12,720,MD,56.58,56.76,70.0,527.5,1,527.5,0.095,70.0,49.0,2200.0,50.14,0.886,0.17,0.0,13705.1,18336.4
11,11,12,735,MD,56.31,56.55,70.0,523.1,1,523.1,0.095,70.0,49.0,2200.0,49.72,0.883,0.173,0.0,13534.5,18181.2
11,11,12,750,MD,56.75,56.65,70.0,520.6,1,520.6,0.095,70.0,49.0,2200.0,49.48,0.872,0.165,0.0,13559.2,18096.3
11,11,12,765,MD,56.9,56.68,70.0,514.4,1,514.4,0.095,70.0,49.0,2200.0,48.89,0.859,0.161,0.0,13427.0,17879.9
11,11,12,780,MD,56.39,56.76,70.0,522.0,1,522.0,0.095,70.0,49.0,2200.0,49.62,0.88,0.171,0.0,13523.3,18145.3
11,11,12,795,MD,57.0,57.17,70.0,522.3,1,522.3,0.095,70.0,49.0,2200.0,49.65,0.871,0.162,0.0,13656.1,18155.5
11,11,12,810,MD,58.13,57.82,70.0,527.4,1,527.4,0.095,70.0,49.0,2200.0,50.13,0.862,0.146,0.0,14042.5,18332.2
11,11,12,825,MD,58.33,58.28,70.0,524.9,1,524.9,0.095,70.0,49.0,2200.0,49.89,0.855,0.143,0.0,14024.2,18245.1
11,11,12,840,PM,58.39,57.91,70.0,525.8,1,525.8,0.095,70.0,49.0,2200.0,49.97,0.856,0.142,0.0,14061.3,18275.8
11,11,12,855,PM,57.02,57.6,70.0,531.5,1,531.5,0.095,70.0,49.0,2200.0,50.52,0.886,0.164,0.0,13900.5,18475.0
11,11,12,870,PM,57.38,57.43,70.0,530.3,1,530.3,0.095,70.0,49.0,2200.0,50.4,0.878,0.158,0.0,13947.3,18432.6
11,11,12,885,PM,57.89,57.65,70.0,528.4,1,528.4,0.095,70.0,49.0,2200.0,50.22,0.868,0.15,0.0,14014.0,18366.6
11,11,12,900,PM,57.66,57.44,70.0,530.4,1,530.4,0.095,70.0,49.0,2200.0,50.42,0.874,0.154,0.0,14015.1,18437.2
11,11,12,915,PM,56.76,57.56,70.0,534.6,1,534.6,0.095,70.0,49.0,2200.0,50.81,0.895,0.169,0.0,13926.0,18582.1
11,11,12,930,PM,58.25,57.49,70.0,527.0,1,527.0,0.095,70.0,49.0,2200.0,50.09,0.86,0.144,0.0,14060.3,18317.2
11,11,12,945,PM,57.44,57.53,70.0,530.8,1,530.8,0.095,70.0,49.0,2200.0,50.45,0.878,0.158,0.0,13975.5,18450.8
11,11,12,960,PM,56.9,56.59,70.0,530.4,1,530.4,0.095,70.0,49.0,2200.0,50.41,0.886,0.166,0.0,13845.8,18435.9
11,11,12,975,PM,55.43,55.79,70.0,527.7,1,527.7,0.095,70.0,49.0,2200.0,50.16,0.905,0.188,0.0,13487.7,18343.5
11,11,12,990,PM,55.05,54.87,70.0,520.8,1,520.8,0.095,70.0,49.0,2200.0,49.5,0.899,0.192,0.0,13244.5,18102.1
11,11,12,1005,PM,54.14,54.61,70.0,521.7,1,521.7,0.095,70.0,49.0,2200.0,49.59,0.916,0.207,0.0,13121.0,18133.8
11,11,12,1020,PM,54.64,54.51,70.0,524.1,1,524.1,0.095,70.0,49.0,2200.0,49.81,0.912,0.2,0.0,13259.1,18215.8
11,11,12,1035,PM,54.75,54.57,70.0,525.1,1,525.1,0.095,70.0,49.0,2200.0,49.91,0.911,0.199,0.0,13303.2,18251.2
11,11,12,1050,PM,54.32,54.89,70.0,532.6,1,532.6,0.095,70.0,49.0,2200.0,50.62,0.932,0.209,0.0,13422.3,18512.3
11,11,12,1065,PM,55.61,55.28,70.0,535.8,1,535.8,0.095,70.0,49.0,2200.0,50.93,0.916,0.188,0.0,13728.4,18624.8
11,11,12,1080,PM,55.9,55.6,70.0,536.5,1,536.5,0.095,70.0,49.0,2200.0,50.99,0.912,0.184,0.0,13801.1,18648.5
11,11,12,1095,PM,55.28,55.15,70.0,538.1,1,538.1,0.095,70.0,49.0,2200.0,51.14,0.925,0.195,0.0,13725.1,18703.5
11,11,12,1110,PM,54.28,54.22,70.0,535.8,1,535.8,0.095,70.0,49.0,2200.0,50.93,0.938,0.211,0.0,13496.9,18623.5
11,11,12,1125,PM,53.11,53.73,70.0,537.4,1,537.4,0.095,70.0,49.0,2200.0,51.07,0.962,0.232,0.0,13365.0,18678.0
11,11,12,1140,PM,53.78,52.98,70.0,539.0,1,539.0,0.095,70.0,49.0,2200.0,51.23,0.952,0.221,0.0,13499.9,18733.2
11,11,12,1155,PM,52.04,53.06,70.0,532.5,1,532.5,0.095,70.0,49.0,2200.0,50.61,0.973,0.25,0.0,13113.3,18509.6
11,11,12,1170,PM,53.35,53.52,70.0,528.9,1,528.9,0.095,70.0,49.0,2200.0,50.27,0.942,0.224,0.0,13185.9,18383.7
11,11,12,1185,PM,55.17,55.22,70.0,535.5,1,535.5,0.095,70.0,49.0,2200.0,50.89,0.922,0.195,0.0,13639.0,18611.8
11,11,12,1200,NT,57.13,56.31,70.0,532.6,1,532.6,0.095,70.0,49.0,2200.0,50.62,0.886,0.163,0.0,13951.5,18512.3
11,11,12,1215,NT,56.62,56.88,70.0,535.4,1,535.4,0.095,70.0,49.0,2200.0,50.89,0.899,0.172,0.0,13918.2,18610.6
11,11,12,1230,NT,56.89,56.8,70.0,533.4,1,533.4,0.095,70.0,49.0,2200.0,50.69,0.891,0.167,0.0,13919.5,18538.7
11,11,12,1245,NT,56.88,56.9,70.0,533.8,1,533.8,0.095,70.0,49.0,2200.0,50.74,0.892,0.167,0.0,13929.7,18554.7
11,11,12,1260,NT,56.93,57.08,70.0,533.3,1,533.3,0.095,70.0,49.0,2200.0,50.69,0.89,0.166,0.0,13926.9,18536.3
11,11,12,1275,NT,57.43,57.31,70.0,530.8,1,530.8,0.095,70.0,49.0,2200.0,50.45,0.878,0.158,0.0,13970.4,18448.3
11,11,12,1290,NT,57.57,57.55,70.0,530.2,1,530.2,0.095,70.0,49.0,2200.0,50.4,0.875,0.155,0.0,13989.1,18429.9
11,11,12,1305,NT,57.66,57.62,70.0,530.2,1,530.2,0.095,70.0,49.0,2200.0,50.39,0.874,0.154,0.0,14005.9,18427.9
12,12,13,300,AM,50.26,48.29,49.0,534.0,1,534.0,0.162,70.0,49.0,2200.0,86.64,1.724,0.486,0.0,22168.1,22039.4
12,12,13,315,AM,46.32,46.34,48.48,534.0,1,534.0,0.162,70.0,49.0,2200.0,86.63,1.871,0.633,0.12,21955.4,22001.7
12,12,13,330,AM,42.44,42.81,47.05,521.3,1,521.3,0.162,70.0,49.0,2200.0,84.58,1.993,0.785,0.284,21767.8,21431.7
12,12,13,345,AM,39.67,39.71,44.94,515.4,1,515.4,0.162,70.0,49.0,2200.0,83.62,2.108,0.913,0.418,22075.6,21247.5
12,12,13,360,AM,37.02,35.58,42.4,508.9,1,508.9,0.162,70.0,49.0,2200.0,82.56,2.23,1.051,0.562,22571.4,21253.2
12,12,13,375,AM,30.04,31.99,39.66,475.6,1,475.6,0.162,70.0,49.0,2200.0,77.17,2.569,1.466,1.01,24084.8,20376.6
12,12,13,390,AM,28.92,28.29,36.89,462.7,1,462.7,0.162,70.0,49.0,2200.0,75.08,2.596,1.524,1.08,24042.6,20565.0
12,12,13,405,AM,25.91,26.8,34.21,440.3,1,440.3,0.162,70.0,49.0,2200.0,71.43,2.757,1.737,1.314,24616.4,20465.3
12,12,13,420,AM,25.58,23.83,31.7,438.1,1,438.1,0.162,70.0,49.0,2200.0,71.08,2.779,1.764,1.343,24701.1,21399.1
12,12,13,435,AM,20.01,20.71,29.38,393.5,1,393.5,0.162,70.0,49.0,2200.0,63.84,3.19,2.278,1.9,25750.7,20225.1
12,12,13,450,AM,16.53,17.39,27.28,356.3,1,356.3,0.162,70.0,49.0,2200.0,57.81,3.497,2.671,2.329,25715.3,19249.7
12,12,13,465,AM,15.62,15.45,25.39,347.9,1,347.9,0.162,70.0,49.0,2200.0,56.44,3.613,2.807,2.473,25764.3,19705.7
12,12,13,480,AM,14.21,14.63,23.7,334.4,1,334.4,0.162,70.0,49.0,2200.0,54.26,3.818,3.043,2.722,25789.5,19797.2
12,12,13,495,AM,14.05,14.04,22.2,335.3,1,335.3,0.162,70.0,49.0,2200.0,54.41,3.874,3.096,2.775,25982.9,20668.0
12,12,13,510,AM,13.88,14.05,20.86,333.2,1,333.2,0.162,70.0,49.0,2200.0,54.06,3.895,3.123,2.803,25940.1,21299.4
12,12,13,525,AM,14.23,15.14,19.67,337.5,1,337.5,0.162,70.0,49.0,2200.0,54.76,3.85,3.067,2.743,26017.5,22296.1
12,12,13,540,AM,17.32,17.19,18.62,361.1,1,361.1,0.162,70.0,49.0,2200.0,58.59,3.382,2.545,2.199,25483.7,24567.1
12,12,13,555,AM,20.02,19.85,17.69,386.0,1,386.0,0.162,70.0,49.0,2200.0,62.62,3.127,2.233,1.862,25249.6,26957.1
12,12,13,570,AM,22.2,22.67,16.86,408.7,1,408.7,0.162,70.0,49.0,2200.0,66.31,2.987,2.039,1.647,25185.6,29220.6
12,12,13,585,AM,25.78,25.69,16.13,439.7,1,439.7,0.162,70.0,49.0,2200.0,71.33,2.767,1.748,1.326,24664.6,32095.5
12,12,13,600,MD,29.09,27.65,15.48,467.1,1,467.1,0.162,70.0,49.0,2200.0,75.79,2.605,1.523,1.074,24173.0,34734.7
12,12,13,615,MD,28.07,28.64,14.91,464.1,1,464.1,0.162,70.0,49.0,2200.0,75.3,2.682,1.607,1.161,24599.3,35080.0
12,12,13,630,MD,28.75,28.46,14.41,468.7,1,468.7,0.162,70.0,49.0,2200.0,76.05,2.645,1.559,1.109,24449.0,35942.1
12,12,13,645,MD,28.56,29.39,13.96,467.8,1,467.8,0.162,70.0,49.0,2200.0,75.89,2.657,1.573,1.124,24507.0,36327.5
12,12,13,660,MD,30.86,30.25,13.58,482.9,1,482.9,0.162,70.0,49.0,2200.0,78.34,2.538,1.419,0.955,24008.4,37918.8
12,12,13,675,MD,31.31,29.88,13.24,486.8,1,486.8,0.162,70.0,49.0,2200.0,78.99,2.522,1.394,0.927,23973.1,38602.6
12,12,13,690,MD,27.45,28.05,12.95,458.5,1,458.5,0.162,70.0,49.0,2200.0,74.38,2.71,1.647,1.207,24668.9,36657.1
12,12,13,705,MD,25.39,26.91,12.7,441.2,1,441.2,0.162,70.0,49.0,2200.0,71.59,2.82,1.797,1.374,25000.7,35531.4
12,12,13,720,MD,27.89,26.66,12.49,458.0,1,458.0,0.162,70.0,49.0,2200.0,74.3,2.664,1.602,1.163,24377.8,37096.8
12,12,13,735,MD,26.69,26.59,12.33,451.5,1,451.5,0.162,70.0,49.0,2200.0,73.25,2.745,1.698,1.265,24751.9,36748.9
12,12,13,750,MD,25.18,26.82,12.19,440.3,1,440.3,0.162,70.0,49.0,2200.0,71.43,2.837,1.817,1.394,25079.9,35975.9
12,12,13,765,MD,28.6,27.02,12.09,462.6,1,462.6,0.162,70.0,49.0,2200.0,75.05,2.624,1.552,1.108,24211.9,37906.1
12,12,13,780,MD,27.29,26.54,12.03,459.3,1,459.3,0.162,70.0,49.0,2200.0,74.52,2.731,1.666,1.225,24813.2,37708.0
12,12,13,795,MD,23.71,25.24,12.0,431.7,1,431.7,0.162,70.0,49.0,2200.0,70.04,2.954,1.953,1.539,25549.1,35474.2
12,12,13,810,MD,24.73,25.13,12.0,438.4,1,438.4,0.162,70.0,49.0,2200.0,71.13,2.877,1.861,1.44,25267.2,36026.7
12,12,13,825,MD,26.94,24.84,12.03,453.0,1,453.0,0.162,70.0,49.0,2200.0,73.5,2.728,1.678,1.243,24683.7,37191.0
12,12,13,840,PM,22.87,21.98,12.09,423.1,1,423.1,0.162,70.0,49.0,2200.0,68.65,3.002,2.021,1.615,25610.9,34670.8
12,12,13,855,PM,16.12,17.61,12.19,362.7,1,362.7,0.162,70.0,49.0,2200.0,58.84,3.65,2.809,2.461,26482.0,29634.5
12,12,13,870,PM,13.84,13.91,12.33,335.6,1,335.6,0.162,70.0,49.0,2200.0,54.45,3.935,3.158,2.835,26158.3,27316.1
12,12,13,885,PM,11.77,12.48,12.49,313.4,1,313.4,0.162,70.0,49.0,2200.0,50.84,4.319,3.593,3.292,25916.9,25383.6
12,12,13,900,PM,11.84,11.13,12.7,316.4,1,316.4,0.162,70.0,49.0,2200.0,51.34,4.335,3.601,3.298,26115.8,25480.0
12,12,13,915,PM,9.78,10.54,12.95,288.6,1,288.6,0.162,70.0,49.0,2200.0,46.83,4.79,4.121,3.844,25277.1,23076.7
12,12,13,930,PM,10.01,9.98,13.24,290.9,1,290.9,0.162,70.0,49.0,2200.0,47.2,4.715,4.04,3.761,25307.2,23068.7
12,12,13,945,PM,10.14,9.83,13.58,291.2,1,291.2,0.162,70.0,49.0,2200.0,47.24,4.659,3.984,3.704,25235.9,22866.7
12,12,13,960,PM,9.34,9.8,13.96,280.7,1,280.7,0.162,70.0,49.0,2200.0,45.54,4.874,4.224,3.954,24886.8,21797.2
12,12,13,975,PM,9.93,10.02,14.41,288.2,1,288.2,0.162,70.0,49.0,2200.0,46.77,4.709,4.041,3.764,25130.8,22103.3
12,12,13,990,PM,10.78,10.27,14.91,299.1,1,299.1,0.162,70.0,49.0,2200.0,48.53,4.504,3.811,3.523,25457.5,22610.5
12,12,13,1005,PM,10.1,10.64,15.48,291.6,1,291.6,0.162,70.0,49.0,2200.0,47.32,4.687,4.011,3.731,25307.1,21685.6
12,12,13,1020,PM,11.05,10.36,16.13,301.5,1,301.5,0.162,70.0,49.0,2200.0,48.91,4.427,3.728,3.439,25456.2,22007.3
12,12,13,1035,PM,9.92,10.17,16.86,289.9,1,289.9,0.162,70.0,49.0,2200.0,47.04,4.74,4.068,3.79,25282.6,20727.5
12,12,13,1050,PM,9.54,9.98,17.69,284.4,1,284.4,0.162,70.0,49.0,2200.0,46.14,4.837,4.178,3.905,25075.7,19862.0
12,12,13,1065,PM,10.48,10.84,18.62,296.1,1,296.1,0.162,70.0,49.0,2200.0,48.05,4.585,3.898,3.614,25417.8,20147.0
12,12,13,1080,PM,12.51,12.09,19.67,319.6,1,319.6,0.162,70.0,49.0,2200.0,51.85,4.143,3.403,3.096,25873.3,21110.8
12,12,13,1095,PM,13.27,13.15,20.86,325.6,1,325.6,0.162,70.0,49.0,2200.0,52.83,3.98,3.225,2.912,25791.8,20813.5
12,12,13,1110,PM,13.66,14.43,22.2,331.9,1,331.9,0.162,70.0,49.0,2200.0,53.85,3.943,3.174,2.855,26003.8,20456.0
12,12,13,1125,PM,16.36,16.2,23.7,355.9,1,355.9,0.162,70.0,49.0,2200.0,57.74,3.529,2.704,2.363,25808.3,21066.2
12,12,13,1140,PM,18.58,17.79,25.39,374.9,1,374.9,0.162,70.0,49.0,2200.0,60.82,3.273,2.404,2.044,25530.0,21237.3
12,12,13,1155,PM,18.43,19.56,27.28,377.7,1,377.7,0.162,70.0,49.0,2200.0,61.28,3.325,2.449,2.087,25832.4,20406.4
12,12,13,1170,PM,21.66,21.68,29.38,402.3,1,402.3,0.162,70.0,49.0,2200.0,65.27,3.013,2.081,1.695,25158.3,20675.9
12,12,13,1185,PM,24.94,25.9,31.7,427.2,1,427.2,0.162,70.0,49.0,2200.0,69.31,2.779,1.789,1.379,24485.7,20866.6
12,12,13,1200,NT,31.09,29.88,34.21,471.6,1,471.6,0.162,70.0,49.0,2200.0,76.52,2.461,1.368,0.915,23336.8,21924.1
12,12,13,1215,NT,33.61,33.72,36.89,488.7,1,488.7,0.162,70.0,49.0,2200.0,79.29,2.359,1.226,0.757,22972.7,21718.1
12,12,13,1230,NT,36.47,35.98,39.66,510.7,1,510.7,0.162,70.0,49.0,2200.0,82.85,2.272,1.088,0.598,22842.8,21876.3
12,12,13,1245,NT,37.86,37.44,42.4,519.1,1,519.1,0.162,70.0,49.0,2200.0,84.22,2.225,1.021,0.523,22749.0,21681.7
12,12,13,1260,NT,38.01,37.52,44.94,515.4,1,515.4,0.162,70.0,49.0,2200.0,83.62,2.2,1.006,0.511,22541.2,21248.7
12,12,13,1275,NT,36.7,37.49,47.05,507.7,1,507.7,0.162,70.0,49.0,2200.0,82.37,2.245,1.068,0.58,22628.9,20871.9
12,12,13,1290,NT,37.76,38.24,48.48,515.5,1,515.5,0.162,70.0,49.0,2200.0,83.64,2.215,1.02,0.525,22623.1,21240.5
12,12,13,1305,NT,40.26,39.01,49.0,526.3,1,526.3,0.162,70.0,49.0,2200.0,85.38,2.121,0.901,0.396,22399.1,21719.8
13,13,14,300,AM,53.91,52.49,70.0,532.7,1,532.7,0.139,70.0,49.0,2200.0,73.93,1.371,0.315,0.0,19510.5,27036.9
13,13,14,315,AM,51.07,50.5,56.17,533.5,1,533.5,0.139,70.0,49.0,2200.0,74.05,1.45,0.392,0.0,19043.2,20117.0
13,13,14,330,AM,46.52,47.61,48.87,532.8,1,532.8,0.139,70.0,49.0,2200.0,73.95,1.59,0.533,0.096,18737.8,18802.5
13,13,14,345,AM,45.22,45.15,47.87,526.4,1,526.4,0.139,70.0,49.0,2200.0,73.07,1.616,0.572,0.14,18552.5,18531.2
13,13,14,360,AM,43.72,42.78,46.06,528.6,1,528.6,0.139,70.0,49.0,2200.0,73.37,1.678,0.63,0.196,18735.9,18598.8
13,13,14,375,AM,39.39,40.38,43.68,515.3,1,515.3,0.139,70.0,49.0,2200.0,71.52,1.816,0.794,0.371,18942.6,18267.0
13,13,14,390,AM,38.02,37.77,40.99,508.6,1,508.6,0.139,70.0,49.0,2200.0,70.59,1.857,0.848,0.431,19024.2,18384.3
13,13,14,405,AM,35.9,36.05,38.19,500.8,1,500.8,0.139,70.0,49.0,2200.0,69.51,1.936,0.943,0.532,19339.9,18690.3
13,13,14,420,AM,34.24,33.2,35.44,488.1,1,488.1,0.139,70.0,49.0,2200.0,67.75,1.979,1.011,0.61,19402.2,18993.5
13,13,14,435,AM,29.45,28.39,32.83,462.1,1,462.1,0.139,70.0,49.0,2200.0,64.14,2.178,1.262,0.882,20287.7,18868.0
13,13,14,450,AM,21.47,23.0,30.41,398.5,1,398.5,0.139,70.0,49.0,2200.0,55.31,2.576,1.786,1.458,21427.4,17119.3
13,13,14,465,AM,18.09,18.96,28.2,361.7,1,361.7,0.139,70.0,49.0,2200.0,50.2,2.775,2.058,1.761,21364.7,16347.9
13,13,14,480,AM,17.32,17.22,26.21,353.0,1,353.0,0.139,70.0,49.0,2200.0,49.0,2.829,2.129,1.839,21313.1,16754.8
13,13,14,495,AM,16.24,16.07,24.43,346.8,1,346.8,0.139,70.0,49.0,2200.0,48.13,2.964,2.276,1.991,21588.7,17228.8
13,13,14,510,AM,14.65,15.36,22.85,326.4,1,326.4,0.139,70.0,49.0,2200.0,45.3,3.092,2.445,2.177,21262.3,16908.8
13,13,14,525,AM,15.2,16.16,21.44,333.0,1,333.0,0.139,70.0,49.0,2200.0,46.23,3.042,2.381,2.108,21359.6,17925.2
13,13,14,540,AM,18.63,19.03,20.19,355.9,1,355.9,0.139,70.0,49.0,2200.0,49.39,2.651,1.946,1.654,20706.9,19823.5
13,13,14,555,AM,23.25,23.63,19.09,393.6,1,393.6,0.139,70.0,49.0,2200.0,54.64,2.35,1.569,1.246,20174.8,22613.0
13,13,14,570,AM,29.0,28.57,18.11,437.6,1,437.6,0.139,70.0,49.0,2200.0,60.74,2.094,1.227,0.867,19412.4,25838.8
13,13,14,585,AM,33.45,33.27,17.24,470.1,1,470.1,0.139,70.0,49.0,2200.0,65.25,1.951,1.019,0.632,18965.5,28445.3
13,13,14,600,MD,37.36,36.1,16.48,499.2,1,499.2,0.139,70.0,49.0,2200.0,69.28,1.855,0.865,0.455,18846.9,30865.0
13,13,14,615,MD,37.5,37.55,15.8,509.6,1,509.6,0.139,70.0,49.0,2200.0,70.73,1.886,0.876,0.457,19201.3,32122.5
13,13,14,630,MD,37.78,37.68,15.21,511.2,1,511.2,0.139,70.0,49.0,2200.0,70.95,1.878,0.865,0.445,19186.5,32773.9
13,13,14,645,MD,37.76,38.41,14.69,507.4,1,507.4,0.139,70.0,49.0,2200.0,70.43,1.865,0.859,0.442,19048.2,33022.6
13,13,14,660,MD,39.69,39.45,14.23,515.6,1,515.6,0.139,70.0,49.0,2200.0,71.56,1.803,0.781,0.357,18889.0,33996.5
13,13,14,675,MD,40.89,39.44,13.83,524.2,1,524.2,0.139,70.0,49.0,2200.0,72.76,1.779,0.74,0.309,18968.7,34967.9
13,13,14,690,MD,37.74,38.05,13.48,509.7,1,509.7,0.139,70.0,49.0,2200.0,70.75,1.875,0.864,0.445,19141.2,34340.0
13,13,14,705,MD,35.5,36.54,13.18,492.6,1,492.6,0.139,70.0,49.0,2200.0,68.37,1.926,0.949,0.545,19149.4,33471.1
13,13,14,720,MD,36.36,36.02,12.93,494.6,1,494.6,0.139,70.0,49.0,2200.0,68.66,1.888,0.907,0.501,18959.5,33852.9
13,13,14,735,MD,36.2,35.81,12.72,492.2,1,492.2,0.139,70.0,49.0,2200.0,68.32,1.887,0.911,0.507,18915.2,33890.3
13,13,14,750,MD,34.87,35.54,12.55,485.8,1,485.8,0.139,70.0,49.0,2200.0,67.43,1.933,0.97,0.571,19090.3,33612.1
13,13,14,765,MD,35.53,35.78,12.42,485.2,1,485.2,0.139,70.0,49.0,2200.0,67.35,1.895,0.933,0.535,18852.7,33699.7
13,13,14,780,MD,36.94,35.17,12.32,501.6,1,501.6,0.139,70.0,49.0,2200.0,69.62,1.885,0.89,0.478,19057.8,34935.7
13,13,14,795,MD,33.03,34.55,12.26,484.7,1,484.7,0.139,70.0,49.0,2200.0,67.27,2.037,1.076,0.678,19713.5,33814.7
13,13,14,810,MD,33.69,34.45,12.23,483.4,1,483.4,0.139,70.0,49.0,2200.0,67.1,1.992,1.033,0.636,19413.4,33751.4
13,13,14,825,MD,36.63,34.17,12.24,499.1,1,499.1,0.139,70.0,49.0,2200.0,69.27,1.891,0.901,0.491,19049.2,34836.9
13,13,14,840,PM,32.18,30.37,12.29,474.9,1,474.9,0.139,70.0,49.0,2200.0,65.92,2.048,1.107,0.717,19647.4,33110.6
13,13,14,855,PM,22.29,24.31,12.36,403.9,1,403.9,0.139,70.0,49.0,2200.0,56.06,2.515,1.715,1.383,21245.2,28097.7
13,13,14,870,PM,18.46,19.11,12.48,369.1,1,369.1,0.139,70.0,49.0,2200.0,51.23,2.774,2.043,1.74,21574.7,25589.5
13,13,14,885,PM,16.57,17.1,12.63,350.6,1,350.6,0.139,70.0,49.0,2200.0,48.66,2.936,2.241,1.953,21619.6,24204.6
13,13,14,900,PM,16.28,15.16,12.82,352.9,1,352.9,0.139,70.0,49.0,2200.0,48.98,3.009,2.31,2.02,21946.1,24230.2
13,13,14,915,PM,12.62,13.75,13.05,316.9,1,316.9,0.139,70.0,49.0,2200.0,43.98,3.486,2.857,2.597,21881.5,21614.3
13,13,14,930,PM,12.36,12.92,13.32,310.2,1,310.2,0.139,70.0,49.0,2200.0,43.05,3.483,2.868,2.614,21578.3,20991.8
13,13,14,945,PM,13.78,12.39,13.64,323.1,1,323.1,0.139,70.0,49.0,2200.0,44.85,3.254,2.613,2.348,21579.8,21668.8
13,13,14,960,PM,11.04,11.95,14.01,298.2,1,298.2,0.139,70.0,49.0,2200.0,41.39,3.75,3.159,2.914,21547.7,19784.4
13,13,14,975,PM,11.03,11.3,14.44,297.3,1,297.3,0.139,70.0,49.0,2200.0,41.27,3.742,3.153,2.909,21489.7,19485.1
13,13,14,990,PM,11.83,11.57,14.93,305.9,1,305.9,0.139,70.0,49.0,2200.0,42.46,3.591,2.984,2.733,21611.8,19771.8
13,13,14,1005,PM,11.87,11.82,15.49,305.2,1,305.2,0.139,70.0,49.0,2200.0,42.37,3.57,2.964,2.714,21536.5,19415.8
13,13,14,1020,PM,11.77,11.2,16.12,301.1,1,301.1,0.139,70.0,49.0,2200.0,41.8,3.552,2.955,2.707,21308.1,18811.7
13,13,14,1035,PM,9.97,10.71,16.84,286.8,1,286.8,0.139,70.0,49.0,2200.0,39.81,3.991,3.422,3.187,21365.9,17555.2
13,13,14,1050,PM,10.4,10.51,17.65,289.8,1,289.8,0.139,70.0,49.0,2200.0,40.22,3.868,3.293,3.055,21327.1,17334.6
13,13,14,1065,PM,11.16,11.6,18.56,294.3,1,294.3,0.139,70.0,49.0,2200.0,40.85,3.661,3.078,2.836,21194.7,17157.1
13,13,14,1080,PM,13.25,12.42,19.6,321.3,1,321.3,0.139,70.0,49.0,2200.0,44.6,3.367,2.73,2.466,21791.5,18194.3
13,13,14,1095,PM,12.86,13.23,20.77,320.4,1,320.4,0.139,70.0,49.0,2200.0,44.48,3.459,2.823,2.56,21974.9,17565.4
13,13,14,1110,PM,13.59,14.88,22.1,323.9,1,323.9,0.139,70.0,49.0,2200.0,44.96,3.308,2.666,2.4,21752.2,17125.5
13,13,14,1125,PM,18.2,17.38,23.59,361.2,1,361.2,0.139,70.0,49.0,2200.0,50.13,2.754,2.038,1.741,21268.0,18345.7
13,13,14,1140,PM,20.33,20.46,25.27,374.2,1,374.2,0.139,70.0,49.0,2200.0,51.94,2.555,1.813,1.505,20764.5,18194.7
13,13,14,1155,PM,22.85,23.09,27.14,397.5,1,397.5,0.139,70.0,49.0,2200.0,55.17,2.414,1.626,1.299,20589.3,18433.3
13,13,14,1170,PM,26.08,26.88,29.24,424.0,1,424.0,0.139,70.0,49.0,2200.0,58.85,2.257,1.416,1.068,20193.1,18705.2
13,13,14,1185,PM,31.69,31.8,31.55,463.8,1,463.8,0.139,70.0,49.0,2200.0,64.37,2.031,1.112,0.731,19382.2,19440.5
13,13,14,1200,NT,37.62,36.24,34.07,497.1,1,497.1,0.139,70.0,49.0,2200.0,69.0,1.834,0.848,0.44,18699.0,19822.6
13,13,14,1215,NT,39.42,39.74,36.76,513.4,1,513.4,0.139,70.0,49.0,2200.0,71.26,1.808,0.79,0.368,18868.0,19559.3
13,13,14,1230,NT,42.19,42.2,39.54,531.1,1,531.1,0.139,70.0,49.0,2200.0,73.72,1.747,0.694,0.258,19006.5,19491.5
13,13,14,1245,NT,44.99,44.05,42.31,543.3,1,543.3,0.139,70.0,49.0,2200.0,75.41,1.676,0.599,0.153,19158.4,19425.5
13,13,14,1260,NT,44.98,44.27,44.88,539.0,1,539.0,0.139,70.0,49.0,2200.0,74.81,1.663,0.595,0.152,19008.5,19014.4
13,13,14,1275,NT,42.84,43.83,47.02,529.5,1,529.5,0.139,70.0,49.0,2200.0,73.5,1.716,0.666,0.231,18864.3,18623.2
13,13,14,1290,NT,43.67,43.69,48.47,531.6,1,531.6,0.139,70.0,49.0,2200.0,73.79,1.69,0.636,0.199,18848.2,18738.6
13,13,14,1305,NT,44.55,44.11,49.0,534.4,1,534.4,0.139,70.0,49.0,2200.0,74.17,1.665,0.605,0.166,18871.0,18866.6
14,14,15,300,AM,62.45,61.98,70.0,488.5,1,488.5,0.932,70.0,49.0,2200.0,455.21,7.29,0.787,0.0,138586.5,166470.1
14,14,15,315,AM,61.5,61.48,70.0,502.4,1,502.4,0.932,70.0,49.0,2200.0,468.14,7.611,0.924,0.0,139726.4,171197.2
14,14,15,330,AM,60.48,60.07,70.0,510.5,1,510.5,0.932,70.0,49.0,2200.0,475.71,7.866,1.07,0.0,139092.5,173966.7
14,14,15,345,AM,58.22,58.65,70.0,520.1,1,520.1,0.932,70.0,49.0,2200.0,484.63,8.324,1.4,0.0,135981.6,177229.4
14,14,15,360,AM,57.24,57.04,70.0,528.0,1,528.0,0.932,70.0,49.0,2200.0,491.98,8.595,1.567,0.0,135836.6,179915.3
14,14,15,375,AM,55.66,55.83,70.0,531.4,1,531.4,0.932,70.0,49.0,2200.0,495.19,8.897,1.823,0.0,133567.6,181090.8
14,14,15,390,AM,54.61,54.76,70.0,533.4,1,533.4,0.932,70.0,49.0,2200.0,497.01,9.102,2.002,0.0,132238.5,181755.0
14,14,15,405,AM,54.01,53.89,70.0,534.9,1,534.9,0.932,70.0,49.0,2200.0,498.42,9.229,2.109,0.0,131680.6,182272.3
14,14,15,420,AM,53.04,53.32,70.0,536.0,1,536.0,0.932,70.0,49.0,2200.0,499.44,9.415,2.281,0.0,130600.1,182644.1
14,14,15,435,AM,52.91,52.7,70.0,539.5,1,539.5,0.932,70.0,49.0,2200.0,502.68,9.501,2.32,0.0,131271.7,183828.5
14,14,15,450,AM,52.15,52.34,70.0,546.1,1,546.1,0.932,70.0,49.0,2200.0,508.87,9.757,2.487,0.0,131970.5,186092.3
14,14,15,465,AM,51.95,51.67,70.0,547.4,1,547.4,0.932,70.0,49.0,2200.0,510.04,9.818,2.531,0.0,132048.4,186521.6
14,14,15,480,AM,50.92,50.39,70.0,545.6,1,545.6,0.932,70.0,49.0,2200.0,508.36,9.984,2.722,0.0,130597.5,185909.1
14,14,15,495,AM,48.3,49.59,70.0,541.1,1,541.1,0.932,70.0,49.0,2200.0,504.2,10.439,3.236,0.253,127984.9,184385.4
14,14,15,510,AM,49.54,49.03,70.0,538.1,1,538.1,0.932,70.0,49.0,2200.0,501.4,10.121,2.958,0.0,127822.2,183360.4
14,14,15,525,AM,49.25,49.59,70.0,532.8,1,532.8,0.932,70.0,49.0,2200.0,496.47,10.081,2.989,0.051,126409.5,181558.7
14,14,15,540,AM,49.98,50.13,70.0,531.6,1,531.6,0.932,70.0,49.0,2200.0,495.31,9.91,2.834,0.0,126542.0,181136.4
14,14,15,555,AM,51.17,51.0,70.0,529.7,1,529.7,0.932,70.0,49.0,2200.0,493.55,9.645,2.594,0.0,127015.2,180490.3
14,14,15,570,AM,51.85,52.42,70.0,529.7,1,529.7,0.932,70.0,49.0,2200.0,493.56,9.518,2.468,0.0,127678.4,180495.0
14,14,15,585,AM,54.24,54.28,70.0,527.0,1,527.0,0.932,70.0,49.0,2200.0,491.08,9.053,2.038,0.0,130096.1,179587.4
14,14,15,600,MD,56.76,56.01,70.0,532.5,1,532.5,0.932,70.0,49.0,2200.0,496.19,8.742,1.654,0.0,135979.3,181456.7
14,14,15,615,MD,57.03,56.96,70.0,533.9,1,533.9,0.932,70.0,49.0,2200.0,497.51,8.724,1.617,0.0,136903.1,181940.6
14,14,15,630,MD,57.1,57.05,70.0,532.9,1,532.9,0.932,70.0,49.0,2200.0,496.61,8.698,1.603,0.0,136803.5,181610.8
14,14,15,645,MD,57.03,57.19,70.0,533.9,1,533.9,0.932,70.0,49.0,2200.0,497.54,8.725,1.617,0.0,136909.0,181949.7
14,14,15,660,MD,57.44,57.08,70.0,531.1,1,531.1,0.932,70.0,49.0,2200.0,494.9,8.616,1.546,0.0,137069.3,180983.9
14,14,15,675,MD,56.78,57.49,70.0,530.3,1,530.3,0.932,70.0,49.0,2200.0,494.12,8.702,1.643,0.0,135460.9,180698.2
14,14,15,690,MD,58.26,57.71,70.0,526.3,1,526.3,0.932,70.0,49.0,2200.0,490.4,8.418,1.412,0.0,137682.9,179340.2
14,14,15,705,MD,58.08,58.07,70.0,528.2,1,528.2,0.932,70.0,49.0,2200.0,492.17,8.474,1.443,0.0,137763.4,179988.2
14,14,15,720,MD,57.88,58.03,70.0,529.4,1,529.4,0.932,70.0,49.0,2200.0,493.27,8.522,1.475,0.0,137621.4,180389.8
14,14,15,735,MD,58.13,58.1,70.0,528.1,1,528.1,0.932,70.0,49.0,2200.0,492.08,8.465,1.435,0.0,137860.5,179954.1
14,14,15,750,MD,58.28,58.26,70.0,526.3,1,526.3,0.932,70.0,49.0,2200.0,490.38,8.413,1.408,0.0,137737.5,179331.0
14,14,15,765,MD,58.36,58.06,70.0,524.9,1,524.9,0.932,70.0,49.0,2200.0,489.11,8.381,1.393,0.0,137562.8,178868.8
14,14,15,780,MD,57.54,58.06,70.0,530.0,1,530.0,0.932,70.0,49.0,2200.0,493.9,8.584,1.528,0.0,137011.6,180619.3
14,14,15,795,MD,58.29,58.03,70.0,526.4,1,526.4,0.932,70.0,49.0,2200.0,490.53,8.415,1.407,0.0,137805.1,179388.4
14,14,15,810,MD,58.26,58.38,70.0,527.8,1,527.8,0.932,70.0,49.0,2200.0,491.8,8.442,1.416,0.0,138070.9,179851.4
14,14,15,825,MD,58.59,58.33,70.0,525.5,1,525.5,0.932,70.0,49.0,2200.0,489.67,8.358,1.363,0.0,138258.2,179070.6
14,14,15,840,PM,58.15,58.11,70.0,528.5,1,528.5,0.932,70.0,49.0,2200.0,492.47,8.469,1.433,0.0,138012.2,180095.3
14,14,15,855,PM,57.59,58.02,70.0,530.7,1,530.7,0.932,70.0,49.0,2200.0,494.51,8.587,1.522,0.0,137301.7,180842.6
14,14,15,870,PM,58.33,58.05,70.0,526.8,1,526.8,0.932,70.0,49.0,2200.0,490.88,8.416,1.403,0.0,137985.4,179516.4
14,14,15,885,PM,58.24,58.05,70.0,527.4,1,527.4,0.932,70.0,49.0,2200.0,491.47,8.439,1.418,0.0,137938.4,179730.1
14,14,15,900,PM,57.59,57.68,70.0,531.1,1,531.1,0.932,70.0,49.0,2200.0,494.88,8.594,1.524,0.0,137395.6,180978.3
14,14,15,915,PM,57.22,57.59,70.0,532.7,1,532.7,0.932,70.0,49.0,2200.0,496.38,8.674,1.583,0.0,137014.0,181525.7
14,14,15,930,PM,57.95,57.7,70.0,529.2,1,529.2,0.932,70.0,49.0,2200.0,493.14,8.51,1.466,0.0,137723.5,180342.0
14,14,15,945,PM,57.93,57.81,70.0,529.1,1,529.1,0.932,70.0,49.0,2200.0,492.99,8.511,1.468,0.0,137636.4,180286.8
14,14,15,960,PM,57.57,57.25,70.0,530.8,1,530.8,0.932,70.0,49.0,2200.0,494.57,8.59,1.525,0.0,137277.8,180863.5
14,14,15,975,PM,56.25,56.52,70.0,534.5,1,534.5,0.932,70.0,49.0,2200.0,498.03,8.853,1.738,0.0,135467.9,182129.3
14,14,15,990,PM,55.73,55.77,70.0,529.3,1,529.3,0.932,70.0,49.0,2200.0,493.2,8.849,1.803,0.0,133171.2,180364.5
14,14,15,1005,PM,55.32,55.65,70.0,528.6,1,528.6,0.932,70.0,49.0,2200.0,492.55,8.904,1.867,0.0,132249.7,180124.8
14,14,15,1020,PM,55.9,55.81,70.0,529.3,1,529.3,0.932,70.0,49.0,2200.0,493.22,8.824,1.778,0.0,133474.7,180369.0
14,14,15,1035,PM,56.22,56.05,70.0,533.3,1,533.3,0.932,70.0,49.0,2200.0,496.95,8.839,1.74,0.0,135113.3,181733.4
14,14,15,1050,PM,56.04,56.25,70.0,537.2,1,537.2,0.932,70.0,49.0,2200.0,500.62,8.933,1.782,0.0,135751.4,183075.4
14,14,15,1065,PM,56.49,56.32,70.0,535.8,1,535.8,0.932,70.0,49.0,2200.0,499.25,8.838,1.705,0.0,136273.1,182575.6
14,14,15,1080,PM,56.42,56.31,70.0,536.4,1,536.4,0.932,70.0,49.0,2200.0,499.81,8.859,1.719,0.0,136281.0,182779.9
14,14,15,1095,PM,56.02,56.17,70.0,537.5,1,537.5,0.932,70.0,49.0,2200.0,500.88,8.941,1.786,0.0,135783.5,183172.7
14,14,15,1110,PM,56.07,55.86,70.0,537.6,1,537.6,0.932,70.0,49.0,2200.0,500.92,8.934,1.778,0.0,135894.2,183188.2
14,14,15,1125,PM,55.5,55.43,70.0,539.1,1,539.1,0.932,70.0,49.0,2200.0,502.36,9.051,1.875,0.0,135213.9,183714.2
14,14,15,1140,PM,54.71,55.09,70.0,541.8,1,541.8,0.932,70.0,49.0,2200.0,504.89,9.228,2.016,0.0,134509.1,184636.8
14,14,15,1155,PM,55.06,55.29,70.0,539.5,1,539.5,0.932,70.0,49.0,2200.0,502.7,9.13,1.949,0.0,134517.3,183837.0
14,14,15,1170,PM,56.09,55.68,70.0,536.6,1,536.6,0.932,70.0,49.0,2200.0,500.05,8.916,1.772,0.0,135692.6,182869.2
14,14,15,1185,PM,55.9,56.26,70.0,537.2,1,537.2,0.932,70.0,49.0,2200.0,500.6,8.955,1.804,0.0,135483.4,183069.3
14,14,15,1200,NT,56.8,56.51,70.0,534.5,1,534.5,0.932,70.0,49.0,2200.0,498.07,8.769,1.654,0.0,136575.5,182144.9
14,14,15,1215,NT,56.84,56.93,70.0,534.3,1,534.3,0.932,70.0,49.0,2200.0,497.89,8.759,1.646,0.0,136626.0,182078.7
14,14,15,1230,NT,57.14,57.19,70.0,532.0,1,532.0,0.932,70.0,49.0,2200.0,495.69,8.675,1.594,0.0,136645.6,181272.7
14,14,15,1245,NT,57.58,57.33,70.0,530.3,1,530.3,0.932,70.0,49.0,2200.0,494.17,8.582,1.523,0.0,137187.0,180717.1
14,14,15,1260,NT,57.28,57.57,70.0,532.1,1,532.1,0.932,70.0,49.0,2200.0,495.8,8.656,1.573,0.0,136966.6,181312.3
14,14,15,1275,NT,57.87,57.47,70.0,529.1,1,529.1,0.932,70.0,49.0,2200.0,492.98,8.519,1.477,0.0,137500.2,180283.4
14,14,15,1290,NT,57.26,57.44,70.0,532.1,1,532.1,0.932,70.0,49.0,2200.0,495.83,8.66,1.576,0.0,136935.9,181326.4
14,14,15,1305,NT,57.2,57.23,70.0,532.8,1,532.8,0.932,70.0,49.0,2200.0,496.5,8.68,1.587,0.0,137006.7,181571.2
15,15,16,300,AM,58.72,57.02,70.0,519.2,1,519.2,0.197,70.0,49.0,2200.0,102.48,1.745,0.281,0.0,29001.9,37476.4
15,15,16,315,AM,55.32,55.29,64.41,527.7,1,527.7,0.197,70.0,49.0,2200.0,104.16,1.883,0.395,0.0,27965.6,33130.1
15,15,16,330,AM,51.82,52.42,58.82,528.0,1,528.0,0.197,70.0,49.0,2200.0,104.22,2.011,0.522,0.0,26953.1,29546.8
15,15,16,345,AM,50.12,50.13,53.23,520.6,1,520.6,0.197,70.0,49.0,2200.0,102.75,2.05,0.582,0.0,26270.6,26921.0
15,15,16,360,AM,48.43,48.64,48.96,524.1,1,524.1,0.197,70.0,49.0,2200.0,103.43,2.136,0.658,0.046,26264.3,26307.6
15,15,16,375,AM,47.36,47.11,48.11,536.4,1,536.4,0.197,70.0,49.0,2200.0,105.86,2.235,0.723,0.096,26829.8,26860.6
15,15,16,390,AM,45.53,45.72,46.31,531.2,1,531.2,0.197,70.0,49.0,2200.0,104.85,2.303,0.805,0.184,26600.8,26570.5
15,15,16,405,AM,44.27,44.53,43.87,532.4,1,532.4,0.197,70.0,49.0,2200.0,105.07,2.373,0.872,0.251,26762.6,26811.0
15,15,16,420,AM,43.78,42.86,41.08,528.6,1,528.6,0.197,70.0,49.0,2200.0,104.33,2.383,0.892,0.275,26633.8,27150.7
15,15,16,435,AM,40.53,38.75,38.17,519.6,1,519.6,0.197,70.0,49.0,2200.0,102.54,2.53,1.065,0.458,26824.4,27579.0
15,15,16,450,AM,31.93,31.92,35.33,471.5,1,471.5,0.197,70.0,49.0,2200.0,93.05,2.915,1.585,1.035,27880.7,26138.1
15,15,16,465,AM,23.3,25.8,32.65,400.2,1,400.2,0.197,70.0,49.0,2200.0,78.99,3.39,2.262,1.795,29132.5,23323.1
15,15,16,480,AM,22.17,21.84,30.18,388.6,1,388.6,0.197,70.0,49.0,2200.0,76.69,3.459,2.364,1.91,29154.9,23859.1
15,15,16,495,AM,20.06,20.44,27.96,364.1,1,364.1,0.197,70.0,49.0,2200.0,71.85,3.582,2.555,2.13,28942.4,23536.1
15,15,16,510,AM,19.09,19.7,25.98,353.0,1,353.0,0.197,70.0,49.0,2200.0,69.66,3.649,2.653,2.241,28826.3,23964.9
15,15,16,525,AM,19.96,20.85,24.22,358.8,1,358.8,0.197,70.0,49.0,2200.0,70.81,3.548,2.537,2.118,28604.6,25488.1
15,15,16,540,AM,23.51,24.37,22.67,381.0,1,381.0,0.197,70.0,49.0,2200.0,75.19,3.199,2.124,1.679,27578.1,28205.8
15,15,16,555,AM,29.66,30.26,21.3,428.2,1,428.2,0.197,70.0,49.0,2200.0,84.51,2.85,1.642,1.142,26604.2,32895.2
15,15,16,570,AM,37.61,36.04,20.11,475.4,1,475.4,0.197,70.0,49.0,2200.0,93.82,2.494,1.154,0.599,25428.3,37742.1
15,15,16,585,AM,40.86,41.21,19.06,490.7,1,490.7,0.197,70.0,49.0,2200.0,96.84,2.37,0.987,0.414,25253.8,40113.0
15,15,16,600,MD,45.18,44.66,18.14,519.7,1,519.7,0.197,70.0,49.0,2200.0,102.56,2.27,0.805,0.198,26042.8,43588.9
15,15,16,615,MD,47.95,46.69,17.34,545.2,1,545.2,0.197,70.0,49.0,2200.0,107.6,2.244,0.707,0.07,27293.2,46778.3
15,15,16,630,MD,46.94,47.18,16.64,533.6,1,533.6,0.197,70.0,49.0,2200.0,105.3,2.243,0.739,0.116,26681.4,46690.9
15,15,16,645,MD,46.63,47.21,16.04,532.1,1,532.1,0.197,70.0,49.0,2200.0,105.02,2.252,0.752,0.13,26609.9,47372.0
15,15,16,660,MD,48.05,47.73,15.52,531.8,1,531.8,0.197,70.0,49.0,2200.0,104.95,2.184,0.685,0.064,26625.9,48049.9
15,15,16,675,MD,48.5,48.06,15.07,533.4,1,533.4,0.197,70.0,49.0,2200.0,105.28,2.171,0.667,0.044,26737.3,48815.7
15,15,16,690,MD,47.64,47.37,14.7,531.7,1,531.7,0.197,70.0,49.0,2200.0,104.94,2.202,0.703,0.082,26603.2,49185.3
15,15,16,705,MD,45.98,46.62,14.38,515.5,1,515.5,0.197,70.0,49.0,2200.0,101.73,2.213,0.759,0.157,25791.1,48115.8
15,15,16,720,MD,46.24,46.39,14.13,516.0,1,516.0,0.197,70.0,49.0,2200.0,101.84,2.202,0.748,0.145,25811.3,48523.2
15,15,16,735,MD,46.96,46.57,13.92,515.2,1,515.2,0.197,70.0,49.0,2200.0,101.67,2.165,0.713,0.111,25761.6,48723.2
15,15,16,750,MD,46.52,46.63,13.77,518.7,1,518.7,0.197,70.0,49.0,2200.0,102.36,2.201,0.738,0.132,25937.9,49266.3
15,15,16,765,MD,46.42,46.85,13.67,518.3,1,518.3,0.197,70.0,49.0,2200.0,102.29,2.203,0.742,0.137,25921.7,49376.1
15,15,16,780,MD,47.61,46.68,13.62,528.6,1,528.6,0.197,70.0,49.0,2200.0,104.32,2.191,0.701,0.084,26446.3,50431.3
15,15,16,795,MD,46.02,46.38,13.61,530.7,1,530.7,0.197,70.0,49.0,2200.0,104.75,2.276,0.78,0.16,26553.6,50644.6
15,15,16,810,MD,45.52,46.46,13.66,520.1,1,520.1,0.197,70.0,49.0,2200.0,102.64,2.255,0.789,0.181,26042.7,49568.7
15,15,16,825,MD,47.84,46.47,13.74,535.7,1,535.7,0.197,70.0,49.0,2200.0,105.72,2.21,0.699,0.074,26810.1,50923.2
15,15,16,840,PM,46.06,43.84,13.88,532.7,1,532.7,0.197,70.0,49.0,2200.0,105.14,2.283,0.781,0.159,26652.1,50443.1
15,15,16,855,PM,37.61,39.11,14.07,494.2,1,494.2,0.197,70.0,49.0,2200.0,97.54,2.594,1.2,0.623,26438.6,46543.5
15,15,16,870,PM,33.66,34.17,14.32,469.2,1,469.2,0.197,70.0,49.0,2200.0,92.6,2.751,1.428,0.881,26807.5,43878.5
15,15,16,885,PM,31.25,31.76,14.62,457.3,1,457.3,0.197,70.0,49.0,2200.0,90.25,2.888,1.598,1.064,27428.0,42399.0
15,15,16,900,PM,30.36,29.1,14.98,456.2,1,456.2,0.197,70.0,49.0,2200.0,90.03,2.965,1.679,1.146,27897.7,41859.7
15,15,16,915,PM,25.68,26.46,15.41,420.2,1,420.2,0.197,70.0,49.0,2200.0,82.92,3.229,2.045,1.554,28743.2,38086.3
15,15,16,930,PM,23.34,25.13,15.91,394.4,1,394.4,0.197,70.0,49.0,2200.0,77.83,3.335,2.223,1.762,28673.2,35240.0
15,15,16,945,PM,26.36,23.65,16.49,415.8,1,415.8,0.197,70.0,49.0,2200.0,82.06,3.113,1.94,1.455,27954.9,36541.9
15,15,16,960,PM,21.24,22.56,17.17,387.8,1,387.8,0.197,70.0,49.0,2200.0,76.53,3.604,2.51,2.058,29842.5,33434.4
15,15,16,975,PM,20.07,21.27,17.94,371.4,1,371.4,0.197,70.0,49.0,2200.0,73.3,3.653,2.606,2.172,29519.9,31330.5
15,15,16,990,PM,22.5,22.65,18.83,396.0,1,396.0,0.197,70.0,49.0,2200.0,78.15,3.473,2.356,1.894,29440.9,32576.8
15,15,16,1005,PM,25.38,23.62,19.84,406.4,1,406.4,0.197,70.0,49.0,2200.0,80.21,3.16,2.015,1.54,28014.8,32502.1
15,15,16,1020,PM,22.96,22.36,21.0,396.7,1,396.7,0.197,70.0,49.0,2200.0,78.29,3.409,2.291,1.827,29133.2,30725.2
15,15,16,1035,PM,18.73,19.64,22.33,365.9,1,365.9,0.197,70.0,49.0,2200.0,72.22,3.856,2.824,2.397,30191.2,27339.5
15,15,16,1050,PM,17.23,18.64,23.83,348.4,1,348.4,0.197,70.0,49.0,2200.0,68.76,3.991,3.009,2.602,29985.1,25001.5
15,15,16,1065,PM,19.97,20.7,25.54,374.9,1,374.9,0.197,70.0,49.0,2200.0,74.0,3.705,2.648,2.21,29879.5,25740.2
15,15,16,1080,PM,24.89,23.28,27.47,418.4,1,418.4,0.197,70.0,49.0,2200.0,82.57,3.318,2.138,1.65,29209.2,27371.2
15,15,16,1095,PM,25.0,25.19,29.64,417.7,1,417.7,0.197,70.0,49.0,2200.0,82.44,3.298,2.12,1.633,29080.0,25965.6
15,15,16,1110,PM,25.69,26.34,32.04,419.1,1,419.1,0.197,70.0,49.0,2200.0,82.71,3.22,2.038,1.549,28663.4,24723.6
15,15,16,1125,PM,28.34,27.78,34.67,428.0,1,428.0,0.197,70.0,49.0,2200.0,84.48,2.981,1.774,1.274,27420.7,24001.6
15,15,16,1140,PM,29.32,29.34,37.49,434.5,1,434.5,0.197,70.0,49.0,2200.0,85.75,2.925,1.7,1.192,27206.1,23283.6
15,15,16,1155,PM,30.35,31.73,40.39,436.3,1,436.3,0.197,70.0,49.0,2200.0,86.1,2.837,1.607,1.098,26689.5,22557.1
15,15,16,1170,PM,35.53,35.55,43.23,477.6,1,477.6,0.197,70.0,49.0,2200.0,94.25,2.652,1.306,0.748,26383.4,24133.5
15,15,16,1185,PM,40.76,40.89,45.78,501.5,1,501.5,0.197,70.0,49.0,2200.0,98.97,2.428,1.014,0.429,25833.8,25098.4
15,15,16,1200,NT,46.39,45.18,47.76,525.7,1,525.7,0.197,70.0,49.0,2200.0,103.75,2.236,0.754,0.14,26290.2,26306.1
15,15,16,1215,NT,48.39,48.22,48.86,534.3,1,534.3,0.197,70.0,49.0,2200.0,105.46,2.179,0.673,0.049,26775.6,26813.3
15,15,16,1230,NT,49.87,49.85,51.74,540.7,1,540.7,0.197,70.0,49.0,2200.0,106.72,2.14,0.615,0.0,27249.4,27582.8
15,15,16,1245,NT,51.29,51.1,57.01,547.1,1,547.1,0.197,70.0,49.0,2200.0,107.98,2.105,0.563,0.0,27811.0,29705.1
15,15,16,1260,NT,52.13,51.39,62.28,546.4,1,546.4,0.197,70.0,49.0,2200.0,107.84,2.069,0.528,0.0,27961.4,32710.4
15,15,16,1275,NT,50.76,51.24,67.54,542.3,1,542.3,0.197,70.0,49.0,2200.0,107.02,2.109,0.58,0.0,27465.6,36725.7
15,15,16,1290,NT,50.83,50.78,70.0,542.9,1,542.9,0.197,70.0,49.0,2200.0,107.15,2.108,0.577,0.0,27510.8,39184.0
15,15,16,1305,NT,50.76,50.8,70.0,538.4,1,538.4,0.197,70.0,49.0,2200.0,106.25,2.093,0.575,0.0,27268.0,38855.3
16,16,17,300,AM,67.75,67.17,70.0,374.2,1,374.2,0.601,70.0,49.0,2200.0,224.99,3.321,0.107,0.0,77604.8,82279.0
16,16,17,315,AM,66.6,66.76,70.0,416.4,1,416.4,0.601,70.0,49.0,2200.0,250.4,3.76,0.183,0.0,83921.7,91570.0
16,16,17,330,AM,65.94,65.49,70.0,427.5,1,427.5,0.601,70.0,49.0,2200.0,257.06,3.898,0.226,0.0,84789.7,94007.2
16,16,17,345,AM,63.93,64.06,70.0,470.0,1,470.0,0.601,70.0,49.0,2200.0,282.62,4.421,0.384,0.0,88900.0,103352.5
16,16,17,360,AM,62.32,62.01,70.0,485.0,1,485.0,0.601,70.0,49.0,2200.0,291.64,4.679,0.513,0.0,88555.1,106652.2
16,16,17,375,AM,59.8,59.55,70.0,497.2,1,497.2,0.601,70.0,49.0,2200.0,298.99,5.0,0.729,0.0,86287.7,109340.6
16,16,17,390,AM,56.55,56.72,70.0,515.4,1,515.4,0.601,70.0,49.0,2200.0,309.9,5.481,1.053,0.0,84657.3,113331.6
16,16,17,405,AM,53.81,53.9,70.0,526.2,1,526.2,0.601,70.0,49.0,2200.0,316.43,5.881,1.36,0.0,83412.3,115718.5
16,16,17,420,AM,51.36,52.15,70.0,511.8,1,511.8,0.601,70.0,49.0,2200.0,307.79,5.993,1.596,0.0,79315.8,112560.2
16,16,17,435,AM,51.28,50.91,70.0,516.7,1,516.7,0.601,70.0,49.0,2200.0,310.74,6.059,1.62,0.0,80032.2,113636.1
16,16,17,450,AM,50.09,50.41,70.0,522.4,1,522.4,0.601,70.0,49.0,2200.0,314.17,6.272,1.784,0.0,80310.0,114891.2
16,16,17,465,AM,49.84,50.07,70.0,532.1,1,532.1,0.601,70.0,49.0,2200.0,319.97,6.42,1.849,0.0,81686.6,117014.4
16,16,17,480,AM,50.27,51.02,70.0,530.8,1,530.8,0.601,70.0,49.0,2200.0,319.17,6.349,1.789,0.0,81669.6,116721.8
16,16,17,495,AM,52.95,52.31,70.0,532.2,1,532.2,0.601,70.0,49.0,2200.0,320.06,6.045,1.473,0.0,83611.0,117044.5
16,16,17,510,AM,53.7,53.65,70.0,534.8,1,534.8,0.601,70.0,49.0,2200.0,321.59,5.988,1.394,0.0,84673.8,117605.7
16,16,17,525,AM,54.29,54.56,70.0,536.1,1,536.1,0.601,70.0,49.0,2200.0,322.35,5.937,1.332,0.0,85446.5,117885.0
16,16,17,540,AM,55.69,56.04,70.0,530.5,1,530.5,0.601,70.0,49.0,2200.0,319.02,5.729,1.171,0.0,86082.7,116664.6
16,16,17,555,AM,58.14,57.6,70.0,524.7,1,524.7,0.601,70.0,49.0,2200.0,315.55,5.428,0.92,0.0,88412.8,115396.8
16,16,17,570,AM,58.97,58.87,70.0,519.6,1,519.6,0.601,70.0,49.0,2200.0,312.44,5.299,0.835,0.0,88808.8,114258.7
16,16,17,585,AM,59.5,59.05,70.0,517.4,1,517.4,0.601,70.0,49.0,2200.0,311.15,5.229,0.784,0.0,89310.7,113786.1
16,16,17,600,MD,58.68,59.01,70.0,511.7,1,511.7,0.601,70.0,49.0,2200.0,307.69,5.243,0.848,0.0,87017.9,112522.4
16,16,17,615,MD,58.83,59.45,70.0,511.7,1,511.7,0.601,70.0,49.0,2200.0,307.72,5.231,0.835,0.0,87255.7,112532.4
16,16,17,630,MD,60.84,60.22,70.0,505.1,1,505.1,0.601,70.0,49.0,2200.0,303.74,4.992,0.653,0.0,89454.1,111077.4
16,16,17,645,MD,60.97,61.39,70.0,505.0,1,505.0,0.601,70.0,49.0,2200.0,303.69,4.981,0.642,0.0,89673.7,111058.4
16,16,17,660,MD,62.34,61.83,70.0,491.8,1,491.8,0.601,70.0,49.0,2200.0,295.72,4.744,0.519,0.0,89824.8,108144.2
16,16,17,675,MD,62.17,62.4,70.0,494.7,1,494.7,0.601,70.0,49.0,2200.0,297.48,4.785,0.535,0.0,90032.5,108787.2
16,16,17,690,MD,62.68,62.27,70.0,488.7,1,488.7,0.601,70.0,49.0,2200.0,293.88,4.689,0.491,0.0,89914.8,107472.5
16,16,17,705,MD,61.98,62.39,70.0,495.0,1,495.0,0.601,70.0,49.0,2200.0,297.64,4.802,0.55,0.0,89720.9,108847.7
16,16,17,720,MD,62.52,62.2,70.0,491.4,1,491.4,0.601,70.0,49.0,2200.0,295.49,4.726,0.505,0.0,90101.9,108062.1
16,16,17,735,MD,62.1,62.52,70.0,494.0,1,494.0,0.601,70.0,49.0,2200.0,297.07,4.783,0.54,0.0,89787.6,108640.0
16,16,17,750,MD,62.94,62.52,70.0,485.5,1,485.5,0.601,70.0,49.0,2200.0,291.97,4.639,0.468,0.0,89843.6,106775.0
16,16,17,765,MD,62.51,62.44,70.0,490.4,1,490.4,0.601,70.0,49.0,2200.0,294.9,4.718,0.505,0.0,89902.6,107843.5
16,16,17,780,MD,61.86,62.04,70.0,496.0,1,496.0,0.601,70.0,49.0,2200.0,298.24,4.821,0.561,0.0,89672.3,109064.7
16,16,17,795,MD,61.76,61.89,70.0,490.9,1,490.9,0.601,70.0,49.0,2200.0,295.22,4.78,0.563,0.0,88579.7,107963.4
16,16,17,810,MD,62.06,62.07,70.0,494.7,1,494.7,0.601,70.0,49.0,2200.0,297.47,4.793,0.544,0.0,89818.6,108784.1
16,16,17,825,MD,62.41,62.06,70.0,491.0,1,491.0,0.601,70.0,49.0,2200.0,295.25,4.731,0.513,0.0,89815.2,107971.9
16,16,17,840,PM,61.7,61.78,70.0,498.0,1,498.0,0.601,70.0,49.0,2200.0,299.46,4.854,0.576,0.0,89741.2,109514.2
16,16,17,855,PM,61.23,61.51,70.0,503.3,1,503.3,0.601,70.0,49.0,2200.0,302.66,4.943,0.619,0.0,89839.3,110683.2
16,16,17,870,PM,61.61,61.35,70.0,499.5,1,499.5,0.601,70.0,49.0,2200.0,300.38,4.876,0.585,0.0,89845.2,109850.2
16,16,17,885,PM,61.22,61.27,70.0,503.5,1,503.5,0.601,70.0,49.0,2200.0,302.79,4.946,0.621,0.0,89848.6,110730.1
16,16,17,900,PM,60.98,60.89,70.0,504.7,1,504.7,0.601,70.0,49.0,2200.0,303.51,4.978,0.642,0.0,89623.7,110994.9
16,16,17,915,PM,60.46,60.34,70.0,510.0,1,510.0,0.601,70.0,49.0,2200.0,306.65,5.072,0.691,0.0,89638.0,112142.4
16,16,17,930,PM,59.58,59.38,70.0,502.7,1,502.7,0.601,70.0,49.0,2200.0,302.3,5.074,0.755,0.0,86897.3,110552.5
16,16,17,945,PM,58.09,58.55,70.0,497.5,1,497.5,0.601,70.0,49.0,2200.0,299.13,5.15,0.876,0.0,83741.4,109393.6
16,16,17,960,PM,57.97,58.6,70.0,503.6,1,503.6,0.601,70.0,49.0,2200.0,302.86,5.224,0.898,0.0,84621.9,110756.2
16,16,17,975,PM,59.75,59.6,70.0,506.2,1,506.2,0.601,70.0,49.0,2200.0,304.42,5.095,0.746,0.0,87772.8,111327.5
16,16,17,990,PM,61.08,60.12,70.0,505.4,1,505.4,0.601,70.0,49.0,2200.0,303.92,4.976,0.634,0.0,89930.7,111143.1
16,16,17,1005,PM,59.52,59.82,70.0,517.5,1,517.5,0.601,70.0,49.0,2200.0,311.22,5.229,0.783,0.0,89363.0,113813.3
16,16,17,1020,PM,58.85,58.99,70.0,519.1,1,519.1,0.601,70.0,49.0,2200.0,312.15,5.304,0.845,0.0,88542.9,114154.3
16,16,17,1035,PM,58.59,58.79,70.0,522.4,1,522.4,0.601,70.0,49.0,2200.0,314.11,5.361,0.874,0.0,88690.5,114869.9
16,16,17,1050,PM,58.93,58.73,70.0,522.8,1,522.8,0.601,70.0,49.0,2200.0,314.36,5.335,0.844,0.0,89296.0,114961.3
16,16,17,1065,PM,58.68,58.66,70.0,523.4,1,523.4,0.601,70.0,49.0,2200.0,314.72,5.363,0.867,0.0,89004.5,115094.5
16,16,17,1080,PM,58.38,58.4,70.0,525.3,1,525.3,0.601,70.0,49.0,2200.0,315.89,5.411,0.898,0.0,88879.4,115521.5
16,16,17,1095,PM,58.13,58.23,70.0,522.7,1,522.7,0.601,70.0,49.0,2200.0,314.34,5.407,0.917,0.0,88064.5,114955.6
16,16,17,1110,PM,58.17,58.24,70.0,522.4,1,522.4,0.601,70.0,49.0,2200.0,314.11,5.4,0.913,0.0,88051.8,114869.6
16,16,17,1125,PM,58.42,58.39,70.0,520.8,1,520.8,0.601,70.0,49.0,2200.0,313.17,5.361,0.887,0.0,88167.5,114526.8
16,16,17,1140,PM,58.6,59.18,70.0,519.5,1,519.5,0.601,70.0,49.0,2200.0,312.39,5.331,0.868,0.0,88217.8,114240.9
16,16,17,1155,PM,60.51,60.21,70.0,507.5,1,507.5,0.601,70.0,49.0,2200.0,305.21,5.044,0.684,0.0,89300.7,111614.3
16,16,17,1170,PM,61.53,61.15,70.0,499.2,1,499.2,0.601,70.0,49.0,2200.0,300.19,4.879,0.591,0.0,89640.5,109781.0
16,16,17,1185,PM,61.4,61.93,70.0,501.4,1,501.4,0.601,70.0,49.0,2200.0,301.48,4.91,0.603,0.0,89796.1,110251.6
16,16,17,1200,NT,62.87,62.12,70.0,485.7,1,485.7,0.601,70.0,49.0,2200.0,292.08,4.646,0.473,0.0,89750.2,106815.5
16,16,17,1215,NT,62.07,62.64,70.0,492.7,1,492.7,0.601,70.0,49.0,2200.0,296.25,4.773,0.541,0.0,89475.8,108338.4
16,16,17,1230,NT,62.98,62.63,70.0,485.0,1,485.0,0.601,70.0,49.0,2200.0,291.62,4.63,0.464,0.0,89820.0,106646.9
16,16,17,1245,NT,62.83,62.82,70.0,483.5,1,483.5,0.601,70.0,49.0,2200.0,290.77,4.628,0.474,0.0,89263.7,106336.3
16,16,17,1260,NT,62.63,62.99,70.0,488.7,1,488.7,0.601,70.0,49.0,2200.0,293.9,4.692,0.494,0.0,89837.6,107479.3
16,16,17,1275,NT,63.49,63.39,70.0,475.9,1,475.9,0.601,70.0,49.0,2200.0,286.17,4.507,0.419,0.0,89144.7,104652.6
16,16,17,1290,NT,64.03,63.72,70.0,469.7,1,469.7,0.601,70.0,49.0,2200.0,282.46,4.411,0.376,0.0,89061.1,103294.7
16,16,17,1305,NT,63.65,63.84,70.0,475.2,1,475.2,0.601,70.0,49.0,2200.0,285.75,4.49,0.407,0.0,89324.3,104499.6
17,17,18,300,AM,64.66,64.19,70.0,457.1,1,457.1,0.392,70.0,49.0,2200.0,178.99,2.768,0.211,0.0,57268.5,65455.2
17,17,18,315,AM,63.71,63.65,70.0,474.6,1,474.6,0.392,70.0,49.0,2200.0,185.85,2.917,0.262,0.0,58175.3,67965.3
17,17,18,330,AM,62.58,62.21,70.0,487.6,1,487.6,0.392,70.0,49.0,2200.0,190.95,3.051,0.323,0.0,58307.2,69831.7
17,17,18,345,AM,60.33,60.49,70.0,511.9,1,511.9,0.392,70.0,49.0,2200.0,200.46,3.323,0.459,0.0,58444.4,73306.9
17,17,18,360,AM,58.57,58.24,67.57,521.2,1,521.2,0.392,70.0,49.0,2200.0,204.1,3.485,0.569,0.0,57605.5,70081.6
17,17,18,375,AM,55.83,55.62,62.35,534.0,1,534.0,0.392,70.0,49.0,2200.0,209.1,3.745,0.758,0.0,56537.6,63533.2
17,17,18,390,AM,52.45,52.67,57.14,539.2,1,539.2,0.392,70.0,49.0,2200.0,211.15,4.026,1.009,0.0,54905.2,58208.3
17,17,18,405,AM,49.73,50.17,51.93,543.4,1,543.4,0.392,70.0,49.0,2200.0,212.8,4.279,1.239,0.0,54298.6,55083.3
17,17,18,420,AM,48.32,48.09,48.42,534.6,1,534.6,0.392,70.0,49.0,2200.0,209.34,4.332,1.341,0.103,53141.8,53155.0
17,17,18,435,AM,46.2,46.28,46.35,529.9,1,529.9,0.392,70.0,49.0,2200.0,207.49,4.491,1.527,0.299,52589.5,52582.6
17,17,18,450,AM,44.32,44.2,43.94,529.5,1,529.5,0.392,70.0,49.0,2200.0,207.37,4.679,1.716,0.489,52811.0,52899.9
17,17,18,465,AM,42.09,43.24,42.38,523.0,1,523.0,0.392,70.0,49.0,2200.0,204.79,4.866,1.94,0.729,52842.9,52727.7
17,17,18,480,AM,43.3,44.25,42.15,522.5,1,522.5,0.392,70.0,49.0,2200.0,204.6,4.725,1.802,0.591,52364.8,52768.0
17,17,18,495,AM,47.36,46.1,43.29,540.1,1,540.1,0.392,70.0,49.0,2200.0,211.49,4.466,1.444,0.193,53599.1,54133.1
17,17,18,510,AM,47.64,47.6,45.5,536.3,1,536.3,0.392,70.0,49.0,2200.0,210.01,4.408,1.408,0.165,53241.8,53285.9
17,17,18,525,AM,47.79,47.99,47.84,536.6,1,536.6,0.392,70.0,49.0,2200.0,210.15,4.398,1.396,0.152,53288.2,53292.7
17,17,18,540,AM,48.55,49.3,50.83,534.9,1,534.9,0.392,70.0,49.0,2200.0,209.49,4.315,1.322,0.083,53211.8,53786.5
17,17,18,555,AM,51.56,50.75,55.51,541.8,1,541.8,0.392,70.0,49.0,2200.0,212.17,4.115,1.084,0.0,54758.1,57115.2
17,17,18,570,AM,52.14,52.51,60.81,538.8,1,538.8,0.392,70.0,49.0,2200.0,210.99,4.046,1.032,0.0,54712.8,62101.0
17,17,18,585,AM,53.82,53.77,66.11,541.7,1,541.7,0.392,70.0,49.0,2200.0,212.14,3.941,0.911,0.0,55931.8,70262.8
17,17,18,600,MD,55.35,54.76,70.0,536.8,1,536.8,0.392,70.0,49.0,2200.0,210.2,3.797,0.795,0.0,56464.6,76870.6
17,17,18,615,MD,55.1,55.3,70.0,539.4,1,539.4,0.392,70.0,49.0,2200.0,211.22,3.834,0.816,0.0,56549.0,77243.6
17,17,18,630,MD,55.45,55.48,70.0,539.1,1,539.1,0.392,70.0,49.0,2200.0,211.12,3.808,0.792,0.0,56781.4,77206.5
17,17,18,645,MD,55.89,56.13,70.0,538.1,1,538.1,0.392,70.0,49.0,2200.0,210.73,3.771,0.76,0.0,57020.7,77063.6
17,17,18,660,MD,57.06,56.57,70.0,532.9,1,532.9,0.392,70.0,49.0,2200.0,208.68,3.657,0.676,0.0,57454.0,76315.9
17,17,18,675,MD,56.76,56.91,70.0,534.6,1,534.6,0.392,70.0,49.0,2200.0,209.35,3.689,0.698,0.0,57373.1,76560.5
17,17,18,690,MD,56.92,56.68,70.0,533.4,1,533.4,0.392,70.0,49.0,2200.0,208.87,3.67,0.686,0.0,57381.6,76384.4
17,17,18,705,MD,56.36,56.62,70.0,534.5,1,534.5,0.392,70.0,49.0,2200.0,209.3,3.713,0.723,0.0,57022.7,76540.9
17,17,18,720,MD,56.59,56.51,70.0,534.4,1,534.4,0.392,70.0,49.0,2200.0,209.29,3.699,0.709,0.0,57206.2,76536.5
17,17,18,735,MD,56.57,56.84,70.0,534.8,1,534.8,0.392,70.0,49.0,2200.0,209.42,3.702,0.71,0.0,57225.0,76583.4
17,17,18,750,MD,57.36,57.02,70.0,531.0,1,531.0,0.392,70.0,49.0,2200.0,207.93,3.625,0.655,0.0,57514.9,76039.1
17,17,18,765,MD,57.13,56.75,70.0,532.9,1,532.9,0.392,70.0,49.0,2200.0,208.69,3.653,0.672,0.0,57518.3,76317.2
17,17,18,780,MD,55.76,56.37,70.0,536.1,1,536.1,0.392,70.0,49.0,2200.0,209.93,3.765,0.766,0.0,56706.1,76773.2
17,17,18,795,MD,56.23,56.16,70.0,531.7,1,531.7,0.392,70.0,49.0,2200.0,208.21,3.703,0.728,0.0,56619.0,76143.2
17,17,18,810,MD,56.47,56.61,70.0,534.7,1,534.7,0.392,70.0,49.0,2200.0,209.41,3.708,0.717,0.0,57142.5,76580.3
17,17,18,825,MD,57.12,56.76,70.0,532.9,1,532.9,0.392,70.0,49.0,2200.0,208.7,3.654,0.672,0.0,57514.4,76322.0
17,17,18,840,PM,56.7,56.59,70.0,534.6,1,534.6,0.392,70.0,49.0,2200.0,209.36,3.692,0.701,0.0,57326.9,76563.9
17,17,18,855,PM,55.94,56.25,70.0,537.4,1,537.4,0.392,70.0,49.0,2200.0,210.44,3.762,0.756,0.0,56982.6,76957.0
17,17,18,870,PM,56.11,56.21,70.0,536.6,1,536.6,0.392,70.0,49.0,2200.0,210.12,3.745,0.743,0.0,57037.2,76840.1
17,17,18,885,PM,56.59,56.13,70.0,535.1,1,535.1,0.392,70.0,49.0,2200.0,209.56,3.703,0.71,0.0,57280.7,76634.6
17,17,18,900,PM,55.7,55.6,70.0,536.1,1,536.1,0.392,70.0,49.0,2200.0,209.94,3.769,0.77,0.0,56657.5,76774.8
17,17,18,915,PM,54.52,54.69,70.0,538.4,1,538.4,0.392,70.0,49.0,2200.0,210.86,3.868,0.855,0.0,56044.2,77111.2
17,17,18,930,PM,53.84,54.22,70.0,533.1,1,533.1,0.392,70.0,49.0,2200.0,208.75,3.877,0.895,0.0,55047.2,76339.0
17,17,18,945,PM,54.31,54.0,70.0,528.3,1,528.3,0.392,70.0,49.0,2200.0,206.89,3.81,0.854,0.0,54848.5,75659.1
17,17,18,960,PM,53.85,54.51,70.0,531.8,1,531.8,0.392,70.0,49.0,2200.0,208.27,3.868,0.893,0.0,54924.1,76163.8
17,17,18,975,PM,55.39,54.96,70.0,536.9,1,536.9,0.392,70.0,49.0,2200.0,210.26,3.796,0.792,0.0,56508.3,76891.2
17,17,18,990,PM,55.64,55.44,70.0,539.2,1,539.2,0.392,70.0,49.0,2200.0,211.17,3.795,0.778,0.0,56947.4,77223.8
17,17,18,1005,PM,55.28,55.16,70.0,538.7,1,538.7,0.392,70.0,49.0,2200.0,210.98,3.817,0.803,0.0,56614.8,77154.0
17,17,18,1020,PM,54.56,54.68,70.0,541.7,1,541.7,0.392,70.0,49.0,2200.0,212.14,3.888,0.858,0.0,56411.7,77577.9
17,17,18,1035,PM,54.2,54.34,70.0,543.1,1,543.1,0.392,70.0,49.0,2200.0,212.68,3.924,0.885,0.0,56318.3,77778.9
17,17,18,1050,PM,54.27,54.36,70.0,542.8,1,542.8,0.392,70.0,49.0,2200.0,212.56,3.917,0.88,0.0,56326.5,77731.6
17,17,18,1065,PM,54.61,54.4,70.0,541.9,1,541.9,0.392,70.0,49.0,2200.0,212.23,3.886,0.854,0.0,56469.6,77611.2
17,17,18,1080,PM,54.33,54.06,70.0,543.3,1,543.3,0.392,70.0,49.0,2200.0,212.74,3.915,0.876,0.0,56419.2,77799.5
17,17,18,1095,PM,53.25,53.55,70.0,543.3,1,543.3,0.392,70.0,49.0,2200.0,212.75,3.995,0.956,0.0,55749.8,77803.8
17,17,18,1110,PM,53.07,53.11,70.0,544.1,1,544.1,0.392,70.0,49.0,2200.0,213.09,4.015,0.971,0.0,55734.8,77926.5
17,17,18,1125,PM,53.0,53.05,70.0,544.7,1,544.7,0.392,70.0,49.0,2200.0,213.3,4.025,0.978,0.0,55750.3,78003.3
17,17,18,1140,PM,53.08,53.57,70.0,544.4,1,544.4,0.392,70.0,49.0,2200.0,213.2,4.017,0.971,0.0,55766.9,77965.5
17,17,18,1155,PM,54.63,54.49,70.0,540.3,1,540.3,0.392,70.0,49.0,2200.0,211.59,3.873,0.851,0.0,56311.3,77376.7
17,17,18,1170,PM,55.78,55.42,70.0,537.3,1,537.3,0.392,70.0,49.0,2200.0,210.4,3.772,0.766,0.0,56847.1,76943.1
17,17,18,1185,PM,55.86,56.5,70.0,536.9,1,536.9,0.392,70.0,49.0,2200.0,210.27,3.764,0.76,0.0,56875.8,76895.5
17,17,18,1200,NT,57.86,56.97,70.0,528.6,1,528.6,0.392,70.0,49.0,2200.0,207.02,3.578,0.621,0.0,57733.2,75706.8
17,17,18,1215,NT,57.2,57.47,70.0,531.8,1,531.8,0.392,70.0,49.0,2200.0,208.24,3.641,0.666,0.0,57455.2,76152.8
17,17,18,1230,NT,57.36,57.25,70.0,531.3,1,531.3,0.392,70.0,49.0,2200.0,208.07,3.628,0.655,0.0,57552.8,76090.4
17,17,18,1245,NT,57.2,57.31,70.0,530.5,1,530.5,0.392,70.0,49.0,2200.0,207.76,3.632,0.664,0.0,57326.4,75979.5
17,17,18,1260,NT,57.37,57.55,70.0,531.2,1,531.2,0.392,70.0,49.0,2200.0,208.01,3.626,0.654,0.0,57551.0,76068.2
17,17,18,1275,NT,58.07,57.99,70.0,527.7,1,527.7,0.392,70.0,49.0,2200.0,206.67,3.559,0.606,0.0,57841.0,75577.9
17,17,18,1290,NT,58.53,58.31,70.0,525.0,1,525.0,0.392,70.0,49.0,2200.0,205.59,3.512,0.576,0.0,57989.9,75183.1
17,17,18,1305,NT,58.32,58.42,70.0,525.4,1,525.4,0.392,70.0,49.0,2200.0,205.74,3.528,0.589,0.0,57817.2,75237.4
18,18,19,300,AM,65.82,64.79,70.0,434.9,1,434.9,0.596,70.0,49.0,2200.0,259.33,3.94,0.235,0.0,85285.5,94838.6
18,18,19,315,AM,63.76,63.77,70.0,474.0,1,474.0,0.596,70.0,49.0,2200.0,282.62,4.433,0.395,0.0,88564.7,103352.6
18,18,19,330,AM,61.73,61.28,68.6,496.9,1,496.9,0.596,70.0,49.0,2200.0,296.28,4.8,0.567,0.0,88845.6,104455.2
18,18,19,345,AM,58.36,59.15,63.35,526.1,1,526.1,0.596,70.0,49.0,2200.0,313.71,5.375,0.893,0.0,88234.3,97422.9
18,18,19,360,AM,57.34,56.58,58.11,530.9,1,530.9,0.596,70.0,49.0,2200.0,316.57,5.521,0.998,0.0,87546.6,88653.2
18,18,19,375,AM,54.04,53.07,52.86,538.5,1,538.5,0.596,70.0,49.0,2200.0,321.08,5.941,1.355,0.0,84859.5,83810.2
18,18,19,390,AM,47.84,47.54,48.27,536.3,1,536.3,0.596,70.0,49.0,2200.0,319.8,6.685,2.117,0.224,81098.2,81170.8
18,18,19,405,AM,40.75,42.35,44.78,521.8,1,521.8,0.596,70.0,49.0,2200.0,311.13,7.636,3.191,1.35,81219.8,79099.8
18,18,19,420,AM,38.46,38.73,39.47,507.0,1,507.0,0.596,70.0,49.0,2200.0,302.31,7.86,3.541,1.753,80996.3,79992.7
18,18,19,435,AM,36.97,35.58,34.81,498.8,1,498.8,0.596,70.0,49.0,2200.0,297.39,8.044,3.796,2.036,81365.1,84288.3
18,18,19,450,AM,31.31,32.33,31.55,474.1,1,474.1,0.596,70.0,49.0,2200.0,282.72,9.029,4.99,3.317,85814.7,85389.1
18,18,19,465,AM,28.71,30.17,29.69,462.5,1,462.5,0.596,70.0,49.0,2200.0,275.8,9.607,5.667,4.035,88753.1,86760.5
18,18,19,480,AM,30.49,29.57,29.13,467.4,1,467.4,0.596,70.0,49.0,2200.0,278.7,9.14,5.159,3.51,86112.3,88809.0
18,18,19,495,AM,29.51,29.98,29.81,463.6,1,463.6,0.596,70.0,49.0,2200.0,276.41,9.366,5.417,3.781,87302.4,86706.3
18,18,19,510,AM,29.93,30.59,31.8,471.4,1,471.4,0.596,70.0,49.0,2200.0,281.11,9.393,5.377,3.714,87954.6,84446.3
18,18,19,525,AM,32.34,34.31,35.2,486.8,1,486.8,0.596,70.0,49.0,2200.0,290.29,8.977,4.83,3.112,86246.2,81720.8
18,18,19,540,AM,40.65,39.52,39.94,520.5,1,520.5,0.596,70.0,49.0,2200.0,310.39,7.635,3.201,1.364,81098.9,81703.2
18,18,19,555,AM,45.58,44.8,45.14,532.6,1,532.6,0.596,70.0,49.0,2200.0,317.6,6.969,2.431,0.552,80572.4,80657.0
18,18,19,570,AM,48.18,48.47,49.36,537.6,1,537.6,0.596,70.0,49.0,2200.0,320.58,6.653,2.073,0.176,81352.9,81660.3
18,18,19,585,AM,51.65,51.64,53.41,539.2,1,539.2,0.596,70.0,49.0,2200.0,321.5,6.225,1.632,0.0,83031.6,84385.5
18,18,19,600,MD,55.1,54.22,58.7,534.4,1,534.4,0.596,70.0,49.0,2200.0,318.64,5.783,1.231,0.0,85308.5,90152.8
18,18,19,615,MD,55.93,55.99,64.0,537.5,1,537.5,0.596,70.0,49.0,2200.0,320.47,5.73,1.152,0.0,86768.2,100978.3
18,18,19,630,MD,56.95,56.54,67.88,531.8,1,531.8,0.596,70.0,49.0,2200.0,317.13,5.568,1.038,0.0,87170.1,109764.3
18,18,19,645,MD,56.74,57.18,70.0,534.5,1,534.5,0.596,70.0,49.0,2200.0,318.71,5.617,1.064,0.0,87321.6,116551.9
18,18,19,660,MD,57.85,57.47,70.0,528.4,1,528.4,0.596,70.0,49.0,2200.0,315.06,5.446,0.945,0.0,87857.3,115218.6
18,18,19,675,MD,57.82,57.68,70.0,527.3,1,527.3,0.596,70.0,49.0,2200.0,314.4,5.438,0.946,0.0,87617.9,114977.1
18,18,19,690,MD,57.37,57.43,70.0,525.2,1,525.2,0.596,70.0,49.0,2200.0,313.14,5.459,0.985,0.0,86631.7,114516.7
18,18,19,705,MD,57.12,57.75,70.0,519.9,1,519.9,0.596,70.0,49.0,2200.0,310.0,5.428,0.999,0.0,85423.0,113366.3
18,18,19,720,MD,58.78,58.15,70.0,524.1,1,524.1,0.596,70.0,49.0,2200.0,312.49,5.316,0.852,0.0,88534.9,114279.3
18,18,19,735,MD,58.55,58.64,70.0,524.4,1,524.4,0.596,70.0,49.0,2200.0,312.69,5.341,0.874,0.0,88223.5,114349.2
18,18,19,750,MD,58.59,58.41,70.0,524.0,1,524.0,0.596,70.0,49.0,2200.0,312.48,5.333,0.869,0.0,88233.9,114272.2
18,18,19,765,MD,58.08,58.5,70.0,527.8,1,527.8,0.596,70.0,49.0,2200.0,314.71,5.418,0.923,0.0,88093.0,115090.0
18,18,19,780,MD,58.83,58.57,70.0,522.5,1,522.5,0.596,70.0,49.0,2200.0,311.53,5.295,0.845,0.0,88339.5,113927.8
18,18,19,795,MD,58.79,58.72,70.0,523.9,1,523.9,0.596,70.0,49.0,2200.0,312.36,5.313,0.851,0.0,88513.0,114229.7
18,18,19,810,MD,58.52,58.55,70.0,525.2,1,525.2,0.596,70.0,49.0,2200.0,313.19,5.352,0.877,0.0,88331.0,114533.7
18,18,19,825,MD,58.33,58.39,70.0,525.3,1,525.3,0.596,70.0,49.0,2200.0,313.2,5.369,0.895,0.0,88038.2,114536.8
18,18,19,840,PM,58.32,57.56,70.0,526.2,1,526.2,0.596,70.0,49.0,2200.0,313.79,5.381,0.898,0.0,88185.2,114752.1
18,18,19,855,PM,56.03,56.91,70.0,537.2,1,537.2,0.596,70.0,49.0,2200.0,320.33,5.717,1.141,0.0,86848.1,117144.1
18,18,19,870,PM,56.39,56.3,70.0,535.6,1,535.6,0.596,70.0,49.0,2200.0,319.34,5.663,1.101,0.0,87031.3,116783.7
18,18,19,885,PM,56.49,56.01,70.0,534.4,1,534.4,0.596,70.0,49.0,2200.0,318.65,5.64,1.088,0.0,86981.3,116530.6
18,18,19,900,PM,55.14,55.3,70.0,538.4,1,538.4,0.596,70.0,49.0,2200.0,321.04,5.822,1.236,0.0,86000.1,117405.4
18,18,19,915,PM,54.27,54.72,70.0,540.9,1,540.9,0.596,70.0,49.0,2200.0,322.52,5.943,1.335,0.0,85470.6,117945.7
18,18,19,930,PM,54.74,53.94,69.65,539.8,1,539.8,0.596,70.0,49.0,2200.0,321.85,5.88,1.282,0.0,85774.2,116625.6
18,18,19,945,PM,52.81,52.8,64.43,539.3,1,539.3,0.596,70.0,49.0,2200.0,321.6,6.09,1.496,0.0,83901.5,102346.1
18,18,19,960,PM,50.87,51.19,59.21,533.7,1,533.7,0.596,70.0,49.0,2200.0,318.22,6.256,1.71,0.0,81721.3,90853.9
18,18,19,975,PM,49.9,49.85,53.99,539.0,1,539.0,0.596,70.0,49.0,2200.0,321.38,6.44,1.849,0.0,82072.9,84894.8
18,18,19,990,PM,48.77,48.96,48.96,540.9,1,540.9,0.596,70.0,49.0,2200.0,322.55,6.613,2.005,0.097,81985.3,82037.5
18,18,19,1005,PM,48.21,48.72,46.45,540.3,1,540.3,0.596,70.0,49.0,2200.0,322.17,6.683,2.081,0.174,81761.9,81638.9
18,18,19,1020,PM,49.17,47.39,42.48,536.5,1,536.5,0.596,70.0,49.0,2200.0,319.93,6.507,1.936,0.043,81432.8,82315.5
18,18,19,1035,PM,44.78,45.34,39.55,517.3,1,517.3,0.596,70.0,49.0,2200.0,308.46,6.888,2.481,0.656,78419.7,81548.5
18,18,19,1050,PM,42.07,42.19,38.47,501.8,1,501.8,0.596,70.0,49.0,2200.0,299.24,7.112,2.837,1.067,77219.3,80161.7
18,18,19,1065,PM,39.7,41.4,39.36,490.5,1,490.5,0.596,70.0,49.0,2200.0,292.45,7.367,3.189,1.458,77186.2,77485.9
18,18,19,1080,PM,42.41,42.03,42.11,502.8,1,502.8,0.596,70.0,49.0,2200.0,299.83,7.069,2.786,1.011,77177.7,77352.0
18,18,19,1095,PM,43.98,45.27,46.02,511.1,1,511.1,0.596,70.0,49.0,2200.0,304.73,6.928,2.575,0.772,77718.9,77251.0
18,18,19,1110,PM,49.42,48.49,49.16,531.9,1,531.9,0.596,70.0,49.0,2200.0,317.15,6.417,1.886,0.01,80811.8,80724.6
18,18,19,1125,PM,52.06,52.18,53.53,534.8,1,534.8,0.596,70.0,49.0,2200.0,318.87,6.125,1.569,0.0,82632.0,83801.7
18,18,19,1140,PM,55.05,54.73,58.79,537.9,1,537.9,0.596,70.0,49.0,2200.0,320.75,5.827,1.245,0.0,85816.6,90880.5
18,18,19,1155,PM,57.06,56.19,64.04,532.4,1,532.4,0.596,70.0,49.0,2200.0,317.44,5.563,1.028,0.0,87405.0,100123.4
18,18,19,1170,PM,56.46,57.11,68.95,535.4,1,535.4,0.596,70.0,49.0,2200.0,319.24,5.654,1.094,0.0,87095.2,113567.5
18,18,19,1185,PM,57.81,58.03,70.0,528.6,1,528.6,0.596,70.0,49.0,2200.0,315.18,5.452,0.95,0.0,87821.5,115259.9
18,18,19,1200,NT,59.81,58.94,70.0,515.6,1,515.6,0.596,70.0,49.0,2200.0,307.45,5.141,0.748,0.0,88750.1,112433.6
18,18,19,1215,NT,59.2,59.77,70.0,519.6,1,519.6,0.596,70.0,49.0,2200.0,309.84,5.234,0.808,0.0,88436.3,113307.4
18,18,19,1230,NT,60.3,59.69,70.0,511.2,1,511.2,0.596,70.0,49.0,2200.0,304.83,5.055,0.701,0.0,88819.6,111474.9
18,18,19,1245,NT,59.56,59.94,70.0,516.8,1,516.8,0.596,70.0,49.0,2200.0,308.16,5.174,0.771,0.0,88547.8,112693.1
18,18,19,1260,NT,59.94,59.76,70.0,514.1,1,514.1,0.596,70.0,49.0,2200.0,306.52,5.113,0.735,0.0,88711.9,112095.8
18,18,19,1275,NT,59.76,60.18,70.0,516.3,1,516.3,0.596,70.0,49.0,2200.0,307.84,5.151,0.753,0.0,88789.1,112576.2
18,18,19,1290,NT,60.83,60.43,70.0,506.4,1,506.4,0.596,70.0,49.0,2200.0,301.95,4.964,0.651,0.0,88898.2,110424.6
18,18,19,1305,NT,60.69,60.76,70.0,508.5,1,508.5,0.596,70.0,49.0,2200.0,303.23,4.996,0.664,0.0,89035.0,110889.4
19,19,20,300,AM,67.18,66.57,70.0,396.1,1,396.1,0.704,70.0,49.0,2200.0,278.98,4.153,0.167,0.0,94868.2,102023.8
19,19,20,315,AM,65.96,65.79,70.0,430.6,1,430.6,0.704,70.0,49.0,2200.0,303.23,4.597,0.265,0.0,100053.2,110891.8
19,19,20,330,AM,64.23,63.73,70.0,462.7,1,462.7,0.704,70.0,49.0,2200.0,325.84,5.073,0.418,0.0,103216.5,119158.0
19,19,20,345,AM,60.99,61.93,66.52,504.5,1,504.5,0.704,70.0,49.0,2200.0,355.25,5.824,0.749,0.0,104942.1,118834.3
19,19,20,360,AM,60.58,59.45,61.3,509.3,1,509.3,0.704,70.0,49.0,2200.0,358.69,5.921,0.797,0.0,105086.6,106607.4
19,19,20,375,AM,56.78,56.3,56.07,529.0,1,529.0,0.704,70.0,49.0,2200.0,372.56,6.561,1.239,0.0,102138.6,101077.9
19,19,20,390,AM,51.55,50.62,50.85,534.8,1,534.8,0.704,70.0,49.0,2200.0,376.64,7.306,1.926,0.0,97199.3,96716.1
19,19,20,405,AM,43.52,46.06,47.59,528.6,1,528.6,0.704,70.0,49.0,2200.0,372.27,8.554,3.236,1.033,95163.5,94370.1
19,19,20,420,AM,43.1,42.84,43.94,519.3,1,519.3,0.704,70.0,49.0,2200.0,365.71,8.486,3.261,1.097,93714.2,93290.8
19,19,20,435,AM,41.9,41.64,39.84,515.9,1,515.9,0.704,70.0,49.0,2200.0,363.32,8.67,3.48,1.33,93880.6,95742.7
19,19,20,450,AM,39.92,39.28,36.69,514.0,1,514.0,0.704,70.0,49.0,2200.0,361.98,9.067,3.896,1.754,95300.7,99457.3
19,19,20,465,AM,36.03,37.37,34.92,508.4,1,508.4,0.704,70.0,49.0,2200.0,358.0,9.937,4.823,2.704,99398.5,101282.1
19,19,20,480,AM,36.15,36.39,34.57,506.1,1,506.1,0.704,70.0,49.0,2200.0,356.43,9.86,4.768,2.659,98767.3,101462.8
19,19,20,495,AM,36.98,36.44,35.64,509.1,1,509.1,0.704,70.0,49.0,2200.0,358.52,9.696,4.574,2.452,98075.4,100171.7
19,19,20,510,AM,36.19,37.09,38.15,507.8,1,507.8,0.704,70.0,49.0,2200.0,357.61,9.883,4.774,2.658,99037.8,96215.5
19,19,20,525,AM,38.12,39.28,41.91,516.7,1,516.7,0.704,70.0,49.0,2200.0,363.89,9.547,4.348,2.195,97943.3,94028.4
19,19,20,540,AM,43.53,43.43,46.08,527.3,1,527.3,0.704,70.0,49.0,2200.0,371.38,8.532,3.226,1.029,94931.0,94138.4
19,19,20,555,AM,48.65,48.48,49.19,532.2,1,532.2,0.704,70.0,49.0,2200.0,374.76,7.702,2.349,0.131,95222.3,95398.7
19,19,20,570,AM,53.24,52.39,53.55,532.0,1,532.0,0.704,70.0,49.0,2200.0,374.63,7.036,1.684,0.0,98162.1,98475.3
19,19,20,585,AM,55.27,55.32,58.8,534.3,1,534.3,0.704,70.0,49.0,2200.0,376.3,6.809,1.433,0.0,100966.3,106643.1
19,19,20,600,MD,57.45,57.04,64.05,524.3,1,524.3,0.704,70.0,49.0,2200.0,369.2,6.426,1.152,0.0,102284.3,116465.5
19,19,20,615,MD,58.4,58.52,65.8,523.3,1,523.3,0.704,70.0,49.0,2200.0,368.53,6.311,1.046,0.0,103713.9,121135.2
19,19,20,630,MD,59.71,59.23,70.0,515.9,1,515.9,0.704,70.0,49.0,2200.0,363.32,6.085,0.895,0.0,104685.2,132867.9
19,19,20,645,MD,59.58,60.09,70.0,518.2,1,518.2,0.704,70.0,49.0,2200.0,364.95,6.125,0.912,0.0,104901.4,133460.9
19,19,20,660,MD,60.98,60.44,70.0,505.9,1,505.9,0.704,70.0,49.0,2200.0,356.26,5.843,0.753,0.0,105200.0,130284.7
19,19,20,675,MD,60.78,60.87,70.0,508.6,1,508.6,0.704,70.0,49.0,2200.0,358.16,5.893,0.776,0.0,105343.7,130980.1
19,19,20,690,MD,60.84,60.44,70.0,507.4,1,507.4,0.704,70.0,49.0,2200.0,357.36,5.873,0.768,0.0,105245.5,130684.8
19,19,20,705,MD,59.7,60.46,70.0,508.7,1,508.7,0.704,70.0,49.0,2200.0,358.27,6.001,0.883,0.0,103213.5,131018.5
19,19,20,720,MD,60.83,60.52,70.0,507.6,1,507.6,0.704,70.0,49.0,2200.0,357.5,5.877,0.77,0.0,105255.1,130736.0
19,19,20,735,MD,61.03,61.16,70.0,504.3,1,504.3,0.704,70.0,49.0,2200.0,355.13,5.819,0.746,0.0,104980.1,129870.6
19,19,20,750,MD,61.63,60.91,70.0,499.5,1,499.5,0.704,70.0,49.0,2200.0,351.75,5.708,0.683,0.0,105259.7,128636.4
19,19,20,765,MD,60.06,60.91,70.0,507.7,1,507.7,0.704,70.0,49.0,2200.0,357.53,5.953,0.845,0.0,103699.5,130749.1
19,19,20,780,MD,61.05,60.63,70.0,505.8,1,505.8,0.704,70.0,49.0,2200.0,356.23,5.835,0.746,0.0,105350.3,130272.0
19,19,20,795,MD,60.77,60.74,70.0,507.7,1,507.7,0.704,70.0,49.0,2200.0,357.53,5.884,0.776,0.0,105135.8,130748.7
19,19,20,810,MD,60.39,60.66,70.0,511.1,1,511.1,0.704,70.0,49.0,2200.0,359.92,5.96,0.818,0.0,105055.5,131624.0
19,19,20,825,MD,60.83,60.55,70.0,507.6,1,507.6,0.704,70.0,49.0,2200.0,357.46,5.876,0.77,0.0,105251.8,130724.3
19,19,20,840,PM,60.42,60.28,70.0,511.7,1,511.7,0.704,70.0,49.0,2200.0,360.37,5.965,0.816,0.0,105249.1,131787.4
19,19,20,855,PM,59.58,59.86,70.0,518.2,1,518.2,0.704,70.0,49.0,2200.0,364.94,6.125,0.911,0.0,104908.2,133459.4
19,19,20,870,PM,59.59,59.24,70.0,517.3,1,517.3,0.704,70.0,49.0,2200.0,364.31,6.114,0.909,0.0,104734.6,133228.2
19,19,20,885,PM,58.55,58.52,70.0,523.0,1,523.0,0.704,70.0,49.0,2200.0,368.32,6.29,1.029,0.0,103932.1,134693.3
19,19,20,900,PM,57.41,57.5,70.0,522.8,1,522.8,0.704,70.0,49.0,2200.0,368.15,6.412,1.153,0.0,101924.1,134631.0
19,19,20,915,PM,56.53,56.98,70.0,531.9,1,531.9,0.704,70.0,49.0,2200.0,374.6,6.626,1.275,0.0,102316.1,136992.6
19,19,20,930,PM,57.0,55.95,70.0,528.4,1,528.4,0.704,70.0,49.0,2200.0,372.12,6.529,1.213,0.0,102355.4,136085.1
19,19,20,945,PM,54.31,54.83,70.0,527.9,1,527.9,0.704,70.0,49.0,2200.0,371.77,6.845,1.534,0.0,98569.5,135957.4
19,19,20,960,PM,53.18,54.05,65.48,524.0,1,524.0,0.704,70.0,49.0,2200.0,368.99,6.938,1.667,0.0,96622.5,120361.4
19,19,20,975,PM,54.67,54.2,60.27,530.4,1,530.4,0.704,70.0,49.0,2200.0,373.52,6.833,1.497,0.0,99457.4,108772.3
19,19,20,990,PM,54.76,52.86,55.05,533.1,1,533.1,0.704,70.0,49.0,2200.0,375.42,6.856,1.493,0.0,100078.8,100452.4
19,19,20,1005,PM,49.16,49.61,49.84,538.7,1,538.7,0.704,70.0,49.0,2200.0,379.36,7.717,2.297,0.053,96557.3,96847.5
19,19,20,1020,PM,44.92,45.8,46.8,518.3,1,518.3,0.704,70.0,49.0,2200.0,365.02,8.125,2.911,0.751,92757.9,92487.3
19,19,20,1035,PM,43.32,43.52,43.08,507.8,1,507.8,0.704,70.0,49.0,2200.0,357.61,8.256,3.147,1.031,91520.3,91649.1
19,19,20,1050,PM,42.32,41.81,40.86,504.1,1,504.1,0.704,70.0,49.0,2200.0,354.98,8.389,3.317,1.217,91437.4,92564.1
19,19,20,1065,PM,39.79,41.32,41.19,496.5,1,496.5,0.704,70.0,49.0,2200.0,349.65,8.788,3.793,1.724,92192.0,90898.4
19,19,20,1080,PM,41.84,42.7,43.99,499.3,1,499.3,0.704,70.0,49.0,2200.0,351.63,8.403,3.38,1.299,90904.8,89678.6
19,19,20,1095,PM,46.47,46.51,47.76,512.0,1,512.0,0.704,70.0,49.0,2200.0,360.58,7.76,2.609,0.475,91370.8,91430.1
19,19,20,1110,PM,51.23,50.67,51.38,520.8,1,520.8,0.704,70.0,49.0,2200.0,366.73,7.158,1.919,0.0,94418.5,94521.0
19,19,20,1125,PM,54.32,54.02,56.48,523.0,1,523.0,0.704,70.0,49.0,2200.0,368.33,6.78,1.518,0.0,97670.9,100525.6
19,19,20,1140,PM,56.51,56.86,61.82,528.6,1,528.6,0.704,70.0,49.0,2200.0,372.29,6.589,1.27,0.0,101640.0,111845.8
19,19,20,1155,PM,59.74,58.85,67.15,516.1,1,516.1,0.704,70.0,49.0,2200.0,363.47,6.084,0.892,0.0,104787.9,123517.5
19,19,20,1170,PM,60.3,60.11,70.0,509.8,1,509.8,0.704,70.0,49.0,2200.0,359.02,5.954,0.825,0.0,104614.7,131292.6
19,19,20,1185,PM,60.28,60.86,70.0,512.1,1,512.1,0.704,70.0,49.0,2200.0,360.62,5.983,0.831,0.0,105038.0,131879.6
19,19,20,1200,NT,62.0,61.27,70.0,494.5,1,494.5,0.704,70.0,49.0,2200.0,348.23,5.617,0.642,0.0,105020.5,127348.6
19,19,20,1215,NT,61.54,62.03,70.0,498.8,1,498.8,0.704,70.0,49.0,2200.0,351.25,5.708,0.69,0.0,104914.5,128453.8
19,19,20,1230,NT,62.55,62.09,70.0,490.2,1,490.2,0.704,70.0,49.0,2200.0,345.24,5.519,0.587,0.0,105346.5,126256.0
19,19,20,1245,NT,62.19,62.36,70.0,493.2,1,493.2,0.704,70.0,49.0,2200.0,347.33,5.585,0.623,0.0,105160.4,127019.1
19,19,20,1260,NT,62.34,62.45,70.0,491.4,1,491.4,0.704,70.0,49.0,2200.0,346.06,5.551,0.608,0.0,105105.3,126552.4
19,19,20,1275,NT,62.82,63.0,70.0,485.1,1,485.1,0.704,70.0,49.0,2200.0,341.62,5.438,0.558,0.0,104850.7,124931.7
19,19,20,1290,NT,63.84,63.12,70.0,471.8,1,471.8,0.704,70.0,49.0,2200.0,332.25,5.205,0.458,0.0,104302.8,121503.6
19,19,20,1305,NT,62.7,63.27,70.0,488.4,1,488.4,0.704,70.0,49.0,2200.0,343.95,5.486,0.572,0.0,105288.6,125781.1
20,20,21,300,AM,66.03,64.54,70.0,428.9,1,428.9,0.648,70.0,49.0,2200.0,277.86,4.208,0.238,0.0,91849.1,101614.3
20,20,21,315,AM,63.05,63.34,70.0,483.6,1,483.6,0.648,70.0,49.0,2200.0,313.33,4.97,0.494,0.0,96644.2,114584.2
20,20,21,330,AM,60.94,60.89,67.57,505.8,1,505.8,0.648,70.0,49.0,2200.0,327.68,5.377,0.696,0.0,96700.0,112514.4
20,20,21,345,AM,58.67,58.7,62.35,524.4,1,524.4,0.648,70.0,49.0,2200.0,339.75,5.791,0.938,0.0,96063.1,103228.6
20,20,21,360,AM,56.48,55.6,57.14,526.9,1,526.9,0.648,70.0,49.0,2200.0,341.33,6.044,1.168,0.0,93149.3,94092.2
20,20,21,375,AM,51.64,51.53,51.92,531.1,1,531.1,0.648,70.0,49.0,2200.0,344.09,6.663,1.747,0.0,88861.5,89063.7
20,20,21,390,AM,46.47,47.02,47.32,523.1,1,523.1,0.648,70.0,49.0,2200.0,338.88,7.293,2.452,0.446,85872.1,85882.6
20,20,21,405,AM,42.95,44.26,41.75,525.3,1,525.3,0.648,70.0,49.0,2200.0,340.35,7.924,3.062,1.048,87293.8,88054.3
20,20,21,420,AM,43.37,42.42,34.59,518.9,1,518.9,0.648,70.0,49.0,2200.0,336.18,7.751,2.948,0.959,86007.7,95654.8
20,20,21,435,AM,40.95,41.01,28.65,515.9,1,515.9,0.648,70.0,49.0,2200.0,334.27,8.163,3.388,1.41,87091.6,107702.7
20,20,21,450,AM,38.71,39.73,24.44,517.2,1,517.2,0.648,70.0,49.0,2200.0,335.05,8.656,3.869,1.887,89484.0,119892.1
20,20,21,465,AM,39.52,39.73,21.68,525.2,1,525.2,0.648,70.0,49.0,2200.0,340.29,8.611,3.749,1.736,89996.4,131087.4
20,20,21,480,AM,40.97,40.69,20.03,532.7,1,532.7,0.648,70.0,49.0,2200.0,345.15,8.424,3.493,1.451,89906.1,139131.4
20,20,21,495,AM,41.57,40.54,19.27,533.6,1,533.6,0.648,70.0,49.0,2200.0,345.72,8.317,3.378,1.332,89578.4,142369.6
20,20,21,510,AM,39.07,40.13,19.28,521.0,1,521.0,0.648,70.0,49.0,2200.0,337.57,8.641,3.818,1.821,89755.9,138978.0
20,20,21,525,AM,39.74,40.51,20.06,523.6,1,523.6,0.648,70.0,49.0,2200.0,339.21,8.536,3.69,1.683,89486.6,136628.4
20,20,21,540,AM,42.73,42.47,21.73,535.3,1,535.3,0.648,70.0,49.0,2200.0,346.83,8.116,3.161,1.109,89080.1,133418.6
20,20,21,555,AM,44.95,44.1,24.52,540.0,1,540.0,0.648,70.0,49.0,2200.0,349.86,7.784,2.786,0.715,88899.4,124928.5
20,20,21,570,AM,44.63,45.03,28.77,539.6,1,539.6,0.648,70.0,49.0,2200.0,349.59,7.833,2.839,0.77,88922.0,112327.0
20,20,21,585,AM,45.51,45.04,34.74,536.9,1,536.9,0.648,70.0,49.0,2200.0,347.84,7.642,2.673,0.615,88256.3,98708.2
20,20,21,600,MD,44.97,46.55,41.89,531.5,1,531.5,0.648,70.0,49.0,2200.0,344.32,7.656,2.737,0.7,87484.1,88984.6
20,20,21,615,MD,49.18,48.18,47.59,535.2,1,535.2,0.648,70.0,49.0,2200.0,346.71,7.05,2.097,0.046,88253.9,87892.3
20,20,21,630,MD,50.4,50.15,52.08,533.6,1,533.6,0.648,70.0,49.0,2200.0,345.68,6.859,1.921,0.0,88514.9,89590.5
20,20,21,645,MD,50.87,51.41,57.35,536.6,1,536.6,0.648,70.0,49.0,2200.0,347.63,6.834,1.867,0.0,89279.2,96146.9
20,20,21,660,MD,52.98,52.38,62.62,527.3,1,527.3,0.648,70.0,49.0,2200.0,341.64,6.449,1.568,0.0,89276.5,104401.4
20,20,21,675,MD,53.3,53.44,65.43,529.3,1,529.3,0.648,70.0,49.0,2200.0,342.9,6.433,1.535,0.0,89902.1,111719.2
20,20,21,690,MD,54.04,53.52,70.0,529.1,1,529.1,0.648,70.0,49.0,2200.0,342.81,6.344,1.447,0.0,90598.7,125365.4
20,20,21,705,MD,53.23,53.25,70.0,531.8,1,531.8,0.648,70.0,49.0,2200.0,344.52,6.472,1.55,0.0,90260.9,125989.5
20,20,21,720,MD,52.49,52.58,70.0,522.6,1,522.6,0.648,70.0,49.0,2200.0,338.57,6.451,1.614,0.0,88063.4,123814.2
20,20,21,735,MD,52.03,52.22,70.0,519.4,1,519.4,0.648,70.0,49.0,2200.0,336.51,6.468,1.66,0.0,87179.3,123061.6
20,20,21,750,MD,52.15,52.36,70.0,523.4,1,523.4,0.648,70.0,49.0,2200.0,339.09,6.502,1.658,0.0,87939.2,124005.6
20,20,21,765,MD,52.89,52.79,70.0,532.9,1,532.9,0.648,70.0,49.0,2200.0,345.22,6.528,1.596,0.0,90133.5,126247.1
20,20,21,780,MD,53.32,53.22,70.0,528.5,1,528.5,0.648,70.0,49.0,2200.0,342.43,6.422,1.53,0.0,89793.7,125226.2
20,20,21,795,MD,53.44,53.1,70.0,530.0,1,530.0,0.648,70.0,49.0,2200.0,343.35,6.425,1.52,0.0,90153.6,125564.5
20,20,21,810,MD,52.55,52.77,70.0,532.5,1,532.5,0.648,70.0,49.0,2200.0,345.01,6.565,1.637,0.0,89792.2,126169.6
20,20,21,825,MD,52.31,52.46,66.87,532.9,1,532.9,0.648,70.0,49.0,2200.0,345.27,6.6,1.668,0.0,89666.5,116515.2
20,20,21,840,PM,52.5,52.13,61.67,532.1,1,532.1,0.648,70.0,49.0,2200.0,344.75,6.566,1.641,0.0,89685.1,103242.3
20,20,21,855,PM,51.59,51.17,56.46,534.0,1,534.0,0.648,70.0,49.0,2200.0,345.95,6.706,1.764,0.0,89304.0,94379.5
20,20,21,870,PM,49.41,49.73,51.25,539.1,1,539.1,0.648,70.0,49.0,2200.0,349.3,7.069,2.079,0.013,88996.4,89939.6
20,20,21,885,PM,48.19,48.04,48.25,540.1,1,540.1,0.648,70.0,49.0,2200.0,349.9,7.26,2.262,0.191,88794.9,88806.7
20,20,21,900,PM,46.51,46.79,45.69,538.9,1,538.9,0.648,70.0,49.0,2200.0,349.15,7.507,2.519,0.453,88471.0,88556.0
20,20,21,915,PM,45.66,45.71,42.1,537.3,1,537.3,0.648,70.0,49.0,2200.0,348.12,7.624,2.651,0.591,88300.6,89818.9
20,20,21,930,PM,44.97,44.41,38.45,538.0,1,538.0,0.648,70.0,49.0,2200.0,348.57,7.752,2.772,0.71,88566.8,93405.2
20,20,21,945,PM,42.61,43.37,35.29,536.7,1,536.7,0.648,70.0,49.0,2200.0,347.73,8.161,3.194,1.136,89386.7,97746.2
20,20,21,960,PM,42.54,42.65,32.79,538.2,1,538.2,0.648,70.0,49.0,2200.0,348.71,8.196,3.215,1.151,89678.9,102657.2
20,20,21,975,PM,42.79,42.08,31.0,539.0,1,539.0,0.648,70.0,49.0,2200.0,349.23,8.162,3.173,1.107,89666.2,106719.0
20,20,21,990,PM,40.92,41.21,29.86,533.3,1,533.3,0.648,70.0,49.0,2200.0,345.49,8.444,3.508,1.464,90044.4,108264.4
20,20,21,1005,PM,39.94,39.99,29.34,529.1,1,529.1,0.648,70.0,49.0,2200.0,342.77,8.583,3.686,1.658,90229.0,108688.2
20,20,21,1020,PM,39.12,38.69,29.42,522.1,1,522.1,0.648,70.0,49.0,2200.0,338.27,8.647,3.815,1.813,89885.1,107061.5
20,20,21,1035,PM,37.02,37.79,30.11,513.3,1,513.3,0.648,70.0,49.0,2200.0,332.56,8.984,4.233,2.265,90919.4,103638.5
20,20,21,1050,PM,37.23,37.36,31.42,514.3,1,514.3,0.648,70.0,49.0,2200.0,333.22,8.951,4.191,2.219,90821.0,100915.9
20,20,21,1065,PM,37.83,38.28,33.4,518.3,1,518.3,0.648,70.0,49.0,2200.0,335.8,8.875,4.078,2.091,90729.3,97689.6
20,20,21,1080,PM,39.78,39.21,36.08,527.8,1,527.8,0.648,70.0,49.0,2200.0,341.95,8.595,3.71,1.687,90165.2,94857.6
20,20,21,1095,PM,40.02,39.89,39.41,527.8,1,527.8,0.648,70.0,49.0,2200.0,341.98,8.545,3.66,1.636,89939.5,90555.8
20,20,21,1110,PM,39.87,41.26,43.12,517.9,1,517.9,0.648,70.0,49.0,2200.0,335.54,8.416,3.623,1.637,88392.3,85967.3
20,20,21,1125,PM,43.91,44.13,46.55,533.2,1,533.2,0.648,70.0,49.0,2200.0,345.43,7.867,2.933,0.889,88129.5,87526.7
20,20,21,1140,PM,48.62,47.96,48.85,539.4,1,539.4,0.648,70.0,49.0,2200.0,349.49,7.189,2.196,0.128,88790.7,88857.5
20,20,21,1155,PM,51.36,51.45,52.72,537.4,1,537.4,0.648,70.0,49.0,2200.0,348.15,6.778,1.805,0.0,89719.4,90748.8
20,20,21,1170,PM,54.37,53.66,58.01,535.7,1,535.7,0.648,70.0,49.0,2200.0,347.09,6.384,1.425,0.0,92087.5,97032.8
20,20,21,1185,PM,55.24,55.67,63.3,529.8,1,529.8,0.648,70.0,49.0,2200.0,343.28,6.214,1.31,0.0,92076.6,106470.6
20,20,21,1200,NT,57.4,56.8,65.41,523.5,1,523.5,0.648,70.0,49.0,2200.0,339.18,5.909,1.063,0.0,93891.8,110461.7
20,20,21,1215,NT,57.75,57.87,70.0,524.8,1,524.8,0.648,70.0,49.0,2200.0,340.01,5.888,1.03,0.0,94647.8,124340.0
20,20,21,1230,NT,58.45,58.55,70.0,526.0,1,526.0,0.648,70.0,49.0,2200.0,340.78,5.83,0.962,0.0,95993.4,124623.6
20,20,21,1245,NT,59.45,59.19,70.0,518.0,1,518.0,0.648,70.0,49.0,2200.0,335.58,5.645,0.851,0.0,96226.2,122721.6
20,20,21,1260,NT,59.66,59.57,70.0,517.9,1,517.9,0.648,70.0,49.0,2200.0,335.53,5.624,0.831,0.0,96581.0,122703.4
20,20,21,1275,NT,59.62,59.89,70.0,518.1,1,518.1,0.648,70.0,49.0,2200.0,335.64,5.63,0.835,0.0,96543.1,122743.7
20,20,21,1290,NT,60.4,59.99,70.0,510.3,1,510.3,0.648,70.0,49.0,2200.0,330.58,5.473,0.75,0.0,96521.7,120893.9
20,20,21,1305,NT,59.94,60.17,70.0,514.9,1,514.9,0.648,70.0,49.0,2200.0,333.59,5.565,0.8,0.0,96532.5,121992.6
21,21,22,300,AM,68.0,67.02,70.0,363.9,1,363.9,0.586,70.0,49.0,2200.0,213.27,3.137,0.09,0.0,74035.1,77994.4
21,21,22,315,AM,66.04,66.37,70.0,426.5,1,426.5,0.586,70.0,49.0,2200.0,250.0,3.785,0.214,0.0,82663.8,91425.4
21,21,22,330,AM,65.06,64.79,70.0,448.2,1,448.2,0.586,70.0,49.0,2200.0,262.72,4.038,0.285,0.0,84846.8,96077.2
21,21,22,345,AM,63.25,63.25,68.96,480.1,1,480.1,0.586,70.0,49.0,2200.0,281.41,4.449,0.429,0.0,87188.5,100142.5
21,21,22,360,AM,61.44,61.19,63.77,500.5,1,500.5,0.586,70.0,49.0,2200.0,293.37,4.775,0.584,0.0,87451.9,91954.4
21,21,22,375,AM,58.89,58.28,58.57,518.2,1,518.2,0.586,70.0,49.0,2200.0,303.75,5.158,0.819,0.0,86215.5,85743.0
21,21,22,390,AM,54.51,53.21,53.38,531.6,1,531.6,0.586,70.0,49.0,2200.0,311.58,5.716,1.265,0.0,82806.5,81756.2
21,21,22,405,AM,46.22,48.22,48.82,517.6,1,517.6,0.586,70.0,49.0,2200.0,303.4,6.564,2.229,0.434,76894.1,77129.4
21,21,22,420,AM,43.92,44.32,46.48,501.1,1,501.1,0.586,70.0,49.0,2200.0,293.72,6.687,2.491,0.753,74931.4,74426.8
21,21,22,435,AM,42.81,41.65,42.92,492.6,1,492.6,0.586,70.0,49.0,2200.0,288.7,6.743,2.619,0.911,74111.7,74058.9
21,21,22,450,AM,38.21,39.08,39.9,482.6,1,482.6,0.586,70.0,49.0,2200.0,282.86,7.403,3.362,1.688,76038.6,74492.9
21,21,22,465,AM,36.22,37.68,38.14,468.2,1,468.2,0.586,70.0,49.0,2200.0,274.42,7.576,3.656,2.032,75952.2,73837.5
21,21,22,480,AM,38.61,38.38,37.83,474.8,1,474.8,0.586,70.0,49.0,2200.0,278.27,7.207,3.232,1.585,74412.9,75190.0
21,21,22,495,AM,40.31,38.62,38.99,476.9,1,476.9,0.586,70.0,49.0,2200.0,279.53,6.935,2.941,1.287,73290.4,74395.9
21,21,22,510,AM,36.95,37.4,41.51,474.9,1,474.9,0.586,70.0,49.0,2200.0,278.32,7.533,3.557,1.91,76170.0,72149.9
21,21,22,525,AM,34.93,39.19,44.96,470.6,1,470.6,0.586,70.0,49.0,2200.0,275.83,7.896,3.956,2.324,78014.7,70085.0
21,21,22,540,AM,45.68,44.95,48.25,509.6,1,509.6,0.586,70.0,49.0,2200.0,298.67,6.538,2.271,0.504,75755.1,75806.4
21,21,22,555,AM,54.25,52.01,51.26,519.0,1,519.0,0.586,70.0,49.0,2200.0,304.22,5.608,1.262,0.0,80596.6,78340.0
21,21,22,570,AM,56.09,55.93,56.56,520.7,1,520.7,0.586,70.0,49.0,2200.0,305.19,5.441,1.082,0.0,82815.6,83394.8
21,21,22,585,AM,57.46,57.65,61.87,510.9,1,510.9,0.586,70.0,49.0,2200.0,299.42,5.21,0.933,0.0,82966.6,90046.9
21,21,22,600,MD,59.39,58.62,66.11,509.1,1,509.1,0.586,70.0,49.0,2200.0,298.36,5.024,0.762,0.0,85454.4,98811.9
21,21,22,615,MD,59.01,59.33,70.0,505.2,1,505.2,0.586,70.0,49.0,2200.0,296.09,5.018,0.788,0.0,84222.6,108279.4
21,21,22,630,MD,59.58,59.35,70.0,493.8,1,493.8,0.586,70.0,49.0,2200.0,289.43,4.858,0.723,0.0,83199.5,105845.4
21,21,22,645,MD,59.47,59.79,70.0,497.1,1,497.1,0.586,70.0,49.0,2200.0,291.37,4.9,0.737,0.0,83580.7,106555.6
21,21,22,660,MD,60.32,59.96,70.0,486.1,1,486.1,0.586,70.0,49.0,2200.0,284.88,4.723,0.653,0.0,83038.5,104179.4
21,21,22,675,MD,60.1,59.99,70.0,490.3,1,490.3,0.586,70.0,49.0,2200.0,287.37,4.781,0.676,0.0,83421.2,105089.8
21,21,22,690,MD,59.53,60.04,70.0,489.2,1,489.2,0.586,70.0,49.0,2200.0,286.7,4.816,0.72,0.0,82337.3,104846.5
21,21,22,705,MD,60.47,60.02,70.0,489.9,1,489.9,0.586,70.0,49.0,2200.0,287.11,4.748,0.646,0.0,83938.4,104996.5
21,21,22,720,MD,60.06,60.32,70.0,488.5,1,488.5,0.586,70.0,49.0,2200.0,286.31,4.767,0.677,0.0,83050.2,104705.1
21,21,22,735,MD,60.41,60.66,70.0,486.1,1,486.1,0.586,70.0,49.0,2200.0,284.91,4.716,0.646,0.0,83204.0,104190.8
21,21,22,750,MD,61.51,61.21,70.0,488.1,1,488.1,0.586,70.0,49.0,2200.0,286.09,4.651,0.564,0.0,85408.7,104623.7
21,21,22,765,MD,61.7,61.98,70.0,498.2,1,498.2,0.586,70.0,49.0,2200.0,292.0,4.733,0.561,0.0,87509.6,106784.8
21,21,22,780,MD,62.72,62.41,70.0,488.0,1,488.0,0.586,70.0,49.0,2200.0,286.05,4.56,0.474,0.0,87605.9,104606.8
21,21,22,795,MD,62.81,62.62,70.0,487.0,1,487.0,0.586,70.0,49.0,2200.0,285.45,4.544,0.467,0.0,87591.9,104387.9
21,21,22,810,MD,62.33,62.54,70.0,492.9,1,492.9,0.586,70.0,49.0,2200.0,288.9,4.635,0.508,0.0,87741.9,105650.6
21,21,22,825,MD,62.48,62.32,70.0,489.8,1,489.8,0.586,70.0,49.0,2200.0,287.09,4.595,0.493,0.0,87468.1,104987.0
21,21,22,840,PM,62.15,61.86,70.0,495.5,1,495.5,0.586,70.0,49.0,2200.0,290.44,4.673,0.524,0.0,87862.0,106215.0
21,21,22,855,PM,60.96,61.55,70.0,503.5,1,503.5,0.586,70.0,49.0,2200.0,295.12,4.842,0.626,0.0,87111.3,107925.7
21,21,22,870,PM,61.53,61.33,70.0,501.1,1,501.1,0.586,70.0,49.0,2200.0,293.67,4.772,0.577,0.0,87707.9,107395.6
21,21,22,885,PM,61.5,61.15,70.0,501.3,1,501.3,0.586,70.0,49.0,2200.0,293.83,4.778,0.581,0.0,87686.8,107455.2
21,21,22,900,PM,60.44,60.62,70.0,509.8,1,509.8,0.586,70.0,49.0,2200.0,298.8,4.944,0.676,0.0,87296.7,109272.0
21,21,22,915,PM,59.94,60.17,70.0,515.3,1,515.3,0.586,70.0,49.0,2200.0,302.03,5.039,0.724,0.0,87405.0,110453.2
21,21,22,930,PM,60.14,59.97,70.0,513.4,1,513.4,0.586,70.0,49.0,2200.0,300.91,5.004,0.705,0.0,87408.1,110042.6
21,21,22,945,PM,59.82,59.55,70.0,516.3,1,516.3,0.586,70.0,49.0,2200.0,302.62,5.059,0.736,0.0,87375.9,110669.1
21,21,22,960,PM,58.68,58.66,70.0,515.8,1,515.8,0.586,70.0,49.0,2200.0,302.33,5.152,0.833,0.0,85506.9,110563.2
21,21,22,975,PM,57.48,57.62,70.0,509.8,1,509.8,0.586,70.0,49.0,2200.0,298.77,5.198,0.929,0.0,82811.7,109260.9
21,21,22,990,PM,56.68,56.65,70.0,513.2,1,513.2,0.586,70.0,49.0,2200.0,300.81,5.307,1.01,0.0,82342.4,110006.1
21,21,22,1005,PM,55.77,55.76,70.0,513.6,1,513.6,0.586,70.0,49.0,2200.0,301.0,5.397,1.097,0.0,81316.6,110076.9
21,21,22,1020,PM,54.83,54.94,70.0,506.7,1,506.7,0.586,70.0,49.0,2200.0,297.0,5.417,1.174,0.0,79242.6,108611.4
21,21,22,1035,PM,54.21,53.68,70.0,507.1,1,507.1,0.586,70.0,49.0,2200.0,297.22,5.483,1.237,0.0,78706.2,108692.0
21,21,22,1050,PM,51.99,51.7,70.0,503.7,1,503.7,0.586,70.0,49.0,2200.0,295.22,5.678,1.461,0.0,76456.3,107960.7
21,21,22,1065,PM,48.89,49.04,70.0,504.9,1,504.9,0.586,70.0,49.0,2200.0,295.9,6.053,1.826,0.075,75241.2,108212.0
21,21,22,1080,PM,46.25,47.74,70.0,495.4,1,495.4,0.586,70.0,49.0,2200.0,290.36,6.278,2.13,0.411,73588.8,106185.3
21,21,22,1095,PM,48.09,49.33,70.0,500.2,1,500.2,0.586,70.0,49.0,2200.0,293.19,6.097,1.909,0.174,74386.9,107220.2
21,21,22,1110,PM,53.65,52.28,70.0,510.4,1,510.4,0.586,70.0,49.0,2200.0,299.14,5.576,1.302,0.0,78717.9,109394.7
21,21,22,1125,PM,55.11,55.34,70.0,503.5,1,503.5,0.586,70.0,49.0,2200.0,295.08,5.354,1.139,0.0,79011.1,107909.0
21,21,22,1140,PM,57.26,56.92,70.0,506.1,1,506.1,0.586,70.0,49.0,2200.0,296.64,5.181,0.943,0.0,81923.7,108480.9
21,21,22,1155,PM,58.4,58.21,70.0,497.6,1,497.6,0.586,70.0,49.0,2200.0,291.64,4.994,0.828,0.0,82077.3,106652.0
21,21,22,1170,PM,58.99,59.45,70.0,493.0,1,493.0,0.586,70.0,49.0,2200.0,288.97,4.899,0.771,0.0,82167.4,105676.9
21,21,22,1185,PM,60.97,61.06,70.0,501.0,1,501.0,0.586,70.0,49.0,2200.0,293.65,4.816,0.621,0.0,86703.6,107388.1
21,21,22,1200,NT,63.23,62.27,70.0,482.1,1,482.1,0.586,70.0,49.0,2200.0,282.58,4.469,0.432,0.0,87516.5,103340.5
21,21,22,1215,NT,62.6,62.9,70.0,490.4,1,490.4,0.586,70.0,49.0,2200.0,287.4,4.591,0.485,0.0,87789.9,105102.2
21,21,22,1230,NT,62.87,62.82,70.0,486.1,1,486.1,0.586,70.0,49.0,2200.0,284.89,4.532,0.462,0.0,87530.6,104185.0
21,21,22,1245,NT,63.0,63.07,70.0,482.3,1,482.3,0.586,70.0,49.0,2200.0,282.69,4.487,0.449,0.0,87103.6,103381.5
21,21,22,1260,NT,63.33,63.25,70.0,478.9,1,478.9,0.586,70.0,49.0,2200.0,280.71,4.432,0.422,0.0,87129.5,102653.9
21,21,22,1275,NT,63.41,63.7,70.0,477.3,1,477.3,0.586,70.0,49.0,2200.0,279.74,4.411,0.415,0.0,86982.5,102299.9
21,21,22,1290,NT,64.36,64.08,70.0,464.2,1,464.2,0.586,70.0,49.0,2200.0,272.09,4.228,0.341,0.0,86442.8,99501.7
21,21,22,1305,NT,64.46,64.41,70.0,462.4,1,462.4,0.586,70.0,49.0,2200.0,271.0,4.204,0.332,0.0,86307.1,99105.2
22,22,23,300,AM,65.06,63.37,70.0,451.8,1,451.8,1.621,70.0,49.0,2200.0,732.45,11.259,0.795,0.0,236511.2,267855.4
22,22,23,315,AM,61.69,62.26,70.0,499.9,1,499.9,1.621,70.0,49.0,2200.0,810.47,13.139,1.561,0.0,242814.9,296389.0
22,22,23,330,AM,60.03,59.47,66.53,514.0,1,514.0,1.621,70.0,49.0,2200.0,833.27,13.881,1.977,0.0,241553.3,278814.0
22,22,23,345,AM,56.71,57.14,61.32,529.0,1,529.0,1.621,70.0,49.0,2200.0,857.67,15.125,2.872,0.0,234864.0,255057.3
22,22,23,360,AM,54.67,54.03,56.12,534.4,1,534.4,1.621,70.0,49.0,2200.0,866.41,15.847,3.47,0.0,230719.7,235214.6
22,22,23,375,AM,50.72,50.5,50.91,532.1,1,532.1,1.621,70.0,49.0,2200.0,862.62,17.007,4.684,0.0,221325.2,221603.3
22,22,23,390,AM,46.1,46.43,46.56,519.1,1,519.1,1.621,70.0,49.0,2200.0,841.6,18.257,6.234,1.254,213329.3,213251.6
22,22,23,405,AM,42.46,43.15,40.22,509.9,1,509.9,1.621,70.0,49.0,2200.0,826.7,19.471,7.661,2.769,212731.1,216965.4
22,22,23,420,AM,40.89,40.17,33.14,502.2,1,502.2,1.621,70.0,49.0,2200.0,814.13,19.909,8.278,3.461,212228.8,238064.7
22,22,23,435,AM,37.16,34.91,27.51,496.3,1,496.3,1.621,70.0,49.0,2200.0,804.67,21.652,10.157,5.395,219516.5,266468.5
22,22,23,450,AM,26.68,27.77,23.59,441.0,1,441.0,1.621,70.0,49.0,2200.0,715.0,26.795,16.581,12.35,241637.2,261664.9
22,22,23,465,AM,19.47,20.85,21.05,384.9,1,384.9,1.621,70.0,49.0,2200.0,623.99,32.056,23.142,19.449,255530.5,244586.3
22,22,23,480,AM,16.41,17.16,19.56,356.0,1,356.0,1.621,70.0,49.0,2200.0,577.22,35.18,26.934,23.519,257666.8,235781.7
22,22,23,495,AM,15.6,16.28,18.91,345.5,1,345.5,1.621,70.0,49.0,2200.0,560.18,35.919,27.917,24.602,255913.3,232999.2
22,22,23,510,AM,16.85,17.37,19.01,358.7,1,358.7,1.621,70.0,49.0,2200.0,581.56,34.521,26.213,22.771,256384.4,241183.4
22,22,23,525,AM,19.65,20.71,19.89,380.6,1,380.6,1.621,70.0,49.0,2200.0,617.06,31.398,22.582,18.931,251377.0,249755.5
22,22,23,540,AM,25.63,25.0,21.65,416.9,1,416.9,1.621,70.0,49.0,2200.0,675.97,26.373,16.716,12.716,234587.4,260645.2
22,22,23,555,AM,29.72,28.84,24.54,443.7,1,443.7,1.621,70.0,49.0,2200.0,719.38,24.205,13.928,9.671,226139.5,256742.3
22,22,23,570,AM,31.16,31.48,28.93,449.0,1,449.0,1.621,70.0,49.0,2200.0,727.9,23.362,12.963,8.656,221666.6,233013.2
22,22,23,585,AM,33.57,35.39,35.09,459.7,1,459.7,1.621,70.0,49.0,2200.0,745.28,22.199,11.552,7.142,216103.1,210214.2
22,22,23,600,MD,41.44,41.46,42.4,500.0,1,500.0,1.621,70.0,49.0,2200.0,810.63,19.559,7.979,3.182,210261.6,208683.7
22,22,23,615,MD,49.36,47.57,47.64,512.2,1,512.2,1.621,70.0,49.0,2200.0,830.33,16.821,4.959,0.045,211516.4,210504.4
22,22,23,630,MD,51.91,51.7,52.47,519.6,1,519.6,1.621,70.0,49.0,2200.0,842.45,16.23,4.195,0.0,218029.2,219087.9
22,22,23,645,MD,53.83,53.64,57.71,520.5,1,520.5,1.621,70.0,49.0,2200.0,843.87,15.677,3.621,0.0,222503.0,234764.5
22,22,23,660,MD,55.18,54.82,62.98,515.8,1,515.8,1.621,70.0,49.0,2200.0,836.16,15.154,3.209,0.0,224089.0,257517.4
22,22,23,675,MD,55.46,55.41,64.73,512.9,1,512.9,1.621,70.0,49.0,2200.0,831.56,14.995,3.115,0.0,223681.8,266493.7
22,22,23,690,MD,55.6,55.52,70.0,511.1,1,511.1,1.621,70.0,49.0,2200.0,828.68,14.904,3.065,0.0,223352.3,303049.4
22,22,23,705,MD,55.5,55.69,70.0,511.4,1,511.4,1.621,70.0,49.0,2200.0,829.08,14.938,3.095,0.0,223144.8,303193.5
22,22,23,720,MD,55.96,55.79,70.0,513.9,1,513.9,1.621,70.0,49.0,2200.0,833.09,14.886,2.985,0.0,225665.7,304659.7
22,22,23,735,MD,55.9,55.7,70.0,516.0,1,516.0,1.621,70.0,49.0,2200.0,836.52,14.965,3.015,0.0,226388.1,305916.3
22,22,23,750,MD,55.24,55.48,70.0,515.7,1,515.7,1.621,70.0,49.0,2200.0,836.11,15.136,3.191,0.0,224265.7,305766.3
22,22,23,765,MD,55.3,55.38,70.0,510.4,1,510.4,1.621,70.0,49.0,2200.0,827.51,14.964,3.143,0.0,222129.4,302621.9
22,22,23,780,MD,55.59,55.41,70.0,510.8,1,510.8,1.621,70.0,49.0,2200.0,828.15,14.899,3.068,0.0,223154.1,302853.4
22,22,23,795,MD,55.36,55.34,70.0,513.3,1,513.3,1.621,70.0,49.0,2200.0,832.12,15.031,3.144,0.0,223543.2,304307.1
22,22,23,810,MD,55.06,55.0,70.0,514.2,1,514.2,1.621,70.0,49.0,2200.0,833.68,15.141,3.231,0.0,223093.7,304878.5
22,22,23,825,MD,54.59,54.66,65.82,513.2,1,513.2,1.621,70.0,49.0,2200.0,832.07,15.242,3.355,0.0,221350.4,273622.4
22,22,23,840,PM,54.32,53.86,60.59,516.1,1,516.1,1.621,70.0,49.0,2200.0,836.66,15.403,3.45,0.0,221845.3,245183.2
22,22,23,855,PM,52.66,52.35,55.36,518.5,1,518.5,1.621,70.0,49.0,2200.0,840.68,15.965,3.955,0.0,219011.1,225859.4
22,22,23,870,PM,50.08,49.57,50.14,517.4,1,517.4,1.621,70.0,49.0,2200.0,838.86,16.749,4.765,0.0,214425.6,214487.3
22,22,23,885,PM,45.98,46.94,47.9,509.2,1,509.2,1.621,70.0,49.0,2200.0,825.57,17.955,6.162,1.276,209295.5,209382.2
22,22,23,900,PM,44.75,44.22,44.97,504.0,1,504.0,1.621,70.0,49.0,2200.0,817.12,18.258,6.585,1.749,207756.7,207613.5
22,22,23,915,PM,41.93,41.37,41.26,491.8,1,491.8,1.621,70.0,49.0,2200.0,797.34,19.015,7.625,2.906,205984.7,207150.4
22,22,23,930,PM,37.43,37.18,37.68,470.7,1,470.7,1.621,70.0,49.0,2200.0,763.05,20.385,9.484,4.969,207347.5,206624.1
22,22,23,945,PM,32.18,33.09,34.66,451.1,1,451.1,1.621,70.0,49.0,2200.0,731.29,22.726,12.279,7.952,217977.9,207838.4
22,22,23,960,PM,29.67,29.32,32.34,436.5,1,436.5,1.621,70.0,49.0,2200.0,707.62,23.851,13.742,9.555,222709.3,210247.0
22,22,23,975,PM,26.1,26.01,30.71,420.5,1,420.5,1.621,70.0,49.0,2200.0,681.71,26.121,16.383,12.349,233795.6,209625.3
22,22,23,990,PM,22.27,22.84,29.74,400.2,1,400.2,1.621,70.0,49.0,2200.0,648.79,29.137,19.869,16.03,245996.3,203864.5
22,22,23,1005,PM,20.14,20.42,29.39,390.2,1,390.2,1.621,70.0,49.0,2200.0,632.68,31.413,22.374,18.631,254271.8,200406.0
22,22,23,1020,PM,18.86,19.39,29.64,378.9,1,378.9,1.621,70.0,49.0,2200.0,614.34,32.579,23.803,20.167,255898.3,193476.9
22,22,23,1035,PM,19.16,18.5,30.51,382.3,1,382.3,1.621,70.0,49.0,2200.0,619.75,32.346,23.493,19.825,255971.9,191424.1
22,22,23,1050,PM,17.5,18.28,32.02,372.3,1,372.3,1.621,70.0,49.0,2200.0,603.52,34.493,25.871,22.3,261206.7,180470.7
22,22,23,1065,PM,18.19,20.08,34.23,382.2,1,382.2,1.621,70.0,49.0,2200.0,619.7,34.07,25.217,21.55,263022.1,177489.5
22,22,23,1080,PM,24.56,24.28,37.15,428.6,1,428.6,1.621,70.0,49.0,2200.0,694.79,28.293,18.368,14.256,247888.5,189588.4
22,22,23,1095,PM,30.11,30.47,40.67,457.7,1,457.7,1.621,70.0,49.0,2200.0,742.09,24.647,14.046,9.655,231250.9,193870.0
22,22,23,1110,PM,36.75,36.62,44.43,480.4,1,480.4,1.621,70.0,49.0,2200.0,778.92,21.193,10.066,5.457,213807.1,198281.9
22,22,23,1125,PM,42.99,43.22,47.57,500.0,1,500.0,1.621,70.0,49.0,2200.0,810.59,18.853,7.273,2.477,207843.9,205478.9
22,22,23,1140,PM,49.92,49.33,49.91,526.0,1,526.0,1.621,70.0,49.0,2200.0,852.8,17.083,4.9,0.0,217803.3,217786.0
22,22,23,1155,PM,55.09,53.5,54.55,535.9,1,535.9,1.621,70.0,49.0,2200.0,868.86,15.772,3.36,0.0,232584.1,231031.5
22,22,23,1170,PM,55.49,55.66,59.82,525.5,1,525.5,1.621,70.0,49.0,2200.0,851.93,15.354,3.184,0.0,229254.2,245978.6
22,22,23,1185,PM,56.41,56.5,65.09,516.0,1,516.0,1.621,70.0,49.0,2200.0,836.49,14.828,2.878,0.0,228059.5,270300.4
22,22,23,1200,NT,57.59,57.66,70.0,510.9,1,510.9,1.621,70.0,49.0,2200.0,828.32,14.383,2.55,0.0,229985.8,302917.9
22,22,23,1215,NT,58.99,58.54,70.0,516.2,1,516.2,1.621,70.0,49.0,2200.0,836.92,14.188,2.232,0.0,237987.9,306061.3
22,22,23,1230,NT,59.04,59.27,70.0,514.6,1,514.6,1.621,70.0,49.0,2200.0,834.27,14.13,2.212,0.0,237458.1,305093.7
22,22,23,1245,NT,59.77,59.38,70.0,500.1,1,500.1,1.621,70.0,49.0,2200.0,810.83,13.565,1.982,0.0,233903.4,296519.7
22,22,23,1260,NT,59.31,59.98,70.0,505.6,1,505.6,1.621,70.0,49.0,2200.0,819.75,13.821,2.11,0.0,234472.0,299781.6
22,22,23,1275,NT,60.86,60.41,70.0,507.7,1,507.7,1.621,70.0,49.0,2200.0,823.15,13.526,1.767,0.0,242485.8,301026.8
22,22,23,1290,NT,61.07,61.16,70.0,505.7,1,505.7,1.621,70.0,49.0,2200.0,819.91,13.426,1.713,0.0,242554.3,299839.5
22,22,23,1305,NT,61.55,61.31,70.0,500.4,1,500.4,1.621,70.0,49.0,2200.0,811.34,13.182,1.591,0.0,242394.5,296707.8
23,23,24,300,AM,59.98,59.12,70.0,495.0,1,495.0,0.32,70.0,49.0,2200.0,158.25,2.638,0.378,0.0,45832.8,57871.3
23,23,24,315,AM,58.26,58.15,70.0,519.9,1,519.9,0.32,70.0,49.0,2200.0,166.2,2.853,0.478,0.0,46663.4,60779.7
23,23,24,330,AM,56.21,55.54,70.0,527.9,1,527.9,0.32,70.0,49.0,2200.0,168.78,3.003,0.591,0.0,45881.1,61722.7
23,23,24,345,AM,52.16,53.06,66.54,518.1,1,518.1,0.32,70.0,49.0,2200.0,165.64,3.176,0.809,0.0,42958.6,55438.2
23,23,24,360,AM,50.81,51.33,61.35,519.8,1,519.8,0.32,70.0,49.0,2200.0,166.18,3.271,0.897,0.0,42661.2,49448.0
23,23,24,375,AM,51.02,50.24,56.16,532.3,1,532.3,0.32,70.0,49.0,2200.0,170.17,3.336,0.905,0.0,43745.8,46228.0
23,23,24,390,AM,48.9,49.36,50.98,533.6,1,533.6,0.32,70.0,49.0,2200.0,170.59,3.488,1.051,0.042,43379.7,43842.5
23,23,24,405,AM,48.16,48.42,47.19,533.5,1,533.5,0.32,70.0,49.0,2200.0,170.55,3.541,1.105,0.096,43278.1,43218.4
23,23,24,420,AM,48.19,47.8,42.21,535.7,1,535.7,0.32,70.0,49.0,2200.0,171.27,3.554,1.107,0.094,43462.6,44152.1
23,23,24,435,AM,47.06,45.55,36.5,540.9,1,540.9,0.32,70.0,49.0,2200.0,172.93,3.675,1.205,0.181,43819.1,47657.5
23,23,24,450,AM,41.41,41.76,31.87,528.2,1,528.2,0.32,70.0,49.0,2200.0,168.87,4.078,1.665,0.666,43815.1,50658.5
23,23,24,465,AM,36.82,37.5,28.72,501.1,1,501.1,0.32,70.0,49.0,2200.0,160.2,4.351,2.063,1.115,43929.6,51541.3
23,23,24,480,AM,34.27,32.85,26.91,483.0,1,483.0,0.32,70.0,49.0,2200.0,154.4,4.505,2.3,1.386,44190.7,51884.2
23,23,24,495,AM,27.46,29.13,26.3,426.8,1,426.8,0.32,70.0,49.0,2200.0,136.44,4.968,3.019,2.212,45235.2,46556.1
23,23,24,510,AM,25.65,26.49,26.81,406.8,1,406.8,0.32,70.0,49.0,2200.0,130.06,5.071,3.213,2.443,45114.2,43817.1
23,23,24,525,AM,26.37,27.39,28.5,399.6,1,399.6,0.32,70.0,49.0,2200.0,127.77,4.845,3.019,2.263,43515.7,41319.3
23,23,24,540,AM,30.14,31.49,31.52,425.9,1,425.9,0.32,70.0,49.0,2200.0,136.15,4.517,2.572,1.766,42393.4,41137.6
23,23,24,555,AM,37.97,36.89,36.04,472.0,1,472.0,0.32,70.0,49.0,2200.0,150.89,3.974,1.819,0.926,40695.0,41884.7
23,23,24,570,AM,42.57,42.09,41.75,490.7,1,490.7,0.32,70.0,49.0,2200.0,156.87,3.685,1.444,0.516,40334.9,40582.9
23,23,24,585,AM,45.73,46.42,46.92,504.1,1,504.1,0.32,70.0,49.0,2200.0,161.16,3.525,1.222,0.269,40874.2,40835.2
23,23,24,600,MD,50.98,50.06,51.04,528.1,1,528.1,0.32,70.0,49.0,2200.0,168.83,3.312,0.9,0.0,43391.3,43408.9
23,23,24,615,MD,53.47,52.38,55.85,544.4,1,544.4,0.32,70.0,49.0,2200.0,174.04,3.255,0.768,0.0,45711.4,47070.0
23,23,24,630,MD,52.67,52.79,61.16,539.3,1,539.3,0.32,70.0,49.0,2200.0,172.41,3.273,0.81,0.0,44922.0,51098.2
23,23,24,645,MD,52.23,52.63,66.46,537.5,1,537.5,0.32,70.0,49.0,2200.0,171.84,3.29,0.835,0.0,44595.6,57402.4
23,23,24,660,MD,52.99,52.85,70.0,533.8,1,533.8,0.32,70.0,49.0,2200.0,170.66,3.221,0.783,0.0,44604.7,62412.0
23,23,24,675,MD,53.34,53.32,70.0,532.2,1,532.2,0.32,70.0,49.0,2200.0,170.15,3.19,0.759,0.0,44625.1,62223.2
23,23,24,690,MD,53.62,53.02,70.0,533.5,1,533.5,0.32,70.0,49.0,2200.0,170.55,3.181,0.744,0.0,44863.8,62369.0
23,23,24,705,MD,52.1,52.31,70.0,531.4,1,531.4,0.32,70.0,49.0,2200.0,169.87,3.26,0.834,0.0,44035.5,62123.0
23,23,24,720,MD,51.2,51.52,70.0,517.3,1,517.3,0.32,70.0,49.0,2200.0,165.38,3.23,0.868,0.0,42569.6,60480.9
23,23,24,735,MD,51.26,51.24,70.0,509.2,1,509.2,0.32,70.0,49.0,2200.0,162.78,3.176,0.85,0.0,41917.8,59529.1
23,23,24,750,MD,51.26,51.59,70.0,506.1,1,506.1,0.32,70.0,49.0,2200.0,161.78,3.156,0.845,0.0,41659.8,59163.7
23,23,24,765,MD,52.26,52.25,70.0,518.7,1,518.7,0.32,70.0,49.0,2200.0,165.83,3.173,0.804,0.0,43047.4,60644.7
23,23,24,780,MD,53.23,52.9,70.0,528.5,1,528.5,0.32,70.0,49.0,2200.0,168.97,3.175,0.761,0.0,44266.1,61792.5
23,23,24,795,MD,53.21,53.38,70.0,532.5,1,532.5,0.32,70.0,49.0,2200.0,170.23,3.199,0.767,0.0,44591.9,62254.4
23,23,24,810,MD,53.69,53.54,70.0,538.6,1,538.6,0.32,70.0,49.0,2200.0,172.18,3.207,0.747,0.0,45328.8,62967.0
23,23,24,825,MD,53.72,53.82,70.0,539.7,1,539.7,0.32,70.0,49.0,2200.0,172.52,3.212,0.747,0.0,45434.2,63092.1
23,23,24,840,PM,54.05,52.81,66.2,541.1,1,541.1,0.32,70.0,49.0,2200.0,173.0,3.201,0.729,0.0,45726.5,57425.9
23,23,24,855,PM,50.67,51.46,61.03,541.9,1,541.9,0.32,70.0,49.0,2200.0,173.25,3.419,0.944,0.0,44435.3,51212.7
23,23,24,870,PM,49.68,49.93,55.85,537.3,1,537.3,0.32,70.0,49.0,2200.0,171.77,3.458,1.004,0.0,43817.0,46456.8
23,23,24,885,PM,49.43,49.44,50.68,538.5,1,538.5,0.32,70.0,49.0,2200.0,172.17,3.483,1.023,0.004,43871.1,44161.6
23,23,24,900,PM,49.19,48.09,48.2,541.9,1,541.9,0.32,70.0,49.0,2200.0,173.24,3.522,1.047,0.022,44100.1,43964.2
23,23,24,915,PM,45.65,45.82,45.55,534.1,1,534.1,0.32,70.0,49.0,2200.0,170.75,3.74,1.301,0.291,43311.4,43320.4
23,23,24,930,PM,42.61,44.15,41.99,518.7,1,518.7,0.32,70.0,49.0,2200.0,165.83,3.892,1.523,0.541,42627.8,42822.3
23,23,24,945,PM,44.18,43.05,38.36,517.3,1,517.3,0.32,70.0,49.0,2200.0,165.38,3.744,1.381,0.402,42143.2,44369.3
23,23,24,960,PM,42.36,42.25,35.15,521.7,1,521.7,0.32,70.0,49.0,2200.0,166.78,3.937,1.555,0.568,42947.0,46994.8
23,23,24,975,PM,40.23,41.5,32.53,507.4,1,507.4,0.32,70.0,49.0,2200.0,162.22,4.033,1.715,0.755,42569.9,48008.9
23,23,24,990,PM,41.91,41.19,30.54,504.9,1,504.9,0.32,70.0,49.0,2200.0,161.4,3.851,1.545,0.59,41702.5,49818.0
23,23,24,1005,PM,41.44,41.73,29.14,503.8,1,503.8,0.32,70.0,49.0,2200.0,161.07,3.887,1.586,0.633,41781.1,51315.1
23,23,24,1020,PM,41.83,41.32,28.28,508.9,1,508.9,0.32,70.0,49.0,2200.0,162.7,3.89,1.565,0.603,42065.8,52885.2
23,23,24,1035,PM,40.68,40.19,27.94,518.5,1,518.5,0.32,70.0,49.0,2200.0,165.75,4.074,1.706,0.726,43295.5,54318.8
23,23,24,1050,PM,38.06,39.34,28.1,500.8,1,500.8,0.32,70.0,49.0,2200.0,160.09,4.206,1.919,0.972,43122.3,52265.0
23,23,24,1065,PM,39.27,39.92,28.76,501.6,1,501.6,0.32,70.0,49.0,2200.0,160.37,4.083,1.792,0.843,42535.3,51540.7
23,23,24,1080,PM,42.44,41.38,29.96,510.0,1,510.0,0.32,70.0,49.0,2200.0,163.03,3.841,1.512,0.548,41957.5,50972.6
23,23,24,1095,PM,42.43,42.71,31.73,512.7,1,512.7,0.32,70.0,49.0,2200.0,163.91,3.863,1.522,0.552,42187.5,49310.3
23,23,24,1110,PM,43.27,42.58,34.12,518.8,1,518.8,0.32,70.0,49.0,2200.0,165.86,3.833,1.464,0.482,42459.7,47601.3
23,23,24,1125,PM,42.04,42.4,37.13,513.0,1,513.0,0.32,70.0,49.0,2200.0,164.02,3.902,1.559,0.588,42337.6,44764.9
23,23,24,1140,PM,41.89,41.89,40.66,513.5,1,513.5,0.32,70.0,49.0,2200.0,164.17,3.919,1.574,0.603,42427.8,42895.0
23,23,24,1155,PM,41.76,43.18,44.34,508.5,1,508.5,0.32,70.0,49.0,2200.0,162.57,3.893,1.571,0.609,42057.9,41398.3
23,23,24,1170,PM,45.9,45.48,47.41,521.1,1,521.1,0.32,70.0,49.0,2200.0,166.59,3.63,1.25,0.264,42239.4,42223.3
23,23,24,1185,PM,48.8,48.9,49.66,529.8,1,529.8,0.32,70.0,49.0,2200.0,169.37,3.471,1.051,0.049,43054.8,43203.0
23,23,24,1200,NT,52.0,51.46,54.09,532.9,1,532.9,0.32,70.0,49.0,2200.0,170.35,3.276,0.842,0.0,44121.6,45050.2
23,23,24,1215,NT,53.57,53.2,59.39,539.4,1,539.4,0.32,70.0,49.0,2200.0,172.43,3.219,0.755,0.0,45339.1,49394.8
23,23,24,1230,NT,54.01,54.02,64.7,540.5,1,540.5,0.32,70.0,49.0,2200.0,172.81,3.199,0.731,0.0,45659.4,55334.2
23,23,24,1245,NT,54.46,54.5,70.0,542.4,1,542.4,0.32,70.0,49.0,2200.0,173.4,3.184,0.707,0.0,46056.2,63412.2
23,23,24,1260,NT,55.02,54.82,70.0,540.5,1,540.5,0.32,70.0,49.0,2200.0,172.8,3.141,0.672,0.0,46218.7,63194.0
23,23,24,1275,NT,54.98,55.07,70.0,539.7,1,539.7,0.32,70.0,49.0,2200.0,172.54,3.139,0.674,0.0,46121.1,63099.0
23,23,24,1290,NT,55.21,55.07,70.0,539.6,1,539.6,0.32,70.0,49.0,2200.0,172.52,3.125,0.66,0.0,46255.3,63091.3
23,23,24,1305,NT,55.03,55.12,70.0,539.9,1,539.9,0.32,70.0,49.0,2200.0,172.59,3.136,0.67,0.0,46168.6,63116.0
