link_id,tmc_id,time_of_day,speed_mph,flow_vehph,period,flow_speed_only_vehph,flow_ref_vehph,flow_ref_source,flow_observed_vehph,volume_anchor_factor,lambda_ref_vehph,lambda_ref_source,mu_ref_vehph,queue_start_veh,queue_end_veh,realized_departure_vehph,cumulative_arrivals_veh,cumulative_departures_veh,waiting_time_min,travel_time_min,net_flow_ref_vehph,dt_minutes,initial_queue_veh
SYN_I405_001,SYN_TMC_001,00:00,64.97512449335028,324.26393639109614,NT1,324.2657557892147,324.2619551072168,speed_to_volume:s3+period_volume_anchor,324.26393639109614,0.9999882791138748,324.2619551072168,speed_to_volume_proxy,798.3321075046998,0.0,0.0,324.2619551072168,27.021829592268066,27.021829592268066,0.0,0.9230769230769231,-474.070152397483,5,0.0
SYN_I405_001,SYN_TMC_001,00:05,64.97507103064291,324.4378673573423,NT1,324.4396485563697,324.43584583619446,speed_to_volume:s3+period_volume_anchor,324.4378673573423,0.9999882791138748,324.43584583619446,speed_to_volume_proxy,798.3321075046998,0.0,0.0,324.43584583619446,54.0581500786176,54.0581500786176,0.0,0.9230769230769231,-473.89626166850536,5,0.0
SYN_I405_001,SYN_TMC_001,00:10,64.9748993636152,324.98191822744485,NT1,324.9961257492863,324.99231650670527,speed_to_volume:s3+period_volume_anchor,324.98191822744485,0.9999882791138748,324.99231650670527,speed_to_volume_proxy,798.3321075046998,0.0,0.0,324.99231650670527,81.14084312084304,81.14084312084304,0.0,0.9230769230769231,-473.33979099799456,5,0.0
SYN_I405_001,SYN_TMC_001,00:15,64.97494315211563,324.84698600959365,NT1,324.85445283368944,324.8506452516405,speed_to_volume:s3+period_volume_anchor,324.84698600959365,0.9999882791138748,324.8506452516405,speed_to_volume_proxy,798.3321075046998,0.0,0.0,324.8506452516405,108.21173022514643,108.21173022514643,0.0,0.9230769230769231,-473.4814622530593,5,0.0
SYN_I405_001,SYN_TMC_001,00:20,64.97479172167851,325.3223878961782,NT1,325.34360216074305,325.3397888454306,speed_to_volume:s3+period_volume_anchor,325.3223878961782,0.9999882791138748,325.3397888454306,speed_to_volume_proxy,798.3321075046998,0.0,0.0,325.3397888454306,135.32337929559898,135.32337929559898,0.0,0.9230769230769231,-472.99231865926924,5,0.0
SYN_I405_001,SYN_TMC_001,00:25,64.97487871348964,325.05062434966965,NT1,325.06287257426743,325.05906254935445,speed_to_volume:s3+period_volume_anchor,325.05062434966965,0.9999882791138748,325.05906254935445,speed_to_volume_proxy,798.3321075046998,0.0,0.0,325.05906254935445,162.41163450804518,162.41163450804518,0.0,0.9230769230769231,-473.27304495534537,5,0.0
SYN_I405_001,SYN_TMC_001,00:30,64.97471297840853,325.5937068626581,NT1,325.5970863305888,325.5932700442172,speed_to_volume:s3+period_volume_anchor,325.5937068626581,0.9999882791138748,325.5932700442172,speed_to_volume_proxy,798.3321075046998,0.0,0.0,325.5932700442172,189.54440701172996,189.54440701172996,0.0,0.9230769230769231,-472.7388374604826,5,0.0
SYN_I405_001,SYN_TMC_001,00:35,64.97480646484946,325.29385858099624,NT1,325.2960760219518,325.2922632636878,speed_to_volume:s3+period_volume_anchor,325.29385858099624,0.9999882791138748,325.2922632636878,speed_to_volume_proxy,798.3321075046998,0.0,0.0,325.2922632636878,216.65209561703728,216.65209561703728,0.0,0.9230769230769231,-473.039844241012,5,0.0
SYN_I405_001,SYN_TMC_001,00:40,64.97481181270095,325.275538077726,NT1,325.27883150587337,325.27501894973034,speed_to_volume:s3+period_volume_anchor,325.275538077726,0.9999882791138748,325.27501894973034,speed_to_volume_proxy,798.3321075046998,0.0,0.0,325.27501894973034,243.75834719618146,243.75834719618146,0.0,0.9230769230769231,-473.0570885549695,5,0.0
SYN_I405_001,SYN_TMC_001,00:45,64.97501205419945,324.62493979000163,NT1,324.6311506900377,324.6273457252878,speed_to_volume:s3+period_volume_anchor,324.62493979000163,0.9999882791138748,324.6273457252878,speed_to_volume_proxy,798.3321075046998,0.0,0.0,324.6273457252878,270.8106260066221,270.8106260066221,0.0,0.9230769230769231,-473.704761779412,5,0.0
SYN_I405_001,SYN_TMC_001,00:50,64.97494467875693,324.8468787993393,NT1,324.8495101989756,324.8457026748587,speed_to_volume:s3+period_volume_anchor,324.8468787993393,0.9999882791138748,324.8457026748587,speed_to_volume_proxy,798.3321075046998,0.0,0.0,324.8457026748587,297.881101229527,297.881101229527,0.0,0.9230769230769231,-473.4864048298411,5,0.0
SYN_I405_001,SYN_TMC_001,00:55,64.9750444870636,324.522466749797,NT1,324.5258801510823,324.52207642019636,speed_to_volume:s3+period_volume_anchor,324.522466749797,0.9999882791138748,324.52207642019636,speed_to_volume_proxy,798.3321075046998,0.0,0.0,324.52207642019636,324.92460759787673,324.92460759787673,0.0,0.9230769230769231,-473.81003108450346,5,0.0
SYN_I405_001,SYN_TMC_001,01:00,64.97480864716394,325.2769745559525,NT1,325.28903933046513,325.28522665467733,speed_to_volume:s3+period_volume_anchor,325.2769745559525,0.9999882791138748,325.28522665467733,speed_to_volume_proxy,798.3321075046998,0.0,0.0,325.28522665467733,352.03170981909983,352.03170981909983,0.0,0.9230769230769231,-473.0468808500225,5,0.0
SYN_I405_001,SYN_TMC_001,01:05,64.97484175109739,325.16842010025056,NT1,325.1822422605438,325.1784308365123,speed_to_volume:s3+period_volume_anchor,325.16842010025056,0.9999882791138748,325.1784308365123,speed_to_volume_proxy,798.3321075046998,0.0,0.0,325.1784308365123,379.1299123888092,379.1299123888092,0.0,0.9230769230769231,-473.15367666818753,5,0.0
SYN_I405_001,SYN_TMC_001,01:10,64.97471383229833,325.5937111634976,NT1,325.5943407371094,325.5905244829186,speed_to_volume:s3+period_volume_anchor,325.5937111634976,0.9999882791138748,325.5905244829186,speed_to_volume_proxy,798.3321075046998,0.0,0.0,325.5905244829186,406.2624560957191,406.2624560957191,0.0,0.9230769230769231,-472.7415830217812,5,0.0
SYN_I405_001,SYN_TMC_001,01:15,64.9749719924929,324.75890038078944,NT1,324.7610413404701,324.75723485328666,speed_to_volume:s3+period_volume_anchor,324.75890038078944,0.9999882791138748,324.75723485328666,speed_to_volume_proxy,798.3321075046998,0.0,0.0,324.75723485328666,433.3255590001596,433.3255590001596,0.0,0.9230769230769231,-473.57487265141316,5,0.0
SYN_I405_001,SYN_TMC_001,01:20,64.97522508817066,323.9351823519061,NT1,323.9377987307464,323.93400189269585,speed_to_volume:s3+period_volume_anchor,323.9351823519061,0.9999882791138748,323.93400189269585,speed_to_volume_proxy,798.3321075046998,0.0,0.0,323.93400189269585,460.32005915788426,460.32005915788426,0.0,0.9230769230769231,-474.398105612004,5,0.0
SYN_I405_001,SYN_TMC_001,01:25,64.97460256774424,325.942252149029,NT1,325.9515151539855,325.947694713394,speed_to_volume:s3+period_volume_anchor,325.942252149029,0.9999882791138748,325.947694713394,speed_to_volume_proxy,798.3321075046998,0.0,0.0,325.947694713394,487.4823670506671,487.4823670506671,0.0,0.9230769230769231,-472.3844127913058,5,0.0
SYN_I405_001,SYN_TMC_001,01:30,64.97510441556429,324.3214929248714,NT1,324.3310936655163,324.3272922177006,speed_to_volume:s3+period_volume_anchor,324.3214929248714,0.9999882791138748,324.3272922177006,speed_to_volume_proxy,798.3321075046998,0.0,0.0,324.3272922177006,514.5096414021422,514.5096414021422,0.0,0.9230769230769231,-474.00481528699925,5,0.0
SYN_I405_001,SYN_TMC_001,01:35,64.97491072822625,324.95335444981373,NT1,324.9593746378162,324.95556582599073,speed_to_volume:s3+period_volume_anchor,324.95335444981373,0.9999882791138748,324.95556582599073,speed_to_volume_proxy,798.3321075046998,0.0,0.0,324.95556582599073,541.5892718876414,541.5892718876414,0.0,0.9230769230769231,-473.3765416787091,5,0.0
SYN_I405_001,SYN_TMC_001,01:40,64.97512681964467,324.2509984009926,NT1,324.25818291558613,324.254382322349,speed_to_volume:s3+period_volume_anchor,324.2509984009926,0.9999882791138748,324.254382322349,speed_to_volume_proxy,798.3321075046998,0.0,0.0,324.254382322349,568.6104704145039,568.6104704145039,0.0,0.9230769230769231,-474.07772518235083,5,0.0
SYN_I405_001,SYN_TMC_001,01:45,64.97505187456626,324.49903528931907,NT1,324.5018874399067,324.4980839902366,speed_to_volume:s3+period_volume_anchor,324.49903528931907,0.9999882791138748,324.4980839902366,speed_to_volume_proxy,798.3321075046998,0.0,0.0,324.4980839902366,595.6519774136902,595.6519774136902,0.0,0.9230769230769231,-473.83402351446324,5,0.0
SYN_I405_001,SYN_TMC_001,01:50,64.97525657559943,323.8284817376999,NT1,323.83493859975675,323.83114296731804,speed_to_volume:s3+period_volume_anchor,323.8284817376999,0.9999882791138748,323.83114296731804,speed_to_volume_proxy,798.3321075046998,0.0,0.0,323.83114296731804,622.6379059943001,622.6379059943001,0.0,0.9230769230769231,-474.5009645373818,5,0.0
SYN_I405_001,SYN_TMC_001,01:55,64.97500483683407,324.64824620199937,NT1,324.65456284258283,324.6507576034217,speed_to_volume:s3+period_volume_anchor,324.64824620199937,0.9999882791138748,324.6507576034217,speed_to_volume_proxy,798.3321075046998,0.0,0.0,324.6507576034217,649.6921357945853,649.6921357945853,0.0,0.9230769230769231,-473.6813499012781,5,0.0
SYN_I405_001,SYN_TMC_001,02:00,64.97498630056516,324.7026469592407,NT1,324.7146687232527,324.7108627795974,speed_to_volume:s3+period_volume_anchor,324.7026469592407,0.9999882791138748,324.7108627795974,speed_to_volume_proxy,798.3321075046998,0.0,0.0,324.7108627795974,676.7513743595517,676.7513743595517,0.0,0.9230769230769231,-473.62124472510243,5,0.0
SYN_I405_001,SYN_TMC_001,02:05,64.97512320709474,324.26031845387735,NT1,324.26994275696063,324.26614202588775,speed_to_volume:s3+period_volume_anchor,324.26031845387735,0.9999882791138748,324.26614202588775,speed_to_volume_proxy,798.3321075046998,0.0,0.0,324.26614202588775,703.773552861709,703.773552861709,0.0,0.9230769230769231,-474.0659654788121,5,0.0
SYN_I405_001,SYN_TMC_001,02:10,64.97525839121153,323.8195798050281,NT1,323.8290045341779,323.8252089712917,speed_to_volume:s3+period_volume_anchor,323.8195798050281,0.9999882791138748,323.8252089712917,speed_to_volume_proxy,798.3321075046998,0.0,0.0,323.8252089712917,730.75898694265,730.75898694265,0.0,0.9230769230769231,-474.5068985334081,5,0.0
SYN_I405_001,SYN_TMC_001,02:15,64.97503910202065,324.5410089209483,NT1,324.5433660262011,324.5395620903652,speed_to_volume:s3+period_volume_anchor,324.5410089209483,0.9999882791138748,324.5395620903652,speed_to_volume_proxy,798.3321075046998,0.0,0.0,324.5395620903652,757.8039504501804,757.8039504501804,0.0,0.9230769230769231,-473.7925454143346,5,0.0
SYN_I405_001,SYN_TMC_001,02:20,64.97530535865192,323.66983275235214,NT1,323.67538446343696,323.6715907011141,speed_to_volume:s3+period_volume_anchor,323.66983275235214,0.9999882791138748,323.6715907011141,speed_to_volume_proxy,798.3321075046998,0.0,0.0,323.6715907011141,784.7765830086066,784.7765830086066,0.0,0.9230769230769231,-474.6605168035857,5,0.0
SYN_I405_001,SYN_TMC_001,02:25,64.97497512970074,324.7484055105262,NT1,324.7508753204326,324.74706895240394,speed_to_volume:s3+period_volume_anchor,324.7484055105262,0.9999882791138748,324.74706895240394,speed_to_volume_proxy,798.3321075046998,0.0,0.0,324.74706895240394,811.8388387546403,811.8388387546403,0.0,0.9230769230769231,-473.5850385522959,5,0.0
SYN_I405_001,SYN_TMC_001,02:30,64.9753320563087,323.5863589281057,NT1,323.5879645141528,323.58417177646925,speed_to_volume:s3+period_volume_anchor,323.5863589281057,0.9999882791138748,323.58417177646925,speed_to_volume_proxy,798.3321075046998,0.0,0.0,323.58417177646925,838.8041864026794,838.8041864026794,0.0,0.9230769230769231,-474.7479357282306,5,0.0
SYN_I405_001,SYN_TMC_001,02:35,64.9750006622156,324.66530468346434,NT1,324.66810241994784,324.66429702209086,speed_to_volume:s3+period_volume_anchor,324.66530468346434,0.9999882791138748,324.66429702209086,speed_to_volume_proxy,798.3321075046998,0.0,0.0,324.66429702209086,865.8595444878537,865.8595444878537,0.0,0.9230769230769231,-473.66781048260896,5,0.0
SYN_I405_001,SYN_TMC_001,02:40,64.97526675831348,323.79131417630487,NT1,323.8016536440452,323.79785840173565,speed_to_volume:s3+period_volume_anchor,323.79131417630487,0.9999882791138748,323.79785840173565,speed_to_volume_proxy,798.3321075046998,0.0,0.0,323.79785840173565,892.842699354665,892.842699354665,0.0,0.9230769230769231,-474.53424910296417,5,0.0
SYN_I405_001,SYN_TMC_001,02:45,64.97527370716462,323.77210405456174,NT1,323.77893353556897,323.77513855955925,speed_to_volume:s3+period_volume_anchor,323.77210405456174,0.9999882791138748,323.77513855955925,speed_to_volume_proxy,798.3321075046998,0.0,0.0,323.77513855955925,919.823960901295,919.823960901295,0.0,0.9230769230769231,-474.55696894514057,5,0.0
SYN_I405_001,SYN_TMC_001,02:50,64.97456509603646,326.068717456566,NT1,326.0715398894165,326.0677180420288,speed_to_volume:s3+period_volume_anchor,326.068717456566,0.9999882791138748,326.0677180420288,speed_to_volume_proxy,798.3321075046998,0.0,0.0,326.0677180420288,946.9962707381308,946.9962707381308,0.0,0.9230769230769231,-472.26438946267103,5,0.0
SYN_I405_001,SYN_TMC_001,02:55,64.97517870966809,324.08713909591387,NT1,324.08912493709244,324.08532632536463,speed_to_volume:s3+period_volume_anchor,324.08713909591387,0.9999882791138748,324.08532632536463,speed_to_volume_proxy,798.3321075046998,0.0,0.0,324.08532632536463,974.0033812652445,974.0033812652445,0.0,0.9230769230769231,-474.2467811793352,5,0.0
SYN_I405_001,SYN_TMC_001,03:00,64.9749686701255,324.76777183597096,NT1,324.7718063205514,324.7679997071928,speed_to_volume:s3+period_volume_anchor,324.76777183597096,0.9999882791138748,324.7679997071928,speed_to_volume_proxy,798.3321075046998,0.0,0.0,324.7679997071928,1001.0673812408438,1001.0673812408438,0.0,0.9230769230769231,-473.564107797507,5,0.0
SYN_I405_001,SYN_TMC_001,03:05,64.97452673332005,326.18709985475925,NT1,326.19428108733393,326.19045780131063,speed_to_volume:s3+period_volume_anchor,326.18709985475925,0.9999882791138748,326.19045780131063,speed_to_volume_proxy,798.3321075046998,0.0,0.0,326.19045780131063,1028.249919390953,1028.249919390953,0.0,0.9230769230769231,-472.1416497033892,5,0.0
SYN_I405_001,SYN_TMC_001,03:10,64.97458689160052,325.99409934365616,NT1,326.0017432084526,325.9979221791438,speed_to_volume:s3+period_volume_anchor,325.99409934365616,0.9999882791138748,325.9979221791438,speed_to_volume_proxy,798.3321075046998,0.0,0.0,325.9979221791438,1055.4164129058815,1055.4164129058815,0.0,0.9230769230769231,-472.334185325556,5,0.0
SYN_I405_001,SYN_TMC_001,03:15,64.97516559287362,324.1150430202898,NT1,324.13188457458136,324.1280854616727,speed_to_volume:s3+period_volume_anchor,324.1150430202898,0.9999882791138748,324.1280854616727,speed_to_volume_proxy,798.3321075046998,0.0,0.0,324.1280854616727,1082.4270866943543,1082.4270866943543,0.0,0.9230769230769231,-474.2040220430271,5,0.0
SYN_I405_001,SYN_TMC_001,03:20,64.97474995406382,325.47737237686954,NT1,325.47813113942186,325.4743162473105,speed_to_volume:s3+period_volume_anchor,325.47737237686954,0.9999882791138748,325.4743162473105,speed_to_volume_proxy,798.3321075046998,0.0,0.0,325.4743162473105,1109.5499463816302,1109.5499463816302,0.0,0.9230769230769231,-472.8577912573893,5,0.0
SYN_I405_001,SYN_TMC_001,03:25,64.97440336899066,326.583576295244,NT1,326.5880455256267,326.5842176243352,speed_to_volume:s3+period_volume_anchor,326.583576295244,0.9999882791138748,326.5842176243352,speed_to_volume_proxy,798.3321075046998,0.0,0.0,326.5842176243352,1136.7652978503247,1136.7652978503247,0.0,0.9230769230769231,-471.7478898803646,5,0.0
SYN_I405_001,SYN_TMC_001,03:30,64.9746686198647,325.7329669261975,NT1,325.73962092354435,325.73580296654103,speed_to_volume:s3+period_volume_anchor,325.7329669261975,0.9999882791138748,325.73580296654103,speed_to_volume_proxy,798.3321075046998,0.0,0.0,325.73580296654103,1163.9099480975365,1163.9099480975365,0.0,0.9230769230769231,-472.5963045381588,5,0.0
SYN_I405_001,SYN_TMC_001,03:35,64.97420494680641,327.2129356543368,NT1,327.218406186347,327.21457089667,speed_to_volume:s3+period_volume_anchor,327.2129356543368,0.9999882791138748,327.21457089667,speed_to_volume_proxy,798.3321075046998,0.0,0.0,327.21457089667,1191.1778290055922,1191.1778290055922,0.0,0.9230769230769231,-471.1175366080298,5,0.0
SYN_I405_001,SYN_TMC_001,03:40,64.97437787540267,326.65284673059165,NT1,326.66924026971765,326.66541141675185,speed_to_volume:s3+period_volume_anchor,326.65284673059165,0.9999882791138748,326.66541141675185,speed_to_volume_proxy,798.3321075046998,0.0,0.0,326.66541141675185,1218.3999466236548,1218.3999466236548,0.0,0.9230769230769231,-471.66669608794797,5,0.0
SYN_I405_001,SYN_TMC_001,03:45,64.97439978448291,326.592076269718,NT1,326.5994655233302,326.59563748818624,speed_to_volume:s3+period_volume_anchor,326.592076269718,0.9999882791138748,326.59563748818624,speed_to_volume_proxy,798.3321075046998,0.0,0.0,326.59563748818624,1245.6162497476703,1245.6162497476703,0.0,0.9230769230769231,-471.7364700165136,5,0.0
SYN_I405_001,SYN_TMC_001,03:50,64.97425206460646,327.06496881546127,NT1,327.0690498744358,327.06521633534715,speed_to_volume:s3+period_volume_anchor,327.06496881546127,0.9999882791138748,327.06521633534715,speed_to_volume_proxy,798.3321075046998,0.0,0.0,327.06521633534715,1272.8716844422825,1272.8716844422825,0.0,0.9230769230769231,-471.2668911693527,5,0.0
SYN_I405_001,SYN_TMC_001,03:55,64.97377114473174,328.5769511873003,NT1,328.58395501596726,328.58010372084794,speed_to_volume:s3+period_volume_anchor,328.5769511873003,0.9999882791138748,328.58010372084794,speed_to_volume_proxy,798.3321075046998,0.0,0.0,328.58010372084794,1300.2533597523532,1300.2533597523532,0.0,0.9230769230769231,-469.7520037838519,5,0.0
SYN_I405_001,SYN_TMC_001,04:00,64.97378809817883,328.523036492929,NT1,328.53090766981285,328.5270569964554,speed_to_volume:s3+period_volume_anchor,328.523036492929,0.9999882791138748,328.5270569964554,speed_to_volume_proxy,798.3321075046998,0.0,0.0,328.5270569964554,1327.6306145020578,1327.6306145020578,0.0,0.9230769230769231,-469.8050505082444,5,0.0
SYN_I405_001,SYN_TMC_001,04:05,64.9732089891368,330.3178368194678,NT1,330.32853229268216,330.32466054957126,speed_to_volume:s3+period_volume_anchor,330.3178368194678,0.9999882791138748,330.32466054957126,speed_to_volume_proxy,798.3321075046998,0.0,0.0,330.32466054957126,1355.1576695478554,1355.1576695478554,0.0,0.9230769230769231,-468.00744695512856,5,0.0
SYN_I405_001,SYN_TMC_001,04:10,64.97248157760546,332.54412046017427,NT1,332.5456087500993,332.5417110208877,speed_to_volume:s3+period_volume_anchor,332.54412046017427,0.9999882791138748,332.5417110208877,speed_to_volume_proxy,798.3321075046998,0.0,0.0,332.5417110208877,1382.869478799596,1382.869478799596,0.0,0.9230769230769231,-465.7903964838121,5,0.0
SYN_I405_001,SYN_TMC_001,04:15,64.97177959221014,334.6297204145245,NT1,334.64382959495373,334.63990727273455,speed_to_volume:s3+period_volume_anchor,334.6297204145245,0.9999882791138748,334.63990727273455,speed_to_volume_proxy,798.3321075046998,0.0,0.0,334.63990727273455,1410.7561377389904,1410.7561377389904,0.0,0.9230769230769231,-463.6922002319653,5,0.0
SYN_I405_001,SYN_TMC_001,04:20,64.97138573189535,335.80043150672014,NT1,335.80394929971936,335.8000133798692,speed_to_volume:s3+period_volume_anchor,335.80043150672014,0.9999882791138748,335.8000133798692,speed_to_volume_proxy,798.3321075046998,0.0,0.0,335.8000133798692,1438.739472187313,1438.739472187313,0.0,0.9230769230769231,-462.5320941248306,5,0.0
SYN_I405_001,SYN_TMC_001,04:25,64.97000692889303,339.7727959657276,NT1,339.77303132045716,339.76904887944863,speed_to_volume:s3+period_volume_anchor,339.7727959657276,0.9999882791138748,339.76904887944863,speed_to_volume_proxy,798.3321075046998,0.0,0.0,339.76904887944863,1467.0535595939336,1467.0535595939336,0.0,0.9230769230769231,-458.5630586252512,5,0.0
SYN_I405_001,SYN_TMC_001,04:30,64.96845919180357,344.0630241658436,NT1,344.06832465122704,344.0642918655745,speed_to_volume:s3+period_volume_anchor,344.0630241658436,0.9999882791138748,344.0642918655745,speed_to_volume_proxy,798.3321075046998,0.0,0.0,344.0642918655745,1495.7255839160648,1495.7255839160648,0.0,0.9230769230769231,-454.26781563912533,5,0.0
SYN_I405_001,SYN_TMC_001,04:35,64.96668458659461,348.78786032864866,NT1,348.80254341309313,348.7984551382016,speed_to_volume:s3+period_volume_anchor,348.78786032864866,0.9999882791138748,348.7984551382016,speed_to_volume_proxy,798.3321075046998,0.0,0.0,348.7984551382016,1524.7921218442482,1524.7921218442482,0.0,0.9230769230769231,-449.53365236649825,5,0.0
SYN_I405_001,SYN_TMC_001,04:40,64.96417302841355,355.18990288319844,NT1,355.1889689589516,355.1848058294935,speed_to_volume:s3+period_volume_anchor,355.18990288319844,0.9999882791138748,355.1848058294935,speed_to_volume_proxy,798.3321075046998,0.0,0.0,355.1848058294935,1554.3908556633726,1554.3908556633726,0.0,0.9230769230769231,-443.14730167520634,5,0.0
SYN_I405_001,SYN_TMC_001,04:45,64.96097318988504,362.8497438163351,NT1,362.85521629209217,362.8509633074221,speed_to_volume:s3+period_volume_anchor,362.8497438163351,0.9999882791138748,362.8509633074221,speed_to_volume_proxy,798.3321075046998,0.0,0.0,362.8509633074221,1584.628435938991,1584.628435938991,0.0,0.9230769230769231,-435.48114419727773,5,0.0
SYN_I405_001,SYN_TMC_001,04:50,64.95699609183364,371.7502691358929,NT1,371.7508638614785,371.7465066119362,speed_to_volume:s3+period_volume_anchor,371.7502691358929,0.9999882791138748,371.7465066119362,speed_to_volume_proxy,798.3321075046998,0.0,0.0,371.7465066119362,1615.6073114899857,1615.6073114899857,0.0,0.9230769230769231,-426.58560089276364,5,0.0
SYN_I405_001,SYN_TMC_001,04:55,64.95169309262558,382.6954436882793,NT1,382.6961735386675,382.6916880003969,speed_to_volume:s3+period_volume_anchor,382.6954436882793,0.9999882791138748,382.6916880003969,speed_to_volume_proxy,798.3321075046998,0.0,0.0,382.6916880003969,1647.4982854900188,1647.4982854900188,0.0,0.9230769230769231,-415.64041950430294,5,0.0
SYN_I405_001,SYN_TMC_001,05:00,64.9439639627054,397.1394498603453,NT1,397.13233394606743,397.1276792032046,speed_to_volume:s3+period_volume_anchor,397.1394498603453,0.9999882791138748,397.1276792032046,speed_to_volume_proxy,798.3321075046998,0.0,0.0,397.1276792032046,1680.5922587569526,1680.5922587569526,0.0,0.9230769230769231,-401.2044283014952,5,0.0
SYN_I405_001,SYN_TMC_001,05:05,64.93525791884733,411.7035358824029,NT1,411.6970697100003,411.6922442555281,speed_to_volume:s3+period_volume_anchor,411.7035358824029,0.9999882791138748,411.6922442555281,speed_to_volume_proxy,798.3321075046998,0.0,0.0,411.6922442555281,1714.8999457782465,1714.8999457782465,0.0,0.9230769230769231,-386.6398632491717,5,0.0
SYN_I405_001,SYN_TMC_001,05:10,64.92191258926185,431.3938966475651,NT1,431.3895892640219,431.3845329957705,speed_to_volume:s3+period_volume_anchor,431.3938966475651,0.9999882791138748,431.3845329957705,speed_to_volume_proxy,798.3321075046998,0.0,0.0,431.3845329957705,1750.8486568612275,1750.8486568612275,0.0,0.9230769230769231,-366.94757450892934,5,0.0
SYN_I405_001,SYN_TMC_001,05:15,64.90496501185217,453.0188072019121,NT1,453.0266023904005,453.0212925171822,speed_to_volume:s3+period_volume_anchor,453.0188072019121,0.9999882791138748,453.0212925171822,speed_to_volume_proxy,798.3321075046998,0.0,0.0,453.0212925171822,1788.6004312376592,1788.6004312376592,0.0,0.9230769230769231,-345.31081498751763,5,0.0
SYN_I405_001,SYN_TMC_001,05:20,64.88010171894555,480.017660069006,NT1,480.0113290807603,480.0057029226333,speed_to_volume:s3+period_volume_anchor,480.017660069006,0.9999882791138748,480.0057029226333,speed_to_volume_proxy,798.3321075046998,0.0,0.0,480.00570292263325,1828.600906481212,1828.600906481212,0.0,0.9230769230769231,-318.3264045820665,5,0.0
SYN_I405_001,SYN_TMC_001,05:25,64.8481300089009,509.0827056406656,NT1,509.075395855947,509.069429041203,speed_to_volume:s3+period_volume_anchor,509.0827056406656,0.9999882791138748,509.069429041203,speed_to_volume_proxy,798.3321075046998,0.0,0.0,509.069429041203,1871.0233589013121,1871.0233589013121,0.0,0.9230769230769231,-289.2626784634968,5,0.0
SYN_I405_001,SYN_TMC_001,05:30,64.79835582199553,546.2056620805657,NT1,546.2003500488318,546.1939480967272,speed_to_volume:s3+period_volume_anchor,546.2056620805657,0.9999882791138748,546.1939480967272,speed_to_volume_proxy,798.3321075046998,0.0,0.0,546.1939480967272,1916.539521242706,1916.539521242706,0.0,0.9230769230769231,-252.13815940797258,5,0.0
SYN_I405_001,SYN_TMC_001,05:35,64.73436941581787,584.7964409879443,NT1,584.7995132436615,584.7926588751607,speed_to_volume:s3+period_volume_anchor,584.7964409879443,0.9999882791138748,584.7926588751607,speed_to_volume_proxy,798.3321075046998,0.0,0.0,584.7926588751607,1965.2722428156362,1965.2722428156362,0.0,0.9230769230769231,-213.53944862953915,5,0.0
SYN_I405_001,SYN_TMC_001,05:40,64.64109450339228,629.9318638937577,NT1,629.9288162542531,629.9214329303308,speed_to_volume:s3+period_volume_anchor,629.9318638937577,0.9999882791138748,629.9214329303308,speed_to_volume_proxy,798.3321075046998,0.0,0.0,629.9214329303308,2017.7656955598304,2017.7656955598304,0.0,0.9230769230769231,-168.41067457436907,5,0.0
SYN_I405_001,SYN_TMC_001,05:45,64.49695054765922,684.4602115277809,NT1,684.4534360469835,684.4454136462016,speed_to_volume:s3+period_volume_anchor,684.4602115277809,0.9999882791138748,684.4454136462016,speed_to_volume_proxy,798.3321075046998,0.0,0.0,684.4454136462016,2074.8028133636803,2074.8028133636803,0.0,0.9230769230769231,-113.88669385849823,5,0.0
SYN_I405_001,SYN_TMC_001,05:50,64.30387756642627,740.9912447628692,NT1,740.9690557417473,740.9603709278226,speed_to_volume:s3+period_volume_anchor,740.9912447628692,0.9999882791138748,740.9603709278226,speed_to_volume_proxy,870.894766153725,0.0,0.0,740.9603709278226,2136.549510940999,2136.549510940999,0.0,0.9230769230769231,-129.93439522590234,5,0.0
SYN_I405_001,SYN_TMC_001,05:55,64.05271243360687,798.3519766588931,NT1,798.3414647740975,798.3321075046998,speed_to_volume:s3+period_volume_anchor,798.3519766588931,0.9999882791138748,798.3321075046998,speed_to_volume_proxy,943.4574248027501,0.0,0.0,798.3321075046998,2203.0771865663905,2203.0771865663905,0.0,0.9230769230769231,-145.12531729805028,5,0.0
SYN_I405_001,SYN_TMC_001,06:00,63.636089235131486,870.9731983068166,AM,870.9580903150369,870.9605924004508,speed_to_volume:s3+period_volume_anchor,870.9731983068166,1.0000028727965693,870.9605924004508,speed_to_volume_proxy,1016.0200834517752,0.0,0.0,870.9605924004508,2275.657235933095,2275.657235933095,0.0,0.9230769230769231,-145.05949105132447,5,0.0
SYN_I405_001,SYN_TMC_001,06:05,63.07129818223388,944.50938035368,AM,944.5046234779109,944.5073368475529,speed_to_volume:s3+period_volume_anchor,944.50938035368,1.0000028727965693,944.5073368475529,speed_to_volume_proxy,1088.5827421008005,0.0,0.0,944.5073368475528,2354.366180670391,2354.366180670391,0.0,0.9230769230769231,-144.0754052532476,5,0.0
SYN_I405_001,SYN_TMC_001,06:10,62.31010550268441,1018.6956279522184,AM,1018.6814955164376,1018.6844219811431,speed_to_volume:s3+period_volume_anchor,1018.6956279522184,1.0000028727965693,1018.6844219811431,speed_to_volume_proxy,1161.1454007498255,0.0,0.0,1018.684421981143,2439.256549168819,2439.256549168819,0.0,0.9230769230769231,-142.46097876868237,5,0.0
SYN_I405_001,SYN_TMC_001,06:15,61.351095620029696,1088.836980928161,AM,1088.821807408626,1088.824935372179,speed_to_volume:s3+period_volume_anchor,1088.836980928161,1.0000028727965693,1088.824935372179,speed_to_volume_proxy,1233.7080593988508,0.0,0.0,1088.824935372179,2529.991960449834,2529.991960449834,0.0,0.9230769230769231,-144.8831240266718,5,0.0
SYN_I405_001,SYN_TMC_001,06:20,60.04863779145586,1159.6226288571218,AM,1159.6139281957112,1159.617259530626,speed_to_volume:s3+period_volume_anchor,1159.6226288571218,1.0000028727965693,1159.617259530626,speed_to_volume_proxy,1233.7080593988508,0.0,0.0,1159.617259530626,2626.6267320773864,2626.6267320773864,0.0,0.9230769230769231,-74.09079986822485,5,0.0
SYN_I405_001,SYN_TMC_001,06:25,58.26763009004118,1229.1006120793454,AM,1229.0782489312944,1229.0817798230714,speed_to_volume:s3+period_volume_anchor,1229.1006120793454,1.0000028727965693,1229.0817798230714,speed_to_volume_proxy,1233.7080593988508,0.0,0.0,1229.0817798230714,2729.050213729309,2729.050213729309,0.0,0.9230769230769231,-4.626279575779336,5,0.0
SYN_I405_001,SYN_TMC_001,06:30,56.28025614792487,1283.40354417667,AM,1283.4048438388409,1283.4085307998732,speed_to_volume:s3+period_volume_anchor,1283.40354417667,1.0000028727965693,1283.4085307998732,speed_to_volume_proxy,1233.7080593988508,0.0,4.1417059500852105,1233.7080593988508,2836.0009246292984,2831.859218679213,5.0,5.923076923076923,49.70047140102247,5,0.0
SYN_I405_001,SYN_TMC_001,06:35,53.63905824857348,1331.248171012588,AM,1331.2630271925239,1331.2668516403812,speed_to_volume:s3+period_volume_anchor,1331.248171012588,1.0000028727965693,1331.2668516403812,speed_to_volume_proxy,1233.7080593988508,4.1417059500852105,12.271605303546082,1233.7080593988508,2946.9398289326637,2934.668223629117,5.0,5.923076923076923,97.55879224153045,5,0.0
SYN_I405_001,SYN_TMC_001,06:40,50.83718926925685,1361.3104107978766,AM,1361.2987449050001,1361.3026556393643,speed_to_volume:s3+period_volume_anchor,1361.3104107978766,1.0000028727965693,1361.3026556393643,speed_to_volume_proxy,1233.7080593988508,12.271605303546082,22.90448832358888,1233.7080593988508,3060.3817169026106,3037.4772285790214,5.0,5.923076923076923,127.59459624051351,5,0.0
SYN_I405_001,SYN_TMC_001,06:45,47.86087144557267,1376.3773318808442,AM,1376.3760569731685,1376.380011021583,speed_to_volume:s3+period_volume_anchor,1376.3773318808442,1.0000028727965693,1376.380011021583,speed_to_volume_proxy,1233.7080593988508,22.90448832358888,34.79381762548323,1233.7080593988508,3175.0800511544094,3140.2862335289255,5.0,5.923076923076923,142.6719516227322,5,0.0
SYN_I405_001,SYN_TMC_001,06:50,44.64908799283828,1377.7505858595516,AM,1377.7414377300252,1377.7453957009009,speed_to_volume:s3+period_volume_anchor,1377.7505858595516,1.0000028727965693,1377.7453957009009,speed_to_volume_proxy,1233.7080593988508,34.79381762548323,46.796928983987414,1233.7080593988508,3289.8921674628177,3243.0952384788297,5.0,5.923076923076923,144.0373363020501,5,0.0
SYN_I405_001,SYN_TMC_001,06:55,41.61325608765999,1367.496476134202,AM,1367.4946709157596,1367.4985994497588,speed_to_volume:s3+period_volume_anchor,1367.496476134202,1.0000028727965693,1367.4985994497588,speed_to_volume_proxy,1233.7080593988508,46.796928983987414,57.946140654896425,1233.7080593988508,3403.850384083631,3345.904243428734,5.0,5.923076923076923,133.79054005090802,5,0.0
SYN_I405_001,SYN_TMC_001,07:00,38.54858849369507,1347.4666014294364,AM,1347.4646101284206,1347.4684811201298,speed_to_volume:s3+period_volume_anchor,1347.4666014294364,1.0000028727965693,1347.4684811201298,speed_to_volume_proxy,1233.7080593988508,57.946140654896425,67.42617579833635,1233.7080593988508,3516.1394241769754,3448.713248378638,5.0,5.923076923076923,113.76042172127904,5,0.0
SYN_I405_001,SYN_TMC_001,07:05,35.78936406715569,1322.014794419919,AM,1321.9987629373313,1322.0025607708421,speed_to_volume:s3+period_volume_anchor,1322.014794419919,1.0000028727965693,1322.0025607708421,speed_to_volume_proxy,1233.7080593988508,67.42617579833635,74.78405091266896,1233.7080593988508,3626.3063042412123,3551.5222533285423,5.0,5.923076923076923,88.29450137199137,5,0.0
SYN_I405_001,SYN_TMC_001,07:10,33.02200613584982,1289.9273138933684,AM,1289.9141187687794,1289.9178244296345,speed_to_volume:s3+period_volume_anchor,1289.9273138933684,1.0000028727965693,1289.9178244296345,speed_to_volume_proxy,1233.7080593988508,74.78405091266896,79.4681979985676,1233.7080593988508,3733.799456277015,3654.3312582784465,5.0,5.923076923076923,56.20976503078373,5,0.0
SYN_I405_001,SYN_TMC_001,07:15,30.519077673760165,1255.4977531162924,AM,1255.505218387358,1255.508825198442,speed_to_volume:s3+period_volume_anchor,1255.4977531162924,1.0000028727965693,1255.508825198442,speed_to_volume_proxy,1233.7080593988508,79.4681979985676,81.2849284818669,1233.7080593988508,3838.4251917102183,3757.1402632283507,5.0,5.923076923076923,21.800765799591318,5,0.0
SYN_I405_001,SYN_TMC_001,07:20,28.43895652869269,1223.0961393012765,AM,1223.0922057933108,1223.0957194884036,speed_to_volume:s3+period_volume_anchor,1223.0961393012765,1.0000028727965693,1223.0957194884036,speed_to_volume_proxy,1233.7080593988508,81.2849284818669,80.40056682266297,1233.7080593988508,3940.3498350009186,3859.949268178255,5.0,5.923076923076923,-10.61233991044719,5,0.0
SYN_I405_001,SYN_TMC_001,07:25,26.79598852974108,1195.0398479476846,AM,1195.044032372322,1195.0474654907182,speed_to_volume:s3+period_volume_anchor,1195.0398479476846,1.0000028727965693,1195.0474654907182,speed_to_volume_proxy,1233.7080593988508,80.40056682266297,77.17885066365193,1233.7080593988508,4039.9371237918117,3962.758273128159,5.0,5.923076923076923,-38.66059390813257,5,0.0
SYN_I405_001,SYN_TMC_001,07:30,25.45733709547391,1170.5774882262515,AM,1170.5766486125274,1170.5800114411077,speed_to_volume:s3+period_volume_anchor,1170.5774882262515,1.0000028727965693,1170.5800114411077,speed_to_volume_proxy,1233.7080593988508,77.17885066365193,71.91818000050668,1233.7080593988508,4137.48545807857,4065.5672780780633,5.0,5.923076923076923,-63.12804795774309,5,0.0
SYN_I405_001,SYN_TMC_001,07:35,24.07631823749235,1143.7964965064589,AM,1143.7874094656936,1143.7906953342394,speed_to_volume:s3+period_volume_anchor,1143.7964965064589,1.0000028727965693,1143.7906953342394,speed_to_volume_proxy,1233.7080593988508,71.91818000050668,64.42506632845576,1233.7080593988508,4232.801349356424,4168.3762830279675,5.0,5.923076923076923,-89.91736406461132,5,0.0
SYN_I405_001,SYN_TMC_001,07:40,23.05277633558364,1122.8913972678854,AM,1122.8953642124284,1122.8985900623784,speed_to_volume:s3+period_volume_anchor,1122.8913972678854,1.0000028727965693,1122.8985900623784,speed_to_volume_proxy,1233.7080593988508,64.42506632845576,55.190943883749725,1233.7080593988508,4326.376231861622,4271.185287977872,5.0,5.923076923076923,-110.80946933647238,5,0.0
SYN_I405_001,SYN_TMC_001,07:45,22.485745701454587,1110.935330608068,AM,1110.9327024290556,1110.935893912712,speed_to_volume:s3+period_volume_anchor,1110.935330608068,1.0000028727965693,1110.935893912712,speed_to_volume_proxy,1233.7080593988508,55.190943883749725,44.95993009323817,1233.7080593988508,4418.9542230210145,4373.994292927776,5.0,5.923076923076923,-122.77216548613887,5,0.0
SYN_I405_001,SYN_TMC_001,07:50,21.871878321362427,1097.668317194873,AM,1097.663330586347,1097.6664839497973,speed_to_volume:s3+period_volume_anchor,1097.668317194873,1.0000028727965693,1097.6664839497973,speed_to_volume_proxy,1233.7080593988508,44.95993009323817,33.623132139150385,1233.7080593988508,4510.426430016831,4476.80329787768,5.0,5.923076923076923,-136.04157544905343,5,0.0
SYN_I405_001,SYN_TMC_001,07:55,21.548724017847967,1090.546025556695,AM,1090.5429563770456,1090.5460892851092,speed_to_volume:s3+period_volume_anchor,1090.546025556695,1.0000028727965693,1090.5460892851092,speed_to_volume_proxy,1233.7080593988508,33.623132139150385,21.69296796300526,1233.7080593988508,4601.30527079059,4579.612302827584,5.0,5.923076923076923,-143.16197011374152,5,0.0
SYN_I405_001,SYN_TMC_001,08:00,21.31498925634154,1085.3287111867958,AM,1085.3340717160552,1085.337189660053,speed_to_volume:s3+period_volume_anchor,1085.3287111867958,1.0000028727965693,1085.337189660053,speed_to_volume_proxy,1233.7080593988508,21.69296796300526,9.328728818105446,1233.7080593988508,4691.750036595595,4682.421307777488,5.0,5.923076923076923,-148.37086973879786,5,0.0
SYN_I405_001,SYN_TMC_001,08:05,21.455732159904148,1088.4529167659337,AM,1088.4765279387018,1088.479654910337,speed_to_volume:s3+period_volume_anchor,1088.4529167659337,1.0000028727965693,1088.479654910337,speed_to_volume_proxy,1233.7080593988508,9.328728818105446,0.0,1200.4244007276025,4782.45667450479,4782.456674504789,0.0,0.9230769230769231,-145.22840448851366,5,0.0
SYN_I405_001,SYN_TMC_001,08:10,21.865570913156525,1097.517077794068,AM,1097.5252504189314,1097.5284033857056,speed_to_volume:s3+period_volume_anchor,1097.517077794068,1.0000028727965693,1097.5284033857056,speed_to_volume_proxy,1233.7080593988508,0.0,0.0,1097.5284033857056,4873.917374786932,4873.917374786931,0.0,0.9230769230769231,-136.17965601314518,5,0.0
SYN_I405_001,SYN_TMC_001,08:15,22.307765900720547,1107.1265745534752,AM,1107.1198250121208,1107.1230055421559,speed_to_volume:s3+period_volume_anchor,1107.1265745534752,1.0000028727965693,1107.1230055421559,speed_to_volume_proxy,1233.7080593988508,0.0,0.0,1107.1230055421559,4966.177625248778,4966.177625248777,0.0,0.9230769230769231,-126.58505385669491,5,0.0
SYN_I405_001,SYN_TMC_001,08:20,22.69352115133732,1115.3543994091222,AM,1115.3486998044816,1115.3519039743999,speed_to_volume:s3+period_volume_anchor,1115.3543994091222,1.0000028727965693,1115.3519039743999,speed_to_volume_proxy,1233.7080593988508,0.0,0.0,1115.3519039743999,5059.123617246644,5059.123617246643,0.0,0.9230769230769231,-118.35615542445089,5,0.0
SYN_I405_001,SYN_TMC_001,08:25,23.57372000936605,1133.6470528096918,AM,1133.6404495980737,1133.643706316468,speed_to_volume:s3+period_volume_anchor,1133.6470528096918,1.0000028727965693,1133.643706316468,speed_to_volume_proxy,1233.7080593988508,0.0,0.0,1133.643706316468,5153.5939261063495,5153.593926106349,0.0,0.9230769230769231,-100.0643530823827,5,0.0
SYN_I405_001,SYN_TMC_001,08:30,24.51658353355064,1152.508323585536,AM,1152.5005574135068,1152.5038683131543,speed_to_volume:s3+period_volume_anchor,1152.508323585536,1.0000028727965693,1152.5038683131543,speed_to_volume_proxy,1233.7080593988508,0.0,0.0,1152.5038683131543,5249.635915132446,5249.635915132445,0.0,0.9230769230769231,-81.2041910856965,5,0.0
SYN_I405_001,SYN_TMC_001,08:35,25.783739212567856,1176.67304444337,AM,1176.6774520727126,1176.68083242766,speed_to_volume:s3+period_volume_anchor,1176.67304444337,1.0000028727965693,1176.68083242766,speed_to_volume_proxy,1233.7080593988508,0.0,0.0,1176.68083242766,5347.692651168084,5347.692651168083,0.0,0.9230769230769231,-57.02722697119066,5,0.0
SYN_I405_001,SYN_TMC_001,08:40,27.456161156009472,1206.5766792437105,AM,1206.5750551926637,1206.578521437343,speed_to_volume:s3+period_volume_anchor,1206.5766792437105,1.0000028727965693,1206.578521437343,speed_to_volume_proxy,1233.7080593988508,0.0,0.0,1206.578521437343,5448.240861287863,5448.240861287862,0.0,0.9230769230769231,-27.129537961507822,5,0.0
SYN_I405_001,SYN_TMC_001,08:45,29.09605908939411,1233.6898063208869,AM,1233.7045152167518,1233.7080593988508,speed_to_volume:s3+period_volume_anchor,1233.6898063208869,1.0000028727965693,1233.7080593988508,speed_to_volume_proxy,1233.7080593988508,0.0,0.0,1233.7080593988508,5551.049866237767,5551.049866237766,0.0,0.9230769230769231,0.0,5,0.0
SYN_I405_001,SYN_TMC_001,08:50,31.0591723027122,1263.3684310182452,AM,1263.3561100307531,1263.3597393958519,speed_to_volume:s3+period_volume_anchor,1263.3684310182452,1.0000028727965693,1263.3597393958519,speed_to_volume_proxy,1233.7080593988508,0.0,2.4709733330834354,1233.7080593988508,5656.329844520755,5653.85887118767,5.0,5.923076923076923,29.65167999700111,5,0.0
SYN_I405_001,SYN_TMC_001,08:55,33.382716497891515,1294.4553878680874,AM,1294.4551770907658,1294.4588957971578,speed_to_volume:s3+period_volume_anchor,1294.4553878680874,1.0000028727965693,1294.4588957971578,speed_to_volume_proxy,1233.7080593988508,2.4709733330834354,7.533543032942362,1233.7080593988508,5764.2014191705175,5756.667876137574,5.0,5.923076923076923,60.750836398307,5,0.0
SYN_I405_001,SYN_TMC_001,09:00,35.917816385744544,1323.327559148737,AM,1323.331938652447,1323.3357403159005,speed_to_volume:s3+period_volume_anchor,1323.327559148737,1.0000028727965693,1323.3357403159005,speed_to_volume_proxy,1233.7080593988508,7.533543032942362,15.002516442696503,1233.7080593988508,5874.479397530175,5859.476881087478,5.0,5.923076923076923,89.6276809170497,5,0.0
SYN_I405_001,SYN_TMC_001,09:05,38.3985178103717,1346.25966348495,AM,1346.254447405341,1346.2583149204988,speed_to_volume:s3+period_volume_anchor,1346.25966348495,1.0000028727965693,1346.2583149204988,speed_to_volume_proxy,1233.7080593988508,15.002516442696503,24.381704402833847,1233.7080593988508,5986.667590440217,5962.285886037383,5.0,5.923076923076923,112.55025552164807,5,0.0
SYN_I405_001,SYN_TMC_001,09:10,41.28767138593205,1365.791183261865,AM,1365.8061236986764,1365.8100473818229,speed_to_volume:s3+period_volume_anchor,1365.791183261865,1.0000028727965693,1365.8100473818229,speed_to_volume_proxy,1233.7080593988508,24.381704402833847,35.39020340141488,1233.7080593988508,6100.485094388702,6065.094890987287,5.0,5.923076923076923,132.1019879829721,5,0.0
SYN_I405_001,SYN_TMC_001,09:15,43.958054912297165,1376.3301675510995,AM,1376.3212744498117,1376.3252283408472,speed_to_volume:s3+period_volume_anchor,1376.3301675510995,1.0000028727965693,1376.3252283408472,speed_to_volume_proxy,1233.7080593988508,35.39020340141488,47.27496747991458,1233.7080593988508,6215.178863417106,6167.903895937191,5.0,5.923076923076923,142.6171689419964,5,0.0
SYN_I405_001,SYN_TMC_001,09:20,46.92192456330538,1378.2375497783094,AM,1378.2203389553054,1378.2242983019669,speed_to_volume:s3+period_volume_anchor,1378.2375497783094,1.0000028727965693,1378.2242983019669,speed_to_volume_proxy,1233.7080593988508,47.27496747991458,59.31798738850759,1233.7080593988508,6330.0308882756035,6270.712900887095,5.0,5.923076923076923,144.51623890311612,5,0.0
SYN_I405_001,SYN_TMC_001,09:25,49.56632336388805,1369.5985199941792,AM,1369.5833436032592,1369.5872781375901,speed_to_volume:s3+period_volume_anchor,1369.5985199941792,1.0000028727965693,1369.5872781375901,speed_to_volume_proxy,1233.7080593988508,59.31798738850759,70.64125561673589,1233.7080593988508,6444.163161453736,6373.521905836999,5.0,5.923076923076923,135.87921873873938,5,0.0
SYN_I405_001,SYN_TMC_001,09:30,51.96384907974571,1351.360647625693,AM,1351.3381265328153,1351.3420086523493,speed_to_volume:s3+period_volume_anchor,1351.360647625693,1.0000028727965693,1351.3420086523493,speed_to_volume_proxy,1233.7080593988508,70.64125561673589,80.44408472119412,1233.7080593988508,6556.774995508099,6476.330910786904,5.0,5.923076923076923,117.63394925349849,5,0.0
SYN_I405_001,SYN_TMC_001,09:35,54.161873764858754,1323.5200720456749,AM,1323.525781105808,1323.5295833261314,speed_to_volume:s3+period_volume_anchor,1323.5200720456749,1.0000028727965693,1323.5295833261314,speed_to_volume_proxy,1233.7080593988508,80.44408472119412,87.92921171513419,1233.7080593988508,6667.069127451943,6579.139915736808,5.0,5.923076923076923,89.82152392728062,5,0.0
SYN_I405_001,SYN_TMC_001,09:40,56.18049771510421,1285.6611984181966,AM,1285.654287485882,1285.6579809091083,speed_to_volume:s3+period_volume_anchor,1285.6611984181966,1.0000028727965693,1285.6579809091083,speed_to_volume_proxy,1233.7080593988508,87.92921171513419,92.25837184098899,1233.7080593988508,6774.2072925277025,6681.948920686712,5.0,5.923076923076923,51.94992151025758,5,0.0
SYN_I405_001,SYN_TMC_001,09:45,57.83407267103166,1242.6679275693946,AM,1242.6574895167016,1242.6610594188744,speed_to_volume:s3+period_volume_anchor,1242.6679275693946,1.0000028727965693,1242.6610594188744,speed_to_volume_proxy,1233.7080593988508,92.25837184098899,93.00445517599096,1233.7080593988508,6877.762380812609,6784.757925636616,5.0,5.923076923076923,8.953000020023637,5,0.0
SYN_I405_001,SYN_TMC_001,09:50,59.075518891801565,1200.614523637309,AM,1200.602369746448,1200.6058188328168,speed_to_volume:s3+period_volume_anchor,1200.614523637309,1.0000028727965693,1200.6058188328168,speed_to_volume_proxy,1254.3607866845296,93.00445517599096,88.52487452168155,1254.3607866845296,6977.812865715344,6889.287991193661,5.0,5.923076923076923,-53.75496785171276,5,0.0
SYN_I405_001,SYN_TMC_001,09:55,60.02561244167367,1160.6653241364525,AM,1160.6837112624344,1160.687045670618,speed_to_volume:s3+period_volume_anchor,1160.6653241364525,1.0000028727965693,1160.687045670618,speed_to_volume_proxy,1275.0135139702081,88.52487452168155,78.99766883004904,1275.0135139702081,7074.536786187895,6995.539117357845,5.0,5.923076923076923,-114.32646829959003,5,0.0
SYN_I405_001,SYN_TMC_001,10:00,60.97546607625857,1111.586290114677,MD,1111.5741501194295,1111.5724355140303,speed_to_volume:s3+period_volume_anchor,1111.586290114677,0.9999984574979555,1111.5724355140303,speed_to_volume_proxy,1295.666241255887,78.99766883004904,63.65651835156099,1295.666241255887,7167.167822480731,7103.511304129169,5.0,5.923076923076923,-184.0938057418566,5,0.0
SYN_I405_001,SYN_TMC_001,10:05,61.6899184405552,1066.244146288071,MD,1066.2581332418738,1066.2564885365232,speed_to_volume:s3+period_volume_anchor,1066.244146288071,0.9999984574979555,1066.2564885365232,speed_to_volume_proxy,1316.3189685415657,63.65651835156099,42.817978351140766,1316.3189685415657,7256.022529858775,7213.2045515076325,5.0,5.923076923076923,-250.06248000504252,5,0.0
SYN_I405_001,SYN_TMC_001,10:10,62.16364070229423,1030.7783616487443,MD,1030.7634764419886,1030.7618864872188,speed_to_volume:s3+period_volume_anchor,1030.7783616487443,0.9999984574979555,1030.7618864872188,speed_to_volume_proxy,1336.9716958272443,42.817978351140766,17.300494239471973,1336.9716958272443,7341.91935373271,7324.618859493236,5.0,5.923076923076923,-306.20980934002546,5,0.0
SYN_I405_001,SYN_TMC_001,10:15,62.590392269728696,993.7788617812556,MD,993.8122289040983,993.8106959467034,speed_to_volume:s3+period_volume_anchor,993.7788617812556,0.9999984574979555,993.8106959467034,speed_to_volume_proxy,1357.624423112923,17.300494239471973,0.0,1201.4166268203671,7424.736911728269,7424.736911728267,0.0,0.9230769230769231,-363.8137271662197,5,0.0
SYN_I405_001,SYN_TMC_001,10:20,62.89737807838367,963.4563280122308,MD,963.4543144234821,963.4528282932322,speed_to_volume:s3+period_volume_anchor,963.4563280122308,0.9999984574979555,963.4528282932322,speed_to_volume_proxy,1357.624423112923,0.0,0.0,963.4528282932322,7505.024647419372,7505.02464741937,0.0,0.9230769230769231,-394.1715948196909,5,0.0
SYN_I405_001,SYN_TMC_001,10:25,63.12682581522872,938.1638601877232,MD,938.1460509722585,938.1446038800568,speed_to_volume:s3+period_volume_anchor,938.1638601877232,0.9999984574979555,938.1446038800568,speed_to_volume_proxy,1357.624423112923,0.0,0.0,938.1446038800568,7583.203364409376,7583.203364409374,0.0,0.9230769230769231,-419.47981923286625,5,0.0
SYN_I405_001,SYN_TMC_001,10:30,63.300784139732215,917.103751402,MD,917.1338937092747,917.1324790283686,speed_to_volume:s3+period_volume_anchor,917.103751402,0.9999984574979555,917.1324790283686,speed_to_volume_proxy,1357.624423112923,0.0,0.0,917.1324790283686,7659.631070995074,7659.631070995072,0.0,0.9230769230769231,-440.49194408455446,5,0.0
SYN_I405_001,SYN_TMC_001,10:35,63.43478136425968,899.6875058114816,MD,899.6772018437277,899.6758140898045,speed_to_volume:s3+period_volume_anchor,899.6875058114816,0.9999984574979555,899.6758140898045,speed_to_volume_proxy,1357.624423112923,0.0,0.0,899.6758140898045,7734.6040555025575,7734.604055502556,0.0,0.9230769230769231,-457.9486090231186,5,0.0
SYN_I405_001,SYN_TMC_001,10:40,63.52317504068627,887.4266740666011,MD,887.4669393910066,887.4655704714381,speed_to_volume:s3+period_volume_anchor,887.4266740666011,0.9999984574979555,887.4655704714381,speed_to_volume_proxy,1357.624423112923,0.0,0.0,887.4655704714381,7808.55951970851,7808.559519708509,0.0,0.9230769230769231,-470.15885264148494,5,0.0
SYN_I405_001,SYN_TMC_001,10:45,63.591966797703606,877.5575006117704,MD,877.5385241132171,877.5371705082496,speed_to_volume:s3+period_volume_anchor,877.5575006117704,0.9999984574979555,877.5371705082496,speed_to_volume_proxy,1357.624423112923,0.0,0.0,877.5371705082496,7881.687617250865,7881.687617250863,0.0,0.9230769230769231,-480.0872526046735,5,0.0
SYN_I405_001,SYN_TMC_001,10:50,63.60847973780797,875.0897100855589,MD,875.0959015122198,875.0945516750025,speed_to_volume:s3+period_volume_anchor,875.0897100855589,0.9999984574979555,875.0945516750025,speed_to_volume_proxy,1357.624423112923,0.0,0.0,875.0945516750025,7954.612163223782,7954.61216322378,0.0,0.9230769230769231,-482.5298714379205,5,0.0
SYN_I405_001,SYN_TMC_001,10:55,63.63564160903756,871.0223174933705,MD,871.0257221066512,871.024378547694,speed_to_volume:s3+period_volume_anchor,871.0223174933705,0.9999984574979555,871.024378547694,speed_to_volume_proxy,1357.624423112923,0.0,0.0,871.024378547694,8027.197528102756,8027.197528102754,0.0,0.9230769230769231,-486.60004456522904,5,0.0
SYN_I405_001,SYN_TMC_001,11:00,63.62774554890099,872.2340275623512,MD,872.215752191388,872.214406796807,speed_to_volume:s3+period_volume_anchor,872.2340275623512,0.9999984574979555,872.214406796807,speed_to_volume_proxy,1357.624423112923,0.0,0.0,872.2144067968069,8099.88206200249,8099.882062002488,0.0,0.9230769230769231,-485.41001631611607,5,0.0
SYN_I405_001,SYN_TMC_001,11:05,63.64571631815767,869.4950586995562,MD,869.4991071389563,869.4977659348059,speed_to_volume:s3+period_volume_anchor,869.4950586995562,0.9999984574979555,869.4977659348059,speed_to_volume_proxy,1357.624423112923,0.0,0.0,869.4977659348059,8172.340209163724,8172.340209163722,0.0,0.9230769230769231,-488.12665717811717,5,0.0
SYN_I405_001,SYN_TMC_001,11:10,63.606383108836326,875.3880172498426,MD,875.4073561430903,875.4060058254536,speed_to_volume:s3+period_volume_anchor,875.3880172498426,0.9999984574979555,875.4060058254536,speed_to_volume_proxy,1357.624423112923,0.0,0.0,875.4060058254535,8245.290709649178,8245.290709649176,0.0,0.9230769230769231,-482.2184172874695,5,0.0
SYN_I405_001,SYN_TMC_001,11:15,63.55384145205157,883.0922609488418,MD,883.0891999259593,883.087837759063,speed_to_volume:s3+period_volume_anchor,883.0922609488418,0.9999984574979555,883.087837759063,speed_to_volume_proxy,1357.624423112923,0.0,0.0,883.087837759063,8318.881362795766,8318.881362795764,0.0,0.9230769230769231,-474.5365853538601,5,0.0
SYN_I405_001,SYN_TMC_001,11:20,63.53837548226335,885.3225003950565,MD,885.3065107673815,885.3051451802786,speed_to_volume:s3+period_volume_anchor,885.3225003950565,0.9999984574979555,885.3051451802786,speed_to_volume_proxy,1357.624423112923,0.0,0.0,885.3051451802785,8392.656791560788,8392.656791560788,0.0,0.9230769230769231,-472.31927793264447,5,0.0
SYN_I405_001,SYN_TMC_001,11:25,63.48320801249223,893.0626120521289,MD,893.0608460919346,893.0594685437536,speed_to_volume:s3+period_volume_anchor,893.0626120521289,0.9999984574979555,893.0594685437536,speed_to_volume_proxy,1357.624423112923,0.0,0.0,893.0594685437536,8467.078413939435,8467.078413939435,0.0,0.9230769230769231,-464.56495456916946,5,0.0
SYN_I405_001,SYN_TMC_001,11:30,63.43444454682552,899.7353919538127,MD,899.722620381044,899.7212325570625,speed_to_volume:s3+period_volume_anchor,899.7353919538127,0.9999984574979555,899.7212325570625,speed_to_volume_proxy,1357.624423112923,0.0,0.0,899.7212325570625,8542.05518331919,8542.05518331919,0.0,0.9230769230769231,-457.90319055586053,5,0.0
SYN_I405_001,SYN_TMC_001,11:35,63.38244921635669,906.6137448755816,MD,906.6382607625987,906.6368622712279,speed_to_volume:s3+period_volume_anchor,906.6137448755816,0.9999984574979555,906.6368622712279,speed_to_volume_proxy,1357.624423112923,0.0,0.0,906.6368622712279,8617.608255175124,8617.608255175124,0.0,0.9230769230769231,-450.9875608416952,5,0.0
SYN_I405_001,SYN_TMC_001,11:40,63.30407084419319,916.700927887906,MD,916.7197415364864,916.7183274944108,speed_to_volume:s3+period_volume_anchor,916.700927887906,0.9999984574979555,916.7183274944108,speed_to_volume_proxy,1357.624423112923,0.0,0.0,916.7183274944108,8694.001449132991,8694.001449132991,0.0,0.9230769230769231,-440.90609561851227,5,0.0
SYN_I405_001,SYN_TMC_001,11:45,63.24388987351782,924.1947454682638,MD,924.198353033945,924.1969274560959,speed_to_volume:s3+period_volume_anchor,924.1947454682638,0.9999984574979555,924.1969274560959,speed_to_volume_proxy,1357.624423112923,0.0,0.0,924.1969274560959,8771.017859754333,8771.017859754333,0.0,0.9230769230769231,-433.4274956568272,5,0.0
SYN_I405_001,SYN_TMC_001,11:50,63.17108352114502,932.9710708320652,MD,932.9621386256679,932.9606995296616,speed_to_volume:s3+period_volume_anchor,932.9710708320652,0.9999984574979555,932.9606995296616,speed_to_volume_proxy,1357.624423112923,0.0,0.0,932.9606995296615,8848.764584715138,8848.764584715138,0.0,0.9230769230769231,-424.66372358326146,5,0.0
SYN_I405_001,SYN_TMC_001,11:55,63.126763590426194,938.1717151815714,MD,938.1532657838792,938.1518186805487,speed_to_volume:s3+period_volume_anchor,938.1717151815714,0.9999984574979555,938.1518186805487,speed_to_volume_proxy,1357.624423112923,0.0,0.0,938.1518186805487,8926.943902938518,8926.943902938518,0.0,0.9230769230769231,-419.4726044323744,5,0.0
SYN_I405_001,SYN_TMC_001,12:00,63.05281989348367,946.5823925884596,MD,946.5859873169643,946.5845272061435,speed_to_volume:s3+period_volume_anchor,946.5823925884596,0.9999984574979555,946.5845272061435,speed_to_volume_proxy,1357.624423112923,0.0,0.0,946.5845272061435,9005.825946872363,9005.825946872363,0.0,0.9230769230769231,-411.0398959067795,5,0.0
SYN_I405_001,SYN_TMC_001,12:05,62.984469056092806,954.1470719341894,MD,954.1408410047139,954.1393692405159,speed_to_volume:s3+period_volume_anchor,954.1470719341894,0.9999984574979555,954.1393692405159,speed_to_volume_proxy,1357.624423112923,0.0,0.0,954.1393692405159,9085.337560975739,9085.337560975739,0.0,0.9230769230769231,-403.4850538724072,5,0.0
SYN_I405_001,SYN_TMC_001,12:10,62.93061906047715,959.9172730661708,MD,959.9394823022175,959.9380015936034,speed_to_volume:s3+period_volume_anchor,959.9172730661708,0.9999984574979555,959.9380015936034,speed_to_volume_proxy,1357.624423112923,0.0,0.0,959.9380015936034,9165.332394441872,9165.332394441872,0.0,0.9230769230769231,-397.68642151931965,5,0.0
SYN_I405_001,SYN_TMC_001,12:15,62.85032497930474,968.3531214821454,MD,968.3483497621972,968.3468560828879,speed_to_volume:s3+period_volume_anchor,968.3531214821454,0.9999984574979555,968.3468560828879,speed_to_volume_proxy,1357.624423112923,0.0,0.0,968.3468560828879,9246.027965782112,9246.027965782112,0.0,0.9230769230769231,-389.27756703003513,5,0.0
SYN_I405_001,SYN_TMC_001,12:20,62.77197418031868,976.3157748704314,MD,976.295106387365,976.2936004501673,speed_to_volume:s3+period_volume_anchor,976.3157748704314,0.9999984574979555,976.2936004501673,speed_to_volume_proxy,1357.624423112923,0.0,0.0,976.2936004501673,9327.385765819627,9327.385765819627,0.0,0.9230769230769231,-381.33082266275574,5,0.0
SYN_I405_001,SYN_TMC_001,12:25,62.70844389463423,982.5516988210338,MD,982.5617594530903,982.5602438495674,speed_to_volume:s3+period_volume_anchor,982.5516988210338,0.9999984574979555,982.5602438495674,speed_to_volume_proxy,1357.624423112923,0.0,0.0,982.5602438495674,9409.265786140424,9409.265786140424,0.0,0.9230769230769231,-375.06417926335564,5,0.0
SYN_I405_001,SYN_TMC_001,12:30,62.65038590254596,988.1352164009288,MD,988.1569101208692,988.155385886815,speed_to_volume:s3+period_volume_anchor,988.1352164009288,0.9999984574979555,988.155385886815,speed_to_volume_proxy,1357.624423112923,0.0,0.0,988.155385886815,9491.612068297658,9491.612068297658,0.0,0.9230769230769231,-369.46903722610807,5,0.0
SYN_I405_001,SYN_TMC_001,12:35,62.59181491068532,993.6801576757434,MD,993.679568643202,993.6780358904357,speed_to_volume:s3+period_volume_anchor,993.6801576757434,0.9999984574979555,993.6780358904357,speed_to_volume_proxy,1357.624423112923,0.0,0.0,993.6780358904356,9574.418571288528,9574.418571288528,0.0,0.9230769230769231,-363.9463872224874,5,0.0
SYN_I405_001,SYN_TMC_001,12:40,62.50027783467967,1002.057830068335,MD,1002.0772114439375,1002.07566573779,speed_to_volume:s3+period_volume_anchor,1002.057830068335,0.9999984574979555,1002.07566573779,speed_to_volume_proxy,1357.624423112923,0.0,0.0,1002.0756657377899,9657.924876766678,9657.924876766678,0.0,0.9230769230769231,-355.54875737513305,5,0.0
SYN_I405_001,SYN_TMC_001,12:45,62.448348488358405,1006.7368507190153,MD,1006.7204887135703,1006.7189358451582,speed_to_volume:s3+period_volume_anchor,1006.7368507190153,0.9999984574979555,1006.7189358451582,speed_to_volume_proxy,1357.624423112923,0.0,0.0,1006.7189358451582,9741.818121420441,9741.818121420441,0.0,0.9230769230769231,-350.9054872677649,5,0.0
SYN_I405_001,SYN_TMC_001,12:50,62.32581901198364,1017.3583732504856,MD,1017.3501342940274,1017.3485650293652,speed_to_volume:s3+period_volume_anchor,1017.3583732504856,0.9999984574979555,1017.3485650293652,speed_to_volume_proxy,1357.624423112923,0.0,0.0,1017.3485650293652,9826.597168506221,9826.597168506221,0.0,0.9230769230769231,-340.27585808355786,5,0.0
SYN_I405_001,SYN_TMC_001,12:55,62.23552550278998,1024.9314055825448,MD,1024.9062065316693,1024.9046256117504,speed_to_volume:s3+period_volume_anchor,1024.9314055825448,0.9999984574979555,1024.9046256117504,speed_to_volume_proxy,1357.624423112923,0.0,0.0,1024.9046256117504,9912.005887307201,9912.005887307201,0.0,0.9230769230769231,-332.7197975011727,5,0.0
SYN_I405_001,SYN_TMC_001,13:00,62.084232083559286,1037.0752938773155,MD,1037.078475092232,1037.076875396564,speed_to_volume:s3+period_volume_anchor,1037.0752938773155,0.9999984574979555,1037.076875396564,speed_to_volume_proxy,1357.624423112923,0.0,0.0,1037.076875396564,9998.428960256915,9998.428960256915,0.0,0.9230769230769231,-320.5475477163591,5,0.0
SYN_I405_001,SYN_TMC_001,13:05,62.00204285309614,1043.4443522598544,MD,1043.4506087121777,1043.4489991874802,speed_to_volume:s3+period_volume_anchor,1043.4443522598544,0.9999984574979555,1043.4489991874802,speed_to_volume_proxy,1357.624423112923,0.0,0.0,1043.4489991874802,10085.383043522539,10085.383043522539,0.0,0.9230769230769231,-314.17542392544283,5,0.0
SYN_I405_001,SYN_TMC_001,13:10,61.7889373387446,1059.231557760021,MD,1059.2486190056864,1059.2469851125259,speed_to_volume:s3+period_volume_anchor,1059.231557760021,0.9999984574979555,1059.2469851125259,speed_to_volume_proxy,1357.624423112923,0.0,0.0,1059.2469851125259,10173.65362561525,10173.65362561525,0.0,0.9230769230769231,-298.3774380003972,5,0.0
SYN_I405_001,SYN_TMC_001,13:15,61.643062586616864,1069.51079996747,MD,1069.5063471934616,1069.5046974777345,speed_to_volume:s3+period_volume_anchor,1069.51079996747,0.9999984574979555,1069.5046974777345,speed_to_volume_proxy,1357.624423112923,0.0,0.0,1069.5046974777345,10262.779017071729,10262.779017071729,0.0,0.9230769230769231,-288.1197256351886,5,0.0
SYN_I405_001,SYN_TMC_001,13:20,61.45664014439223,1082.0197040226808,MD,1082.0164046106331,1082.0147355981169,speed_to_volume:s3+period_volume_anchor,1082.0197040226808,0.9999984574979555,1082.0147355981169,speed_to_volume_proxy,1357.624423112923,0.0,0.0,1082.0147355981169,10352.946911704905,10352.946911704905,0.0,0.9230769230769231,-275.6096875148062,5,0.0
SYN_I405_001,SYN_TMC_001,13:25,61.1138274627365,1103.4555688392015,MD,1103.44666534658,1103.4449632778426,speed_to_volume:s3+period_volume_anchor,1103.4555688392015,0.9999984574979555,1103.4449632778426,speed_to_volume_proxy,1357.624423112923,0.0,0.0,1103.4449632778426,10444.900658644725,10444.900658644725,0.0,0.9230769230769231,-254.17945983508048,5,0.0
SYN_I405_001,SYN_TMC_001,13:30,60.78673021734362,1122.216148371324,MD,1122.2212702508739,1122.21953922227,speed_to_volume:s3+period_volume_anchor,1122.216148371324,0.9999984574979555,1122.21953922227,speed_to_volume_proxy,1357.624423112923,0.0,0.0,1122.21953922227,10538.418953579914,10538.418953579914,0.0,0.9230769230769231,-235.40488389065308,5,0.0
SYN_I405_001,SYN_TMC_001,13:35,60.46727262911903,1139.1822361043298,MD,1139.1828573865619,1139.1811001946753,speed_to_volume:s3+period_volume_anchor,1139.1822361043298,0.9999984574979555,1139.1811001946753,speed_to_volume_proxy,1357.624423112923,0.0,0.0,1139.1811001946753,10633.35071192947,10633.35071192947,0.0,0.9230769230769231,-218.44332291824776,5,0.0
SYN_I405_001,SYN_TMC_001,13:40,60.00227422938527,1161.7839226042795,MD,1161.762589899546,1161.7607978783758,speed_to_volume:s3+period_volume_anchor,1161.7839226042795,0.9999984574979555,1161.7607978783758,speed_to_volume_proxy,1357.624423112923,0.0,0.0,1161.7607978783758,10730.164111752669,10730.164111752669,0.0,0.9230769230769231,-195.86362523454727,5,0.0
SYN_I405_001,SYN_TMC_001,13:45,59.596279752048986,1179.7028026034338,MD,1179.696186921639,1179.6943672378588,speed_to_volume:s3+period_volume_anchor,1179.7028026034338,0.9999984574979555,1179.6943672378588,speed_to_volume_proxy,1357.624423112923,0.0,0.0,1179.6943672378588,10828.471975689157,10828.471975689157,0.0,0.9230769230769231,-177.93005587506423,5,0.0
SYN_I405_001,SYN_TMC_001,13:50,58.93199916156517,1205.9915782161104,MD,1205.991454747014,1205.9895945027292,speed_to_volume:s3+period_volume_anchor,1205.9915782161104,0.9999984574979555,1205.9895945027292,speed_to_volume_proxy,1357.624423112923,0.0,0.0,1205.9895945027292,10928.971108564385,10928.971108564385,0.0,0.9230769230769231,-151.63482861019384,5,0.0
SYN_I405_001,SYN_TMC_001,13:55,58.08694470966198,1234.892961010552,MD,1234.8705487039863,1234.8686439136402,speed_to_volume:s3+period_volume_anchor,1234.892961010552,0.9999984574979555,1234.8686439136402,speed_to_volume_proxy,1357.624423112923,0.0,0.0,1234.8686439136402,11031.876828890521,11031.876828890521,0.0,0.9230769230769231,-122.75577919928287,5,0.0
SYN_I405_001,SYN_TMC_001,14:00,57.1105911492602,1263.0500840432137,MD,1263.0476452938856,1263.0456970403104,speed_to_volume:s3+period_volume_anchor,1263.0500840432137,0.9999984574979555,1263.0456970403104,speed_to_volume_proxy,1357.624423112923,0.0,0.0,1263.0456970403104,11137.130636977214,11137.130636977214,0.0,0.9230769230769231,-94.57872607261265,5,0.0
SYN_I405_001,SYN_TMC_001,14:05,56.12874473351948,1286.7976801914783,MD,1286.8056538475475,1286.8036689471955,speed_to_volume:s3+period_volume_anchor,1286.7976801914783,0.9999984574979555,1286.8036689471955,speed_to_volume_proxy,1357.624423112923,0.0,0.0,1286.8036689471955,11244.364276056147,11244.364276056147,0.0,0.9230769230769231,-70.82075416572752,5,0.0
SYN_I405_001,SYN_TMC_001,14:10,54.89891691814023,1311.2575788310085,MD,1311.264214032388,1311.262191404657,speed_to_volume:s3+period_volume_anchor,1311.2575788310085,0.9999984574979555,1311.262191404657,speed_to_volume_proxy,1357.624423112923,0.0,0.0,1311.262191404657,11353.636125339868,11353.636125339868,0.0,0.9230769230769231,-46.36223170826611,5,0.0
SYN_I405_001,SYN_TMC_001,14:15,53.64586399275602,1331.153044687739,MD,1331.1671358522703,1331.1650825242416,speed_to_volume:s3+period_volume_anchor,1331.153044687739,0.9999984574979555,1331.1650825242416,speed_to_volume_proxy,1357.624423112923,0.0,0.0,1331.1650825242416,11464.566548883555,11464.566548883555,0.0,0.9230769230769231,-26.45934058868147,5,0.0
SYN_I405_001,SYN_TMC_001,14:20,51.957592701698864,1351.4027944818245,MD,1351.4008022008463,1351.398717662346,speed_to_volume:s3+period_volume_anchor,1351.4027944818245,0.9999984574979555,1351.398717662346,speed_to_volume_proxy,1357.624423112923,0.0,0.0,1351.398717662346,11577.18310868875,11577.18310868875,0.0,0.9230769230769231,-6.225705450577152,5,0.0
SYN_I405_001,SYN_TMC_001,14:25,50.16244238208539,1366.034562721173,MD,1366.064114524583,1366.0620073678933,speed_to_volume:s3+period_volume_anchor,1366.034562721173,0.9999984574979555,1366.0620073678933,speed_to_volume_proxy,1357.624423112923,0.0,0.7031320212475123,1357.624423112923,11691.021609302741,11690.318477281495,5.0,5.923076923076923,8.437584254970261,5,0.0
SYN_I405_001,SYN_TMC_001,14:30,48.325856613261465,1374.977553397692,MD,1374.980766389403,1374.9786454787597,speed_to_volume:s3+period_volume_anchor,1374.977553397692,0.9999984574979555,1374.9786454787597,speed_to_volume_proxy,1357.624423112923,0.7031320212475123,2.1493172184005687,1357.624423112923,11805.603163092637,11803.453845874239,5.0,5.923076923076923,17.354222365836677,5,0.0
SYN_I405_001,SYN_TMC_001,14:35,46.150315443727386,1378.8284106557996,MD,1378.8119605413408,1378.8098337210727,speed_to_volume:s3+period_volume_anchor,1378.8284106557996,0.9999984574979555,1378.8098337210727,speed_to_volume_proxy,1357.624423112923,2.1493172184005687,3.914768102413035,1357.624423112923,11920.503982569393,11916.589214466983,5.0,5.923076923076923,21.185410608149596,5,0.0
SYN_I405_001,SYN_TMC_001,14:40,43.699621770003326,1375.6293535404652,MD,1375.6469515020904,1375.6448295638552,speed_to_volume:s3+period_volume_anchor,1375.6293535404652,0.9999984574979555,1375.6448295638552,speed_to_volume_proxy,1357.624423112923,3.914768102413035,5.416468639990711,1357.624423112923,12035.141051699715,12029.724583059728,5.0,5.923076923076923,18.020406450932114,5,0.0
SYN_I405_001,SYN_TMC_001,14:45,41.40777362465742,1366.4432044602104,MD,1366.4416292819942,1366.4395215429872,speed_to_volume:s3+period_volume_anchor,1366.4432044602104,0.9999984574979555,1366.4395215429872,speed_to_volume_proxy,1357.624423112923,5.416468639990711,6.151060175829386,1357.624423112923,12149.011011828297,12142.859951652472,5.0,5.923076923076923,8.815098430064154,5,0.0
SYN_I405_001,SYN_TMC_001,14:50,38.71870672321681,1348.77570883632,MD,1348.811405227209,1348.8093246828587,speed_to_volume:s3+period_volume_anchor,1348.77570883632,0.9999984574979555,1348.8093246828587,speed_to_volume_proxy,1291.2539636817228,6.151060175829386,10.947340259257373,1291.2539636817228,12261.411788885202,12250.46444862595,5.0,5.923076923076923,57.55536100113591,5,0.0
SYN_I405_001,SYN_TMC_001,14:55,36.49174438685259,1329.112015928093,MD,1329.1154822772078,1329.1134321138588,speed_to_volume:s3+period_volume_anchor,1329.112015928093,0.9999984574979555,1329.1134321138588,speed_to_volume_proxy,1224.8835042505223,10.947340259257373,19.633167581202088,1224.8835042505223,12372.171241561357,12352.53807398016,5.0,5.923076923076923,104.22992786333657,5,0.0
SYN_I405_001,SYN_TMC_001,15:00,34.003964097334304,1302.0252789246356,PM,1302.0262655198042,1302.0269259117429,speed_to_volume:s3+period_volume_anchor,1302.0252789246356,1.0000005072032387,1302.0269259117429,speed_to_volume_proxy,1158.513044819322,19.633167581202088,31.592657672237152,1158.513044819322,12480.673485387335,12449.080827715105,5.0,5.923076923076923,143.5138810924209,5,0.0
SYN_I405_001,SYN_TMC_001,15:05,31.4799222092468,1269.320435579106,PM,1269.3103201991833,1269.3109639974887,speed_to_volume:s3+period_volume_anchor,1269.320435579106,1.0000005072032387,1269.3109639974887,speed_to_volume_proxy,1092.1425853881215,31.592657672237152,46.35668922301777,1092.1425853881215,12586.449399053792,12540.092709830782,5.0,5.923076923076923,177.1683786093672,5,0.0
SYN_I405_001,SYN_TMC_001,15:10,29.196720903319655,1235.2846485396144,PM,1235.2997660217898,1235.300392569832,speed_to_volume:s3+period_volume_anchor,1235.2846485396144,1.0000005072032387,1235.300392569832,speed_to_volume_proxy,1025.7721259569212,46.35668922301777,63.81737810742702,1025.7721259569212,12689.391098434611,12625.573720327193,5.0,5.923076923076923,209.52826661291078,5,0.0
SYN_I405_001,SYN_TMC_001,15:15,27.091466828216177,1200.251588616694,PM,1200.2485225249047,1200.2491312948428,speed_to_volume:s3+period_volume_anchor,1200.251588616694,1.0000005072032387,1200.2491312948428,speed_to_volume_proxy,959.4016665257208,63.81737810742702,83.8880001715205,959.4016665257207,12789.411859375849,12705.523859204337,10.0,10.923076923076923,240.84746476912198,5,0.0
SYN_I405_001,SYN_TMC_001,15:20,25.10323409898991,1163.866697834544,PM,1163.8588733265797,1163.8594636395696,speed_to_volume:s3+period_volume_anchor,1163.866697834544,1.0000005072032387,1163.8594636395696,speed_to_volume_proxy,959.4016665257208,83.8880001715205,100.9261499310079,959.4016665257207,12886.400148012479,12785.473998081481,10.0,10.923076923076923,204.45779711384887,5,0.0
SYN_I405_001,SYN_TMC_001,15:25,23.255985317549577,1127.1202688741982,PM,1127.114550639822,1127.1151223159725,speed_to_volume:s3+period_volume_anchor,1127.1202688741982,1.0000005072032387,1127.1151223159725,speed_to_volume_proxy,959.4016665257208,100.9261499310079,114.9022712468622,959.4016665257207,12980.326408205477,12865.424136958625,10.0,10.923076923076923,167.71345579025171,5,0.0
SYN_I405_001,SYN_TMC_001,15:30,21.3735788286856,1086.654791484722,PM,1086.644426058157,1086.6449772077292,speed_to_volume:s3+period_volume_anchor,1086.654791484722,1.0000005072032387,1086.6449772077292,speed_to_volume_proxy,959.4016665257208,114.9022712468622,125.50588047036291,959.4016665257207,13070.880156306122,12945.37427583577,10.0,10.923076923076923,127.24331068200843,5,0.0
SYN_I405_001,SYN_TMC_001,15:35,19.86049657980815,1051.7701271132655,PM,1051.784912415835,1051.785445884549,speed_to_volume:s3+period_volume_anchor,1051.7701271132655,1.0000005072032387,1051.785445884549,speed_to_volume_proxy,959.4016665257208,125.50588047036291,133.20452875026527,959.4016665257207,13158.528943463169,13025.324414712913,10.0,10.923076923076923,92.38377935882829,5,0.0
SYN_I405_001,SYN_TMC_001,15:40,18.51260048709821,1018.879625389132,PM,1018.8773459583243,1018.8778627362141,speed_to_volume:s3+period_volume_anchor,1018.879625389132,1.0000005072032387,1018.8778627362141,speed_to_volume_proxy,959.4016665257208,133.20452875026527,138.16087843447303,959.4016665257207,13243.43543202452,13105.274553590058,10.0,10.923076923076923,59.4761962104933,5,0.0
SYN_I405_001,SYN_TMC_001,15:45,17.34745578572432,988.9334492621576,PM,988.9364992452157,988.937000837011,speed_to_volume:s3+period_volume_anchor,988.9334492621576,1.0000005072032387,988.937000837011,speed_to_volume_proxy,959.4016665257208,138.16087843447303,140.62215629374722,959.4016665257207,13325.846848760937,13185.224692467202,10.0,10.923076923076923,29.535334311290285,5,0.0
SYN_I405_001,SYN_TMC_001,15:50,16.184030148586462,957.5571269327468,PM,957.5643650316407,957.564850711388,speed_to_volume:s3+period_volume_anchor,957.5571269327468,1.0000005072032387,957.564850711388,speed_to_volume_proxy,959.4016665257208,140.62215629374722,140.4690883092195,959.4016665257207,13405.643919653552,13265.174831344346,10.0,10.923076923076923,-1.8368158143327946,5,0.0
SYN_I405_001,SYN_TMC_001,15:55,15.188726607813502,929.4776701894082,PM,929.4744981215616,929.4749695540374,speed_to_volume:s3+period_volume_anchor,929.4776701894082,1.0000005072032387,929.4749695540374,speed_to_volume_proxy,959.4016665257208,140.4690883092195,137.97519689491256,959.4016665257207,13483.100167116389,13345.12497022149,10.0,10.923076923076923,-29.926696971683327,5,0.0
SYN_I405_001,SYN_TMC_001,16:00,14.17842054735054,899.698870763111,PM,899.6928752651891,899.6933315923293,speed_to_volume:s3+period_volume_anchor,899.698870763111,1.0000005072032387,899.6933315923293,speed_to_volume_proxy,959.4016665257208,137.97519689491256,132.99950231712995,959.4016665257207,13558.07461141575,13425.075109098634,10.0,10.923076923076923,-59.708334933391484,5,0.0
SYN_I405_001,SYN_TMC_001,16:05,13.570077202462183,881.1098468261229,PM,881.1017383602864,881.1021852579418,speed_to_volume:s3+period_volume_anchor,881.1098468261229,1.0000005072032387,881.1021852579418,speed_to_volume_proxy,959.4016665257208,132.99950231712995,126.47454554481504,959.4016665257207,13631.49979352058,13505.025247975778,10.0,10.923076923076923,-78.29948126777902,5,0.0
SYN_I405_001,SYN_TMC_001,16:10,12.86219388042142,858.8078708454929,PM,858.8039680146084,858.8044036027624,speed_to_volume:s3+period_volume_anchor,858.8078708454929,1.0000005072032387,858.8044036027624,speed_to_volume_proxy,959.4016665257208,126.47454554481504,118.0914403012352,959.4016665257207,13703.066827154144,13584.975386852922,10.0,10.923076923076923,-100.59726292295841,5,0.0
SYN_I405_001,SYN_TMC_001,16:15,12.246713125652471,838.8022750892335,PM,838.8008332690652,838.8012587115644,speed_to_volume:s3+period_volume_anchor,838.8022750892335,1.0000005072032387,838.8012587115644,speed_to_volume_proxy,959.4016665257208,118.0914403012352,108.04140631672217,959.4016665257207,13772.966932046775,13664.925525730067,10.0,10.923076923076923,-120.60040781415637,5,0.0
SYN_I405_001,SYN_TMC_001,16:20,11.635682591928107,818.3402012031436,PM,818.338822421249,818.3392374853502,speed_to_volume:s3+period_volume_anchor,818.3402012031436,1.0000005072032387,818.3392374853502,speed_to_volume_proxy,959.4016665257208,108.04140631672217,96.28620389669129,959.4016665257207,13841.161868503887,13744.87566460721,10.0,10.923076923076923,-141.0624290403706,5,0.0
SYN_I405_001,SYN_TMC_001,16:25,11.404809839727626,810.4391551994069,PM,810.4428366351328,810.4432476943643,speed_to_volume:s3+period_volume_anchor,810.4391551994069,1.0000005072032387,810.4432476943643,speed_to_volume_proxy,959.4016665257208,96.28620389669129,83.8730023274116,959.4016665257207,13908.69880581175,13824.825803484355,10.0,10.923076923076923,-148.95841883135643,5,0.0
SYN_I405_001,SYN_TMC_001,16:30,11.05973495359588,798.4718393987062,PM,798.4653611435141,798.4657661277313,speed_to_volume:s3+period_volume_anchor,798.4718393987062,1.0000005072032387,798.4657661277313,speed_to_volume_proxy,959.4016665257208,83.8730023274116,70.46167729424582,959.4016665257207,13975.237619655727,13904.775942361499,5.0,5.923076923076923,-160.93590039798949,5,0.0
SYN_I405_001,SYN_TMC_001,16:35,10.722689582446034,786.5506317392376,PM,786.556127159467,786.5565261032822,speed_to_volume:s3+period_volume_anchor,786.5506317392376,1.0000005072032387,786.5565261032822,speed_to_volume_proxy,959.4016665257208,70.46167729424582,56.057915592375934,959.4016665257207,14040.783996831,13984.726081238643,5.0,5.923076923076923,-172.8451404224386,5,0.0
SYN_I405_001,SYN_TMC_001,16:40,10.47211287181332,777.5639968558129,PM,777.5623550365437,777.5627494186886,speed_to_volume:s3+period_volume_anchor,777.5639968558129,1.0000005072032387,777.5627494186886,speed_to_volume_proxy,959.4016665257208,56.057915592375934,40.904672500123255,959.4016665257207,14105.580892615892,14064.676220115787,5.0,5.923076923076923,-181.83891710703222,5,0.0
SYN_I405_001,SYN_TMC_001,16:45,10.241112694470464,769.1560020507052,PM,769.1619872545538,769.1623773760048,speed_to_volume:s3+period_volume_anchor,769.1560020507052,1.0000005072032387,769.1623773760048,speed_to_volume_proxy,959.4016665257208,40.904672500123255,25.051398404313588,959.4016665257207,14169.677757397225,14144.626358992931,5.0,5.923076923076923,-190.239289149716,5,0.0
SYN_I405_001,SYN_TMC_001,16:50,10.023411921412425,761.151373774667,PM,761.1464583947939,761.1468444507427,speed_to_volume:s3+period_volume_anchor,761.151373774667,1.0000005072032387,761.1468444507427,speed_to_volume_proxy,959.4016665257208,25.051398404313588,8.53016323139876,959.4016665257207,14233.106661101454,14224.576497870075,5.0,5.923076923076923,-198.25482207497805,5,0.0
SYN_I405_001,SYN_TMC_001,16:55,10.14345793682423,765.5784474924565,PM,765.5784596165427,765.5788479204169,speed_to_volume:s3+period_volume_anchor,765.5784474924565,1.0000005072032387,765.5788479204169,speed_to_volume_proxy,959.4016665257208,8.53016323139876,0.0,867.9408066972021,14296.904898428156,14296.904898428176,0.0,0.9230769230769231,-193.82281860530384,5,0.0
SYN_I405_001,SYN_TMC_001,17:00,10.04061815893913,761.7784064356445,PM,761.7835295975827,761.7839159766562,speed_to_volume:s3+period_volume_anchor,761.7784064356445,1.0000005072032387,761.7839159766562,speed_to_volume_proxy,959.4016665257208,0.0,0.0,761.7839159766562,14360.386891426211,14360.386891426231,0.0,0.9230769230769231,-197.61775054906457,5,0.0
SYN_I405_001,SYN_TMC_001,17:05,10.036441214817064,761.6285869660238,PM,761.6289323274008,761.6293186280619,speed_to_volume:s3+period_volume_anchor,761.6285869660238,1.0000005072032387,761.6293186280619,speed_to_volume_proxy,959.4016665257208,0.0,0.0,761.6293186280619,14423.856001311882,14423.856001311902,0.0,0.9230769230769231,-197.77234789765885,5,0.0
SYN_I405_001,SYN_TMC_001,17:10,10.199197247112288,767.623989326234,PM,767.6262411121044,767.62663045462,speed_to_volume:s3+period_volume_anchor,767.623989326234,1.0000005072032387,767.62663045462,speed_to_volume_proxy,959.4016665257208,0.0,0.0,767.62663045462,14487.8248871831,14487.82488718312,0.0,0.9230769230769231,-191.77503607110077,5,0.0
SYN_I405_001,SYN_TMC_001,17:15,10.480682463648453,777.8663321377152,PM,777.8719535986098,777.872348137784,speed_to_volume:s3+period_volume_anchor,777.8663321377152,1.0000005072032387,777.872348137784,speed_to_volume_proxy,959.4016665257208,0.0,0.0,777.872348137784,14552.64758286125,14552.64758286127,0.0,0.9230769230769231,-181.52931838793677,5,0.0
SYN_I405_001,SYN_TMC_001,17:20,10.527216630521687,779.5511347897211,PM,779.5506070715788,779.5510024621715,speed_to_volume:s3+period_volume_anchor,779.5511347897211,1.0000005072032387,779.5510024621715,speed_to_volume_proxy,959.4016665257208,0.0,0.0,779.5510024621714,14617.610166399763,14617.610166399783,0.0,0.9230769230769231,-179.8506640635493,5,0.0
SYN_I405_001,SYN_TMC_001,17:25,10.943203515607689,794.3679879259473,PM,794.3717614814786,794.3721643894088,speed_to_volume:s3+period_volume_anchor,794.3679879259473,1.0000005072032387,794.3721643894088,speed_to_volume_proxy,959.4016665257208,0.0,0.0,794.3721643894088,14683.807846765547,14683.807846765567,0.0,0.9230769230769231,-165.02950213631198,5,0.0
SYN_I405_001,SYN_TMC_001,17:30,11.249664234713864,805.0865932415911,PM,805.0841954926217,805.0846038339331,speed_to_volume:s3+period_volume_anchor,805.0865932415911,1.0000005072032387,805.0846038339331,speed_to_volume_proxy,959.4016665257208,0.0,0.0,805.0846038339331,14750.898230418374,14750.898230418394,0.0,0.9230769230769231,-154.31706269178767,5,0.0
SYN_I405_001,SYN_TMC_001,17:35,11.737753996167871,821.8012741993731,PM,821.800425717619,821.8008425374564,speed_to_volume:s3+period_volume_anchor,821.8012741993731,1.0000005072032387,821.8008425374564,speed_to_volume_proxy,959.4016665257208,0.0,0.0,821.8008425374564,14819.381633963161,14819.381633963181,0.0,0.9230769230769231,-137.60082398826432,5,0.0
SYN_I405_001,SYN_TMC_001,17:40,12.206488351012288,837.4764524092927,PM,837.4726973530526,837.4731221219171,speed_to_volume:s3+period_volume_anchor,837.4764524092927,1.0000005072032387,837.4731221219171,speed_to_volume_proxy,959.4016665257208,0.0,0.0,837.4731221219171,14889.171060806655,14889.171060806675,0.0,0.9230769230769231,-121.9285444038037,5,0.0
SYN_I405_001,SYN_TMC_001,17:45,12.856191772970067,858.6082346995712,PM,858.6117278905524,858.6121633812016,speed_to_volume:s3+period_volume_anchor,858.6082346995712,1.0000005072032387,858.6121633812016,speed_to_volume_proxy,959.4016665257208,0.0,0.0,858.6121633812016,14960.722074421756,14960.722074421776,0.0,0.9230769230769231,-100.78950314451913,5,0.0
SYN_I405_001,SYN_TMC_001,17:50,13.441960912777429,877.1173798581694,PM,877.1203038505901,877.120748728849,speed_to_volume:s3+period_volume_anchor,877.1173798581694,1.0000005072032387,877.120748728849,speed_to_volume_proxy,959.4016665257208,0.0,0.0,877.1207487288489,15033.81547014916,15033.81547014918,0.0,0.9230769230769231,-82.28091779687179,5,0.0
SYN_I405_001,SYN_TMC_001,17:55,14.243329532698274,901.6284468307412,PM,901.6465479592437,901.647005277293,speed_to_volume:s3+period_volume_anchor,901.6284468307412,1.0000005072032387,901.647005277293,speed_to_volume_proxy,959.4016665257208,0.0,0.0,901.647005277293,15108.952720588935,15108.952720588955,0.0,0.9230769230769231,-57.75466124842774,5,0.0
SYN_I405_001,SYN_TMC_001,18:00,15.155519569548256,928.520613183818,PM,928.5164429882701,928.5169139348172,speed_to_volume:s3+period_volume_anchor,928.520613183818,1.0000005072032387,928.5169139348172,speed_to_volume_proxy,959.4016665257208,0.0,0.0,928.5169139348171,15186.329130083503,15186.329130083523,0.0,0.9230769230769231,-30.88475259090353,5,0.0
SYN_I405_001,SYN_TMC_001,18:05,16.250606771060195,959.4051169751276,PM,959.4011799143351,959.4016665257208,speed_to_volume:s3+period_volume_anchor,959.4051169751276,1.0000005072032387,959.4016665257208,speed_to_volume_proxy,959.4016665257208,0.0,0.0,959.4016665257207,15266.279268960647,15266.279268960667,0.0,0.9230769230769231,0.0,5,0.0
SYN_I405_001,SYN_TMC_001,18:10,17.51208150533019,993.2646022846642,PM,993.254375218269,993.254879000105,speed_to_volume:s3+period_volume_anchor,993.2646022846642,1.0000005072032387,993.254879000105,speed_to_volume_proxy,959.4016665257208,0.0,2.8211010395320244,959.4016665257207,15349.050508877322,15346.22940783781,5.0,5.923076923076923,33.853212474384236,5,0.0
SYN_I405_001,SYN_TMC_001,18:15,18.8928808957988,1028.3423220898153,PM,1028.3447192485016,1028.3452408282737,speed_to_volume:s3+period_volume_anchor,1028.3423220898153,1.0000005072032387,1028.3452408282737,speed_to_volume_proxy,959.4016665257208,2.8211010395320244,8.566398898078106,959.4016665257207,15434.745945613013,15426.179546714955,5.0,5.923076923076923,68.94357430255297,5,0.0
SYN_I405_001,SYN_TMC_001,18:20,20.35262066101724,1063.3645144044715,PM,1063.3583521116311,1063.3588914504312,speed_to_volume:s3+period_volume_anchor,1063.3645144044715,1.0000005072032387,1063.3588914504312,speed_to_volume_proxy,959.4016665257208,8.566398898078106,17.229500975137313,959.4016665257207,15523.359186567215,15506.1296855921,5.0,5.923076923076923,103.95722492471043,5,0.0
SYN_I405_001,SYN_TMC_001,18:25,22.16533552867713,1104.0508911535014,PM,1104.0483853715925,1104.0489453485093,speed_to_volume:s3+period_volume_anchor,1104.0508911535014,1.0000005072032387,1104.0489453485093,speed_to_volume_proxy,959.4016665257208,17.229500975137313,29.283440877036355,959.4016665257207,15615.363265346257,15586.079824469243,5.0,5.923076923076923,144.6472788227885,5,0.0
SYN_I405_001,SYN_TMC_001,18:30,24.0883501169666,1144.026714324288,PM,1144.0276972841484,1144.0282775387018,speed_to_volume:s3+period_volume_anchor,1144.026714324288,1.0000005072032387,1144.0282775387018,speed_to_volume_proxy,959.4016665257208,29.283440877036355,44.66899179478477,959.4016665257207,15710.69895514115,15666.029963346387,5.0,5.923076923076923,184.62661101298102,5,0.0
SYN_I405_001,SYN_TMC_001,18:35,26.351511328179757,1187.0697333796015,PM,1187.0819652871874,1187.0825673790048,speed_to_volume:s3+period_volume_anchor,1187.0697333796015,1.0000005072032387,1187.0825673790048,speed_to_volume_proxy,959.4016665257208,44.66899179478477,63.64240019922511,959.4016665257207,15809.622502422733,15745.980102223532,5.0,5.923076923076923,227.68090085328402,5,0.0
SYN_I405_001,SYN_TMC_001,18:40,28.66366586527841,1226.7678544974242,PM,1226.7601064075272,1226.7607286242264,speed_to_volume:s3+period_volume_anchor,1226.7678544974242,1.0000005072032387,1226.7607286242264,speed_to_volume_proxy,959.4016665257208,63.64240019922511,85.92232204076726,959.4016665257207,15911.85256314142,15825.930241100676,10.0,10.923076923076923,267.35906209850566,5,0.0
SYN_I405_001,SYN_TMC_001,18:45,31.3719911297466,1267.7949705308558,PM,1267.796481032957,1267.7971240634383,speed_to_volume:s3+period_volume_anchor,1267.7949705308558,1.0000005072032387,1267.7971240634383,speed_to_volume_proxy,959.4016665257208,85.92232204076726,111.62194350224371,959.4016665257207,16017.50232348004,15905.88037997782,10.0,10.923076923076923,308.39545753771756,5,0.0
SYN_I405_001,SYN_TMC_001,18:50,34.11789999529315,1303.392805505036,PM,1303.3802965001762,1303.380957578884,speed_to_volume:s3+period_volume_anchor,1303.392805505036,1.0000005072032387,1303.380957578884,speed_to_volume_proxy,1027.3061709686485,111.62194350224371,134.6281757197633,1027.3061709686485,16126.11740327828,15991.48922755854,10.0,10.923076923076923,276.0747866102354,5,0.0
SYN_I405_001,SYN_TMC_001,18:55,36.98925210482098,1333.9052866661195,PM,1333.8978466327276,1333.8985231900356,speed_to_volume:s3+period_volume_anchor,1333.9052866661195,1.0000005072032387,1333.8985231900356,speed_to_volume_proxy,1095.2106754115762,134.6281757197633,154.51882970130157,1095.2106754115762,16237.275613544116,16082.756783842839,10.0,10.923076923076923,238.6878477784594,5,0.0
SYN_I405_001,SYN_TMC_001,19:00,40.07473698109963,1358.5551177717505,NT2,1358.5779774465834,1358.5667946574758,speed_to_volume:s3+period_volume_anchor,1358.5551177717505,0.9999917687543202,1358.5667946574758,speed_to_volume_proxy,1163.1151798545038,154.51882970130157,170.8064642682159,1163.1151798545038,16350.489513098906,16179.683048830713,10.0,10.923076923076923,195.45161480297202,5,0.0
SYN_I405_001,SYN_TMC_001,19:05,43.50942782699296,1375.1033569519968,NT2,1375.101910510758,1375.0905917090977,speed_to_volume:s3+period_volume_anchor,1375.1033569519968,0.9999917687543202,1375.0905917090977,speed_to_volume_proxy,1231.0196842974315,170.8064642682159,182.8123732191881,1231.0196842974315,16465.08039574133,16282.268022522167,10.0,10.923076923076923,144.0709074116662,5,0.0
SYN_I405_001,SYN_TMC_001,19:10,46.23443747697905,1378.7662127504009,NT2,1378.7864256902515,1378.7750765604417,speed_to_volume:s3+period_volume_anchor,1378.7662127504009,0.9999917687543202,1378.7750765604417,speed_to_volume_proxy,1298.924188740359,182.8123732191881,189.46661387086164,1298.924188740359,16579.978318788035,16390.511704917197,10.0,10.923076923076923,79.85088782008256,5,0.0
SYN_I405_001,SYN_TMC_001,19:15,49.42478515643439,1370.3380649721676,NT2,1370.3278194850159,1370.3165399800719,speed_to_volume:s3+period_volume_anchor,1370.3380649721676,0.9999917687543202,1370.3165399800719,speed_to_volume_proxy,1366.8286931832868,189.46661387086164,189.75726777059373,1366.8286931832868,16694.171363786376,16504.414096015804,10.0,10.923076923076923,3.4878467967851066,5,0.0
SYN_I405_001,SYN_TMC_001,19:20,52.09252771373392,1350.039965841057,NT2,1350.0299514079109,1350.0188389797056,speed_to_volume:s3+period_volume_anchor,1350.039965841057,0.9999917687543202,1350.0188389797056,speed_to_volume_proxy,1366.8286931832868,189.75726777059373,188.35644658696197,1366.8286931832868,16806.672933701353,16618.31648711441,10.0,10.923076923076923,-16.809854203581153,5,0.0
SYN_I405_001,SYN_TMC_001,19:25,54.4498808907915,1318.9221910310605,NT2,1318.9303392499742,1318.9194828103173,speed_to_volume:s3+period_volume_anchor,1318.9221910310605,0.9999917687543202,1318.9194828103173,speed_to_volume_proxy,1366.8286931832868,188.35644658696197,184.3640123892145,1366.8286931832868,16916.582890602214,16732.218878213018,10.0,10.923076923076923,-47.90921037296948,5,0.0
SYN_I405_001,SYN_TMC_001,19:30,56.576206226349015,1276.442107249063,NT2,1276.4919904228914,1276.4814833037099,speed_to_volume:s3+period_volume_anchor,1276.442107249063,0.9999917687543202,1276.4814833037099,speed_to_volume_proxy,1366.8286931832868,184.3640123892145,176.8350782325831,1366.8286931832868,17022.95634754419,16846.121269311625,10.0,10.923076923076923,-90.3472098795769,5,0.0
SYN_I405_001,SYN_TMC_001,19:35,58.557545237998525,1219.3732596385462,NT2,1219.3632378954546,1219.3532010170707,speed_to_volume:s3+period_volume_anchor,1219.3732596385462,0.9999917687543202,1219.3532010170707,speed_to_volume_proxy,1366.8286931832868,176.8350782325831,164.54545388539844,1366.8286931832868,17124.569114295613,16960.023660410232,10.0,10.923076923076923,-147.4754921662161,5,0.0
SYN_I405_001,SYN_TMC_001,19:40,59.932241427182575,1164.974477459967,NT2,1164.9676086268519,1164.9580194922562,speed_to_volume:s3+period_volume_anchor,1164.974477459967,0.9999917687543202,1164.9580194922562,speed_to_volume_proxy,1366.8286931832868,164.54545388539844,147.7228977444792,1366.8286931832868,17221.6489492533,17073.92605150884,10.0,10.923076923076923,-201.87067369103056,5,0.0
SYN_I405_001,SYN_TMC_001,19:45,61.07107922664282,1105.979297286955,NT2,1105.987999139038,1105.9788954800981,speed_to_volume:s3+period_volume_anchor,1105.979297286955,0.9999917687543202,1105.9788954800981,speed_to_volume_proxy,1366.8286931832868,147.7228977444792,125.98541460254681,1366.8286931832868,17313.813857209974,17187.828442607446,10.0,10.923076923076923,-260.84979770318864,5,0.0
SYN_I405_001,SYN_TMC_001,19:50,62.05285428972864,1039.5371392913653,NT2,1039.5304618481132,1039.52190521749,speed_to_volume:s3+period_volume_anchor,1039.5371392913653,0.9999917687543202,1039.52190521749,speed_to_volume_proxy,1366.8286931832868,125.98541460254681,98.70984893873042,1366.8286931832868,17400.440682644767,17301.730833706053,5.0,5.923076923076923,-327.30678796579673,5,0.0
SYN_I405_001,SYN_TMC_001,19:55,62.77605045865221,975.843323112422,NT2,975.887714464431,975.8796816928974,speed_to_volume:s3+period_volume_anchor,975.843323112422,0.9999917687543202,975.8796816928974,speed_to_volume_proxy,1366.8286931832868,98.70984893873042,66.13076464786464,1366.8286931832868,17481.76398945251,17415.63322480466,5.0,5.923076923076923,-390.94901149038935,5,0.0
SYN_I405_001,SYN_TMC_001,20:00,63.29334897824888,918.0393696686846,NT2,918.0683080799339,918.0607512341393,speed_to_volume:s3+period_volume_anchor,918.0393696686846,0.9999917687543202,918.0607512341393,speed_to_volume_proxy,1366.8286931832868,66.13076464786464,28.73343615210233,1366.8286931832868,17558.269052055355,17529.535615903267,5.0,5.923076923076923,-448.7679419491475,5,0.0
SYN_I405_001,SYN_TMC_001,20:05,63.7235096405628,857.3914148685069,NT2,857.3870031092459,857.3799457461806,speed_to_volume:s3+period_volume_anchor,857.3914148685069,0.9999917687543202,857.3799457461806,speed_to_volume_proxy,1366.8286931832868,28.73343615210233,0.0,1202.1811795714086,17629.717380867536,17629.71738086755,0.0,0.9230769230769231,-509.44874743710614,5,0.0
SYN_I405_001,SYN_TMC_001,20:10,64.02974449065755,802.9453361506114,NT2,802.9575636802921,802.950954339315,speed_to_volume:s3+period_volume_anchor,802.9453361506114,0.9999917687543202,802.950954339315,speed_to_volume_proxy,1366.8286931832868,0.0,0.0,802.9509543393149,17696.629960395814,17696.62996039583,0.0,0.9230769230769231,-563.8777388439718,5,0.0
SYN_I405_001,SYN_TMC_001,20:15,64.26735025650432,750.2586531583573,NT2,750.237522449874,750.2313470605085,speed_to_volume:s3+period_volume_anchor,750.2586531583573,0.9999917687543202,750.2313470605085,speed_to_volume_proxy,1366.8286931832868,0.0,0.0,750.2313470605085,17759.149239317525,17759.14923931754,0.0,0.9230769230769231,-616.5973461227783,5,0.0
SYN_I405_001,SYN_TMC_001,20:20,64.43001614713278,705.7214838699808,NT2,705.7086283514967,705.7028194903984,speed_to_volume:s3+period_volume_anchor,705.7214838699808,0.9999917687543202,705.7028194903984,speed_to_volume_proxy,1366.8286931832868,0.0,0.0,705.7028194903984,17817.957807608393,17817.957807608407,0.0,0.9230769230769231,-661.1258736928884,5,0.0
SYN_I405_001,SYN_TMC_001,20:25,64.56148578100215,661.7744673707077,NT2,661.7718155616209,661.766368355223,speed_to_volume:s3+period_volume_anchor,661.7744673707077,0.9999917687543202,661.766368355223,speed_to_volume_proxy,1366.8286931832868,0.0,0.0,661.766368355223,17873.105004971327,17873.10500497134,0.0,0.9230769230769231,-705.0623248280638,5,0.0
SYN_I405_001,SYN_TMC_001,20:30,64.66145636485324,620.9203649124029,NT2,620.9198019825344,620.9146910390969,speed_to_volume:s3+period_volume_anchor,620.9203649124029,0.9999917687543202,620.9146910390969,speed_to_volume_proxy,1366.8286931832868,0.0,0.0,620.9146910390969,17924.847895891253,17924.847895891267,0.0,0.9230769230769231,-745.9140021441899,5,0.0
SYN_I405_001,SYN_TMC_001,20:35,64.73807058140326,582.7772980671942,NT2,582.772515325118,582.7677183813689,speed_to_volume:s3+period_volume_anchor,582.7772980671942,0.9999917687543202,582.7677183813689,speed_to_volume_proxy,1366.8286931832868,0.0,0.0,582.7677183813689,17973.411872423032,17973.411872423047,0.0,0.9230769230769231,-784.0609748019178,5,0.0
SYN_I405_001,SYN_TMC_001,20:40,64.790816207535,551.2044235235542,NT2,551.195896696733,551.1913596678896,speed_to_volume:s3+period_volume_anchor,551.2044235235542,0.9999917687543202,551.1913596678896,speed_to_volume_proxy,1366.8286931832868,0.0,0.0,551.1913596678896,18019.34448572869,18019.344485728703,0.0,0.9230769230769231,-815.6373335153971,5,0.0
SYN_I405_001,SYN_TMC_001,20:45,64.83279639149808,521.3991877530874,NT2,521.3882732271857,521.3839815522141,speed_to_volume:s3+period_volume_anchor,521.3991877530874,0.9999917687543202,521.3839815522141,speed_to_volume_proxy,1366.8286931832868,0.0,0.0,521.3839815522141,18062.79315085804,18062.793150858055,0.0,0.9230769230769231,-845.4447116310727,5,0.0
SYN_I405_001,SYN_TMC_001,20:50,64.86450850463802,494.8206734244189,NT2,494.8354543094653,494.8313811972698,speed_to_volume:s3+period_volume_anchor,494.8206734244189,0.9999917687543202,494.8313811972698,speed_to_volume_proxy,1366.8286931832868,0.0,0.0,494.8313811972698,18104.029099291147,18104.02909929116,0.0,0.9230769230769231,-871.9973119860169,5,0.0
SYN_I405_001,SYN_TMC_001,20:55,64.88632593791961,473.6705244041517,NT2,473.68511881766347,473.6812197990756,speed_to_volume:s3+period_volume_anchor,473.6705244041517,0.9999917687543202,473.6812197990756,speed_to_volume_proxy,1366.8286931832868,0.0,0.0,473.68121979907556,18143.502534274405,18143.50253427442,0.0,0.9230769230769231,-893.1474733842111,5,0.0
SYN_I405_001,SYN_TMC_001,21:00,64.90210005916839,456.3893542831544,NT2,456.39025317859284,456.38649651829303,speed_to_volume:s3+period_volume_anchor,456.3893542831544,0.9999917687543202,456.38649651829303,speed_to_volume_proxy,1366.8286931832868,0.0,0.0,456.38649651829303,18181.534742317595,18181.53474231761,0.0,0.9230769230769231,-910.4421966649937,5,0.0
SYN_I405_001,SYN_TMC_001,21:05,64.91862312611563,435.8556494645685,NT2,435.84867703864927,435.84508946110935,speed_to_volume:s3+period_volume_anchor,435.8556494645685,0.9999917687543202,435.84508946110935,speed_to_volume_proxy,1366.8286931832868,0.0,0.0,435.84508946110935,18217.855166439356,18217.85516643937,0.0,0.9230769230769231,-930.9836037221773,5,0.0
SYN_I405_001,SYN_TMC_001,21:10,64.92988273034862,419.9745584674232,NT2,419.9663271521841,419.96287030616804,speed_to_volume:s3+period_volume_anchor,419.9745584674232,0.9999917687543202,419.96287030616804,speed_to_volume_proxy,1366.8286931832868,0.0,0.0,419.96287030616804,18252.852072298203,18252.852072298218,0.0,0.9230769230769231,-946.8658228771187,5,0.0
SYN_I405_001,SYN_TMC_001,21:15,64.9388230063902,405.9314623436638,NT2,405.9227348346107,405.91939358485325,speed_to_volume:s3+period_volume_anchor,405.9314623436638,0.9999917687543202,405.91939358485325,speed_to_volume_proxy,1366.8286931832868,0.0,0.0,405.91939358485325,18286.678688430275,18286.67868843029,0.0,0.9230769230769231,-960.9092995984336,5,0.0
SYN_I405_001,SYN_TMC_001,21:20,64.94452896620308,396.1294778492669,NT2,396.12968630682104,396.126425666052,speed_to_volume:s3+period_volume_anchor,396.1294778492669,0.9999917687543202,396.126425666052,speed_to_volume_proxy,1366.8286931832868,0.0,0.0,396.126425666052,18319.689223902446,18319.68922390246,0.0,0.9230769230769231,-970.7022675172348,5,0.0
SYN_I405_001,SYN_TMC_001,21:25,64.95103571292913,383.986897320231,NT2,383.98902545843856,383.98586475043163,speed_to_volume:s3+period_volume_anchor,383.986897320231,0.9999917687543202,383.98586475043163,speed_to_volume_proxy,1366.8286931832868,0.0,0.0,383.98586475043163,18351.68804596498,18351.688045964995,0.0,0.9230769230769231,-982.8428284328552,5,0.0
SYN_I405_001,SYN_TMC_001,21:30,64.9553218221275,375.3168926440009,NT2,375.31119219856726,375.3081029199379,speed_to_volume:s3+period_volume_anchor,375.3168926440009,0.9999917687543202,375.3081029199379,speed_to_volume_proxy,1366.8286931832868,0.0,0.0,375.3081029199379,18382.963721208307,18382.96372120832,0.0,0.9230769230769231,-991.5205902633488,5,0.0
SYN_I405_001,SYN_TMC_001,21:35,64.95901209408564,367.32209525855865,NT2,367.32275567580547,367.3197321519597,speed_to_volume:s3+period_volume_anchor,367.32209525855865,0.9999917687543202,367.3197321519597,speed_to_volume_proxy,1366.8286931832868,0.0,0.0,367.3197321519597,18413.573698887638,18413.573698887652,0.0,0.9230769230769231,-999.5089610313271,5,0.0
SYN_I405_001,SYN_TMC_001,21:40,64.96189369142579,360.6972847581822,NT2,360.6998263616915,360.69685735280405,speed_to_volume:s3+period_volume_anchor,360.6972847581822,0.9999917687543202,360.69685735280405,speed_to_volume_proxy,1366.8286931832868,0.0,0.0,360.69685735280405,18443.631770333704,18443.63177033372,0.0,0.9230769230769231,-1006.1318358304827,5,0.0
SYN_I405_001,SYN_TMC_001,21:45,64.96446370159511,354.466302902715,NT2,354.46740315496817,354.4644854466873,speed_to_volume:s3+period_volume_anchor,354.466302902715,0.9999917687543202,354.4644854466873,speed_to_volume_proxy,1366.8286931832868,0.0,0.0,354.4644854466873,18473.170477454263,18473.170477454278,0.0,0.9230769230769231,-1012.3642077365994,5,0.0
SYN_I405_001,SYN_TMC_001,21:50,64.96610274119068,350.31364414011523,NT2,350.3134669477938,350.3105834315824,speed_to_volume:s3+period_volume_anchor,350.31364414011523,0.9999917687543202,350.3105834315824,speed_to_volume_proxy,1366.8286931832868,0.0,0.0,350.3105834315824,18502.363026073563,18502.363026073577,0.0,0.9230769230769231,-1016.5181097517043,5,0.0
SYN_I405_001,SYN_TMC_001,21:55,64.96819685284383,344.77507611048054,NT2,344.7805857712138,344.77774779750666,speed_to_volume:s3+period_volume_anchor,344.77507611048054,0.9999917687543202,344.77774779750666,speed_to_volume_proxy,1366.8286931832868,0.0,0.0,344.77774779750666,18531.094505056688,18531.094505056702,0.0,0.9230769230769231,-1022.0509453857801,5,0.0
SYN_I405_001,SYN_TMC_001,22:00,64.96949621195901,341.2094105190605,NT2,341.20841676585394,341.20560819554754,speed_to_volume:s3+period_volume_anchor,341.2094105190605,0.9999917687543202,341.20560819554754,speed_to_volume_proxy,1366.8286931832868,0.0,0.0,341.20560819554754,18559.528305739652,18559.528305739666,0.0,0.9230769230769231,-1025.6230849877393,5,0.0
SYN_I405_001,SYN_TMC_001,22:05,64.97030145082496,338.9356048337306,NT2,338.93690139472284,338.9341115218175,speed_to_volume:s3+period_volume_anchor,338.9356048337306,0.9999917687543202,338.9341115218175,speed_to_volume_proxy,1366.8286931832868,0.0,0.0,338.9341115218175,18587.772815033135,18587.77281503315,0.0,0.9230769230769231,-1027.8945816614691,5,0.0
SYN_I405_001,SYN_TMC_001,22:10,64.97106863948497,336.7294131704678,NT2,336.72926255960004,336.72649085831233,speed_to_volume:s3+period_volume_anchor,336.7294131704678,0.9999917687543202,336.72649085831233,speed_to_volume_proxy,1366.8286931832868,0.0,0.0,336.72649085831233,18615.833355937993,18615.833355938008,0.0,0.9230769230769231,-1030.1022023249743,5,0.0
SYN_I405_001,SYN_TMC_001,22:15,64.9714889602296,335.4863228697112,NT2,335.50105499280374,335.49829340119425,speed_to_volume:s3+period_volume_anchor,335.4863228697112,0.9999917687543202,335.49829340119425,speed_to_volume_proxy,1366.8286931832868,0.0,0.0,335.49829340119425,18643.79154705476,18643.791547054774,0.0,0.9230769230769231,-1031.3303997820926,5,0.0
SYN_I405_001,SYN_TMC_001,22:20,64.97276780833575,331.6741390688045,NT2,331.6785214105142,331.67579128311775,speed_to_volume:s3+period_volume_anchor,331.6741390688045,0.9999917687543202,331.67579128311775,speed_to_volume_proxy,1366.8286931832868,0.0,0.0,331.67579128311775,18671.431196328354,18671.43119632837,0.0,0.9230769230769231,-1035.1529019001691,5,0.0
SYN_I405_001,SYN_TMC_001,22:25,64.97306164366536,330.77284712399506,NT2,330.78124640331345,330.778523661608,speed_to_volume:s3+period_volume_anchor,330.77284712399506,0.9999917687543202,330.778523661608,speed_to_volume_proxy,1366.8286931832868,0.0,0.0,330.778523661608,18698.996073300154,18698.996073300168,0.0,0.9230769230769231,-1036.0501695216788,5,0.0
SYN_I405_001,SYN_TMC_001,22:30,64.9732624813344,330.1610721867952,NT2,330.16371652862006,330.16099886995477,speed_to_volume:s3+period_volume_anchor,330.1610721867952,0.9999917687543202,330.16099886995477,speed_to_volume_proxy,1366.8286931832868,0.0,0.0,330.16099886995477,18726.50948987265,18726.509489872664,0.0,0.9230769230769231,-1036.667694313332,5,0.0
SYN_I405_001,SYN_TMC_001,22:35,64.97390182013672,328.1638527758756,NT2,328.17440376007545,328.17170247593225,speed_to_volume:s3+period_volume_anchor,328.1638527758756,0.9999917687543202,328.17170247593225,speed_to_volume_proxy,1366.8286931832868,0.0,0.0,328.17170247593225,18753.857131745644,18753.85713174566,0.0,0.9230769230769231,-1038.6569907073545,5,0.0
SYN_I405_001,SYN_TMC_001,22:40,64.97382748482207,328.3974568136267,NT2,328.4075672809997,328.4048640776303,speed_to_volume:s3+period_volume_anchor,328.3974568136267,0.9999917687543202,328.4048640776303,speed_to_volume_proxy,1366.8286931832868,0.0,0.0,328.4048640776303,18781.224203752114,18781.22420375213,0.0,0.9230769230769231,-1038.4238291056565,5,0.0
SYN_I405_001,SYN_TMC_001,22:45,64.97372227358122,328.72748005043377,NT2,328.73672888424863,328.7340229714692,speed_to_volume:s3+period_volume_anchor,328.72748005043377,0.9999917687543202,328.7340229714692,speed_to_volume_proxy,1366.8286931832868,0.0,0.0,328.7340229714692,18808.618705666402,18808.618705666417,0.0,0.9230769230769231,-1038.0946702118176,5,0.0
SYN_I405_001,SYN_TMC_001,22:50,64.97380073198454,328.48333084586443,NT2,328.4913597234845,328.4886558303989,speed_to_volume:s3+period_volume_anchor,328.48333084586443,0.9999917687543202,328.4886558303989,speed_to_volume_proxy,1366.8286931832868,0.0,0.0,328.4886558303989,18835.992760318935,18835.99276031895,0.0,0.9230769230769231,-1038.340037352888,5,0.0
SYN_I405_001,SYN_TMC_001,22:55,64.97436646839172,326.69963466505504,NT2,326.70555090688924,326.70286171323477,speed_to_volume:s3+period_volume_anchor,326.69963466505504,0.9999917687543202,326.70286171323477,speed_to_volume_proxy,1366.8286931832868,0.0,0.0,326.70286171323477,18863.217998795037,18863.21799879505,0.0,0.9230769230769231,-1040.125831470052,5,0.0
SYN_I405_001,SYN_TMC_001,23:00,64.97467178624332,325.726617449649,NT2,325.7294528089423,325.7267716497911,speed_to_volume:s3+period_volume_anchor,325.726617449649,0.9999917687543202,325.7267716497911,speed_to_volume_proxy,1366.8286931832868,0.0,0.0,325.7267716497911,18890.361896432518,18890.361896432532,0.0,0.9230769230769231,-1041.1019215334957,5,0.0
SYN_I405_001,SYN_TMC_001,23:05,64.97479748370704,325.2965446743402,NT2,325.32503015070654,325.3223523204576,speed_to_volume:s3+period_volume_anchor,325.2965446743402,0.9999917687543202,325.3223523204576,speed_to_volume_proxy,1366.8286931832868,0.0,0.0,325.3223523204576,18917.472092459222,18917.472092459237,0.0,0.9230769230769231,-1041.5063408628291,5,0.0
SYN_I405_001,SYN_TMC_001,23:10,64.97440879535073,326.56837762598934,NT2,326.5707552261099,326.5680671419918,speed_to_volume:s3+period_volume_anchor,326.56837762598934,0.9999917687543202,326.5680671419918,speed_to_volume_proxy,1366.8286931832868,0.0,0.0,326.5680671419918,18944.68609805439,18944.686098054404,0.0,0.9230769230769231,-1040.260626041295,5,0.0
SYN_I405_001,SYN_TMC_001,23:15,64.97448072736907,326.3401610078737,NT2,326.34129380329716,326.3386076079324,speed_to_volume:s3+period_volume_anchor,326.3401610078737,0.9999917687543202,326.3386076079324,speed_to_volume_proxy,1366.8286931832868,0.0,0.0,326.3386076079324,18971.880982021718,18971.880982021732,0.0,0.9230769230769231,-1040.4900855753544,5,0.0
SYN_I405_001,SYN_TMC_001,23:20,64.97438194788937,326.6556214373701,NT2,326.6562738459373,326.6535850578944,speed_to_volume:s3+period_volume_anchor,326.6556214373701,0.9999917687543202,326.6535850578944,speed_to_volume_proxy,1366.8286931832868,0.0,0.0,326.6535850578944,18999.102114109875,18999.10211410989,0.0,0.9230769230769231,-1040.1751081253924,5,0.0
SYN_I405_001,SYN_TMC_001,23:25,64.97464005351121,325.8154524844234,NT2,325.8313122313267,325.82863023374557,speed_to_volume:s3+period_volume_anchor,325.8154524844234,0.9999917687543202,325.82863023374557,speed_to_volume_proxy,1366.8286931832868,0.0,0.0,325.82863023374557,19026.254499962688,19026.254499962703,0.0,0.9230769230769231,-1041.0000629495412,5,0.0
SYN_I405_001,SYN_TMC_001,23:30,64.97471348826116,325.5843058694905,NT2,325.5954469611226,325.59276690500644,speed_to_volume:s3+period_volume_anchor,325.5843058694905,0.9999917687543202,325.59276690500644,speed_to_volume_proxy,1366.8286931832868,0.0,0.0,325.59276690500644,19053.387230538105,19053.38723053812,0.0,0.9230769230769231,-1041.2359262782802,5,0.0
SYN_I405_001,SYN_TMC_001,23:35,64.97487173672722,325.08291669201554,NT2,325.0854140556135,325.08273819770346,speed_to_volume:s3+period_volume_anchor,325.08291669201554,0.9999917687543202,325.08273819770346,speed_to_volume_proxy,1366.8286931832868,0.0,0.0,325.08273819770346,19080.477458721245,19080.47745872126,0.0,0.9230769230769231,-1041.7459549855832,5,0.0
SYN_I405_001,SYN_TMC_001,23:40,64.97478008718716,325.37868220490355,NT2,325.381092413201,325.37841412148975,speed_to_volume:s3+period_volume_anchor,325.37868220490355,0.9999917687543202,325.37841412148975,speed_to_volume_proxy,1366.8286931832868,0.0,0.0,325.37841412148975,19107.592326564703,19107.592326564718,0.0,0.9230769230769231,-1041.4502790617971,5,0.0
SYN_I405_001,SYN_TMC_001,23:45,64.97495094431437,324.7918124508593,NT2,324.8292225392097,324.826548790075,speed_to_volume:s3+period_volume_anchor,324.7918124508593,0.9999917687543202,324.826548790075,speed_to_volume_proxy,1366.8286931832868,0.0,0.0,324.826548790075,19134.661205630542,19134.661205630557,0.0,0.9230769230769231,-1042.002144393212,5,0.0
SYN_I405_001,SYN_TMC_001,23:50,64.9748841588889,325.0435632342975,NT2,325.04527556386336,325.0426000363431,speed_to_volume:s3+period_volume_anchor,325.0435632342975,0.9999917687543202,325.0426000363431,speed_to_volume_proxy,1366.8286931832868,0.0,0.0,325.0426000363431,19161.748088966902,19161.748088966917,0.0,0.9230769230769231,-1041.7860931469436,5,0.0
SYN_I405_001,SYN_TMC_001,23:55,64.9751929702871,324.0286289424531,NT2,324.0426172689125,324.039949994519,speed_to_volume:s3+period_volume_anchor,324.0286289424531,0.9999917687543202,324.039949994519,speed_to_volume_proxy,1366.8286931832868,0.0,0.0,324.039949994519,19188.751418133113,19188.751418133128,0.0,0.9230769230769231,-1042.7887431887677,5,0.0
