period,link_id,corridor,tmc_code,lanes,period_hours,V_assign_veh,lower_bound_veh,upper_bound_veh,inside_window,below_lower,above_upper,V_over_lower,V_over_upper,queued_bins,pinned_by_queue_veh,absorbed_by_free_bins_veh,share_pinned,mu_free_vph,bins_clipped_at_mu_free,volume_not_placed_veh,share_not_placed,V_assign_vphpl,queue_peak_model_veh,queue_peak_meas_veh,peak_ratio,queue_at_AM_MD_boundary_veh,queue_at_MD_PM_boundary_veh,end_of_run_queue_veh,storage_veh,peak_over_storage,bins_over_storage,bins_at_capacity,unmet_demand_veh,residual_rmse_veh,residual_rmse_in_episode_veh,has_queue,length_mi,free_speed_mph,cutoff_mph,mae_period_mph_anchored,mae_episode_mph_anchored,bias_episode_mph_anchored,episode_bins_anchored,mae_period_mph_assignment,mae_episode_mph_assignment,bias_episode_mph_assignment,episode_bins_assignment,mae_period_mph_free_flow,mae_episode_mph_free_flow,bias_episode_mph_free_flow,episode_bins_free_flow,t0_min_obs,T2_min_obs,t3_min_obs,P_h_obs,vT2_mph_obs,t0_min_model,T2_min_model,t3_min_model,P_h_model,vT2_mph_model
AM,25785,I66_WB,110P04171,4,3.0,0.0,0.0,24000.0,True,False,False,,0.0,0,0.0,0.0,,8000.0,0,0.0,,0.0,0.0,0.0,,0.0,0.0,0.0,392.0,0.0,0,0,0.0,0.0,,False,0.49,65.0,45.5,4.267201086956523,,,0,4.267201086956523,,,0,4.267201086956523,,,0,,,,,,,,,,
AM,25946,I66_WB,110+04164,3,3.0,4790.2311,0.0,17100.0,True,False,False,,0.2801304736842105,0,0.0,4790.2311,0.0,5700.0,0,0.0,0.0,532.2479,0.0,0.0,,0.0,0.0,0.0,173.99999999999997,0.0,0,0,0.0,0.0,,False,0.29,53.4065,37.38455,3.160956521739131,,,0,3.160956521739131,,,0,3.160956521739131,,,0,,,,,,,,,,
AM,25947,I66_EB,110N04162,2,3.0,5110.3786,0.0,11400.0,True,False,False,,0.4482788245614035,0,0.0,5110.3786,0.0,3800.0,0,0.0,0.0,851.7297666666667,0.0,0.0,,0.0,0.0,0.0,72.0,0.0,0,0,0.0,0.0,,False,0.18,54.3095,38.01665,10.703141304347824,,,0,10.703141304347824,,,0,10.703141304347824,,,0,,,,,,,,,,
AM,25966,I66_WB,110+04166,2,3.0,0.0,0.0,12000.0,True,False,False,,0.0,0,0.0,0.0,,4000.0,0,0.0,,0.0,11.832209944230044,11.320885524107307,1.045166468562366,0.0,1.8439786498066724,0.0,52.0,0.2275424989275008,0,3,11.832209944230044,0.5529625282800714,1.993734749124004,True,0.13,61.7,43.19,2.0736943093878777,2.05997851542341,-2.05997851542341,1,2.561657608695646,9.86739130434782,9.86739130434782,1,2.5616576086956537,9.867391304347828,9.867391304347828,1,,,,,,,,,,
AM,25972,I66_WB,110+04165,2,3.0,0.0,0.0,12000.0,True,False,False,,0.0,0,0.0,0.0,,4000.0,0,0.0,,0.0,0.0,0.0,,0.0,0.0,0.0,104.0,0.0,0,0,0.0,0.0,,False,0.26,58.0865,40.66055,2.613266304347835,,,0,2.613266304347835,,,0,2.613266304347828,,,0,,,,,,,,,,
AM,26055,I66_WB,110P04167,2,3.0,0.0,4491.672788592321,11491.67278859232,False,True,False,0.0,0.0,5,4485.161569592347,-4485.161569592347,,4000.0,0,0.0,,0.0,63.339694914682696,60.9481113955299,1.0392396657483336,19.636137630552867,0.0,0.0,316.0,0.2004420725148186,0,5,63.339694914682696,5.042142492166912,14.843665581589498,True,0.79,65.4465,45.81255,3.2936195652173907,,,0,3.2936195652173907,,,0,3.2936195652173907,,,0,452.62981605,495.0,547.1289022333333,1.574984769722222,27.74942028985507,473.1968159666667,495.0,543.0147190499999,1.1636317180555555,26.50907158082416
AM,26101,I66_WB,110P04168,3,3.0,0.0,7733.136637858684,16733.136637858683,False,True,False,0.0,0.0,6,7694.603725029461,-7694.603725029461,,6000.0,0,0.0,,0.0,27.64186517117128,27.05091465059928,1.0218458609701355,15.766265258591147,0.0,0.0,114.0,0.2424725015015024,0,7,27.64186517117128,1.412812946238822,3.6019803909641337,True,0.19,65.38,45.76599999999999,4.1776358695652105,,,0,4.1776358695652105,,,0,4.1776358695652105,,,0,442.64802168333335,495.0,560.4474864833334,1.9633244133333327,23.70072463768116,457.94754631666666,495.0,555.5185728,1.626183774722222,22.875838070183068
AM,26177,I66_WB,110P04170,3,3.0,0.0,0.0,18000.0,True,False,False,,0.0,0,0.0,0.0,,6000.0,0,0.0,,0.0,0.0,0.0,,0.0,0.0,0.0,294.0,0.0,0,0,0.0,0.0,,False,0.49,65.239,45.6673,4.002940217391309,,,0,4.002940217391309,,,0,4.002940217391309,,,0,,,,,,,,,,
AM,26269,I395_NB,110P04127,3,3.0,19515.4687,0.0,17100.0,False,False,True,,1.141255479532164,0,0.0,19515.4687,0.0,5700.0,12,2415.468700000004,0.1237720055373307,2168.385411111112,0.0,0.0,,0.0,0.0,0.0,126.0,0.0,0,12,0.0,0.0,,False,0.21,62.1865,43.53055,5.717777173913046,,,0,5.717777173913046,,,0,5.717777173913046,,,0,,,,,,,,,,
AM,26271,I395_NB,110P04127,3,3.0,20879.6243,0.0,17100.0,False,False,True,,1.2210306608187134,0,0.0,20879.6243,0.0,5700.0,12,3779.624300000002,0.1810197466053066,2319.958255555556,0.0,0.0,,0.0,0.0,0.0,78.0,0.0,0,12,0.0,0.0,,False,0.13,62.1865,43.53055,5.717777173913046,,,0,5.717777173913039,,,0,5.717777173913046,,,0,,,,,,,,,,
AM,26274,I395_NB,110+04670,3,3.0,14006.3108,0.0,17100.0,True,False,False,,0.8190825029239766,0,0.0,14006.3108,0.0,5700.0,0,0.0,0.0,1556.2567555555554,0.0,0.0,,0.0,0.0,0.0,180.0,0.0,0,0,0.0,0.0,,False,0.3,62.25,43.575,6.788342391304347,,,0,6.788342391304347,,,0,6.788342391304347,,,0,,,,,,,,,,
AM,26297,I395_NB,110P04128,3,3.0,10549.4845,8567.133247776828,15692.133247776828,True,False,False,1.231390267302962,0.6722785445053872,7,8562.648937565367,1986.8355624346327,0.8116651517489188,5700.0,0,0.0,0.0,1172.1649444444445,31.100025371578116,36.45451211445384,0.8531186831944261,21.416280821551936,14.6799131285386,15.207313426727069,102.0,0.3049022095252756,0,30,61.97356173612775,2.471158064639498,3.253344982586444,True,0.17,58.1165,40.68155,1.6191211520018691,1.6191211520018691,0.3610391053058599,16,35.3198695652174,35.3198695652174,34.70954347826088,16,35.31986956521739,35.31986956521739,34.70954347826087,16,426.44410698333337,510.0,596.75172625,2.8384603211111115,19.482028985507245,444.0518510666667,510.0,586.4838650999999,2.3738669005555555,18.87616511511061
AM,26299,I66_WB,110P04166,3,3.0,0.0,7243.304841897077,17743.30484189708,False,True,False,0.0,0.0,5,7239.2511683658195,-7239.2511683658195,,6000.0,0,0.0,,0.0,4.9723013072512,11.521737209631365,0.4315582986127044,0.0,0.0,0.0,30.0,0.1657433769083733,0,6,9.192992905905156,2.2511395076172067,5.133309947389166,True,0.05,63.43,44.401,3.035244565217392,17.79,17.79,1,3.035244565217392,17.79,17.79,1,3.035244565217392,17.79,17.79,1,439.63810115,480.0,524.5433725666667,1.4150878569444445,34.46579710144928,459.9123676166666,480.0,514.2173836666667,0.9050836008333332,32.95836634369889
AM,26304,I66_WB,110P04164,2,3.0,0.0,0.0,12000.0,True,False,False,,0.0,0,0.0,0.0,,4000.0,0,0.0,,0.0,0.0,0.0,,0.0,0.0,0.0,72.0,0.0,0,0,0.0,0.0,,False,0.18,55.89,39.123,2.611983695652175,,,0,2.611983695652175,,,0,2.611983695652175,,,0,,,,,,,,,,
AM,26313,I66_WB,110P04162,2,3.0,4782.5354,0.0,11400.0,True,False,False,,0.419520649122807,0,0.0,4782.5354,0.0,3800.0,0,0.0,0.0,797.0892333333333,0.0,0.0,,0.0,0.0,0.0,72.0,0.0,0,0,0.0,0.0,,False,0.18,51.45,36.015,4.165679347826089,,,0,4.165679347826089,,,0,4.165679347826089,,,0,,,,,,,,,,
AM,26354,I66_WB,110P04165,2,3.0,0.0,0.0,12000.0,True,False,False,,0.0,0,0.0,0.0,,4000.0,0,0.0,,0.0,0.0,0.0,,0.0,0.0,0.0,220.00000000000003,0.0,0,0,0.0,0.0,,False,0.55,58.4465,40.91255,2.7512282608695706,,,0,2.7512282608695706,,,0,2.7512282608695635,,,0,,,,,,,,,,
AM,26359,I66_WB,110+04167,3,3.0,0.0,8571.326743956746,17571.326743956746,False,True,False,0.0,0.0,6,8487.86173724447,-8487.86173724447,,6000.0,0,0.0,,0.0,112.50310736762732,112.10518032282442,1.0035495865905304,0.0,28.85373486154185,0.0,480.0,0.2343814736825568,0,10,170.82253290409062,10.9621320941804,22.81949766211181,True,0.8,63.6565,44.55955,3.7656113145672343,0.0170636417713936,-0.0170636417713936,1,4.903701086956515,18.226499999999987,18.226499999999987,1,4.903701086956522,18.226499999999994,18.226499999999994,1,436.96640843333336,480.0,539.1057181,1.7023218277777776,32.59478260869566,461.0630636833333,480.0,525.2618779833333,1.0699802383333334,35.01456703025583
AM,26370,I66_WB,110+04169,3,3.0,0.0,8775.625825701298,16275.625825701298,False,True,False,0.0,0.0,7,9042.854295982404,-9042.854295982404,,6000.0,0,0.0,,0.0,272.01246563905534,253.89332386847684,1.071365176108233,191.54496067232407,150.7617654962205,0.0,972.0,0.2798482156780404,0,18,443.09527229425385,18.60901888361593,30.785651432667724,True,1.62,65.173,45.6211,3.399528066175354,3.960441920707176,3.960441920707176,2,5.937347826086958,24.263,24.263,2,5.937347826086958,24.263,24.263,2,431.3533986,495.0,598.4598140166667,2.785106923611111,21.774637681159422,443.46790031666666,495.0,587.77543795,2.4051256272222217,20.60105789492335
AM,26380,I66_WB,110+04166,2,3.0,0.0,0.0,12000.0,True,False,False,,0.0,0,0.0,0.0,,4000.0,0,0.0,,0.0,60.81260523608557,76.6336866247264,0.7935492590077737,0.0,0.0,0.0,352.0,0.1727630830570612,0,2,60.81260523608557,4.954543667061604,17.863861238115998,True,0.88,61.7,43.19,2.5616576086956537,9.867391304347828,9.867391304347828,1,2.5616576086956537,9.867391304347828,9.867391304347828,1,2.5616576086956537,9.867391304347828,9.867391304347828,1,,,,,,,,,,
AM,26423,I395_NB,110+04126,4,3.0,20783.8675,0.0,22800.0,True,False,False,,0.9115731359649124,0,0.0,20783.8675,0.0,7600.0,0,0.0,0.0,1731.9889583333334,0.0,0.0,,0.0,0.0,0.0,64.0,0.0,0,0,0.0,0.0,,False,0.08,65.51950000000001,45.86365,11.86319565217392,,,0,11.86319565217392,,,0,11.86319565217392,,,0,,,,,,,,,,
AM,26424,I395_NB,110+04127,4,3.0,17654.8321,0.0,22800.0,True,False,False,,0.7743347412280701,0,0.0,17654.8321,0.0,7600.0,0,0.0,0.0,1471.2360083333333,0.0,0.0,,0.0,0.0,0.0,656.0,0.0,0,0,0.0,0.0,,False,0.82,66.15,46.305,6.699782608695658,,,0,6.699782608695658,,,0,6.699782608695658,,,0,,,,,,,,,,
AM,26469,I395_NB,110P04130,6,3.0,18826.7118,28463.097160463072,28463.097160463072,False,True,False,0.6614428392617588,0.6614428392617588,12,30045.47474141931,-11218.76294141931,1.5958960364719297,11400.0,0,0.0,0.0,1045.9284333333333,170.05043523180893,178.020759091885,0.9552281211430954,82.33911737427479,145.4917150248716,86.11929584395739,240.0,0.7085434801325372,0,52,257.5806836054139,6.81835024690349,6.81835024690349,True,0.2,52.147,36.5029,0.460839500348999,0.460839500348999,0.1135704587249843,16,41.14901086956522,41.14901086956522,41.96482608695652,16,41.14901086956522,41.14901086956522,41.96482608695652,16,,,,,,,,,,
AM,26471,I395_SB,110N04129,3,3.0,8896.3266,0.0,17100.0,True,False,False,,0.5202530175438597,0,0.0,8896.3266,0.0,5700.0,0,0.0,0.0,988.4807333333332,0.0,0.0,,0.0,0.0,0.0,84.00000000000001,0.0,0,0,0.0,0.0,,False,0.14,53.6565,37.55955,10.468565217391305,,,0,10.468565217391305,,,0,10.468565217391305,,,0,,,,,,,,,,
AM,26501,I395_NB,110+04130,3,3.0,10677.7245,13081.48197661338,14506.48197661338,False,True,False,0.8162473119704071,0.7360657475199079,11,13596.434302924315,-2918.709802924315,1.273345674251505,5700.0,0,0.0,0.0,1186.4138333333333,62.93762514530749,66.80635484539062,0.9420903938100426,30.572716305981203,51.051785462801945,33.98195686901977,90.0,0.6993069460589721,0,51,100.73152593971145,3.051884688001143,3.0816598778507283,True,0.15,52.70299999999998,36.89209999999999,0.6177860077701769,0.6177860077701769,0.106324608847852,16,41.907021739130414,41.907021739130414,42.3716956521739,16,41.907021739130414,41.907021739130414,42.3716956521739,16,,,,,,,,,,
AM,26684,I395_SB,110-04127,3,3.0,6088.4824,0.0,17100.0,True,False,False,,0.3560516023391812,0,0.0,6088.4824,0.0,5700.0,0,0.0,0.0,676.4980444444444,0.0,0.0,,0.0,0.0,0.0,42.00000000000001,0.0,0,0,0.0,0.0,,False,0.07,60.0465,42.03255,6.844190217391314,,,0,6.844190217391314,,,0,6.844190217391307,,,0,,,,,,,,,,
AM,26699,I395_SB,110N04127,3,3.0,8531.1348,0.0,17100.0,True,False,False,,0.4988967719298245,0,0.0,8531.1348,0.0,5700.0,0,0.0,0.0,947.9038666666668,14.405512237382707,15.051011881748082,0.9571125417057076,0.0,0.0,3.2746258833856245,60.0,0.2400918706230451,0,15,14.405512237382707,0.6148672238640835,1.1084676516220744,True,0.1,60.8665,42.60655,1.8356385379285984,1.8356385379285984,0.2671084658559621,16,33.98829347826087,33.98829347826087,37.04084782608696,16,33.98829347826087,33.98829347826087,37.04084782608696,16,,,,,,,,,,
AM,26708,I395_NB,110+04125,4,3.0,21048.796,0.0,22800.0,True,False,False,,0.9231928070175438,0,0.0,21048.796,0.0,7600.0,0,0.0,0.0,1754.0663333333332,0.0,0.0,,0.0,0.0,0.0,56.00000000000001,0.0,0,0,0.0,0.0,,False,0.07,68.08,47.656,9.857608695652171,,,0,9.857608695652171,,,0,9.857608695652171,,,0,,,,,,,,,,
AM,26712,I395_SB,110N04130,6,3.0,14023.747,0.0,34200.0,True,False,False,,0.410051081871345,0,0.0,14023.747,0.0,11400.0,0,0.0,0.0,779.0970555555555,0.0,0.0,,0.0,0.0,0.0,240.0,0.0,0,0,0.0,0.0,,False,0.2,53.67099999999999,37.56969999999999,13.103228260869557,,,0,13.103228260869557,,,0,13.103228260869557,,,0,,,,,,,,,,
AM,26756,I395_NB,110P04124,4,3.0,21048.796,16552.473283693766,22252.47328369377,True,False,False,1.2716405360844574,0.9459081573383664,9,16709.216375473152,4339.579624526847,0.7938324061610532,7600.0,0,0.0,0.0,1754.0663333333332,34.118067044099234,34.08693663304662,1.000913265142824,22.622512561849817,0.0,0.0,280.0,0.1218502394432115,0,11,34.118067044099234,3.1337826106462643,6.812634290922232,True,0.35,67.23,47.061,17.35565217391305,,,0,17.35565217391305,,,0,17.35565217391305,,,0,400.49127123333335,480.0,563.2780871833334,2.713113599166667,36.026811594202904,418.97790406666667,495.0,555.7575383999999,2.2796605722222223,35.6908031963892
AM,26759,I395_SB,110N04124,4,3.0,11440.7239,0.0,22800.0,True,False,False,,0.5017861359649123,0,0.0,11440.7239,0.0,7600.0,0,0.0,0.0,953.3936583333334,40.13964005213347,41.92455785904589,0.9574254828658308,0.0,0.0,0.0606241019277149,224.00000000000003,0.1791948216613101,0,14,43.09146702331623,2.977319887579269,5.738011588103664,True,0.28,62.2265,43.55855,4.058159299594823,2.55219353490255,0.1970122739818478,14,25.87796739130435,27.481251552795037,27.7215,14,25.87796739130435,27.481251552795037,27.7215,14,,,,,,,,,,
AM,26761,I395_NB,110P04125,4,3.0,19563.1224,0.0,22800.0,True,False,False,,0.8580316842105263,0,0.0,19563.1224,0.0,7600.0,0,0.0,0.0,1630.2602,0.0,0.0,,0.0,0.0,0.0,280.0,0.0,0,0,0.0,0.0,,False,0.35,67.81,47.467,8.790217391304349,,,0,8.790217391304349,,,0,8.790217391304349,,,0,,,,,,,,,,
AM,26764,I395_SB,110-04124,4,3.0,11440.7239,0.0,22800.0,True,False,False,,0.5017861359649123,0,0.0,11440.7239,0.0,7600.0,0,0.0,0.0,953.3936583333334,37.28714662571792,38.82189623891092,0.9604669075475318,0.0,0.0,0.0,232.0,0.1607204595936117,0,13,41.951269728190255,2.644122330151631,5.095880063022462,True,0.29,61.763000000000005,43.2341,3.976001589055815,2.311616722896084,0.1721387772595584,14,26.93172282608697,28.546726708074544,30.394304347826097,14,26.93172282608696,28.54672670807454,30.39430434782609,14,,,,,,,,,,
AM,26768,I395_NB,110P04125,4,3.0,20783.8675,0.0,22800.0,True,False,False,,0.9115731359649124,0,0.0,20783.8675,0.0,7600.0,0,0.0,0.0,1731.9889583333334,0.0,0.0,,0.0,0.0,0.0,224.00000000000003,0.0,0,0,0.0,0.0,,False,0.28,67.81,47.467,8.790217391304349,,,0,8.790217391304349,,,0,8.790217391304349,,,0,,,,,,,,,,
AM,26772,I395_SB,110N04125,4,3.0,10051.0644,0.0,22800.0,True,False,False,,0.4408361578947368,0,0.0,10051.0644,0.0,7600.0,0,0.0,0.0,837.5886999999999,30.29446146944497,30.273407760693573,1.0006954522238731,0.0,0.0,0.1251706448474578,184.0,0.16464381233394,0,14,31.94836120650393,1.9272598421770624,3.714157453693935,True,0.23,63.78,44.646,4.05551991885399,2.381430466382984,0.1520880971743086,14,28.56763586956522,30.374565217391307,33.23021739130435,14,28.56763586956522,30.374565217391307,33.23021739130435,14,,,,,,,,,,
AM,26776,I395_SB,110N04125,4,3.0,11157.4341,0.0,22800.0,True,False,False,,0.4893611447368421,0,0.0,11157.4341,0.0,7600.0,0,0.0,0.0,929.786175,32.92876238280974,32.90587800075388,1.000695449671798,0.0,0.0,0.1360548278239548,200.0,0.1646438119140486,0,14,34.72647935818031,2.094847654540297,4.037127667590456,True,0.25,63.78,44.646,4.055519961489466,2.381430481630362,0.1520880918188094,14,28.56763586956521,30.374565217391297,33.230217391304336,14,28.56763586956522,30.374565217391307,33.23021739130435,14,,,,,,,,,,
AM,26778,I395_NB,110P04126,4,3.0,17263.8016,0.0,22800.0,True,False,False,,0.7571842807017544,0,0.0,17263.8016,0.0,7600.0,0,0.0,0.0,1438.650133333333,0.0,0.0,,0.0,0.0,0.0,320.0,0.0,0,0,0.0,0.0,,False,0.4,64.69,45.283,10.426929347826082,,,0,10.426929347826082,,,0,10.426929347826082,,,0,,,,,,,,,,
AM,26781,I395_SB,110-04125,4,3.0,11157.4341,0.0,22800.0,True,False,False,,0.4893611447368421,0,0.0,11157.4341,0.0,7600.0,0,0.0,0.0,929.786175,10.472577262617506,10.684698166357608,0.9801472254585536,0.0,0.0,0.0,64.0,0.1636340197283985,0,13,10.820977484011792,0.9320172687748725,1.7353217154813645,True,0.08,65.3565,45.74954999999999,5.323231324618998,4.416375731767512,0.298158460114422,15,30.08927173913043,30.833485507246376,34.41389130434782,15,30.08927173913043,30.833485507246376,34.41389130434782,15,,,,,,,,,,
AM,26785,I395_NB,110+04127,4,3.0,17654.8321,0.0,24000.0,True,False,False,,0.7356180041666667,0,0.0,17654.8321,0.0,8000.0,0,0.0,0.0,1471.2360083333333,0.0,0.0,,0.0,0.0,0.0,128.0,0.0,0,0,0.0,0.0,,False,0.16,66.15,46.305,6.699782608695658,,,0,6.699782608695658,,,0,6.699782608695658,,,0,,,,,,,,,,
AM,26788,I395_SB,110N04126,4,3.0,9694.4775,0.0,22800.0,True,False,False,,0.4251963815789474,0,0.0,9694.4775,0.0,7600.0,0,0.0,0.0,807.8731250000001,76.24807325445204,79.38946160439944,0.9604306631325824,0.0,29.04297814314623,24.06721355673426,456.0,0.1672106869615176,0,17,81.31075498124437,4.619794354445744,8.079785937842862,True,0.57,65.73,46.011,1.196650214191206,1.196650214191206,0.392744242284321,16,32.591032608695656,32.591032608695656,34.98065217391305,16,32.591032608695656,32.591032608695656,34.98065217391305,16,,,,,,,,,,
AM,26792,I395_SB,110N04126,4,3.0,10003.9372,0.0,22800.0,True,False,False,,0.4387691754385965,0,0.0,10003.9372,0.0,7600.0,0,0.0,0.0,833.6614333333333,6.753891463628634,6.963987860035042,0.9698310220194222,0.0,2.7174760122104544,2.127090240282314,40.0,0.1688472865907158,0,17,7.259484572258088,0.3951632824471316,0.6911205321500117,True,0.05,65.73,46.011,1.0745503604755993,1.0745503604755993,0.3881190435691852,16,32.591032608695656,32.591032608695656,34.98065217391305,16,32.591032608695656,32.591032608695656,34.98065217391305,16,,,,,,,,,,
AM,26796,I395_SB,110-04126,4,3.0,10003.9372,0.0,22800.0,True,False,False,,0.4387691754385965,0,0.0,10003.9372,0.0,7600.0,0,0.0,0.0,833.6614333333333,154.8186212659616,162.2997135557327,0.9539056962833016,0.0,77.98327215729682,52.77340338147292,608.0,0.2546358902400684,0,18,168.7464025180834,4.795995682074997,8.151625190002383,True,0.76,66.12,46.284,0.4088559209601237,0.4088559209601237,-3.834890223686216e-05,16,40.602554347826086,40.602554347826086,42.185434782608695,16,40.602554347826086,40.602554347826086,42.185434782608695,16,,,,,,,,,,
AM,26799,I395_SB,110N04127,3,3.0,11577.5026,0.0,17100.0,True,False,False,,0.6770469356725146,0,0.0,11577.5026,0.0,5700.0,0,0.0,0.0,1286.3891777777778,34.57322926201641,36.12242851619538,0.9571125387241228,0.0,0.0,7.859102260128338,144.0,0.2400918698751139,0,15,34.57322926201641,1.4756813372737945,2.660322363892967,True,0.24,60.8665,42.60655,1.835638510529776,1.835638510529776,0.2671084487386537,16,24.646261579531934,24.646261579531934,-22.977592717237087,16,33.98829347826087,33.98829347826087,37.04084782608696,16,,,,,,,,,,
AM,26810,I395_SB,110N04127,4,3.0,11850.7967,0.0,22800.0,True,False,False,,0.5197717850877194,0,0.0,11850.7967,0.0,7600.0,0,0.0,0.0,987.5663916666668,48.018374107299,50.17003960582693,0.9571125413606804,0.0,0.0,10.915419592157605,200.0,0.2400918705364949,0,15,48.018374107299,2.04955741288026,3.6948921720735473,True,0.25,60.8665,42.60655,1.8356385397146504,1.8356385397146504,0.2671084693529995,16,21.52614666024201,21.52614666024201,-20.085784096315003,16,33.98829347826087,33.98829347826087,37.04084782608696,16,,,,,,,,,,
AM,26814,I395_SB,110N04127,4,3.0,11850.7967,0.0,22800.0,True,False,False,,0.5197717850877194,0,0.0,11850.7967,0.0,7600.0,0,0.0,0.0,987.5663916666668,23.048819548022266,24.081619010796924,0.9571125403856108,0.0,0.0,5.239401406622619,96.0,0.2400918702918986,0,15,23.048819548022266,0.9837875581825156,1.7735482425952864,True,0.12,60.8665,42.60655,1.835638539301182,1.835638539301182,0.2671084624476911,16,23.287601634863996,23.287601634863996,-22.043373006356703,16,33.98829347826087,33.98829347826087,37.04084782608696,16,,,,,,,,,,
AM,26821,I395_SB,110N04127,3,3.0,8531.1348,0.0,17100.0,True,False,False,,0.4988967719298245,0,0.0,8531.1348,0.0,5700.0,0,0.0,0.0,947.9038666666668,11.524409740287638,12.040809505398462,0.9571125375848444,0.0,0.0,2.6197007835867225,48.0,0.2400918695893258,0,15,11.524409740287638,0.4918937790912528,0.8867741212976342,True,0.08,60.8665,42.60655,1.8356384920778617,1.8356384920778617,0.2671084336342453,16,33.98829347826087,33.98829347826087,37.04084782608696,16,33.98829347826087,33.98829347826087,37.04084782608696,16,,,,,,,,,,
AM,26824,I395_SB,110N04670,3,3.0,6107.9833,0.0,17100.0,True,False,False,,0.3571920058479532,0,0.0,6107.9833,0.0,5700.0,0,0.0,0.0,678.6648111111111,0.0,0.0,,0.0,0.0,0.0,210.0,0.0,0,0,0.0,0.0,,False,0.35,59.273,41.4911,5.84476630434783,,,0,5.84476630434783,,,0,5.84476630434783,,,0,,,,,,,,,,
AM,26825,I395_NB,110+04129,3,3.0,10549.4845,9846.119655292889,15546.119655292889,True,False,False,1.071435740101839,0.6785927764558459,8,10387.913413673608,161.5710863263921,0.9846844567309054,5700.0,0,0.0,0.0,1172.1649444444445,58.58183808188846,65.19138903891505,0.8986131289044768,35.04586986352979,31.23943844490077,28.062532358835824,138.0,0.4245060730571627,0,33,105.13662966207426,3.497340946443307,4.389798141777876,True,0.23,55.654,38.9578,1.0903004125934193,1.0903004125934193,0.2542758754177692,16,39.157179347826094,39.157179347826094,39.25356521739131,16,39.157179347826094,39.157179347826094,39.25356521739131,16,412.73362936666666,510.0,614.02725105,3.354893694722222,18.12434782608696,430.8682785333333,510.0,598.1789888333333,2.7885118383333336,17.522100509854152
AM,26829,I395_SB,110N04128,3,3.0,6107.9833,0.0,17100.0,True,False,False,,0.3571920058479532,0,0.0,6107.9833,0.0,5700.0,0,0.0,0.0,678.6648111111111,0.0,0.0,,0.0,0.0,0.0,84.00000000000001,0.0,0,0,0.0,0.0,,False,0.14,55.2965,38.70755,8.49084782608696,,,0,8.49084782608696,,,0,8.49084782608696,,,0,,,,,,,,,,
AM,26833,I395_SB,110-04128,3,3.0,8343.271,0.0,17100.0,True,False,False,,0.4879105847953217,0,0.0,8343.271,0.0,5700.0,0,0.0,0.0,927.0301111111112,0.0,0.0,,0.0,0.0,0.0,126.0,0.0,0,0,0.0,0.0,,False,0.21,53.6695,37.56865,8.942353260869565,,,0,8.942353260869565,,,0,8.942353260869565,,,0,,,,,,,,,,
AM,27878,I395_NB,110+04124,4,3.0,20103.025,15923.37640031551,21623.37640031551,True,False,False,1.2624850719224143,0.9296894540348783,9,16073.181147657257,4029.8438523427462,0.7995404247697674,7600.0,0,0.0,0.0,1675.2520833333335,35.965445041822704,36.701302656956734,0.9799500954499624,20.507725852108702,0.0,0.0,216.0,0.1665066900084384,0,16,53.06649345006531,4.293483614417506,7.507954987027512,True,0.27,67.18950000000001,47.03265,12.58627433601148,10.94372431632045,9.842642793585044,6,17.66083152173914,24.47587681159421,25.229717391304355,6,17.66083152173914,24.47587681159421,25.229717391304355,6,396.9679885666666,480.0,566.4958567,2.825464468888889,30.2736231884058,417.70473761666665,495.0,556.1056734833332,2.3066822644444445,29.80287000388015
AM,28025,I395_NB,110+04123,4,3.0,20739.0721,15402.722206646513,21102.72220664651,True,False,False,1.3464549851487142,0.982767621016592,9,15691.453479206944,5047.618620793059,0.756613092598629,7600.0,0,0.0,0.0,1728.2560083333335,137.84471615787493,154.2065369479427,0.8938967107756837,90.29353030575636,0.0,0.0,768.0,0.179485307497233,0,12,137.84471615787493,12.0368033183447,25.04429258408629,True,0.96,67.2765,47.09354999999999,16.396255434782606,,,0,16.396255434782606,,,0,16.396255434782606,,,0,392.2708102,465.0,577.6451711166667,3.0895726819444445,28.04463768115942,415.1158730333333,495.0,566.8690275833334,2.5292192425,28.11173372174213
AM,28270,I395_NB,110P04122,4,3.0,17341.5865,14653.689601901133,22253.689601901133,True,False,False,1.1834279946635522,0.7792679241162108,8,14693.8401787753,2647.746321224702,0.8473181031490572,7600.0,0,0.0,0.0,1445.1322083333334,47.92548426101485,50.53045107041518,0.9484475844917698,28.31114657594867,0.0,0.0,384.0,0.1248059485963928,0,8,51.5900171716105,4.153506017118719,9.98378594511317,True,0.48,67.84649999999999,47.49255,12.940168478260862,,,0,12.940168478260862,,,0,12.940168478260862,,,0,406.0720350666667,510.0,553.6232510333334,2.459186932777778,36.83115942028986,431.93218908333336,525.0,544.3784401,1.874104183611111,35.266645707473415
AM,28275,I395_NB,110P04122,4,3.0,20739.0721,14653.689601901133,22253.689601901133,True,False,False,1.4152798826385249,0.9319385895554264,8,14677.856316763382,6061.215783236619,0.707739297399105,7600.0,0,0.0,0.0,1728.2560083333335,23.33230149062115,23.15979007394029,1.0074487469933924,12.32728456403106,0.0,0.0,176.0,0.1325698948330747,0,8,26.66023556979621,1.8821112701912603,4.524032460535498,True,0.22,67.84649999999999,47.49255,12.940168478260862,,,0,12.940168478260862,,,0,12.940168478260862,,,0,406.0720350666667,510.0,553.6232510333334,2.459186932777778,36.83115942028986,432.2836849,525.0,544.0168609,1.8622196,34.243706810319075
AM,28279,I395_SB,110N04122,4,3.0,10093.0049,0.0,22800.0,True,False,False,,0.4426756535087719,0,0.0,10093.0049,0.0,7600.0,0,0.0,0.0,841.0837416666667,0.0,0.0,,0.0,0.0,0.0,24.0,0.0,0,0,0.0,0.0,,False,0.03,65.31649999999999,45.72154999999999,14.595222826086946,,,0,14.595222826086946,,,0,14.595222826086946,,,0,,,,,,,,,,
AM,28283,I395_SB,110N04122,4,3.0,11900.946,0.0,22800.0,True,False,False,,0.5219713157894736,0,0.0,11900.946,0.0,7600.0,0,0.0,0.0,991.7455,0.0,0.0,,0.0,0.0,0.0,144.0,0.0,0,0,0.0,0.0,,False,0.18,65.31649999999999,45.72154999999999,14.595222826086946,,,0,14.595222826086946,,,0,14.595222826086946,,,0,,,,,,,,,,
AM,28285,I395_NB,110P04123,4,3.0,18598.3248,15818.598899808014,21518.598899808014,True,False,False,1.1757251649022924,0.8642906950677877,9,16146.85634590633,2451.4684540936687,0.8681887492311313,7600.0,0,0.0,0.0,1549.8603999999998,78.93650136930046,80.29138077313456,0.9831254688761382,42.52347890693477,0.0,0.0,448.00000000000006,0.1761975476993313,0,12,78.93650136930046,5.786289076405315,12.04410996354535,True,0.56,65.6195,45.93365,17.206483695652175,,,0,17.206483695652175,,,0,17.206483695652175,,,0,393.6705392333333,480.0,574.5157360833333,3.0140866141666662,29.16260869565217,416.77571445,495.0,570.3129582833334,2.558954063888889,28.62608221154535
AM,28289,I395_SB,110-04122,4,3.0,12129.4074,0.0,22800.0,True,False,False,,0.5319915526315789,0,0.0,12129.4074,0.0,7600.0,0,0.0,0.0,1010.78395,82.37333824410052,125.40506476879295,0.6568581452110467,0.0,0.0,0.0,888.0000000000001,0.0927627682929059,0,13,82.37333824410052,21.92602870627666,40.82404374146879,True,1.11,65.70649999999999,45.99454999999999,9.484615130346782,9.256953240485844,7.410447652281313,15,21.00596254064948,22.214432428842105,25.28277406978525,15,26.476499999999994,27.3816304347826,30.217369565217385,15,,,,,,,,,,
AM,28294,I395_NB,110+04124,4,3.0,20103.025,15923.37640031551,21623.37640031551,True,False,False,1.2624850719224143,0.9296894540348783,9,16057.91944457491,4045.10555542509,0.7987812503130702,7600.0,0,0.0,0.0,1675.2520833333335,9.37986868933922,9.515152540692489,0.9857822719315624,5.246022769767933,0.0,0.0,56.00000000000001,0.1674976551667717,0,16,15.522390153925471,0.9224735791239,1.61319357334151,True,0.07,67.18950000000001,47.03265,10.018001445205453,4.094996607504375,0.0480442339209936,6,17.66083152173914,24.47587681159421,25.229717391304355,6,17.66083152173914,24.47587681159421,25.229717391304355,6,396.9679885666666,480.0,566.4958567,2.825464468888889,30.2736231884058,417.46411946666666,495.0,556.56130995,2.3182865080555555,29.704499736675093
AM,28298,I395_SB,110N04123,4,3.0,10164.0538,0.0,22800.0,True,False,False,,0.4457918333333333,0,0.0,10164.0538,0.0,7600.0,0,0.0,0.0,847.0044833333333,68.70175336326656,71.80097102446261,0.9568359923692376,0.0,0.0,0.0,328.0,0.2094565651319102,0,14,68.70175336326656,2.5957795132685995,4.979627840660306,True,0.41,64.6065,45.22455,3.2789590165924887,2.136267276522517,0.0718406414278778,14,28.22226086956521,30.47721428571428,32.88410869565217,14,28.22226086956521,30.47721428571428,32.88410869565217,14,,,,,,,,,,
AM,28302,I395_SB,110N04123,4,3.0,11406.365,0.0,22800.0,True,False,False,,0.5002791666666666,0,0.0,11406.365,0.0,7600.0,0,0.0,0.0,950.5304166666666,48.6317684649448,50.78605267583941,0.9575811842545606,0.0,0.0,0.0,232.0,0.2096196916592448,0,14,48.6317684649448,1.8186080337785848,3.4901338055454385,True,0.29,64.6065,45.22455,3.256262102590914,2.1018217571560824,0.0672507761249843,14,28.22226086956521,30.47721428571428,32.88410869565217,14,28.22226086956521,30.47721428571428,32.88410869565217,14,,,,,,,,,,
AM,28303,I395_NB,110P04124,4,3.0,20050.9313,16552.473283693766,22252.47328369377,True,False,False,1.211355605675718,0.9010652903330516,9,16706.575455385457,3344.3558446145435,0.8332069570945793,7600.0,0,0.0,0.0,1670.9109416666668,30.254496774016843,30.191286732127008,1.00209365180261,19.981592474155377,0.0,0.0,248.0,0.1219939386049066,0,11,30.254496774016843,2.773761350332409,6.030098966104299,True,0.31,67.23,47.061,17.35565217391305,,,0,17.35565217391305,,,0,17.35565217391305,,,0,400.49127123333335,480.0,563.2780871833334,2.713113599166667,36.026811594202904,418.95743685,495.0,555.8282004333333,2.2811793930555555,35.671068453009205
AM,28307,I395_SB,110-04123,4,3.0,11406.365,0.0,22800.0,True,False,False,,0.5002791666666666,0,0.0,11406.365,0.0,7600.0,0,0.0,0.0,950.5304166666666,36.441083216740026,36.39833653686567,1.001174413007338,0.0,0.0,0.0,200.0,0.1822054160837001,0,13,36.8458323147122,2.814077774943234,5.621791004708819,True,0.25,62.59,43.813,5.092511235061657,3.2024659098098534,0.8169328240871572,13,24.23896739130435,26.61903010033445,25.38347826086957,13,24.23896739130435,26.61903010033445,25.38347826086957,13,,,,,,,,,,
AM,28312,I395_SB,110N04124,4,3.0,10873.3907,0.0,22800.0,True,False,False,,0.4769031008771929,0,0.0,10873.3907,0.0,7600.0,0,0.0,0.0,906.1158916666668,44.71622844961644,46.41647477251509,0.9633697662041016,0.0,0.0,0.0957154260315746,248.0,0.1803073727807114,0,14,48.23665361340181,3.326819820836495,6.411556557238596,True,0.31,62.2265,43.55855,4.091459349128095,2.59359334063141,0.2115542286600593,14,25.87796739130435,27.481251552795037,27.7215,14,25.87796739130435,27.481251552795037,27.7215,14,,,,,,,,,,
AM,28705,I66_WB,110+04173,4,3.0,0.0,0.0,24000.0,True,False,False,,0.0,0,0.0,0.0,,8000.0,0,0.0,,0.0,0.0,0.0,,0.0,0.0,0.0,408.0,0.0,0,0,0.0,0.0,,False,0.51,65.1795,45.62565,2.059744565217397,,,0,2.059744565217397,,,0,2.059744565217397,,,0,,,,,,,,,,
AM,28712,I395_NB,110+04122,4,3.0,17616.3295,0.0,22800.0,True,False,False,,0.7726460307017544,0,0.0,17616.3295,0.0,7600.0,0,0.0,0.0,1468.0274583333332,0.0,0.0,,0.0,0.0,0.0,32.0,0.0,0,0,0.0,0.0,,False,0.04,66.5465,46.58254999999999,15.558048913043471,,,0,15.558048913043471,,,0,15.558048913043471,,,0,,,,,,,,,,
AM,28724,I395_NB,110+04122,3,3.0,15379.2514,0.0,17100.0,True,False,False,,0.8993714269005848,0,0.0,15379.2514,0.0,5700.0,0,0.0,0.0,1708.8057111111111,0.0,0.0,,0.0,0.0,0.0,150.0,0.0,0,0,0.0,0.0,,False,0.25,66.5465,46.58254999999999,15.558048913043471,,,0,15.558048913043471,,,0,15.558048913043471,,,0,,,,,,,,,,
AM,29007,I395_NB,110+04121,4,3.0,18404.501,17084.43771427529,21084.43771427529,True,False,False,1.0772670021572734,0.872895035163265,10,18689.88828657388,-285.3872865738813,1.015506385452878,8000.0,0,0.0,0.0,1533.7084166666666,107.22008260312371,108.85953088491118,0.9849397818596084,78.68978457598405,44.36923474131322,52.981119357295256,344.0,0.3116862866369876,0,50,195.302340157268,5.798415767059307,5.913247028831896,True,0.43,65.333,45.73309999999999,0.489266084023322,0.489266084023322,-0.0433838665720678,16,40.19199456521739,40.19199456521739,42.05539130434782,16,40.19199456521739,40.19199456521739,42.05539130434782,16,,,,,,,,,,
AM,29361,I395_NB,110P04120,4,3.0,30148.9948,14001.490653787854,19701.490653787856,False,False,True,2.1532703585274136,1.53029003387637,9,15384.62455815338,14764.370241846622,0.510286484183326,7600.0,3,9064.370241846622,0.3006524861600567,2512.4162333333334,74.50360344044702,77.13544635021802,0.9658802400932298,42.67644199328311,0.0,12.329249016393987,184.0,0.404910888263299,0,50,139.7340171075666,3.778412407309888,4.893619336821433,True,0.23,65.65,45.955,2.047363256168449,2.047363256168449,0.2042133039906559,16,28.582599762979527,28.582599762979527,-27.58667451764933,16,36.95138586956522,36.95138586956522,37.93673913043479,16,391.1743736166666,495.0,621.8318958166667,3.844292036666667,16.186666666666667,431.44134565,495.0,612.9992947833333,3.025965818888889,15.941810403166969
AM,30296,I66_WB,110P04174,2,3.0,0.0,0.0,12000.0,True,False,False,,0.0,0,0.0,0.0,,4000.0,0,0.0,,0.0,0.0,0.0,,0.0,0.0,0.0,28.000000000000004,0.0,0,0,0.0,0.0,,False,0.07,64.58,45.206,2.5791032608695628,,,0,2.5791032608695628,,,0,2.5791032608695628,,,0,,,,,,,,,,
AM,30317,I66_WB,110N58636,2,3.0,0.0,0.0,12000.0,True,False,False,,0.0,0,0.0,0.0,,4000.0,0,0.0,,0.0,0.0,0.0,,0.0,0.0,0.0,52.0,0.0,0,0,0.0,0.0,,False,0.13,68.73,48.111,5.146086956521743,,,0,5.146086956521743,,,0,5.146086956521743,,,0,,,,,,,,,,
AM,30949,I66_EB,110+58629,3,3.0,14016.1928,0.0,18000.0,True,False,False,,0.7786773777777778,0,0.0,14016.1928,0.0,6000.0,0,0.0,0.0,1557.3547555555558,0.0,0.0,,0.0,0.0,0.0,402.0,0.0,0,0,0.0,0.0,,False,0.67,72.0,50.4,2.5581249999999995,,,0,2.5581249999999995,,,0,2.5581249999999995,,,0,,,,,,,,,,
AM,31338,I66_EB,110N04175,2,3.0,1678.3167,0.0,12000.0,True,False,False,,0.139859725,0,0.0,1678.3167,0.0,4000.0,0,0.0,0.0,279.71945,0.0,0.0,,0.0,0.0,0.0,184.0,0.0,0,0,0.0,0.0,,False,0.46,64.583,45.2081,7.53215760869565,,,0,7.53215760869565,,,0,7.53215760869565,,,0,,,,,,,,,,
AM,31343,I66_EB,110-04175,2,3.0,1102.6066,0.0,12000.0,True,False,False,,0.0918838833333333,0,0.0,1102.6066,0.0,4000.0,0,0.0,0.0,183.7677666666667,0.0,0.0,,0.0,0.0,0.0,304.0,0.0,0,0,0.0,0.0,,False,0.76,65.56649999999999,45.89654999999999,15.693782608695642,,,0,15.693782608695642,,,0,15.693782608695642,,,0,,,,,,,,,,
AM,31344,I66_EB,110+58635,4,3.0,15261.8913,0.0,22800.0,True,False,False,,0.669381197368421,0,0.0,15261.8913,0.0,7600.0,0,0.0,0.0,1271.824275,0.0,0.0,,0.0,0.0,0.0,600.0,0.0,0,0,0.0,0.0,,False,0.75,70.1265,49.08854999999999,4.57913586956521,,,0,4.57913586956521,,,0,4.57913586956521,,,0,,,,,,,,,,
AM,31346,I66_WB,110-58634,2,3.0,4170.7384,0.0,12000.0,True,False,False,,0.3475615333333333,0,0.0,4170.7384,0.0,4000.0,0,0.0,0.0,695.1230666666667,0.0,0.0,,0.0,0.0,0.0,140.0,0.0,0,0,0.0,0.0,,False,0.35,71.39,49.973,7.910054347826085,,,0,7.910054347826085,,,0,7.910054347826085,,,0,,,,,,,,,,
AM,31347,I66_EB,110-04175,2,3.0,1102.6066,0.0,12000.0,True,False,False,,0.0918838833333333,0,0.0,1102.6066,0.0,4000.0,0,0.0,0.0,183.7677666666667,0.0,0.0,,0.0,0.0,0.0,228.0,0.0,0,0,0.0,0.0,,False,0.57,65.56649999999999,45.89654999999999,15.693782608695642,,,0,15.693782608695642,,,0,15.693782608695642,,,0,,,,,,,,,,
AM,31348,I66_EB,110+58635,4,3.0,15261.8913,0.0,22800.0,True,False,False,,0.669381197368421,0,0.0,15261.8913,0.0,7600.0,0,0.0,0.0,1271.824275,0.0,0.0,,0.0,0.0,0.0,456.0,0.0,0,0,0.0,0.0,,False,0.57,70.1265,49.08854999999999,4.57913586956521,,,0,4.57913586956521,,,0,4.57913586956521,,,0,,,,,,,,,,
AM,31350,I66_WB,110-58634,2,3.0,4170.7384,0.0,12000.0,True,False,False,,0.3475615333333333,0,0.0,4170.7384,0.0,4000.0,0,0.0,0.0,695.1230666666667,0.0,0.0,,0.0,0.0,0.0,472.0,0.0,0,0,0.0,0.0,,False,1.18,71.39,49.973,7.910054347826085,,,0,7.910054347826085,,,0,7.910054347826085,,,0,,,,,,,,,,
AM,31351,I66_EB,110-04175,2,3.0,1102.6066,0.0,12000.0,True,False,False,,0.0918838833333333,0,0.0,1102.6066,0.0,4000.0,0,0.0,0.0,183.7677666666667,0.0,0.0,,0.0,0.0,0.0,116.0,0.0,0,0,0.0,0.0,,False,0.29,65.56649999999999,45.89654999999999,15.693782608695642,,,0,15.693782608695642,,,0,15.693782608695642,,,0,,,,,,,,,,
AM,31352,I66_WB,110-58633,2,3.0,4920.7948,0.0,12000.0,True,False,False,,0.4100662333333333,0,0.0,4920.7948,0.0,4000.0,0,0.0,0.0,820.1324666666666,0.0,0.0,,0.0,0.0,0.0,56.00000000000001,0.0,0,0,0.0,0.0,,False,0.14,71.4,49.98,8.731467391304353,,,0,8.731467391304353,,,0,8.731467391304353,,,0,,,,,,,,,,
AM,31353,I66_EB,110-04176,2,3.0,1441.2275,0.0,12000.0,True,False,False,,0.1201022916666666,0,0.0,1441.2275,0.0,4000.0,0,0.0,0.0,240.2045833333333,0.0,0.0,,0.0,0.0,0.0,96.0,0.0,0,0,0.0,0.0,,False,0.24,66.8765,46.81354999999999,17.835358695652168,,,0,17.835358695652168,,,0,17.835358695652168,,,0,,,,,,,,,,
AM,31354,I66_WB,110+04178,4,3.0,9363.7247,0.0,22800.0,True,False,False,,0.4106896798245614,0,0.0,9363.7247,0.0,7600.0,0,0.0,0.0,780.3103916666668,17.586532725516463,17.639549353174537,0.996994445459088,0.0,12.65762417296378,10.980694055768936,80.0,0.2198316590689558,0,22,18.603011317631623,0.8856628460587096,1.3616288908078626,True,0.1,67.7165,47.40154999999999,0.5456165568046203,0.5456165568046203,0.1243355131583143,16,39.66764130434783,39.66764130434783,39.11041304347826,16,39.66764130434783,39.66764130434783,39.11041304347826,16,,,,,,,,,,
AM,31355,I66_WB,110-58633,2,3.0,4920.7948,0.0,12000.0,True,False,False,,0.4100662333333333,0,0.0,4920.7948,0.0,4000.0,0,0.0,0.0,820.1324666666666,0.0,0.0,,0.0,0.0,0.0,40.0,0.0,0,0,0.0,0.0,,False,0.1,71.4,49.98,8.731467391304353,,,0,8.731467391304353,,,0,8.731467391304353,,,0,,,,,,,,,,
AM,31357,I66_EB,110-04177,4,3.0,15292.876,0.0,22800.0,True,False,False,,0.6707401754385965,0,0.0,15292.876,0.0,7600.0,0,0.0,0.0,1274.4063333333334,0.0,0.0,,0.0,0.0,0.0,56.00000000000001,0.0,0,0,0.0,0.0,,False,0.07,68.083,47.6581,19.902320652173916,,,0,19.902320652173916,,,0,19.902320652173916,,,0,,,,,,,,,,
AM,31358,I66_WB,110+04178,4,3.0,9363.7247,0.0,22800.0,True,False,False,,0.4106896798245614,0,0.0,9363.7247,0.0,7600.0,0,0.0,0.0,780.3103916666668,162.74088035279465,162.2838540492058,1.0028162154902378,0.0,113.0272950461774,102.04674773144144,736.0,0.221115326566297,0,22,175.08246596856725,8.376657057895269,12.878375003735568,True,0.92,67.7165,47.40154999999999,0.5652217298987727,0.5652217298987727,0.1603632351049757,16,39.66764130434783,39.66764130434783,39.11041304347826,16,39.66764130434783,39.66764130434783,39.11041304347826,16,,,,,,,,,,
AM,31359,I66_WB,110-58633,2,3.0,4920.7948,0.0,12000.0,True,False,False,,0.4100662333333333,0,0.0,4920.7948,0.0,4000.0,0,0.0,0.0,820.1324666666666,0.0,0.0,,0.0,0.0,0.0,368.0,0.0,0,0,0.0,0.0,,False,0.92,71.4,49.98,8.731467391304353,,,0,8.731467391304353,,,0,8.731467391304353,,,0,,,,,,,,,,
AM,31361,I66_EB,110-04177,4,3.0,15292.876,0.0,22800.0,True,False,False,,0.6707401754385965,0,0.0,15292.876,0.0,7600.0,0,0.0,0.0,1274.4063333333334,0.0,0.0,,0.0,0.0,0.0,408.0,0.0,0,0,0.0,0.0,,False,0.51,68.083,47.6581,19.902320652173916,,,0,19.902320652173916,,,0,19.902320652173916,,,0,,,,,,,,,,
AM,31362,I66_WB,110-58633,2,3.0,4332.6488,0.0,12000.0,True,False,False,,0.3610540666666667,0,0.0,4332.6488,0.0,4000.0,0,0.0,0.0,722.1081333333333,0.0,0.0,,0.0,0.0,0.0,344.0,0.0,0,0,0.0,0.0,,False,0.86,71.4,49.98,8.731467391304353,,,0,8.731467391304353,,,0,8.731467391304353,,,0,,,,,,,,,,
AM,31365,I66_WB,110-58632,2,3.0,4936.431,0.0,12000.0,True,False,False,,0.4113692499999999,0,0.0,4936.431,0.0,4000.0,0,0.0,0.0,822.7384999999999,0.0,0.0,,0.0,0.0,0.0,240.0,0.0,0,0,0.0,0.0,,False,0.6,71.59,50.113,4.883070652173916,,,0,4.883070652173916,,,0,4.883070652173916,,,0,,,,,,,,,,
AM,31368,I66_WB,110+04179,4,3.0,9684.1039,0.0,24000.0,True,False,False,,0.4035043291666667,0,0.0,9684.1039,0.0,8000.0,0,0.0,0.0,807.0086583333333,0.0,0.0,,0.0,0.0,0.0,280.0,0.0,0,0,0.0,0.0,,False,0.35,66.71,46.697,16.393288043478254,,,0,16.393288043478254,,,0,16.393288043478254,,,0,,,,,,,,,,
AM,31369,I66_WB,110-58632,2,3.0,4936.431,0.0,12000.0,True,False,False,,0.4113692499999999,0,0.0,4936.431,0.0,4000.0,0,0.0,0.0,822.7384999999999,0.0,0.0,,0.0,0.0,0.0,140.0,0.0,0,0,0.0,0.0,,False,0.35,71.59,50.113,4.883070652173916,,,0,4.883070652173916,,,0,4.883070652173916,,,0,,,,,,,,,,
AM,31371,I66_EB,110-04178,4,3.0,17047.0493,17152.179988948054,21152.179988948054,False,True,False,0.9938707097864063,0.8059239902888037,10,18465.010975112764,-1417.961675112765,1.083179302773106,8000.0,0,0.0,0.0,1420.5874416666666,103.91752781366836,103.88568238359817,1.0003065430128533,70.90851971409279,62.96291254792664,26.981699594316296,384.0,0.2706185620147613,0,42,198.00274960374716,7.642409655204573,8.392095465096403,True,0.48,66.81649999999999,46.77154999999999,0.7941770233151928,0.7941770233151928,0.0146646686061693,16,31.99076630434781,31.99076630434781,32.94106521739129,16,31.99076630434781,31.99076630434781,32.94106521739129,16,385.1690592333333,480.0,675.3183840666667,4.835822080555556,22.929565217391303,401.0662592666667,465.0,666.3137885666667,4.420792155,22.527162261350707
AM,31372,I66_WB,110+04179,4,3.0,9684.1039,0.0,22800.0,True,False,False,,0.424741399122807,0,0.0,9684.1039,0.0,7600.0,0,0.0,0.0,807.0086583333333,0.0,0.0,,0.0,0.0,0.0,200.0,0.0,0,0,0.0,0.0,,False,0.25,66.71,46.697,16.393288043478254,,,0,16.393288043478254,,,0,16.393288043478254,,,0,,,,,,,,,,
AM,31373,I66_WB,110-58632,2,3.0,4936.431,0.0,12000.0,True,False,False,,0.4113692499999999,0,0.0,4936.431,0.0,4000.0,0,0.0,0.0,822.7384999999999,0.0,0.0,,0.0,0.0,0.0,100.0,0.0,0,0,0.0,0.0,,False,0.25,71.59,50.113,4.883070652173916,,,0,4.883070652173916,,,0,4.883070652173916,,,0,,,,,,,,,,
AM,31375,I66_EB,110+58633,4,3.0,17047.0493,0.0,24000.0,True,False,False,,0.7102937208333333,0,0.0,17047.0493,0.0,8000.0,0,0.0,0.0,1420.5874416666666,0.0,0.0,,0.0,0.0,0.0,280.0,0.0,0,0,0.0,0.0,,False,0.35,71.0,49.7,11.03774456521739,,,0,11.03774456521739,,,0,11.03774456521739,,,0,,,,,,,,,,
AM,31376,I66_WB,110-58631,2,3.0,4486.4877,0.0,12000.0,True,False,False,,0.3738739749999999,0,0.0,4486.4877,0.0,4000.0,0,0.0,0.0,747.74795,0.0,0.0,,0.0,0.0,0.0,432.0,0.0,0,0,0.0,0.0,,False,1.08,71.9165,50.34155,3.291744565217392,,,0,3.291744565217392,,,0,3.291744565217392,,,0,,,,,,,,,,
AM,31379,I66_WB,110N58631,2,3.0,4486.4877,0.0,12000.0,True,False,False,,0.3738739749999999,0,0.0,4486.4877,0.0,4000.0,0,0.0,0.0,747.74795,0.0,0.0,,0.0,0.0,0.0,144.0,0.0,0,0,0.0,0.0,,False,0.36,71.59,50.113,4.585027173913047,,,0,4.585027173913047,,,0,4.585027173913047,,,0,,,,,,,,,,
AM,31381,I66_WB,110P04180,4,3.0,8823.9543,0.0,22800.0,True,False,False,,0.3870155394736841,0,0.0,8823.9543,0.0,7600.0,0,0.0,0.0,735.329525,0.0,0.0,,0.0,0.0,0.0,288.0,0.0,0,0,0.0,0.0,,False,0.36,67.7165,47.40154999999999,9.795793478260869,,,0,9.795793478260869,,,0,9.795793478260869,,,0,,,,,,,,,,
AM,31382,I66_EB,110+58632,4,3.0,15076.5661,0.0,22800.0,True,False,False,,0.661252899122807,0,0.0,15076.5661,0.0,7600.0,0,0.0,0.0,1256.3805083333334,0.0,0.0,,0.0,0.0,0.0,128.0,0.0,0,0,0.0,0.0,,False,0.16,72.52,50.764,6.368043478260867,,,0,6.368043478260867,,,0,6.368043478260867,,,0,,,,,,,,,,
AM,31383,I66_WB,110-58630,2,3.0,3382.8998,0.0,12000.0,True,False,False,,0.2819083166666666,0,0.0,3382.8998,0.0,4000.0,0,0.0,0.0,563.8166333333334,0.0,0.0,,0.0,0.0,0.0,460.0,0.0,0,0,0.0,0.0,,False,1.15,72.53,50.771,4.637445652173915,,,0,4.637445652173915,,,0,4.637445652173915,,,0,,,,,,,,,,
AM,31386,I66_WB,110-58629,2,3.0,2942.8383,0.0,12000.0,True,False,False,,0.2452365249999999,0,0.0,2942.8383,0.0,4000.0,0,0.0,0.0,490.47305,0.0,0.0,,0.0,0.0,0.0,244.0,0.0,0,0,0.0,0.0,,False,0.61,71.46,50.02199999999999,6.697146739130428,,,0,6.697146739130428,,,0,6.697146739130428,,,0,,,,,,,,,,
AM,31388,I66_WB,110P04182,5,3.0,10125.9346,0.0,28500.0,True,False,False,,0.355295950877193,0,0.0,10125.9346,0.0,9500.0,0,0.0,0.0,675.0623066666667,77.08061448069748,77.43334534881656,0.9954447161422496,0.0,35.767128585368255,31.416001540877005,330.0,0.2335776196384772,0,17,77.08061448069748,3.2858832830617395,5.746843150783581,True,0.33,68.559,47.9913,0.3339520794986685,0.3339520794986685,-0.0311575303573228,16,41.93647282608696,41.93647282608696,44.15052173913043,16,41.93647282608696,41.93647282608696,44.15052173913043,16,,,,,,,,,,
AM,31392,I66_EB,110+58630,5,3.0,16017.373,0.0,30000.0,True,False,False,,0.5339124333333333,0,0.0,16017.373,0.0,10000.0,0,0.0,0.0,1067.8248666666666,0.0,0.0,,0.0,0.0,0.0,960.0,0.0,0,0,0.0,0.0,,False,0.96,71.1965,49.83755,2.2909293478260877,,,0,2.2909293478260877,,,0,2.2909293478260877,,,0,,,,,,,,,,
AM,31393,I66_EB,110+58631,4,3.0,14724.534,0.0,22800.0,True,False,False,,0.6458128947368421,0,0.0,14724.534,0.0,7600.0,0,0.0,0.0,1227.0445,0.0,0.0,,0.0,0.0,0.0,640.0,0.0,0,0,0.0,0.0,,False,0.8,72.45649999999999,50.71954999999999,2.497967391304337,,,0,2.497967391304337,,,0,2.497967391304337,,,0,,,,,,,,,,
AM,31395,I66_EB,110-04180,4,3.0,15076.5661,0.0,22800.0,True,False,False,,0.661252899122807,0,0.0,15076.5661,0.0,7600.0,0,0.0,0.0,1256.3805083333334,0.0,0.0,,0.0,0.0,0.0,640.0,0.0,0,0,0.0,0.0,,False,0.8,67.92,47.544,6.47913043478261,,,0,6.47913043478261,,,0,6.47913043478261,,,0,,,,,,,,,,
AM,31397,I66_WB,110-58630,2,3.0,3382.8998,0.0,12000.0,True,False,False,,0.2819083166666666,0,0.0,3382.8998,0.0,4000.0,0,0.0,0.0,563.8166333333334,0.0,0.0,,0.0,0.0,0.0,92.0,0.0,0,0,0.0,0.0,,False,0.23,72.53,50.771,4.637445652173915,,,0,4.637445652173915,,,0,4.637445652173915,,,0,,,,,,,,,,
AM,31398,I66_WB,110+04181,4,3.0,8823.9543,0.0,22800.0,True,False,False,,0.3870155394736841,0,0.0,8823.9543,0.0,7600.0,0,0.0,0.0,735.329525,0.0,0.0,,0.0,0.0,0.0,184.0,0.0,0,0,0.0,0.0,,False,0.23,68.8665,48.20655,11.597559782608696,,,0,11.597559782608696,,,0,11.597559782608696,,,0,,,,,,,,,,
AM,31399,I66_EB,110N04182,2,3.0,7273.1812,0.0,12000.0,True,False,False,,0.6060984333333334,0,0.0,7273.1812,0.0,4000.0,0,0.0,0.0,1212.196866666667,0.0,0.0,,0.0,0.0,0.0,16.0,0.0,0,0,0.0,0.0,,False,0.04,66.45,46.515,5.081766304347829,,,0,5.081766304347829,,,0,5.081766304347829,,,0,,,,,,,,,,
AM,31403,I66_EB,110N04182,2,3.0,87.3784,0.0,12000.0,True,False,False,,0.0072815333333333,0,0.0,87.3784,0.0,4000.0,0,0.0,0.0,14.563066666666666,0.0,0.0,,0.0,0.0,0.0,4.0,0.0,0,0,0.0,0.0,,False,0.01,66.45,46.515,5.081766304347829,,,0,5.081766304347829,,,0,5.081766304347829,,,0,,,,,,,,,,
AM,31404,I66_WB,110+04183,2,3.0,3209.9114,0.0,12000.0,True,False,False,,0.2674926166666667,0,0.0,3209.9114,0.0,4000.0,0,0.0,0.0,534.9852333333333,20.449676345490616,21.713615861868263,0.9417904634392432,0.0,13.160913397243462,8.024216447839194,56.00000000000001,0.3651727918837609,0,19,20.449676345490616,0.5868756079424406,0.9708920184493957,True,0.14,67.77,47.43899999999999,0.5373738803424736,0.5373738803424736,-0.0216246997064413,16,49.446657608695645,49.446657608695645,50.91173913043478,16,49.446657608695645,49.446657608695645,50.91173913043478,16,,,,,,,,,,
AM,31405,I66_WB,110-58628,4,3.0,7546.2355,0.0,22800.0,True,False,False,,0.3309752412280701,0,0.0,7546.2355,0.0,7600.0,0,0.0,0.0,628.8529583333333,0.0,0.0,,0.0,0.0,0.0,232.0,0.0,0,0,0.0,0.0,,False,0.29,72.5265,50.76855,9.413891304347825,,,0,9.413891304347825,,,0,9.413891304347825,,,0,,,,,,,,,,
AM,31406,I66_WB,110+04183,2,3.0,3209.9114,0.0,12000.0,True,False,False,,0.2674926166666667,0,0.0,3209.9114,0.0,4000.0,0,0.0,0.0,534.9852333333333,42.3600438084095,44.97820428529853,0.94179046232522,0.0,27.26189205003402,16.62159113558198,116.0,0.365172791451806,0,19,42.3600438084095,1.2156709021519383,2.01113346676397,True,0.29,67.77,47.43899999999999,0.537373881826614,0.537373881826614,-0.0216247003116762,16,49.446657608695645,49.446657608695645,50.91173913043478,16,49.446657608695645,49.446657608695645,50.91173913043478,16,,,,,,,,,,
AM,31407,I66_EB,110N04182,2,3.0,121.4594,0.0,12000.0,True,False,False,,0.0101216166666666,0,0.0,121.4594,0.0,4000.0,0,0.0,0.0,20.243233333333333,0.0,0.0,,0.0,0.0,0.0,64.0,0.0,0,0,0.0,0.0,,False,0.16,66.45,46.515,5.081766304347829,,,0,5.081766304347829,,,0,5.081766304347829,,,0,,,,,,,,,,
AM,31408,I66_EB,110P58629,4,3.0,15203.449,0.0,22800.0,True,False,False,,0.6668179385964913,0,0.0,15203.449,0.0,7600.0,0,0.0,0.0,1266.9540833333333,0.0,0.0,,0.0,0.0,0.0,128.0,0.0,0,0,0.0,0.0,,False,0.16,71.79,50.253,2.7597826086956614,,,0,2.7597826086956614,,,0,2.7597826086956614,,,0,,,,,,,,,,
AM,31409,I66_EB,110+58629,4,3.0,15203.449,0.0,22800.0,True,False,False,,0.6668179385964913,0,0.0,15203.449,0.0,7600.0,0,0.0,0.0,1266.9540833333333,0.0,0.0,,0.0,0.0,0.0,184.0,0.0,0,0,0.0,0.0,,False,0.23,72.0,50.4,2.5581249999999995,,,0,2.5581249999999995,,,0,2.5581249999999995,,,0,,,,,,,,,,
AM,31410,I66_EB,110-04182,2,3.0,121.4594,8814.938611026279,11814.93861102628,False,True,False,0.0137788140518722,0.0102801549799546,9,8929.987881729998,-8808.528481729998,73.5224106304658,4000.0,0,0.0,0.0,20.243233333333333,11.160304863214035,11.051318289119036,1.009861861837995,8.009601805793636,0.0,0.0,92.0,0.1213076615566743,0,11,11.160304863214035,1.0963834427163528,2.2823041350802566,True,0.23,64.7955,45.35685,6.399114130434785,,,0,6.399114130434785,,,0,6.399114130434785,,,0,397.14408103333335,495.0,575.32607225,2.969699853611111,36.70246376811594,424.3025555,495.0,571.3388018666667,2.450604106111111,36.14019940125337
AM,31411,I66_WB,110+04183,2,3.0,3209.9114,0.0,12000.0,True,False,False,,0.2674926166666667,0,0.0,3209.9114,0.0,4000.0,0,0.0,0.0,534.9852333333333,21.910367500459643,23.26458842343028,0.9417904628991084,0.0,14.100978668835296,8.597374737466907,60.0,0.3651727916743273,0,19,21.910367500459643,0.6287952942148425,1.0402414483234164,True,0.15,67.77,47.43899999999999,0.537373882661985,0.537373882661985,-0.021624705552421,16,49.446657608695645,49.446657608695645,50.91173913043478,16,49.446657608695645,49.446657608695645,50.91173913043478,16,,,,,,,,,,
AM,31412,I66_WB,110-58628,4,3.0,7546.2355,0.0,22800.0,True,False,False,,0.3309752412280701,0,0.0,7546.2355,0.0,7600.0,0,0.0,0.0,628.8529583333333,0.0,0.0,,0.0,0.0,0.0,120.0,0.0,0,0,0.0,0.0,,False,0.15,72.5265,50.76855,9.413891304347825,,,0,9.413891304347825,,,0,9.413891304347825,,,0,,,,,,,,,,
AM,31413,I66_EB,110-04182,2,3.0,121.4594,8814.938611026279,11814.93861102628,False,True,False,0.0137788140518722,0.0102801549799546,9,8928.891281291233,-8807.431881291233,73.51338209550873,4000.0,0,0.0,0.0,20.243233333333333,8.35975827177458,8.648857791484462,0.9665736763535964,6.91300136702796,0.0,0.0,72.0,0.1161077537746469,0,12,8.35975827177458,0.8811329522328762,1.82997575557518,True,0.18,64.7955,45.35685,6.399114130434785,,,0,6.399114130434785,,,0,6.399114130434785,,,0,397.14408103333335,495.0,575.32607225,2.969699853611111,36.70246376811594,425.71477135,495.0,566.181147,2.341106260833333,36.83854434797011
AM,31414,I66_WB,110P04183,2,3.0,3209.9114,0.0,12000.0,True,False,False,,0.2674926166666667,0,0.0,3209.9114,0.0,4000.0,0,0.0,0.0,534.9852333333333,65.59155734833962,67.35027279701751,0.9738870330343224,0.0,29.730431920911315,33.11035810414296,196.0,0.3346508027976511,0,19,65.59155734833962,1.971164145612416,3.2609764490611037,True,0.49,68.91,48.237,0.5202743508883374,0.5202743508883374,0.0757635625519945,16,47.37285326086956,47.37285326086956,48.69826086956522,16,47.37285326086956,47.37285326086956,48.69826086956522,16,,,,,,,,,,
AM,31415,I66_EB,110N04183,2,3.0,121.4594,8695.561740495545,11695.561740495545,False,True,False,0.0139679762647603,0.0103850847607815,9,8863.4951439042,-8742.0357439042,72.97496236523645,4000.0,0,0.0,0.0,20.243233333333333,25.452027054748328,25.93351445999613,0.9814337772849676,17.620849060925707,0.0,0.0,184.0,0.1383262339931974,0,12,25.452027054748328,2.2051951009636843,4.589111639637643,True,0.46,67.1665,47.01655,5.713157608695651,,,0,5.713157608695651,,,0,5.713157608695651,,,0,396.7006292833333,480.0,570.7347475666667,2.900568638055556,34.99159420289856,426.2663564,495.0,565.9996437000001,2.3288881216666666,34.52799037982455
AM,31416,I66_WB,110+04184,2,3.0,3209.9114,0.0,12000.0,True,False,False,,0.2674926166666667,0,0.0,3209.9114,0.0,4000.0,0,0.0,0.0,534.9852333333333,19.250093098419484,19.58445174834584,0.982927341841234,0.0,0.0,13.582660576426631,100.0,0.1925009309841948,0,15,19.600669609443912,0.9275038063252752,1.7269181057380691,True,0.25,68.98,48.286,3.273308664874513,2.1596451845617985,0.1425332307611029,15,30.988125000000007,31.72211594202899,31.116956521739134,15,30.988125000000007,31.72211594202899,31.116956521739134,15,,,,,,,,,,
AM,31417,I66_WB,110-58628,3,3.0,8440.1469,0.0,17100.0,True,False,False,,0.4935758421052631,0,0.0,8440.1469,0.0,5700.0,0,0.0,0.0,937.7941,0.0,0.0,,0.0,0.0,0.0,468.0,0.0,0,0,0.0,0.0,,False,0.78,72.5265,50.76855,9.413891304347825,,,0,9.413891304347825,,,0,9.413891304347825,,,0,,,,,,,,,,
AM,31418,I66_WB,110+04184,2,3.0,3209.9114,0.0,12000.0,True,False,False,,0.2674926166666667,0,0.0,3209.9114,0.0,4000.0,0,0.0,0.0,534.9852333333333,60.24018258993499,61.10348945483902,0.9858713983013672,0.0,0.0,42.593127648173095,312.0,0.1930775083010736,0,15,62.16994108600306,3.02467001906189,5.631629093249521,True,0.78,68.98,48.286,3.525599174166749,2.428755061140184,-0.2363735685072328,15,30.988125000000007,31.72211594202899,31.116956521739134,15,30.988125000000007,31.72211594202899,31.116956521739134,15,,,,,,,,,,
AM,31419,I66_EB,110-04183,2,3.0,121.4594,9434.815516767118,11434.815516767118,False,True,False,0.0128735320562599,0.0106218941461627,10,9615.736933610606,-9494.277533610606,79.16832236624424,4000.0,0,0.0,0.0,20.243233333333333,28.57234946573442,31.53408902266746,0.9060781633868012,14.37342780794188,0.0,0.0,184.0,0.1552845079659479,0,12,28.57234946573442,2.5348489231557645,5.233938958442771,True,0.46,69.369,48.5583,5.68329347826087,,,0,5.68329347826087,,,0,5.68329347826087,,,0,379.19888541666666,480.0,563.9572890666666,3.0793067275,31.92304347826087,402.9302406166667,495.0,551.2840789833333,2.472563972777778,32.69166819154183
AM,31420,I66_EB,110+58629,3,3.0,14016.1928,0.0,18000.0,True,False,False,,0.7786773777777778,0,0.0,14016.1928,0.0,6000.0,0,0.0,0.0,1557.3547555555558,0.0,0.0,,0.0,0.0,0.0,276.0,0.0,0,0,0.0,0.0,,False,0.46,72.0,50.4,2.5581249999999995,,,0,2.5581249999999995,,,0,2.5581249999999995,,,0,,,,,,,,,,
AM,31421,I66_EB,110+58629,3,3.0,14016.1928,0.0,17100.0,True,False,False,,0.8196603976608188,0,0.0,14016.1928,0.0,5700.0,0,0.0,0.0,1557.3547555555558,0.0,0.0,,0.0,0.0,0.0,390.0,0.0,0,0,0.0,0.0,,False,0.65,72.0,50.4,2.5581249999999995,,,0,2.5581249999999995,,,0,2.5581249999999995,,,0,,,,,,,,,,
AM,31422,I66_EB,110-04183,2,3.0,121.4594,9434.815516767118,11434.815516767118,False,True,False,0.0128735320562599,0.0106218941461627,10,9621.335349380632,-9499.875949380634,79.21441526452982,4000.0,0,0.0,0.0,20.243233333333333,40.851758820529085,44.55903883637793,0.916800718492558,19.97184357797028,0.0,0.0,260.0,0.1571221493097272,0,12,40.851758820529085,3.620582493147964,7.465373253993215,True,0.65,69.369,48.5583,5.68329347826087,,,0,5.68329347826087,,,0,5.68329347826087,,,0,379.19888541666666,480.0,563.9572890666666,3.0793067275,31.92304347826087,404.0896701666667,480.0,551.56302155,2.4578891897222226,32.48838891863085
AM,31423,I66_WB,110+04184,2,3.0,3209.9114,0.0,12000.0,True,False,False,,0.2674926166666667,0,0.0,3209.9114,0.0,4000.0,0,0.0,0.0,534.9852333333333,72.58626680044449,83.82145348292019,0.8659628744714498,0.0,0.0,47.93449056938505,428.0,0.1695940813094497,0,15,77.30086709455622,6.528610782153973,12.155611748578156,True,1.07,68.98,48.286,5.664564433373611,4.71031800429417,2.955549097548708,15,30.988125000000007,31.72211594202899,31.116956521739134,15,30.988125000000007,31.72211594202899,31.116956521739134,15,,,,,,,,,,
AM,31424,I66_WB,110-58628,3,3.0,8440.1469,0.0,18000.0,True,False,False,,0.46889705,0,0.0,8440.1469,0.0,6000.0,0,0.0,0.0,937.7941,0.0,0.0,,0.0,0.0,0.0,234.0,0.0,0,0,0.0,0.0,,False,0.39,72.5265,50.76855,9.413891304347825,,,0,9.413891304347825,,,0,9.413891304347825,,,0,,,,,,,,,,
AM,31425,I66_WB,110-58628,3,3.0,8440.1469,0.0,18000.0,True,False,False,,0.46889705,0,0.0,8440.1469,0.0,6000.0,0,0.0,0.0,937.7941,0.0,0.0,,0.0,0.0,0.0,402.0,0.0,0,0,0.0,0.0,,False,0.67,72.5265,50.76855,9.413891304347825,,,0,9.413891304347825,,,0,9.413891304347825,,,0,,,,,,,,,,
AM,31426,I66_WB,110+04184,2,3.0,3209.9114,0.0,12000.0,True,False,False,,0.2674926166666667,0,0.0,3209.9114,0.0,4000.0,0,0.0,0.0,534.9852333333333,51.70803714446515,52.486330685566855,0.9851715002566236,0.0,0.0,36.60270598309944,268.0,0.1929404371062132,0,15,53.20473046755592,2.5807949150647485,4.805178626360323,True,0.67,68.98,48.286,3.4981928142335885,2.399521610544812,-0.2942222840339354,15,30.988125000000007,31.72211594202899,31.116956521739134,15,30.988125000000007,31.72211594202899,31.116956521739134,15,,,,,,,,,,
AM,31427,I66_EB,110-04183,2,3.0,121.4594,9434.815516767118,11434.815516767118,False,True,False,0.0128735320562599,0.0106218941461627,10,9624.25169680599,-9502.79229680599,79.23842614738744,4000.0,0,0.0,0.0,20.243233333333333,51.81625630181748,73.35103316142212,0.7064148120148014,22.888191003326824,0.0,0.0,428.0,0.1210660193967698,0,11,51.81625630181748,8.227370365056034,17.12663715395241,True,1.07,69.369,48.5583,5.68329347826087,,,0,5.68329347826087,,,0,5.68329347826087,,,0,379.19888541666666,480.0,563.9572890666666,3.0793067275,31.92304347826087,404.07200703333336,495.0,542.0539978166667,2.299699846388889,37.002893034239605
AM,31428,I66_EB,110+58629,3,3.0,14016.1928,0.0,18000.0,True,False,False,,0.7786773777777778,0,0.0,14016.1928,0.0,6000.0,0,0.0,0.0,1557.3547555555558,0.0,0.0,,0.0,0.0,0.0,300.0,0.0,0,0,0.0,0.0,,False,0.5,72.0,50.4,2.5581249999999995,,,0,2.5581249999999995,,,0,2.5581249999999995,,,0,,,,,,,,,,
AM,31429,I66_EB,110-04183,2,3.0,121.4594,9434.815516767118,11434.815516767118,False,True,False,0.0128735320562599,0.0106218941461627,10,9624.158341951028,-9502.698941951028,79.23765753783591,4000.0,0,0.0,0.0,20.243233333333333,40.72982449100039,45.930086185189566,0.8867787516613449,22.79483614836397,0.0,0.0,268.0,0.1519769570559715,0,12,40.72982449100039,3.649383082222632,7.590588291778197,True,0.67,69.369,48.5583,5.68329347826087,,,0,5.68329347826087,,,0,5.68329347826087,,,0,379.19888541666666,480.0,563.9572890666666,3.0793067275,31.92304347826087,403.36226361666667,480.0,554.5309156999999,2.519477534722222,33.06403118199232
AM,31720,I66_EB,110P58636,3,3.0,0.0,0.0,18000.0,True,False,False,,0.0,0,0.0,0.0,,6000.0,0,0.0,,0.0,0.0,0.0,,0.0,0.0,0.0,276.0,0.0,0,0,0.0,0.0,,False,0.46,68.766,48.1362,4.925103260869571,,,0,4.925103260869571,,,0,4.925103260869571,,,0,,,,,,,,,,
AM,31724,I66_EB,110+58636,3,3.0,6193.5253,0.0,18000.0,True,False,False,,0.3440847388888889,0,0.0,6193.5253,0.0,6000.0,0,0.0,0.0,688.1694777777778,0.0,0.0,,0.0,0.0,0.0,282.0,0.0,0,0,0.0,0.0,,False,0.47,67.763,47.4341,6.123951086956526,,,0,6.123951086956526,,,0,6.123951086956526,,,0,,,,,,,,,,
AM,31781,I66_EB,110+58635,4,3.0,15261.8913,0.0,22800.0,True,False,False,,0.669381197368421,0,0.0,15261.8913,0.0,7600.0,0,0.0,0.0,1271.824275,0.0,0.0,,0.0,0.0,0.0,232.0,0.0,0,0,0.0,0.0,,False,0.29,70.1265,49.08854999999999,4.57913586956521,,,0,4.57913586956521,,,0,4.57913586956521,,,0,,,,,,,,,,
AM,31785,I66_EB,110+58635,4,3.0,14038.3054,0.0,22800.0,True,False,False,,0.615715149122807,0,0.0,14038.3054,0.0,7600.0,0,0.0,0.0,1169.8587833333331,0.0,0.0,,0.0,0.0,0.0,1144.0,0.0,0,0,0.0,0.0,,False,1.43,70.1265,49.08854999999999,4.57913586956521,,,0,4.57913586956521,,,0,4.57913586956521,,,0,,,,,,,,,,
AM,31790,I66_EB,110+58634,4,3.0,15292.876,0.0,22800.0,True,False,False,,0.6707401754385965,0,0.0,15292.876,0.0,7600.0,0,0.0,0.0,1274.4063333333334,0.0,0.0,,0.0,0.0,0.0,424.0,0.0,0,0,0.0,0.0,,False,0.53,71.31,49.917,6.9443478260869576,,,0,6.9443478260869576,,,0,6.9443478260869576,,,0,,,,,,,,,,
AM,31795,I66_EB,110N04178,4,3.0,14687.3084,14890.068874590685,22490.068874590685,False,True,False,0.9863828383670752,0.6530575109351374,8,15071.979125862015,-384.6707258620172,1.0261906889530568,7600.0,0,0.0,0.0,1223.9423666666669,40.34574572823385,84.86117357417073,0.4754323329381096,16.594951670659384,0.0,0.0,792.0,0.0509415981417094,0,12,48.835707208553686,21.00497283961609,40.48179658601109,True,0.99,68.72,48.104,20.35910326086956,,,0,20.35910326086956,,,0,20.35910326086956,,,0,412.55812813333335,495.0,627.2263782666666,3.577804168888889,39.71144927536233,,,,,
AM,31800,I66_EB,110+58633,4,3.0,17047.0493,0.0,24000.0,True,False,False,,0.7102937208333333,0,0.0,17047.0493,0.0,8000.0,0,0.0,0.0,1420.5874416666666,0.0,0.0,,0.0,0.0,0.0,48.0,0.0,0,0,0.0,0.0,,False,0.06,71.0,49.7,11.03774456521739,,,0,11.03774456521739,,,0,11.03774456521739,,,0,,,,,,,,,,
AM,31804,I66_EB,110N04179,4,3.0,14288.5327,13454.209872875072,19154.20987287507,True,False,False,1.0620120270910147,0.7459734854547291,9,15526.975015867833,-1238.4423158678328,1.0866738623111267,7600.0,0,0.0,0.0,1190.7110583333333,331.3851050062003,325.71288128295055,1.0174147970473488,212.11506025731228,115.64225014138788,35.84511439803282,880.0000000000001,0.3765739829615912,0,36,570.9948425894788,19.937245465095096,23.32249611440448,True,1.1,68.35300000000001,47.847100000000005,3.321459181934207,3.321459181934207,3.239813423448652,16,30.19601630434784,30.19601630434784,29.728217391304355,16,30.19601630434784,30.19601630434784,29.728217391304355,16,396.9914899666667,480.0,650.6555889166667,4.2277349825,17.575652173913042,414.8216213833333,480.0,641.7729201166666,3.7825216455555553,16.98087788051743
AM,31809,I66_EB,110+58631,4,3.0,15076.5661,0.0,22800.0,True,False,False,,0.661252899122807,0,0.0,15076.5661,0.0,7600.0,0,0.0,0.0,1256.3805083333334,0.0,0.0,,0.0,0.0,0.0,96.0,0.0,0,0,0.0,0.0,,False,0.12,72.45649999999999,50.71954999999999,2.497967391304337,,,0,2.497967391304337,,,0,2.497967391304337,,,0,,,,,,,,,,
AM,31818,I66_EB,110+58630,5,3.0,13182.2915,0.0,28500.0,True,False,False,,0.4625365438596491,0,0.0,13182.2915,0.0,9500.0,0,0.0,0.0,878.8194333333332,0.0,0.0,,0.0,0.0,0.0,320.0,0.0,0,0,0.0,0.0,,False,0.32,71.1965,49.83755,2.2909293478260877,,,0,2.2909293478260877,,,0,2.2909293478260877,,,0,,,,,,,,,,
AM,31823,I66_EB,110+58630,4,3.0,10406.8251,0.0,22800.0,True,False,False,,0.456439697368421,0,0.0,10406.8251,0.0,7600.0,0,0.0,0.0,867.235425,0.0,0.0,,0.0,0.0,0.0,376.0,0.0,0,0,0.0,0.0,,False,0.47,71.1965,49.83755,2.2909293478260877,,,0,2.2909293478260877,,,0,2.2909293478260877,,,0,,,,,,,,,,
AM,31829,I66_EB,110+58629,4,3.0,15203.449,0.0,22800.0,True,False,False,,0.6668179385964913,0,0.0,15203.449,0.0,7600.0,0,0.0,0.0,1266.9540833333333,0.0,0.0,,0.0,0.0,0.0,144.0,0.0,0,0,0.0,0.0,,False,0.18,72.0,50.4,2.5581249999999995,,,0,2.5581249999999995,,,0,2.5581249999999995,,,0,,,,,,,,,,
AM,31833,I66_EB,110+58629,3,3.0,12823.8315,0.0,17100.0,True,False,False,,0.7499316666666667,0,0.0,12823.8315,0.0,5700.0,0,0.0,0.0,1424.8701666666666,0.0,0.0,,0.0,0.0,0.0,276.0,0.0,0,0,0.0,0.0,,False,0.46,72.0,50.4,2.5581249999999995,,,0,2.5581249999999995,,,0,2.5581249999999995,,,0,,,,,,,,,,
AM,32029,I66_WB,110+04178,4,3.0,9363.7247,0.0,22800.0,True,False,False,,0.4106896798245614,0,0.0,9363.7247,0.0,7600.0,0,0.0,0.0,780.3103916666668,24.621145820882475,24.69536909444436,0.9969944456680108,0.0,17.720673874339127,15.3729716680009,112.0,0.2198316591150221,0,22,26.04421584103534,1.2399279844652682,1.9062804471049863,True,0.14,67.7165,47.40154999999999,0.5456165578281631,0.5456165578281631,0.1243355030108173,16,39.66764130434783,39.66764130434783,39.11041304347826,16,39.66764130434783,39.66764130434783,39.11041304347826,16,,,,,,,,,,
AM,32031,I66_WB,110P04178,4,3.0,8397.6361,0.0,22800.0,True,False,False,,0.3683173728070175,0,0.0,8397.6361,0.0,7600.0,0,0.0,0.0,699.8030083333333,70.96264641111611,99.5611401556754,0.7127544572125005,0.0,34.04095553449747,40.40609775767939,688.0,0.1031433814115059,0,21,84.32531659442179,16.802720090197887,26.44061893801896,True,0.86,67.38,47.166,6.401909237910073,6.401909237910073,6.267204540467684,16,29.69701086956521,29.69701086956521,28.548043478260865,16,29.69701086956521,29.69701086956521,28.548043478260865,16,,,,,,,,,,
AM,32032,I66_WB,110+04179,4,3.0,9684.1039,0.0,24000.0,True,False,False,,0.4035043291666667,0,0.0,9684.1039,0.0,8000.0,0,0.0,0.0,807.0086583333333,0.0,0.0,,0.0,0.0,0.0,480.0,0.0,0,0,0.0,0.0,,False,0.6,66.71,46.697,16.393288043478254,,,0,16.393288043478254,,,0,16.393288043478254,,,0,,,,,,,,,,
AM,32034,I66_WB,110P04179,4,3.0,8100.0619,0.0,22800.0,True,False,False,,0.3552658728070175,0,0.0,8100.0619,0.0,7600.0,0,0.0,0.0,675.0051583333333,0.0,0.0,,0.0,0.0,0.0,744.0,0.0,0,0,0.0,0.0,,False,0.93,68.25,47.775,8.037038043478258,,,0,8.037038043478258,,,0,8.037038043478258,,,0,,,,,,,,,,
AM,32035,I66_WB,110+04180,4,3.0,8823.9543,0.0,22800.0,True,False,False,,0.3870155394736841,0,0.0,8823.9543,0.0,7600.0,0,0.0,0.0,735.329525,0.0,0.0,,0.0,0.0,0.0,120.0,0.0,0,0,0.0,0.0,,False,0.15,67.7765,47.44355,8.904815217391302,,,0,8.904815217391302,,,0,8.904815217391302,,,0,,,,,,,,,,
AM,32037,I66_WB,110P04181,4,3.0,8507.7619,0.0,22800.0,True,False,False,,0.3731474517543859,0,0.0,8507.7619,0.0,7600.0,0,0.0,0.0,708.9801583333333,52.69047078362064,93.41592179168438,0.5640416512842353,0.0,0.0,0.0,920.0,0.0572722508517615,0,11,53.43222046116466,19.682869798650955,40.9731608317705,True,1.15,68.3265,47.82854999999999,12.059471040078684,11.29368602445274,9.99832101193051,12,22.362668478260865,25.031282608695648,25.376717391304343,12,22.362668478260865,25.031282608695648,25.376717391304343,12,,,,,,,,,,
AM,32038,I66_WB,110P04181,5,3.0,9929.8559,0.0,28500.0,True,False,False,,0.348415996491228,0,0.0,9929.8559,0.0,9500.0,0,0.0,0.0,661.9903933333334,22.640867552749118,23.353980447921103,0.9694650384433516,0.0,0.0,0.0,230.0,0.09843855457717,0,12,22.640867552749118,2.2810288028802725,4.747667354152394,True,0.23,68.3265,47.82854999999999,5.672077906054316,2.8260371201322045,0.1922553073584865,12,22.362668478260865,25.031282608695648,25.376717391304343,12,22.362668478260865,25.031282608695648,25.376717391304343,12,,,,,,,,,,
AM,32041,I66_WB,110-58629,3,3.0,5575.6803,0.0,17100.0,True,False,False,,0.3260631754385965,0,0.0,5575.6803,0.0,5700.0,0,0.0,0.0,619.5200333333333,0.0,0.0,,0.0,0.0,0.0,12.0,0.0,0,0,0.0,0.0,,False,0.02,71.46,50.02199999999999,6.697146739130428,,,0,6.697146739130428,,,0,6.697146739130428,,,0,,,,,,,,,,
AM,32042,I66_WB,110N58629,4,3.0,7546.2355,0.0,22800.0,True,False,False,,0.3309752412280701,0,0.0,7546.2355,0.0,7600.0,0,0.0,0.0,628.8529583333333,0.0,0.0,,0.0,0.0,0.0,112.0,0.0,0,0,0.0,0.0,,False,0.14,72.46,50.722,17.64980978260869,,,0,17.64980978260869,,,0,17.64980978260869,,,0,,,,,,,,,,
AM,32044,I66_WB,110-58628,3,3.0,6746.5451,0.0,18000.0,True,False,False,,0.3748080611111111,0,0.0,6746.5451,0.0,6000.0,0,0.0,0.0,749.6161222222222,0.0,0.0,,0.0,0.0,0.0,294.0,0.0,0,0,0.0,0.0,,False,0.49,72.5265,50.76855,9.413891304347825,,,0,9.413891304347825,,,0,9.413891304347825,,,0,,,,,,,,,,
AM,32045,I66_WB,110-58628,3,3.0,8440.1469,0.0,18000.0,True,False,False,,0.46889705,0,0.0,8440.1469,0.0,6000.0,0,0.0,0.0,937.7941,0.0,0.0,,0.0,0.0,0.0,150.0,0.0,0,0,0.0,0.0,,False,0.25,72.5265,50.76855,9.413891304347825,,,0,9.413891304347825,,,0,9.413891304347825,,,0,,,,,,,,,,
AM,32130,I66_WB,110+04174,2,3.0,0.0,0.0,12000.0,True,False,False,,0.0,0,0.0,0.0,,4000.0,0,0.0,,0.0,0.0,0.0,,0.0,0.0,0.0,32.0,0.0,0,0,0.0,0.0,,False,0.08,64.99300000000001,45.4951,2.5132173913043565,,,0,2.5132173913043565,,,0,2.5132173913043565,,,0,,,,,,,,,,
AM,32133,I66_WB,110+04173,4,3.0,0.0,0.0,24000.0,True,False,False,,0.0,0,0.0,0.0,,8000.0,0,0.0,,0.0,0.0,0.0,,0.0,0.0,0.0,72.0,0.0,0,0,0.0,0.0,,False,0.09,65.1795,45.62565,2.059744565217397,,,0,2.059744565217397,,,0,2.059744565217397,,,0,,,,,,,,,,
AM,32134,I66_WB,110P04173,4,3.0,0.0,0.0,24000.0,True,False,False,,0.0,0,0.0,0.0,,8000.0,0,0.0,,0.0,0.0,0.0,,0.0,0.0,0.0,136.0,0.0,0,0,0.0,0.0,,False,0.17,66.763,46.7341,1.9393315217391371,,,0,1.9393315217391371,,,0,1.9393315217391371,,,0,,,,,,,,,,
AM,32136,I66_WB,110+04174,2,3.0,0.0,0.0,12000.0,True,False,False,,0.0,0,0.0,0.0,,4000.0,0,0.0,,0.0,0.0,0.0,,0.0,0.0,0.0,124.0,0.0,0,0,0.0,0.0,,False,0.31,64.99300000000001,45.4951,2.5132173913043565,,,0,2.5132173913043565,,,0,2.5132173913043565,,,0,,,,,,,,,,
AM,32140,I66_WB,110+04173,4,3.0,0.0,0.0,24000.0,True,False,False,,0.0,0,0.0,0.0,,8000.0,0,0.0,,0.0,0.0,0.0,,0.0,0.0,0.0,120.0,0.0,0,0,0.0,0.0,,False,0.15,65.1795,45.62565,2.059744565217397,,,0,2.059744565217397,,,0,2.059744565217397,,,0,,,,,,,,,,
AM,32141,I395_NB,110+04122,4,3.0,17265.7552,0.0,24000.0,True,False,False,,0.7194064666666666,0,0.0,17265.7552,0.0,8000.0,0,0.0,0.0,1438.8129333333334,0.0,0.0,,0.0,0.0,0.0,304.0,0.0,0,0,0.0,0.0,,False,0.38,66.5465,46.58254999999999,15.558048913043471,,,0,15.558048913043471,,,0,15.558048913043471,,,0,,,,,,,,,,
AM,32367,I66_EB,110+58629,3,3.0,14016.1928,0.0,18000.0,True,False,False,,0.7786773777777778,0,0.0,14016.1928,0.0,6000.0,0,0.0,0.0,1557.3547555555558,0.0,0.0,,0.0,0.0,0.0,234.0,0.0,0,0,0.0,0.0,,False,0.39,72.0,50.4,2.5581249999999995,,,0,2.5581249999999995,,,0,2.5581249999999995,,,0,,,,,,,,,,
AM,32368,I66_WB,110-58628,3,3.0,8440.1469,0.0,18000.0,True,False,False,,0.46889705,0,0.0,8440.1469,0.0,6000.0,0,0.0,0.0,937.7941,0.0,0.0,,0.0,0.0,0.0,102.0,0.0,0,0,0.0,0.0,,False,0.17,72.5265,50.76855,9.413891304347825,,,0,9.413891304347825,,,0,9.413891304347825,,,0,,,,,,,,,,
AM,32369,I66_WB,110-58628,3,3.0,8440.1469,0.0,18000.0,True,False,False,,0.46889705,0,0.0,8440.1469,0.0,6000.0,0,0.0,0.0,937.7941,0.0,0.0,,0.0,0.0,0.0,306.0,0.0,0,0,0.0,0.0,,False,0.51,72.5265,50.76855,9.413891304347825,,,0,9.413891304347825,,,0,9.413891304347825,,,0,,,,,,,,,,
AM,32370,I66_EB,110+58629,3,3.0,14016.1928,0.0,18000.0,True,False,False,,0.7786773777777778,0,0.0,14016.1928,0.0,6000.0,0,0.0,0.0,1557.3547555555558,0.0,0.0,,0.0,0.0,0.0,102.0,0.0,0,0,0.0,0.0,,False,0.17,72.0,50.4,2.5581249999999995,,,0,2.5581249999999995,,,0,2.5581249999999995,,,0,,,,,,,,,,
AM,32551,I66_WB,110P04174,2,3.0,0.0,0.0,12000.0,True,False,False,,0.0,0,0.0,0.0,,4000.0,0,0.0,,0.0,0.0,0.0,,0.0,0.0,0.0,196.0,0.0,0,0,0.0,0.0,,False,0.49,64.58,45.206,2.5791032608695628,,,0,2.5791032608695628,,,0,2.5791032608695628,,,0,,,,,,,,,,
AM,32552,I66_WB,110+04175,2,3.0,0.0,0.0,12000.0,True,False,False,,0.0,0,0.0,0.0,,4000.0,0,0.0,,0.0,0.0,0.0,,0.0,0.0,0.0,260.0,0.0,0,0,0.0,0.0,,False,0.65,65.6665,45.96655,1.749380434782608,,,0,1.749380434782608,,,0,1.749380434782608,,,0,,,,,,,,,,
AM,32573,I66_WB,110P04175,2,3.0,0.0,0.0,12000.0,True,False,False,,0.0,0,0.0,0.0,,4000.0,0,0.0,,0.0,0.0,0.0,,0.0,0.0,0.0,280.0,0.0,0,0,0.0,0.0,,False,0.7,66.7965,46.75755,8.53538586956521,,,0,8.53538586956521,,,0,8.53538586956521,,,0,,,,,,,,,,
AM,32581,I395_NB,110P04120,3,3.0,15020.3429,10501.11799034089,14776.11799034089,False,False,True,1.4303565500183857,1.0165283540520424,9,11605.468811220191,3414.8740887798085,0.772650057890502,5700.0,0,0.0,0.0,1668.926988888889,162.82719558895246,171.0394679939617,0.9519860971194136,96.46728028419308,0.0,27.33876954357561,408.0,0.3990862636984129,0,30,307.4685478839683,7.809463037540095,10.114443636899718,True,0.68,65.65,45.955,2.04736313426654,2.04736313426654,0.2042133717839291,16,36.95138586956522,36.95138586956522,37.93673913043479,16,36.95138586956522,36.95138586956522,37.93673913043479,16,391.1743736166666,495.0,621.8318958166667,3.844292036666667,16.186666666666667,424.4007833,495.0,612.6334377833333,3.137210908055556,16.11735827050946
AM,32590,I395_SB,110N04120,3,3.0,9714.614,0.0,17100.0,True,False,False,,0.568106081871345,0,0.0,9714.614,0.0,5700.0,0,0.0,0.0,1079.4015555555554,0.0,0.0,,0.0,0.0,0.0,420.0,0.0,0,15,0.0,0.0,,False,0.7,65.765,46.0355,17.616304347826087,,,0,39.239360601983066,,,0,17.616304347826087,,,0,,,,,,,,,,
AM,32611,I395_SB,110N04121,4,3.0,9985.2165,0.0,24000.0,True,False,False,,0.4160506875,0,0.0,9985.2165,0.0,8000.0,0,0.0,0.0,832.1013750000001,0.0,0.0,,0.0,0.0,0.0,344.0,0.0,0,0,0.0,0.0,,False,0.43,65.8365,46.08555,16.431690217391306,,,0,16.431690217391306,,,0,16.431690217391306,,,0,,,,,,,,,,
AM,32616,I395_SB,110-04121,4,3.0,11545.7173,0.0,22800.0,True,False,False,,0.5063911096491228,0,0.0,11545.7173,0.0,7600.0,0,0.0,0.0,962.1431083333332,0.0,0.0,,0.0,0.0,0.0,256.0,0.0,0,0,0.0,0.0,,False,0.32,66.4665,46.52654999999999,13.97052173913043,,,0,13.97052173913043,,,0,13.97052173913043,,,0,,,,,,,,,,
AM,32619,I395_SB,110-04121,4,3.0,11545.7173,0.0,22800.0,True,False,False,,0.5063911096491228,0,0.0,11545.7173,0.0,7600.0,0,0.0,0.0,962.1431083333332,0.0,0.0,,0.0,0.0,0.0,240.0,0.0,0,0,0.0,0.0,,False,0.3,66.4665,46.52654999999999,13.97052173913043,,,0,13.97052173913043,,,0,13.97052173913043,,,0,,,,,,,,,,
AM,32622,I395_NB,110+04122,4,3.0,17616.3295,0.0,22800.0,True,False,False,,0.7726460307017544,0,0.0,17616.3295,0.0,7600.0,0,0.0,0.0,1468.0274583333332,0.0,0.0,,0.0,0.0,0.0,296.0,0.0,0,0,0.0,0.0,,False,0.37,66.5465,46.58254999999999,15.558048913043471,,,0,15.558048913043471,,,0,15.558048913043471,,,0,,,,,,,,,,
AM,32624,I395_SB,110N04122,4,3.0,11545.7173,0.0,22800.0,True,False,False,,0.5063911096491228,0,0.0,11545.7173,0.0,7600.0,0,0.0,0.0,962.1431083333332,0.0,0.0,,0.0,0.0,0.0,264.0,0.0,0,0,0.0,0.0,,False,0.33,65.31649999999999,45.72154999999999,14.595222826086946,,,0,14.595222826086946,,,0,14.595222826086946,,,0,,,,,,,,,,
AM,32627,I395_SB,110-04121,4,3.0,11545.7173,0.0,24000.0,True,False,False,,0.4810715541666667,0,0.0,11545.7173,0.0,8000.0,0,0.0,0.0,962.1431083333332,0.0,0.0,,0.0,0.0,0.0,376.0,0.0,0,0,0.0,0.0,,False,0.47,66.4665,46.52654999999999,13.97052173913043,,,0,13.97052173913043,,,0,13.97052173913043,,,0,,,,,,,,,,
AM,32843,I66_EB,110+58630,5,3.0,17579.67,0.0,30000.0,True,False,False,,0.585989,0,0.0,17579.67,0.0,10000.0,0,0.0,0.0,1171.9779999999998,0.0,0.0,,0.0,0.0,0.0,230.0,0.0,0,0,0.0,0.0,,False,0.23,71.1965,49.83755,2.2909293478260877,,,0,2.2909293478260877,,,0,2.2909293478260877,,,0,,,,,,,,,,
AM,32847,I66_WB,110-58629,1,3.0,1311.4953,0.0,6000.0,True,False,False,,0.21858255,0,0.0,1311.4953,0.0,2000.0,0,0.0,0.0,437.1651,0.0,0.0,,0.0,0.0,0.0,2.0,0.0,0,0,0.0,0.0,,False,0.01,71.46,50.02199999999999,6.697146739130428,,,0,6.697146739130428,,,0,6.697146739130428,,,0,,,,,,,,,,
AM,32848,I66_WB,110-58629,5,3.0,10125.9346,0.0,30000.0,True,False,False,,0.3375311533333333,0,0.0,10125.9346,0.0,10000.0,0,0.0,0.0,675.0623066666667,0.0,0.0,,0.0,0.0,0.0,970.0,0.0,0,0,0.0,0.0,,False,0.97,71.46,50.02199999999999,6.697146739130428,,,0,6.697146739130428,,,0,6.697146739130428,,,0,,,,,,,,,,
AM,32854,I66_WB,110N58631,2,3.0,3382.8998,0.0,12000.0,True,False,False,,0.2819083166666666,0,0.0,3382.8998,0.0,4000.0,0,0.0,0.0,563.8166333333334,0.0,0.0,,0.0,0.0,0.0,88.0,0.0,0,0,0.0,0.0,,False,0.22,71.59,50.113,4.585027173913047,,,0,4.585027173913047,,,0,4.585027173913047,,,0,,,,,,,,,,
AM,32866,I66_EB,110N04182,2,3.0,3920.4768,0.0,12000.0,True,False,False,,0.3267064,0,0.0,3920.4768,0.0,4000.0,0,0.0,0.0,653.4128,0.0,0.0,,0.0,0.0,0.0,180.0,0.0,0,0,0.0,0.0,,False,0.45,66.45,46.515,5.081766304347829,,,0,5.081766304347829,,,0,5.081766304347829,,,0,,,,,,,,,,
AM,32867,I66_WB,110P04182,2,3.0,2500.1315,0.0,12000.0,True,False,False,,0.2083442916666666,0,0.0,2500.1315,0.0,4000.0,0,0.0,0.0,416.6885833333333,44.26942205002831,44.45933704238272,0.9957283440332596,0.0,20.472901315386025,18.038770185425165,180.0,0.2459412336112684,0,17,44.26942205002831,1.888458371156169,3.3028178790654987,True,0.45,68.559,47.9913,0.3376422132374417,0.3376422132374417,-0.0303148976139322,16,41.93647282608696,41.93647282608696,44.15052173913043,16,41.93647282608696,41.93647282608696,44.15052173913043,16,,,,,,,,,,
AM,32868,I66_WB,110+04182,5,3.0,9929.8559,0.0,30000.0,True,False,False,,0.3309951966666666,0,0.0,9929.8559,0.0,10000.0,0,0.0,0.0,661.9903933333334,55.68773238755375,56.28472273634961,0.9893933856333932,0.0,0.0,0.1385054356783257,390.0,0.1427890574039839,0,15,55.68773238755375,3.756051288010343,6.993295468798782,True,0.39,67.62,47.334,3.125737421690548,2.38283285633991,-0.0080794960953269,15,27.806875000000005,28.698579710144934,30.456086956521744,15,27.806875000000005,28.698579710144934,30.456086956521744,15,,,,,,,,,,
AM,32869,I66_EB,110N04181,5,3.0,17579.67,0.0,28500.0,True,False,False,,0.6168305263157894,0,0.0,17579.67,0.0,9500.0,0,0.0,0.0,1171.9779999999998,0.0,0.0,,0.0,0.0,0.0,390.0,0.0,0,0,0.0,0.0,,False,0.39,67.0865,46.96055,4.967260869565216,,,0,4.967260869565216,,,0,4.967260869565216,,,0,,,,,,,,,,
AM,35757,I66_WB,110-58629,4,3.0,6181.1805,0.0,22800.0,True,False,False,,0.2711044078947368,0,0.0,6181.1805,0.0,7600.0,0,0.0,0.0,515.098375,0.0,0.0,,0.0,0.0,0.0,368.0,0.0,0,0,0.0,0.0,,False,0.46,71.46,50.02199999999999,6.697146739130428,,,0,6.697146739130428,,,0,6.697146739130428,,,0,,,,,,,,,,
AM,35760,I66_EB,110-04181,1,3.0,2835.0815,0.0,5700.0,True,False,False,,0.4973827192982455,0,0.0,2835.0815,0.0,1900.0,0,0.0,0.0,945.0271666666666,0.0,0.0,,0.0,0.0,0.0,56.00000000000001,0.0,0,0,0.0,0.0,,False,0.28,65.59649999999999,45.91754999999999,6.398728260869557,,,0,6.398728260869557,,,0,6.398728260869557,,,0,,,,,,,,,,
AM,35765,I66_WB,110N58631,2,3.0,2419.1041,0.0,12000.0,True,False,False,,0.2015920083333333,0,0.0,2419.1041,0.0,4000.0,0,0.0,0.0,403.18401666666665,0.0,0.0,,0.0,0.0,0.0,40.0,0.0,0,0,0.0,0.0,,False,0.1,71.59,50.113,4.585027173913047,,,0,4.585027173913047,,,0,4.585027173913047,,,0,,,,,,,,,,
AM,35779,I66_EB,110N04176,2,3.0,1102.6066,0.0,12000.0,True,False,False,,0.0918838833333333,0,0.0,1102.6066,0.0,4000.0,0,0.0,0.0,183.7677666666667,0.0,0.0,,0.0,0.0,0.0,476.0,0.0,0,0,0.0,0.0,,False,1.19,67.19,47.033,10.657445652173909,,,0,10.657445652173909,,,0,10.657445652173909,,,0,,,,,,,,,,
AM,35786,I66_WB,110+04181,4,3.0,8823.9543,0.0,22800.0,True,False,False,,0.3870155394736841,0,0.0,8823.9543,0.0,7600.0,0,0.0,0.0,735.329525,0.0,0.0,,0.0,0.0,0.0,256.0,0.0,0,0,0.0,0.0,,False,0.32,68.8665,48.20655,11.597559782608696,,,0,11.597559782608696,,,0,11.597559782608696,,,0,,,,,,,,,,
AM,35787,I66_EB,110N04180,4,3.0,15076.5661,13513.44586331669,21113.44586331669,True,False,False,1.1156714765792286,0.7140741590738916,8,14205.41070551913,871.1553944808693,0.9422179169512036,7600.0,0,0.0,0.0,1256.3805083333334,60.19095096941624,58.538160750359005,1.0282344063747697,42.87142677991824,0.0,0.0,280.0,0.2149676820336294,0,13,60.19095096941624,2.73361507847251,5.2683548032238,True,0.35,68.533,47.9731,14.58446739130435,,,0,14.58446739130435,,,0,14.58446739130435,,,0,417.48763978333335,495.0,621.1988443333333,3.3951867425,26.68492753623189,430.4285710666666,495.0,615.3355062166667,3.0817822525,25.721958059355583
AM,38163,I66_EB,110+58628,3,3.0,14016.1928,0.0,18000.0,True,False,False,,0.7786773777777778,0,0.0,14016.1928,0.0,6000.0,0,0.0,0.0,1557.3547555555558,0.0,0.0,,0.0,0.0,0.0,270.0,0.0,0,0,0.0,0.0,,False,0.45,72.3065,50.61455,4.362505434782609,,,0,4.362505434782609,,,0,4.362505434782609,,,0,,,,,,,,,,
AM,38167,I66_EB,110+58628,3,3.0,8783.6244,0.0,18000.0,True,False,False,,0.4879791333333333,0,0.0,8783.6244,0.0,6000.0,0,0.0,0.0,975.9582666666666,0.0,0.0,,0.0,0.0,0.0,210.0,0.0,0,0,0.0,0.0,,False,0.35,72.3065,50.61455,4.362505434782609,,,0,4.362505434782609,,,0,4.362505434782609,,,0,,,,,,,,,,
AM,38189,I66_EB,110P58625,3,3.0,9100.796,0.0,18000.0,True,False,False,,0.5055997777777778,0,0.0,9100.796,0.0,6000.0,0,0.0,0.0,1011.1995555555555,0.0,0.0,,0.0,0.0,0.0,72.0,0.0,0,0,0.0,0.0,,False,0.12,72.32,50.624,3.051657608695645,,,0,3.051657608695645,,,0,3.051657608695645,,,0,,,,,,,,,,
AM,38500,I66_EB,110+58626,4,3.0,10260.257,0.0,24000.0,True,False,False,,0.4275107083333333,0,0.0,10260.257,0.0,8000.0,0,0.0,0.0,855.0214166666666,0.0,0.0,,0.0,0.0,0.0,200.0,0.0,0,0,0.0,0.0,,False,0.25,72.79,50.953,3.786005434782616,,,0,3.786005434782616,,,0,3.786005434782616,,,0,,,,,,,,,,
AM,38749,I66_WB,110-58627,3,3.0,5651.5642,0.0,18000.0,True,False,False,,0.3139757888888889,0,0.0,5651.5642,0.0,6000.0,0,0.0,0.0,627.9515777777777,0.0,0.0,,0.0,0.0,0.0,282.0,0.0,0,0,0.0,0.0,,False,0.47,72.26,50.582,3.4213315217391367,,,0,3.4213315217391367,,,0,3.4213315217391367,,,0,,,,,,,,,,
AM,38801,I66_WB,110-58627,3,3.0,6620.021,0.0,18000.0,True,False,False,,0.3677789444444444,0,0.0,6620.021,0.0,6000.0,0,0.0,0.0,735.5578888888889,0.0,0.0,,0.0,0.0,0.0,234.0,0.0,0,0,0.0,0.0,,False,0.39,72.26,50.582,3.4213315217391367,,,0,3.4213315217391367,,,0,3.4213315217391367,,,0,,,,,,,,,,
AM,38954,I66_WB,110+04184,2,3.0,3209.9114,0.0,12000.0,True,False,False,,0.2674926166666667,0,0.0,3209.9114,0.0,4000.0,0,0.0,0.0,534.9852333333333,76.07778370787685,88.5217219025232,0.8594250323287979,0.0,0.0,50.15739296078175,452.0,0.168313680769639,0,15,80.91725505094735,7.113105500935237,13.24388168956173,True,1.13,68.98,48.286,5.845232866668905,4.903030999809149,3.087288766464301,15,30.988125000000007,31.72211594202899,31.116956521739134,15,30.988125000000007,31.72211594202899,31.116956521739134,15,,,,,,,,,,
AM,38959,I66_WB,110N58625,3,3.0,3665.6791,0.0,18000.0,True,False,False,,0.2036488388888888,0,0.0,3665.6791,0.0,6000.0,0,0.0,0.0,407.2976777777778,0.0,0.0,,0.0,0.0,0.0,528.0,0.0,0,0,0.0,0.0,,False,0.88,71.79,50.253,2.545788043478267,,,0,2.545788043478267,,,0,2.545788043478267,,,0,,,,,,,,,,
AM,39007,I66_WB,110-58625,4,3.0,6717.0154,0.0,24000.0,True,False,False,,0.2798756416666667,0,0.0,6717.0154,0.0,8000.0,0,0.0,0.0,559.7512833333334,0.0,0.0,,0.0,0.0,0.0,120.0,0.0,0,0,0.0,0.0,,False,0.15,71.6795,50.17565,3.061211956521744,,,0,3.061211956521744,,,0,3.061211956521744,,,0,,,,,,,,,,
AM,39080,I66_WB,110-58628,3,3.0,8440.1469,0.0,18000.0,True,False,False,,0.46889705,0,0.0,8440.1469,0.0,6000.0,0,0.0,0.0,937.7941,0.0,0.0,,0.0,0.0,0.0,677.9999999999999,0.0,0,0,0.0,0.0,,False,1.13,72.5265,50.76855,9.413891304347825,,,0,9.413891304347825,,,0,9.413891304347825,,,0,,,,,,,,,,
AM,39139,I66_WB,110-58627,3,3.0,9285.5041,0.0,18000.0,True,False,False,,0.5158613388888889,0,0.0,9285.5041,0.0,6000.0,0,0.0,0.0,1031.7226777777778,0.0,0.0,,0.0,0.0,0.0,246.0,0.0,0,0,0.0,0.0,,False,0.41,72.26,50.582,3.4213315217391367,,,0,3.4213315217391367,,,0,3.4213315217391367,,,0,,,,,,,,,,
AM,39141,I66_WB,110+04184,2,3.0,2364.5542,0.0,12000.0,True,False,False,,0.1970461833333333,0,0.0,2364.5542,0.0,4000.0,0,0.0,0.0,394.0923666666667,31.60302665795632,32.118500867287175,0.9839508633525338,0.0,0.0,22.326710204149435,164.0,0.1927013820607092,0,15,32.13184542800366,1.5385178657102987,2.864564371787424,True,0.41,68.98,48.286,3.3599025905309965,2.252012038595381,-0.2122853647515299,15,30.988125000000007,31.72211594202899,31.116956521739134,15,30.988125000000007,31.72211594202899,31.116956521739134,15,,,,,,,,,,
AM,39142,I66_EB,110-04183,2,3.0,121.4594,9434.815516767118,11434.815516767118,False,True,False,0.0128735320562599,0.0106218941461627,10,9624.568954310163,-9503.109554310164,79.24103819309303,4000.0,0,0.0,0.0,20.243233333333333,52.93001343324556,75.40760418463958,0.7019187786903238,23.2054485074998,0.0,0.0,440.00000000000006,0.120295485075558,0,11,52.93001343324556,8.561549109791837,17.822285684613206,True,1.1,69.369,48.5583,5.68329347826087,,,0,5.68329347826087,,,0,5.68329347826087,,,0,379.19888541666666,480.0,563.9572890666666,3.0793067275,31.92304347826087,404.2006512,495.0,541.84388045,2.294053820833333,37.11310329404845
AM,39143,I66_EB,110+58629,3,3.0,14016.1928,0.0,18000.0,True,False,False,,0.7786773777777778,0,0.0,14016.1928,0.0,6000.0,0,0.0,0.0,1557.3547555555558,0.0,0.0,,0.0,0.0,0.0,660.0000000000001,0.0,0,0,0.0,0.0,,False,1.1,72.0,50.4,2.5581249999999995,,,0,2.5581249999999995,,,0,2.5581249999999995,,,0,,,,,,,,,,
AM,39145,I66_WB,110P04184,2,3.0,2364.5542,0.0,12000.0,True,False,False,,0.1970461833333333,0,0.0,2364.5542,0.0,4000.0,0,0.0,0.0,394.0923666666667,0.0,0.0,,0.0,0.0,0.0,188.0,0.0,0,0,0.0,0.0,,False,0.47,69.52,48.664,7.808940217391302,,,0,7.808940217391302,,,0,7.808940217391302,,,0,,,,,,,,,,
AM,39146,I66_EB,110-04183,2,3.0,121.4594,9434.815516767118,11434.815516767118,False,True,False,0.0128735320562599,0.0106218941461627,10,9616.598099372828,-9495.138699372828,79.17541251951539,4000.0,0,0.0,0.0,20.243233333333333,27.334436682771862,30.848565348261648,0.8860845350239989,15.234593570163042,0.0,0.0,180.0,0.1518579815709548,0,12,27.334436682771862,2.446729248877448,5.087557293379606,True,0.45,69.369,48.5583,5.68329347826087,,,0,5.68329347826087,,,0,5.68329347826087,,,0,379.19888541666666,480.0,563.9572890666666,3.0793067275,31.92304347826087,403.2227728,480.0,554.1880881333333,2.516088588888889,33.0775835176066
AM,39147,I66_EB,110N04184,2,3.0,121.4594,9294.873814310691,10294.873814310691,False,True,False,0.0130673532988685,0.0117980465026353,11,9521.021046414844,-9399.561646414844,78.38850715889296,4000.0,0,0.0,0.0,20.243233333333333,43.06385633610751,44.67706986243635,0.963891689152936,10.10401068437011,0.0,0.0,140.0,0.3075989738293393,0,13,43.06385633610751,1.4376566289876838,2.873797091247949,True,0.35,70.1795,49.12565,6.107516304347828,,,0,6.107516304347828,,,0,6.107516304347828,,,0,370.7875832833333,465.0,558.9195191,3.135532263611111,20.628115942028984,384.0589911333333,465.0,553.34348845,2.821408288611111,20.07023932595143
AM,39148,I66_WB,110+04185,2,3.0,2364.5542,0.0,12000.0,True,False,False,,0.1970461833333333,0,0.0,2364.5542,0.0,4000.0,0,0.0,0.0,394.0923666666667,0.0,0.0,,0.0,0.0,0.0,156.0,0.0,0,0,0.0,0.0,,False,0.39,69.4265,48.59855,7.937451086956525,,,0,7.937451086956525,,,0,7.937451086956525,,,0,,,,,,,,,,
AM,39149,I66_WB,110-58626,3,3.0,6620.021,0.0,18000.0,True,False,False,,0.3677789444444444,0,0.0,6620.021,0.0,6000.0,0,0.0,0.0,735.5578888888889,0.0,0.0,,0.0,0.0,0.0,1014.0,0.0,0,0,0.0,0.0,,False,1.69,73.0,51.1,2.571793478260867,,,0,2.571793478260867,,,0,2.571793478260867,,,0,,,,,,,,,,
AM,39150,I66_WB,110+04185,2,3.0,2364.5542,0.0,12000.0,True,False,False,,0.1970461833333333,0,0.0,2364.5542,0.0,4000.0,0,0.0,0.0,394.0923666666667,0.0,0.0,,0.0,0.0,0.0,240.0,0.0,0,0,0.0,0.0,,False,0.6,69.4265,48.59855,7.937451086956525,,,0,7.937451086956525,,,0,7.937451086956525,,,0,,,,,,,,,,
AM,39151,I66_EB,110-04184,2,3.0,121.4594,8540.811237692029,11540.811237692027,False,True,False,0.0142210612809213,0.0105243381507979,9,8658.075022500849,-8536.615622500849,71.28369663032132,4000.0,0,0.0,0.0,20.243233333333333,35.81441353567516,39.987177639089424,0.8956474462619941,1.5118359199627776,0.0,0.0,208.0,0.1721846804599767,0,9,35.81441353567516,2.402680571023318,5.753296604001174,True,0.52,69.71,48.79699999999999,6.770570652173906,,,0,6.770570652173906,,,0,6.770570652173906,,,0,392.88974245,450.0,528.2846635,2.2565820175,31.42507246376812,415.9195749666667,450.0,520.7633244,1.7473958238888891,31.010895906997305
AM,39152,I66_EB,110+58628,3,3.0,10258.2186,0.0,18000.0,True,False,False,,0.5699010333333333,0,0.0,10258.2186,0.0,6000.0,0,0.0,0.0,1139.8020666666666,0.0,0.0,,0.0,0.0,0.0,312.0,0.0,0,0,0.0,0.0,,False,0.52,72.3065,50.61455,4.362505434782609,,,0,4.362505434782609,,,0,4.362505434782609,,,0,,,,,,,,,,
AM,39153,I66_WB,110-58626,3,3.0,6620.021,0.0,18000.0,True,False,False,,0.3677789444444444,0,0.0,6620.021,0.0,6000.0,0,0.0,0.0,735.5578888888889,0.0,0.0,,0.0,0.0,0.0,336.00000000000006,0.0,0,0,0.0,0.0,,False,0.56,73.0,51.1,2.571793478260867,,,0,2.571793478260867,,,0,2.571793478260867,,,0,,,,,,,,,,
AM,39154,I66_WB,110+04185,2,3.0,1157.4056,0.0,12000.0,True,False,False,,0.0964504666666666,0,0.0,1157.4056,0.0,4000.0,0,0.0,0.0,192.9009333333333,0.0,0.0,,0.0,0.0,0.0,224.00000000000003,0.0,0,0,0.0,0.0,,False,0.56,69.4265,48.59855,7.937451086956525,,,0,7.937451086956525,,,0,7.937451086956525,,,0,,,,,,,,,,
AM,39156,I66_EB,110-04184,2,3.0,111.5994,8540.811237692029,11540.811237692027,False,True,False,0.0130666042011903,0.0096699787997154,9,8645.090299975813,-8533.490899975814,77.46538332621692,4000.0,0,0.0,0.0,18.5999,61.324285470744144,85.35724457574858,0.7184426556356693,0.0,0.0,0.0,444.00000000000006,0.1381177600692435,0,8,61.324285470744144,8.099236775568642,19.468142324290916,True,1.11,69.71,48.79699999999999,6.770570652173906,,,0,6.770570652173906,,,0,6.770570652173906,,,0,392.88974245,450.0,528.2846635,2.2565820175,31.42507246376812,418.17270925,450.0,505.6895969666666,1.4586147952777777,34.837278729018095
AM,39157,I66_EB,110+58627,3,3.0,10258.2186,0.0,18000.0,True,False,False,,0.5699010333333333,0,0.0,10258.2186,0.0,6000.0,0,0.0,0.0,1139.8020666666666,0.0,0.0,,0.0,0.0,0.0,1026.0,0.0,0,0,0.0,0.0,,False,1.71,73.0,51.1,4.349809782608695,,,0,4.349809782608695,,,0,4.349809782608695,,,0,,,,,,,,,,
AM,39158,I66_WB,110P04185,2,3.0,2982.682,0.0,12000.0,True,False,False,,0.2485568333333333,0,0.0,2982.682,0.0,4000.0,0,0.0,0.0,497.1136666666666,0.0,0.0,,0.0,0.0,0.0,116.0,0.0,0,0,0.0,0.0,,False,0.29,67.99,47.593,6.115951086956518,,,0,6.115951086956518,,,0,6.115951086956518,,,0,,,,,,,,,,
AM,39159,I66_EB,110N04185,2,3.0,111.5972,0.0,12000.0,True,False,False,,0.0092997666666666,0,0.0,111.5972,0.0,4000.0,0,0.0,0.0,18.599533333333333,0.0,0.0,,0.0,0.0,0.0,204.0,0.0,0,0,0.0,0.0,,False,0.51,70.38,49.26599999999999,3.9566032608695614,,,0,3.9566032608695614,,,0,3.9566032608695614,,,0,,,,,,,,,,
AM,39161,I66_WB,110P04185,2,3.0,2982.682,0.0,12000.0,True,False,False,,0.2485568333333333,0,0.0,2982.682,0.0,4000.0,0,0.0,0.0,497.1136666666666,0.0,0.0,,0.0,0.0,0.0,48.0,0.0,0,0,0.0,0.0,,False,0.12,67.99,47.593,6.115951086956518,,,0,6.115951086956518,,,0,6.115951086956518,,,0,,,,,,,,,,
AM,39162,I66_EB,110N04185,2,3.0,4096.5822,0.0,12000.0,True,False,False,,0.34138185,0,0.0,4096.5822,0.0,4000.0,0,0.0,0.0,682.7637,0.0,0.0,,0.0,0.0,0.0,92.0,0.0,0,0,0.0,0.0,,False,0.23,70.38,49.26599999999999,3.9566032608695614,,,0,3.9566032608695614,,,0,3.9566032608695614,,,0,,,,,,,,,,
AM,39163,I66_WB,110-58625,4,3.0,6717.0154,0.0,24000.0,True,False,False,,0.2798756416666667,0,0.0,6717.0154,0.0,8000.0,0,0.0,0.0,559.7512833333334,0.0,0.0,,0.0,0.0,0.0,56.00000000000001,0.0,0,0,0.0,0.0,,False,0.07,71.6795,50.17565,3.061211956521744,,,0,3.061211956521744,,,0,3.061211956521744,,,0,,,,,,,,,,
AM,39164,I66_WB,110+04186,2,3.0,2982.682,0.0,12000.0,True,False,False,,0.2485568333333333,0,0.0,2982.682,0.0,4000.0,0,0.0,0.0,497.1136666666666,0.0,0.0,,0.0,0.0,0.0,84.0,0.0,0,0,0.0,0.0,,False,0.21,67.5165,47.26154999999999,5.59054891304347,,,0,5.59054891304347,,,0,5.59054891304347,,,0,,,,,,,,,,
AM,39165,I66_EB,110-04185,2,3.0,4096.5822,0.0,12000.0,True,False,False,,0.34138185,0,0.0,4096.5822,0.0,4000.0,0,0.0,0.0,682.7637,0.0,0.0,,0.0,0.0,0.0,68.0,0.0,0,0,0.0,0.0,,False,0.17,68.59,48.013,4.802445652173917,,,0,4.802445652173917,,,0,4.802445652173917,,,0,,,,,,,,,,
AM,39166,I66_EB,110+58626,4,3.0,10260.257,0.0,24000.0,True,False,False,,0.4275107083333333,0,0.0,10260.257,0.0,8000.0,0,0.0,0.0,855.0214166666666,0.0,0.0,,0.0,0.0,0.0,136.0,0.0,0,0,0.0,0.0,,False,0.17,72.79,50.953,3.786005434782616,,,0,3.786005434782616,,,0,3.786005434782616,,,0,,,,,,,,,,
AM,39167,I66_EB,110P58625,3,3.0,9100.796,0.0,18000.0,True,False,False,,0.5055997777777778,0,0.0,9100.796,0.0,6000.0,0,0.0,0.0,1011.1995555555555,0.0,0.0,,0.0,0.0,0.0,126.0,0.0,0,0,0.0,0.0,,False,0.21,72.32,50.624,3.051657608695645,,,0,3.051657608695645,,,0,3.051657608695645,,,0,,,,,,,,,,
AM,39168,I66_EB,110N04186,2,3.0,2398.878,0.0,12000.0,True,False,False,,0.1999065,0,0.0,2398.878,0.0,4000.0,0,0.0,0.0,399.8130000000001,0.0,0.0,,0.0,0.0,0.0,84.0,0.0,0,0,0.0,0.0,,False,0.21,69.86,48.902,2.761766304347825,,,0,2.761766304347825,,,0,2.761766304347825,,,0,,,,,,,,,,
AM,39170,I66_WB,110+04186,2,3.0,672.3772,0.0,12000.0,True,False,False,,0.0560314333333333,0,0.0,672.3772,0.0,4000.0,0,0.0,0.0,112.06286666666666,0.0,0.0,,0.0,0.0,0.0,84.0,0.0,0,0,0.0,0.0,,False,0.21,67.5165,47.26154999999999,5.59054891304347,,,0,5.59054891304347,,,0,5.59054891304347,,,0,,,,,,,,,,
AM,39171,I66_WB,110N58625,3,3.0,6819.1245,0.0,18000.0,True,False,False,,0.37884025,0,0.0,6819.1245,0.0,6000.0,0,0.0,0.0,757.6804999999999,0.0,0.0,,0.0,0.0,0.0,126.0,0.0,0,0,0.0,0.0,,False,0.21,71.79,50.253,2.545788043478267,,,0,2.545788043478267,,,0,2.545788043478267,,,0,,,,,,,,,,
AM,39173,I66_WB,110P04186,2,3.0,672.3772,0.0,12000.0,True,False,False,,0.0560314333333333,0,0.0,672.3772,0.0,4000.0,0,0.0,0.0,112.06286666666666,0.0,0.0,,0.0,0.0,0.0,352.0,0.0,0,0,0.0,0.0,,False,0.88,69.013,48.3091,1.6607173913043516,,,0,1.6607173913043516,,,0,1.6607173913043516,,,0,,,,,,,,,,
AM,39174,I66_EB,110N04186,2,3.0,2398.878,0.0,12000.0,True,False,False,,0.1999065,0,0.0,2398.878,0.0,4000.0,0,0.0,0.0,399.8130000000001,0.0,0.0,,0.0,0.0,0.0,48.0,0.0,0,0,0.0,0.0,,False,0.12,69.86,48.902,2.761766304347825,,,0,2.761766304347825,,,0,2.761766304347825,,,0,,,,,,,,,,
AM,39175,I66_EB,110N04186,2,3.0,2398.878,0.0,12000.0,True,False,False,,0.1999065,0,0.0,2398.878,0.0,4000.0,0,0.0,0.0,399.8130000000001,0.0,0.0,,0.0,0.0,0.0,308.0,0.0,0,0,0.0,0.0,,False,0.77,69.86,48.902,2.761766304347825,,,0,2.761766304347825,,,0,2.761766304347825,,,0,,,,,,,,,,
AM,39177,I66_WB,110+04187,2,3.0,618.4479,0.0,12000.0,True,False,False,,0.051537325,0,0.0,618.4479,0.0,4000.0,0,0.0,0.0,103.07465,0.0,0.0,,0.0,0.0,0.0,108.0,0.0,0,0,0.0,0.0,,False,0.27,69.42,48.594,2.02826086956522,,,0,2.02826086956522,,,0,2.02826086956522,,,0,,,,,,,,,,
AM,39179,I66_WB,110+04187,2,3.0,618.4479,0.0,12000.0,True,False,False,,0.051537325,0,0.0,618.4479,0.0,4000.0,0,0.0,0.0,103.07465,0.0,0.0,,0.0,0.0,0.0,452.0,0.0,0,0,0.0,0.0,,False,1.13,69.42,48.594,2.02826086956522,,,0,2.02826086956522,,,0,2.02826086956522,,,0,,,,,,,,,,
AM,39180,I66_EB,110N04186,2,3.0,2150.224,0.0,12000.0,True,False,False,,0.1791853333333333,0,0.0,2150.224,0.0,4000.0,0,0.0,0.0,358.3706666666667,0.0,0.0,,0.0,0.0,0.0,108.0,0.0,0,0,0.0,0.0,,False,0.27,69.86,48.902,2.761766304347825,,,0,2.761766304347825,,,0,2.761766304347825,,,0,,,,,,,,,,
AM,39183,I66_EB,110-04186,2,3.0,2150.224,0.0,12000.0,True,False,False,,0.1791853333333333,0,0.0,2150.224,0.0,4000.0,0,0.0,0.0,358.3706666666667,0.0,0.0,,0.0,0.0,0.0,452.0,0.0,0,0,0.0,0.0,,False,1.13,70.46,49.322,2.7888043478260824,,,0,2.7888043478260824,,,0,2.7888043478260824,,,0,,,,,,,,,,
AM,39184,I66_WB,110+04187,2,3.0,618.4479,0.0,12000.0,True,False,False,,0.051537325,0,0.0,618.4479,0.0,4000.0,0,0.0,0.0,103.07465,0.0,0.0,,0.0,0.0,0.0,212.0,0.0,0,0,0.0,0.0,,False,0.53,69.42,48.594,2.02826086956522,,,0,2.02826086956522,,,0,2.02826086956522,,,0,,,,,,,,,,
AM,39208,I66_EB,110+58627,3,3.0,8853.8275,0.0,18000.0,True,False,False,,0.4918793055555555,0,0.0,8853.8275,0.0,6000.0,0,0.0,0.0,983.758611111111,0.0,0.0,,0.0,0.0,0.0,306.0,0.0,0,0,0.0,0.0,,False,0.51,73.0,51.1,4.349809782608695,,,0,4.349809782608695,,,0,4.349809782608695,,,0,,,,,,,,,,
AM,39209,I66_EB,110P58626,4,3.0,8853.8275,0.0,24000.0,True,False,False,,0.3689094791666666,0,0.0,8853.8275,0.0,8000.0,0,0.0,0.0,737.8189583333333,0.0,0.0,,0.0,0.0,0.0,184.0,0.0,0,0,0.0,0.0,,False,0.23,74.0,51.8,4.476657608695653,,,0,4.476657608695653,,,0,4.476657608695653,,,0,,,,,,,,,,
AM,39211,I66_WB,110N58626,3,3.0,5962.5029,0.0,18000.0,True,False,False,,0.3312501611111111,0,0.0,5962.5029,0.0,6000.0,0,0.0,0.0,662.5003222222223,0.0,0.0,,0.0,0.0,0.0,173.99999999999997,0.0,0,0,0.0,0.0,,False,0.29,72.0,50.4,2.733749999999999,,,0,2.733749999999999,,,0,2.733749999999999,,,0,,,,,,,,,,
AM,39213,I66_WB,110-58625,4,3.0,6717.0154,0.0,24000.0,True,False,False,,0.2798756416666667,0,0.0,6717.0154,0.0,8000.0,0,0.0,0.0,559.7512833333334,0.0,0.0,,0.0,0.0,0.0,96.0,0.0,0,0,0.0,0.0,,False,0.12,71.6795,50.17565,3.061211956521744,,,0,3.061211956521744,,,0,3.061211956521744,,,0,,,,,,,,,,
AM,40894,I66_WB,110P04187,2,3.0,618.4479,0.0,12000.0,True,False,False,,0.051537325,0,0.0,618.4479,0.0,4000.0,0,0.0,0.0,103.07465,0.0,0.0,,0.0,0.0,0.0,248.0,0.0,0,0,0.0,0.0,,False,0.62,70.77,49.539,2.0842119565217354,,,0,2.0842119565217354,,,0,2.0842119565217354,,,0,,,,,,,,,,
AM,40899,I66_EB,110N04187,2,3.0,2150.224,0.0,12000.0,True,False,False,,0.1791853333333333,0,0.0,2150.224,0.0,4000.0,0,0.0,0.0,358.3706666666667,0.0,0.0,,0.0,0.0,0.0,248.0,0.0,0,0,0.0,0.0,,False,0.62,72.2465,50.57254999999999,2.4346793478260835,,,0,2.4346793478260835,,,0,2.4346793478260835,,,0,,,,,,,,,,
AM,40900,I66_EB,110-04186,2,3.0,2150.224,0.0,12000.0,True,False,False,,0.1791853333333333,0,0.0,2150.224,0.0,4000.0,0,0.0,0.0,358.3706666666667,0.0,0.0,,0.0,0.0,0.0,212.0,0.0,0,0,0.0,0.0,,False,0.53,70.46,49.322,2.7888043478260824,,,0,2.7888043478260824,,,0,2.7888043478260824,,,0,,,,,,,,,,
AM,40944,I66_EB,110-04185,2,3.0,1239.4169,0.0,12000.0,True,False,False,,0.1032847416666666,0,0.0,1239.4169,0.0,4000.0,0,0.0,0.0,206.56948333333327,0.0,0.0,,0.0,0.0,0.0,4.0,0.0,0,0,0.0,0.0,,False,0.01,68.59,48.013,4.802445652173917,,,0,4.802445652173917,,,0,4.802445652173917,,,0,,,,,,,,,,
AM,40960,I66_WB,110+04186,2,3.0,774.4863,0.0,12000.0,True,False,False,,0.064540525,0,0.0,774.4863,0.0,4000.0,0,0.0,0.0,129.08105,0.0,0.0,,0.0,0.0,0.0,4.0,0.0,0,0,0.0,0.0,,False,0.01,67.5165,47.26154999999999,5.59054891304347,,,0,5.59054891304347,,,0,5.59054891304347,,,0,,,,,,,,,,
AM,40962,I66_EB,110-04185,2,3.0,4096.5822,0.0,12000.0,True,False,False,,0.34138185,0,0.0,4096.5822,0.0,4000.0,0,0.0,0.0,682.7637,0.0,0.0,,0.0,0.0,0.0,96.0,0.0,0,0,0.0,0.0,,False,0.24,68.59,48.013,4.802445652173917,,,0,4.802445652173917,,,0,4.802445652173917,,,0,,,,,,,,,,
AM,40966,I66_EB,110-04184,2,3.0,121.4594,8540.811237692029,11540.811237692027,False,True,False,0.0142210612809213,0.0105243381507979,9,8619.79458724335,-8498.33518724335,70.96852600328464,4000.0,0,0.0,0.0,20.243233333333333,43.369432666442094,46.13905112202625,0.939972357726664,0.0,0.0,0.0,240.0,0.1807059694435087,0,8,43.369432666442094,2.6226423770199525,6.304047711700132,True,0.6,69.71,48.79699999999999,6.770570652173906,,,0,6.770570652173906,,,0,6.770570652173906,,,0,392.88974245,450.0,528.2846635,2.2565820175,31.42507246376812,416.11105325,450.0,524.4718032166667,1.8060124994444444,30.181694125376037
AM,40967,I66_WB,110+04185,2,3.0,1162.4826,0.0,12000.0,True,False,False,,0.09687355,0,0.0,1162.4826,0.0,4000.0,0,0.0,0.0,193.7471,0.0,0.0,,0.0,0.0,0.0,432.0,0.0,0,0,0.0,0.0,,False,1.08,69.4265,48.59855,7.937451086956525,,,0,7.937451086956525,,,0,7.937451086956525,,,0,,,,,,,,,,
MD,25785,I66_WB,110P04171,4,6.0,0.0,0.0,48000.0,True,False,False,,0.0,0,0.0,0.0,,8000.0,0,0.0,,0.0,0.0,0.0,,0.0,0.0,0.0,392.0,0.0,0,0,0.0,0.0,,False,0.49,65.0,45.5,4.267201086956523,,,0,4.267201086956523,,,0,4.267201086956523,,,0,,,,,,,,,,
MD,25946,I66_WB,110+04164,3,6.0,10525.6085,0.0,34200.0,True,False,False,,0.3077663304093567,0,0.0,10525.6085,0.0,5700.0,0,0.0,0.0,584.7560277777778,0.0,0.0,,0.0,0.0,0.0,173.99999999999997,0.0,0,0,0.0,0.0,,False,0.29,53.4065,37.38455,3.160956521739131,,,0,3.160956521739131,,,0,3.160956521739131,,,0,,,,,,,,,,
MD,25947,I66_EB,110N04162,2,6.0,11289.1824,0.0,22800.0,True,False,False,,0.4951395789473684,0,0.0,11289.1824,0.0,3800.0,0,0.0,0.0,940.7652,0.0,0.0,,0.0,0.0,0.0,72.0,0.0,0,0,0.0,0.0,,False,0.18,54.3095,38.01665,10.703141304347824,,,0,10.703141304347824,,,0,10.703141304347824,,,0,,,,,,,,,,
MD,25966,I66_WB,110+04166,2,6.0,0.0,2730.0887659152936,23730.08876591529,False,True,False,0.0,0.0,3,2740.924941159462,-2740.924941159462,,4000.0,0,0.0,,0.0,11.832209944230044,11.320885524107307,1.045166468562366,0.0,1.8439786498066724,0.0,52.0,0.2275424989275008,0,3,11.832209944230044,0.5529625282800714,1.993734749124004,True,0.13,61.7,43.19,2.0736943093878777,2.05997851542341,-2.05997851542341,1,2.561657608695646,9.86739130434782,9.86739130434782,1,2.5616576086956537,9.867391304347828,9.867391304347828,1,846.51760015,870.0,901.0065252666668,0.9081487519444444,30.873478260869565,862.4264994,870.0,897.7438192166667,0.5886219969444445,24.31361045019216
MD,25972,I66_WB,110+04165,2,6.0,0.0,0.0,24000.0,True,False,False,,0.0,0,0.0,0.0,,4000.0,0,0.0,,0.0,0.0,0.0,,0.0,0.0,0.0,104.0,0.0,0,0,0.0,0.0,,False,0.26,58.0865,40.66055,2.613266304347835,,,0,2.613266304347835,,,0,2.613266304347828,,,0,,,,,,,,,,
MD,26055,I66_WB,110P04167,2,6.0,0.0,999.686337516186,23999.686337516185,False,True,False,0.0,0.0,1,801.9462654553203,-801.9462654553203,,4000.0,0,0.0,,0.0,63.339694914682696,60.9481113955299,1.0392396657483336,19.636137630552867,0.0,0.0,316.0,0.2004420725148186,0,5,63.339694914682696,5.042142492166912,14.843665581589498,True,0.79,65.4465,45.81255,3.2936195652173907,,,0,3.2936195652173907,,,0,3.2936195652173907,,,0,,,,,,,,,,
MD,26101,I66_WB,110P04168,3,6.0,0.0,2908.0860010971346,35908.08600109714,False,True,False,0.0,0.0,2,2533.846944898606,-2533.846944898606,,6000.0,0,0.0,,0.0,27.64186517117128,27.05091465059928,1.0218458609701355,15.766265258591147,0.0,0.0,114.0,0.2424725015015024,0,7,27.64186517117128,1.412812946238822,3.6019803909641337,True,0.19,65.38,45.76599999999999,4.1776358695652105,,,0,4.1776358695652105,,,0,4.1776358695652105,,,0,,,,,,,,,,
MD,26177,I66_WB,110P04170,3,6.0,0.0,0.0,36000.0,True,False,False,,0.0,0,0.0,0.0,,6000.0,0,0.0,,0.0,0.0,0.0,,0.0,0.0,0.0,294.0,0.0,0,0,0.0,0.0,,False,0.49,65.239,45.6673,4.002940217391309,,,0,4.002940217391309,,,0,4.002940217391309,,,0,,,,,,,,,,
MD,26269,I395_NB,110P04127,3,6.0,23499.3819,0.0,34200.0,True,False,False,,0.6871164298245614,0,0.0,23499.3819,0.0,5700.0,0,0.0,0.0,1305.5212166666668,0.0,0.0,,0.0,0.0,0.0,126.0,0.0,0,12,0.0,0.0,,False,0.21,62.1865,43.53055,5.717777173913046,,,0,5.717777173913046,,,0,5.717777173913046,,,0,,,,,,,,,,
MD,26271,I395_NB,110P04127,3,6.0,24788.544,0.0,34200.0,True,False,False,,0.7248112280701755,0,0.0,24788.544,0.0,5700.0,0,0.0,0.0,1377.1413333333333,0.0,0.0,,0.0,0.0,0.0,78.0,0.0,0,12,0.0,0.0,,False,0.13,62.1865,43.53055,5.717777173913046,,,0,5.717777173913039,,,0,5.717777173913046,,,0,,,,,,,,,,
MD,26274,I395_NB,110+04670,3,6.0,17367.6488,0.0,34200.0,True,False,False,,0.5078259883040935,0,0.0,17367.6488,0.0,5700.0,0,0.0,0.0,964.8693777777776,0.0,0.0,,0.0,0.0,0.0,180.0,0.0,0,0,0.0,0.0,,False,0.3,62.25,43.575,6.788342391304347,,,0,6.788342391304347,,,0,6.788342391304347,,,0,,,,,,,,,,
MD,26297,I395_NB,110P04128,3,6.0,14844.0064,9519.7316645821,33744.7316645821,True,False,False,1.5592883206179766,0.4398910783332742,7,8625.873249804179,6218.133150195821,0.5811014235216295,5700.0,0,0.0,0.0,824.6670222222223,31.100025371578116,36.45451211445384,0.8531186831944261,21.416280821551936,14.6799131285386,15.207313426727069,102.0,0.3049022095252756,0,30,61.97356173612775,2.471158064639498,3.253344982586444,True,0.17,58.1165,40.68155,1.6191211520018691,1.6191211520018691,0.3610391053058599,16,35.3198695652174,35.3198695652174,34.70954347826088,16,35.31986956521739,35.31986956521739,34.70954347826087,16,,,,,,,,,,
MD,26299,I66_WB,110P04166,3,6.0,0.0,5054.0456574551445,35054.04565745514,False,True,False,0.0,0.0,4,5389.844409546137,-5389.844409546137,,6000.0,0,0.0,,0.0,4.9723013072512,11.521737209631365,0.4315582986127044,0.0,0.0,0.0,30.0,0.1657433769083733,0,6,9.192992905905156,2.2511395076172067,5.133309947389166,True,0.05,63.43,44.401,3.035244565217392,17.79,17.79,1,3.035244565217392,17.79,17.79,1,3.035244565217392,17.79,17.79,1,827.2137833166666,870.0,906.1810620666668,1.3161213125000002,21.59159420289855,,,,,
MD,26304,I66_WB,110P04164,2,6.0,0.0,0.0,24000.0,True,False,False,,0.0,0,0.0,0.0,,4000.0,0,0.0,,0.0,0.0,0.0,,0.0,0.0,0.0,72.0,0.0,0,0,0.0,0.0,,False,0.18,55.89,39.123,2.611983695652175,,,0,2.611983695652175,,,0,2.611983695652175,,,0,,,,,,,,,,
MD,26313,I66_WB,110P04162,2,6.0,10509.3451,0.0,22800.0,True,False,False,,0.4609361885964912,0,0.0,10509.3451,0.0,3800.0,0,0.0,0.0,875.7787583333334,0.0,0.0,,0.0,0.0,0.0,72.0,0.0,0,0,0.0,0.0,,False,0.18,51.45,36.015,4.165679347826089,,,0,4.165679347826089,,,0,4.165679347826089,,,0,,,,,,,,,,
MD,26354,I66_WB,110P04165,2,6.0,0.0,0.0,24000.0,True,False,False,,0.0,0,0.0,0.0,,4000.0,0,0.0,,0.0,0.0,0.0,,0.0,0.0,0.0,220.00000000000003,0.0,0,0,0.0,0.0,,False,0.55,58.4465,40.91255,2.7512282608695706,,,0,2.7512282608695706,,,0,2.7512282608695635,,,0,,,,,,,,,,
MD,26359,I66_WB,110+04167,3,6.0,0.0,6915.7889518445045,35415.7889518445,False,True,False,0.0,0.0,5,7172.743210606906,-7172.743210606906,,6000.0,0,0.0,,0.0,112.50310736762732,112.10518032282442,1.0035495865905304,0.0,28.85373486154185,0.0,480.0,0.2343814736825568,0,10,170.82253290409062,10.9621320941804,22.81949766211181,True,0.8,63.6565,44.55955,3.7656113145672343,0.0170636417713936,-0.0170636417713936,1,4.903701086956515,18.226499999999987,18.226499999999987,1,4.903701086956522,18.226499999999994,18.226499999999994,1,813.5306413333333,870.0,904.8322971,1.521694262777778,26.79652173913043,838.1812069,870.0,901.9152825666666,1.0622345944444445,24.80416289816988
MD,26370,I66_WB,110+04169,3,6.0,0.0,14078.451945024872,35078.45194502487,False,True,False,0.0,0.0,10,13670.678885429845,-13670.678885429845,,6000.0,0,0.0,,0.0,272.01246563905534,253.89332386847684,1.071365176108233,191.54496067232407,150.7617654962205,0.0,972.0,0.2798482156780404,0,18,443.09527229425385,18.60901888361593,30.785651432667724,True,1.62,65.173,45.6211,3.399528066175354,3.960441920707176,3.960441920707176,2,5.937347826086958,24.263,24.263,2,5.937347826086958,24.263,24.263,2,806.7686490166667,885.0,916.1106355166668,1.8223664416666667,28.076666666666668,831.4297402333334,885.0,909.7955138333332,1.3060962266666667,29.718104050119845
MD,26380,I66_WB,110+04166,2,6.0,0.0,2730.0887659152936,23730.08876591529,False,True,False,0.0,0.0,3,2731.56348885028,-2731.56348885028,,4000.0,0,0.0,,0.0,60.81260523608557,76.6336866247264,0.7935492590077737,0.0,0.0,0.0,352.0,0.1727630830570612,0,2,60.81260523608557,4.954543667061604,17.863861238115998,True,0.88,61.7,43.19,2.5616576086956537,9.867391304347828,9.867391304347828,1,2.5616576086956537,9.867391304347828,9.867391304347828,1,2.5616576086956537,9.867391304347828,9.867391304347828,1,846.51760015,870.0,901.0065252666668,0.9081487519444444,30.873478260869565,,,,,
MD,26423,I395_NB,110+04126,4,6.0,27045.4028,0.0,45600.0,True,False,False,,0.5931009385964913,0,0.0,27045.4028,0.0,7600.0,0,0.0,0.0,1126.8917833333333,0.0,0.0,,0.0,0.0,0.0,64.0,0.0,0,0,0.0,0.0,,False,0.08,65.51950000000001,45.86365,11.86319565217392,,,0,11.86319565217392,,,0,11.86319565217392,,,0,,,,,,,,,,
MD,26424,I395_NB,110+04127,4,6.0,21234.3931,0.0,45600.0,True,False,False,,0.4656665153508772,0,0.0,21234.3931,0.0,7600.0,0,0.0,0.0,884.7663791666668,0.0,0.0,,0.0,0.0,0.0,656.0,0.0,0,0,0.0,0.0,,False,0.82,66.15,46.305,6.699782608695658,,,0,6.699782608695658,,,0,6.699782608695658,,,0,,,,,,,,,,
MD,26469,I395_NB,110P04130,6,6.0,26864.8373,61194.64746889423,61194.64746889423,False,True,False,0.439006325081873,0.439006325081873,24,59989.42384574066,-33124.58654574066,2.233009013821225,11400.0,0,0.0,0.0,746.2454805555554,170.05043523180893,178.020759091885,0.9552281211430954,82.33911737427479,145.4917150248716,86.11929584395739,240.0,0.7085434801325372,0,52,257.5806836054139,6.81835024690349,6.81835024690349,True,0.2,52.147,36.5029,0.460839500348999,0.460839500348999,0.1135704587249843,16,41.14901086956522,41.14901086956522,41.96482608695652,16,41.14901086956522,41.14901086956522,41.96482608695652,16,,,,,,,,,,
MD,26471,I395_SB,110N04129,3,6.0,16916.8197,0.0,34200.0,True,False,False,,0.494643850877193,0,0.0,16916.8197,0.0,5700.0,0,0.0,0.0,939.8233166666668,0.0,0.0,,0.0,0.0,0.0,84.00000000000001,0.0,0,0,0.0,0.0,,False,0.14,53.6565,37.55955,10.468565217391305,,,0,10.468565217391305,,,0,10.468565217391305,,,0,,,,,,,,,,
MD,26501,I395_NB,110+04130,3,6.0,15204.1296,31615.299751190072,31615.299751190072,False,True,False,0.480910499652235,0.480910499652235,24,29618.72253086956,-14414.592930869556,1.948070906398322,5700.0,0,0.0,0.0,844.6738666666666,62.93762514530749,66.80635484539062,0.9420903938100426,30.572716305981203,51.051785462801945,33.98195686901977,90.0,0.6993069460589721,0,51,100.73152593971145,3.051884688001143,3.0816598778507283,True,0.15,52.70299999999998,36.89209999999999,0.6177860077701769,0.6177860077701769,0.106324608847852,16,41.907021739130414,41.907021739130414,42.3716956521739,16,41.907021739130414,41.907021739130414,42.3716956521739,16,,,,,,,,,,
MD,26684,I395_SB,110-04127,3,6.0,11901.8514,0.0,34200.0,True,False,False,,0.348007350877193,0,0.0,11901.8514,0.0,5700.0,0,0.0,0.0,661.2139666666666,0.0,0.0,,0.0,0.0,0.0,42.00000000000001,0.0,0,0,0.0,0.0,,False,0.07,60.0465,42.03255,6.844190217391314,,,0,6.844190217391314,,,0,6.844190217391307,,,0,,,,,,,,,,
MD,26699,I395_SB,110N04127,3,6.0,17235.6809,0.0,34200.0,True,False,False,,0.5039672777777777,0,0.0,17235.6809,0.0,5700.0,0,0.0,0.0,957.5378277777776,14.405512237382707,15.051011881748082,0.9571125417057076,0.0,0.0,3.2746258833856245,60.0,0.2400918706230451,0,15,14.405512237382707,0.6148672238640835,1.1084676516220744,True,0.1,60.8665,42.60655,1.8356385379285984,1.8356385379285984,0.2671084658559621,16,33.98829347826087,33.98829347826087,37.04084782608696,16,33.98829347826087,33.98829347826087,37.04084782608696,16,,,,,,,,,,
MD,26708,I395_NB,110+04125,4,6.0,29356.2811,0.0,45600.0,True,False,False,,0.6437780942982456,0,0.0,29356.2811,0.0,7600.0,0,0.0,0.0,1223.178379166667,0.0,0.0,,0.0,0.0,0.0,56.00000000000001,0.0,0,0,0.0,0.0,,False,0.07,68.08,47.656,9.857608695652171,,,0,9.857608695652171,,,0,9.857608695652171,,,0,,,,,,,,,,
MD,26712,I395_SB,110N04130,6,6.0,27832.8343,0.0,68400.0,True,False,False,,0.4069127821637426,0,0.0,27832.8343,0.0,11400.0,0,0.0,0.0,773.1342861111111,0.0,0.0,,0.0,0.0,0.0,240.0,0.0,0,0,0.0,0.0,,False,0.2,53.67099999999999,37.56969999999999,13.103228260869557,,,0,13.103228260869557,,,0,13.103228260869557,,,0,,,,,,,,,,
MD,26756,I395_NB,110P04124,4,6.0,29356.2811,3785.425593660111,45585.42559366011,True,False,False,7.755080736276088,0.6439839206872029,2,3685.882302304768,25670.398797695238,0.1255568540766142,7600.0,0,0.0,0.0,1223.178379166667,34.118067044099234,34.08693663304662,1.000913265142824,22.622512561849817,0.0,0.0,280.0,0.1218502394432115,0,11,34.118067044099234,3.1337826106462643,6.812634290922232,True,0.35,67.23,47.061,17.35565217391305,,,0,17.35565217391305,,,0,17.35565217391305,,,0,,,,,,,,,,
MD,26759,I395_SB,110N04124,4,6.0,23035.7813,0.0,45600.0,True,False,False,,0.5051706425438596,0,0.0,23035.7813,0.0,7600.0,0,0.0,0.0,959.8242208333332,40.13964005213347,41.92455785904589,0.9574254828658308,0.0,0.0,0.0606241019277149,224.00000000000003,0.1791948216613101,0,14,43.09146702331623,2.977319887579269,5.738011588103664,True,0.28,62.2265,43.55855,4.058159299594823,2.55219353490255,0.1970122739818478,14,25.87796739130435,27.481251552795037,27.7215,14,25.87796739130435,27.481251552795037,27.7215,14,,,,,,,,,,
MD,26761,I395_NB,110P04125,4,6.0,25441.6731,0.0,45600.0,True,False,False,,0.557931427631579,0,0.0,25441.6731,0.0,7600.0,0,0.0,0.0,1060.0697125,0.0,0.0,,0.0,0.0,0.0,280.0,0.0,0,0,0.0,0.0,,False,0.35,67.81,47.467,8.790217391304349,,,0,8.790217391304349,,,0,8.790217391304349,,,0,,,,,,,,,,
MD,26764,I395_SB,110-04124,4,6.0,23035.7813,0.0,45600.0,True,False,False,,0.5051706425438596,0,0.0,23035.7813,0.0,7600.0,0,0.0,0.0,959.8242208333332,37.28714662571792,38.82189623891092,0.9604669075475318,0.0,0.0,0.0,232.0,0.1607204595936117,0,13,41.951269728190255,2.644122330151631,5.095880063022462,True,0.29,61.763000000000005,43.2341,3.976001589055815,2.311616722896084,0.1721387772595584,14,26.93172282608697,28.546726708074544,30.394304347826097,14,26.93172282608696,28.54672670807454,30.39430434782609,14,,,,,,,,,,
MD,26768,I395_NB,110P04125,4,6.0,27045.4028,0.0,45600.0,True,False,False,,0.5931009385964913,0,0.0,27045.4028,0.0,7600.0,0,0.0,0.0,1126.8917833333333,0.0,0.0,,0.0,0.0,0.0,224.00000000000003,0.0,0,0,0.0,0.0,,False,0.28,67.81,47.467,8.790217391304349,,,0,8.790217391304349,,,0,8.790217391304349,,,0,,,,,,,,,,
MD,26772,I395_SB,110N04125,4,6.0,19558.6565,0.0,45600.0,True,False,False,,0.4289179057017544,0,0.0,19558.6565,0.0,7600.0,0,0.0,0.0,814.9440208333334,30.29446146944497,30.273407760693573,1.0006954522238731,0.0,0.0,0.1251706448474578,184.0,0.16464381233394,0,14,31.94836120650393,1.9272598421770624,3.714157453693935,True,0.23,63.78,44.646,4.05551991885399,2.381430466382984,0.1520880971743086,14,28.56763586956522,30.374565217391307,33.23021739130435,14,28.56763586956522,30.374565217391307,33.23021739130435,14,,,,,,,,,,
MD,26776,I395_SB,110N04125,4,6.0,21754.1559,0.0,45600.0,True,False,False,,0.477064822368421,0,0.0,21754.1559,0.0,7600.0,0,0.0,0.0,906.4231625,32.92876238280974,32.90587800075388,1.000695449671798,0.0,0.0,0.1360548278239548,200.0,0.1646438119140486,0,14,34.72647935818031,2.094847654540297,4.037127667590456,True,0.25,63.78,44.646,4.055519961489466,2.381430481630362,0.1520880918188094,14,28.56763586956521,30.374565217391297,33.230217391304336,14,28.56763586956522,30.374565217391307,33.23021739130435,14,,,,,,,,,,
MD,26778,I395_NB,110P04126,4,6.0,20524.3619,0.0,45600.0,True,False,False,,0.4500956557017543,0,0.0,20524.3619,0.0,7600.0,0,0.0,0.0,855.1817458333334,0.0,0.0,,0.0,0.0,0.0,320.0,0.0,0,0,0.0,0.0,,False,0.4,64.69,45.283,10.426929347826082,,,0,10.426929347826082,,,0,10.426929347826082,,,0,,,,,,,,,,
MD,26781,I395_SB,110-04125,4,6.0,21754.1559,0.0,45600.0,True,False,False,,0.477064822368421,0,0.0,21754.1559,0.0,7600.0,0,0.0,0.0,906.4231625,10.472577262617506,10.684698166357608,0.9801472254585536,0.0,0.0,0.0,64.0,0.1636340197283985,0,13,10.820977484011792,0.9320172687748725,1.7353217154813645,True,0.08,65.3565,45.74954999999999,5.323231324618998,4.416375731767512,0.298158460114422,15,30.08927173913043,30.833485507246376,34.41389130434782,15,30.08927173913043,30.833485507246376,34.41389130434782,15,,,,,,,,,,
MD,26785,I395_NB,110+04127,4,6.0,21234.3931,0.0,48000.0,True,False,False,,0.4423831895833333,0,0.0,21234.3931,0.0,8000.0,0,0.0,0.0,884.7663791666668,0.0,0.0,,0.0,0.0,0.0,128.0,0.0,0,0,0.0,0.0,,False,0.16,66.15,46.305,6.699782608695658,,,0,6.699782608695658,,,0,6.699782608695658,,,0,,,,,,,,,,
MD,26788,I395_SB,110N04126,4,6.0,18816.7679,1896.6575109379623,45596.65751093796,True,False,False,9.921015149801326,0.4126786682880458,1,1764.2106079703526,17052.557292029647,0.0937573666926269,7600.0,0,0.0,0.0,784.0319958333333,76.24807325445204,79.38946160439944,0.9604306631325824,0.0,29.04297814314623,24.06721355673426,456.0,0.1672106869615176,0,17,81.31075498124437,4.619794354445744,8.079785937842862,True,0.57,65.73,46.011,1.196650214191206,1.196650214191206,0.392744242284321,16,32.591032608695656,32.591032608695656,34.98065217391305,16,32.591032608695656,32.591032608695656,34.98065217391305,16,,,,,,,,,,
MD,26792,I395_SB,110N04126,4,6.0,19775.4015,1896.6575109379623,45596.65751093796,True,False,False,10.426448310227808,0.4337028760333183,1,1737.8851058394168,18037.516394160582,0.0878811540609892,7600.0,0,0.0,0.0,823.9750625,6.753891463628634,6.963987860035042,0.9698310220194222,0.0,2.7174760122104544,2.127090240282314,40.0,0.1688472865907158,0,17,7.259484572258088,0.3951632824471316,0.6911205321500117,True,0.05,65.73,46.011,1.0745503604755993,1.0745503604755993,0.3881190435691852,16,32.591032608695656,32.591032608695656,34.98065217391305,16,32.591032608695656,32.591032608695656,34.98065217391305,16,,,,,,,,,,
MD,26796,I395_SB,110-04126,4,6.0,19775.4015,3745.361079182346,45545.361079182345,True,False,False,5.279971965831713,0.4341913431231715,2,3208.845726631469,16566.55577336853,0.1622645045478075,7600.0,0,0.0,0.0,823.9750625,154.8186212659616,162.2997135557327,0.9539056962833016,0.0,77.98327215729682,52.77340338147292,608.0,0.2546358902400684,0,18,168.7464025180834,4.795995682074997,8.151625190002383,True,0.76,66.12,46.284,0.4088559209601237,0.4088559209601237,-3.834890223686216e-05,16,40.602554347826086,40.602554347826086,42.185434782608695,16,40.602554347826086,40.602554347826086,42.185434782608695,16,,,,,,,,,,
MD,26799,I395_SB,110N04127,3,6.0,22630.4836,0.0,34200.0,True,False,False,,0.6617100467836258,0,0.0,22630.4836,0.0,5700.0,0,0.0,0.0,1257.249088888889,34.57322926201641,36.12242851619538,0.9571125387241228,0.0,0.0,7.859102260128338,144.0,0.2400918698751139,0,15,34.57322926201641,1.4756813372737945,2.660322363892967,True,0.24,60.8665,42.60655,1.835638510529776,1.835638510529776,0.2671084487386537,16,24.646261579531934,24.646261579531934,-22.977592717237087,16,33.98829347826087,33.98829347826087,37.04084782608696,16,,,,,,,,,,
MD,26810,I395_SB,110N04127,4,6.0,22647.4039,0.0,45600.0,True,False,False,,0.4966535942982456,0,0.0,22647.4039,0.0,7600.0,0,0.0,0.0,943.6418291666668,48.018374107299,50.17003960582693,0.9571125413606804,0.0,0.0,10.915419592157605,200.0,0.2400918705364949,0,15,48.018374107299,2.04955741288026,3.6948921720735473,True,0.25,60.8665,42.60655,1.8356385397146504,1.8356385397146504,0.2671084693529995,16,21.52614666024201,21.52614666024201,-20.085784096315003,16,33.98829347826087,33.98829347826087,37.04084782608696,16,,,,,,,,,,
MD,26814,I395_SB,110N04127,4,6.0,22647.4039,0.0,45600.0,True,False,False,,0.4966535942982456,0,0.0,22647.4039,0.0,7600.0,0,0.0,0.0,943.6418291666668,23.048819548022266,24.081619010796924,0.9571125403856108,0.0,0.0,5.239401406622619,96.0,0.2400918702918986,0,15,23.048819548022266,0.9837875581825156,1.7735482425952864,True,0.12,60.8665,42.60655,1.835638539301182,1.835638539301182,0.2671084624476911,16,23.287601634863996,23.287601634863996,-22.043373006356703,16,33.98829347826087,33.98829347826087,37.04084782608696,16,,,,,,,,,,
MD,26821,I395_SB,110N04127,3,6.0,17235.6809,0.0,34200.0,True,False,False,,0.5039672777777777,0,0.0,17235.6809,0.0,5700.0,0,0.0,0.0,957.5378277777776,11.524409740287638,12.040809505398462,0.9571125375848444,0.0,0.0,2.6197007835867225,48.0,0.2400918695893258,0,15,11.524409740287638,0.4918937790912528,0.8867741212976342,True,0.08,60.8665,42.60655,1.8356384920778617,1.8356384920778617,0.2671084336342453,16,33.98829347826087,33.98829347826087,37.04084782608696,16,33.98829347826087,33.98829347826087,37.04084782608696,16,,,,,,,,,,
MD,26824,I395_SB,110N04670,3,6.0,12144.3179,0.0,34200.0,True,False,False,,0.355097014619883,0,0.0,12144.3179,0.0,5700.0,0,0.0,0.0,674.6843277777778,0.0,0.0,,0.0,0.0,0.0,210.0,0.0,0,0,0.0,0.0,,False,0.35,59.273,41.4911,5.84476630434783,,,0,5.84476630434783,,,0,5.84476630434783,,,0,,,,,,,,,,
MD,26825,I395_NB,110+04129,3,6.0,14844.0064,11967.986136284017,33342.98613628402,True,False,False,1.2403094581632736,0.4451912716913699,9,10966.694935074009,3877.311464925993,0.7387961605213271,5700.0,0,0.0,0.0,824.6670222222223,58.58183808188846,65.19138903891505,0.8986131289044768,35.04586986352979,31.23943844490077,28.062532358835824,138.0,0.4245060730571627,0,33,105.13662966207426,3.497340946443307,4.389798141777876,True,0.23,55.654,38.9578,1.0903004125934193,1.0903004125934193,0.2542758754177692,16,39.157179347826094,39.157179347826094,39.25356521739131,16,39.157179347826094,39.157179347826094,39.25356521739131,16,,,,,,,,,,
MD,26829,I395_SB,110N04128,3,6.0,12144.3179,0.0,34200.0,True,False,False,,0.355097014619883,0,0.0,12144.3179,0.0,5700.0,0,0.0,0.0,674.6843277777778,0.0,0.0,,0.0,0.0,0.0,84.00000000000001,0.0,0,0,0.0,0.0,,False,0.14,55.2965,38.70755,8.49084782608696,,,0,8.49084782608696,,,0,8.49084782608696,,,0,,,,,,,,,,
MD,26833,I395_SB,110-04128,3,6.0,16237.1373,0.0,34200.0,True,False,False,,0.4747700964912281,0,0.0,16237.1373,0.0,5700.0,0,0.0,0.0,902.0631833333332,0.0,0.0,,0.0,0.0,0.0,126.0,0.0,0,0,0.0,0.0,,False,0.21,53.6695,37.56865,8.942353260869565,,,0,8.942353260869565,,,0,8.942353260869565,,,0,,,,,,,,,,
MD,27878,I395_NB,110+04124,4,6.0,28483.7779,3772.6824075658856,45572.68240756589,True,False,False,7.550006818193207,0.6250186821408428,2,3547.2901406607034,24936.487759339296,0.1245372068661125,7600.0,0,0.0,0.0,1186.8240791666667,35.965445041822704,36.701302656956734,0.9799500954499624,20.507725852108702,0.0,0.0,216.0,0.1665066900084384,0,16,53.06649345006531,4.293483614417506,7.507954987027512,True,0.27,67.18950000000001,47.03265,12.58627433601148,10.94372431632045,9.842642793585044,6,17.66083152173914,24.47587681159421,25.229717391304355,6,17.66083152173914,24.47587681159421,25.229717391304355,6,,,,,,,,,,
MD,28025,I395_NB,110+04123,4,6.0,30988.7661,5617.362944530876,45517.36294453088,True,False,False,5.516603859497986,0.6808119824024965,3,5112.813759331151,25875.95234066885,0.1649892655561768,7600.0,0,0.0,0.0,1291.1985875,137.84471615787493,154.2065369479427,0.8938967107756837,90.29353030575636,0.0,0.0,768.0,0.179485307497233,0,12,137.84471615787493,12.0368033183447,25.04429258408629,True,0.96,67.2765,47.09354999999999,16.396255434782606,,,0,16.396255434782606,,,0,16.396255434782606,,,0,,,,,,,,,,
MD,28270,I395_NB,110P04122,4,6.0,24175.5627,1891.4059770101792,45591.40597701018,True,False,False,12.78179459822543,0.5302657854462903,1,1757.5446277512592,22418.01807224874,0.0726992231602228,7600.0,0,0.0,0.0,1007.3151125,47.92548426101485,50.53045107041518,0.9484475844917698,28.31114657594867,0.0,0.0,384.0,0.1248059485963928,0,8,51.5900171716105,4.153506017118719,9.98378594511317,True,0.48,67.84649999999999,47.49255,12.940168478260862,,,0,12.940168478260862,,,0,12.940168478260862,,,0,,,,,,,,,,
MD,28275,I395_NB,110P04122,4,6.0,30988.7661,1891.4059770101792,45591.40597701018,True,False,False,16.383984441555576,0.6797063050792144,1,1785.067098712503,29203.6990012875,0.0576036842819792,7600.0,0,0.0,0.0,1291.1985875,23.33230149062115,23.15979007394029,1.0074487469933924,12.32728456403106,0.0,0.0,176.0,0.1325698948330747,0,8,26.66023556979621,1.8821112701912603,4.524032460535498,True,0.22,67.84649999999999,47.49255,12.940168478260862,,,0,12.940168478260862,,,0,12.940168478260862,,,0,,,,,,,,,,
MD,28279,I395_SB,110N04122,4,6.0,18628.919,0.0,45600.0,True,False,False,,0.4085289254385965,0,0.0,18628.919,0.0,7600.0,0,0.0,0.0,776.2049583333334,0.0,0.0,,0.0,0.0,0.0,24.0,0.0,0,0,0.0,0.0,,False,0.03,65.31649999999999,45.72154999999999,14.595222826086946,,,0,14.595222826086946,,,0,14.595222826086946,,,0,,,,,,,,,,
MD,28283,I395_SB,110N04122,4,6.0,22768.5197,0.0,45600.0,True,False,False,,0.4993096425438597,0,0.0,22768.5197,0.0,7600.0,0,0.0,0.0,948.6883208333334,0.0,0.0,,0.0,0.0,0.0,144.0,0.0,0,0,0.0,0.0,,False,0.18,65.31649999999999,45.72154999999999,14.595222826086946,,,0,14.595222826086946,,,0,14.595222826086946,,,0,,,,,,,,,,
MD,28285,I395_NB,110P04123,4,6.0,27092.2273,5666.914933205427,45566.91493320543,True,False,False,4.780771834292488,0.594559173903112,3,5326.128150940678,21766.09914905932,0.1965924799007085,7600.0,0,0.0,0.0,1128.8428041666666,78.93650136930046,80.29138077313456,0.9831254688761382,42.52347890693477,0.0,0.0,448.00000000000006,0.1761975476993313,0,12,78.93650136930046,5.786289076405315,12.04410996354535,True,0.56,65.6195,45.93365,17.206483695652175,,,0,17.206483695652175,,,0,17.206483695652175,,,0,,,,,,,,,,
MD,28289,I395_SB,110-04122,4,6.0,23492.9749,0.0,45600.0,True,False,False,,0.5151968179824562,0,0.0,23492.9749,0.0,7600.0,0,0.0,0.0,978.8739541666667,82.37333824410052,125.40506476879295,0.6568581452110467,0.0,0.0,0.0,888.0000000000001,0.0927627682929059,0,13,82.37333824410052,21.92602870627666,40.82404374146879,True,1.11,65.70649999999999,45.99454999999999,9.484615130346782,9.256953240485844,7.410447652281313,15,21.00596254064948,22.214432428842105,25.28277406978525,15,26.476499999999994,27.3816304347826,30.217369565217385,15,,,,,,,,,,
MD,28294,I395_NB,110+04124,4,6.0,28483.7779,3772.6824075658856,45572.68240756589,True,False,False,7.550006818193207,0.6250186821408428,2,3562.11013486011,24921.66776513989,0.1250575028132104,7600.0,0,0.0,0.0,1186.8240791666667,9.37986868933922,9.515152540692489,0.9857822719315624,5.246022769767933,0.0,0.0,56.00000000000001,0.1674976551667717,0,16,15.522390153925471,0.9224735791239,1.61319357334151,True,0.07,67.18950000000001,47.03265,10.018001445205453,4.094996607504375,0.0480442339209936,6,17.66083152173914,24.47587681159421,25.229717391304355,6,17.66083152173914,24.47587681159421,25.229717391304355,6,,,,,,,,,,
MD,28298,I395_SB,110N04123,4,6.0,20467.5045,0.0,45600.0,True,False,False,,0.4488487828947368,0,0.0,20467.5045,0.0,7600.0,0,0.0,0.0,852.8126874999999,68.70175336326656,71.80097102446261,0.9568359923692376,0.0,0.0,0.0,328.0,0.2094565651319102,0,14,68.70175336326656,2.5957795132685995,4.979627840660306,True,0.41,64.6065,45.22455,3.2789590165924887,2.136267276522517,0.0718406414278778,14,28.22226086956521,30.47721428571428,32.88410869565217,14,28.22226086956521,30.47721428571428,32.88410869565217,14,,,,,,,,,,
MD,28302,I395_SB,110N04123,4,6.0,22210.9662,0.0,45600.0,True,False,False,,0.4870825921052631,0,0.0,22210.9662,0.0,7600.0,0,0.0,0.0,925.456925,48.6317684649448,50.78605267583941,0.9575811842545606,0.0,0.0,0.0,232.0,0.2096196916592448,0,14,48.6317684649448,1.8186080337785848,3.4901338055454385,True,0.29,64.6065,45.22455,3.256262102590914,2.1018217571560824,0.0672507761249843,14,28.22226086956521,30.47721428571428,32.88410869565217,14,28.22226086956521,30.47721428571428,32.88410869565217,14,,,,,,,,,,
MD,28303,I395_NB,110P04124,4,6.0,27562.7522,3785.425593660111,45585.42559366011,True,False,False,7.281282254276116,0.604639571552741,2,3688.4538182190095,23874.29838178099,0.1338202292519616,7600.0,0,0.0,0.0,1148.4480083333333,30.254496774016843,30.191286732127008,1.00209365180261,19.981592474155377,0.0,0.0,248.0,0.1219939386049066,0,11,30.254496774016843,2.773761350332409,6.030098966104299,True,0.31,67.23,47.061,17.35565217391305,,,0,17.35565217391305,,,0,17.35565217391305,,,0,,,,,,,,,,
MD,28307,I395_SB,110-04123,4,6.0,22210.9662,0.0,45600.0,True,False,False,,0.4870825921052631,0,0.0,22210.9662,0.0,7600.0,0,0.0,0.0,925.456925,36.441083216740026,36.39833653686567,1.001174413007338,0.0,0.0,0.0,200.0,0.1822054160837001,0,13,36.8458323147122,2.814077774943234,5.621791004708819,True,0.25,62.59,43.813,5.092511235061657,3.2024659098098534,0.8169328240871572,13,24.23896739130435,26.61903010033445,25.38347826086957,13,24.23896739130435,26.61903010033445,25.38347826086957,13,,,,,,,,,,
MD,28312,I395_SB,110N04124,4,6.0,21396.9931,0.0,45600.0,True,False,False,,0.4692323048245614,0,0.0,21396.9931,0.0,7600.0,0,0.0,0.0,891.5413791666666,44.71622844961644,46.41647477251509,0.9633697662041016,0.0,0.0,0.0957154260315746,248.0,0.1803073727807114,0,14,48.23665361340181,3.326819820836495,6.411556557238596,True,0.31,62.2265,43.55855,4.091459349128095,2.59359334063141,0.2115542286600593,14,25.87796739130435,27.481251552795037,27.7215,14,25.87796739130435,27.481251552795037,27.7215,14,,,,,,,,,,
MD,28705,I66_WB,110+04173,4,6.0,0.0,0.0,48000.0,True,False,False,,0.0,0,0.0,0.0,,8000.0,0,0.0,,0.0,0.0,0.0,,0.0,0.0,0.0,408.0,0.0,0,0,0.0,0.0,,False,0.51,65.1795,45.62565,2.059744565217397,,,0,2.059744565217397,,,0,2.059744565217397,,,0,,,,,,,,,,
MD,28712,I395_NB,110+04122,4,6.0,25948.539,0.0,45600.0,True,False,False,,0.5690469078947369,0,0.0,25948.539,0.0,7600.0,0,0.0,0.0,1081.189125,0.0,0.0,,0.0,0.0,0.0,32.0,0.0,0,0,0.0,0.0,,False,0.04,66.5465,46.58254999999999,15.558048913043471,,,0,15.558048913043471,,,0,15.558048913043471,,,0,,,,,,,,,,
MD,28724,I395_NB,110+04122,3,6.0,19579.8286,0.0,34200.0,True,False,False,,0.5725096081871345,0,0.0,19579.8286,0.0,5700.0,0,0.0,0.0,1087.7682555555557,0.0,0.0,,0.0,0.0,0.0,150.0,0.0,0,0,0.0,0.0,,False,0.25,66.5465,46.58254999999999,15.558048913043471,,,0,15.558048913043471,,,0,15.558048913043471,,,0,,,,,,,,,,
MD,29007,I395_NB,110+04121,4,6.0,25896.2813,46640.611958852525,46640.611958852525,False,True,False,0.5552303070732932,0.5552303070732932,24,44632.55585496028,-18736.27455496028,1.723512165237419,8000.0,0,0.0,0.0,1079.0117208333334,107.22008260312371,108.85953088491118,0.9849397818596084,78.68978457598405,44.36923474131322,52.981119357295256,344.0,0.3116862866369876,0,50,195.302340157268,5.798415767059307,5.913247028831896,True,0.43,65.333,45.73309999999999,0.489266084023322,0.489266084023322,-0.0433838665720678,16,40.19199456521739,40.19199456521739,42.05539130434782,16,40.19199456521739,40.19199456521739,42.05539130434782,16,,,,,,,,,,
MD,29361,I395_NB,110P04120,4,6.0,45402.4867,10588.42075285321,44788.42075285321,False,False,True,4.287937527205425,1.0137103728335335,6,10160.969516817537,35241.51718318247,0.2237976431545881,7600.0,18,1041.5171831824714,0.0229396506421414,1891.7702791666668,74.50360344044702,77.13544635021802,0.9658802400932298,42.67644199328311,0.0,12.329249016393987,184.0,0.404910888263299,0,50,139.7340171075666,3.778412407309888,4.893619336821433,True,0.23,65.65,45.955,2.047363256168449,2.047363256168449,0.2042133039906559,16,28.582599762979527,28.582599762979527,-27.58667451764933,16,36.95138586956522,36.95138586956522,37.93673913043479,16,,,,,,,,,,
MD,30296,I66_WB,110P04174,2,6.0,0.0,0.0,24000.0,True,False,False,,0.0,0,0.0,0.0,,4000.0,0,0.0,,0.0,0.0,0.0,,0.0,0.0,0.0,28.000000000000004,0.0,0,0,0.0,0.0,,False,0.07,64.58,45.206,2.5791032608695628,,,0,2.5791032608695628,,,0,2.5791032608695628,,,0,,,,,,,,,,
MD,30317,I66_WB,110N58636,2,6.0,0.0,0.0,24000.0,True,False,False,,0.0,0,0.0,0.0,,4000.0,0,0.0,,0.0,0.0,0.0,,0.0,0.0,0.0,52.0,0.0,0,0,0.0,0.0,,False,0.13,68.73,48.111,5.146086956521743,,,0,5.146086956521743,,,0,5.146086956521743,,,0,,,,,,,,,,
MD,30949,I66_EB,110+58629,3,6.0,15397.8275,0.0,36000.0,True,False,False,,0.4277174305555555,0,0.0,15397.8275,0.0,6000.0,0,0.0,0.0,855.434861111111,0.0,0.0,,0.0,0.0,0.0,402.0,0.0,0,0,0.0,0.0,,False,0.67,72.0,50.4,2.5581249999999995,,,0,2.5581249999999995,,,0,2.5581249999999995,,,0,,,,,,,,,,
MD,31338,I66_EB,110N04175,2,6.0,3585.2134,0.0,24000.0,True,False,False,,0.1493838916666666,0,0.0,3585.2134,0.0,4000.0,0,0.0,0.0,298.76778333333334,0.0,0.0,,0.0,0.0,0.0,184.0,0.0,0,0,0.0,0.0,,False,0.46,64.583,45.2081,7.53215760869565,,,0,7.53215760869565,,,0,7.53215760869565,,,0,,,,,,,,,,
MD,31343,I66_EB,110-04175,2,6.0,20879.7541,0.0,24000.0,True,False,False,,0.8699897541666666,0,0.0,20879.7541,0.0,4000.0,0,0.0,0.0,1739.9795083333331,0.0,0.0,,0.0,0.0,0.0,304.0,0.0,0,0,0.0,0.0,,False,0.76,65.56649999999999,45.89654999999999,15.693782608695642,,,0,15.693782608695642,,,0,15.693782608695642,,,0,,,,,,,,,,
MD,31344,I66_EB,110+58635,4,6.0,18712.0558,0.0,45600.0,True,False,False,,0.4103521008771929,0,0.0,18712.0558,0.0,7600.0,0,0.0,0.0,779.6689916666666,0.0,0.0,,0.0,0.0,0.0,600.0,0.0,0,0,0.0,0.0,,False,0.75,70.1265,49.08854999999999,4.57913586956521,,,0,4.57913586956521,,,0,4.57913586956521,,,0,,,,,,,,,,
MD,31346,I66_WB,110-58634,2,6.0,12314.7078,0.0,24000.0,True,False,False,,0.513112825,0,0.0,12314.7078,0.0,4000.0,0,0.0,0.0,1026.22565,0.0,0.0,,0.0,0.0,0.0,140.0,0.0,0,0,0.0,0.0,,False,0.35,71.39,49.973,7.910054347826085,,,0,7.910054347826085,,,0,7.910054347826085,,,0,,,,,,,,,,
MD,31347,I66_EB,110-04175,2,6.0,20879.7541,0.0,24000.0,True,False,False,,0.8699897541666666,0,0.0,20879.7541,0.0,4000.0,0,0.0,0.0,1739.9795083333331,0.0,0.0,,0.0,0.0,0.0,228.0,0.0,0,0,0.0,0.0,,False,0.57,65.56649999999999,45.89654999999999,15.693782608695642,,,0,15.693782608695642,,,0,15.693782608695642,,,0,,,,,,,,,,
MD,31348,I66_EB,110+58635,4,6.0,18712.0558,0.0,45600.0,True,False,False,,0.4103521008771929,0,0.0,18712.0558,0.0,7600.0,0,0.0,0.0,779.6689916666666,0.0,0.0,,0.0,0.0,0.0,456.0,0.0,0,0,0.0,0.0,,False,0.57,70.1265,49.08854999999999,4.57913586956521,,,0,4.57913586956521,,,0,4.57913586956521,,,0,,,,,,,,,,
MD,31350,I66_WB,110-58634,2,6.0,12314.7078,0.0,24000.0,True,False,False,,0.513112825,0,0.0,12314.7078,0.0,4000.0,0,0.0,0.0,1026.22565,0.0,0.0,,0.0,0.0,0.0,472.0,0.0,0,0,0.0,0.0,,False,1.18,71.39,49.973,7.910054347826085,,,0,7.910054347826085,,,0,7.910054347826085,,,0,,,,,,,,,,
MD,31351,I66_EB,110-04175,2,6.0,11752.8597,0.0,24000.0,True,False,False,,0.4897024875,0,0.0,11752.8597,0.0,4000.0,0,0.0,0.0,979.404975,0.0,0.0,,0.0,0.0,0.0,116.0,0.0,0,0,0.0,0.0,,False,0.29,65.56649999999999,45.89654999999999,15.693782608695642,,,0,15.693782608695642,,,0,15.693782608695642,,,0,,,,,,,,,,
MD,31352,I66_WB,110-58633,2,6.0,13906.1981,0.0,24000.0,True,False,False,,0.5794249208333333,0,0.0,13906.1981,0.0,4000.0,0,0.0,0.0,1158.8498416666666,0.0,0.0,,0.0,0.0,0.0,56.00000000000001,0.0,0,0,0.0,0.0,,False,0.14,71.4,49.98,8.731467391304353,,,0,8.731467391304353,,,0,8.731467391304353,,,0,,,,,,,,,,
MD,31353,I66_EB,110-04176,2,6.0,13288.2324,0.0,24000.0,True,False,False,,0.55367635,0,0.0,13288.2324,0.0,4000.0,0,0.0,0.0,1107.3527,0.0,0.0,,0.0,0.0,0.0,96.0,0.0,0,0,0.0,0.0,,False,0.24,66.8765,46.81354999999999,17.835358695652168,,,0,17.835358695652168,,,0,17.835358695652168,,,0,,,,,,,,,,
MD,31354,I66_WB,110+04178,4,6.0,21148.0482,10681.563361615128,44881.56336161513,True,False,False,1.97986450897224,0.471196781395695,6,10169.660791366372,10978.38740863363,0.4808794029212763,7600.0,0,0.0,0.0,881.168675,17.586532725516463,17.639549353174537,0.996994445459088,0.0,12.65762417296378,10.980694055768936,80.0,0.2198316590689558,0,22,18.603011317631623,0.8856628460587096,1.3616288908078626,True,0.1,67.7165,47.40154999999999,0.5456165568046203,0.5456165568046203,0.1243355131583143,16,39.66764130434783,39.66764130434783,39.11041304347826,16,39.66764130434783,39.66764130434783,39.11041304347826,16,,,,,,,,,,
MD,31355,I66_WB,110-58633,2,6.0,13906.1981,0.0,24000.0,True,False,False,,0.5794249208333333,0,0.0,13906.1981,0.0,4000.0,0,0.0,0.0,1158.8498416666666,0.0,0.0,,0.0,0.0,0.0,40.0,0.0,0,0,0.0,0.0,,False,0.1,71.4,49.98,8.731467391304353,,,0,8.731467391304353,,,0,8.731467391304353,,,0,,,,,,,,,,
MD,31357,I66_EB,110-04177,4,6.0,25182.8843,0.0,45600.0,True,False,False,,0.5522562346491229,0,0.0,25182.8843,0.0,7600.0,0,0.0,0.0,1049.2868458333337,0.0,0.0,,0.0,0.0,0.0,56.00000000000001,0.0,0,0,0.0,0.0,,False,0.07,68.083,47.6581,19.902320652173916,,,0,19.902320652173916,,,0,19.902320652173916,,,0,,,,,,,,,,
MD,31358,I66_WB,110+04178,4,6.0,21148.0482,10681.563361615128,44881.56336161513,True,False,False,1.97986450897224,0.471196781395695,6,10270.030462239583,10878.017737760416,0.485625451820163,7600.0,0,0.0,0.0,881.168675,162.74088035279465,162.2838540492058,1.0028162154902378,0.0,113.0272950461774,102.04674773144144,736.0,0.221115326566297,0,22,175.08246596856725,8.376657057895269,12.878375003735568,True,0.92,67.7165,47.40154999999999,0.5652217298987727,0.5652217298987727,0.1603632351049757,16,39.66764130434783,39.66764130434783,39.11041304347826,16,39.66764130434783,39.66764130434783,39.11041304347826,16,,,,,,,,,,
MD,31359,I66_WB,110-58633,2,6.0,13906.1981,0.0,24000.0,True,False,False,,0.5794249208333333,0,0.0,13906.1981,0.0,4000.0,0,0.0,0.0,1158.8498416666666,0.0,0.0,,0.0,0.0,0.0,368.0,0.0,0,0,0.0,0.0,,False,0.92,71.4,49.98,8.731467391304353,,,0,8.731467391304353,,,0,8.731467391304353,,,0,,,,,,,,,,
MD,31361,I66_EB,110-04177,4,6.0,25182.8843,0.0,45600.0,True,False,False,,0.5522562346491229,0,0.0,25182.8843,0.0,7600.0,0,0.0,0.0,1049.2868458333337,0.0,0.0,,0.0,0.0,0.0,408.0,0.0,0,0,0.0,0.0,,False,0.51,68.083,47.6581,19.902320652173916,,,0,19.902320652173916,,,0,19.902320652173916,,,0,,,,,,,,,,
MD,31362,I66_WB,110-58633,2,6.0,12220.94,0.0,24000.0,True,False,False,,0.5092058333333334,0,0.0,12220.94,0.0,4000.0,0,0.0,0.0,1018.4116666666667,0.0,0.0,,0.0,0.0,0.0,344.0,0.0,0,0,0.0,0.0,,False,0.86,71.4,49.98,8.731467391304353,,,0,8.731467391304353,,,0,8.731467391304353,,,0,,,,,,,,,,
MD,31365,I66_WB,110-58632,2,6.0,13926.7166,0.0,24000.0,True,False,False,,0.5802798583333333,0,0.0,13926.7166,0.0,4000.0,0,0.0,0.0,1160.5597166666666,0.0,0.0,,0.0,0.0,0.0,240.0,0.0,0,0,0.0,0.0,,False,0.6,71.59,50.113,4.883070652173916,,,0,4.883070652173916,,,0,4.883070652173916,,,0,,,,,,,,,,
MD,31368,I66_WB,110+04179,4,6.0,21502.9707,0.0,48000.0,True,False,False,,0.44797855625,0,0.0,21502.9707,0.0,8000.0,0,0.0,0.0,895.9571125000001,0.0,0.0,,0.0,0.0,0.0,280.0,0.0,0,0,0.0,0.0,,False,0.35,66.71,46.697,16.393288043478254,,,0,16.393288043478254,,,0,16.393288043478254,,,0,,,,,,,,,,
MD,31369,I66_WB,110-58632,2,6.0,13926.7166,0.0,24000.0,True,False,False,,0.5802798583333333,0,0.0,13926.7166,0.0,4000.0,0,0.0,0.0,1160.5597166666666,0.0,0.0,,0.0,0.0,0.0,140.0,0.0,0,0,0.0,0.0,,False,0.35,71.59,50.113,4.883070652173916,,,0,4.883070652173916,,,0,4.883070652173916,,,0,,,,,,,,,,
MD,31371,I66_EB,110-04178,4,6.0,25874.175,32473.66532574369,46473.66532574369,False,True,False,0.7967740857231811,0.5567491786723183,17,31600.529761929924,-5726.354761929924,1.22131545303106,8000.0,0,0.0,0.0,1078.090625,103.91752781366836,103.88568238359817,1.0003065430128533,70.90851971409279,62.96291254792664,26.981699594316296,384.0,0.2706185620147613,0,42,198.00274960374716,7.642409655204573,8.392095465096403,True,0.48,66.81649999999999,46.77154999999999,0.7941770233151928,0.7941770233151928,0.0146646686061693,16,31.99076630434781,31.99076630434781,32.94106521739129,16,31.99076630434781,31.99076630434781,32.94106521739129,16,789.7648112333334,885.0,1137.7763865666668,5.800192922222222,29.432318840579708,820.1279102666666,885.0,1440.0,10.331201495555556,29.84531150680561
MD,31372,I66_WB,110+04179,4,6.0,21502.9707,0.0,45600.0,True,False,False,,0.471556375,0,0.0,21502.9707,0.0,7600.0,0,0.0,0.0,895.9571125000001,0.0,0.0,,0.0,0.0,0.0,200.0,0.0,0,0,0.0,0.0,,False,0.25,66.71,46.697,16.393288043478254,,,0,16.393288043478254,,,0,16.393288043478254,,,0,,,,,,,,,,
MD,31373,I66_WB,110-58632,2,6.0,13926.7166,0.0,24000.0,True,False,False,,0.5802798583333333,0,0.0,13926.7166,0.0,4000.0,0,0.0,0.0,1160.5597166666666,0.0,0.0,,0.0,0.0,0.0,100.0,0.0,0,0,0.0,0.0,,False,0.25,71.59,50.113,4.883070652173916,,,0,4.883070652173916,,,0,4.883070652173916,,,0,,,,,,,,,,
MD,31375,I66_EB,110+58633,4,6.0,25874.175,0.0,48000.0,True,False,False,,0.5390453125,0,0.0,25874.175,0.0,8000.0,0,0.0,0.0,1078.090625,0.0,0.0,,0.0,0.0,0.0,280.0,0.0,0,0,0.0,0.0,,False,0.35,71.0,49.7,11.03774456521739,,,0,11.03774456521739,,,0,11.03774456521739,,,0,,,,,,,,,,
MD,31376,I66_WB,110-58631,2,6.0,12511.1481,0.0,24000.0,True,False,False,,0.5212978375,0,0.0,12511.1481,0.0,4000.0,0,0.0,0.0,1042.595675,0.0,0.0,,0.0,0.0,0.0,432.0,0.0,0,0,0.0,0.0,,False,1.08,71.9165,50.34155,3.291744565217392,,,0,3.291744565217392,,,0,3.291744565217392,,,0,,,,,,,,,,
MD,31379,I66_WB,110N58631,2,6.0,12511.1481,0.0,24000.0,True,False,False,,0.5212978375,0,0.0,12511.1481,0.0,4000.0,0,0.0,0.0,1042.595675,0.0,0.0,,0.0,0.0,0.0,144.0,0.0,0,0,0.0,0.0,,False,0.36,71.59,50.113,4.585027173913047,,,0,4.585027173913047,,,0,4.585027173913047,,,0,,,,,,,,,,
MD,31381,I66_WB,110P04180,4,6.0,19403.1607,0.0,45600.0,True,False,False,,0.4255079100877193,0,0.0,19403.1607,0.0,7600.0,0,0.0,0.0,808.4650291666667,0.0,0.0,,0.0,0.0,0.0,288.0,0.0,0,0,0.0,0.0,,False,0.36,67.7165,47.40154999999999,9.795793478260869,,,0,9.795793478260869,,,0,9.795793478260869,,,0,,,,,,,,,,
MD,31382,I66_EB,110+58632,4,6.0,23317.1972,0.0,45600.0,True,False,False,,0.5113420438596491,0,0.0,23317.1972,0.0,7600.0,0,0.0,0.0,971.5498833333332,0.0,0.0,,0.0,0.0,0.0,128.0,0.0,0,0,0.0,0.0,,False,0.16,72.52,50.764,6.368043478260867,,,0,6.368043478260867,,,0,6.368043478260867,,,0,,,,,,,,,,
MD,31383,I66_WB,110-58630,2,6.0,9777.1033,0.0,24000.0,True,False,False,,0.4073793041666667,0,0.0,9777.1033,0.0,4000.0,0,0.0,0.0,814.7586083333334,0.0,0.0,,0.0,0.0,0.0,460.0,0.0,0,0,0.0,0.0,,False,1.15,72.53,50.771,4.637445652173915,,,0,4.637445652173915,,,0,4.637445652173915,,,0,,,,,,,,,,
MD,31386,I66_WB,110-58629,2,6.0,8379.6485,0.0,24000.0,True,False,False,,0.3491520208333333,0,0.0,8379.6485,0.0,4000.0,0,0.0,0.0,698.3040416666666,0.0,0.0,,0.0,0.0,0.0,244.0,0.0,0,0,0.0,0.0,,False,0.61,71.46,50.02199999999999,6.697146739130428,,,0,6.697146739130428,,,0,6.697146739130428,,,0,,,,,,,,,,
MD,31388,I66_WB,110P04182,5,6.0,26706.669,2346.922595698175,56971.922595698175,True,False,False,11.379441762993109,0.4687689616782665,1,2011.973706827544,24694.69529317246,0.075336003409019,9500.0,0,0.0,0.0,890.2223,77.08061448069748,77.43334534881656,0.9954447161422496,0.0,35.767128585368255,31.416001540877005,330.0,0.2335776196384772,0,17,77.08061448069748,3.2858832830617395,5.746843150783581,True,0.33,68.559,47.9913,0.3339520794986685,0.3339520794986685,-0.0311575303573228,16,41.93647282608696,41.93647282608696,44.15052173913043,16,41.93647282608696,41.93647282608696,44.15052173913043,16,,,,,,,,,,
MD,31392,I66_EB,110+58630,5,6.0,26914.1782,0.0,60000.0,True,False,False,,0.4485696366666666,0,0.0,26914.1782,0.0,10000.0,0,0.0,0.0,897.1392733333332,0.0,0.0,,0.0,0.0,0.0,960.0,0.0,0,0,0.0,0.0,,False,0.96,71.1965,49.83755,2.2909293478260877,,,0,2.2909293478260877,,,0,2.2909293478260877,,,0,,,,,,,,,,
MD,31393,I66_EB,110+58631,4,6.0,22374.3979,0.0,45600.0,True,False,False,,0.4906666206140351,0,0.0,22374.3979,0.0,7600.0,0,0.0,0.0,932.2665791666668,0.0,0.0,,0.0,0.0,0.0,640.0,0.0,0,0,0.0,0.0,,False,0.8,72.45649999999999,50.71954999999999,2.497967391304337,,,0,2.497967391304337,,,0,2.497967391304337,,,0,,,,,,,,,,
MD,31395,I66_EB,110-04180,4,6.0,23317.1972,0.0,45600.0,True,False,False,,0.5113420438596491,0,0.0,23317.1972,0.0,7600.0,0,0.0,0.0,971.5498833333332,0.0,0.0,,0.0,0.0,0.0,640.0,0.0,0,0,0.0,0.0,,False,0.8,67.92,47.544,6.47913043478261,,,0,6.47913043478261,,,0,6.47913043478261,,,0,,,,,,,,,,
MD,31397,I66_WB,110-58630,2,6.0,9777.1033,0.0,24000.0,True,False,False,,0.4073793041666667,0,0.0,9777.1033,0.0,4000.0,0,0.0,0.0,814.7586083333334,0.0,0.0,,0.0,0.0,0.0,92.0,0.0,0,0,0.0,0.0,,False,0.23,72.53,50.771,4.637445652173915,,,0,4.637445652173915,,,0,4.637445652173915,,,0,,,,,,,,,,
MD,31398,I66_WB,110+04181,4,6.0,19403.1607,0.0,45600.0,True,False,False,,0.4255079100877193,0,0.0,19403.1607,0.0,7600.0,0,0.0,0.0,808.4650291666667,0.0,0.0,,0.0,0.0,0.0,184.0,0.0,0,0,0.0,0.0,,False,0.23,68.8665,48.20655,11.597559782608696,,,0,11.597559782608696,,,0,11.597559782608696,,,0,,,,,,,,,,
MD,31399,I66_EB,110N04182,2,6.0,15860.7548,0.0,24000.0,True,False,False,,0.6608647833333333,0,0.0,15860.7548,0.0,4000.0,0,0.0,0.0,1321.7295666666666,0.0,0.0,,0.0,0.0,0.0,16.0,0.0,0,0,0.0,0.0,,False,0.04,66.45,46.515,5.081766304347829,,,0,5.081766304347829,,,0,5.081766304347829,,,0,,,,,,,,,,
MD,31403,I66_EB,110N04182,2,6.0,6783.6857,0.0,24000.0,True,False,False,,0.2826535708333333,0,0.0,6783.6857,0.0,4000.0,0,0.0,0.0,565.3071416666667,0.0,0.0,,0.0,0.0,0.0,4.0,0.0,0,0,0.0,0.0,,False,0.01,66.45,46.515,5.081766304347829,,,0,5.081766304347829,,,0,5.081766304347829,,,0,,,,,,,,,,
MD,31404,I66_WB,110+04183,2,6.0,8373.7351,2742.605183179775,23742.60518317977,True,False,False,3.053204723507266,0.3526881332269423,3,2176.585457164772,6197.149642835228,0.2599300588293952,4000.0,0,0.0,0.0,697.8112583333333,20.449676345490616,21.713615861868263,0.9417904634392432,0.0,13.160913397243462,8.024216447839194,56.00000000000001,0.3651727918837609,0,19,20.449676345490616,0.5868756079424406,0.9708920184493957,True,0.14,67.77,47.43899999999999,0.5373738803424736,0.5373738803424736,-0.0216246997064413,16,49.446657608695645,49.446657608695645,50.91173913043478,16,49.446657608695645,49.446657608695645,50.91173913043478,16,,,,,,,,,,
MD,31405,I66_WB,110-58628,4,6.0,16200.4583,0.0,45600.0,True,False,False,,0.3552732083333333,0,0.0,16200.4583,0.0,7600.0,0,0.0,0.0,675.0190958333334,0.0,0.0,,0.0,0.0,0.0,232.0,0.0,0,0,0.0,0.0,,False,0.29,72.5265,50.76855,9.413891304347825,,,0,9.413891304347825,,,0,9.413891304347825,,,0,,,,,,,,,,
MD,31406,I66_WB,110+04183,2,6.0,8373.7351,2742.605183179775,23742.60518317977,True,False,False,3.053204723507266,0.3526881332269423,3,2190.6864358175626,6183.048664182437,0.2616140121052507,4000.0,0,0.0,0.0,697.8112583333333,42.3600438084095,44.97820428529853,0.94179046232522,0.0,27.26189205003402,16.62159113558198,116.0,0.365172791451806,0,19,42.3600438084095,1.2156709021519383,2.01113346676397,True,0.29,67.77,47.43899999999999,0.537373881826614,0.537373881826614,-0.0216247003116762,16,49.446657608695645,49.446657608695645,50.91173913043478,16,49.446657608695645,49.446657608695645,50.91173913043478,16,,,,,,,,,,
MD,31407,I66_EB,110N04182,2,6.0,10995.7105,0.0,24000.0,True,False,False,,0.4581546041666666,0,0.0,10995.7105,0.0,4000.0,0,0.0,0.0,916.3092083333332,0.0,0.0,,0.0,0.0,0.0,64.0,0.0,0,0,0.0,0.0,,False,0.16,66.45,46.515,5.081766304347829,,,0,5.081766304347829,,,0,5.081766304347829,,,0,,,,,,,,,,
MD,31408,I66_EB,110P58629,4,6.0,18235.495,0.0,45600.0,True,False,False,,0.3999012061403508,0,0.0,18235.495,0.0,7600.0,0,0.0,0.0,759.8122916666666,0.0,0.0,,0.0,0.0,0.0,128.0,0.0,0,0,0.0,0.0,,False,0.16,71.79,50.253,2.7597826086956614,,,0,2.7597826086956614,,,0,2.7597826086956614,,,0,,,,,,,,,,
MD,31409,I66_EB,110+58629,4,6.0,18235.495,0.0,45600.0,True,False,False,,0.3999012061403508,0,0.0,18235.495,0.0,7600.0,0,0.0,0.0,759.8122916666666,0.0,0.0,,0.0,0.0,0.0,184.0,0.0,0,0,0.0,0.0,,False,0.23,72.0,50.4,2.5581249999999995,,,0,2.5581249999999995,,,0,2.5581249999999995,,,0,,,,,,,,,,
MD,31410,I66_EB,110-04182,2,6.0,10995.7105,2990.4599060675605,23990.45990606756,True,False,False,3.676929584539825,0.4583367948364763,3,2961.1437327332087,8034.5667672667905,0.2692998995138339,4000.0,0,0.0,0.0,916.3092083333332,11.160304863214035,11.051318289119036,1.009861861837995,8.009601805793636,0.0,0.0,92.0,0.1213076615566743,0,11,11.160304863214035,1.0963834427163528,2.2823041350802566,True,0.23,64.7955,45.35685,6.399114130434785,,,0,6.399114130434785,,,0,6.399114130434785,,,0,,,,,,,,,,
MD,31411,I66_WB,110+04183,2,6.0,8373.7351,2742.605183179775,23742.60518317977,True,False,False,3.053204723507266,0.3526881332269423,3,2177.525522436364,6196.209577563636,0.2600423223844714,4000.0,0,0.0,0.0,697.8112583333333,21.910367500459643,23.26458842343028,0.9417904628991084,0.0,14.100978668835296,8.597374737466907,60.0,0.3651727916743273,0,19,21.910367500459643,0.6287952942148425,1.0402414483234164,True,0.15,67.77,47.43899999999999,0.537373882661985,0.537373882661985,-0.021624705552421,16,49.446657608695645,49.446657608695645,50.91173913043478,16,49.446657608695645,49.446657608695645,50.91173913043478,16,,,,,,,,,,
MD,31412,I66_WB,110-58628,4,6.0,16200.4583,0.0,45600.0,True,False,False,,0.3552732083333333,0,0.0,16200.4583,0.0,7600.0,0,0.0,0.0,675.0190958333334,0.0,0.0,,0.0,0.0,0.0,120.0,0.0,0,0,0.0,0.0,,False,0.15,72.5265,50.76855,9.413891304347825,,,0,9.413891304347825,,,0,9.413891304347825,,,0,,,,,,,,,,
MD,31413,I66_EB,110-04182,2,6.0,10995.7105,2990.4599060675605,23990.45990606756,True,False,False,3.676929584539825,0.4583367948364763,3,2967.5119846395896,8028.198515360409,0.2698790573505541,4000.0,0,0.0,0.0,916.3092083333332,8.35975827177458,8.648857791484462,0.9665736763535964,6.91300136702796,0.0,0.0,72.0,0.1161077537746469,0,12,8.35975827177458,0.8811329522328762,1.82997575557518,True,0.18,64.7955,45.35685,6.399114130434785,,,0,6.399114130434785,,,0,6.399114130434785,,,0,,,,,,,,,,
MD,31414,I66_WB,110P04183,2,6.0,8373.7351,2862.4048572597767,23862.40485725977,True,False,False,2.925419539713995,0.3509174850602879,3,2384.4933311274976,5989.241768872502,0.2847586295305063,4000.0,0,0.0,0.0,697.8112583333333,65.59155734833962,67.35027279701751,0.9738870330343224,0.0,29.730431920911315,33.11035810414296,196.0,0.3346508027976511,0,19,65.59155734833962,1.971164145612416,3.2609764490611037,True,0.49,68.91,48.237,0.5202743508883374,0.5202743508883374,0.0757635625519945,16,47.37285326086956,47.37285326086956,48.69826086956522,16,47.37285326086956,47.37285326086956,48.69826086956522,16,,,,,,,,,,
MD,31415,I66_EB,110N04183,2,6.0,10995.7105,2979.557525956186,23979.557525956185,True,False,False,3.690383690937904,0.4585451790800525,3,2931.3921102191557,8064.318389780844,0.2665941514392503,4000.0,0,0.0,0.0,916.3092083333332,25.452027054748328,25.93351445999613,0.9814337772849676,17.620849060925707,0.0,0.0,184.0,0.1383262339931974,0,12,25.452027054748328,2.2051951009636843,4.589111639637643,True,0.46,67.1665,47.01655,5.713157608695651,,,0,5.713157608695651,,,0,5.713157608695651,,,0,,,,,,,,,,
MD,31416,I66_WB,110+04184,2,6.0,8373.7351,0.0,24000.0,True,False,False,,0.3489056291666667,0,0.0,8373.7351,0.0,4000.0,0,0.0,0.0,697.8112583333333,19.250093098419484,19.58445174834584,0.982927341841234,0.0,0.0,13.582660576426631,100.0,0.1925009309841948,0,15,19.600669609443912,0.9275038063252752,1.7269181057380691,True,0.25,68.98,48.286,3.273308664874513,2.1596451845617985,0.1425332307611029,15,30.988125000000007,31.72211594202899,31.116956521739134,15,30.988125000000007,31.72211594202899,31.116956521739134,15,,,,,,,,,,
MD,31417,I66_WB,110-58628,3,6.0,16040.7939,0.0,34200.0,True,False,False,,0.4690290614035088,0,0.0,16040.7939,0.0,5700.0,0,0.0,0.0,891.1552166666667,0.0,0.0,,0.0,0.0,0.0,468.0,0.0,0,0,0.0,0.0,,False,0.78,72.5265,50.76855,9.413891304347825,,,0,9.413891304347825,,,0,9.413891304347825,,,0,,,,,,,,,,
MD,31418,I66_WB,110+04184,2,6.0,8373.7351,0.0,24000.0,True,False,False,,0.3489056291666667,0,0.0,8373.7351,0.0,4000.0,0,0.0,0.0,697.8112583333333,60.24018258993499,61.10348945483902,0.9858713983013672,0.0,0.0,42.593127648173095,312.0,0.1930775083010736,0,15,62.16994108600306,3.02467001906189,5.631629093249521,True,0.78,68.98,48.286,3.525599174166749,2.428755061140184,-0.2363735685072328,15,30.988125000000007,31.72211594202899,31.116956521739134,15,30.988125000000007,31.72211594202899,31.116956521739134,15,,,,,,,,,,
MD,31419,I66_EB,110-04183,2,6.0,10995.7105,1984.9424419785328,23984.94244197853,True,False,False,5.539561383472559,0.4584422300199173,2,1908.2218725515888,9087.48862744841,0.1735423893300563,4000.0,0,0.0,0.0,916.3092083333332,28.57234946573442,31.53408902266746,0.9060781633868012,14.37342780794188,0.0,0.0,184.0,0.1552845079659479,0,12,28.57234946573442,2.5348489231557645,5.233938958442771,True,0.46,69.369,48.5583,5.68329347826087,,,0,5.68329347826087,,,0,5.68329347826087,,,0,,,,,,,,,,
MD,31420,I66_EB,110+58629,3,6.0,15397.8275,0.0,36000.0,True,False,False,,0.4277174305555555,0,0.0,15397.8275,0.0,6000.0,0,0.0,0.0,855.434861111111,0.0,0.0,,0.0,0.0,0.0,276.0,0.0,0,0,0.0,0.0,,False,0.46,72.0,50.4,2.5581249999999995,,,0,2.5581249999999995,,,0,2.5581249999999995,,,0,,,,,,,,,,
MD,31421,I66_EB,110+58629,3,6.0,15397.8275,0.0,34200.0,True,False,False,,0.4502288742690058,0,0.0,15397.8275,0.0,5700.0,0,0.0,0.0,855.434861111111,0.0,0.0,,0.0,0.0,0.0,390.0,0.0,0,0,0.0,0.0,,False,0.65,72.0,50.4,2.5581249999999995,,,0,2.5581249999999995,,,0,2.5581249999999995,,,0,,,,,,,,,,
MD,31422,I66_EB,110-04183,2,6.0,10995.7105,1984.9424419785328,23984.94244197853,True,False,False,5.539561383472559,0.4584422300199173,2,1903.88785365262,9091.82264634738,0.1731482339092703,4000.0,0,0.0,0.0,916.3092083333332,40.851758820529085,44.55903883637793,0.916800718492558,19.97184357797028,0.0,0.0,260.0,0.1571221493097272,0,12,40.851758820529085,3.620582493147964,7.465373253993215,True,0.65,69.369,48.5583,5.68329347826087,,,0,5.68329347826087,,,0,5.68329347826087,,,0,,,,,,,,,,
MD,31423,I66_WB,110+04184,2,6.0,8373.7351,0.0,24000.0,True,False,False,,0.3489056291666667,0,0.0,8373.7351,0.0,4000.0,0,0.0,0.0,697.8112583333333,72.58626680044449,83.82145348292019,0.8659628744714498,0.0,0.0,47.93449056938505,428.0,0.1695940813094497,0,15,77.30086709455622,6.528610782153973,12.155611748578156,True,1.07,68.98,48.286,5.664564433373611,4.71031800429417,2.955549097548708,15,30.988125000000007,31.72211594202899,31.116956521739134,15,30.988125000000007,31.72211594202899,31.116956521739134,15,,,,,,,,,,
MD,31424,I66_WB,110-58628,3,6.0,16040.7939,0.0,36000.0,True,False,False,,0.4455776083333334,0,0.0,16040.7939,0.0,6000.0,0,0.0,0.0,891.1552166666667,0.0,0.0,,0.0,0.0,0.0,234.0,0.0,0,0,0.0,0.0,,False,0.39,72.5265,50.76855,9.413891304347825,,,0,9.413891304347825,,,0,9.413891304347825,,,0,,,,,,,,,,
MD,31425,I66_WB,110-58628,3,6.0,16040.7939,0.0,36000.0,True,False,False,,0.4455776083333334,0,0.0,16040.7939,0.0,6000.0,0,0.0,0.0,891.1552166666667,0.0,0.0,,0.0,0.0,0.0,402.0,0.0,0,0,0.0,0.0,,False,0.67,72.5265,50.76855,9.413891304347825,,,0,9.413891304347825,,,0,9.413891304347825,,,0,,,,,,,,,,
MD,31426,I66_WB,110+04184,2,6.0,8373.7351,0.0,24000.0,True,False,False,,0.3489056291666667,0,0.0,8373.7351,0.0,4000.0,0,0.0,0.0,697.8112583333333,51.70803714446515,52.486330685566855,0.9851715002566236,0.0,0.0,36.60270598309944,268.0,0.1929404371062132,0,15,53.20473046755592,2.5807949150647485,4.805178626360323,True,0.67,68.98,48.286,3.4981928142335885,2.399521610544812,-0.2942222840339354,15,30.988125000000007,31.72211594202899,31.116956521739134,15,30.988125000000007,31.72211594202899,31.116956521739134,15,,,,,,,,,,
MD,31427,I66_EB,110-04183,2,6.0,10995.7105,1984.9424419785328,23984.94244197853,True,False,False,5.539561383472559,0.4584422300199173,2,1886.919577959419,9108.79092204058,0.1716050616246598,4000.0,0,0.0,0.0,916.3092083333332,51.81625630181748,73.35103316142212,0.7064148120148014,22.888191003326824,0.0,0.0,428.0,0.1210660193967698,0,11,51.81625630181748,8.227370365056034,17.12663715395241,True,1.07,69.369,48.5583,5.68329347826087,,,0,5.68329347826087,,,0,5.68329347826087,,,0,,,,,,,,,,
MD,31428,I66_EB,110+58629,3,6.0,15397.8275,0.0,36000.0,True,False,False,,0.4277174305555555,0,0.0,15397.8275,0.0,6000.0,0,0.0,0.0,855.434861111111,0.0,0.0,,0.0,0.0,0.0,300.0,0.0,0,0,0.0,0.0,,False,0.5,72.0,50.4,2.5581249999999995,,,0,2.5581249999999995,,,0,2.5581249999999995,,,0,,,,,,,,,,
MD,31429,I66_EB,110-04183,2,6.0,10995.7105,1984.9424419785328,23984.94244197853,True,False,False,5.539561383472559,0.4584422300199173,2,1898.541570995465,9097.168929004534,0.1726620186112998,4000.0,0,0.0,0.0,916.3092083333332,40.72982449100039,45.930086185189566,0.8867787516613449,22.79483614836397,0.0,0.0,268.0,0.1519769570559715,0,12,40.72982449100039,3.649383082222632,7.590588291778197,True,0.67,69.369,48.5583,5.68329347826087,,,0,5.68329347826087,,,0,5.68329347826087,,,0,,,,,,,,,,
MD,31720,I66_EB,110P58636,3,6.0,18253.3525,0.0,36000.0,True,False,False,,0.5070375694444444,0,0.0,18253.3525,0.0,6000.0,0,0.0,0.0,1014.0751388888888,0.0,0.0,,0.0,0.0,0.0,276.0,0.0,0,0,0.0,0.0,,False,0.46,68.766,48.1362,4.925103260869571,,,0,4.925103260869571,,,0,4.925103260869571,,,0,,,,,,,,,,
MD,31724,I66_EB,110+58636,3,6.0,12036.9284,0.0,36000.0,True,False,False,,0.3343591222222222,0,0.0,12036.9284,0.0,6000.0,0,0.0,0.0,668.7182444444445,0.0,0.0,,0.0,0.0,0.0,282.0,0.0,0,0,0.0,0.0,,False,0.47,67.763,47.4341,6.123951086956526,,,0,6.123951086956526,,,0,6.123951086956526,,,0,,,,,,,,,,
MD,31781,I66_EB,110+58635,4,6.0,27838.9502,0.0,45600.0,True,False,False,,0.6105032938596491,0,0.0,27838.9502,0.0,7600.0,0,0.0,0.0,1159.9562583333334,0.0,0.0,,0.0,0.0,0.0,232.0,0.0,0,0,0.0,0.0,,False,0.29,70.1265,49.08854999999999,4.57913586956521,,,0,4.57913586956521,,,0,4.57913586956521,,,0,,,,,,,,,,
MD,31785,I66_EB,110+58635,4,6.0,23502.6181,0.0,45600.0,True,False,False,,0.5154082916666667,0,0.0,23502.6181,0.0,7600.0,0,0.0,0.0,979.2757541666666,0.0,0.0,,0.0,0.0,0.0,1144.0,0.0,0,0,0.0,0.0,,False,1.43,70.1265,49.08854999999999,4.57913586956521,,,0,4.57913586956521,,,0,4.57913586956521,,,0,,,,,,,,,,
MD,31790,I66_EB,110+58634,4,6.0,25182.8843,0.0,45600.0,True,False,False,,0.5522562346491229,0,0.0,25182.8843,0.0,7600.0,0,0.0,0.0,1049.2868458333337,0.0,0.0,,0.0,0.0,0.0,424.0,0.0,0,0,0.0,0.0,,False,0.53,71.31,49.917,6.9443478260869576,,,0,6.9443478260869576,,,0,6.9443478260869576,,,0,,,,,,,,,,
MD,31795,I66_EB,110N04178,4,6.0,23332.4633,11384.868020444206,45584.868020444206,True,False,False,2.0494276488845613,0.5118466788043721,6,11210.761700876985,12121.701599123016,0.4804791314458849,7600.0,0,0.0,0.0,972.1859708333332,40.34574572823385,84.86117357417073,0.4754323329381096,16.594951670659384,0.0,0.0,792.0,0.0509415981417094,0,12,48.835707208553686,21.00497283961609,40.48179658601109,True,0.99,68.72,48.104,20.35910326086956,,,0,20.35910326086956,,,0,20.35910326086956,,,0,,,,,,,,,,
MD,31800,I66_EB,110+58633,4,6.0,25874.175,0.0,48000.0,True,False,False,,0.5390453125,0,0.0,25874.175,0.0,8000.0,0,0.0,0.0,1078.090625,0.0,0.0,,0.0,0.0,0.0,48.0,0.0,0,0,0.0,0.0,,False,0.06,71.0,49.7,11.03774456521739,,,0,11.03774456521739,,,0,11.03774456521739,,,0,,,,,,,,,,
MD,31804,I66_EB,110N04179,4,6.0,21832.1747,23331.909931907765,44231.909931907765,False,True,False,0.9357217117550763,0.4935842637952838,13,22693.754281743477,-861.5795817434737,1.0394637544625125,7600.0,0,0.0,0.0,909.6739458333332,331.3851050062003,325.71288128295055,1.0174147970473488,212.11506025731228,115.64225014138788,35.84511439803282,880.0000000000001,0.3765739829615912,0,36,570.9948425894788,19.937245465095096,23.32249611440448,True,1.1,68.35300000000001,47.847100000000005,3.321459181934207,3.321459181934207,3.239813423448652,16,30.19601630434784,30.19601630434784,29.728217391304355,16,30.19601630434784,30.19601630434784,29.728217391304355,16,,,,,,839.6513980833333,885.0,960.5548524,2.0150575719444443,33.743600805060154
MD,31809,I66_EB,110+58631,4,6.0,23317.1972,0.0,45600.0,True,False,False,,0.5113420438596491,0,0.0,23317.1972,0.0,7600.0,0,0.0,0.0,971.5498833333332,0.0,0.0,,0.0,0.0,0.0,96.0,0.0,0,0,0.0,0.0,,False,0.12,72.45649999999999,50.71954999999999,2.497967391304337,,,0,2.497967391304337,,,0,2.497967391304337,,,0,,,,,,,,,,
MD,31818,I66_EB,110+58630,5,6.0,20067.2226,0.0,57000.0,True,False,False,,0.3520565368421053,0,0.0,20067.2226,0.0,9500.0,0,0.0,0.0,668.90742,0.0,0.0,,0.0,0.0,0.0,320.0,0.0,0,0,0.0,0.0,,False,0.32,71.1965,49.83755,2.2909293478260877,,,0,2.2909293478260877,,,0,2.2909293478260877,,,0,,,,,,,,,,
MD,31823,I66_EB,110+58630,4,6.0,16088.7625,0.0,45600.0,True,False,False,,0.3528237390350877,0,0.0,16088.7625,0.0,7600.0,0,0.0,0.0,670.3651041666667,0.0,0.0,,0.0,0.0,0.0,376.0,0.0,0,0,0.0,0.0,,False,0.47,71.1965,49.83755,2.2909293478260877,,,0,2.2909293478260877,,,0,2.2909293478260877,,,0,,,,,,,,,,
MD,31829,I66_EB,110+58629,4,6.0,18235.495,0.0,45600.0,True,False,False,,0.3999012061403508,0,0.0,18235.495,0.0,7600.0,0,0.0,0.0,759.8122916666666,0.0,0.0,,0.0,0.0,0.0,144.0,0.0,0,0,0.0,0.0,,False,0.18,72.0,50.4,2.5581249999999995,,,0,2.5581249999999995,,,0,2.5581249999999995,,,0,,,,,,,,,,
MD,31833,I66_EB,110+58629,3,6.0,13722.4707,0.0,34200.0,True,False,False,,0.4012418333333333,0,0.0,13722.4707,0.0,5700.0,0,0.0,0.0,762.3594833333333,0.0,0.0,,0.0,0.0,0.0,276.0,0.0,0,0,0.0,0.0,,False,0.46,72.0,50.4,2.5581249999999995,,,0,2.5581249999999995,,,0,2.5581249999999995,,,0,,,,,,,,,,
MD,32029,I66_WB,110+04178,4,6.0,21148.0482,10681.563361615128,44881.56336161513,True,False,False,1.97986450897224,0.471196781395695,6,10174.72384106775,10973.324358932252,0.4811188127076308,7600.0,0,0.0,0.0,881.168675,24.621145820882475,24.69536909444436,0.9969944456680108,0.0,17.720673874339127,15.3729716680009,112.0,0.2198316591150221,0,22,26.04421584103534,1.2399279844652682,1.9062804471049863,True,0.14,67.7165,47.40154999999999,0.5456165578281631,0.5456165578281631,0.1243355030108173,16,39.66764130434783,39.66764130434783,39.11041304347826,16,39.66764130434783,39.66764130434783,39.11041304347826,16,,,,,,,,,,
MD,32031,I66_WB,110P04178,4,6.0,19205.2447,9405.253776468347,45505.25377646835,True,False,False,2.0419698560448123,0.4220445576315279,5,9288.010450391535,9917.234249608464,0.4836184383733228,7600.0,0,0.0,0.0,800.2185291666666,70.96264641111611,99.5611401556754,0.7127544572125005,0.0,34.04095553449747,40.40609775767939,688.0,0.1031433814115059,0,21,84.32531659442179,16.802720090197887,26.44061893801896,True,0.86,67.38,47.166,6.401909237910073,6.401909237910073,6.267204540467684,16,29.69701086956521,29.69701086956521,28.548043478260865,16,29.69701086956521,29.69701086956521,28.548043478260865,16,,,,,,,,,,
MD,32032,I66_WB,110+04179,4,6.0,21502.9707,0.0,48000.0,True,False,False,,0.44797855625,0,0.0,21502.9707,0.0,8000.0,0,0.0,0.0,895.9571125000001,0.0,0.0,,0.0,0.0,0.0,480.0,0.0,0,0,0.0,0.0,,False,0.6,66.71,46.697,16.393288043478254,,,0,16.393288043478254,,,0,16.393288043478254,,,0,,,,,,,,,,
MD,32034,I66_WB,110P04179,4,6.0,17680.2577,0.0,45600.0,True,False,False,,0.3877249495614034,0,0.0,17680.2577,0.0,7600.0,0,0.0,0.0,736.6774041666666,0.0,0.0,,0.0,0.0,0.0,744.0,0.0,0,0,0.0,0.0,,False,0.93,68.25,47.775,8.037038043478258,,,0,8.037038043478258,,,0,8.037038043478258,,,0,,,,,,,,,,
MD,32035,I66_WB,110+04180,4,6.0,19403.1607,0.0,45600.0,True,False,False,,0.4255079100877193,0,0.0,19403.1607,0.0,7600.0,0,0.0,0.0,808.4650291666667,0.0,0.0,,0.0,0.0,0.0,120.0,0.0,0,0,0.0,0.0,,False,0.15,67.7765,47.44355,8.904815217391302,,,0,8.904815217391302,,,0,8.904815217391302,,,0,,,,,,,,,,
MD,32037,I66_WB,110P04181,4,6.0,18424.9041,0.0,45600.0,True,False,False,,0.4040549144736842,0,0.0,18424.9041,0.0,7600.0,0,0.0,0.0,767.7043375,52.69047078362064,93.41592179168438,0.5640416512842353,0.0,0.0,0.0,920.0,0.0572722508517615,0,11,53.43222046116466,19.682869798650955,40.9731608317705,True,1.15,68.3265,47.82854999999999,12.059471040078684,11.29368602445274,9.99832101193051,12,22.362668478260865,25.031282608695648,25.376717391304343,12,22.362668478260865,25.031282608695648,25.376717391304343,12,,,,,,,,,,
MD,32038,I66_WB,110P04181,5,6.0,22002.7391,0.0,57000.0,True,False,False,,0.3860129666666666,0,0.0,22002.7391,0.0,9500.0,0,0.0,0.0,733.4246366666666,22.640867552749118,23.353980447921103,0.9694650384433516,0.0,0.0,0.0,230.0,0.09843855457717,0,12,22.640867552749118,2.2810288028802725,4.747667354152394,True,0.23,68.3265,47.82854999999999,5.672077906054316,2.8260371201322045,0.1922553073584865,12,22.362668478260865,25.031282608695648,25.376717391304343,12,22.362668478260865,25.031282608695648,25.376717391304343,12,,,,,,,,,,
MD,32041,I66_WB,110-58629,3,6.0,13276.281,0.0,34200.0,True,False,False,,0.388195350877193,0,0.0,13276.281,0.0,5700.0,0,0.0,0.0,737.5711666666667,0.0,0.0,,0.0,0.0,0.0,12.0,0.0,0,0,0.0,0.0,,False,0.02,71.46,50.02199999999999,6.697146739130428,,,0,6.697146739130428,,,0,6.697146739130428,,,0,,,,,,,,,,
MD,32042,I66_WB,110N58629,4,6.0,16200.4583,0.0,45600.0,True,False,False,,0.3552732083333333,0,0.0,16200.4583,0.0,7600.0,0,0.0,0.0,675.0190958333334,0.0,0.0,,0.0,0.0,0.0,112.0,0.0,0,0,0.0,0.0,,False,0.14,72.46,50.722,17.64980978260869,,,0,17.64980978260869,,,0,17.64980978260869,,,0,,,,,,,,,,
MD,32044,I66_WB,110-58628,3,6.0,13442.7135,0.0,36000.0,True,False,False,,0.3734087083333333,0,0.0,13442.7135,0.0,6000.0,0,0.0,0.0,746.8174166666666,0.0,0.0,,0.0,0.0,0.0,294.0,0.0,0,0,0.0,0.0,,False,0.49,72.5265,50.76855,9.413891304347825,,,0,9.413891304347825,,,0,9.413891304347825,,,0,,,,,,,,,,
MD,32045,I66_WB,110-58628,3,6.0,16040.7939,0.0,36000.0,True,False,False,,0.4455776083333334,0,0.0,16040.7939,0.0,6000.0,0,0.0,0.0,891.1552166666667,0.0,0.0,,0.0,0.0,0.0,150.0,0.0,0,0,0.0,0.0,,False,0.25,72.5265,50.76855,9.413891304347825,,,0,9.413891304347825,,,0,9.413891304347825,,,0,,,,,,,,,,
MD,32130,I66_WB,110+04174,2,6.0,0.0,0.0,24000.0,True,False,False,,0.0,0,0.0,0.0,,4000.0,0,0.0,,0.0,0.0,0.0,,0.0,0.0,0.0,32.0,0.0,0,0,0.0,0.0,,False,0.08,64.99300000000001,45.4951,2.5132173913043565,,,0,2.5132173913043565,,,0,2.5132173913043565,,,0,,,,,,,,,,
MD,32133,I66_WB,110+04173,4,6.0,0.0,0.0,48000.0,True,False,False,,0.0,0,0.0,0.0,,8000.0,0,0.0,,0.0,0.0,0.0,,0.0,0.0,0.0,72.0,0.0,0,0,0.0,0.0,,False,0.09,65.1795,45.62565,2.059744565217397,,,0,2.059744565217397,,,0,2.059744565217397,,,0,,,,,,,,,,
MD,32134,I66_WB,110P04173,4,6.0,0.0,0.0,48000.0,True,False,False,,0.0,0,0.0,0.0,,8000.0,0,0.0,,0.0,0.0,0.0,,0.0,0.0,0.0,136.0,0.0,0,0,0.0,0.0,,False,0.17,66.763,46.7341,1.9393315217391371,,,0,1.9393315217391371,,,0,1.9393315217391371,,,0,,,,,,,,,,
MD,32136,I66_WB,110+04174,2,6.0,0.0,0.0,24000.0,True,False,False,,0.0,0,0.0,0.0,,4000.0,0,0.0,,0.0,0.0,0.0,,0.0,0.0,0.0,124.0,0.0,0,0,0.0,0.0,,False,0.31,64.99300000000001,45.4951,2.5132173913043565,,,0,2.5132173913043565,,,0,2.5132173913043565,,,0,,,,,,,,,,
MD,32140,I66_WB,110+04173,4,6.0,0.0,0.0,48000.0,True,False,False,,0.0,0,0.0,0.0,,8000.0,0,0.0,,0.0,0.0,0.0,,0.0,0.0,0.0,120.0,0.0,0,0,0.0,0.0,,False,0.15,65.1795,45.62565,2.059744565217397,,,0,2.059744565217397,,,0,2.059744565217397,,,0,,,,,,,,,,
MD,32141,I395_NB,110+04122,4,6.0,24028.2957,0.0,48000.0,True,False,False,,0.50058949375,0,0.0,24028.2957,0.0,8000.0,0,0.0,0.0,1001.1789875,0.0,0.0,,0.0,0.0,0.0,304.0,0.0,0,0,0.0,0.0,,False,0.38,66.5465,46.58254999999999,15.558048913043471,,,0,15.558048913043471,,,0,15.558048913043471,,,0,,,,,,,,,,
MD,32367,I66_EB,110+58629,3,6.0,15397.8275,0.0,36000.0,True,False,False,,0.4277174305555555,0,0.0,15397.8275,0.0,6000.0,0,0.0,0.0,855.434861111111,0.0,0.0,,0.0,0.0,0.0,234.0,0.0,0,0,0.0,0.0,,False,0.39,72.0,50.4,2.5581249999999995,,,0,2.5581249999999995,,,0,2.5581249999999995,,,0,,,,,,,,,,
MD,32368,I66_WB,110-58628,3,6.0,16040.7939,0.0,36000.0,True,False,False,,0.4455776083333334,0,0.0,16040.7939,0.0,6000.0,0,0.0,0.0,891.1552166666667,0.0,0.0,,0.0,0.0,0.0,102.0,0.0,0,0,0.0,0.0,,False,0.17,72.5265,50.76855,9.413891304347825,,,0,9.413891304347825,,,0,9.413891304347825,,,0,,,,,,,,,,
MD,32369,I66_WB,110-58628,3,6.0,16040.7939,0.0,36000.0,True,False,False,,0.4455776083333334,0,0.0,16040.7939,0.0,6000.0,0,0.0,0.0,891.1552166666667,0.0,0.0,,0.0,0.0,0.0,306.0,0.0,0,0,0.0,0.0,,False,0.51,72.5265,50.76855,9.413891304347825,,,0,9.413891304347825,,,0,9.413891304347825,,,0,,,,,,,,,,
MD,32370,I66_EB,110+58629,3,6.0,15397.8275,0.0,36000.0,True,False,False,,0.4277174305555555,0,0.0,15397.8275,0.0,6000.0,0,0.0,0.0,855.434861111111,0.0,0.0,,0.0,0.0,0.0,102.0,0.0,0,0,0.0,0.0,,False,0.17,72.0,50.4,2.5581249999999995,,,0,2.5581249999999995,,,0,2.5581249999999995,,,0,,,,,,,,,,
MD,32551,I66_WB,110P04174,2,6.0,0.0,0.0,24000.0,True,False,False,,0.0,0,0.0,0.0,,4000.0,0,0.0,,0.0,0.0,0.0,,0.0,0.0,0.0,196.0,0.0,0,0,0.0,0.0,,False,0.49,64.58,45.206,2.5791032608695628,,,0,2.5791032608695628,,,0,2.5791032608695628,,,0,,,,,,,,,,
MD,32552,I66_WB,110+04175,2,6.0,0.0,0.0,24000.0,True,False,False,,0.0,0,0.0,0.0,,4000.0,0,0.0,,0.0,0.0,0.0,,0.0,0.0,0.0,260.0,0.0,0,0,0.0,0.0,,False,0.65,65.6665,45.96655,1.749380434782608,,,0,1.749380434782608,,,0,1.749380434782608,,,0,,,,,,,,,,
MD,32573,I66_WB,110P04175,2,6.0,0.0,0.0,24000.0,True,False,False,,0.0,0,0.0,0.0,,4000.0,0,0.0,,0.0,0.0,0.0,,0.0,0.0,0.0,280.0,0.0,0,0,0.0,0.0,,False,0.7,66.7965,46.75755,8.53538586956521,,,0,8.53538586956521,,,0,8.53538586956521,,,0,,,,,,,,,,
MD,32581,I395_NB,110P04120,3,6.0,18825.2518,7941.315564639908,33591.31556463991,True,False,False,2.370545742297752,0.5604202003870461,6,7499.043463699718,11326.20833630028,0.3983502342157101,5700.0,0,0.0,0.0,1045.847322222222,162.82719558895246,171.0394679939617,0.9519860971194136,96.46728028419308,0.0,27.33876954357561,408.0,0.3990862636984129,0,30,307.4685478839683,7.809463037540095,10.114443636899718,True,0.68,65.65,45.955,2.04736313426654,2.04736313426654,0.2042133717839291,16,36.95138586956522,36.95138586956522,37.93673913043479,16,36.95138586956522,36.95138586956522,37.93673913043479,16,,,,,,,,,,
MD,32590,I395_SB,110N04120,3,6.0,16200.5006,0.0,34200.0,True,False,False,,0.4736988479532164,0,0.0,16200.5006,0.0,5700.0,0,0.0,0.0,900.0278111111111,0.0,0.0,,0.0,0.0,0.0,420.0,0.0,0,15,0.0,0.0,,False,0.7,65.765,46.0355,17.616304347826087,,,0,39.239360601983066,,,0,17.616304347826087,,,0,,,,,,,,,,
MD,32611,I395_SB,110N04121,4,6.0,19903.237,0.0,48000.0,True,False,False,,0.4146507708333333,0,0.0,19903.237,0.0,8000.0,0,0.0,0.0,829.3015416666667,0.0,0.0,,0.0,0.0,0.0,344.0,0.0,0,0,0.0,0.0,,False,0.43,65.8365,46.08555,16.431690217391306,,,0,16.431690217391306,,,0,16.431690217391306,,,0,,,,,,,,,,
MD,32616,I395_SB,110-04121,4,6.0,18573.7016,0.0,45600.0,True,False,False,,0.4073180175438596,0,0.0,18573.7016,0.0,7600.0,0,0.0,0.0,773.9042333333333,0.0,0.0,,0.0,0.0,0.0,256.0,0.0,0,0,0.0,0.0,,False,0.32,66.4665,46.52654999999999,13.97052173913043,,,0,13.97052173913043,,,0,13.97052173913043,,,0,,,,,,,,,,
MD,32619,I395_SB,110-04121,4,6.0,22660.5059,0.0,45600.0,True,False,False,,0.4969409188596491,0,0.0,22660.5059,0.0,7600.0,0,0.0,0.0,944.1877458333332,0.0,0.0,,0.0,0.0,0.0,240.0,0.0,0,0,0.0,0.0,,False,0.3,66.4665,46.52654999999999,13.97052173913043,,,0,13.97052173913043,,,0,13.97052173913043,,,0,,,,,,,,,,
MD,32622,I395_NB,110+04122,4,6.0,25948.539,0.0,45600.0,True,False,False,,0.5690469078947369,0,0.0,25948.539,0.0,7600.0,0,0.0,0.0,1081.189125,0.0,0.0,,0.0,0.0,0.0,296.0,0.0,0,0,0.0,0.0,,False,0.37,66.5465,46.58254999999999,15.558048913043471,,,0,15.558048913043471,,,0,15.558048913043471,,,0,,,,,,,,,,
MD,32624,I395_SB,110N04122,4,6.0,22660.5059,0.0,45600.0,True,False,False,,0.4969409188596491,0,0.0,22660.5059,0.0,7600.0,0,0.0,0.0,944.1877458333332,0.0,0.0,,0.0,0.0,0.0,264.0,0.0,0,0,0.0,0.0,,False,0.33,65.31649999999999,45.72154999999999,14.595222826086946,,,0,14.595222826086946,,,0,14.595222826086946,,,0,,,,,,,,,,
MD,32627,I395_SB,110-04121,4,6.0,22952.5131,0.0,48000.0,True,False,False,,0.47817735625,0,0.0,22952.5131,0.0,8000.0,0,0.0,0.0,956.3547125,0.0,0.0,,0.0,0.0,0.0,376.0,0.0,0,0,0.0,0.0,,False,0.47,66.4665,46.52654999999999,13.97052173913043,,,0,13.97052173913043,,,0,13.97052173913043,,,0,,,,,,,,,,
MD,32843,I66_EB,110+58630,5,6.0,28102.7302,0.0,60000.0,True,False,False,,0.4683788366666667,0,0.0,28102.7302,0.0,10000.0,0,0.0,0.0,936.7576733333334,0.0,0.0,,0.0,0.0,0.0,230.0,0.0,0,0,0.0,0.0,,False,0.23,71.1965,49.83755,2.2909293478260877,,,0,2.2909293478260877,,,0,2.2909293478260877,,,0,,,,,,,,,,
MD,32847,I66_WB,110-58629,1,6.0,6188.217,0.0,12000.0,True,False,False,,0.51568475,0,0.0,6188.217,0.0,2000.0,0,0.0,0.0,1031.3695,0.0,0.0,,0.0,0.0,0.0,2.0,0.0,0,0,0.0,0.0,,False,0.01,71.46,50.02199999999999,6.697146739130428,,,0,6.697146739130428,,,0,6.697146739130428,,,0,,,,,,,,,,
MD,32848,I66_WB,110-58629,5,6.0,26706.669,0.0,60000.0,True,False,False,,0.44511115,0,0.0,26706.669,0.0,10000.0,0,0.0,0.0,890.2223,0.0,0.0,,0.0,0.0,0.0,970.0,0.0,0,0,0.0,0.0,,False,0.97,71.46,50.02199999999999,6.697146739130428,,,0,6.697146739130428,,,0,6.697146739130428,,,0,,,,,,,,,,
MD,32854,I66_WB,110N58631,2,6.0,9777.1033,0.0,24000.0,True,False,False,,0.4073793041666667,0,0.0,9777.1033,0.0,4000.0,0,0.0,0.0,814.7586083333334,0.0,0.0,,0.0,0.0,0.0,88.0,0.0,0,0,0.0,0.0,,False,0.22,71.59,50.113,4.585027173913047,,,0,4.585027173913047,,,0,4.585027173913047,,,0,,,,,,,,,,
MD,32866,I66_EB,110N04182,2,6.0,7758.2835,0.0,24000.0,True,False,False,,0.3232618124999999,0,0.0,7758.2835,0.0,4000.0,0,0.0,0.0,646.5236249999999,0.0,0.0,,0.0,0.0,0.0,180.0,0.0,0,0,0.0,0.0,,False,0.45,66.45,46.515,5.081766304347829,,,0,5.081766304347829,,,0,5.081766304347829,,,0,,,,,,,,,,
MD,32867,I66_WB,110P04182,2,6.0,6200.1109,988.1779350308104,23988.17793503081,True,False,False,6.274285915731043,0.2584652705508638,1,852.559881627881,5347.551018372119,0.1375071987225069,4000.0,0,0.0,0.0,516.6759083333333,44.26942205002831,44.45933704238272,0.9957283440332596,0.0,20.472901315386025,18.038770185425165,180.0,0.2459412336112684,0,17,44.26942205002831,1.888458371156169,3.3028178790654987,True,0.45,68.559,47.9913,0.3376422132374417,0.3376422132374417,-0.0303148976139322,16,41.93647282608696,41.93647282608696,44.15052173913043,16,41.93647282608696,41.93647282608696,44.15052173913043,16,,,,,,,,,,
MD,32868,I66_WB,110+04182,5,6.0,22002.7391,0.0,60000.0,True,False,False,,0.3667123183333333,0,0.0,22002.7391,0.0,10000.0,0,0.0,0.0,733.4246366666666,55.68773238755375,56.28472273634961,0.9893933856333932,0.0,0.0,0.1385054356783257,390.0,0.1427890574039839,0,15,55.68773238755375,3.756051288010343,6.993295468798782,True,0.39,67.62,47.334,3.125737421690548,2.38283285633991,-0.0080794960953269,15,27.806875000000005,28.698579710144934,30.456086956521744,15,27.806875000000005,28.698579710144934,30.456086956521744,15,,,,,,,,,,
MD,32869,I66_EB,110N04181,5,6.0,28102.7302,0.0,57000.0,True,False,False,,0.4930303543859649,0,0.0,28102.7302,0.0,9500.0,0,0.0,0.0,936.7576733333334,0.0,0.0,,0.0,0.0,0.0,390.0,0.0,0,0,0.0,0.0,,False,0.39,67.0865,46.96055,4.967260869565216,,,0,4.967260869565216,,,0,4.967260869565216,,,0,,,,,,,,,,
MD,35757,I66_WB,110-58629,4,6.0,13281.5927,0.0,45600.0,True,False,False,,0.2912629978070175,0,0.0,13281.5927,0.0,7600.0,0,0.0,0.0,553.3996958333333,0.0,0.0,,0.0,0.0,0.0,368.0,0.0,0,0,0.0,0.0,,False,0.46,71.46,50.02199999999999,6.697146739130428,,,0,6.697146739130428,,,0,6.697146739130428,,,0,,,,,,,,,,
MD,35760,I66_EB,110-04181,1,6.0,6846.9556,0.0,11400.0,True,False,False,,0.6006101403508772,0,0.0,6846.9556,0.0,1900.0,0,0.0,0.0,1141.1592666666668,0.0,0.0,,0.0,0.0,0.0,56.00000000000001,0.0,0,0,0.0,0.0,,False,0.28,65.59649999999999,45.91754999999999,6.398728260869557,,,0,6.398728260869557,,,0,6.398728260869557,,,0,,,,,,,,,,
MD,35765,I66_WB,110N58631,2,6.0,7118.7067,0.0,24000.0,True,False,False,,0.2966127791666667,0,0.0,7118.7067,0.0,4000.0,0,0.0,0.0,593.2255583333333,0.0,0.0,,0.0,0.0,0.0,40.0,0.0,0,0,0.0,0.0,,False,0.1,71.59,50.113,4.585027173913047,,,0,4.585027173913047,,,0,4.585027173913047,,,0,,,,,,,,,,
MD,35779,I66_EB,110N04176,2,6.0,11752.8597,0.0,24000.0,True,False,False,,0.4897024875,0,0.0,11752.8597,0.0,4000.0,0,0.0,0.0,979.404975,0.0,0.0,,0.0,0.0,0.0,476.0,0.0,0,0,0.0,0.0,,False,1.19,67.19,47.033,10.657445652173909,,,0,10.657445652173909,,,0,10.657445652173909,,,0,,,,,,,,,,
MD,35786,I66_WB,110+04181,4,6.0,19403.1607,0.0,45600.0,True,False,False,,0.4255079100877193,0,0.0,19403.1607,0.0,7600.0,0,0.0,0.0,808.4650291666667,0.0,0.0,,0.0,0.0,0.0,256.0,0.0,0,0,0.0,0.0,,False,0.32,68.8665,48.20655,11.597559782608696,,,0,11.597559782608696,,,0,11.597559782608696,,,0,,,,,,,,,,
MD,35787,I66_EB,110N04180,4,6.0,23317.1972,11034.401609347366,45234.40160934736,True,False,False,2.113136536579178,0.5154748680301249,6,10572.159685427872,12745.037514572126,0.4534061102947602,7600.0,0,0.0,0.0,971.5498833333332,60.19095096941624,58.538160750359005,1.0282344063747697,42.87142677991824,0.0,0.0,280.0,0.2149676820336294,0,13,60.19095096941624,2.73361507847251,5.2683548032238,True,0.35,68.533,47.9731,14.58446739130435,,,0,14.58446739130435,,,0,14.58446739130435,,,0,,,,,,,,,,
MD,38163,I66_EB,110+58628,3,6.0,20410.7732,0.0,36000.0,True,False,False,,0.5669659222222222,0,0.0,20410.7732,0.0,6000.0,0,0.0,0.0,1133.9318444444446,0.0,0.0,,0.0,0.0,0.0,270.0,0.0,0,0,0.0,0.0,,False,0.45,72.3065,50.61455,4.362505434782609,,,0,4.362505434782609,,,0,4.362505434782609,,,0,,,,,,,,,,
MD,38167,I66_EB,110+58628,3,6.0,12028.9516,0.0,36000.0,True,False,False,,0.3341375444444444,0,0.0,12028.9516,0.0,6000.0,0,0.0,0.0,668.275088888889,0.0,0.0,,0.0,0.0,0.0,210.0,0.0,0,0,0.0,0.0,,False,0.35,72.3065,50.61455,4.362505434782609,,,0,4.362505434782609,,,0,4.362505434782609,,,0,,,,,,,,,,
MD,38189,I66_EB,110P58625,3,6.0,14603.0415,0.0,36000.0,True,False,False,,0.4056400416666667,0,0.0,14603.0415,0.0,6000.0,0,0.0,0.0,811.2800833333332,0.0,0.0,,0.0,0.0,0.0,72.0,0.0,0,0,0.0,0.0,,False,0.12,72.32,50.624,3.051657608695645,,,0,3.051657608695645,,,0,3.051657608695645,,,0,,,,,,,,,,
MD,38500,I66_EB,110+58626,4,6.0,15143.4253,0.0,48000.0,True,False,False,,0.3154880270833333,0,0.0,15143.4253,0.0,8000.0,0,0.0,0.0,630.9760541666667,0.0,0.0,,0.0,0.0,0.0,200.0,0.0,0,0,0.0,0.0,,False,0.25,72.79,50.953,3.786005434782616,,,0,3.786005434782616,,,0,3.786005434782616,,,0,,,,,,,,,,
MD,38749,I66_WB,110-58627,3,6.0,12011.2803,0.0,36000.0,True,False,False,,0.333646675,0,0.0,12011.2803,0.0,6000.0,0,0.0,0.0,667.29335,0.0,0.0,,0.0,0.0,0.0,282.0,0.0,0,0,0.0,0.0,,False,0.47,72.26,50.582,3.4213315217391367,,,0,3.4213315217391367,,,0,3.4213315217391367,,,0,,,,,,,,,,
MD,38801,I66_WB,110-58627,3,6.0,15083.785,0.0,36000.0,True,False,False,,0.4189940277777778,0,0.0,15083.785,0.0,6000.0,0,0.0,0.0,837.9880555555555,0.0,0.0,,0.0,0.0,0.0,234.0,0.0,0,0,0.0,0.0,,False,0.39,72.26,50.582,3.4213315217391367,,,0,3.4213315217391367,,,0,3.4213315217391367,,,0,,,,,,,,,,
MD,38954,I66_WB,110+04184,2,6.0,8373.7351,0.0,24000.0,True,False,False,,0.3489056291666667,0,0.0,8373.7351,0.0,4000.0,0,0.0,0.0,697.8112583333333,76.07778370787685,88.5217219025232,0.8594250323287979,0.0,0.0,50.15739296078175,452.0,0.168313680769639,0,15,80.91725505094735,7.113105500935237,13.24388168956173,True,1.13,68.98,48.286,5.845232866668905,4.903030999809149,3.087288766464301,15,30.988125000000007,31.72211594202899,31.116956521739134,15,30.988125000000007,31.72211594202899,31.116956521739134,15,,,,,,,,,,
MD,38959,I66_WB,110N58625,3,6.0,8847.8761,0.0,36000.0,True,False,False,,0.2457743361111111,0,0.0,8847.8761,0.0,6000.0,0,0.0,0.0,491.5486722222222,0.0,0.0,,0.0,0.0,0.0,528.0,0.0,0,0,0.0,0.0,,False,0.88,71.79,50.253,2.545788043478267,,,0,2.545788043478267,,,0,2.545788043478267,,,0,,,,,,,,,,
MD,39007,I66_WB,110-58625,4,6.0,16107.5018,0.0,48000.0,True,False,False,,0.3355729541666666,0,0.0,16107.5018,0.0,8000.0,0,0.0,0.0,671.1459083333333,0.0,0.0,,0.0,0.0,0.0,120.0,0.0,0,0,0.0,0.0,,False,0.15,71.6795,50.17565,3.061211956521744,,,0,3.061211956521744,,,0,3.061211956521744,,,0,,,,,,,,,,
MD,39080,I66_WB,110-58628,3,6.0,16040.7939,0.0,36000.0,True,False,False,,0.4455776083333334,0,0.0,16040.7939,0.0,6000.0,0,0.0,0.0,891.1552166666667,0.0,0.0,,0.0,0.0,0.0,677.9999999999999,0.0,0,0,0.0,0.0,,False,1.13,72.5265,50.76855,9.413891304347825,,,0,9.413891304347825,,,0,9.413891304347825,,,0,,,,,,,,,,
MD,39139,I66_WB,110-58627,3,6.0,18605.6413,0.0,36000.0,True,False,False,,0.5168233694444444,0,0.0,18605.6413,0.0,6000.0,0,0.0,0.0,1033.6467388888889,0.0,0.0,,0.0,0.0,0.0,246.0,0.0,0,0,0.0,0.0,,False,0.41,72.26,50.582,3.4213315217391367,,,0,3.4213315217391367,,,0,3.4213315217391367,,,0,,,,,,,,,,
MD,39141,I66_WB,110+04184,2,6.0,5808.8876,0.0,24000.0,True,False,False,,0.2420369833333333,0,0.0,5808.8876,0.0,4000.0,0,0.0,0.0,484.07396666666665,31.60302665795632,32.118500867287175,0.9839508633525338,0.0,0.0,22.326710204149435,164.0,0.1927013820607092,0,15,32.13184542800366,1.5385178657102987,2.864564371787424,True,0.41,68.98,48.286,3.3599025905309965,2.252012038595381,-0.2122853647515299,15,30.988125000000007,31.72211594202899,31.116956521739134,15,30.988125000000007,31.72211594202899,31.116956521739134,15,,,,,,,,,,
MD,39142,I66_EB,110-04183,2,6.0,10995.7105,1984.9424419785328,23984.94244197853,True,False,False,5.539561383472559,0.4584422300199173,2,1885.950481760652,9109.760018239347,0.1715169276019637,4000.0,0,0.0,0.0,916.3092083333332,52.93001343324556,75.40760418463958,0.7019187786903238,23.2054485074998,0.0,0.0,440.00000000000006,0.120295485075558,0,11,52.93001343324556,8.561549109791837,17.822285684613206,True,1.1,69.369,48.5583,5.68329347826087,,,0,5.68329347826087,,,0,5.68329347826087,,,0,,,,,,,,,,
MD,39143,I66_EB,110+58629,3,6.0,15397.8275,0.0,36000.0,True,False,False,,0.4277174305555555,0,0.0,15397.8275,0.0,6000.0,0,0.0,0.0,855.434861111111,0.0,0.0,,0.0,0.0,0.0,660.0000000000001,0.0,0,0,0.0,0.0,,False,1.1,72.0,50.4,2.5581249999999995,,,0,2.5581249999999995,,,0,2.5581249999999995,,,0,,,,,,,,,,
MD,39145,I66_WB,110P04184,2,6.0,5808.8876,0.0,24000.0,True,False,False,,0.2420369833333333,0,0.0,5808.8876,0.0,4000.0,0,0.0,0.0,484.07396666666665,0.0,0.0,,0.0,0.0,0.0,188.0,0.0,0,0,0.0,0.0,,False,0.47,69.52,48.664,7.808940217391302,,,0,7.808940217391302,,,0,7.808940217391302,,,0,,,,,,,,,,
MD,39146,I66_EB,110-04183,2,6.0,5982.7648,1984.9424419785328,23984.94244197853,True,False,False,3.01407470235588,0.2494383638598583,2,1905.8737500612888,4076.891049938711,0.3185607012432261,4000.0,0,0.0,0.0,498.56373333333335,27.334436682771862,30.848565348261648,0.8860845350239989,15.234593570163042,0.0,0.0,180.0,0.1518579815709548,0,12,27.334436682771862,2.446729248877448,5.087557293379606,True,0.45,69.369,48.5583,5.68329347826087,,,0,5.68329347826087,,,0,5.68329347826087,,,0,,,,,,,,,,
MD,39147,I66_EB,110N04184,2,6.0,5982.7648,1992.6828184134847,23992.682818413487,True,False,False,3.0023668316482497,0.249357891540518,2,1719.4902564881309,4263.274543511869,0.2874072964539958,4000.0,0,0.0,0.0,498.56373333333335,43.06385633610751,44.67706986243635,0.963891689152936,10.10401068437011,0.0,0.0,140.0,0.3075989738293393,0,13,43.06385633610751,1.4376566289876838,2.873797091247949,True,0.35,70.1795,49.12565,6.107516304347828,,,0,6.107516304347828,,,0,6.107516304347828,,,0,,,,,,,,,,
MD,39148,I66_WB,110+04185,2,6.0,5808.8876,0.0,24000.0,True,False,False,,0.2420369833333333,0,0.0,5808.8876,0.0,4000.0,0,0.0,0.0,484.07396666666665,0.0,0.0,,0.0,0.0,0.0,156.0,0.0,0,0,0.0,0.0,,False,0.39,69.4265,48.59855,7.937451086956525,,,0,7.937451086956525,,,0,7.937451086956525,,,0,,,,,,,,,,
MD,39149,I66_WB,110-58626,3,6.0,15083.785,0.0,36000.0,True,False,False,,0.4189940277777778,0,0.0,15083.785,0.0,6000.0,0,0.0,0.0,837.9880555555555,0.0,0.0,,0.0,0.0,0.0,1014.0,0.0,0,0,0.0,0.0,,False,1.69,73.0,51.1,2.571793478260867,,,0,2.571793478260867,,,0,2.571793478260867,,,0,,,,,,,,,,
MD,39150,I66_WB,110+04185,2,6.0,5808.8876,0.0,24000.0,True,False,False,,0.2420369833333333,0,0.0,5808.8876,0.0,4000.0,0,0.0,0.0,484.07396666666665,0.0,0.0,,0.0,0.0,0.0,240.0,0.0,0,0,0.0,0.0,,False,0.6,69.4265,48.59855,7.937451086956525,,,0,7.937451086956525,,,0,7.937451086956525,,,0,,,,,,,,,,
MD,39151,I66_EB,110-04184,2,6.0,5982.7648,0.0,24000.0,True,False,False,,0.2492818666666666,0,0.0,5982.7648,0.0,4000.0,0,0.0,0.0,498.56373333333335,35.81441353567516,39.987177639089424,0.8956474462619941,1.5118359199627776,0.0,0.0,208.0,0.1721846804599767,0,9,35.81441353567516,2.402680571023318,5.753296604001174,True,0.52,69.71,48.79699999999999,6.770570652173906,,,0,6.770570652173906,,,0,6.770570652173906,,,0,,,,,,,,,,
MD,39152,I66_EB,110+58628,3,6.0,15747.2277,0.0,36000.0,True,False,False,,0.4374229916666666,0,0.0,15747.2277,0.0,6000.0,0,0.0,0.0,874.8459833333333,0.0,0.0,,0.0,0.0,0.0,312.0,0.0,0,0,0.0,0.0,,False,0.52,72.3065,50.61455,4.362505434782609,,,0,4.362505434782609,,,0,4.362505434782609,,,0,,,,,,,,,,
MD,39153,I66_WB,110-58626,3,6.0,15083.785,0.0,36000.0,True,False,False,,0.4189940277777778,0,0.0,15083.785,0.0,6000.0,0,0.0,0.0,837.9880555555555,0.0,0.0,,0.0,0.0,0.0,336.00000000000006,0.0,0,0,0.0,0.0,,False,0.56,73.0,51.1,2.571793478260867,,,0,2.571793478260867,,,0,2.571793478260867,,,0,,,,,,,,,,
MD,39154,I66_WB,110+04185,2,6.0,2915.8977,0.0,24000.0,True,False,False,,0.1214957375,0,0.0,2915.8977,0.0,4000.0,0,0.0,0.0,242.991475,0.0,0.0,,0.0,0.0,0.0,224.00000000000003,0.0,0,0,0.0,0.0,,False,0.56,69.4265,48.59855,7.937451086956525,,,0,7.937451086956525,,,0,7.937451086956525,,,0,,,,,,,,,,
MD,39156,I66_EB,110-04184,2,6.0,3798.562,0.0,24000.0,True,False,False,,0.1582734166666666,0,0.0,3798.562,0.0,4000.0,0,0.0,0.0,316.5468333333333,61.324285470744144,85.35724457574858,0.7184426556356693,0.0,0.0,0.0,444.00000000000006,0.1381177600692435,0,8,61.324285470744144,8.099236775568642,19.468142324290916,True,1.11,69.71,48.79699999999999,6.770570652173906,,,0,6.770570652173906,,,0,6.770570652173906,,,0,,,,,,,,,,
MD,39157,I66_EB,110+58627,3,6.0,15747.2277,0.0,36000.0,True,False,False,,0.4374229916666666,0,0.0,15747.2277,0.0,6000.0,0,0.0,0.0,874.8459833333333,0.0,0.0,,0.0,0.0,0.0,1026.0,0.0,0,0,0.0,0.0,,False,1.71,73.0,51.1,4.349809782608695,,,0,4.349809782608695,,,0,4.349809782608695,,,0,,,,,,,,,,
MD,39158,I66_WB,110P04185,2,6.0,7679.3538,0.0,24000.0,True,False,False,,0.319973075,0,0.0,7679.3538,0.0,4000.0,0,0.0,0.0,639.94615,0.0,0.0,,0.0,0.0,0.0,116.0,0.0,0,0,0.0,0.0,,False,0.29,67.99,47.593,6.115951086956518,,,0,6.115951086956518,,,0,6.115951086956518,,,0,,,,,,,,,,
MD,39159,I66_EB,110N04185,2,6.0,3789.3265,0.0,24000.0,True,False,False,,0.1578886041666666,0,0.0,3789.3265,0.0,4000.0,0,0.0,0.0,315.77720833333336,0.0,0.0,,0.0,0.0,0.0,204.0,0.0,0,0,0.0,0.0,,False,0.51,70.38,49.26599999999999,3.9566032608695614,,,0,3.9566032608695614,,,0,3.9566032608695614,,,0,,,,,,,,,,
MD,39161,I66_WB,110P04185,2,6.0,7679.3538,0.0,24000.0,True,False,False,,0.319973075,0,0.0,7679.3538,0.0,4000.0,0,0.0,0.0,639.94615,0.0,0.0,,0.0,0.0,0.0,48.0,0.0,0,0,0.0,0.0,,False,0.12,67.99,47.593,6.115951086956518,,,0,6.115951086956518,,,0,6.115951086956518,,,0,,,,,,,,,,
MD,39162,I66_EB,110N04185,2,6.0,10508.3666,0.0,24000.0,True,False,False,,0.4378486083333333,0,0.0,10508.3666,0.0,4000.0,0,0.0,0.0,875.6972166666666,0.0,0.0,,0.0,0.0,0.0,92.0,0.0,0,0,0.0,0.0,,False,0.23,70.38,49.26599999999999,3.9566032608695614,,,0,3.9566032608695614,,,0,3.9566032608695614,,,0,,,,,,,,,,
MD,39163,I66_WB,110-58625,4,6.0,16107.5018,0.0,48000.0,True,False,False,,0.3355729541666666,0,0.0,16107.5018,0.0,8000.0,0,0.0,0.0,671.1459083333333,0.0,0.0,,0.0,0.0,0.0,56.00000000000001,0.0,0,0,0.0,0.0,,False,0.07,71.6795,50.17565,3.061211956521744,,,0,3.061211956521744,,,0,3.061211956521744,,,0,,,,,,,,,,
MD,39164,I66_WB,110+04186,2,6.0,7679.3538,0.0,24000.0,True,False,False,,0.319973075,0,0.0,7679.3538,0.0,4000.0,0,0.0,0.0,639.94615,0.0,0.0,,0.0,0.0,0.0,84.0,0.0,0,0,0.0,0.0,,False,0.21,67.5165,47.26154999999999,5.59054891304347,,,0,5.59054891304347,,,0,5.59054891304347,,,0,,,,,,,,,,
MD,39165,I66_EB,110-04185,2,6.0,10508.3666,0.0,24000.0,True,False,False,,0.4378486083333333,0,0.0,10508.3666,0.0,4000.0,0,0.0,0.0,875.6972166666666,0.0,0.0,,0.0,0.0,0.0,68.0,0.0,0,0,0.0,0.0,,False,0.17,68.59,48.013,4.802445652173917,,,0,4.802445652173917,,,0,4.802445652173917,,,0,,,,,,,,,,
MD,39166,I66_EB,110+58626,4,6.0,15143.4253,0.0,48000.0,True,False,False,,0.3154880270833333,0,0.0,15143.4253,0.0,8000.0,0,0.0,0.0,630.9760541666667,0.0,0.0,,0.0,0.0,0.0,136.0,0.0,0,0,0.0,0.0,,False,0.17,72.79,50.953,3.786005434782616,,,0,3.786005434782616,,,0,3.786005434782616,,,0,,,,,,,,,,
MD,39167,I66_EB,110P58625,3,6.0,14603.0415,0.0,36000.0,True,False,False,,0.4056400416666667,0,0.0,14603.0415,0.0,6000.0,0,0.0,0.0,811.2800833333332,0.0,0.0,,0.0,0.0,0.0,126.0,0.0,0,0,0.0,0.0,,False,0.21,72.32,50.624,3.051657608695645,,,0,3.051657608695645,,,0,3.051657608695645,,,0,,,,,,,,,,
MD,39168,I66_EB,110N04186,2,6.0,3981.2154,0.0,24000.0,True,False,False,,0.165883975,0,0.0,3981.2154,0.0,4000.0,0,0.0,0.0,331.76795,0.0,0.0,,0.0,0.0,0.0,84.0,0.0,0,0,0.0,0.0,,False,0.21,69.86,48.902,2.761766304347825,,,0,2.761766304347825,,,0,2.761766304347825,,,0,,,,,,,,,,
MD,39170,I66_WB,110+04186,2,6.0,1733.1712,0.0,24000.0,True,False,False,,0.0722154666666666,0,0.0,1733.1712,0.0,4000.0,0,0.0,0.0,144.43093333333334,0.0,0.0,,0.0,0.0,0.0,84.0,0.0,0,0,0.0,0.0,,False,0.21,67.5165,47.26154999999999,5.59054891304347,,,0,5.59054891304347,,,0,5.59054891304347,,,0,,,,,,,,,,
MD,39171,I66_WB,110N58625,3,6.0,15756.6101,0.0,36000.0,True,False,False,,0.4376836138888889,0,0.0,15756.6101,0.0,6000.0,0,0.0,0.0,875.3672277777778,0.0,0.0,,0.0,0.0,0.0,126.0,0.0,0,0,0.0,0.0,,False,0.21,71.79,50.253,2.545788043478267,,,0,2.545788043478267,,,0,2.545788043478267,,,0,,,,,,,,,,
MD,39173,I66_WB,110P04186,2,6.0,1733.1712,0.0,24000.0,True,False,False,,0.0722154666666666,0,0.0,1733.1712,0.0,4000.0,0,0.0,0.0,144.43093333333334,0.0,0.0,,0.0,0.0,0.0,352.0,0.0,0,0,0.0,0.0,,False,0.88,69.013,48.3091,1.6607173913043516,,,0,1.6607173913043516,,,0,1.6607173913043516,,,0,,,,,,,,,,
MD,39174,I66_EB,110N04186,2,6.0,3981.2154,0.0,24000.0,True,False,False,,0.165883975,0,0.0,3981.2154,0.0,4000.0,0,0.0,0.0,331.76795,0.0,0.0,,0.0,0.0,0.0,48.0,0.0,0,0,0.0,0.0,,False,0.12,69.86,48.902,2.761766304347825,,,0,2.761766304347825,,,0,2.761766304347825,,,0,,,,,,,,,,
MD,39175,I66_EB,110N04186,2,6.0,3981.2154,0.0,24000.0,True,False,False,,0.165883975,0,0.0,3981.2154,0.0,4000.0,0,0.0,0.0,331.76795,0.0,0.0,,0.0,0.0,0.0,308.0,0.0,0,0,0.0,0.0,,False,0.77,69.86,48.902,2.761766304347825,,,0,2.761766304347825,,,0,2.761766304347825,,,0,,,,,,,,,,
MD,39177,I66_WB,110+04187,2,6.0,1419.1549,0.0,24000.0,True,False,False,,0.0591314541666666,0,0.0,1419.1549,0.0,4000.0,0,0.0,0.0,118.26290833333331,0.0,0.0,,0.0,0.0,0.0,108.0,0.0,0,0,0.0,0.0,,False,0.27,69.42,48.594,2.02826086956522,,,0,2.02826086956522,,,0,2.02826086956522,,,0,,,,,,,,,,
MD,39179,I66_WB,110+04187,2,6.0,1419.1549,0.0,24000.0,True,False,False,,0.0591314541666666,0,0.0,1419.1549,0.0,4000.0,0,0.0,0.0,118.26290833333331,0.0,0.0,,0.0,0.0,0.0,452.0,0.0,0,0,0.0,0.0,,False,1.13,69.42,48.594,2.02826086956522,,,0,2.02826086956522,,,0,2.02826086956522,,,0,,,,,,,,,,
MD,39180,I66_EB,110N04186,2,6.0,3179.0544,0.0,24000.0,True,False,False,,0.1324606,0,0.0,3179.0544,0.0,4000.0,0,0.0,0.0,264.9212,0.0,0.0,,0.0,0.0,0.0,108.0,0.0,0,0,0.0,0.0,,False,0.27,69.86,48.902,2.761766304347825,,,0,2.761766304347825,,,0,2.761766304347825,,,0,,,,,,,,,,
MD,39183,I66_EB,110-04186,2,6.0,3179.0544,0.0,24000.0,True,False,False,,0.1324606,0,0.0,3179.0544,0.0,4000.0,0,0.0,0.0,264.9212,0.0,0.0,,0.0,0.0,0.0,452.0,0.0,0,0,0.0,0.0,,False,1.13,70.46,49.322,2.7888043478260824,,,0,2.7888043478260824,,,0,2.7888043478260824,,,0,,,,,,,,,,
MD,39184,I66_WB,110+04187,2,6.0,1419.1549,0.0,24000.0,True,False,False,,0.0591314541666666,0,0.0,1419.1549,0.0,4000.0,0,0.0,0.0,118.26290833333331,0.0,0.0,,0.0,0.0,0.0,212.0,0.0,0,0,0.0,0.0,,False,0.53,69.42,48.594,2.02826086956522,,,0,2.02826086956522,,,0,2.02826086956522,,,0,,,,,,,,,,
MD,39208,I66_EB,110+58627,3,6.0,14026.6892,0.0,36000.0,True,False,False,,0.3896302555555556,0,0.0,14026.6892,0.0,6000.0,0,0.0,0.0,779.2605111111111,0.0,0.0,,0.0,0.0,0.0,306.0,0.0,0,0,0.0,0.0,,False,0.51,73.0,51.1,4.349809782608695,,,0,4.349809782608695,,,0,4.349809782608695,,,0,,,,,,,,,,
MD,39209,I66_EB,110P58626,4,6.0,14026.6892,0.0,48000.0,True,False,False,,0.2922226916666667,0,0.0,14026.6892,0.0,8000.0,0,0.0,0.0,584.4453833333333,0.0,0.0,,0.0,0.0,0.0,184.0,0.0,0,0,0.0,0.0,,False,0.23,74.0,51.8,4.476657608695653,,,0,4.476657608695653,,,0,4.476657608695653,,,0,,,,,,,,,,
MD,39211,I66_WB,110N58626,3,6.0,13479.3618,0.0,36000.0,True,False,False,,0.3744267166666666,0,0.0,13479.3618,0.0,6000.0,0,0.0,0.0,748.8534333333333,0.0,0.0,,0.0,0.0,0.0,173.99999999999997,0.0,0,0,0.0,0.0,,False,0.29,72.0,50.4,2.733749999999999,,,0,2.733749999999999,,,0,2.733749999999999,,,0,,,,,,,,,,
MD,39213,I66_WB,110-58625,4,6.0,16107.5018,0.0,48000.0,True,False,False,,0.3355729541666666,0,0.0,16107.5018,0.0,8000.0,0,0.0,0.0,671.1459083333333,0.0,0.0,,0.0,0.0,0.0,96.0,0.0,0,0,0.0,0.0,,False,0.12,71.6795,50.17565,3.061211956521744,,,0,3.061211956521744,,,0,3.061211956521744,,,0,,,,,,,,,,
MD,40894,I66_WB,110P04187,2,6.0,1419.1549,0.0,24000.0,True,False,False,,0.0591314541666666,0,0.0,1419.1549,0.0,4000.0,0,0.0,0.0,118.26290833333331,0.0,0.0,,0.0,0.0,0.0,248.0,0.0,0,0,0.0,0.0,,False,0.62,70.77,49.539,2.0842119565217354,,,0,2.0842119565217354,,,0,2.0842119565217354,,,0,,,,,,,,,,
MD,40899,I66_EB,110N04187,2,6.0,3179.0544,0.0,24000.0,True,False,False,,0.1324606,0,0.0,3179.0544,0.0,4000.0,0,0.0,0.0,264.9212,0.0,0.0,,0.0,0.0,0.0,248.0,0.0,0,0,0.0,0.0,,False,0.62,72.2465,50.57254999999999,2.4346793478260835,,,0,2.4346793478260835,,,0,2.4346793478260835,,,0,,,,,,,,,,
MD,40900,I66_EB,110-04186,2,6.0,3179.0544,0.0,24000.0,True,False,False,,0.1324606,0,0.0,3179.0544,0.0,4000.0,0,0.0,0.0,264.9212,0.0,0.0,,0.0,0.0,0.0,212.0,0.0,0,0,0.0,0.0,,False,0.53,70.46,49.322,2.7888043478260824,,,0,2.7888043478260824,,,0,2.7888043478260824,,,0,,,,,,,,,,
MD,40944,I66_EB,110-04185,2,6.0,3440.8315,0.0,24000.0,True,False,False,,0.1433679791666666,0,0.0,3440.8315,0.0,4000.0,0,0.0,0.0,286.7359583333333,0.0,0.0,,0.0,0.0,0.0,4.0,0.0,0,0,0.0,0.0,,False,0.01,68.59,48.013,4.802445652173917,,,0,4.802445652173917,,,0,4.802445652173917,,,0,,,,,,,,,,
MD,40960,I66_WB,110+04186,2,6.0,1382.2796,0.0,24000.0,True,False,False,,0.0575949833333333,0,0.0,1382.2796,0.0,4000.0,0,0.0,0.0,115.18996666666668,0.0,0.0,,0.0,0.0,0.0,4.0,0.0,0,0,0.0,0.0,,False,0.01,67.5165,47.26154999999999,5.59054891304347,,,0,5.59054891304347,,,0,5.59054891304347,,,0,,,,,,,,,,
MD,40962,I66_EB,110-04185,2,6.0,10508.3666,0.0,24000.0,True,False,False,,0.4378486083333333,0,0.0,10508.3666,0.0,4000.0,0,0.0,0.0,875.6972166666666,0.0,0.0,,0.0,0.0,0.0,96.0,0.0,0,0,0.0,0.0,,False,0.24,68.59,48.013,4.802445652173917,,,0,4.802445652173917,,,0,4.802445652173917,,,0,,,,,,,,,,
MD,40966,I66_EB,110-04184,2,6.0,5982.7648,0.0,24000.0,True,False,False,,0.2492818666666666,0,0.0,5982.7648,0.0,4000.0,0,0.0,0.0,498.56373333333335,43.369432666442094,46.13905112202625,0.939972357726664,0.0,0.0,0.0,240.0,0.1807059694435087,0,8,43.369432666442094,2.6226423770199525,6.304047711700132,True,0.6,69.71,48.79699999999999,6.770570652173906,,,0,6.770570652173906,,,0,6.770570652173906,,,0,,,,,,,,,,
MD,40967,I66_WB,110+04185,2,6.0,2931.3222,0.0,24000.0,True,False,False,,0.122138425,0,0.0,2931.3222,0.0,4000.0,0,0.0,0.0,244.27685,0.0,0.0,,0.0,0.0,0.0,432.0,0.0,0,0,0.0,0.0,,False,1.08,69.4265,48.59855,7.937451086956525,,,0,7.937451086956525,,,0,7.937451086956525,,,0,,,,,,,,,,
PM,25785,I66_WB,110P04171,4,4.0,13422.6055,0.0,32000.0,True,False,False,,0.419456421875,0,0.0,13422.6055,0.0,8000.0,0,0.0,0.0,838.91284375,0.0,0.0,,0.0,0.0,0.0,392.0,0.0,0,0,0.0,0.0,,False,0.49,65.0,45.5,4.267201086956523,,,0,4.267201086956523,,,0,4.267201086956523,,,0,,,,,,,,,,
PM,25946,I66_WB,110+04164,3,4.0,6005.0065,0.0,22800.0,True,False,False,,0.2633774780701755,0,0.0,6005.0065,0.0,5700.0,0,0.0,0.0,500.41720833333335,0.0,0.0,,0.0,0.0,0.0,173.99999999999997,0.0,0,0,0.0,0.0,,False,0.29,53.4065,37.38455,3.160956521739131,,,0,3.160956521739131,,,0,3.160956521739131,,,0,,,,,,,,,,
PM,25947,I66_EB,110N04162,2,4.0,7592.0683,0.0,15200.0,True,False,False,,0.4994781776315789,0,0.0,7592.0683,0.0,3800.0,0,0.0,0.0,949.0085375,0.0,0.0,,0.0,0.0,0.0,72.0,0.0,0,0,0.0,0.0,,False,0.18,54.3095,38.01665,10.703141304347824,,,0,10.703141304347824,,,0,10.703141304347824,,,0,,,,,,,,,,
PM,25966,I66_WB,110+04166,2,4.0,4375.8469,954.689419288613,15954.689419288614,True,False,False,4.583529273070464,0.2742671314372166,1,907.1113725266256,3468.735527473374,0.2072996138248405,4000.0,0,0.0,0.0,546.9808625,11.832209944230044,11.320885524107307,1.045166468562366,0.0,1.8439786498066724,0.0,52.0,0.2275424989275008,0,3,11.832209944230044,0.5529625282800714,1.993734749124004,True,0.13,61.7,43.19,2.0736943093878777,2.05997851542341,-2.05997851542341,1,2.561657608695646,9.86739130434782,9.86739130434782,1,2.5616576086956537,9.867391304347828,9.867391304347828,1,,,,,,,,,,
PM,25972,I66_WB,110+04165,2,4.0,3916.9394,0.0,16000.0,True,False,False,,0.2448087125,0,0.0,3916.9394,0.0,4000.0,0,0.0,0.0,489.617425,0.0,0.0,,0.0,0.0,0.0,104.0,0.0,0,0,0.0,0.0,,False,0.26,58.0865,40.66055,2.613266304347835,,,0,2.613266304347835,,,0,2.613266304347828,,,0,,,,,,,,,,
PM,26055,I66_WB,110P04167,2,4.0,4509.6121,0.0,16000.0,True,False,False,,0.28185075625,0,0.0,4509.6121,0.0,4000.0,0,0.0,0.0,563.7015125,63.339694914682696,60.9481113955299,1.0392396657483336,19.636137630552867,0.0,0.0,316.0,0.2004420725148186,0,5,63.339694914682696,5.042142492166912,14.843665581589498,True,0.79,65.4465,45.81255,3.2936195652173907,,,0,3.2936195652173907,,,0,3.2936195652173907,,,0,,,,,,,,,,
PM,26101,I66_WB,110P04168,3,4.0,8059.6433,0.0,24000.0,True,False,False,,0.3358184708333333,0,0.0,8059.6433,0.0,6000.0,0,0.0,0.0,671.6369416666666,27.64186517117128,27.05091465059928,1.0218458609701355,15.766265258591147,0.0,0.0,114.0,0.2424725015015024,0,7,27.64186517117128,1.412812946238822,3.6019803909641337,True,0.19,65.38,45.76599999999999,4.1776358695652105,,,0,4.1776358695652105,,,0,4.1776358695652105,,,0,,,,,,,,,,
PM,26177,I66_WB,110P04170,3,4.0,7443.6912,0.0,24000.0,True,False,False,,0.3101538,0,0.0,7443.6912,0.0,6000.0,0,0.0,0.0,620.3076,0.0,0.0,,0.0,0.0,0.0,294.0,0.0,0,0,0.0,0.0,,False,0.49,65.239,45.6673,4.002940217391309,,,0,4.002940217391309,,,0,4.002940217391309,,,0,,,,,,,,,,
PM,26269,I395_NB,110P04127,3,4.0,18451.2718,0.0,22800.0,True,False,False,,0.8092663070175438,0,0.0,18451.2718,0.0,5700.0,0,0.0,0.0,1537.6059833333331,0.0,0.0,,0.0,0.0,0.0,126.0,0.0,0,12,0.0,0.0,,False,0.21,62.1865,43.53055,5.717777173913046,,,0,5.717777173913046,,,0,5.717777173913046,,,0,,,,,,,,,,
PM,26271,I395_NB,110P04127,3,4.0,20700.1039,0.0,22800.0,True,False,False,,0.9078992938596492,0,0.0,20700.1039,0.0,5700.0,0,0.0,0.0,1725.0086583333332,0.0,0.0,,0.0,0.0,0.0,78.0,0.0,0,12,0.0,0.0,,False,0.13,62.1865,43.53055,5.717777173913046,,,0,5.717777173913039,,,0,5.717777173913046,,,0,,,,,,,,,,
PM,26274,I395_NB,110+04670,3,4.0,12993.4241,0.0,22800.0,True,False,False,,0.5698870219298245,0,0.0,12993.4241,0.0,5700.0,0,0.0,0.0,1082.785341666667,0.0,0.0,,0.0,0.0,0.0,180.0,0.0,0,0,0.0,0.0,,False,0.3,62.25,43.575,6.788342391304347,,,0,6.788342391304347,,,0,6.788342391304347,,,0,,,,,,,,,,
PM,26297,I395_NB,110P04128,3,4.0,3732.1287,19267.59903135978,19267.59903135978,False,True,False,0.1936997284366163,0.1936997284366163,16,20009.638853652275,-16277.510153652274,5.361454671606656,5700.0,0,0.0,0.0,311.01072500000004,31.100025371578116,36.45451211445384,0.8531186831944261,21.416280821551936,14.6799131285386,15.207313426727069,102.0,0.3049022095252756,0,30,61.97356173612775,2.471158064639498,3.253344982586444,True,0.17,58.1165,40.68155,1.6191211520018691,1.6191211520018691,0.3610391053058599,16,35.3198695652174,35.3198695652174,34.70954347826088,16,35.31986956521739,35.31986956521739,34.70954347826087,16,847.83802195,1050.0,1195.4699030999998,5.7938646858333325,17.9568115942029,865.4572849,1050.0,1440.0,9.575711918333331,18.595046055760765
PM,26299,I66_WB,110P04166,3,4.0,5287.4945,1499.5283422227892,23999.528342222788,True,False,False,3.5261050765884234,0.2203166005849214,1,1358.7707876546658,3928.723712345334,0.2569781940491221,6000.0,0,0.0,0.0,440.6245416666666,4.9723013072512,11.521737209631365,0.4315582986127044,0.0,0.0,0.0,30.0,0.1657433769083733,0,6,9.192992905905156,2.2511395076172067,5.133309947389166,True,0.05,63.43,44.401,3.035244565217392,17.79,17.79,1,3.035244565217392,17.79,17.79,1,3.035244565217392,17.79,17.79,1,,,,,,,,,,
PM,26304,I66_WB,110P04164,2,4.0,3916.9394,0.0,16000.0,True,False,False,,0.2448087125,0,0.0,3916.9394,0.0,4000.0,0,0.0,0.0,489.617425,0.0,0.0,,0.0,0.0,0.0,72.0,0.0,0,0,0.0,0.0,,False,0.18,55.89,39.123,2.611983695652175,,,0,2.611983695652175,,,0,2.611983695652175,,,0,,,,,,,,,,
PM,26313,I66_WB,110P04162,2,4.0,5997.6828,0.0,15200.0,True,False,False,,0.3945843947368421,0,0.0,5997.6828,0.0,3800.0,0,0.0,0.0,749.71035,0.0,0.0,,0.0,0.0,0.0,72.0,0.0,0,0,0.0,0.0,,False,0.18,51.45,36.015,4.165679347826089,,,0,4.165679347826089,,,0,4.165679347826089,,,0,,,,,,,,,,
PM,26354,I66_WB,110P04165,2,4.0,3916.9394,0.0,16000.0,True,False,False,,0.2448087125,0,0.0,3916.9394,0.0,4000.0,0,0.0,0.0,489.617425,0.0,0.0,,0.0,0.0,0.0,220.00000000000003,0.0,0,0,0.0,0.0,,False,0.55,58.4465,40.91255,2.7512282608695706,,,0,2.7512282608695706,,,0,2.7512282608695635,,,0,,,,,,,,,,
PM,26359,I66_WB,110+04167,3,4.0,5287.4945,1499.869386488496,23999.86938648849,True,False,False,3.52530330149555,0.2203134698298302,1,1245.296273861493,4042.1982261385065,0.2355172707719115,6000.0,0,0.0,0.0,440.6245416666666,112.50310736762732,112.10518032282442,1.0035495865905304,0.0,28.85373486154185,0.0,480.0,0.2343814736825568,0,10,170.82253290409062,10.9621320941804,22.81949766211181,True,0.8,63.6565,44.55955,3.7656113145672343,0.0170636417713936,-0.0170636417713936,1,4.903701086956515,18.226499999999987,18.226499999999987,1,4.903701086956522,18.226499999999994,18.226499999999994,1,,,,,,,,,,
PM,26370,I66_WB,110+04169,3,4.0,8059.6433,2782.8363321753177,23782.83633217532,True,False,False,2.8961973820788267,0.3388848658516087,2,2427.920425373256,5631.722874626744,0.3012441537422948,6000.0,0,0.0,0.0,671.6369416666666,272.01246563905534,253.89332386847684,1.071365176108233,191.54496067232407,150.7617654962205,0.0,972.0,0.2798482156780404,0,18,443.09527229425385,18.60901888361593,30.785651432667724,True,1.62,65.173,45.6211,3.399528066175354,3.960441920707176,3.960441920707176,2,5.937347826086958,24.263,24.263,2,5.937347826086958,24.263,24.263,2,,,,,,,,,,
PM,26380,I66_WB,110+04166,2,4.0,4375.8469,954.689419288613,15954.689419288614,True,False,False,4.583529273070464,0.2742671314372166,1,831.2107335888512,3544.636166411148,0.1899542540185424,4000.0,0,0.0,0.0,546.9808625,60.81260523608557,76.6336866247264,0.7935492590077737,0.0,0.0,0.0,352.0,0.1727630830570612,0,2,60.81260523608557,4.954543667061604,17.863861238115998,True,0.88,61.7,43.19,2.5616576086956537,9.867391304347828,9.867391304347828,1,2.5616576086956537,9.867391304347828,9.867391304347828,1,2.5616576086956537,9.867391304347828,9.867391304347828,1,,,,,,,,,,
PM,26423,I395_NB,110+04126,4,4.0,18403.7133,0.0,30400.0,True,False,False,,0.6053853059210527,0,0.0,18403.7133,0.0,7600.0,0,0.0,0.0,1150.23208125,0.0,0.0,,0.0,0.0,0.0,64.0,0.0,0,0,0.0,0.0,,False,0.08,65.51950000000001,45.86365,11.86319565217392,,,0,11.86319565217392,,,0,11.86319565217392,,,0,,,,,,,,,,
PM,26424,I395_NB,110+04127,4,4.0,15129.1396,0.0,30400.0,True,False,False,,0.4976690657894737,0,0.0,15129.1396,0.0,7600.0,0,0.0,0.0,945.571225,0.0,0.0,,0.0,0.0,0.0,656.0,0.0,0,0,0.0,0.0,,False,0.82,66.15,46.305,6.699782608695658,,,0,6.699782608695658,,,0,6.699782608695658,,,0,,,,,,,,,,
PM,26469,I395_NB,110P04130,6,4.0,18261.7982,29169.63847713759,29169.63847713759,False,True,False,0.626055006280353,0.626055006280353,16,39879.63374998124,-21617.835549981235,2.183773652146766,11400.0,0,0.0,0.0,760.9082583333334,170.05043523180893,178.020759091885,0.9552281211430954,82.33911737427479,145.4917150248716,86.11929584395739,240.0,0.7085434801325372,0,52,257.5806836054139,6.81835024690349,6.81835024690349,True,0.2,52.147,36.5029,0.460839500348999,0.460839500348999,0.1135704587249843,16,41.14901086956522,41.14901086956522,41.96482608695652,16,41.14901086956522,41.14901086956522,41.96482608695652,16,355.4539395833333,960.0,1306.4196003333334,15.849427679166666,9.665652173913044,370.73944846666666,945.0,1440.0,17.82100919222222,9.587140825871847
PM,26471,I395_SB,110N04129,3,4.0,16182.1656,0.0,22800.0,True,False,False,,0.7097441052631579,0,0.0,16182.1656,0.0,5700.0,0,0.0,0.0,1348.5138,0.0,0.0,,0.0,0.0,0.0,84.00000000000001,0.0,0,0,0.0,0.0,,False,0.14,53.6565,37.55955,10.468565217391305,,,0,10.468565217391305,,,0,10.468565217391305,,,0,,,,,,,,,,
PM,26501,I395_NB,110+04130,3,4.0,4694.0132,14386.042538901556,14386.042538901556,False,True,False,0.326289400806847,0.326289400806847,16,19709.23229116844,-15015.21909116844,4.198802059433587,5700.0,0,0.0,0.0,391.1677666666667,62.93762514530749,66.80635484539062,0.9420903938100426,30.572716305981203,51.051785462801945,33.98195686901977,90.0,0.6993069460589721,0,51,100.73152593971145,3.051884688001143,3.0816598778507283,True,0.15,52.70299999999998,36.89209999999999,0.6177860077701769,0.6177860077701769,0.106324608847852,16,41.907021739130414,41.907021739130414,42.3716956521739,16,41.907021739130414,41.907021739130414,42.3716956521739,16,371.1439082666666,1050.0,1235.1132815833334,14.399489555277777,9.428985507246376,387.4261511833334,1035.0,1440.0,17.542897480277777,9.612598425804478
PM,26684,I395_SB,110-04127,3,4.0,12394.635,0.0,22800.0,True,False,False,,0.5436243421052631,0,0.0,12394.635,0.0,5700.0,0,0.0,0.0,1032.88625,0.0,0.0,,0.0,0.0,0.0,42.00000000000001,0.0,0,0,0.0,0.0,,False,0.07,60.0465,42.03255,6.844190217391314,,,0,6.844190217391314,,,0,6.844190217391307,,,0,,,,,,,,,,
PM,26699,I395_SB,110N04127,3,4.0,19020.0665,19886.22869038215,19886.22869038215,False,True,False,0.9564441200054656,0.9564441200054656,16,19347.45789015659,-327.3913901565902,1.0172129466611797,5700.0,0,0.0,0.0,1585.0055416666669,14.405512237382707,15.051011881748082,0.9571125417057076,0.0,0.0,3.2746258833856245,60.0,0.2400918706230451,0,15,14.405512237382707,0.6148672238640835,1.1084676516220744,True,0.1,60.8665,42.60655,1.8356385379285984,1.8356385379285984,0.2671084658559621,16,33.98829347826087,33.98829347826087,37.04084782608696,16,33.98829347826087,33.98829347826087,37.04084782608696,16,897.1820547666666,1005.0,1132.2480757833332,3.917767016944445,21.192318840579706,908.4741732333332,1020.0,1440.0,8.858763779444445,21.64131205340081
PM,26708,I395_NB,110+04125,4,4.0,20202.1909,0.0,30400.0,True,False,False,,0.6645457532894737,0,0.0,20202.1909,0.0,7600.0,0,0.0,0.0,1262.63693125,0.0,0.0,,0.0,0.0,0.0,56.00000000000001,0.0,0,0,0.0,0.0,,False,0.07,68.08,47.656,9.857608695652171,,,0,9.857608695652171,,,0,9.857608695652171,,,0,,,,,,,,,,
PM,26712,I395_SB,110N04130,6,4.0,27677.1328,0.0,45600.0,True,False,False,,0.6069546666666666,0,0.0,27677.1328,0.0,11400.0,0,0.0,0.0,1153.2138666666667,0.0,0.0,,0.0,0.0,0.0,240.0,0.0,0,0,0.0,0.0,,False,0.2,53.67099999999999,37.56969999999999,13.103228260869557,,,0,13.103228260869557,,,0,13.103228260869557,,,0,,,,,,,,,,
PM,26756,I395_NB,110P04124,4,4.0,20202.1909,0.0,30400.0,True,False,False,,0.6645457532894737,0,0.0,20202.1909,0.0,7600.0,0,0.0,0.0,1262.63693125,34.118067044099234,34.08693663304662,1.000913265142824,22.622512561849817,0.0,0.0,280.0,0.1218502394432115,0,11,34.118067044099234,3.1337826106462643,6.812634290922232,True,0.35,67.23,47.061,17.35565217391305,,,0,17.35565217391305,,,0,17.35565217391305,,,0,,,,,,,,,,
PM,26759,I395_SB,110N04124,4,4.0,28125.6096,25395.74349945708,29195.74349945708,True,False,False,1.107493056881807,0.9633462357457354,14,25554.0100292057,2571.5995707943,0.9085673303666172,7600.0,0,0.0,0.0,1757.8506,40.13964005213347,41.92455785904589,0.9574254828658308,0.0,0.0,0.0606241019277149,224.00000000000003,0.1791948216613101,0,14,43.09146702331623,2.977319887579269,5.738011588103664,True,0.28,62.2265,43.55855,4.058159299594823,2.55219353490255,0.1970122739818478,14,25.87796739130435,27.481251552795037,27.7215,14,25.87796739130435,27.481251552795037,27.7215,14,901.2669475333332,945.0,1115.0727488666666,3.563430022222222,29.326666666666668,924.73543035,960.0,1110.1090336999998,3.089560055833333,28.00722121226385
PM,26761,I395_NB,110P04125,4,4.0,17077.2891,0.0,30400.0,True,False,False,,0.5617529309210527,0,0.0,17077.2891,0.0,7600.0,0,0.0,0.0,1067.33056875,0.0,0.0,,0.0,0.0,0.0,280.0,0.0,0,0,0.0,0.0,,False,0.35,67.81,47.467,8.790217391304349,,,0,8.790217391304349,,,0,8.790217391304349,,,0,,,,,,,,,,
PM,26764,I395_SB,110-04124,4,4.0,28125.6096,25129.41909319825,28929.41909319825,True,False,False,1.1192303926998746,0.972214806989082,14,24881.883860797003,3243.725739202997,0.8846700290114602,7600.0,0,0.0,0.0,1757.8506,37.28714662571792,38.82189623891092,0.9604669075475318,0.0,0.0,0.0,232.0,0.1607204595936117,0,13,41.951269728190255,2.644122330151631,5.095880063022462,True,0.29,61.763000000000005,43.2341,3.976001589055815,2.311616722896084,0.1721387772595584,14,26.93172282608697,28.546726708074544,30.394304347826097,14,26.93172282608696,28.54672670807454,30.39430434782609,14,903.4074311,1050.0,1121.8552302833334,3.6407966530555553,29.523623188405796,925.0913241,1050.0,1110.2462027833333,3.085914644722222,29.174047738883907
PM,26768,I395_NB,110P04125,4,4.0,18403.7133,0.0,30400.0,True,False,False,,0.6053853059210527,0,0.0,18403.7133,0.0,7600.0,0,0.0,0.0,1150.23208125,0.0,0.0,,0.0,0.0,0.0,224.00000000000003,0.0,0,0,0.0,0.0,,False,0.28,67.81,47.467,8.790217391304349,,,0,8.790217391304349,,,0,8.790217391304349,,,0,,,,,,,,,,
PM,26772,I395_SB,110N04125,4,4.0,24194.0844,24838.844992164195,28638.844992164195,False,True,False,0.9740422474407489,0.8447995862479679,14,24391.912798563382,-197.82839856338612,1.0081767259836203,7600.0,0,0.0,0.0,1512.130275,30.29446146944497,30.273407760693573,1.0006954522238731,0.0,0.0,0.1251706448474578,184.0,0.16464381233394,0,14,31.94836120650393,1.9272598421770624,3.714157453693935,True,0.23,63.78,44.646,4.05551991885399,2.381430466382984,0.1520880971743086,14,28.56763586956522,30.374565217391307,33.23021739130435,14,28.56763586956522,30.374565217391307,33.23021739130435,14,905.9613655833332,1050.0,1120.1400634166666,3.569644963888889,29.04405797101449,925.2962336666666,1050.0,1108.98122795,3.061416571388889,28.919445480550795
PM,26776,I395_SB,110N04125,4,4.0,25316.5534,24838.844992164195,28638.844992164195,True,False,False,1.0192323116467978,0.8839935202319368,14,24391.92368274636,924.6297172536396,0.9634772671206644,7600.0,0,0.0,0.0,1582.2845875,32.92876238280974,32.90587800075388,1.000695449671798,0.0,0.0,0.1360548278239548,200.0,0.1646438119140486,0,14,34.72647935818031,2.094847654540297,4.037127667590456,True,0.25,63.78,44.646,4.055519961489466,2.381430481630362,0.1520880918188094,14,28.56763586956521,30.374565217391297,33.230217391304336,14,28.56763586956522,30.374565217391307,33.23021739130435,14,905.9613655833332,1050.0,1120.1400634166666,3.569644963888889,29.04405797101449,925.2962336666666,1050.0,1108.9812274166666,3.0614165625000003,28.91944552086251
PM,26778,I395_NB,110P04126,4,4.0,14751.2582,0.0,30400.0,True,False,False,,0.4852387565789474,0,0.0,14751.2582,0.0,7600.0,0,0.0,0.0,921.9536375,0.0,0.0,,0.0,0.0,0.0,320.0,0.0,0,0,0.0,0.0,,False,0.4,64.69,45.283,10.426929347826082,,,0,10.426929347826082,,,0,10.426929347826082,,,0,,,,,,,,,,
PM,26781,I395_SB,110-04125,4,4.0,25316.5534,26618.8795731637,28518.8795731637,False,True,False,0.9510750942922233,0.8877120622867284,15,26022.573475196976,-706.0200751969751,1.0278876853433363,7600.0,0,0.0,0.0,1582.2845875,10.472577262617506,10.684698166357608,0.9801472254585536,0.0,0.0,0.0,64.0,0.1636340197283985,0,13,10.820977484011792,0.9320172687748725,1.7353217154813645,True,0.08,65.3565,45.74954999999999,5.323231324618998,4.416375731767512,0.298158460114422,15,30.08927173913043,30.833485507246376,34.41389130434782,15,30.08927173913043,30.833485507246376,34.41389130434782,15,900.45145145,975.0,1125.9300093166669,3.757975964444444,29.63536231884058,924.9792247666668,960.0,1100.01760205,2.917306288055556,29.27286340538354
PM,26785,I395_NB,110+04127,4,4.0,15129.1396,0.0,32000.0,True,False,False,,0.4727856125,0,0.0,15129.1396,0.0,8000.0,0,0.0,0.0,945.571225,0.0,0.0,,0.0,0.0,0.0,128.0,0.0,0,0,0.0,0.0,,False,0.16,66.15,46.305,6.699782608695658,,,0,6.699782608695658,,,0,6.699782608695658,,,0,,,,,,,,,,
PM,26788,I395_SB,110N04126,4,4.0,21256.295,28124.76131450264,28124.76131450264,False,True,False,0.7557857918260487,0.7557857918260487,16,27734.56449251844,-6478.2694925184405,1.3047694573545596,7600.0,0,0.0,0.0,1328.5184375,76.24807325445204,79.38946160439944,0.9604306631325824,0.0,29.04297814314623,24.06721355673426,456.0,0.1672106869615176,0,17,81.31075498124437,4.619794354445744,8.079785937842862,True,0.57,65.73,46.011,1.196650214191206,1.196650214191206,0.392744242284321,16,32.591032608695656,32.591032608695656,34.98065217391305,16,32.591032608695656,32.591032608695656,34.98065217391305,16,881.2733876666666,960.0,1136.25099045,4.249626713055555,29.140869565217383,898.8257553333333,960.0,1440.0,9.019570744444444,28.99651897331037
PM,26792,I395_SB,110N04126,4,4.0,21743.5893,28124.76131450264,28124.76131450264,False,True,False,0.773111958421771,0.773111958421771,16,27760.0421011805,-6016.452801180501,1.2767000755105553,7600.0,0,0.0,0.0,1358.97433125,6.753891463628634,6.963987860035042,0.9698310220194222,0.0,2.7174760122104544,2.127090240282314,40.0,0.1688472865907158,0,17,7.259484572258088,0.3951632824471316,0.6911205321500117,True,0.05,65.73,46.011,1.0745503604755993,1.0745503604755993,0.3881190435691852,16,32.591032608695656,32.591032608695656,34.98065217391305,16,32.591032608695656,32.591032608695656,34.98065217391305,16,881.2733876666666,960.0,1136.25099045,4.249626713055555,29.140869565217383,898.24288155,960.0,1440.0,9.0292853075,28.83877467347476
PM,26796,I395_SB,110-04126,4,4.0,21743.5893,25464.457679914296,25464.457679914296,False,True,False,0.8538799283815409,0.8538799283815409,16,24990.081422362844,-3246.4921223628444,1.149308013390542,7600.0,0,0.0,0.0,1358.97433125,154.8186212659616,162.2997135557327,0.9539056962833016,0.0,77.98327215729682,52.77340338147292,608.0,0.2546358902400684,0,18,168.7464025180834,4.795995682074997,8.151625190002383,True,0.76,66.12,46.284,0.4088559209601237,0.4088559209601237,-3.834890223686216e-05,16,40.602554347826086,40.602554347826086,42.185434782608695,16,40.602554347826086,40.602554347826086,42.185434782608695,16,868.71550915,945.0,1142.1737277,4.557636975833334,21.2572463768116,882.36268115,945.0,1440.0,9.293955314166668,20.98354903113685
PM,26799,I395_SB,110N04127,3,4.0,27038.9247,19886.22869038215,19886.22869038215,False,False,True,1.3596808686544577,1.3596808686544577,16,19343.61131053745,7695.3133894625535,0.715398690042487,5700.0,0,0.0,0.0,2253.243725,34.57322926201641,36.12242851619538,0.9571125387241228,0.0,0.0,7.859102260128338,144.0,0.2400918698751139,0,15,34.57322926201641,1.4756813372737945,2.660322363892967,True,0.24,60.8665,42.60655,1.835638510529776,1.835638510529776,0.2671084487386537,16,24.646261579531934,24.646261579531934,-22.977592717237087,16,33.98829347826087,33.98829347826087,37.04084782608696,16,897.1820547666666,1005.0,1132.2480757833332,3.917767016944445,21.192318840579706,908.4741732666666,1020.0,1440.0,8.858763778888889,21.641312096847276
PM,26810,I395_SB,110N04127,4,4.0,27095.169,26514.9715871762,26514.9715871762,False,False,True,1.0218818794851892,1.0218818794851892,16,25791.115401769144,1304.0535982308577,0.9518713613400656,7600.0,0,0.0,0.0,1693.4480625,48.018374107299,50.17003960582693,0.9571125413606804,0.0,0.0,10.915419592157605,200.0,0.2400918705364949,0,15,48.018374107299,2.04955741288026,3.6948921720735473,True,0.25,60.8665,42.60655,1.8356385397146504,1.8356385397146504,0.2671084693529995,16,21.52614666024201,21.52614666024201,-20.085784096315003,16,33.98829347826087,33.98829347826087,37.04084782608696,16,897.1820547666666,1005.0,1132.2480757833332,3.917767016944445,21.192318840579706,908.4741732333332,1020.0,1440.0,8.858763779444445,21.641312058428404
PM,26814,I395_SB,110N04127,4,4.0,27095.169,26514.9715871762,26514.9715871762,False,False,True,1.0218818794851892,1.0218818794851892,16,25795.877837669846,1299.2911623301552,0.9520471283153776,7600.0,0,0.0,0.0,1693.4480625,23.048819548022266,24.081619010796924,0.9571125403856108,0.0,0.0,5.239401406622619,96.0,0.2400918702918986,0,15,23.048819548022266,0.9837875581825156,1.7735482425952864,True,0.12,60.8665,42.60655,1.835638539301182,1.835638539301182,0.2671084624476911,16,23.287601634863996,23.287601634863996,-22.043373006356703,16,33.98829347826087,33.98829347826087,37.04084782608696,16,897.1820547666666,1005.0,1132.2480757833332,3.917767016944445,21.192318840579706,908.4741732666666,1020.0,1440.0,8.858763778888889,21.64131207263673
PM,26821,I395_SB,110N04127,3,4.0,19020.0665,19886.22869038215,19886.22869038215,False,True,False,0.9564441200054656,0.9564441200054656,16,19348.00740384444,-327.9409038444355,1.017241837921252,5700.0,0,0.0,0.0,1585.0055416666669,11.524409740287638,12.040809505398462,0.9571125375848444,0.0,0.0,2.6197007835867225,48.0,0.2400918695893258,0,15,11.524409740287638,0.4918937790912528,0.8867741212976342,True,0.08,60.8665,42.60655,1.8356384920778617,1.8356384920778617,0.2671084336342453,16,33.98829347826087,33.98829347826087,37.04084782608696,16,33.98829347826087,33.98829347826087,37.04084782608696,16,897.1820547666666,1005.0,1132.2480757833332,3.917767016944445,21.192318840579706,908.4741732833334,1020.0,1440.0,8.858763778611111,21.641312113448382
PM,26824,I395_SB,110N04670,3,4.0,12477.5365,0.0,22800.0,True,False,False,,0.5472603728070176,0,0.0,12477.5365,0.0,5700.0,0,0.0,0.0,1039.7947083333331,0.0,0.0,,0.0,0.0,0.0,210.0,0.0,0,0,0.0,0.0,,False,0.35,59.273,41.4911,5.84476630434783,,,0,5.84476630434783,,,0,5.84476630434783,,,0,,,,,,,,,,
PM,26825,I395_NB,110+04129,3,4.0,3732.1287,17064.59945201276,17064.59945201276,False,True,False,0.2187059069563919,0.2187059069563919,16,17991.093175215174,-14258.964475215173,4.820598275513696,5700.0,0,0.0,0.0,311.01072500000004,58.58183808188846,65.19138903891505,0.8986131289044768,35.04586986352979,31.23943844490077,28.062532358835824,138.0,0.4245060730571627,0,33,105.13662966207426,3.497340946443307,4.389798141777876,True,0.23,55.654,38.9578,1.0903004125934193,1.0903004125934193,0.2542758754177692,16,39.157179347826094,39.157179347826094,39.25356521739131,16,39.157179347826094,39.157179347826094,39.25356521739131,16,829.1875055333334,1050.0,1205.339406,6.269198341111111,13.038405797101449,849.3093361499999,1050.0,1440.0,9.8448443975,13.409555519980284
PM,26829,I395_SB,110N04128,3,4.0,12477.5365,0.0,22800.0,True,False,False,,0.5472603728070176,0,0.0,12477.5365,0.0,5700.0,0,0.0,0.0,1039.7947083333331,0.0,0.0,,0.0,0.0,0.0,84.00000000000001,0.0,0,0,0.0,0.0,,False,0.14,55.2965,38.70755,8.49084782608696,,,0,8.49084782608696,,,0,8.49084782608696,,,0,,,,,,,,,,
PM,26833,I395_SB,110-04128,3,4.0,15294.7596,0.0,22800.0,True,False,False,,0.6708227894736842,0,0.0,15294.7596,0.0,5700.0,0,0.0,0.0,1274.5633,0.0,0.0,,0.0,0.0,0.0,126.0,0.0,0,0,0.0,0.0,,False,0.21,53.6695,37.56865,8.942353260869565,,,0,8.942353260869565,,,0,8.942353260869565,,,0,,,,,,,,,,
PM,27878,I395_NB,110+04124,4,4.0,19305.8097,11221.46977013002,30221.469770130017,True,False,False,1.7204350317272488,0.6388110785757111,6,11229.566433835233,8076.243266164769,0.581667726365045,7600.0,0,0.0,0.0,1206.61310625,35.965445041822704,36.701302656956734,0.9799500954499624,20.507725852108702,0.0,0.0,216.0,0.1665066900084384,0,16,53.06649345006531,4.293483614417506,7.507954987027512,True,0.27,67.18950000000001,47.03265,12.58627433601148,10.94372431632045,9.842642793585044,6,17.66083152173914,24.47587681159421,25.229717391304355,6,17.66083152173914,24.47587681159421,25.229717391304355,6,1022.09105675,1065.0,1112.6943265666666,1.5100544969444445,39.4508695652174,1049.061978166667,1065.0,1084.9396245,0.5979607722222223,42.87173447921059
PM,28025,I395_NB,110+04123,4,4.0,18083.9709,0.0,30400.0,True,False,False,,0.5948674638157895,0,0.0,18083.9709,0.0,7600.0,0,0.0,0.0,1130.24818125,137.84471615787493,154.2065369479427,0.8938967107756837,90.29353030575636,0.0,0.0,768.0,0.179485307497233,0,12,137.84471615787493,12.0368033183447,25.04429258408629,True,0.96,67.2765,47.09354999999999,16.396255434782606,,,0,16.396255434782606,,,0,16.396255434782606,,,0,,,,,,,,,,
PM,28270,I395_NB,110P04122,4,4.0,16218.007,0.0,30400.0,True,False,False,,0.5334870723684211,0,0.0,16218.007,0.0,7600.0,0,0.0,0.0,1013.6254375,47.92548426101485,50.53045107041518,0.9484475844917698,28.31114657594867,0.0,0.0,384.0,0.1248059485963928,0,8,51.5900171716105,4.153506017118719,9.98378594511317,True,0.48,67.84649999999999,47.49255,12.940168478260862,,,0,12.940168478260862,,,0,12.940168478260862,,,0,,,,,,,,,,
PM,28275,I395_NB,110P04122,4,4.0,18083.9709,0.0,30400.0,True,False,False,,0.5948674638157895,0,0.0,18083.9709,0.0,7600.0,0,0.0,0.0,1130.24818125,23.33230149062115,23.15979007394029,1.0074487469933924,12.32728456403106,0.0,0.0,176.0,0.1325698948330747,0,8,26.66023556979621,1.8821112701912603,4.524032460535498,True,0.22,67.84649999999999,47.49255,12.940168478260862,,,0,12.940168478260862,,,0,12.940168478260862,,,0,,,,,,,,,,
PM,28279,I395_SB,110N04122,4,4.0,19473.4757,0.0,30400.0,True,False,False,,0.6405748585526315,0,0.0,19473.4757,0.0,7600.0,0,0.0,0.0,1217.09223125,0.0,0.0,,0.0,0.0,0.0,24.0,0.0,0,0,0.0,0.0,,False,0.03,65.31649999999999,45.72154999999999,14.595222826086946,,,0,14.595222826086946,,,0,14.595222826086946,,,0,,,,,,,,,,
PM,28283,I395_SB,110N04122,4,4.0,28120.22,0.0,30400.0,True,False,False,,0.9250072368421052,0,0.0,28120.22,0.0,7600.0,0,0.0,0.0,1757.51375,0.0,0.0,,0.0,0.0,0.0,144.0,0.0,0,0,0.0,0.0,,False,0.18,65.31649999999999,45.72154999999999,14.595222826086946,,,0,14.595222826086946,,,0,14.595222826086946,,,0,,,,,,,,,,
PM,28285,I395_NB,110P04123,4,4.0,15720.2943,0.0,30400.0,True,False,False,,0.5171149440789473,0,0.0,15720.2943,0.0,7600.0,0,0.0,0.0,982.51839375,78.93650136930046,80.29138077313456,0.9831254688761382,42.52347890693477,0.0,0.0,448.00000000000006,0.1761975476993313,0,12,78.93650136930046,5.786289076405315,12.04410996354535,True,0.56,65.6195,45.93365,17.206483695652175,,,0,17.206483695652175,,,0,17.206483695652175,,,0,,,,,,,,,,
PM,28289,I395_SB,110-04122,4,4.0,29010.2595,27442.399396753943,29342.399396753943,True,False,False,1.0571327630859972,0.98868054748138,15,27146.77737418808,1863.482125811919,0.9357647205530196,7600.0,0,0.0,0.0,1813.14121875,82.37333824410052,125.40506476879295,0.6568581452110467,0.0,0.0,0.0,888.0000000000001,0.0927627682929059,0,13,82.37333824410052,21.92602870627666,40.82404374146879,True,1.11,65.70649999999999,45.99454999999999,9.484615130346782,9.256953240485844,7.410447652281313,15,21.00596254064948,22.214432428842105,25.28277406978525,15,26.476499999999994,27.3816304347826,30.217369565217385,15,893.8110148,945.0,1113.2904004999998,3.657989761666667,33.31202898550723,914.4883082333332,945.0,1068.93007035,2.5740293686111118,39.27704204364603
PM,28294,I395_NB,110+04124,4,4.0,19305.8097,11221.46977013002,30221.469770130017,True,False,False,1.7204350317272488,0.6388110785757111,6,11250.414387966972,8055.39531203303,0.5827476061761331,7600.0,0,0.0,0.0,1206.61310625,9.37986868933922,9.515152540692489,0.9857822719315624,5.246022769767933,0.0,0.0,56.00000000000001,0.1674976551667717,0,16,15.522390153925471,0.9224735791239,1.61319357334151,True,0.07,67.18950000000001,47.03265,10.018001445205453,4.094996607504375,0.0480442339209936,6,17.66083152173914,24.47587681159421,25.229717391304355,6,17.66083152173914,24.47587681159421,25.229717391304355,6,1022.09105675,1065.0,1112.6943265666666,1.5100544969444445,39.4508695652174,1046.5360585166666,1065.0,1109.3330715666666,1.0466168841666668,37.6231605523622
PM,28298,I395_SB,110N04123,4,4.0,26570.5973,24676.05200399326,28476.05200399326,True,False,False,1.0767766778778125,0.9330857134364676,14,24603.46804576029,1967.1292542397096,0.9259659377608456,7600.0,0,0.0,0.0,1660.66233125,68.70175336326656,71.80097102446261,0.9568359923692376,0.0,0.0,0.0,328.0,0.2094565651319102,0,14,68.70175336326656,2.5957795132685995,4.979627840660306,True,0.41,64.6065,45.22455,3.2789590165924887,2.136267276522517,0.0718406414278778,14,28.22226086956521,30.47721428571428,32.88410869565217,14,28.22226086956521,30.47721428571428,32.88410869565217,14,897.0344584,945.0,1100.4776240166668,3.3907194269444445,25.7831884057971,909.2841532333332,945.0,1089.709795966667,3.007094045555556,25.434107322585024
PM,28302,I395_SB,110N04123,4,4.0,27987.4395,24676.05200399326,28476.05200399326,True,False,False,1.1341943798574774,0.9828412834783158,14,24602.874833118083,3384.564666881917,0.8790684418672199,7600.0,0,0.0,0.0,1749.21496875,48.6317684649448,50.78605267583941,0.9575811842545606,0.0,0.0,0.0,232.0,0.2096196916592448,0,14,48.6317684649448,1.8186080337785848,3.4901338055454385,True,0.29,64.6065,45.22455,3.256262102590914,2.1018217571560824,0.0672507761249843,14,28.22226086956521,30.47721428571428,32.88410869565217,14,28.22226086956521,30.47721428571428,32.88410869565217,14,897.0344584,945.0,1100.4776240166668,3.3907194269444445,25.7831884057971,909.28973675,945.0,1090.0008120833334,3.0118512555555554,25.42210277026033
PM,28303,I395_NB,110P04124,4,4.0,19022.3262,0.0,30400.0,True,False,False,,0.6257344144736842,0,0.0,19022.3262,0.0,7600.0,0,0.0,0.0,1188.8953875,30.254496774016843,30.191286732127008,1.00209365180261,19.981592474155377,0.0,0.0,248.0,0.1219939386049066,0,11,30.254496774016843,2.773761350332409,6.030098966104299,True,0.31,67.23,47.061,17.35565217391305,,,0,17.35565217391305,,,0,17.35565217391305,,,0,,,,,,,,,,
PM,28307,I395_SB,110-04123,4,4.0,27987.4395,23761.708198520228,29461.708198520228,True,False,False,1.1778378585485252,0.9499598363887714,13,24151.856450275696,3835.583049724304,0.8629534134509053,7600.0,0,0.0,0.0,1749.21496875,36.441083216740026,36.39833653686567,1.001174413007338,0.0,0.0,0.0,200.0,0.1822054160837001,0,13,36.8458323147122,2.814077774943234,5.621791004708819,True,0.25,62.59,43.813,5.092511235061657,3.2024659098098534,0.8169328240871572,13,24.23896739130435,26.61903010033445,25.38347826086957,13,24.23896739130435,26.61903010033445,25.38347826086957,13,903.4473665,945.0,1107.2064339166668,3.395984456944445,29.72869565217391,925.2795672166668,960.0,1095.3947652333334,2.8352533002777776,28.09573804791023
PM,28312,I395_SB,110N04124,4,4.0,27161.132,25395.74349945708,29195.74349945708,True,False,False,1.0695151335333288,0.9303113654394548,14,25554.04512052981,1607.0868794701928,0.9408313733216204,7600.0,0,0.0,0.0,1697.57075,44.71622844961644,46.41647477251509,0.9633697662041016,0.0,0.0,0.0957154260315746,248.0,0.1803073727807114,0,14,48.23665361340181,3.326819820836495,6.411556557238596,True,0.31,62.2265,43.55855,4.091459349128095,2.59359334063141,0.2115542286600593,14,25.87796739130435,27.481251552795037,27.7215,14,25.87796739130435,27.481251552795037,27.7215,14,901.2669475333332,945.0,1115.0727488666666,3.563430022222222,29.326666666666668,924.8310256166666,960.0,1110.0894434666666,3.0876402975,27.91192409294576
PM,28705,I66_WB,110+04173,4,4.0,13422.6055,0.0,32000.0,True,False,False,,0.419456421875,0,0.0,13422.6055,0.0,8000.0,0,0.0,0.0,838.91284375,0.0,0.0,,0.0,0.0,0.0,408.0,0.0,0,0,0.0,0.0,,False,0.51,65.1795,45.62565,2.059744565217397,,,0,2.059744565217397,,,0,2.059744565217397,,,0,,,,,,,,,,
PM,28712,I395_NB,110+04122,4,4.0,17263.9179,0.0,30400.0,True,False,False,,0.5678920361842106,0,0.0,17263.9179,0.0,7600.0,0,0.0,0.0,1078.99486875,0.0,0.0,,0.0,0.0,0.0,32.0,0.0,0,0,0.0,0.0,,False,0.04,66.5465,46.58254999999999,15.558048913043471,,,0,15.558048913043471,,,0,15.558048913043471,,,0,,,,,,,,,,
PM,28724,I395_NB,110+04122,3,4.0,17263.9179,0.0,22800.0,True,False,False,,0.7571893815789474,0,0.0,17263.9179,0.0,5700.0,0,0.0,0.0,1438.659825,0.0,0.0,,0.0,0.0,0.0,150.0,0.0,0,0,0.0,0.0,,False,0.25,66.5465,46.58254999999999,15.558048913043471,,,0,15.558048913043471,,,0,15.558048913043471,,,0,,,,,,,,,,
PM,29007,I395_NB,110+04121,4,4.0,18299.0187,26766.259004727806,26766.259004727806,False,True,False,0.6836599278504997,0.6836599278504997,16,29766.747456696685,-11467.728756696684,1.626685449351264,8000.0,0,0.0,0.0,1143.68866875,107.22008260312371,108.85953088491118,0.9849397818596084,78.68978457598405,44.36923474131322,52.981119357295256,344.0,0.3116862866369876,0,50,195.302340157268,5.798415767059307,5.913247028831896,True,0.43,65.333,45.73309999999999,0.489266084023322,0.489266084023322,-0.0433838665720678,16,40.19199456521739,40.19199456521739,42.05539130434782,16,40.19199456521739,40.19199456521739,42.05539130434782,16,380.9472474166667,1050.0,1168.50178505,13.125908960555556,20.55,403.0427338333333,1035.0,1440.0,17.282621102777778,20.491513965268982
PM,29361,I395_NB,110P04120,4,4.0,35436.8876,26203.409176788628,26203.409176788628,False,False,True,1.3523769888458077,1.3523769888458077,16,27284.01418476371,8152.873415236292,0.769932576831711,7600.0,0,0.0,0.0,2214.805475,74.50360344044702,77.13544635021802,0.9658802400932298,42.67644199328311,0.0,12.329249016393987,184.0,0.404910888263299,0,50,139.7340171075666,3.778412407309888,4.893619336821433,True,0.23,65.65,45.955,2.047363256168449,2.047363256168449,0.2042133039906559,16,28.582599762979527,28.582599762979527,-27.58667451764933,16,36.95138586956522,36.95138586956522,37.93673913043479,16,889.1827372833334,1050.0,1140.6613812833334,4.191310733333333,18.105652173913043,913.2886497666666,1035.0,1440.0,8.77852250388889,17.59840883997926
PM,30296,I66_WB,110P04174,2,4.0,7484.5323,0.0,16000.0,True,False,False,,0.46778326875,0,0.0,7484.5323,0.0,4000.0,0,0.0,0.0,935.5665375,0.0,0.0,,0.0,0.0,0.0,28.000000000000004,0.0,0,0,0.0,0.0,,False,0.07,64.58,45.206,2.5791032608695628,,,0,2.5791032608695628,,,0,2.5791032608695628,,,0,,,,,,,,,,
PM,30317,I66_WB,110N58636,2,4.0,4908.8713,0.0,16000.0,True,False,False,,0.3068044562499999,0,0.0,4908.8713,0.0,4000.0,0,0.0,0.0,613.6089125,0.0,0.0,,0.0,0.0,0.0,52.0,0.0,0,0,0.0,0.0,,False,0.13,68.73,48.111,5.146086956521743,,,0,5.146086956521743,,,0,5.146086956521743,,,0,,,,,,,,,,
PM,30949,I66_EB,110+58629,3,4.0,10649.5931,0.0,24000.0,True,False,False,,0.4437330458333333,0,0.0,10649.5931,0.0,6000.0,0,0.0,0.0,887.4660916666667,0.0,0.0,,0.0,0.0,0.0,402.0,0.0,0,0,0.0,0.0,,False,0.67,72.0,50.4,2.5581249999999995,,,0,2.5581249999999995,,,0,2.5581249999999995,,,0,,,,,,,,,,
PM,31338,I66_EB,110N04175,2,4.0,3646.0457,0.0,16000.0,True,False,False,,0.22787785625,0,0.0,3646.0457,0.0,4000.0,0,0.0,0.0,455.7557125,0.0,0.0,,0.0,0.0,0.0,184.0,0.0,0,0,0.0,0.0,,False,0.46,64.583,45.2081,7.53215760869565,,,0,7.53215760869565,,,0,7.53215760869565,,,0,,,,,,,,,,
PM,31343,I66_EB,110-04175,2,4.0,7453.8029,0.0,16000.0,True,False,False,,0.4658626812499999,0,0.0,7453.8029,0.0,4000.0,0,0.0,0.0,931.7253625,0.0,0.0,,0.0,0.0,0.0,304.0,0.0,0,0,0.0,0.0,,False,0.76,65.56649999999999,45.89654999999999,15.693782608695642,,,0,15.693782608695642,,,0,15.693782608695642,,,0,,,,,,,,,,
PM,31344,I66_EB,110+58635,4,4.0,15106.4678,0.0,30400.0,True,False,False,,0.4969232828947368,0,0.0,15106.4678,0.0,7600.0,0,0.0,0.0,944.1542375,0.0,0.0,,0.0,0.0,0.0,600.0,0.0,0,0,0.0,0.0,,False,0.75,70.1265,49.08854999999999,4.57913586956521,,,0,4.57913586956521,,,0,4.57913586956521,,,0,,,,,,,,,,
PM,31346,I66_WB,110-58634,2,4.0,2299.1059,0.0,16000.0,True,False,False,,0.14369411875,0,0.0,2299.1059,0.0,4000.0,0,0.0,0.0,287.3882375,0.0,0.0,,0.0,0.0,0.0,140.0,0.0,0,0,0.0,0.0,,False,0.35,71.39,49.973,7.910054347826085,,,0,7.910054347826085,,,0,7.910054347826085,,,0,,,,,,,,,,
PM,31347,I66_EB,110-04175,2,4.0,7453.8029,0.0,16000.0,True,False,False,,0.4658626812499999,0,0.0,7453.8029,0.0,4000.0,0,0.0,0.0,931.7253625,0.0,0.0,,0.0,0.0,0.0,228.0,0.0,0,0,0.0,0.0,,False,0.57,65.56649999999999,45.89654999999999,15.693782608695642,,,0,15.693782608695642,,,0,15.693782608695642,,,0,,,,,,,,,,
PM,31348,I66_EB,110+58635,4,4.0,15106.4678,0.0,30400.0,True,False,False,,0.4969232828947368,0,0.0,15106.4678,0.0,7600.0,0,0.0,0.0,944.1542375,0.0,0.0,,0.0,0.0,0.0,456.0,0.0,0,0,0.0,0.0,,False,0.57,70.1265,49.08854999999999,4.57913586956521,,,0,4.57913586956521,,,0,4.57913586956521,,,0,,,,,,,,,,
PM,31350,I66_WB,110-58634,2,4.0,2299.1059,0.0,16000.0,True,False,False,,0.14369411875,0,0.0,2299.1059,0.0,4000.0,0,0.0,0.0,287.3882375,0.0,0.0,,0.0,0.0,0.0,472.0,0.0,0,0,0.0,0.0,,False,1.18,71.39,49.973,7.910054347826085,,,0,7.910054347826085,,,0,7.910054347826085,,,0,,,,,,,,,,
PM,31351,I66_EB,110-04175,2,4.0,5830.4727,0.0,16000.0,True,False,False,,0.36440454375,0,0.0,5830.4727,0.0,4000.0,0,0.0,0.0,728.8090875,0.0,0.0,,0.0,0.0,0.0,116.0,0.0,0,0,0.0,0.0,,False,0.29,65.56649999999999,45.89654999999999,15.693782608695642,,,0,15.693782608695642,,,0,15.693782608695642,,,0,,,,,,,,,,
PM,31352,I66_WB,110-58633,2,4.0,2669.5793,0.0,16000.0,True,False,False,,0.1668487062499999,0,0.0,2669.5793,0.0,4000.0,0,0.0,0.0,333.6974125,0.0,0.0,,0.0,0.0,0.0,56.00000000000001,0.0,0,0,0.0,0.0,,False,0.14,71.4,49.98,8.731467391304353,,,0,8.731467391304353,,,0,8.731467391304353,,,0,,,,,,,,,,
PM,31353,I66_EB,110-04176,2,4.0,7045.9046,0.0,16000.0,True,False,False,,0.4403690375,0,0.0,7045.9046,0.0,4000.0,0,0.0,0.0,880.738075,0.0,0.0,,0.0,0.0,0.0,96.0,0.0,0,0,0.0,0.0,,False,0.24,66.8765,46.81354999999999,17.835358695652168,,,0,17.835358695652168,,,0,17.835358695652168,,,0,,,,,,,,,,
PM,31354,I66_WB,110+04178,4,4.0,14995.3255,26357.756666635734,26357.756666635734,False,True,False,0.5689150897648825,0.5689150897648825,16,27080.56495106105,-12085.239451061045,1.8059337859028832,7600.0,0,0.0,0.0,937.20784375,17.586532725516463,17.639549353174537,0.996994445459088,0.0,12.65762417296378,10.980694055768936,80.0,0.2198316590689558,0,22,18.603011317631623,0.8856628460587096,1.3616288908078626,True,0.1,67.7165,47.40154999999999,0.5456165568046203,0.5456165568046203,0.1243355131583143,16,39.66764130434783,39.66764130434783,39.11041304347826,16,39.66764130434783,39.66764130434783,39.11041304347826,16,795.5562686666667,1065.0,1178.8039189,6.387460837222222,24.70275362318841,820.2358760833333,1065.0,1440.0,10.329402065277778,24.54621439275836
PM,31355,I66_WB,110-58633,2,4.0,2669.5793,0.0,16000.0,True,False,False,,0.1668487062499999,0,0.0,2669.5793,0.0,4000.0,0,0.0,0.0,333.6974125,0.0,0.0,,0.0,0.0,0.0,40.0,0.0,0,0,0.0,0.0,,False,0.1,71.4,49.98,8.731467391304353,,,0,8.731467391304353,,,0,8.731467391304353,,,0,,,,,,,,,,
PM,31357,I66_EB,110-04177,4,4.0,15651.1085,0.0,30400.0,True,False,False,,0.5148390953947368,0,0.0,15651.1085,0.0,7600.0,0,0.0,0.0,978.19428125,0.0,0.0,,0.0,0.0,0.0,56.00000000000001,0.0,0,0,0.0,0.0,,False,0.07,68.083,47.6581,19.902320652173916,,,0,19.902320652173916,,,0,19.902320652173916,,,0,,,,,,,,,,
PM,31358,I66_WB,110+04178,4,4.0,14995.3255,26357.756666635734,26357.756666635734,False,True,False,0.5689150897648825,0.5689150897648825,16,27048.073397435222,-12052.747897435222,1.8037670070873235,7600.0,0,0.0,0.0,937.20784375,162.74088035279465,162.2838540492058,1.0028162154902378,0.0,113.0272950461774,102.04674773144144,736.0,0.221115326566297,0,22,175.08246596856725,8.376657057895269,12.878375003735568,True,0.92,67.7165,47.40154999999999,0.5652217298987727,0.5652217298987727,0.1603632351049757,16,39.66764130434783,39.66764130434783,39.11041304347826,16,39.66764130434783,39.66764130434783,39.11041304347826,16,795.5562686666667,1065.0,1178.8039189,6.387460837222222,24.70275362318841,821.2150179,1065.0,1440.0,10.313083035,24.45517622197869
PM,31359,I66_WB,110-58633,2,4.0,2669.5793,0.0,16000.0,True,False,False,,0.1668487062499999,0,0.0,2669.5793,0.0,4000.0,0,0.0,0.0,333.6974125,0.0,0.0,,0.0,0.0,0.0,368.0,0.0,0,0,0.0,0.0,,False,0.92,71.4,49.98,8.731467391304353,,,0,8.731467391304353,,,0,8.731467391304353,,,0,,,,,,,,,,
PM,31361,I66_EB,110-04177,4,4.0,15651.1085,0.0,30400.0,True,False,False,,0.5148390953947368,0,0.0,15651.1085,0.0,7600.0,0,0.0,0.0,978.19428125,0.0,0.0,,0.0,0.0,0.0,408.0,0.0,0,0,0.0,0.0,,False,0.51,68.083,47.6581,19.902320652173916,,,0,19.902320652173916,,,0,19.902320652173916,,,0,,,,,,,,,,
PM,31362,I66_WB,110-58633,2,4.0,2595.7353,0.0,16000.0,True,False,False,,0.16223345625,0,0.0,2595.7353,0.0,4000.0,0,0.0,0.0,324.4669125,0.0,0.0,,0.0,0.0,0.0,344.0,0.0,0,0,0.0,0.0,,False,0.86,71.4,49.98,8.731467391304353,,,0,8.731467391304353,,,0,8.731467391304353,,,0,,,,,,,,,,
PM,31365,I66_WB,110-58632,2,4.0,4942.5766,0.0,16000.0,True,False,False,,0.3089110375,0,0.0,4942.5766,0.0,4000.0,0,0.0,0.0,617.822075,0.0,0.0,,0.0,0.0,0.0,240.0,0.0,0,0,0.0,0.0,,False,0.6,71.59,50.113,4.883070652173916,,,0,4.883070652173916,,,0,4.883070652173916,,,0,,,,,,,,,,
PM,31368,I66_WB,110+04179,4,4.0,17982.9651,0.0,32000.0,True,False,False,,0.561967659375,0,0.0,17982.9651,0.0,8000.0,0,0.0,0.0,1123.93531875,0.0,0.0,,0.0,0.0,0.0,280.0,0.0,0,0,0.0,0.0,,False,0.35,66.71,46.697,16.393288043478254,,,0,16.393288043478254,,,0,16.393288043478254,,,0,,,,,,,,,,
PM,31369,I66_WB,110-58632,2,4.0,4942.5766,0.0,16000.0,True,False,False,,0.3089110375,0,0.0,4942.5766,0.0,4000.0,0,0.0,0.0,617.822075,0.0,0.0,,0.0,0.0,0.0,140.0,0.0,0,0,0.0,0.0,,False,0.35,71.59,50.113,4.883070652173916,,,0,4.883070652173916,,,0,4.883070652173916,,,0,,,,,,,,,,
PM,31371,I66_EB,110-04178,4,4.0,16393.8649,30012.278677888888,30012.278677888888,False,True,False,0.5462385937418989,0.5462385937418989,16,30104.13421964297,-13710.269319642968,1.836304886204288,8000.0,0,0.0,0.0,1024.61655625,103.91752781366836,103.88568238359817,1.0003065430128533,70.90851971409279,62.96291254792664,26.981699594316296,384.0,0.2706185620147613,0,42,198.00274960374716,7.642409655204573,8.392095465096403,True,0.48,66.81649999999999,46.77154999999999,0.7941770233151928,0.7941770233151928,0.0146646686061693,16,31.99076630434781,31.99076630434781,32.94106521739129,16,31.99076630434781,31.99076630434781,32.94106521739129,16,,,,,,,,,,
PM,31372,I66_WB,110+04179,4,4.0,17982.9651,0.0,30400.0,True,False,False,,0.5915449046052632,0,0.0,17982.9651,0.0,7600.0,0,0.0,0.0,1123.93531875,0.0,0.0,,0.0,0.0,0.0,200.0,0.0,0,0,0.0,0.0,,False,0.25,66.71,46.697,16.393288043478254,,,0,16.393288043478254,,,0,16.393288043478254,,,0,,,,,,,,,,
PM,31373,I66_WB,110-58632,2,4.0,4942.5766,0.0,16000.0,True,False,False,,0.3089110375,0,0.0,4942.5766,0.0,4000.0,0,0.0,0.0,617.822075,0.0,0.0,,0.0,0.0,0.0,100.0,0.0,0,0,0.0,0.0,,False,0.25,71.59,50.113,4.883070652173916,,,0,4.883070652173916,,,0,4.883070652173916,,,0,,,,,,,,,,
PM,31375,I66_EB,110+58633,4,4.0,16393.8649,0.0,32000.0,True,False,False,,0.512308278125,0,0.0,16393.8649,0.0,8000.0,0,0.0,0.0,1024.61655625,0.0,0.0,,0.0,0.0,0.0,280.0,0.0,0,0,0.0,0.0,,False,0.35,71.0,49.7,11.03774456521739,,,0,11.03774456521739,,,0,11.03774456521739,,,0,,,,,,,,,,
PM,31376,I66_WB,110-58631,2,4.0,4829.4281,0.0,16000.0,True,False,False,,0.30183925625,0,0.0,4829.4281,0.0,4000.0,0,0.0,0.0,603.6785125,0.0,0.0,,0.0,0.0,0.0,432.0,0.0,0,0,0.0,0.0,,False,1.08,71.9165,50.34155,3.291744565217392,,,0,3.291744565217392,,,0,3.291744565217392,,,0,,,,,,,,,,
PM,31379,I66_WB,110N58631,2,4.0,4829.4281,0.0,16000.0,True,False,False,,0.30183925625,0,0.0,4829.4281,0.0,4000.0,0,0.0,0.0,603.6785125,0.0,0.0,,0.0,0.0,0.0,144.0,0.0,0,0,0.0,0.0,,False,0.36,71.59,50.113,4.585027173913047,,,0,4.585027173913047,,,0,4.585027173913047,,,0,,,,,,,,,,
PM,31381,I66_WB,110P04180,4,4.0,16882.902,0.0,30400.0,True,False,False,,0.5553586184210526,0,0.0,16882.902,0.0,7600.0,0,0.0,0.0,1055.181375,0.0,0.0,,0.0,0.0,0.0,288.0,0.0,0,0,0.0,0.0,,False,0.36,67.7165,47.40154999999999,9.795793478260869,,,0,9.795793478260869,,,0,9.795793478260869,,,0,,,,,,,,,,
PM,31382,I66_EB,110+58632,4,4.0,13605.367,0.0,30400.0,True,False,False,,0.4475449671052631,0,0.0,13605.367,0.0,7600.0,0,0.0,0.0,850.3354375,0.0,0.0,,0.0,0.0,0.0,128.0,0.0,0,0,0.0,0.0,,False,0.16,72.52,50.764,6.368043478260867,,,0,6.368043478260867,,,0,6.368043478260867,,,0,,,,,,,,,,
PM,31383,I66_WB,110-58630,2,4.0,6712.9062,0.0,16000.0,True,False,False,,0.4195566375,0,0.0,6712.9062,0.0,4000.0,0,0.0,0.0,839.113275,0.0,0.0,,0.0,0.0,0.0,460.0,0.0,0,0,0.0,0.0,,False,1.15,72.53,50.771,4.637445652173915,,,0,4.637445652173915,,,0,4.637445652173915,,,0,,,,,,,,,,
PM,31386,I66_WB,110-58629,2,4.0,5851.8703,0.0,16000.0,True,False,False,,0.36574189375,0,0.0,5851.8703,0.0,4000.0,0,0.0,0.0,731.4837875,0.0,0.0,,0.0,0.0,0.0,244.0,0.0,0,0,0.0,0.0,,False,0.61,71.46,50.02199999999999,6.697146739130428,,,0,6.697146739130428,,,0,6.697146739130428,,,0,,,,,,,,,,
PM,31388,I66_WB,110P04182,5,4.0,18221.3593,31948.852567409864,31948.852567409864,False,True,False,0.5703290677358192,0.5703290677358192,16,31601.507161202702,-13380.147861202702,1.7343111806813831,9500.0,0,0.0,0.0,911.067965,77.08061448069748,77.43334534881656,0.9954447161422496,0.0,35.767128585368255,31.416001540877005,330.0,0.2335776196384772,0,17,77.08061448069748,3.2858832830617395,5.746843150783581,True,0.33,68.559,47.9913,0.3339520794986685,0.3339520794986685,-0.0311575303573228,16,41.93647282608696,41.93647282608696,44.15052173913043,16,41.93647282608696,41.93647282608696,44.15052173913043,16,873.7586626333334,1005.0,1150.297046,4.608973056111111,22.91724637681158,894.2870750333333,1020.0,1440.0,9.09521541611111,22.65790233763873
PM,31392,I66_EB,110+58630,5,4.0,16916.3939,0.0,40000.0,True,False,False,,0.4229098475,0,0.0,16916.3939,0.0,10000.0,0,0.0,0.0,845.8196949999999,0.0,0.0,,0.0,0.0,0.0,960.0,0.0,0,0,0.0,0.0,,False,0.96,71.1965,49.83755,2.2909293478260877,,,0,2.2909293478260877,,,0,2.2909293478260877,,,0,,,,,,,,,,
PM,31393,I66_EB,110+58631,4,4.0,12995.1233,0.0,30400.0,True,False,False,,0.4274711611842105,0,0.0,12995.1233,0.0,7600.0,0,0.0,0.0,812.19520625,0.0,0.0,,0.0,0.0,0.0,640.0,0.0,0,0,0.0,0.0,,False,0.8,72.45649999999999,50.71954999999999,2.497967391304337,,,0,2.497967391304337,,,0,2.497967391304337,,,0,,,,,,,,,,
PM,31395,I66_EB,110-04180,4,4.0,13605.367,0.0,30400.0,True,False,False,,0.4475449671052631,0,0.0,13605.367,0.0,7600.0,0,0.0,0.0,850.3354375,0.0,0.0,,0.0,0.0,0.0,640.0,0.0,0,0,0.0,0.0,,False,0.8,67.92,47.544,6.47913043478261,,,0,6.47913043478261,,,0,6.47913043478261,,,0,,,,,,,,,,
PM,31397,I66_WB,110-58630,2,4.0,6712.9062,0.0,16000.0,True,False,False,,0.4195566375,0,0.0,6712.9062,0.0,4000.0,0,0.0,0.0,839.113275,0.0,0.0,,0.0,0.0,0.0,92.0,0.0,0,0,0.0,0.0,,False,0.23,72.53,50.771,4.637445652173915,,,0,4.637445652173915,,,0,4.637445652173915,,,0,,,,,,,,,,
PM,31398,I66_WB,110+04181,4,4.0,16882.902,0.0,30400.0,True,False,False,,0.5553586184210526,0,0.0,16882.902,0.0,7600.0,0,0.0,0.0,1055.181375,0.0,0.0,,0.0,0.0,0.0,184.0,0.0,0,0,0.0,0.0,,False,0.23,68.8665,48.20655,11.597559782608696,,,0,11.597559782608696,,,0,11.597559782608696,,,0,,,,,,,,,,
PM,31399,I66_EB,110N04182,2,4.0,10541.0336,0.0,16000.0,True,False,False,,0.6588146,0,0.0,10541.0336,0.0,4000.0,0,0.0,0.0,1317.6292,0.0,0.0,,0.0,0.0,0.0,16.0,0.0,0,0,0.0,0.0,,False,0.04,66.45,46.515,5.081766304347829,,,0,5.081766304347829,,,0,5.081766304347829,,,0,,,,,,,,,,
PM,31403,I66_EB,110N04182,2,4.0,5205.0993,0.0,16000.0,True,False,False,,0.32531870625,0,0.0,5205.0993,0.0,4000.0,0,0.0,0.0,650.6374125,0.0,0.0,,0.0,0.0,0.0,4.0,0.0,0,0,0.0,0.0,,False,0.01,66.45,46.515,5.081766304347829,,,0,5.081766304347829,,,0,5.081766304347829,,,0,,,,,,,,,,
PM,31404,I66_WB,110+04183,2,4.0,3843.9517,11478.43002829819,11478.43002829819,False,True,False,0.3348847961370472,0.3348847961370472,16,11530.491525473146,-7686.539825473146,2.9996452675180976,4000.0,0,0.0,0.0,480.4939625,20.449676345490616,21.713615861868263,0.9417904634392432,0.0,13.160913397243462,8.024216447839194,56.00000000000001,0.3651727918837609,0,19,20.449676345490616,0.5868756079424406,0.9708920184493957,True,0.14,67.77,47.43899999999999,0.5373738803424736,0.5373738803424736,-0.0216246997064413,16,49.446657608695645,49.446657608695645,50.91173913043478,16,49.446657608695645,49.446657608695645,50.91173913043478,16,845.5032459666667,1035.0,1166.4495872833334,5.349105688611112,15.38,863.6527993,1035.0,1440.0,9.605786678333336,15.29193418120919
PM,31405,I66_WB,110-58628,4,4.0,16495.9747,0.0,30400.0,True,False,False,,0.5426307467105262,0,0.0,16495.9747,0.0,7600.0,0,0.0,0.0,1030.99841875,0.0,0.0,,0.0,0.0,0.0,232.0,0.0,0,0,0.0,0.0,,False,0.29,72.5265,50.76855,9.413891304347825,,,0,9.413891304347825,,,0,9.413891304347825,,,0,,,,,,,,,,
PM,31406,I66_WB,110+04183,2,4.0,3843.9517,11478.43002829819,11478.43002829819,False,True,False,0.3348847961370472,0.3348847961370472,16,11522.163623949878,-7678.211923949879,2.997478772678096,4000.0,0,0.0,0.0,480.4939625,42.3600438084095,44.97820428529853,0.94179046232522,0.0,27.26189205003402,16.62159113558198,116.0,0.365172791451806,0,19,42.3600438084095,1.2156709021519383,2.01113346676397,True,0.29,67.77,47.43899999999999,0.537373881826614,0.537373881826614,-0.0216247003116762,16,49.446657608695645,49.446657608695645,50.91173913043478,16,49.446657608695645,49.446657608695645,50.91173913043478,16,845.5032459666667,1035.0,1166.4495872833334,5.349105688611112,15.38,863.6527993,1035.0,1440.0,9.605786678333336,15.291934195216111
PM,31407,I66_EB,110N04182,2,4.0,7684.3782,0.0,16000.0,True,False,False,,0.4802736375,0,0.0,7684.3782,0.0,4000.0,0,0.0,0.0,960.547275,0.0,0.0,,0.0,0.0,0.0,64.0,0.0,0,0,0.0,0.0,,False,0.16,66.45,46.515,5.081766304347829,,,0,5.081766304347829,,,0,5.081766304347829,,,0,,,,,,,,,,
PM,31408,I66_EB,110P58629,4,4.0,11732.9217,0.0,30400.0,True,False,False,,0.3859513717105263,0,0.0,11732.9217,0.0,7600.0,0,0.0,0.0,733.30760625,0.0,0.0,,0.0,0.0,0.0,128.0,0.0,0,0,0.0,0.0,,False,0.16,71.79,50.253,2.7597826086956614,,,0,2.7597826086956614,,,0,2.7597826086956614,,,0,,,,,,,,,,
PM,31409,I66_EB,110+58629,4,4.0,11732.9217,0.0,30400.0,True,False,False,,0.3859513717105263,0,0.0,11732.9217,0.0,7600.0,0,0.0,0.0,733.30760625,0.0,0.0,,0.0,0.0,0.0,184.0,0.0,0,0,0.0,0.0,,False,0.23,72.0,50.4,2.5581249999999995,,,0,2.5581249999999995,,,0,2.5581249999999995,,,0,,,,,,,,,,
PM,31410,I66_EB,110-04182,2,4.0,7684.3782,0.0,16000.0,True,False,False,,0.4802736375,0,0.0,7684.3782,0.0,4000.0,0,0.0,0.0,960.547275,11.160304863214035,11.051318289119036,1.009861861837995,8.009601805793636,0.0,0.0,92.0,0.1213076615566743,0,11,11.160304863214035,1.0963834427163528,2.2823041350802566,True,0.23,64.7955,45.35685,6.399114130434785,,,0,6.399114130434785,,,0,6.399114130434785,,,0,,,,,,,,,,
PM,31411,I66_WB,110+04183,2,4.0,3843.9517,11478.43002829819,11478.43002829819,False,True,False,0.3348847961370472,0.3348847961370472,16,11529.936331971354,-7685.984631971354,2.999500834511358,4000.0,0,0.0,0.0,480.4939625,21.910367500459643,23.26458842343028,0.9417904628991084,0.0,14.100978668835296,8.597374737466907,60.0,0.3651727916743273,0,19,21.910367500459643,0.6287952942148425,1.0402414483234164,True,0.15,67.77,47.43899999999999,0.537373882661985,0.537373882661985,-0.021624705552421,16,49.446657608695645,49.446657608695645,50.91173913043478,16,49.446657608695645,49.446657608695645,50.91173913043478,16,845.5032459666667,1035.0,1166.4495872833334,5.349105688611112,15.38,863.6527993166667,1035.0,1440.0,9.605786678055557,15.291934188000454
PM,31412,I66_WB,110-58628,4,4.0,16495.9747,0.0,30400.0,True,False,False,,0.5426307467105262,0,0.0,16495.9747,0.0,7600.0,0,0.0,0.0,1030.99841875,0.0,0.0,,0.0,0.0,0.0,120.0,0.0,0,0,0.0,0.0,,False,0.15,72.5265,50.76855,9.413891304347825,,,0,9.413891304347825,,,0,9.413891304347825,,,0,,,,,,,,,,
PM,31413,I66_EB,110-04182,2,4.0,7684.3782,0.0,16000.0,True,False,False,,0.4802736375,0,0.0,7684.3782,0.0,4000.0,0,0.0,0.0,960.547275,8.35975827177458,8.648857791484462,0.9665736763535964,6.91300136702796,0.0,0.0,72.0,0.1161077537746469,0,12,8.35975827177458,0.8811329522328762,1.82997575557518,True,0.18,64.7955,45.35685,6.399114130434785,,,0,6.399114130434785,,,0,6.399114130434785,,,0,,,,,,,,,,
PM,31414,I66_WB,110P04183,2,4.0,3843.9517,12265.249268986474,12265.249268986474,False,True,False,0.3134018409001842,0.3134018409001842,16,12549.442816756353,-8705.491116756353,3.264724376416164,4000.0,0,0.0,0.0,480.4939625,65.59155734833962,67.35027279701751,0.9738870330343224,0.0,29.730431920911315,33.11035810414296,196.0,0.3346508027976511,0,19,65.59155734833962,1.971164145612416,3.2609764490611037,True,0.49,68.91,48.237,0.5202743508883374,0.5202743508883374,0.0757635625519945,16,47.37285326086956,47.37285326086956,48.69826086956522,16,47.37285326086956,47.37285326086956,48.69826086956522,16,848.8839540499999,1065.0,1170.4884649666667,5.3600751819444445,17.415797101449275,864.7999202833333,1065.0,1440.0,9.586667995277775,17.498838546086333
PM,31415,I66_EB,110N04183,2,4.0,7684.3782,0.0,16000.0,True,False,False,,0.4802736375,0,0.0,7684.3782,0.0,4000.0,0,0.0,0.0,960.547275,25.452027054748328,25.93351445999613,0.9814337772849676,17.620849060925707,0.0,0.0,184.0,0.1383262339931974,0,12,25.452027054748328,2.2051951009636843,4.589111639637643,True,0.46,67.1665,47.01655,5.713157608695651,,,0,5.713157608695651,,,0,5.713157608695651,,,0,,,,,,,,,,
PM,31416,I66_WB,110+04184,2,4.0,3843.9517,14155.133703706591,15155.133703706591,False,True,False,0.2715588408037038,0.2536402367113303,15,14470.441739640395,-10626.490039640395,3.764470229852367,4000.0,0,0.0,0.0,480.4939625,19.250093098419484,19.58445174834584,0.982927341841234,0.0,0.0,13.582660576426631,100.0,0.1925009309841948,0,15,19.600669609443912,0.9275038063252752,1.7269181057380691,True,0.25,68.98,48.286,3.273308664874513,2.1596451845617985,0.1425332307611029,15,30.988125000000007,31.72211594202899,31.116956521739134,15,30.988125000000007,31.72211594202899,31.116956521739134,15,907.3498532166668,1080.0,1162.9114303666668,4.259359619166667,28.853478260869565,928.3367766166666,1080.0,1440.0,8.527720389722223,29.015162308448364
PM,31417,I66_WB,110-58628,3,4.0,15611.3843,0.0,22800.0,True,False,False,,0.6847098377192983,0,0.0,15611.3843,0.0,5700.0,0,0.0,0.0,1300.9486916666667,0.0,0.0,,0.0,0.0,0.0,468.0,0.0,0,0,0.0,0.0,,False,0.78,72.5265,50.76855,9.413891304347825,,,0,9.413891304347825,,,0,9.413891304347825,,,0,,,,,,,,,,
PM,31418,I66_WB,110+04184,2,4.0,3843.9517,14155.133703706591,15155.133703706591,False,True,False,0.2715588408037038,0.2536402367113303,15,14491.589681811494,-10647.637981811497,3.7699718448105095,4000.0,0,0.0,0.0,480.4939625,60.24018258993499,61.10348945483902,0.9858713983013672,0.0,0.0,42.593127648173095,312.0,0.1930775083010736,0,15,62.16994108600306,3.02467001906189,5.631629093249521,True,0.78,68.98,48.286,3.525599174166749,2.428755061140184,-0.2363735685072328,15,30.988125000000007,31.72211594202899,31.116956521739134,15,30.988125000000007,31.72211594202899,31.116956521739134,15,907.3498532166668,1080.0,1162.9114303666668,4.259359619166667,28.853478260869565,930.4776218166668,1080.0,1440.0,8.49203963638889,28.964898938872924
PM,31419,I66_EB,110-04183,2,4.0,7684.3782,0.0,16000.0,True,False,False,,0.4802736375,0,0.0,7684.3782,0.0,4000.0,0,0.0,0.0,960.547275,28.57234946573442,31.53408902266746,0.9060781633868012,14.37342780794188,0.0,0.0,184.0,0.1552845079659479,0,12,28.57234946573442,2.5348489231557645,5.233938958442771,True,0.46,69.369,48.5583,5.68329347826087,,,0,5.68329347826087,,,0,5.68329347826087,,,0,,,,,,,,,,
PM,31420,I66_EB,110+58629,3,4.0,10649.5931,0.0,24000.0,True,False,False,,0.4437330458333333,0,0.0,10649.5931,0.0,6000.0,0,0.0,0.0,887.4660916666667,0.0,0.0,,0.0,0.0,0.0,276.0,0.0,0,0,0.0,0.0,,False,0.46,72.0,50.4,2.5581249999999995,,,0,2.5581249999999995,,,0,2.5581249999999995,,,0,,,,,,,,,,
PM,31421,I66_EB,110+58629,3,4.0,10649.5931,0.0,22800.0,True,False,False,,0.4670874166666666,0,0.0,10649.5931,0.0,5700.0,0,0.0,0.0,887.4660916666667,0.0,0.0,,0.0,0.0,0.0,390.0,0.0,0,0,0.0,0.0,,False,0.65,72.0,50.4,2.5581249999999995,,,0,2.5581249999999995,,,0,2.5581249999999995,,,0,,,,,,,,,,
PM,31422,I66_EB,110-04183,2,4.0,7684.3782,0.0,16000.0,True,False,False,,0.4802736375,0,0.0,7684.3782,0.0,4000.0,0,0.0,0.0,960.547275,40.851758820529085,44.55903883637793,0.916800718492558,19.97184357797028,0.0,0.0,260.0,0.1571221493097272,0,12,40.851758820529085,3.620582493147964,7.465373253993215,True,0.65,69.369,48.5583,5.68329347826087,,,0,5.68329347826087,,,0,5.68329347826087,,,0,,,,,,,,,,
PM,31423,I66_WB,110+04184,2,4.0,3843.9517,14155.133703706591,15155.133703706591,False,True,False,0.2715588408037038,0.2536402367113303,15,14492.83869471756,-10648.88699471756,3.770296774207012,4000.0,0,0.0,0.0,480.4939625,72.58626680044449,83.82145348292019,0.8659628744714498,0.0,0.0,47.93449056938505,428.0,0.1695940813094497,0,15,77.30086709455622,6.528610782153973,12.155611748578156,True,1.07,68.98,48.286,5.664564433373611,4.71031800429417,2.955549097548708,15,30.988125000000007,31.72211594202899,31.116956521739134,15,30.988125000000007,31.72211594202899,31.116956521739134,15,907.3498532166668,1080.0,1162.9114303666668,4.259359619166667,28.853478260869565,936.9621807666666,1080.0,1440.0,8.38396365388889,31.16366510708432
PM,31424,I66_WB,110-58628,3,4.0,15611.3843,0.0,24000.0,True,False,False,,0.6504743458333333,0,0.0,15611.3843,0.0,6000.0,0,0.0,0.0,1300.9486916666667,0.0,0.0,,0.0,0.0,0.0,234.0,0.0,0,0,0.0,0.0,,False,0.39,72.5265,50.76855,9.413891304347825,,,0,9.413891304347825,,,0,9.413891304347825,,,0,,,,,,,,,,
PM,31425,I66_WB,110-58628,3,4.0,15611.3843,0.0,24000.0,True,False,False,,0.6504743458333333,0,0.0,15611.3843,0.0,6000.0,0,0.0,0.0,1300.9486916666667,0.0,0.0,,0.0,0.0,0.0,402.0,0.0,0,0,0.0,0.0,,False,0.67,72.5265,50.76855,9.413891304347825,,,0,9.413891304347825,,,0,9.413891304347825,,,0,,,,,,,,,,
PM,31426,I66_WB,110+04184,2,4.0,3843.9517,14155.133703706591,15155.133703706591,False,True,False,0.2715588408037038,0.2536402367113303,15,14487.220844591471,-10643.269144591472,3.7688352963934153,4000.0,0,0.0,0.0,480.4939625,51.70803714446515,52.486330685566855,0.9851715002566236,0.0,0.0,36.60270598309944,268.0,0.1929404371062132,0,15,53.20473046755592,2.5807949150647485,4.805178626360323,True,0.67,68.98,48.286,3.4981928142335885,2.399521610544812,-0.2942222840339354,15,30.988125000000007,31.72211594202899,31.116956521739134,15,30.988125000000007,31.72211594202899,31.116956521739134,15,907.3498532166668,1080.0,1162.9114303666668,4.259359619166667,28.853478260869565,929.9061721666666,1080.0,1440.0,8.501563797222222,28.97683239250084
PM,31427,I66_EB,110-04183,2,4.0,7684.3782,0.0,16000.0,True,False,False,,0.4802736375,0,0.0,7684.3782,0.0,4000.0,0,0.0,0.0,960.547275,51.81625630181748,73.35103316142212,0.7064148120148014,22.888191003326824,0.0,0.0,428.0,0.1210660193967698,0,11,51.81625630181748,8.227370365056034,17.12663715395241,True,1.07,69.369,48.5583,5.68329347826087,,,0,5.68329347826087,,,0,5.68329347826087,,,0,,,,,,,,,,
PM,31428,I66_EB,110+58629,3,4.0,10649.5931,0.0,24000.0,True,False,False,,0.4437330458333333,0,0.0,10649.5931,0.0,6000.0,0,0.0,0.0,887.4660916666667,0.0,0.0,,0.0,0.0,0.0,300.0,0.0,0,0,0.0,0.0,,False,0.5,72.0,50.4,2.5581249999999995,,,0,2.5581249999999995,,,0,2.5581249999999995,,,0,,,,,,,,,,
PM,31429,I66_EB,110-04183,2,4.0,7684.3782,0.0,16000.0,True,False,False,,0.4802736375,0,0.0,7684.3782,0.0,4000.0,0,0.0,0.0,960.547275,40.72982449100039,45.930086185189566,0.8867787516613449,22.79483614836397,0.0,0.0,268.0,0.1519769570559715,0,12,40.72982449100039,3.649383082222632,7.590588291778197,True,0.67,69.369,48.5583,5.68329347826087,,,0,5.68329347826087,,,0,5.68329347826087,,,0,,,,,,,,,,
PM,31720,I66_EB,110P58636,3,4.0,13098.4689,0.0,24000.0,True,False,False,,0.5457695375,0,0.0,13098.4689,0.0,6000.0,0,0.0,0.0,1091.539075,0.0,0.0,,0.0,0.0,0.0,276.0,0.0,0,0,0.0,0.0,,False,0.46,68.766,48.1362,4.925103260869571,,,0,4.925103260869571,,,0,4.925103260869571,,,0,,,,,,,,,,
PM,31724,I66_EB,110+58636,3,4.0,8060.1482,0.0,24000.0,True,False,False,,0.3358395083333333,0,0.0,8060.1482,0.0,6000.0,0,0.0,0.0,671.6790166666666,0.0,0.0,,0.0,0.0,0.0,282.0,0.0,0,0,0.0,0.0,,False,0.47,67.763,47.4341,6.123951086956526,,,0,6.123951086956526,,,0,6.123951086956526,,,0,,,,,,,,,,
PM,31781,I66_EB,110+58635,4,4.0,16729.798,0.0,30400.0,True,False,False,,0.5503223026315789,0,0.0,16729.798,0.0,7600.0,0,0.0,0.0,1045.612375,0.0,0.0,,0.0,0.0,0.0,232.0,0.0,0,0,0.0,0.0,,False,0.29,70.1265,49.08854999999999,4.57913586956521,,,0,4.57913586956521,,,0,4.57913586956521,,,0,,,,,,,,,,
PM,31785,I66_EB,110+58635,4,4.0,14477.6979,0.0,30400.0,True,False,False,,0.4762400624999999,0,0.0,14477.6979,0.0,7600.0,0,0.0,0.0,904.85611875,0.0,0.0,,0.0,0.0,0.0,1144.0,0.0,0,0,0.0,0.0,,False,1.43,70.1265,49.08854999999999,4.57913586956521,,,0,4.57913586956521,,,0,4.57913586956521,,,0,,,,,,,,,,
PM,31790,I66_EB,110+58634,4,4.0,15651.1085,0.0,30400.0,True,False,False,,0.5148390953947368,0,0.0,15651.1085,0.0,7600.0,0,0.0,0.0,978.19428125,0.0,0.0,,0.0,0.0,0.0,424.0,0.0,0,0,0.0,0.0,,False,0.53,71.31,49.917,6.9443478260869576,,,0,6.9443478260869576,,,0,6.9443478260869576,,,0,,,,,,,,,,
PM,31795,I66_EB,110N04178,4,4.0,14020.2227,0.0,30400.0,True,False,False,,0.4611915361842105,0,0.0,14020.2227,0.0,7600.0,0,0.0,0.0,876.26391875,40.34574572823385,84.86117357417073,0.4754323329381096,16.594951670659384,0.0,0.0,792.0,0.0509415981417094,0,12,48.835707208553686,21.00497283961609,40.48179658601109,True,0.99,68.72,48.104,20.35910326086956,,,0,20.35910326086956,,,0,20.35910326086956,,,0,,,,,,,,,,
PM,31800,I66_EB,110+58633,4,4.0,16393.8649,0.0,32000.0,True,False,False,,0.512308278125,0,0.0,16393.8649,0.0,8000.0,0,0.0,0.0,1024.61655625,0.0,0.0,,0.0,0.0,0.0,48.0,0.0,0,0,0.0,0.0,,False,0.06,71.0,49.7,11.03774456521739,,,0,11.03774456521739,,,0,11.03774456521739,,,0,,,,,,,,,,
PM,31804,I66_EB,110N04179,4,4.0,12907.516,28801.065074538317,28801.065074538317,False,True,False,0.4481610651062671,0.4481610651062671,16,29260.168621523797,-16352.652621523794,2.26690934348048,7600.0,0,0.0,0.0,806.71975,331.3851050062003,325.71288128295055,1.0174147970473488,212.11506025731228,115.64225014138788,35.84511439803282,880.0000000000001,0.3765739829615912,0,36,570.9948425894788,19.937245465095096,23.32249611440448,True,1.1,68.35300000000001,47.847100000000005,3.321459181934207,3.321459181934207,3.239813423448652,16,30.19601630434784,30.19601630434784,29.728217391304355,16,30.19601630434784,30.19601630434784,29.728217391304355,16,820.2718197166666,1050.0,1131.0976901,5.180431173055555,29.38826086956522,994.5887959,1050.0,1121.2500179166666,2.1110203669444445,29.920857129021183
PM,31809,I66_EB,110+58631,4,4.0,13605.367,0.0,30400.0,True,False,False,,0.4475449671052631,0,0.0,13605.367,0.0,7600.0,0,0.0,0.0,850.3354375,0.0,0.0,,0.0,0.0,0.0,96.0,0.0,0,0,0.0,0.0,,False,0.12,72.45649999999999,50.71954999999999,2.497967391304337,,,0,2.497967391304337,,,0,2.497967391304337,,,0,,,,,,,,,,
PM,31818,I66_EB,110+58630,5,4.0,12575.9156,0.0,38000.0,True,False,False,,0.330945147368421,0,0.0,12575.9156,0.0,9500.0,0,0.0,0.0,628.79578,0.0,0.0,,0.0,0.0,0.0,320.0,0.0,0,0,0.0,0.0,,False,0.32,71.1965,49.83755,2.2909293478260877,,,0,2.2909293478260877,,,0,2.2909293478260877,,,0,,,,,,,,,,
PM,31823,I66_EB,110+58630,4,4.0,10179.5112,0.0,30400.0,True,False,False,,0.3348523421052632,0,0.0,10179.5112,0.0,7600.0,0,0.0,0.0,636.21945,0.0,0.0,,0.0,0.0,0.0,376.0,0.0,0,0,0.0,0.0,,False,0.47,71.1965,49.83755,2.2909293478260877,,,0,2.2909293478260877,,,0,2.2909293478260877,,,0,,,,,,,,,,
PM,31829,I66_EB,110+58629,4,4.0,11732.9217,0.0,30400.0,True,False,False,,0.3859513717105263,0,0.0,11732.9217,0.0,7600.0,0,0.0,0.0,733.30760625,0.0,0.0,,0.0,0.0,0.0,144.0,0.0,0,0,0.0,0.0,,False,0.18,72.0,50.4,2.5581249999999995,,,0,2.5581249999999995,,,0,2.5581249999999995,,,0,,,,,,,,,,
PM,31833,I66_EB,110+58629,3,4.0,9513.2102,0.0,22800.0,True,False,False,,0.4172460614035087,0,0.0,9513.2102,0.0,5700.0,0,0.0,0.0,792.7675166666667,0.0,0.0,,0.0,0.0,0.0,276.0,0.0,0,0,0.0,0.0,,False,0.46,72.0,50.4,2.5581249999999995,,,0,2.5581249999999995,,,0,2.5581249999999995,,,0,,,,,,,,,,
PM,32029,I66_WB,110+04178,4,4.0,14995.3255,26357.756666635734,26357.756666635734,False,True,False,0.5689150897648825,0.5689150897648825,16,27078.65421975524,-12083.32871975524,1.8058063641069504,7600.0,0,0.0,0.0,937.20784375,24.621145820882475,24.69536909444436,0.9969944456680108,0.0,17.720673874339127,15.3729716680009,112.0,0.2198316591150221,0,22,26.04421584103534,1.2399279844652682,1.9062804471049863,True,0.14,67.7165,47.40154999999999,0.5456165578281631,0.5456165578281631,0.1243355030108173,16,39.66764130434783,39.66764130434783,39.11041304347826,16,39.66764130434783,39.66764130434783,39.11041304347826,16,795.5562686666667,1065.0,1178.8039189,6.387460837222222,24.70275362318841,820.2358760333334,1065.0,1440.0,10.32940206611111,24.546214389479157
PM,32031,I66_WB,110P04178,4,4.0,14328.9325,29210.549257073464,29210.549257073464,False,True,False,0.4905396462728336,0.4905396462728336,16,29607.489833638327,-15278.557333638326,2.0662732435677484,7600.0,0,0.0,0.0,895.55828125,70.96264641111611,99.5611401556754,0.7127544572125005,0.0,34.04095553449747,40.40609775767939,688.0,0.1031433814115059,0,21,84.32531659442179,16.802720090197887,26.44061893801896,True,0.86,67.38,47.166,6.401909237910073,6.401909237910073,6.267204540467684,16,29.69701086956521,29.69701086956521,28.548043478260865,16,29.69701086956521,29.69701086956521,28.548043478260865,16,811.2765456833333,1080.0,1172.4904363333333,6.020231510833335,33.48985507246376,916.6832227,1065.0,1440.0,8.721946288333333,38.48070196014591
PM,32032,I66_WB,110+04179,4,4.0,17982.9651,0.0,32000.0,True,False,False,,0.561967659375,0,0.0,17982.9651,0.0,8000.0,0,0.0,0.0,1123.93531875,0.0,0.0,,0.0,0.0,0.0,480.0,0.0,0,0,0.0,0.0,,False,0.6,66.71,46.697,16.393288043478254,,,0,16.393288043478254,,,0,16.393288043478254,,,0,,,,,,,,,,
PM,32034,I66_WB,110P04179,4,4.0,15122.2215,0.0,30400.0,True,False,False,,0.4974414967105263,0,0.0,15122.2215,0.0,7600.0,0,0.0,0.0,945.13884375,0.0,0.0,,0.0,0.0,0.0,744.0,0.0,0,0,0.0,0.0,,False,0.93,68.25,47.775,8.037038043478258,,,0,8.037038043478258,,,0,8.037038043478258,,,0,,,,,,,,,,
PM,32035,I66_WB,110+04180,4,4.0,16882.902,0.0,30400.0,True,False,False,,0.5553586184210526,0,0.0,16882.902,0.0,7600.0,0,0.0,0.0,1055.181375,0.0,0.0,,0.0,0.0,0.0,120.0,0.0,0,0,0.0,0.0,,False,0.15,67.7765,47.44355,8.904815217391302,,,0,8.904815217391302,,,0,8.904815217391302,,,0,,,,,,,,,,
PM,32037,I66_WB,110P04181,4,4.0,16316.3355,22508.62416365737,30108.62416365737,False,True,False,0.7248926181078853,0.5419156787540841,12,22498.05805501808,-6181.722555018079,1.3788670902861786,7600.0,0,0.0,0.0,1019.77096875,52.69047078362064,93.41592179168438,0.5640416512842353,0.0,0.0,0.0,920.0,0.0572722508517615,0,11,53.43222046116466,19.682869798650955,40.9731608317705,True,1.15,68.3265,47.82854999999999,12.059471040078684,11.29368602445274,9.99832101193051,12,22.362668478260865,25.031282608695648,25.376717391304343,12,22.362668478260865,25.031282608695648,25.376717391304343,12,910.3098008666668,1035.0,1088.2248369666663,2.965250601666667,40.32753623188406,,,,,
PM,32038,I66_WB,110P04181,5,4.0,18392.636,28135.780204571707,37635.78020457171,False,True,False,0.6537098266431378,0.4887008028005701,12,28169.297042648675,-9776.661042648677,1.5315530108163222,9500.0,0,0.0,0.0,919.6318,22.640867552749118,23.353980447921103,0.9694650384433516,0.0,0.0,0.0,230.0,0.09843855457717,0,12,22.640867552749118,2.2810288028802725,4.747667354152394,True,0.23,68.3265,47.82854999999999,5.672077906054316,2.8260371201322045,0.1922553073584865,12,22.362668478260865,25.031282608695648,25.376717391304343,12,22.362668478260865,25.031282608695648,25.376717391304343,12,910.3098008666668,1035.0,1088.2248369666663,2.965250601666667,40.32753623188406,934.0880676,1035.0,1079.376366,2.42147164,39.81000483807844
PM,32041,I66_WB,110-58629,3,4.0,12543.0868,0.0,22800.0,True,False,False,,0.5501353859649123,0,0.0,12543.0868,0.0,5700.0,0,0.0,0.0,1045.2572333333333,0.0,0.0,,0.0,0.0,0.0,12.0,0.0,0,0,0.0,0.0,,False,0.02,71.46,50.02199999999999,6.697146739130428,,,0,6.697146739130428,,,0,6.697146739130428,,,0,,,,,,,,,,
PM,32042,I66_WB,110N58629,4,4.0,16495.9747,0.0,30400.0,True,False,False,,0.5426307467105262,0,0.0,16495.9747,0.0,7600.0,0,0.0,0.0,1030.99841875,0.0,0.0,,0.0,0.0,0.0,112.0,0.0,0,0,0.0,0.0,,False,0.14,72.46,50.722,17.64980978260869,,,0,17.64980978260869,,,0,17.64980978260869,,,0,,,,,,,,,,
PM,32044,I66_WB,110-58628,3,4.0,12910.2884,0.0,24000.0,True,False,False,,0.5379286833333333,0,0.0,12910.2884,0.0,6000.0,0,0.0,0.0,1075.8573666666666,0.0,0.0,,0.0,0.0,0.0,294.0,0.0,0,0,0.0,0.0,,False,0.49,72.5265,50.76855,9.413891304347825,,,0,9.413891304347825,,,0,9.413891304347825,,,0,,,,,,,,,,
PM,32045,I66_WB,110-58628,3,4.0,15611.3843,0.0,24000.0,True,False,False,,0.6504743458333333,0,0.0,15611.3843,0.0,6000.0,0,0.0,0.0,1300.9486916666667,0.0,0.0,,0.0,0.0,0.0,150.0,0.0,0,0,0.0,0.0,,False,0.25,72.5265,50.76855,9.413891304347825,,,0,9.413891304347825,,,0,9.413891304347825,,,0,,,,,,,,,,
PM,32130,I66_WB,110+04174,2,4.0,7484.5323,0.0,16000.0,True,False,False,,0.46778326875,0,0.0,7484.5323,0.0,4000.0,0,0.0,0.0,935.5665375,0.0,0.0,,0.0,0.0,0.0,32.0,0.0,0,0,0.0,0.0,,False,0.08,64.99300000000001,45.4951,2.5132173913043565,,,0,2.5132173913043565,,,0,2.5132173913043565,,,0,,,,,,,,,,
PM,32133,I66_WB,110+04173,4,4.0,13422.6055,0.0,32000.0,True,False,False,,0.419456421875,0,0.0,13422.6055,0.0,8000.0,0,0.0,0.0,838.91284375,0.0,0.0,,0.0,0.0,0.0,72.0,0.0,0,0,0.0,0.0,,False,0.09,65.1795,45.62565,2.059744565217397,,,0,2.059744565217397,,,0,2.059744565217397,,,0,,,,,,,,,,
PM,32134,I66_WB,110P04173,4,4.0,13422.6055,0.0,32000.0,True,False,False,,0.419456421875,0,0.0,13422.6055,0.0,8000.0,0,0.0,0.0,838.91284375,0.0,0.0,,0.0,0.0,0.0,136.0,0.0,0,0,0.0,0.0,,False,0.17,66.763,46.7341,1.9393315217391371,,,0,1.9393315217391371,,,0,1.9393315217391371,,,0,,,,,,,,,,
PM,32136,I66_WB,110+04174,2,4.0,7484.5323,0.0,16000.0,True,False,False,,0.46778326875,0,0.0,7484.5323,0.0,4000.0,0,0.0,0.0,935.5665375,0.0,0.0,,0.0,0.0,0.0,124.0,0.0,0,0,0.0,0.0,,False,0.31,64.99300000000001,45.4951,2.5132173913043565,,,0,2.5132173913043565,,,0,2.5132173913043565,,,0,,,,,,,,,,
PM,32140,I66_WB,110+04173,4,4.0,13422.6055,0.0,32000.0,True,False,False,,0.419456421875,0,0.0,13422.6055,0.0,8000.0,0,0.0,0.0,838.91284375,0.0,0.0,,0.0,0.0,0.0,120.0,0.0,0,0,0.0,0.0,,False,0.15,65.1795,45.62565,2.059744565217397,,,0,2.059744565217397,,,0,2.059744565217397,,,0,,,,,,,,,,
PM,32141,I395_NB,110+04122,4,4.0,17263.9179,0.0,32000.0,True,False,False,,0.539497434375,0,0.0,17263.9179,0.0,8000.0,0,0.0,0.0,1078.99486875,0.0,0.0,,0.0,0.0,0.0,304.0,0.0,0,0,0.0,0.0,,False,0.38,66.5465,46.58254999999999,15.558048913043471,,,0,15.558048913043471,,,0,15.558048913043471,,,0,,,,,,,,,,
PM,32367,I66_EB,110+58629,3,4.0,10649.5931,0.0,24000.0,True,False,False,,0.4437330458333333,0,0.0,10649.5931,0.0,6000.0,0,0.0,0.0,887.4660916666667,0.0,0.0,,0.0,0.0,0.0,234.0,0.0,0,0,0.0,0.0,,False,0.39,72.0,50.4,2.5581249999999995,,,0,2.5581249999999995,,,0,2.5581249999999995,,,0,,,,,,,,,,
PM,32368,I66_WB,110-58628,3,4.0,15611.3843,0.0,24000.0,True,False,False,,0.6504743458333333,0,0.0,15611.3843,0.0,6000.0,0,0.0,0.0,1300.9486916666667,0.0,0.0,,0.0,0.0,0.0,102.0,0.0,0,0,0.0,0.0,,False,0.17,72.5265,50.76855,9.413891304347825,,,0,9.413891304347825,,,0,9.413891304347825,,,0,,,,,,,,,,
PM,32369,I66_WB,110-58628,3,4.0,15611.3843,0.0,24000.0,True,False,False,,0.6504743458333333,0,0.0,15611.3843,0.0,6000.0,0,0.0,0.0,1300.9486916666667,0.0,0.0,,0.0,0.0,0.0,306.0,0.0,0,0,0.0,0.0,,False,0.51,72.5265,50.76855,9.413891304347825,,,0,9.413891304347825,,,0,9.413891304347825,,,0,,,,,,,,,,
PM,32370,I66_EB,110+58629,3,4.0,10649.5931,0.0,24000.0,True,False,False,,0.4437330458333333,0,0.0,10649.5931,0.0,6000.0,0,0.0,0.0,887.4660916666667,0.0,0.0,,0.0,0.0,0.0,102.0,0.0,0,0,0.0,0.0,,False,0.17,72.0,50.4,2.5581249999999995,,,0,2.5581249999999995,,,0,2.5581249999999995,,,0,,,,,,,,,,
PM,32551,I66_WB,110P04174,2,4.0,3690.5262,0.0,16000.0,True,False,False,,0.2306578875,0,0.0,3690.5262,0.0,4000.0,0,0.0,0.0,461.315775,0.0,0.0,,0.0,0.0,0.0,196.0,0.0,0,0,0.0,0.0,,False,0.49,64.58,45.206,2.5791032608695628,,,0,2.5791032608695628,,,0,2.5791032608695628,,,0,,,,,,,,,,
PM,32552,I66_WB,110+04175,2,4.0,4908.8713,0.0,16000.0,True,False,False,,0.3068044562499999,0,0.0,4908.8713,0.0,4000.0,0,0.0,0.0,613.6089125,0.0,0.0,,0.0,0.0,0.0,260.0,0.0,0,0,0.0,0.0,,False,0.65,65.6665,45.96655,1.749380434782608,,,0,1.749380434782608,,,0,1.749380434782608,,,0,,,,,,,,,,
PM,32573,I66_WB,110P04175,2,4.0,1383.339,0.0,16000.0,True,False,False,,0.0864586874999999,0,0.0,1383.339,0.0,4000.0,0,0.0,0.0,172.917375,0.0,0.0,,0.0,0.0,0.0,280.0,0.0,0,0,0.0,0.0,,False,0.7,66.7965,46.75755,8.53538586956521,,,0,8.53538586956521,,,0,8.53538586956521,,,0,,,,,,,,,,
PM,32581,I395_NB,110P04120,3,4.0,15481.5335,19652.556882591467,19652.556882591467,False,True,False,0.7877617957037324,0.7877617957037324,16,20474.58937823253,-4993.05587823253,1.3225168797543556,5700.0,0,0.0,0.0,1290.1277916666666,162.82719558895246,171.0394679939617,0.9519860971194136,96.46728028419308,0.0,27.33876954357561,408.0,0.3990862636984129,0,30,307.4685478839683,7.809463037540095,10.114443636899718,True,0.68,65.65,45.955,2.04736313426654,2.04736313426654,0.2042133717839291,16,36.95138586956522,36.95138586956522,37.93673913043479,16,36.95138586956522,36.95138586956522,37.93673913043479,16,889.1827372833334,1050.0,1140.6613812833334,4.191310733333333,18.105652173913043,913.2886480666668,1035.0,1440.0,8.77852253222222,17.59840881766824
PM,32590,I395_SB,110N04120,3,4.0,24300.5626,0.0,22800.0,False,False,True,,1.065814149122807,0,0.0,24300.5626,0.0,5700.0,15,1525.2392490839247,0.0627655941218383,2025.0468833333332,0.0,0.0,,0.0,0.0,0.0,420.0,0.0,0,15,0.0,0.0,,False,0.7,65.765,46.0355,17.616304347826087,,,0,39.239360601983066,,,0,17.616304347826087,,,0,,,,,,,,,,
PM,32611,I395_SB,110N04121,4,4.0,23070.3427,0.0,32000.0,True,False,False,,0.720948209375,0,0.0,23070.3427,0.0,8000.0,0,0.0,0.0,1441.89641875,0.0,0.0,,0.0,0.0,0.0,344.0,0.0,0,0,0.0,0.0,,False,0.43,65.8365,46.08555,16.431690217391306,,,0,16.431690217391306,,,0,16.431690217391306,,,0,,,,,,,,,,
PM,32616,I395_SB,110-04121,4,4.0,20140.801,0.0,30400.0,True,False,False,,0.6625263486842106,0,0.0,20140.801,0.0,7600.0,0,0.0,0.0,1258.8000625,0.0,0.0,,0.0,0.0,0.0,256.0,0.0,0,0,0.0,0.0,,False,0.32,66.4665,46.52654999999999,13.97052173913043,,,0,13.97052173913043,,,0,13.97052173913043,,,0,,,,,,,,,,
PM,32619,I395_SB,110-04121,4,4.0,21036.3962,0.0,30400.0,True,False,False,,0.6919867171052632,0,0.0,21036.3962,0.0,7600.0,0,0.0,0.0,1314.7747625,0.0,0.0,,0.0,0.0,0.0,240.0,0.0,0,0,0.0,0.0,,False,0.3,66.4665,46.52654999999999,13.97052173913043,,,0,13.97052173913043,,,0,13.97052173913043,,,0,,,,,,,,,,
PM,32622,I395_NB,110+04122,4,4.0,17263.9179,0.0,30400.0,True,False,False,,0.5678920361842106,0,0.0,17263.9179,0.0,7600.0,0,0.0,0.0,1078.99486875,0.0,0.0,,0.0,0.0,0.0,296.0,0.0,0,0,0.0,0.0,,False,0.37,66.5465,46.58254999999999,15.558048913043471,,,0,15.558048913043471,,,0,15.558048913043471,,,0,,,,,,,,,,
PM,32624,I395_SB,110N04122,4,4.0,21036.3962,0.0,30400.0,True,False,False,,0.6919867171052632,0,0.0,21036.3962,0.0,7600.0,0,0.0,0.0,1314.7747625,0.0,0.0,,0.0,0.0,0.0,264.0,0.0,0,0,0.0,0.0,,False,0.33,65.31649999999999,45.72154999999999,14.595222826086946,,,0,14.595222826086946,,,0,14.595222826086946,,,0,,,,,,,,,,
PM,32627,I395_SB,110-04121,4,4.0,25086.9052,0.0,32000.0,True,False,False,,0.7839657875,0,0.0,25086.9052,0.0,8000.0,0,0.0,0.0,1567.931575,0.0,0.0,,0.0,0.0,0.0,376.0,0.0,0,0,0.0,0.0,,False,0.47,66.4665,46.52654999999999,13.97052173913043,,,0,13.97052173913043,,,0,13.97052173913043,,,0,,,,,,,,,,
PM,32843,I66_EB,110+58630,5,4.0,18281.5172,0.0,40000.0,True,False,False,,0.45703793,0,0.0,18281.5172,0.0,10000.0,0,0.0,0.0,914.07586,0.0,0.0,,0.0,0.0,0.0,230.0,0.0,0,0,0.0,0.0,,False,0.23,71.1965,49.83755,2.2909293478260877,,,0,2.2909293478260877,,,0,2.2909293478260877,,,0,,,,,,,,,,
PM,32847,I66_WB,110-58629,1,4.0,3262.9332,0.0,8000.0,True,False,False,,0.40786665,0,0.0,3262.9332,0.0,2000.0,0,0.0,0.0,815.7333,0.0,0.0,,0.0,0.0,0.0,2.0,0.0,0,0,0.0,0.0,,False,0.01,71.46,50.02199999999999,6.697146739130428,,,0,6.697146739130428,,,0,6.697146739130428,,,0,,,,,,,,,,
PM,32848,I66_WB,110-58629,5,4.0,18221.3593,0.0,40000.0,True,False,False,,0.4555339825,0,0.0,18221.3593,0.0,10000.0,0,0.0,0.0,911.067965,0.0,0.0,,0.0,0.0,0.0,970.0,0.0,0,0,0.0,0.0,,False,0.97,71.46,50.02199999999999,6.697146739130428,,,0,6.697146739130428,,,0,6.697146739130428,,,0,,,,,,,,,,
PM,32854,I66_WB,110N58631,2,4.0,6712.9062,0.0,16000.0,True,False,False,,0.4195566375,0,0.0,6712.9062,0.0,4000.0,0,0.0,0.0,839.113275,0.0,0.0,,0.0,0.0,0.0,88.0,0.0,0,0,0.0,0.0,,False,0.22,71.59,50.113,4.585027173913047,,,0,4.585027173913047,,,0,4.585027173913047,,,0,,,,,,,,,,
PM,32866,I66_EB,110N04182,2,4.0,5597.8329,0.0,16000.0,True,False,False,,0.34986455625,0,0.0,5597.8329,0.0,4000.0,0,0.0,0.0,699.7291125,0.0,0.0,,0.0,0.0,0.0,180.0,0.0,0,0,0.0,0.0,,False,0.45,66.45,46.515,5.081766304347829,,,0,5.081766304347829,,,0,5.081766304347829,,,0,,,,,,,,,,
PM,32867,I66_WB,110P04182,2,4.0,2894.6416,13452.148449435732,13452.148449435732,False,True,False,0.2151806167528146,0.2151806167528146,16,13303.23003695663,-10408.58843695663,4.595812496081252,4000.0,0,0.0,0.0,361.8302,44.26942205002831,44.45933704238272,0.9957283440332596,0.0,20.472901315386025,18.038770185425165,180.0,0.2459412336112684,0,17,44.26942205002831,1.888458371156169,3.3028178790654987,True,0.45,68.559,47.9913,0.3376422132374417,0.3376422132374417,-0.0303148976139322,16,41.93647282608696,41.93647282608696,44.15052173913043,16,41.93647282608696,41.93647282608696,44.15052173913043,16,873.7586626333334,1005.0,1150.297046,4.608973056111111,22.91724637681158,894.3018642333334,1020.0,1440.0,9.094968929444445,22.653580909965843
PM,32868,I66_WB,110+04182,5,4.0,18392.636,36128.16416393938,38628.16416393938,False,True,False,0.5090941215983028,0.4761457449010768,15,35935.66365443606,-17543.02765443606,1.9538071462098237,10000.0,0,0.0,0.0,919.6318,55.68773238755375,56.28472273634961,0.9893933856333932,0.0,0.0,0.1385054356783257,390.0,0.1427890574039839,0,15,55.68773238755375,3.756051288010343,6.993295468798782,True,0.39,67.62,47.334,3.125737421690548,2.38283285633991,-0.0080794960953269,15,27.806875000000005,28.698579710144934,30.456086956521744,15,27.806875000000005,28.698579710144934,30.456086956521744,15,898.7701734166666,1050.0,1116.99769865,3.637125420555555,33.91695652173913,912.89679065,1035.0,1110.9688195666668,3.301200481944444,33.68242851471947
PM,32869,I66_EB,110N04181,5,4.0,18281.5172,0.0,38000.0,True,False,False,,0.4810925578947368,0,0.0,18281.5172,0.0,9500.0,0,0.0,0.0,914.07586,0.0,0.0,,0.0,0.0,0.0,390.0,0.0,0,0,0.0,0.0,,False,0.39,67.0865,46.96055,4.967260869565216,,,0,4.967260869565216,,,0,4.967260869565216,,,0,,,,,,,,,,
PM,35757,I66_WB,110-58629,4,4.0,13869.5973,0.0,30400.0,True,False,False,,0.4562367532894736,0,0.0,13869.5973,0.0,7600.0,0,0.0,0.0,866.84983125,0.0,0.0,,0.0,0.0,0.0,368.0,0.0,0,0,0.0,0.0,,False,0.46,71.46,50.02199999999999,6.697146739130428,,,0,6.697146739130428,,,0,6.697146739130428,,,0,,,,,,,,,,
PM,35760,I66_EB,110-04181,1,4.0,4340.4783,0.0,7600.0,True,False,False,,0.5711155657894736,0,0.0,4340.4783,0.0,1900.0,0,0.0,0.0,1085.119575,0.0,0.0,,0.0,0.0,0.0,56.00000000000001,0.0,0,0,0.0,0.0,,False,0.28,65.59649999999999,45.91754999999999,6.398728260869557,,,0,6.398728260869557,,,0,6.398728260869557,,,0,,,,,,,,,,
PM,35765,I66_WB,110N58631,2,4.0,3460.1793,0.0,16000.0,True,False,False,,0.2162612062499999,0,0.0,3460.1793,0.0,4000.0,0,0.0,0.0,432.5224125,0.0,0.0,,0.0,0.0,0.0,40.0,0.0,0,0,0.0,0.0,,False,0.1,71.59,50.113,4.585027173913047,,,0,4.585027173913047,,,0,4.585027173913047,,,0,,,,,,,,,,
PM,35779,I66_EB,110N04176,2,4.0,5830.4727,0.0,16000.0,True,False,False,,0.36440454375,0,0.0,5830.4727,0.0,4000.0,0,0.0,0.0,728.8090875,0.0,0.0,,0.0,0.0,0.0,476.0,0.0,0,0,0.0,0.0,,False,1.19,67.19,47.033,10.657445652173909,,,0,10.657445652173909,,,0,10.657445652173909,,,0,,,,,,,,,,
PM,35786,I66_WB,110+04181,4,4.0,16882.902,0.0,30400.0,True,False,False,,0.5553586184210526,0,0.0,16882.902,0.0,7600.0,0,0.0,0.0,1055.181375,0.0,0.0,,0.0,0.0,0.0,256.0,0.0,0,0,0.0,0.0,,False,0.32,68.8665,48.20655,11.597559782608696,,,0,11.597559782608696,,,0,11.597559782608696,,,0,,,,,,,,,,
PM,35787,I66_EB,110N04180,4,4.0,13605.367,0.0,30400.0,True,False,False,,0.4475449671052631,0,0.0,13605.367,0.0,7600.0,0,0.0,0.0,850.3354375,60.19095096941624,58.538160750359005,1.0282344063747697,42.87142677991824,0.0,0.0,280.0,0.2149676820336294,0,13,60.19095096941624,2.73361507847251,5.2683548032238,True,0.35,68.533,47.9731,14.58446739130435,,,0,14.58446739130435,,,0,14.58446739130435,,,0,,,,,,,,,,
PM,38163,I66_EB,110+58628,3,4.0,13523.9934,0.0,24000.0,True,False,False,,0.563499725,0,0.0,13523.9934,0.0,6000.0,0,0.0,0.0,1126.99945,0.0,0.0,,0.0,0.0,0.0,270.0,0.0,0,0,0.0,0.0,,False,0.45,72.3065,50.61455,4.362505434782609,,,0,4.362505434782609,,,0,4.362505434782609,,,0,,,,,,,,,,
PM,38167,I66_EB,110+58628,3,4.0,7133.3903,0.0,24000.0,True,False,False,,0.2972245958333333,0,0.0,7133.3903,0.0,6000.0,0,0.0,0.0,594.4491916666667,0.0,0.0,,0.0,0.0,0.0,210.0,0.0,0,0,0.0,0.0,,False,0.35,72.3065,50.61455,4.362505434782609,,,0,4.362505434782609,,,0,4.362505434782609,,,0,,,,,,,,,,
PM,38189,I66_EB,110P58625,3,4.0,8914.8384,0.0,24000.0,True,False,False,,0.3714516,0,0.0,8914.8384,0.0,6000.0,0,0.0,0.0,742.9032000000001,0.0,0.0,,0.0,0.0,0.0,72.0,0.0,0,0,0.0,0.0,,False,0.12,72.32,50.624,3.051657608695645,,,0,3.051657608695645,,,0,3.051657608695645,,,0,,,,,,,,,,
PM,38500,I66_EB,110+58626,4,4.0,9550.6969,0.0,32000.0,True,False,False,,0.298459278125,0,0.0,9550.6969,0.0,8000.0,0,0.0,0.0,596.91855625,0.0,0.0,,0.0,0.0,0.0,200.0,0.0,0,0,0.0,0.0,,False,0.25,72.79,50.953,3.786005434782616,,,0,3.786005434782616,,,0,3.786005434782616,,,0,,,,,,,,,,
PM,38749,I66_WB,110-58627,3,4.0,10011.8066,0.0,24000.0,True,False,False,,0.4171586083333333,0,0.0,10011.8066,0.0,6000.0,0,0.0,0.0,834.3172166666667,0.0,0.0,,0.0,0.0,0.0,282.0,0.0,0,0,0.0,0.0,,False,0.47,72.26,50.582,3.4213315217391367,,,0,3.4213315217391367,,,0,3.4213315217391367,,,0,,,,,,,,,,
PM,38801,I66_WB,110-58627,3,4.0,12131.9057,0.0,24000.0,True,False,False,,0.5054960708333333,0,0.0,12131.9057,0.0,6000.0,0,0.0,0.0,1010.9921416666666,0.0,0.0,,0.0,0.0,0.0,234.0,0.0,0,0,0.0,0.0,,False,0.39,72.26,50.582,3.4213315217391367,,,0,3.4213315217391367,,,0,3.4213315217391367,,,0,,,,,,,,,,
PM,38954,I66_WB,110+04184,2,4.0,3843.9517,14155.133703706591,15155.133703706591,False,True,False,0.2715588408037038,0.2536402367113303,15,14494.150133512576,-10650.198433512576,3.770637943633,4000.0,0,0.0,0.0,480.4939625,76.07778370787685,88.5217219025232,0.8594250323287979,0.0,0.0,50.15739296078175,452.0,0.168313680769639,0,15,80.91725505094735,7.113105500935237,13.24388168956173,True,1.13,68.98,48.286,5.845232866668905,4.903030999809149,3.087288766464301,15,30.988125000000007,31.72211594202899,31.116956521739134,15,30.988125000000007,31.72211594202899,31.116956521739134,15,907.3498532166668,1080.0,1162.9114303666668,4.259359619166667,28.853478260869565,937.8438224666668,1080.0,1440.0,8.369269625555555,31.293186405455
PM,38959,I66_WB,110N58625,3,4.0,6731.6481,0.0,24000.0,True,False,False,,0.2804853375,0,0.0,6731.6481,0.0,6000.0,0,0.0,0.0,560.970675,0.0,0.0,,0.0,0.0,0.0,528.0,0.0,0,0,0.0,0.0,,False,0.88,71.79,50.253,2.545788043478267,,,0,2.545788043478267,,,0,2.545788043478267,,,0,,,,,,,,,,
PM,39007,I66_WB,110-58625,4,4.0,14311.5164,0.0,32000.0,True,False,False,,0.4472348875,0,0.0,14311.5164,0.0,8000.0,0,0.0,0.0,894.469775,0.0,0.0,,0.0,0.0,0.0,120.0,0.0,0,0,0.0,0.0,,False,0.15,71.6795,50.17565,3.061211956521744,,,0,3.061211956521744,,,0,3.061211956521744,,,0,,,,,,,,,,
PM,39080,I66_WB,110-58628,3,4.0,15611.3843,0.0,24000.0,True,False,False,,0.6504743458333333,0,0.0,15611.3843,0.0,6000.0,0,0.0,0.0,1300.9486916666667,0.0,0.0,,0.0,0.0,0.0,677.9999999999999,0.0,0,0,0.0,0.0,,False,1.13,72.5265,50.76855,9.413891304347825,,,0,9.413891304347825,,,0,9.413891304347825,,,0,,,,,,,,,,
PM,39139,I66_WB,110-58627,3,4.0,16041.5009,0.0,24000.0,True,False,False,,0.6683958708333333,0,0.0,16041.5009,0.0,6000.0,0,0.0,0.0,1336.791741666667,0.0,0.0,,0.0,0.0,0.0,246.0,0.0,0,0,0.0,0.0,,False,0.41,72.26,50.582,3.4213315217391367,,,0,3.4213315217391367,,,0,3.4213315217391367,,,0,,,,,,,,,,
PM,39141,I66_WB,110+04184,2,4.0,3413.8351,14155.133703706591,15155.133703706591,False,True,False,0.2411729321289328,0.2252593191682007,15,14476.75225354954,-11062.91715354954,4.24061263344253,4000.0,0,0.0,0.0,426.7293875,31.60302665795632,32.118500867287175,0.9839508633525338,0.0,0.0,22.326710204149435,164.0,0.1927013820607092,0,15,32.13184542800366,1.5385178657102987,2.864564371787424,True,0.41,68.98,48.286,3.3599025905309965,2.252012038595381,-0.2122853647515299,15,30.988125000000007,31.72211594202899,31.116956521739134,15,30.988125000000007,31.72211594202899,31.116956521739134,15,907.3498532166668,1080.0,1162.9114303666668,4.259359619166667,28.853478260869565,928.9656006333332,1080.0,1440.0,8.517239989444445,28.997668132206226
PM,39142,I66_EB,110-04183,2,4.0,7684.3782,0.0,16000.0,True,False,False,,0.4802736375,0,0.0,7684.3782,0.0,4000.0,0,0.0,0.0,960.547275,52.93001343324556,75.40760418463958,0.7019187786903238,23.2054485074998,0.0,0.0,440.00000000000006,0.120295485075558,0,11,52.93001343324556,8.561549109791837,17.822285684613206,True,1.1,69.369,48.5583,5.68329347826087,,,0,5.68329347826087,,,0,5.68329347826087,,,0,,,,,,,,,,
PM,39143,I66_EB,110+58629,3,4.0,10649.5931,0.0,24000.0,True,False,False,,0.4437330458333333,0,0.0,10649.5931,0.0,6000.0,0,0.0,0.0,887.4660916666667,0.0,0.0,,0.0,0.0,0.0,660.0000000000001,0.0,0,0,0.0,0.0,,False,1.1,72.0,50.4,2.5581249999999995,,,0,2.5581249999999995,,,0,2.5581249999999995,,,0,,,,,,,,,,
PM,39145,I66_WB,110P04184,2,4.0,3413.8351,0.0,16000.0,True,False,False,,0.2133646937499999,0,0.0,3413.8351,0.0,4000.0,0,0.0,0.0,426.7293875,0.0,0.0,,0.0,0.0,0.0,188.0,0.0,0,0,0.0,0.0,,False,0.47,69.52,48.664,7.808940217391302,,,0,7.808940217391302,,,0,7.808940217391302,,,0,,,,,,,,,,
PM,39146,I66_EB,110-04183,2,4.0,4809.9779,0.0,16000.0,True,False,False,,0.30062361875,0,0.0,4809.9779,0.0,4000.0,0,0.0,0.0,601.2472375,27.334436682771862,30.848565348261648,0.8860845350239989,15.234593570163042,0.0,0.0,180.0,0.1518579815709548,0,12,27.334436682771862,2.446729248877448,5.087557293379606,True,0.45,69.369,48.5583,5.68329347826087,,,0,5.68329347826087,,,0,5.68329347826087,,,0,,,,,,,,,,
PM,39147,I66_EB,110N04184,2,4.0,4809.9779,0.0,16000.0,True,False,False,,0.30062361875,0,0.0,4809.9779,0.0,4000.0,0,0.0,0.0,601.2472375,43.06385633610751,44.67706986243635,0.963891689152936,10.10401068437011,0.0,0.0,140.0,0.3075989738293393,0,13,43.06385633610751,1.4376566289876838,2.873797091247949,True,0.35,70.1795,49.12565,6.107516304347828,,,0,6.107516304347828,,,0,6.107516304347828,,,0,,,,,,,,,,
PM,39148,I66_WB,110+04185,2,4.0,3413.8351,0.0,16000.0,True,False,False,,0.2133646937499999,0,0.0,3413.8351,0.0,4000.0,0,0.0,0.0,426.7293875,0.0,0.0,,0.0,0.0,0.0,156.0,0.0,0,0,0.0,0.0,,False,0.39,69.4265,48.59855,7.937451086956525,,,0,7.937451086956525,,,0,7.937451086956525,,,0,,,,,,,,,,
PM,39149,I66_WB,110-58626,3,4.0,12131.9057,0.0,24000.0,True,False,False,,0.5054960708333333,0,0.0,12131.9057,0.0,6000.0,0,0.0,0.0,1010.9921416666666,0.0,0.0,,0.0,0.0,0.0,1014.0,0.0,0,0,0.0,0.0,,False,1.69,73.0,51.1,2.571793478260867,,,0,2.571793478260867,,,0,2.571793478260867,,,0,,,,,,,,,,
PM,39150,I66_WB,110+04185,2,4.0,3413.8351,0.0,16000.0,True,False,False,,0.2133646937499999,0,0.0,3413.8351,0.0,4000.0,0,0.0,0.0,426.7293875,0.0,0.0,,0.0,0.0,0.0,240.0,0.0,0,0,0.0,0.0,,False,0.6,69.4265,48.59855,7.937451086956525,,,0,7.937451086956525,,,0,7.937451086956525,,,0,,,,,,,,,,
PM,39151,I66_EB,110-04184,2,4.0,4809.9779,0.0,16000.0,True,False,False,,0.30062361875,0,0.0,4809.9779,0.0,4000.0,0,0.0,0.0,601.2472375,35.81441353567516,39.987177639089424,0.8956474462619941,1.5118359199627776,0.0,0.0,208.0,0.1721846804599767,0,9,35.81441353567516,2.402680571023318,5.753296604001174,True,0.52,69.71,48.79699999999999,6.770570652173906,,,0,6.770570652173906,,,0,6.770570652173906,,,0,,,,,,,,,,
PM,39152,I66_EB,110+58628,3,4.0,9926.2132,0.0,24000.0,True,False,False,,0.4135922166666667,0,0.0,9926.2132,0.0,6000.0,0,0.0,0.0,827.1844333333333,0.0,0.0,,0.0,0.0,0.0,312.0,0.0,0,0,0.0,0.0,,False,0.52,72.3065,50.61455,4.362505434782609,,,0,4.362505434782609,,,0,4.362505434782609,,,0,,,,,,,,,,
PM,39153,I66_WB,110-58626,3,4.0,12131.9057,0.0,24000.0,True,False,False,,0.5054960708333333,0,0.0,12131.9057,0.0,6000.0,0,0.0,0.0,1010.9921416666666,0.0,0.0,,0.0,0.0,0.0,336.00000000000006,0.0,0,0,0.0,0.0,,False,0.56,73.0,51.1,2.571793478260867,,,0,2.571793478260867,,,0,2.571793478260867,,,0,,,,,,,,,,
PM,39154,I66_WB,110+04185,2,4.0,2609.1405,0.0,16000.0,True,False,False,,0.16307128125,0,0.0,2609.1405,0.0,4000.0,0,0.0,0.0,326.1425625,0.0,0.0,,0.0,0.0,0.0,224.00000000000003,0.0,0,0,0.0,0.0,,False,0.56,69.4265,48.59855,7.937451086956525,,,0,7.937451086956525,,,0,7.937451086956525,,,0,,,,,,,,,,
PM,39156,I66_EB,110-04184,2,4.0,3402.3516,0.0,16000.0,True,False,False,,0.212646975,0,0.0,3402.3516,0.0,4000.0,0,0.0,0.0,425.29395,61.324285470744144,85.35724457574858,0.7184426556356693,0.0,0.0,0.0,444.00000000000006,0.1381177600692435,0,8,61.324285470744144,8.099236775568642,19.468142324290916,True,1.11,69.71,48.79699999999999,6.770570652173906,,,0,6.770570652173906,,,0,6.770570652173906,,,0,,,,,,,,,,
PM,39157,I66_EB,110+58627,3,4.0,9926.2132,0.0,24000.0,True,False,False,,0.4135922166666667,0,0.0,9926.2132,0.0,6000.0,0,0.0,0.0,827.1844333333333,0.0,0.0,,0.0,0.0,0.0,1026.0,0.0,0,0,0.0,0.0,,False,1.71,73.0,51.1,4.349809782608695,,,0,4.349809782608695,,,0,4.349809782608695,,,0,,,,,,,,,,
PM,39158,I66_WB,110P04185,2,4.0,6360.4008,0.0,16000.0,True,False,False,,0.39752505,0,0.0,6360.4008,0.0,4000.0,0,0.0,0.0,795.0501,0.0,0.0,,0.0,0.0,0.0,116.0,0.0,0,0,0.0,0.0,,False,0.29,67.99,47.593,6.115951086956518,,,0,6.115951086956518,,,0,6.115951086956518,,,0,,,,,,,,,,
PM,39159,I66_EB,110N04185,2,4.0,3396.0525,0.0,16000.0,True,False,False,,0.2122532812499999,0,0.0,3396.0525,0.0,4000.0,0,0.0,0.0,424.5065625,0.0,0.0,,0.0,0.0,0.0,204.0,0.0,0,0,0.0,0.0,,False,0.51,70.38,49.26599999999999,3.9566032608695614,,,0,3.9566032608695614,,,0,3.9566032608695614,,,0,,,,,,,,,,
PM,39161,I66_WB,110P04185,2,4.0,6360.4008,0.0,16000.0,True,False,False,,0.39752505,0,0.0,6360.4008,0.0,4000.0,0,0.0,0.0,795.0501,0.0,0.0,,0.0,0.0,0.0,48.0,0.0,0,0,0.0,0.0,,False,0.12,67.99,47.593,6.115951086956518,,,0,6.115951086956518,,,0,6.115951086956518,,,0,,,,,,,,,,
PM,39162,I66_EB,110N04185,2,4.0,6899.2054,0.0,16000.0,True,False,False,,0.4312003375,0,0.0,6899.2054,0.0,4000.0,0,0.0,0.0,862.400675,0.0,0.0,,0.0,0.0,0.0,92.0,0.0,0,0,0.0,0.0,,False,0.23,70.38,49.26599999999999,3.9566032608695614,,,0,3.9566032608695614,,,0,3.9566032608695614,,,0,,,,,,,,,,
PM,39163,I66_WB,110-58625,4,4.0,14311.5164,0.0,32000.0,True,False,False,,0.4472348875,0,0.0,14311.5164,0.0,8000.0,0,0.0,0.0,894.469775,0.0,0.0,,0.0,0.0,0.0,56.00000000000001,0.0,0,0,0.0,0.0,,False,0.07,71.6795,50.17565,3.061211956521744,,,0,3.061211956521744,,,0,3.061211956521744,,,0,,,,,,,,,,
PM,39164,I66_WB,110+04186,2,4.0,6360.4008,0.0,16000.0,True,False,False,,0.39752505,0,0.0,6360.4008,0.0,4000.0,0,0.0,0.0,795.0501,0.0,0.0,,0.0,0.0,0.0,84.0,0.0,0,0,0.0,0.0,,False,0.21,67.5165,47.26154999999999,5.59054891304347,,,0,5.59054891304347,,,0,5.59054891304347,,,0,,,,,,,,,,
PM,39165,I66_EB,110-04185,2,4.0,6899.2054,0.0,16000.0,True,False,False,,0.4312003375,0,0.0,6899.2054,0.0,4000.0,0,0.0,0.0,862.400675,0.0,0.0,,0.0,0.0,0.0,68.0,0.0,0,0,0.0,0.0,,False,0.17,68.59,48.013,4.802445652173917,,,0,4.802445652173917,,,0,4.802445652173917,,,0,,,,,,,,,,
PM,39166,I66_EB,110+58626,4,4.0,9550.6969,0.0,32000.0,True,False,False,,0.298459278125,0,0.0,9550.6969,0.0,8000.0,0,0.0,0.0,596.91855625,0.0,0.0,,0.0,0.0,0.0,136.0,0.0,0,0,0.0,0.0,,False,0.17,72.79,50.953,3.786005434782616,,,0,3.786005434782616,,,0,3.786005434782616,,,0,,,,,,,,,,
PM,39167,I66_EB,110P58625,3,4.0,8914.8384,0.0,24000.0,True,False,False,,0.3714516,0,0.0,8914.8384,0.0,6000.0,0,0.0,0.0,742.9032000000001,0.0,0.0,,0.0,0.0,0.0,126.0,0.0,0,0,0.0,0.0,,False,0.21,72.32,50.624,3.051657608695645,,,0,3.051657608695645,,,0,3.051657608695645,,,0,,,,,,,,,,
PM,39168,I66_EB,110N04186,2,4.0,2653.1992,0.0,16000.0,True,False,False,,0.16582495,0,0.0,2653.1992,0.0,4000.0,0,0.0,0.0,331.6499,0.0,0.0,,0.0,0.0,0.0,84.0,0.0,0,0,0.0,0.0,,False,0.21,69.86,48.902,2.761766304347825,,,0,2.761766304347825,,,0,2.761766304347825,,,0,,,,,,,,,,
PM,39170,I66_WB,110+04186,2,4.0,4151.1278,0.0,16000.0,True,False,False,,0.2594454875,0,0.0,4151.1278,0.0,4000.0,0,0.0,0.0,518.890975,0.0,0.0,,0.0,0.0,0.0,84.0,0.0,0,0,0.0,0.0,,False,0.21,67.5165,47.26154999999999,5.59054891304347,,,0,5.59054891304347,,,0,5.59054891304347,,,0,,,,,,,,,,
PM,39171,I66_WB,110N58625,3,4.0,12036.2392,0.0,24000.0,True,False,False,,0.5015099666666667,0,0.0,12036.2392,0.0,6000.0,0,0.0,0.0,1003.0199333333334,0.0,0.0,,0.0,0.0,0.0,126.0,0.0,0,0,0.0,0.0,,False,0.21,71.79,50.253,2.545788043478267,,,0,2.545788043478267,,,0,2.545788043478267,,,0,,,,,,,,,,
PM,39173,I66_WB,110P04186,2,4.0,4151.1278,0.0,16000.0,True,False,False,,0.2594454875,0,0.0,4151.1278,0.0,4000.0,0,0.0,0.0,518.890975,0.0,0.0,,0.0,0.0,0.0,352.0,0.0,0,0,0.0,0.0,,False,0.88,69.013,48.3091,1.6607173913043516,,,0,1.6607173913043516,,,0,1.6607173913043516,,,0,,,,,,,,,,
PM,39174,I66_EB,110N04186,2,4.0,2653.1992,0.0,16000.0,True,False,False,,0.16582495,0,0.0,2653.1992,0.0,4000.0,0,0.0,0.0,331.6499,0.0,0.0,,0.0,0.0,0.0,48.0,0.0,0,0,0.0,0.0,,False,0.12,69.86,48.902,2.761766304347825,,,0,2.761766304347825,,,0,2.761766304347825,,,0,,,,,,,,,,
PM,39175,I66_EB,110N04186,2,4.0,2653.1992,0.0,16000.0,True,False,False,,0.16582495,0,0.0,2653.1992,0.0,4000.0,0,0.0,0.0,331.6499,0.0,0.0,,0.0,0.0,0.0,308.0,0.0,0,0,0.0,0.0,,False,0.77,69.86,48.902,2.761766304347825,,,0,2.761766304347825,,,0,2.761766304347825,,,0,,,,,,,,,,
PM,39177,I66_WB,110+04187,2,4.0,3240.2958,0.0,16000.0,True,False,False,,0.2025184874999999,0,0.0,3240.2958,0.0,4000.0,0,0.0,0.0,405.036975,0.0,0.0,,0.0,0.0,0.0,108.0,0.0,0,0,0.0,0.0,,False,0.27,69.42,48.594,2.02826086956522,,,0,2.02826086956522,,,0,2.02826086956522,,,0,,,,,,,,,,
PM,39179,I66_WB,110+04187,2,4.0,3240.2958,0.0,16000.0,True,False,False,,0.2025184874999999,0,0.0,3240.2958,0.0,4000.0,0,0.0,0.0,405.036975,0.0,0.0,,0.0,0.0,0.0,452.0,0.0,0,0,0.0,0.0,,False,1.13,69.42,48.594,2.02826086956522,,,0,2.02826086956522,,,0,2.02826086956522,,,0,,,,,,,,,,
PM,39180,I66_EB,110N04186,2,4.0,1920.2501,0.0,16000.0,True,False,False,,0.12001563125,0,0.0,1920.2501,0.0,4000.0,0,0.0,0.0,240.0312625,0.0,0.0,,0.0,0.0,0.0,108.0,0.0,0,0,0.0,0.0,,False,0.27,69.86,48.902,2.761766304347825,,,0,2.761766304347825,,,0,2.761766304347825,,,0,,,,,,,,,,
PM,39183,I66_EB,110-04186,2,4.0,1920.2501,0.0,16000.0,True,False,False,,0.12001563125,0,0.0,1920.2501,0.0,4000.0,0,0.0,0.0,240.0312625,0.0,0.0,,0.0,0.0,0.0,452.0,0.0,0,0,0.0,0.0,,False,1.13,70.46,49.322,2.7888043478260824,,,0,2.7888043478260824,,,0,2.7888043478260824,,,0,,,,,,,,,,
PM,39184,I66_WB,110+04187,2,4.0,3240.2958,0.0,16000.0,True,False,False,,0.2025184874999999,0,0.0,3240.2958,0.0,4000.0,0,0.0,0.0,405.036975,0.0,0.0,,0.0,0.0,0.0,212.0,0.0,0,0,0.0,0.0,,False,0.53,69.42,48.594,2.02826086956522,,,0,2.02826086956522,,,0,2.02826086956522,,,0,,,,,,,,,,
PM,39208,I66_EB,110+58627,3,4.0,8552.6508,0.0,24000.0,True,False,False,,0.35636045,0,0.0,8552.6508,0.0,6000.0,0,0.0,0.0,712.7208999999999,0.0,0.0,,0.0,0.0,0.0,306.0,0.0,0,0,0.0,0.0,,False,0.51,73.0,51.1,4.349809782608695,,,0,4.349809782608695,,,0,4.349809782608695,,,0,,,,,,,,,,
PM,39209,I66_EB,110P58626,4,4.0,8552.6508,0.0,32000.0,True,False,False,,0.2672703374999999,0,0.0,8552.6508,0.0,8000.0,0,0.0,0.0,534.540675,0.0,0.0,,0.0,0.0,0.0,184.0,0.0,0,0,0.0,0.0,,False,0.23,74.0,51.8,4.476657608695653,,,0,4.476657608695653,,,0,4.476657608695653,,,0,,,,,,,,,,
PM,39211,I66_WB,110N58626,3,4.0,10717.2947,0.0,24000.0,True,False,False,,0.4465539458333333,0,0.0,10717.2947,0.0,6000.0,0,0.0,0.0,893.1078916666667,0.0,0.0,,0.0,0.0,0.0,173.99999999999997,0.0,0,0,0.0,0.0,,False,0.29,72.0,50.4,2.733749999999999,,,0,2.733749999999999,,,0,2.733749999999999,,,0,,,,,,,,,,
PM,39213,I66_WB,110-58625,4,4.0,14311.5164,0.0,32000.0,True,False,False,,0.4472348875,0,0.0,14311.5164,0.0,8000.0,0,0.0,0.0,894.469775,0.0,0.0,,0.0,0.0,0.0,96.0,0.0,0,0,0.0,0.0,,False,0.12,71.6795,50.17565,3.061211956521744,,,0,3.061211956521744,,,0,3.061211956521744,,,0,,,,,,,,,,
PM,40894,I66_WB,110P04187,2,4.0,3240.2958,0.0,16000.0,True,False,False,,0.2025184874999999,0,0.0,3240.2958,0.0,4000.0,0,0.0,0.0,405.036975,0.0,0.0,,0.0,0.0,0.0,248.0,0.0,0,0,0.0,0.0,,False,0.62,70.77,49.539,2.0842119565217354,,,0,2.0842119565217354,,,0,2.0842119565217354,,,0,,,,,,,,,,
PM,40899,I66_EB,110N04187,2,4.0,1920.2501,0.0,16000.0,True,False,False,,0.12001563125,0,0.0,1920.2501,0.0,4000.0,0,0.0,0.0,240.0312625,0.0,0.0,,0.0,0.0,0.0,248.0,0.0,0,0,0.0,0.0,,False,0.62,72.2465,50.57254999999999,2.4346793478260835,,,0,2.4346793478260835,,,0,2.4346793478260835,,,0,,,,,,,,,,
PM,40900,I66_EB,110-04186,2,4.0,1920.2501,0.0,16000.0,True,False,False,,0.12001563125,0,0.0,1920.2501,0.0,4000.0,0,0.0,0.0,240.0312625,0.0,0.0,,0.0,0.0,0.0,212.0,0.0,0,0,0.0,0.0,,False,0.53,70.46,49.322,2.7888043478260824,,,0,2.7888043478260824,,,0,2.7888043478260824,,,0,,,,,,,,,,
PM,40944,I66_EB,110-04185,2,4.0,2017.3407,0.0,16000.0,True,False,False,,0.12608379375,0,0.0,2017.3407,0.0,4000.0,0,0.0,0.0,252.1675875,0.0,0.0,,0.0,0.0,0.0,4.0,0.0,0,0,0.0,0.0,,False,0.01,68.59,48.013,4.802445652173917,,,0,4.802445652173917,,,0,4.802445652173917,,,0,,,,,,,,,,
PM,40960,I66_WB,110+04186,2,4.0,1875.8507,0.0,16000.0,True,False,False,,0.11724066875,0,0.0,1875.8507,0.0,4000.0,0,0.0,0.0,234.4813375,0.0,0.0,,0.0,0.0,0.0,4.0,0.0,0,0,0.0,0.0,,False,0.01,67.5165,47.26154999999999,5.59054891304347,,,0,5.59054891304347,,,0,5.59054891304347,,,0,,,,,,,,,,
PM,40962,I66_EB,110-04185,2,4.0,6899.2054,0.0,16000.0,True,False,False,,0.4312003375,0,0.0,6899.2054,0.0,4000.0,0,0.0,0.0,862.400675,0.0,0.0,,0.0,0.0,0.0,96.0,0.0,0,0,0.0,0.0,,False,0.24,68.59,48.013,4.802445652173917,,,0,4.802445652173917,,,0,4.802445652173917,,,0,,,,,,,,,,
PM,40966,I66_EB,110-04184,2,4.0,4809.9779,0.0,16000.0,True,False,False,,0.30062361875,0,0.0,4809.9779,0.0,4000.0,0,0.0,0.0,601.2472375,43.369432666442094,46.13905112202625,0.939972357726664,0.0,0.0,0.0,240.0,0.1807059694435087,0,8,43.369432666442094,2.6226423770199525,6.304047711700132,True,0.6,69.71,48.79699999999999,6.770570652173906,,,0,6.770570652173906,,,0,6.770570652173906,,,0,,,,,,,,,,
PM,40967,I66_WB,110+04185,2,4.0,2610.5805,0.0,16000.0,True,False,False,,0.16316128125,0,0.0,2610.5805,0.0,4000.0,0,0.0,0.0,326.3225625,0.0,0.0,,0.0,0.0,0.0,432.0,0.0,0,0,0.0,0.0,,False,1.08,69.4265,48.59855,7.937451086956525,,,0,7.937451086956525,,,0,7.937451086956525,,,0,,,,,,,,,,
