interval_id,link_id,mu_veh_per_hour
1,25785,8000.0
2,25785,8000.0
3,25785,8000.0
4,25785,8000.0
5,25785,8000.0
6,25785,8000.0
7,25785,8000.0
8,25785,8000.0
9,25785,8000.0
10,25785,8000.0
11,25785,8000.0
12,25785,8000.0
13,25785,8000.0
14,25785,8000.0
15,25785,8000.0
16,25785,8000.0
17,25785,8000.0
18,25785,8000.0
19,25785,8000.0
20,25785,8000.0
21,25785,8000.0
22,25785,8000.0
23,25785,8000.0
24,25785,8000.0
25,25785,8000.0
26,25785,8000.0
27,25785,8000.0
28,25785,8000.0
29,25785,8000.0
30,25785,8000.0
31,25785,8000.0
32,25785,8000.0
33,25785,8000.0
34,25785,8000.0
35,25785,8000.0
36,25785,8000.0
37,25785,8000.0
38,25785,8000.0
39,25785,8000.0
40,25785,8000.0
41,25785,8000.0
42,25785,8000.0
43,25785,8000.0
44,25785,8000.0
45,25785,8000.0
46,25785,8000.0
47,25785,8000.0
48,25785,8000.0
49,25785,8000.0
50,25785,8000.0
51,25785,8000.0
52,25785,8000.0
53,25785,8000.0
54,25785,8000.0
55,25785,8000.0
56,25785,8000.0
57,25785,8000.0
58,25785,8000.0
59,25785,8000.0
60,25785,8000.0
61,25785,8000.0
62,25785,8000.0
63,25785,8000.0
64,25785,8000.0
65,25785,8000.0
66,25785,8000.0
67,25785,8000.0
68,25785,8000.0
69,25785,8000.0
70,25785,8000.0
71,25785,8000.0
72,25785,8000.0
73,25785,8000.0
74,25785,8000.0
75,25785,8000.0
76,25785,8000.0
77,25785,8000.0
78,25785,8000.0
79,25785,8000.0
80,25785,8000.0
81,25785,8000.0
82,25785,8000.0
83,25785,8000.0
84,25785,8000.0
85,25785,8000.0
86,25785,8000.0
87,25785,8000.0
88,25785,8000.0
89,25785,8000.0
90,25785,8000.0
91,25785,8000.0
92,25785,8000.0
93,25785,8000.0
94,25785,8000.0
95,25785,8000.0
96,25785,8000.0
1,25946,5700.0
2,25946,5700.0
3,25946,5700.0
4,25946,5700.0
5,25946,5700.0
6,25946,5700.0
7,25946,5700.0
8,25946,5700.0
9,25946,5700.0
10,25946,5700.0
11,25946,5700.0
12,25946,5700.0
13,25946,5700.0
14,25946,5700.0
15,25946,5700.0
16,25946,5700.0
17,25946,5700.0
18,25946,5700.0
19,25946,5700.0
20,25946,5700.0
21,25946,5700.0
22,25946,5700.0
23,25946,5700.0
24,25946,5700.0
25,25946,5700.0
26,25946,5700.0
27,25946,5700.0
28,25946,5700.0
29,25946,5700.0
30,25946,5700.0
31,25946,5700.0
32,25946,5700.0
33,25946,5700.0
34,25946,5700.0
35,25946,5700.0
36,25946,5700.0
37,25946,5700.0
38,25946,5700.0
39,25946,5700.0
40,25946,5700.0
41,25946,5700.0
42,25946,5700.0
43,25946,5700.0
44,25946,5700.0
45,25946,5700.0
46,25946,5700.0
47,25946,5700.0
48,25946,5700.0
49,25946,5700.0
50,25946,5700.0
51,25946,5700.0
52,25946,5700.0
53,25946,5700.0
54,25946,5700.0
55,25946,5700.0
56,25946,5700.0
57,25946,5700.0
58,25946,5700.0
59,25946,5700.0
60,25946,5700.0
61,25946,5700.0
62,25946,5700.0
63,25946,5700.0
64,25946,5700.0
65,25946,5700.0
66,25946,5700.0
67,25946,5700.0
68,25946,5700.0
69,25946,5700.0
70,25946,5700.0
71,25946,5700.0
72,25946,5700.0
73,25946,5700.0
74,25946,5700.0
75,25946,5700.0
76,25946,5700.0
77,25946,5700.0
78,25946,5700.0
79,25946,5700.0
80,25946,5700.0
81,25946,5700.0
82,25946,5700.0
83,25946,5700.0
84,25946,5700.0
85,25946,5700.0
86,25946,5700.0
87,25946,5700.0
88,25946,5700.0
89,25946,5700.0
90,25946,5700.0
91,25946,5700.0
92,25946,5700.0
93,25946,5700.0
94,25946,5700.0
95,25946,5700.0
96,25946,5700.0
1,25947,3800.0
2,25947,3800.0
3,25947,3800.0
4,25947,3800.0
5,25947,3800.0
6,25947,3800.0
7,25947,3800.0
8,25947,3800.0
9,25947,3800.0
10,25947,3800.0
11,25947,3800.0
12,25947,3800.0
13,25947,3800.0
14,25947,3800.0
15,25947,3800.0
16,25947,3800.0
17,25947,3800.0
18,25947,3800.0
19,25947,3800.0
20,25947,3800.0
21,25947,3800.0
22,25947,3800.0
23,25947,3800.0
24,25947,3800.0
25,25947,3800.0
26,25947,3800.0
27,25947,3800.0
28,25947,3800.0
29,25947,3800.0
30,25947,3800.0
31,25947,3800.0
32,25947,3800.0
33,25947,3800.0
34,25947,3800.0
35,25947,3800.0
36,25947,3800.0
37,25947,3800.0
38,25947,3800.0
39,25947,3800.0
40,25947,3800.0
41,25947,3800.0
42,25947,3800.0
43,25947,3800.0
44,25947,3800.0
45,25947,3800.0
46,25947,3800.0
47,25947,3800.0
48,25947,3800.0
49,25947,3800.0
50,25947,3800.0
51,25947,3800.0
52,25947,3800.0
53,25947,3800.0
54,25947,3800.0
55,25947,3800.0
56,25947,3800.0
57,25947,3800.0
58,25947,3800.0
59,25947,3800.0
60,25947,3800.0
61,25947,3800.0
62,25947,3800.0
63,25947,3800.0
64,25947,3800.0
65,25947,3800.0
66,25947,3800.0
67,25947,3800.0
68,25947,3800.0
69,25947,3800.0
70,25947,3800.0
71,25947,3800.0
72,25947,3800.0
73,25947,3800.0
74,25947,3800.0
75,25947,3800.0
76,25947,3800.0
77,25947,3800.0
78,25947,3800.0
79,25947,3800.0
80,25947,3800.0
81,25947,3800.0
82,25947,3800.0
83,25947,3800.0
84,25947,3800.0
85,25947,3800.0
86,25947,3800.0
87,25947,3800.0
88,25947,3800.0
89,25947,3800.0
90,25947,3800.0
91,25947,3800.0
92,25947,3800.0
93,25947,3800.0
94,25947,3800.0
95,25947,3800.0
96,25947,3800.0
1,25966,4000.0
2,25966,4000.0
3,25966,4000.0
4,25966,4000.0
5,25966,4000.0
6,25966,4000.0
7,25966,4000.0
8,25966,4000.0
9,25966,4000.0
10,25966,4000.0
11,25966,4000.0
12,25966,4000.0
13,25966,4000.0
14,25966,4000.0
15,25966,4000.0
16,25966,4000.0
17,25966,4000.0
18,25966,4000.0
19,25966,4000.0
20,25966,4000.0
21,25966,4000.0
22,25966,4000.0
23,25966,4000.0
24,25966,4000.0
25,25966,4000.0
26,25966,4000.0
27,25966,4000.0
28,25966,4000.0
29,25966,4000.0
30,25966,4000.0
31,25966,4000.0
32,25966,4000.0
33,25966,4000.0
34,25966,4000.0
35,25966,4000.0
36,25966,4000.0
37,25966,4000.0
38,25966,4000.0
39,25966,4000.0
40,25966,4000.0
41,25966,4000.0
42,25966,4000.0
43,25966,4000.0
44,25966,4000.0
45,25966,4000.0
46,25966,4000.0
47,25966,4000.0
48,25966,4000.0
49,25966,4000.0
50,25966,4000.0
51,25966,4000.0
52,25966,4000.0
53,25966,4000.0
54,25966,4000.0
55,25966,4000.0
56,25966,4000.0
57,25966,4000.0
58,25966,3652.11
59,25966,3652.11
60,25966,3652.11
61,25966,3652.11
62,25966,4000.0
63,25966,4000.0
64,25966,4000.0
65,25966,4000.0
66,25966,4000.0
67,25966,4000.0
68,25966,4000.0
69,25966,4000.0
70,25966,4000.0
71,25966,4000.0
72,25966,4000.0
73,25966,4000.0
74,25966,4000.0
75,25966,4000.0
76,25966,4000.0
77,25966,4000.0
78,25966,4000.0
79,25966,4000.0
80,25966,4000.0
81,25966,4000.0
82,25966,4000.0
83,25966,4000.0
84,25966,4000.0
85,25966,4000.0
86,25966,4000.0
87,25966,4000.0
88,25966,4000.0
89,25966,4000.0
90,25966,4000.0
91,25966,4000.0
92,25966,4000.0
93,25966,4000.0
94,25966,4000.0
95,25966,4000.0
96,25966,4000.0
1,25972,4000.0
2,25972,4000.0
3,25972,4000.0
4,25972,4000.0
5,25972,4000.0
6,25972,4000.0
7,25972,4000.0
8,25972,4000.0
9,25972,4000.0
10,25972,4000.0
11,25972,4000.0
12,25972,4000.0
13,25972,4000.0
14,25972,4000.0
15,25972,4000.0
16,25972,4000.0
17,25972,4000.0
18,25972,4000.0
19,25972,4000.0
20,25972,4000.0
21,25972,4000.0
22,25972,4000.0
23,25972,4000.0
24,25972,4000.0
25,25972,4000.0
26,25972,4000.0
27,25972,4000.0
28,25972,4000.0
29,25972,4000.0
30,25972,4000.0
31,25972,4000.0
32,25972,4000.0
33,25972,4000.0
34,25972,4000.0
35,25972,4000.0
36,25972,4000.0
37,25972,4000.0
38,25972,4000.0
39,25972,4000.0
40,25972,4000.0
41,25972,4000.0
42,25972,4000.0
43,25972,4000.0
44,25972,4000.0
45,25972,4000.0
46,25972,4000.0
47,25972,4000.0
48,25972,4000.0
49,25972,4000.0
50,25972,4000.0
51,25972,4000.0
52,25972,4000.0
53,25972,4000.0
54,25972,4000.0
55,25972,4000.0
56,25972,4000.0
57,25972,4000.0
58,25972,4000.0
59,25972,4000.0
60,25972,4000.0
61,25972,4000.0
62,25972,4000.0
63,25972,4000.0
64,25972,4000.0
65,25972,4000.0
66,25972,4000.0
67,25972,4000.0
68,25972,4000.0
69,25972,4000.0
70,25972,4000.0
71,25972,4000.0
72,25972,4000.0
73,25972,4000.0
74,25972,4000.0
75,25972,4000.0
76,25972,4000.0
77,25972,4000.0
78,25972,4000.0
79,25972,4000.0
80,25972,4000.0
81,25972,4000.0
82,25972,4000.0
83,25972,4000.0
84,25972,4000.0
85,25972,4000.0
86,25972,4000.0
87,25972,4000.0
88,25972,4000.0
89,25972,4000.0
90,25972,4000.0
91,25972,4000.0
92,25972,4000.0
93,25972,4000.0
94,25972,4000.0
95,25972,4000.0
96,25972,4000.0
1,26055,4000.0
2,26055,4000.0
3,26055,4000.0
4,26055,4000.0
5,26055,4000.0
6,26055,4000.0
7,26055,4000.0
8,26055,4000.0
9,26055,4000.0
10,26055,4000.0
11,26055,4000.0
12,26055,4000.0
13,26055,4000.0
14,26055,4000.0
15,26055,4000.0
16,26055,4000.0
17,26055,4000.0
18,26055,4000.0
19,26055,4000.0
20,26055,4000.0
21,26055,4000.0
22,26055,4000.0
23,26055,4000.0
24,26055,4000.0
25,26055,4000.0
26,26055,4000.0
27,26055,4000.0
28,26055,4000.0
29,26055,4000.0
30,26055,4000.0
31,26055,4000.0
32,26055,3572.42
33,26055,3572.42
34,26055,3572.42
35,26055,3572.42
36,26055,3572.42
37,26055,3572.42
38,26055,4000.0
39,26055,4000.0
40,26055,4000.0
41,26055,4000.0
42,26055,4000.0
43,26055,4000.0
44,26055,4000.0
45,26055,4000.0
46,26055,4000.0
47,26055,4000.0
48,26055,4000.0
49,26055,4000.0
50,26055,4000.0
51,26055,4000.0
52,26055,4000.0
53,26055,4000.0
54,26055,4000.0
55,26055,4000.0
56,26055,4000.0
57,26055,4000.0
58,26055,4000.0
59,26055,4000.0
60,26055,4000.0
61,26055,4000.0
62,26055,4000.0
63,26055,4000.0
64,26055,4000.0
65,26055,4000.0
66,26055,4000.0
67,26055,4000.0
68,26055,4000.0
69,26055,4000.0
70,26055,4000.0
71,26055,4000.0
72,26055,4000.0
73,26055,4000.0
74,26055,4000.0
75,26055,4000.0
76,26055,4000.0
77,26055,4000.0
78,26055,4000.0
79,26055,4000.0
80,26055,4000.0
81,26055,4000.0
82,26055,4000.0
83,26055,4000.0
84,26055,4000.0
85,26055,4000.0
86,26055,4000.0
87,26055,4000.0
88,26055,4000.0
89,26055,4000.0
90,26055,4000.0
91,26055,4000.0
92,26055,4000.0
93,26055,4000.0
94,26055,4000.0
95,26055,4000.0
96,26055,4000.0
1,26101,6000.0
2,26101,6000.0
3,26101,6000.0
4,26101,6000.0
5,26101,6000.0
6,26101,6000.0
7,26101,6000.0
8,26101,6000.0
9,26101,6000.0
10,26101,6000.0
11,26101,6000.0
12,26101,6000.0
13,26101,6000.0
14,26101,6000.0
15,26101,6000.0
16,26101,6000.0
17,26101,6000.0
18,26101,6000.0
19,26101,6000.0
20,26101,6000.0
21,26101,6000.0
22,26101,6000.0
23,26101,6000.0
24,26101,6000.0
25,26101,6000.0
26,26101,6000.0
27,26101,6000.0
28,26101,6000.0
29,26101,6000.0
30,26101,6000.0
31,26101,5119.22
32,26101,5119.22
33,26101,5119.22
34,26101,5119.22
35,26101,5119.22
36,26101,5119.22
37,26101,5119.22
38,26101,5119.22
39,26101,6000.0
40,26101,6000.0
41,26101,6000.0
42,26101,6000.0
43,26101,6000.0
44,26101,6000.0
45,26101,6000.0
46,26101,6000.0
47,26101,6000.0
48,26101,6000.0
49,26101,6000.0
50,26101,6000.0
51,26101,6000.0
52,26101,6000.0
53,26101,6000.0
54,26101,6000.0
55,26101,6000.0
56,26101,6000.0
57,26101,6000.0
58,26101,6000.0
59,26101,6000.0
60,26101,6000.0
61,26101,6000.0
62,26101,6000.0
63,26101,6000.0
64,26101,6000.0
65,26101,6000.0
66,26101,6000.0
67,26101,6000.0
68,26101,6000.0
69,26101,6000.0
70,26101,6000.0
71,26101,6000.0
72,26101,6000.0
73,26101,6000.0
74,26101,6000.0
75,26101,6000.0
76,26101,6000.0
77,26101,6000.0
78,26101,6000.0
79,26101,6000.0
80,26101,6000.0
81,26101,6000.0
82,26101,6000.0
83,26101,6000.0
84,26101,6000.0
85,26101,6000.0
86,26101,6000.0
87,26101,6000.0
88,26101,6000.0
89,26101,6000.0
90,26101,6000.0
91,26101,6000.0
92,26101,6000.0
93,26101,6000.0
94,26101,6000.0
95,26101,6000.0
96,26101,6000.0
1,26177,6000.0
2,26177,6000.0
3,26177,6000.0
4,26177,6000.0
5,26177,6000.0
6,26177,6000.0
7,26177,6000.0
8,26177,6000.0
9,26177,6000.0
10,26177,6000.0
11,26177,6000.0
12,26177,6000.0
13,26177,6000.0
14,26177,6000.0
15,26177,6000.0
16,26177,6000.0
17,26177,6000.0
18,26177,6000.0
19,26177,6000.0
20,26177,6000.0
21,26177,6000.0
22,26177,6000.0
23,26177,6000.0
24,26177,6000.0
25,26177,6000.0
26,26177,6000.0
27,26177,6000.0
28,26177,6000.0
29,26177,6000.0
30,26177,6000.0
31,26177,6000.0
32,26177,6000.0
33,26177,6000.0
34,26177,6000.0
35,26177,6000.0
36,26177,6000.0
37,26177,6000.0
38,26177,6000.0
39,26177,6000.0
40,26177,6000.0
41,26177,6000.0
42,26177,6000.0
43,26177,6000.0
44,26177,6000.0
45,26177,6000.0
46,26177,6000.0
47,26177,6000.0
48,26177,6000.0
49,26177,6000.0
50,26177,6000.0
51,26177,6000.0
52,26177,6000.0
53,26177,6000.0
54,26177,6000.0
55,26177,6000.0
56,26177,6000.0
57,26177,6000.0
58,26177,6000.0
59,26177,6000.0
60,26177,6000.0
61,26177,6000.0
62,26177,6000.0
63,26177,6000.0
64,26177,6000.0
65,26177,6000.0
66,26177,6000.0
67,26177,6000.0
68,26177,6000.0
69,26177,6000.0
70,26177,6000.0
71,26177,6000.0
72,26177,6000.0
73,26177,6000.0
74,26177,6000.0
75,26177,6000.0
76,26177,6000.0
77,26177,6000.0
78,26177,6000.0
79,26177,6000.0
80,26177,6000.0
81,26177,6000.0
82,26177,6000.0
83,26177,6000.0
84,26177,6000.0
85,26177,6000.0
86,26177,6000.0
87,26177,6000.0
88,26177,6000.0
89,26177,6000.0
90,26177,6000.0
91,26177,6000.0
92,26177,6000.0
93,26177,6000.0
94,26177,6000.0
95,26177,6000.0
96,26177,6000.0
1,26269,5700.0
2,26269,5700.0
3,26269,5700.0
4,26269,5700.0
5,26269,5700.0
6,26269,5700.0
7,26269,5700.0
8,26269,5700.0
9,26269,5700.0
10,26269,5700.0
11,26269,5700.0
12,26269,5700.0
13,26269,5700.0
14,26269,5700.0
15,26269,5700.0
16,26269,5700.0
17,26269,5700.0
18,26269,5700.0
19,26269,5700.0
20,26269,5700.0
21,26269,5700.0
22,26269,5700.0
23,26269,5700.0
24,26269,5700.0
25,26269,5700.0
26,26269,5700.0
27,26269,5700.0
28,26269,5700.0
29,26269,5700.0
30,26269,5700.0
31,26269,5700.0
32,26269,5700.0
33,26269,5700.0
34,26269,5700.0
35,26269,5700.0
36,26269,5700.0
37,26269,5700.0
38,26269,5700.0
39,26269,5700.0
40,26269,5700.0
41,26269,5700.0
42,26269,5700.0
43,26269,5700.0
44,26269,5700.0
45,26269,5700.0
46,26269,5700.0
47,26269,5700.0
48,26269,5700.0
49,26269,5700.0
50,26269,5700.0
51,26269,5700.0
52,26269,5700.0
53,26269,5700.0
54,26269,5700.0
55,26269,5700.0
56,26269,5700.0
57,26269,5700.0
58,26269,5700.0
59,26269,5700.0
60,26269,5700.0
61,26269,5700.0
62,26269,5700.0
63,26269,5700.0
64,26269,5700.0
65,26269,5700.0
66,26269,5700.0
67,26269,5700.0
68,26269,5700.0
69,26269,5700.0
70,26269,5700.0
71,26269,5700.0
72,26269,5700.0
73,26269,5700.0
74,26269,5700.0
75,26269,5700.0
76,26269,5700.0
77,26269,5700.0
78,26269,5700.0
79,26269,5700.0
80,26269,5700.0
81,26269,5700.0
82,26269,5700.0
83,26269,5700.0
84,26269,5700.0
85,26269,5700.0
86,26269,5700.0
87,26269,5700.0
88,26269,5700.0
89,26269,5700.0
90,26269,5700.0
91,26269,5700.0
92,26269,5700.0
93,26269,5700.0
94,26269,5700.0
95,26269,5700.0
96,26269,5700.0
1,26271,5700.0
2,26271,5700.0
3,26271,5700.0
4,26271,5700.0
5,26271,5700.0
6,26271,5700.0
7,26271,5700.0
8,26271,5700.0
9,26271,5700.0
10,26271,5700.0
11,26271,5700.0
12,26271,5700.0
13,26271,5700.0
14,26271,5700.0
15,26271,5700.0
16,26271,5700.0
17,26271,5700.0
18,26271,5700.0
19,26271,5700.0
20,26271,5700.0
21,26271,5700.0
22,26271,5700.0
23,26271,5700.0
24,26271,5700.0
25,26271,5700.0
26,26271,5700.0
27,26271,5700.0
28,26271,5700.0
29,26271,5700.0
30,26271,5700.0
31,26271,5700.0
32,26271,5700.0
33,26271,5700.0
34,26271,5700.0
35,26271,5700.0
36,26271,5700.0
37,26271,5700.0
38,26271,5700.0
39,26271,5700.0
40,26271,5700.0
41,26271,5700.0
42,26271,5700.0
43,26271,5700.0
44,26271,5700.0
45,26271,5700.0
46,26271,5700.0
47,26271,5700.0
48,26271,5700.0
49,26271,5700.0
50,26271,5700.0
51,26271,5700.0
52,26271,5700.0
53,26271,5700.0
54,26271,5700.0
55,26271,5700.0
56,26271,5700.0
57,26271,5700.0
58,26271,5700.0
59,26271,5700.0
60,26271,5700.0
61,26271,5700.0
62,26271,5700.0
63,26271,5700.0
64,26271,5700.0
65,26271,5700.0
66,26271,5700.0
67,26271,5700.0
68,26271,5700.0
69,26271,5700.0
70,26271,5700.0
71,26271,5700.0
72,26271,5700.0
73,26271,5700.0
74,26271,5700.0
75,26271,5700.0
76,26271,5700.0
77,26271,5700.0
78,26271,5700.0
79,26271,5700.0
80,26271,5700.0
81,26271,5700.0
82,26271,5700.0
83,26271,5700.0
84,26271,5700.0
85,26271,5700.0
86,26271,5700.0
87,26271,5700.0
88,26271,5700.0
89,26271,5700.0
90,26271,5700.0
91,26271,5700.0
92,26271,5700.0
93,26271,5700.0
94,26271,5700.0
95,26271,5700.0
96,26271,5700.0
1,26274,5700.0
2,26274,5700.0
3,26274,5700.0
4,26274,5700.0
5,26274,5700.0
6,26274,5700.0
7,26274,5700.0
8,26274,5700.0
9,26274,5700.0
10,26274,5700.0
11,26274,5700.0
12,26274,5700.0
13,26274,5700.0
14,26274,5700.0
15,26274,5700.0
16,26274,5700.0
17,26274,5700.0
18,26274,5700.0
19,26274,5700.0
20,26274,5700.0
21,26274,5700.0
22,26274,5700.0
23,26274,5700.0
24,26274,5700.0
25,26274,5700.0
26,26274,5700.0
27,26274,5700.0
28,26274,5700.0
29,26274,5700.0
30,26274,5700.0
31,26274,5700.0
32,26274,5700.0
33,26274,5700.0
34,26274,5700.0
35,26274,5700.0
36,26274,5700.0
37,26274,5700.0
38,26274,5700.0
39,26274,5700.0
40,26274,5700.0
41,26274,5700.0
42,26274,5700.0
43,26274,5700.0
44,26274,5700.0
45,26274,5700.0
46,26274,5700.0
47,26274,5700.0
48,26274,5700.0
49,26274,5700.0
50,26274,5700.0
51,26274,5700.0
52,26274,5700.0
53,26274,5700.0
54,26274,5700.0
55,26274,5700.0
56,26274,5700.0
57,26274,5700.0
58,26274,5700.0
59,26274,5700.0
60,26274,5700.0
61,26274,5700.0
62,26274,5700.0
63,26274,5700.0
64,26274,5700.0
65,26274,5700.0
66,26274,5700.0
67,26274,5700.0
68,26274,5700.0
69,26274,5700.0
70,26274,5700.0
71,26274,5700.0
72,26274,5700.0
73,26274,5700.0
74,26274,5700.0
75,26274,5700.0
76,26274,5700.0
77,26274,5700.0
78,26274,5700.0
79,26274,5700.0
80,26274,5700.0
81,26274,5700.0
82,26274,5700.0
83,26274,5700.0
84,26274,5700.0
85,26274,5700.0
86,26274,5700.0
87,26274,5700.0
88,26274,5700.0
89,26274,5700.0
90,26274,5700.0
91,26274,5700.0
92,26274,5700.0
93,26274,5700.0
94,26274,5700.0
95,26274,5700.0
96,26274,5700.0
1,26297,5700.0
2,26297,5700.0
3,26297,5700.0
4,26297,5700.0
5,26297,5700.0
6,26297,5700.0
7,26297,5700.0
8,26297,5700.0
9,26297,5700.0
10,26297,5700.0
11,26297,5700.0
12,26297,5700.0
13,26297,5700.0
14,26297,5700.0
15,26297,5700.0
16,26297,5700.0
17,26297,5700.0
18,26297,5700.0
19,26297,5700.0
20,26297,5700.0
21,26297,5700.0
22,26297,5700.0
23,26297,5700.0
24,26297,5700.0
25,26297,5700.0
26,26297,5700.0
27,26297,5700.0
28,26297,5700.0
29,26297,5700.0
30,26297,4880.7
31,26297,4880.7
32,26297,4880.7
33,26297,4880.7
34,26297,4880.7
35,26297,4880.7
36,26297,4880.7
37,26297,4880.7
38,26297,4880.7
39,26297,4880.7
40,26297,4880.7
41,26297,5700.0
42,26297,5700.0
43,26297,5700.0
44,26297,5700.0
45,26297,5700.0
46,26297,5700.0
47,26297,5700.0
48,26297,5700.0
49,26297,5700.0
50,26297,5700.0
51,26297,5700.0
52,26297,5700.0
53,26297,5700.0
54,26297,5700.0
55,26297,5700.0
56,26297,5700.0
57,26297,5700.0
58,26297,5002.37
59,26297,5002.37
60,26297,5002.37
61,26297,5002.37
62,26297,5002.37
63,26297,5002.37
64,26297,5002.37
65,26297,5002.37
66,26297,5002.37
67,26297,5002.37
68,26297,5002.37
69,26297,5002.37
70,26297,5002.37
71,26297,5002.37
72,26297,5002.37
73,26297,5002.37
74,26297,5002.37
75,26297,5002.37
76,26297,5002.37
77,26297,5002.37
78,26297,5002.37
79,26297,5002.37
80,26297,5002.37
81,26297,5700.0
82,26297,5700.0
83,26297,5700.0
84,26297,5700.0
85,26297,5700.0
86,26297,5700.0
87,26297,5700.0
88,26297,5700.0
89,26297,5700.0
90,26297,5700.0
91,26297,5700.0
92,26297,5700.0
93,26297,5700.0
94,26297,5700.0
95,26297,5700.0
96,26297,5700.0
1,26299,6000.0
2,26299,6000.0
3,26299,6000.0
4,26299,6000.0
5,26299,6000.0
6,26299,6000.0
7,26299,6000.0
8,26299,6000.0
9,26299,6000.0
10,26299,6000.0
11,26299,6000.0
12,26299,6000.0
13,26299,6000.0
14,26299,6000.0
15,26299,6000.0
16,26299,6000.0
17,26299,6000.0
18,26299,6000.0
19,26299,6000.0
20,26299,6000.0
21,26299,6000.0
22,26299,6000.0
23,26299,6000.0
24,26299,6000.0
25,26299,6000.0
26,26299,6000.0
27,26299,6000.0
28,26299,6000.0
29,26299,6000.0
30,26299,6000.0
31,26299,5791.33
32,26299,5791.33
33,26299,5791.33
34,26299,5791.33
35,26299,5791.33
36,26299,6000.0
37,26299,6000.0
38,26299,6000.0
39,26299,6000.0
40,26299,6000.0
41,26299,6000.0
42,26299,6000.0
43,26299,6000.0
44,26299,6000.0
45,26299,6000.0
46,26299,6000.0
47,26299,6000.0
48,26299,6000.0
49,26299,6000.0
50,26299,6000.0
51,26299,6000.0
52,26299,6000.0
53,26299,6000.0
54,26299,6000.0
55,26299,6000.0
56,26299,6000.0
57,26299,5435.08
58,26299,5435.08
59,26299,5435.08
60,26299,5435.08
61,26299,5435.08
62,26299,6000.0
63,26299,6000.0
64,26299,6000.0
65,26299,6000.0
66,26299,6000.0
67,26299,6000.0
68,26299,6000.0
69,26299,6000.0
70,26299,6000.0
71,26299,6000.0
72,26299,6000.0
73,26299,6000.0
74,26299,6000.0
75,26299,6000.0
76,26299,6000.0
77,26299,6000.0
78,26299,6000.0
79,26299,6000.0
80,26299,6000.0
81,26299,6000.0
82,26299,6000.0
83,26299,6000.0
84,26299,6000.0
85,26299,6000.0
86,26299,6000.0
87,26299,6000.0
88,26299,6000.0
89,26299,6000.0
90,26299,6000.0
91,26299,6000.0
92,26299,6000.0
93,26299,6000.0
94,26299,6000.0
95,26299,6000.0
96,26299,6000.0
1,26304,4000.0
2,26304,4000.0
3,26304,4000.0
4,26304,4000.0
5,26304,4000.0
6,26304,4000.0
7,26304,4000.0
8,26304,4000.0
9,26304,4000.0
10,26304,4000.0
11,26304,4000.0
12,26304,4000.0
13,26304,4000.0
14,26304,4000.0
15,26304,4000.0
16,26304,4000.0
17,26304,4000.0
18,26304,4000.0
19,26304,4000.0
20,26304,4000.0
21,26304,4000.0
22,26304,4000.0
23,26304,4000.0
24,26304,4000.0
25,26304,4000.0
26,26304,4000.0
27,26304,4000.0
28,26304,4000.0
29,26304,4000.0
30,26304,4000.0
31,26304,4000.0
32,26304,4000.0
33,26304,4000.0
34,26304,4000.0
35,26304,4000.0
36,26304,4000.0
37,26304,4000.0
38,26304,4000.0
39,26304,4000.0
40,26304,4000.0
41,26304,4000.0
42,26304,4000.0
43,26304,4000.0
44,26304,4000.0
45,26304,4000.0
46,26304,4000.0
47,26304,4000.0
48,26304,4000.0
49,26304,4000.0
50,26304,4000.0
51,26304,4000.0
52,26304,4000.0
53,26304,4000.0
54,26304,4000.0
55,26304,4000.0
56,26304,4000.0
57,26304,4000.0
58,26304,4000.0
59,26304,4000.0
60,26304,4000.0
61,26304,4000.0
62,26304,4000.0
63,26304,4000.0
64,26304,4000.0
65,26304,4000.0
66,26304,4000.0
67,26304,4000.0
68,26304,4000.0
69,26304,4000.0
70,26304,4000.0
71,26304,4000.0
72,26304,4000.0
73,26304,4000.0
74,26304,4000.0
75,26304,4000.0
76,26304,4000.0
77,26304,4000.0
78,26304,4000.0
79,26304,4000.0
80,26304,4000.0
81,26304,4000.0
82,26304,4000.0
83,26304,4000.0
84,26304,4000.0
85,26304,4000.0
86,26304,4000.0
87,26304,4000.0
88,26304,4000.0
89,26304,4000.0
90,26304,4000.0
91,26304,4000.0
92,26304,4000.0
93,26304,4000.0
94,26304,4000.0
95,26304,4000.0
96,26304,4000.0
1,26313,3800.0
2,26313,3800.0
3,26313,3800.0
4,26313,3800.0
5,26313,3800.0
6,26313,3800.0
7,26313,3800.0
8,26313,3800.0
9,26313,3800.0
10,26313,3800.0
11,26313,3800.0
12,26313,3800.0
13,26313,3800.0
14,26313,3800.0
15,26313,3800.0
16,26313,3800.0
17,26313,3800.0
18,26313,3800.0
19,26313,3800.0
20,26313,3800.0
21,26313,3800.0
22,26313,3800.0
23,26313,3800.0
24,26313,3800.0
25,26313,3800.0
26,26313,3800.0
27,26313,3800.0
28,26313,3800.0
29,26313,3800.0
30,26313,3800.0
31,26313,3800.0
32,26313,3800.0
33,26313,3800.0
34,26313,3800.0
35,26313,3800.0
36,26313,3800.0
37,26313,3800.0
38,26313,3800.0
39,26313,3800.0
40,26313,3800.0
41,26313,3800.0
42,26313,3800.0
43,26313,3800.0
44,26313,3800.0
45,26313,3800.0
46,26313,3800.0
47,26313,3800.0
48,26313,3800.0
49,26313,3800.0
50,26313,3800.0
51,26313,3800.0
52,26313,3800.0
53,26313,3800.0
54,26313,3800.0
55,26313,3800.0
56,26313,3800.0
57,26313,3800.0
58,26313,3800.0
59,26313,3800.0
60,26313,3800.0
61,26313,3800.0
62,26313,3800.0
63,26313,3800.0
64,26313,3800.0
65,26313,3800.0
66,26313,3800.0
67,26313,3800.0
68,26313,3800.0
69,26313,3800.0
70,26313,3800.0
71,26313,3800.0
72,26313,3800.0
73,26313,3800.0
74,26313,3800.0
75,26313,3800.0
76,26313,3800.0
77,26313,3800.0
78,26313,3800.0
79,26313,3800.0
80,26313,3800.0
81,26313,3800.0
82,26313,3800.0
83,26313,3800.0
84,26313,3800.0
85,26313,3800.0
86,26313,3800.0
87,26313,3800.0
88,26313,3800.0
89,26313,3800.0
90,26313,3800.0
91,26313,3800.0
92,26313,3800.0
93,26313,3800.0
94,26313,3800.0
95,26313,3800.0
96,26313,3800.0
1,26354,4000.0
2,26354,4000.0
3,26354,4000.0
4,26354,4000.0
5,26354,4000.0
6,26354,4000.0
7,26354,4000.0
8,26354,4000.0
9,26354,4000.0
10,26354,4000.0
11,26354,4000.0
12,26354,4000.0
13,26354,4000.0
14,26354,4000.0
15,26354,4000.0
16,26354,4000.0
17,26354,4000.0
18,26354,4000.0
19,26354,4000.0
20,26354,4000.0
21,26354,4000.0
22,26354,4000.0
23,26354,4000.0
24,26354,4000.0
25,26354,4000.0
26,26354,4000.0
27,26354,4000.0
28,26354,4000.0
29,26354,4000.0
30,26354,4000.0
31,26354,4000.0
32,26354,4000.0
33,26354,4000.0
34,26354,4000.0
35,26354,4000.0
36,26354,4000.0
37,26354,4000.0
38,26354,4000.0
39,26354,4000.0
40,26354,4000.0
41,26354,4000.0
42,26354,4000.0
43,26354,4000.0
44,26354,4000.0
45,26354,4000.0
46,26354,4000.0
47,26354,4000.0
48,26354,4000.0
49,26354,4000.0
50,26354,4000.0
51,26354,4000.0
52,26354,4000.0
53,26354,4000.0
54,26354,4000.0
55,26354,4000.0
56,26354,4000.0
57,26354,4000.0
58,26354,4000.0
59,26354,4000.0
60,26354,4000.0
61,26354,4000.0
62,26354,4000.0
63,26354,4000.0
64,26354,4000.0
65,26354,4000.0
66,26354,4000.0
67,26354,4000.0
68,26354,4000.0
69,26354,4000.0
70,26354,4000.0
71,26354,4000.0
72,26354,4000.0
73,26354,4000.0
74,26354,4000.0
75,26354,4000.0
76,26354,4000.0
77,26354,4000.0
78,26354,4000.0
79,26354,4000.0
80,26354,4000.0
81,26354,4000.0
82,26354,4000.0
83,26354,4000.0
84,26354,4000.0
85,26354,4000.0
86,26354,4000.0
87,26354,4000.0
88,26354,4000.0
89,26354,4000.0
90,26354,4000.0
91,26354,4000.0
92,26354,4000.0
93,26354,4000.0
94,26354,4000.0
95,26354,4000.0
96,26354,4000.0
1,26359,6000.0
2,26359,6000.0
3,26359,6000.0
4,26359,6000.0
5,26359,6000.0
6,26359,6000.0
7,26359,6000.0
8,26359,6000.0
9,26359,6000.0
10,26359,6000.0
11,26359,6000.0
12,26359,6000.0
13,26359,6000.0
14,26359,6000.0
15,26359,6000.0
16,26359,6000.0
17,26359,6000.0
18,26359,6000.0
19,26359,6000.0
20,26359,6000.0
21,26359,6000.0
22,26359,6000.0
23,26359,6000.0
24,26359,6000.0
25,26359,6000.0
26,26359,6000.0
27,26359,6000.0
28,26359,6000.0
29,26359,6000.0
30,26359,6000.0
31,26359,5673.0
32,26359,5673.0
33,26359,5673.0
34,26359,5673.0
35,26359,5673.0
36,26359,5673.0
37,26359,6000.0
38,26359,6000.0
39,26359,6000.0
40,26359,6000.0
41,26359,6000.0
42,26359,6000.0
43,26359,6000.0
44,26359,6000.0
45,26359,6000.0
46,26359,6000.0
47,26359,6000.0
48,26359,6000.0
49,26359,6000.0
50,26359,6000.0
51,26359,6000.0
52,26359,6000.0
53,26359,6000.0
54,26359,6000.0
55,26359,6000.0
56,26359,5715.11
57,26359,5715.11
58,26359,5715.11
59,26359,5715.11
60,26359,5715.11
61,26359,5715.11
62,26359,6000.0
63,26359,6000.0
64,26359,6000.0
65,26359,6000.0
66,26359,6000.0
67,26359,6000.0
68,26359,6000.0
69,26359,6000.0
70,26359,6000.0
71,26359,6000.0
72,26359,6000.0
73,26359,6000.0
74,26359,6000.0
75,26359,6000.0
76,26359,6000.0
77,26359,6000.0
78,26359,6000.0
79,26359,6000.0
80,26359,6000.0
81,26359,6000.0
82,26359,6000.0
83,26359,6000.0
84,26359,6000.0
85,26359,6000.0
86,26359,6000.0
87,26359,6000.0
88,26359,6000.0
89,26359,6000.0
90,26359,6000.0
91,26359,6000.0
92,26359,6000.0
93,26359,6000.0
94,26359,6000.0
95,26359,6000.0
96,26359,6000.0
1,26370,6000.0
2,26370,6000.0
3,26370,6000.0
4,26370,6000.0
5,26370,6000.0
6,26370,6000.0
7,26370,6000.0
8,26370,6000.0
9,26370,6000.0
10,26370,6000.0
11,26370,6000.0
12,26370,6000.0
13,26370,6000.0
14,26370,6000.0
15,26370,6000.0
16,26370,6000.0
17,26370,6000.0
18,26370,6000.0
19,26370,6000.0
20,26370,6000.0
21,26370,6000.0
22,26370,6000.0
23,26370,6000.0
24,26370,6000.0
25,26370,6000.0
26,26370,6000.0
27,26370,6000.0
28,26370,6000.0
29,26370,6000.0
30,26370,5057.89
31,26370,5057.89
32,26370,5057.89
33,26370,5057.89
34,26370,5057.89
35,26370,5057.89
36,26370,5057.89
37,26370,5057.89
38,26370,5057.89
39,26370,5057.89
40,26370,5057.89
41,26370,6000.0
42,26370,6000.0
43,26370,6000.0
44,26370,6000.0
45,26370,6000.0
46,26370,6000.0
47,26370,6000.0
48,26370,6000.0
49,26370,6000.0
50,26370,6000.0
51,26370,6000.0
52,26370,6000.0
53,26370,6000.0
54,26370,6000.0
55,26370,5769.05
56,26370,5769.05
57,26370,5769.05
58,26370,5769.05
59,26370,5769.05
60,26370,5769.05
61,26370,5769.05
62,26370,5769.05
63,26370,6000.0
64,26370,6000.0
65,26370,6000.0
66,26370,6000.0
67,26370,6000.0
68,26370,6000.0
69,26370,6000.0
70,26370,6000.0
71,26370,6000.0
72,26370,6000.0
73,26370,6000.0
74,26370,6000.0
75,26370,6000.0
76,26370,6000.0
77,26370,6000.0
78,26370,6000.0
79,26370,6000.0
80,26370,6000.0
81,26370,6000.0
82,26370,6000.0
83,26370,6000.0
84,26370,6000.0
85,26370,6000.0
86,26370,6000.0
87,26370,6000.0
88,26370,6000.0
89,26370,6000.0
90,26370,6000.0
91,26370,6000.0
92,26370,6000.0
93,26370,6000.0
94,26370,6000.0
95,26370,6000.0
96,26370,6000.0
1,26380,4000.0
2,26380,4000.0
3,26380,4000.0
4,26380,4000.0
5,26380,4000.0
6,26380,4000.0
7,26380,4000.0
8,26380,4000.0
9,26380,4000.0
10,26380,4000.0
11,26380,4000.0
12,26380,4000.0
13,26380,4000.0
14,26380,4000.0
15,26380,4000.0
16,26380,4000.0
17,26380,4000.0
18,26380,4000.0
19,26380,4000.0
20,26380,4000.0
21,26380,4000.0
22,26380,4000.0
23,26380,4000.0
24,26380,4000.0
25,26380,4000.0
26,26380,4000.0
27,26380,4000.0
28,26380,4000.0
29,26380,4000.0
30,26380,4000.0
31,26380,4000.0
32,26380,4000.0
33,26380,4000.0
34,26380,4000.0
35,26380,4000.0
36,26380,4000.0
37,26380,4000.0
38,26380,4000.0
39,26380,4000.0
40,26380,4000.0
41,26380,4000.0
42,26380,4000.0
43,26380,4000.0
44,26380,4000.0
45,26380,4000.0
46,26380,4000.0
47,26380,4000.0
48,26380,4000.0
49,26380,4000.0
50,26380,4000.0
51,26380,4000.0
52,26380,4000.0
53,26380,4000.0
54,26380,4000.0
55,26380,4000.0
56,26380,4000.0
57,26380,4000.0
58,26380,3652.11
59,26380,3652.11
60,26380,3652.11
61,26380,3652.11
62,26380,4000.0
63,26380,4000.0
64,26380,4000.0
65,26380,4000.0
66,26380,4000.0
67,26380,4000.0
68,26380,4000.0
69,26380,4000.0
70,26380,4000.0
71,26380,4000.0
72,26380,4000.0
73,26380,4000.0
74,26380,4000.0
75,26380,4000.0
76,26380,4000.0
77,26380,4000.0
78,26380,4000.0
79,26380,4000.0
80,26380,4000.0
81,26380,4000.0
82,26380,4000.0
83,26380,4000.0
84,26380,4000.0
85,26380,4000.0
86,26380,4000.0
87,26380,4000.0
88,26380,4000.0
89,26380,4000.0
90,26380,4000.0
91,26380,4000.0
92,26380,4000.0
93,26380,4000.0
94,26380,4000.0
95,26380,4000.0
96,26380,4000.0
1,26423,7600.0
2,26423,7600.0
3,26423,7600.0
4,26423,7600.0
5,26423,7600.0
6,26423,7600.0
7,26423,7600.0
8,26423,7600.0
9,26423,7600.0
10,26423,7600.0
11,26423,7600.0
12,26423,7600.0
13,26423,7600.0
14,26423,7600.0
15,26423,7600.0
16,26423,7600.0
17,26423,7600.0
18,26423,7600.0
19,26423,7600.0
20,26423,7600.0
21,26423,7600.0
22,26423,7600.0
23,26423,7600.0
24,26423,7600.0
25,26423,7600.0
26,26423,7600.0
27,26423,7600.0
28,26423,7600.0
29,26423,7600.0
30,26423,7600.0
31,26423,7600.0
32,26423,7600.0
33,26423,7600.0
34,26423,7600.0
35,26423,7600.0
36,26423,7600.0
37,26423,7600.0
38,26423,7600.0
39,26423,7600.0
40,26423,7600.0
41,26423,7600.0
42,26423,7600.0
43,26423,7600.0
44,26423,7600.0
45,26423,7600.0
46,26423,7600.0
47,26423,7600.0
48,26423,7600.0
49,26423,7600.0
50,26423,7600.0
51,26423,7600.0
52,26423,7600.0
53,26423,7600.0
54,26423,7600.0
55,26423,7600.0
56,26423,7600.0
57,26423,7600.0
58,26423,7600.0
59,26423,7600.0
60,26423,7600.0
61,26423,7600.0
62,26423,7600.0
63,26423,7600.0
64,26423,7600.0
65,26423,7600.0
66,26423,7600.0
67,26423,7600.0
68,26423,7600.0
69,26423,7600.0
70,26423,7600.0
71,26423,7600.0
72,26423,7600.0
73,26423,7600.0
74,26423,7600.0
75,26423,7600.0
76,26423,7600.0
77,26423,7600.0
78,26423,7600.0
79,26423,7600.0
80,26423,7600.0
81,26423,7600.0
82,26423,7600.0
83,26423,7600.0
84,26423,7600.0
85,26423,7600.0
86,26423,7600.0
87,26423,7600.0
88,26423,7600.0
89,26423,7600.0
90,26423,7600.0
91,26423,7600.0
92,26423,7600.0
93,26423,7600.0
94,26423,7600.0
95,26423,7600.0
96,26423,7600.0
1,26424,7600.0
2,26424,7600.0
3,26424,7600.0
4,26424,7600.0
5,26424,7600.0
6,26424,7600.0
7,26424,7600.0
8,26424,7600.0
9,26424,7600.0
10,26424,7600.0
11,26424,7600.0
12,26424,7600.0
13,26424,7600.0
14,26424,7600.0
15,26424,7600.0
16,26424,7600.0
17,26424,7600.0
18,26424,7600.0
19,26424,7600.0
20,26424,7600.0
21,26424,7600.0
22,26424,7600.0
23,26424,7600.0
24,26424,7600.0
25,26424,7600.0
26,26424,7600.0
27,26424,7600.0
28,26424,7600.0
29,26424,7600.0
30,26424,7600.0
31,26424,7600.0
32,26424,7600.0
33,26424,7600.0
34,26424,7600.0
35,26424,7600.0
36,26424,7600.0
37,26424,7600.0
38,26424,7600.0
39,26424,7600.0
40,26424,7600.0
41,26424,7600.0
42,26424,7600.0
43,26424,7600.0
44,26424,7600.0
45,26424,7600.0
46,26424,7600.0
47,26424,7600.0
48,26424,7600.0
49,26424,7600.0
50,26424,7600.0
51,26424,7600.0
52,26424,7600.0
53,26424,7600.0
54,26424,7600.0
55,26424,7600.0
56,26424,7600.0
57,26424,7600.0
58,26424,7600.0
59,26424,7600.0
60,26424,7600.0
61,26424,7600.0
62,26424,7600.0
63,26424,7600.0
64,26424,7600.0
65,26424,7600.0
66,26424,7600.0
67,26424,7600.0
68,26424,7600.0
69,26424,7600.0
70,26424,7600.0
71,26424,7600.0
72,26424,7600.0
73,26424,7600.0
74,26424,7600.0
75,26424,7600.0
76,26424,7600.0
77,26424,7600.0
78,26424,7600.0
79,26424,7600.0
80,26424,7600.0
81,26424,7600.0
82,26424,7600.0
83,26424,7600.0
84,26424,7600.0
85,26424,7600.0
86,26424,7600.0
87,26424,7600.0
88,26424,7600.0
89,26424,7600.0
90,26424,7600.0
91,26424,7600.0
92,26424,7600.0
93,26424,7600.0
94,26424,7600.0
95,26424,7600.0
96,26424,7600.0
1,26469,11400.0
2,26469,11400.0
3,26469,11400.0
4,26469,11400.0
5,26469,11400.0
6,26469,11400.0
7,26469,11400.0
8,26469,11400.0
9,26469,11400.0
10,26469,11400.0
11,26469,11400.0
12,26469,11400.0
13,26469,11400.0
14,26469,11400.0
15,26469,11400.0
16,26469,11400.0
17,26469,11400.0
18,26469,11400.0
19,26469,11400.0
20,26469,11400.0
21,26469,11400.0
22,26469,11400.0
23,26469,11400.0
24,26469,11400.0
25,26469,9987.71
26,26469,9987.71
27,26469,9987.71
28,26469,9987.71
29,26469,9987.71
30,26469,9987.71
31,26469,9987.71
32,26469,9987.71
33,26469,9987.71
34,26469,9987.71
35,26469,9987.71
36,26469,9987.71
37,26469,9987.71
38,26469,9987.71
39,26469,9987.71
40,26469,9987.71
41,26469,9987.71
42,26469,9987.71
43,26469,9987.71
44,26469,9987.71
45,26469,9987.71
46,26469,9987.71
47,26469,9987.71
48,26469,9987.71
49,26469,9987.71
50,26469,9987.71
51,26469,9987.71
52,26469,9987.71
53,26469,9987.71
54,26469,9987.71
55,26469,9987.71
56,26469,9987.71
57,26469,9987.71
58,26469,9987.71
59,26469,9987.71
60,26469,9987.71
61,26469,9987.71
62,26469,9987.71
63,26469,9987.71
64,26469,9987.71
65,26469,9987.71
66,26469,9987.71
67,26469,9987.71
68,26469,9987.71
69,26469,9987.71
70,26469,9987.71
71,26469,9987.71
72,26469,9987.71
73,26469,9987.71
74,26469,9987.71
75,26469,9987.71
76,26469,9987.71
77,26469,9987.71
78,26469,9987.71
79,26469,9987.71
80,26469,9987.71
81,26469,9987.71
82,26469,9987.71
83,26469,9987.71
84,26469,9987.71
85,26469,9987.71
86,26469,9987.71
87,26469,9987.71
88,26469,9987.71
89,26469,11400.0
90,26469,11400.0
91,26469,11400.0
92,26469,11400.0
93,26469,11400.0
94,26469,11400.0
95,26469,11400.0
96,26469,11400.0
1,26471,5700.0
2,26471,5700.0
3,26471,5700.0
4,26471,5700.0
5,26471,5700.0
6,26471,5700.0
7,26471,5700.0
8,26471,5700.0
9,26471,5700.0
10,26471,5700.0
11,26471,5700.0
12,26471,5700.0
13,26471,5700.0
14,26471,5700.0
15,26471,5700.0
16,26471,5700.0
17,26471,5700.0
18,26471,5700.0
19,26471,5700.0
20,26471,5700.0
21,26471,5700.0
22,26471,5700.0
23,26471,5700.0
24,26471,5700.0
25,26471,5700.0
26,26471,5700.0
27,26471,5700.0
28,26471,5700.0
29,26471,5700.0
30,26471,5700.0
31,26471,5700.0
32,26471,5700.0
33,26471,5700.0
34,26471,5700.0
35,26471,5700.0
36,26471,5700.0
37,26471,5700.0
38,26471,5700.0
39,26471,5700.0
40,26471,5700.0
41,26471,5700.0
42,26471,5700.0
43,26471,5700.0
44,26471,5700.0
45,26471,5700.0
46,26471,5700.0
47,26471,5700.0
48,26471,5700.0
49,26471,5700.0
50,26471,5700.0
51,26471,5700.0
52,26471,5700.0
53,26471,5700.0
54,26471,5700.0
55,26471,5700.0
56,26471,5700.0
57,26471,5700.0
58,26471,5700.0
59,26471,5700.0
60,26471,5700.0
61,26471,5700.0
62,26471,5700.0
63,26471,5700.0
64,26471,5700.0
65,26471,5700.0
66,26471,5700.0
67,26471,5700.0
68,26471,5700.0
69,26471,5700.0
70,26471,5700.0
71,26471,5700.0
72,26471,5700.0
73,26471,5700.0
74,26471,5700.0
75,26471,5700.0
76,26471,5700.0
77,26471,5700.0
78,26471,5700.0
79,26471,5700.0
80,26471,5700.0
81,26471,5700.0
82,26471,5700.0
83,26471,5700.0
84,26471,5700.0
85,26471,5700.0
86,26471,5700.0
87,26471,5700.0
88,26471,5700.0
89,26471,5700.0
90,26471,5700.0
91,26471,5700.0
92,26471,5700.0
93,26471,5700.0
94,26471,5700.0
95,26471,5700.0
96,26471,5700.0
1,26501,5700.0
2,26501,5700.0
3,26501,5700.0
4,26501,5700.0
5,26501,5700.0
6,26501,5700.0
7,26501,5700.0
8,26501,5700.0
9,26501,5700.0
10,26501,5700.0
11,26501,5700.0
12,26501,5700.0
13,26501,5700.0
14,26501,5700.0
15,26501,5700.0
16,26501,5700.0
17,26501,5700.0
18,26501,5700.0
19,26501,5700.0
20,26501,5700.0
21,26501,5700.0
22,26501,5700.0
23,26501,5700.0
24,26501,5700.0
25,26501,5700.0
26,26501,4933.04
27,26501,4933.04
28,26501,4933.04
29,26501,4933.04
30,26501,4933.04
31,26501,4933.04
32,26501,4933.04
33,26501,4933.04
34,26501,4933.04
35,26501,4933.04
36,26501,4933.04
37,26501,4933.04
38,26501,4933.04
39,26501,4933.04
40,26501,4933.04
41,26501,4933.04
42,26501,4933.04
43,26501,4933.04
44,26501,4933.04
45,26501,4933.04
46,26501,4933.04
47,26501,4933.04
48,26501,4933.04
49,26501,4933.04
50,26501,4933.04
51,26501,4933.04
52,26501,4933.04
53,26501,4933.04
54,26501,4933.04
55,26501,4933.04
56,26501,4933.04
57,26501,4933.04
58,26501,4933.04
59,26501,4933.04
60,26501,4933.04
61,26501,4933.04
62,26501,4933.04
63,26501,4933.04
64,26501,4933.04
65,26501,4933.04
66,26501,4933.04
67,26501,4933.04
68,26501,4933.04
69,26501,4933.04
70,26501,4933.04
71,26501,4933.04
72,26501,4933.04
73,26501,4933.04
74,26501,4933.04
75,26501,4933.04
76,26501,4933.04
77,26501,4933.04
78,26501,4933.04
79,26501,4933.04
80,26501,4933.04
81,26501,4933.04
82,26501,4933.04
83,26501,4933.04
84,26501,5700.0
85,26501,5700.0
86,26501,5700.0
87,26501,5700.0
88,26501,5700.0
89,26501,5700.0
90,26501,5700.0
91,26501,5700.0
92,26501,5700.0
93,26501,5700.0
94,26501,5700.0
95,26501,5700.0
96,26501,5700.0
1,26684,5700.0
2,26684,5700.0
3,26684,5700.0
4,26684,5700.0
5,26684,5700.0
6,26684,5700.0
7,26684,5700.0
8,26684,5700.0
9,26684,5700.0
10,26684,5700.0
11,26684,5700.0
12,26684,5700.0
13,26684,5700.0
14,26684,5700.0
15,26684,5700.0
16,26684,5700.0
17,26684,5700.0
18,26684,5700.0
19,26684,5700.0
20,26684,5700.0
21,26684,5700.0
22,26684,5700.0
23,26684,5700.0
24,26684,5700.0
25,26684,5700.0
26,26684,5700.0
27,26684,5700.0
28,26684,5700.0
29,26684,5700.0
30,26684,5700.0
31,26684,5700.0
32,26684,5700.0
33,26684,5700.0
34,26684,5700.0
35,26684,5700.0
36,26684,5700.0
37,26684,5700.0
38,26684,5700.0
39,26684,5700.0
40,26684,5700.0
41,26684,5700.0
42,26684,5700.0
43,26684,5700.0
44,26684,5700.0
45,26684,5700.0
46,26684,5700.0
47,26684,5700.0
48,26684,5700.0
49,26684,5700.0
50,26684,5700.0
51,26684,5700.0
52,26684,5700.0
53,26684,5700.0
54,26684,5700.0
55,26684,5700.0
56,26684,5700.0
57,26684,5700.0
58,26684,5700.0
59,26684,5700.0
60,26684,5700.0
61,26684,5700.0
62,26684,5700.0
63,26684,5700.0
64,26684,5700.0
65,26684,5700.0
66,26684,5700.0
67,26684,5700.0
68,26684,5700.0
69,26684,5700.0
70,26684,5700.0
71,26684,5700.0
72,26684,5700.0
73,26684,5700.0
74,26684,5700.0
75,26684,5700.0
76,26684,5700.0
77,26684,5700.0
78,26684,5700.0
79,26684,5700.0
80,26684,5700.0
81,26684,5700.0
82,26684,5700.0
83,26684,5700.0
84,26684,5700.0
85,26684,5700.0
86,26684,5700.0
87,26684,5700.0
88,26684,5700.0
89,26684,5700.0
90,26684,5700.0
91,26684,5700.0
92,26684,5700.0
93,26684,5700.0
94,26684,5700.0
95,26684,5700.0
96,26684,5700.0
1,26699,5700.0
2,26699,5700.0
3,26699,5700.0
4,26699,5700.0
5,26699,5700.0
6,26699,5700.0
7,26699,5700.0
8,26699,5700.0
9,26699,5700.0
10,26699,5700.0
11,26699,5700.0
12,26699,5700.0
13,26699,5700.0
14,26699,5700.0
15,26699,5700.0
16,26699,5700.0
17,26699,5700.0
18,26699,5700.0
19,26699,5700.0
20,26699,5700.0
21,26699,5700.0
22,26699,5700.0
23,26699,5700.0
24,26699,5700.0
25,26699,5700.0
26,26699,5700.0
27,26699,5700.0
28,26699,5700.0
29,26699,5700.0
30,26699,5700.0
31,26699,5700.0
32,26699,5700.0
33,26699,5700.0
34,26699,5700.0
35,26699,5700.0
36,26699,5700.0
37,26699,5700.0
38,26699,5700.0
39,26699,5700.0
40,26699,5700.0
41,26699,5700.0
42,26699,5700.0
43,26699,5700.0
44,26699,5700.0
45,26699,5700.0
46,26699,5700.0
47,26699,5700.0
48,26699,5700.0
49,26699,5700.0
50,26699,5700.0
51,26699,5700.0
52,26699,5700.0
53,26699,5700.0
54,26699,5700.0
55,26699,5700.0
56,26699,5700.0
57,26699,5700.0
58,26699,5700.0
59,26699,5700.0
60,26699,5700.0
61,26699,4837.55
62,26699,4837.55
63,26699,4837.55
64,26699,4837.55
65,26699,4837.55
66,26699,4837.55
67,26699,4837.55
68,26699,4837.55
69,26699,4837.55
70,26699,4837.55
71,26699,4837.55
72,26699,4837.55
73,26699,4837.55
74,26699,4837.55
75,26699,4837.55
76,26699,4837.55
77,26699,5700.0
78,26699,5700.0
79,26699,5700.0
80,26699,5700.0
81,26699,5700.0
82,26699,5700.0
83,26699,5700.0
84,26699,5700.0
85,26699,5700.0
86,26699,5700.0
87,26699,5700.0
88,26699,5700.0
89,26699,5700.0
90,26699,5700.0
91,26699,5700.0
92,26699,5700.0
93,26699,5700.0
94,26699,5700.0
95,26699,5700.0
96,26699,5700.0
1,26708,7600.0
2,26708,7600.0
3,26708,7600.0
4,26708,7600.0
5,26708,7600.0
6,26708,7600.0
7,26708,7600.0
8,26708,7600.0
9,26708,7600.0
10,26708,7600.0
11,26708,7600.0
12,26708,7600.0
13,26708,7600.0
14,26708,7600.0
15,26708,7600.0
16,26708,7600.0
17,26708,7600.0
18,26708,7600.0
19,26708,7600.0
20,26708,7600.0
21,26708,7600.0
22,26708,7600.0
23,26708,7600.0
24,26708,7600.0
25,26708,7600.0
26,26708,7600.0
27,26708,7600.0
28,26708,7600.0
29,26708,7600.0
30,26708,7600.0
31,26708,7600.0
32,26708,7600.0
33,26708,7600.0
34,26708,7600.0
35,26708,7600.0
36,26708,7600.0
37,26708,7600.0
38,26708,7600.0
39,26708,7600.0
40,26708,7600.0
41,26708,7600.0
42,26708,7600.0
43,26708,7600.0
44,26708,7600.0
45,26708,7600.0
46,26708,7600.0
47,26708,7600.0
48,26708,7600.0
49,26708,7600.0
50,26708,7600.0
51,26708,7600.0
52,26708,7600.0
53,26708,7600.0
54,26708,7600.0
55,26708,7600.0
56,26708,7600.0
57,26708,7600.0
58,26708,7600.0
59,26708,7600.0
60,26708,7600.0
61,26708,7600.0
62,26708,7600.0
63,26708,7600.0
64,26708,7600.0
65,26708,7600.0
66,26708,7600.0
67,26708,7600.0
68,26708,7600.0
69,26708,7600.0
70,26708,7600.0
71,26708,7600.0
72,26708,7600.0
73,26708,7600.0
74,26708,7600.0
75,26708,7600.0
76,26708,7600.0
77,26708,7600.0
78,26708,7600.0
79,26708,7600.0
80,26708,7600.0
81,26708,7600.0
82,26708,7600.0
83,26708,7600.0
84,26708,7600.0
85,26708,7600.0
86,26708,7600.0
87,26708,7600.0
88,26708,7600.0
89,26708,7600.0
90,26708,7600.0
91,26708,7600.0
92,26708,7600.0
93,26708,7600.0
94,26708,7600.0
95,26708,7600.0
96,26708,7600.0
1,26712,11400.0
2,26712,11400.0
3,26712,11400.0
4,26712,11400.0
5,26712,11400.0
6,26712,11400.0
7,26712,11400.0
8,26712,11400.0
9,26712,11400.0
10,26712,11400.0
11,26712,11400.0
12,26712,11400.0
13,26712,11400.0
14,26712,11400.0
15,26712,11400.0
16,26712,11400.0
17,26712,11400.0
18,26712,11400.0
19,26712,11400.0
20,26712,11400.0
21,26712,11400.0
22,26712,11400.0
23,26712,11400.0
24,26712,11400.0
25,26712,11400.0
26,26712,11400.0
27,26712,11400.0
28,26712,11400.0
29,26712,11400.0
30,26712,11400.0
31,26712,11400.0
32,26712,11400.0
33,26712,11400.0
34,26712,11400.0
35,26712,11400.0
36,26712,11400.0
37,26712,11400.0
38,26712,11400.0
39,26712,11400.0
40,26712,11400.0
41,26712,11400.0
42,26712,11400.0
43,26712,11400.0
44,26712,11400.0
45,26712,11400.0
46,26712,11400.0
47,26712,11400.0
48,26712,11400.0
49,26712,11400.0
50,26712,11400.0
51,26712,11400.0
52,26712,11400.0
53,26712,11400.0
54,26712,11400.0
55,26712,11400.0
56,26712,11400.0
57,26712,11400.0
58,26712,11400.0
59,26712,11400.0
60,26712,11400.0
61,26712,11400.0
62,26712,11400.0
63,26712,11400.0
64,26712,11400.0
65,26712,11400.0
66,26712,11400.0
67,26712,11400.0
68,26712,11400.0
69,26712,11400.0
70,26712,11400.0
71,26712,11400.0
72,26712,11400.0
73,26712,11400.0
74,26712,11400.0
75,26712,11400.0
76,26712,11400.0
77,26712,11400.0
78,26712,11400.0
79,26712,11400.0
80,26712,11400.0
81,26712,11400.0
82,26712,11400.0
83,26712,11400.0
84,26712,11400.0
85,26712,11400.0
86,26712,11400.0
87,26712,11400.0
88,26712,11400.0
89,26712,11400.0
90,26712,11400.0
91,26712,11400.0
92,26712,11400.0
93,26712,11400.0
94,26712,11400.0
95,26712,11400.0
96,26712,11400.0
1,26756,7600.0
2,26756,7600.0
3,26756,7600.0
4,26756,7600.0
5,26756,7600.0
6,26756,7600.0
7,26756,7600.0
8,26756,7600.0
9,26756,7600.0
10,26756,7600.0
11,26756,7600.0
12,26756,7600.0
13,26756,7600.0
14,26756,7600.0
15,26756,7600.0
16,26756,7600.0
17,26756,7600.0
18,26756,7600.0
19,26756,7600.0
20,26756,7600.0
21,26756,7600.0
22,26756,7600.0
23,26756,7600.0
24,26756,7600.0
25,26756,7600.0
26,26756,7600.0
27,26756,7600.0
28,26756,7416.26
29,26756,7416.26
30,26756,7416.26
31,26756,7416.26
32,26756,7416.26
33,26756,7416.26
34,26756,7416.26
35,26756,7416.26
36,26756,7416.26
37,26756,7416.26
38,26756,7416.26
39,26756,7600.0
40,26756,7600.0
41,26756,7600.0
42,26756,7600.0
43,26756,7600.0
44,26756,7600.0
45,26756,7600.0
46,26756,7600.0
47,26756,7600.0
48,26756,7600.0
49,26756,7600.0
50,26756,7600.0
51,26756,7600.0
52,26756,7600.0
53,26756,7600.0
54,26756,7600.0
55,26756,7600.0
56,26756,7600.0
57,26756,7600.0
58,26756,7600.0
59,26756,7600.0
60,26756,7600.0
61,26756,7600.0
62,26756,7600.0
63,26756,7600.0
64,26756,7600.0
65,26756,7600.0
66,26756,7600.0
67,26756,7600.0
68,26756,7600.0
69,26756,7600.0
70,26756,7600.0
71,26756,7600.0
72,26756,7600.0
73,26756,7600.0
74,26756,7600.0
75,26756,7600.0
76,26756,7600.0
77,26756,7600.0
78,26756,7600.0
79,26756,7600.0
80,26756,7600.0
81,26756,7600.0
82,26756,7600.0
83,26756,7600.0
84,26756,7600.0
85,26756,7600.0
86,26756,7600.0
87,26756,7600.0
88,26756,7600.0
89,26756,7600.0
90,26756,7600.0
91,26756,7600.0
92,26756,7600.0
93,26756,7600.0
94,26756,7600.0
95,26756,7600.0
96,26756,7600.0
1,26759,7600.0
2,26759,7600.0
3,26759,7600.0
4,26759,7600.0
5,26759,7600.0
6,26759,7600.0
7,26759,7600.0
8,26759,7600.0
9,26759,7600.0
10,26759,7600.0
11,26759,7600.0
12,26759,7600.0
13,26759,7600.0
14,26759,7600.0
15,26759,7600.0
16,26759,7600.0
17,26759,7600.0
18,26759,7600.0
19,26759,7600.0
20,26759,7600.0
21,26759,7600.0
22,26759,7600.0
23,26759,7600.0
24,26759,7600.0
25,26759,7600.0
26,26759,7600.0
27,26759,7600.0
28,26759,7600.0
29,26759,7600.0
30,26759,7600.0
31,26759,7600.0
32,26759,7600.0
33,26759,7600.0
34,26759,7600.0
35,26759,7600.0
36,26759,7600.0
37,26759,7600.0
38,26759,7600.0
39,26759,7600.0
40,26759,7600.0
41,26759,7600.0
42,26759,7600.0
43,26759,7600.0
44,26759,7600.0
45,26759,7600.0
46,26759,7600.0
47,26759,7600.0
48,26759,7600.0
49,26759,7600.0
50,26759,7600.0
51,26759,7600.0
52,26759,7600.0
53,26759,7600.0
54,26759,7600.0
55,26759,7600.0
56,26759,7600.0
57,26759,7600.0
58,26759,7600.0
59,26759,7600.0
60,26759,7600.0
61,26759,7600.0
62,26759,7301.13
63,26759,7301.13
64,26759,7301.13
65,26759,7301.13
66,26759,7301.13
67,26759,7301.13
68,26759,7301.13
69,26759,7301.13
70,26759,7301.13
71,26759,7301.13
72,26759,7301.13
73,26759,7301.13
74,26759,7301.13
75,26759,7301.13
76,26759,7600.0
77,26759,7600.0
78,26759,7600.0
79,26759,7600.0
80,26759,7600.0
81,26759,7600.0
82,26759,7600.0
83,26759,7600.0
84,26759,7600.0
85,26759,7600.0
86,26759,7600.0
87,26759,7600.0
88,26759,7600.0
89,26759,7600.0
90,26759,7600.0
91,26759,7600.0
92,26759,7600.0
93,26759,7600.0
94,26759,7600.0
95,26759,7600.0
96,26759,7600.0
1,26761,7600.0
2,26761,7600.0
3,26761,7600.0
4,26761,7600.0
5,26761,7600.0
6,26761,7600.0
7,26761,7600.0
8,26761,7600.0
9,26761,7600.0
10,26761,7600.0
11,26761,7600.0
12,26761,7600.0
13,26761,7600.0
14,26761,7600.0
15,26761,7600.0
16,26761,7600.0
17,26761,7600.0
18,26761,7600.0
19,26761,7600.0
20,26761,7600.0
21,26761,7600.0
22,26761,7600.0
23,26761,7600.0
24,26761,7600.0
25,26761,7600.0
26,26761,7600.0
27,26761,7600.0
28,26761,7600.0
29,26761,7600.0
30,26761,7600.0
31,26761,7600.0
32,26761,7600.0
33,26761,7600.0
34,26761,7600.0
35,26761,7600.0
36,26761,7600.0
37,26761,7600.0
38,26761,7600.0
39,26761,7600.0
40,26761,7600.0
41,26761,7600.0
42,26761,7600.0
43,26761,7600.0
44,26761,7600.0
45,26761,7600.0
46,26761,7600.0
47,26761,7600.0
48,26761,7600.0
49,26761,7600.0
50,26761,7600.0
51,26761,7600.0
52,26761,7600.0
53,26761,7600.0
54,26761,7600.0
55,26761,7600.0
56,26761,7600.0
57,26761,7600.0
58,26761,7600.0
59,26761,7600.0
60,26761,7600.0
61,26761,7600.0
62,26761,7600.0
63,26761,7600.0
64,26761,7600.0
65,26761,7600.0
66,26761,7600.0
67,26761,7600.0
68,26761,7600.0
69,26761,7600.0
70,26761,7600.0
71,26761,7600.0
72,26761,7600.0
73,26761,7600.0
74,26761,7600.0
75,26761,7600.0
76,26761,7600.0
77,26761,7600.0
78,26761,7600.0
79,26761,7600.0
80,26761,7600.0
81,26761,7600.0
82,26761,7600.0
83,26761,7600.0
84,26761,7600.0
85,26761,7600.0
86,26761,7600.0
87,26761,7600.0
88,26761,7600.0
89,26761,7600.0
90,26761,7600.0
91,26761,7600.0
92,26761,7600.0
93,26761,7600.0
94,26761,7600.0
95,26761,7600.0
96,26761,7600.0
1,26764,7600.0
2,26764,7600.0
3,26764,7600.0
4,26764,7600.0
5,26764,7600.0
6,26764,7600.0
7,26764,7600.0
8,26764,7600.0
9,26764,7600.0
10,26764,7600.0
11,26764,7600.0
12,26764,7600.0
13,26764,7600.0
14,26764,7600.0
15,26764,7600.0
16,26764,7600.0
17,26764,7600.0
18,26764,7600.0
19,26764,7600.0
20,26764,7600.0
21,26764,7600.0
22,26764,7600.0
23,26764,7600.0
24,26764,7600.0
25,26764,7600.0
26,26764,7600.0
27,26764,7600.0
28,26764,7600.0
29,26764,7600.0
30,26764,7600.0
31,26764,7600.0
32,26764,7600.0
33,26764,7600.0
34,26764,7600.0
35,26764,7600.0
36,26764,7600.0
37,26764,7600.0
38,26764,7600.0
39,26764,7600.0
40,26764,7600.0
41,26764,7600.0
42,26764,7600.0
43,26764,7600.0
44,26764,7600.0
45,26764,7600.0
46,26764,7600.0
47,26764,7600.0
48,26764,7600.0
49,26764,7600.0
50,26764,7600.0
51,26764,7600.0
52,26764,7600.0
53,26764,7600.0
54,26764,7600.0
55,26764,7600.0
56,26764,7600.0
57,26764,7600.0
58,26764,7600.0
59,26764,7600.0
60,26764,7600.0
61,26764,7600.0
62,26764,7109.12
63,26764,7109.12
64,26764,7109.12
65,26764,7109.12
66,26764,7109.12
67,26764,7109.12
68,26764,7109.12
69,26764,7109.12
70,26764,7109.12
71,26764,7109.12
72,26764,7109.12
73,26764,7109.12
74,26764,7109.12
75,26764,7109.12
76,26764,7600.0
77,26764,7600.0
78,26764,7600.0
79,26764,7600.0
80,26764,7600.0
81,26764,7600.0
82,26764,7600.0
83,26764,7600.0
84,26764,7600.0
85,26764,7600.0
86,26764,7600.0
87,26764,7600.0
88,26764,7600.0
89,26764,7600.0
90,26764,7600.0
91,26764,7600.0
92,26764,7600.0
93,26764,7600.0
94,26764,7600.0
95,26764,7600.0
96,26764,7600.0
1,26768,7600.0
2,26768,7600.0
3,26768,7600.0
4,26768,7600.0
5,26768,7600.0
6,26768,7600.0
7,26768,7600.0
8,26768,7600.0
9,26768,7600.0
10,26768,7600.0
11,26768,7600.0
12,26768,7600.0
13,26768,7600.0
14,26768,7600.0
15,26768,7600.0
16,26768,7600.0
17,26768,7600.0
18,26768,7600.0
19,26768,7600.0
20,26768,7600.0
21,26768,7600.0
22,26768,7600.0
23,26768,7600.0
24,26768,7600.0
25,26768,7600.0
26,26768,7600.0
27,26768,7600.0
28,26768,7600.0
29,26768,7600.0
30,26768,7600.0
31,26768,7600.0
32,26768,7600.0
33,26768,7600.0
34,26768,7600.0
35,26768,7600.0
36,26768,7600.0
37,26768,7600.0
38,26768,7600.0
39,26768,7600.0
40,26768,7600.0
41,26768,7600.0
42,26768,7600.0
43,26768,7600.0
44,26768,7600.0
45,26768,7600.0
46,26768,7600.0
47,26768,7600.0
48,26768,7600.0
49,26768,7600.0
50,26768,7600.0
51,26768,7600.0
52,26768,7600.0
53,26768,7600.0
54,26768,7600.0
55,26768,7600.0
56,26768,7600.0
57,26768,7600.0
58,26768,7600.0
59,26768,7600.0
60,26768,7600.0
61,26768,7600.0
62,26768,7600.0
63,26768,7600.0
64,26768,7600.0
65,26768,7600.0
66,26768,7600.0
67,26768,7600.0
68,26768,7600.0
69,26768,7600.0
70,26768,7600.0
71,26768,7600.0
72,26768,7600.0
73,26768,7600.0
74,26768,7600.0
75,26768,7600.0
76,26768,7600.0
77,26768,7600.0
78,26768,7600.0
79,26768,7600.0
80,26768,7600.0
81,26768,7600.0
82,26768,7600.0
83,26768,7600.0
84,26768,7600.0
85,26768,7600.0
86,26768,7600.0
87,26768,7600.0
88,26768,7600.0
89,26768,7600.0
90,26768,7600.0
91,26768,7600.0
92,26768,7600.0
93,26768,7600.0
94,26768,7600.0
95,26768,7600.0
96,26768,7600.0
1,26772,7600.0
2,26772,7600.0
3,26772,7600.0
4,26772,7600.0
5,26772,7600.0
6,26772,7600.0
7,26772,7600.0
8,26772,7600.0
9,26772,7600.0
10,26772,7600.0
11,26772,7600.0
12,26772,7600.0
13,26772,7600.0
14,26772,7600.0
15,26772,7600.0
16,26772,7600.0
17,26772,7600.0
18,26772,7600.0
19,26772,7600.0
20,26772,7600.0
21,26772,7600.0
22,26772,7600.0
23,26772,7600.0
24,26772,7600.0
25,26772,7600.0
26,26772,7600.0
27,26772,7600.0
28,26772,7600.0
29,26772,7600.0
30,26772,7600.0
31,26772,7600.0
32,26772,7600.0
33,26772,7600.0
34,26772,7600.0
35,26772,7600.0
36,26772,7600.0
37,26772,7600.0
38,26772,7600.0
39,26772,7600.0
40,26772,7600.0
41,26772,7600.0
42,26772,7600.0
43,26772,7600.0
44,26772,7600.0
45,26772,7600.0
46,26772,7600.0
47,26772,7600.0
48,26772,7600.0
49,26772,7600.0
50,26772,7600.0
51,26772,7600.0
52,26772,7600.0
53,26772,7600.0
54,26772,7600.0
55,26772,7600.0
56,26772,7600.0
57,26772,7600.0
58,26772,7600.0
59,26772,7600.0
60,26772,7600.0
61,26772,7600.0
62,26772,6969.08
63,26772,6969.08
64,26772,6969.08
65,26772,6969.08
66,26772,6969.08
67,26772,6969.08
68,26772,6969.08
69,26772,6969.08
70,26772,6969.08
71,26772,6969.08
72,26772,6969.08
73,26772,6969.08
74,26772,6969.08
75,26772,6969.08
76,26772,7600.0
77,26772,7600.0
78,26772,7600.0
79,26772,7600.0
80,26772,7600.0
81,26772,7600.0
82,26772,7600.0
83,26772,7600.0
84,26772,7600.0
85,26772,7600.0
86,26772,7600.0
87,26772,7600.0
88,26772,7600.0
89,26772,7600.0
90,26772,7600.0
91,26772,7600.0
92,26772,7600.0
93,26772,7600.0
94,26772,7600.0
95,26772,7600.0
96,26772,7600.0
1,26776,7600.0
2,26776,7600.0
3,26776,7600.0
4,26776,7600.0
5,26776,7600.0
6,26776,7600.0
7,26776,7600.0
8,26776,7600.0
9,26776,7600.0
10,26776,7600.0
11,26776,7600.0
12,26776,7600.0
13,26776,7600.0
14,26776,7600.0
15,26776,7600.0
16,26776,7600.0
17,26776,7600.0
18,26776,7600.0
19,26776,7600.0
20,26776,7600.0
21,26776,7600.0
22,26776,7600.0
23,26776,7600.0
24,26776,7600.0
25,26776,7600.0
26,26776,7600.0
27,26776,7600.0
28,26776,7600.0
29,26776,7600.0
30,26776,7600.0
31,26776,7600.0
32,26776,7600.0
33,26776,7600.0
34,26776,7600.0
35,26776,7600.0
36,26776,7600.0
37,26776,7600.0
38,26776,7600.0
39,26776,7600.0
40,26776,7600.0
41,26776,7600.0
42,26776,7600.0
43,26776,7600.0
44,26776,7600.0
45,26776,7600.0
46,26776,7600.0
47,26776,7600.0
48,26776,7600.0
49,26776,7600.0
50,26776,7600.0
51,26776,7600.0
52,26776,7600.0
53,26776,7600.0
54,26776,7600.0
55,26776,7600.0
56,26776,7600.0
57,26776,7600.0
58,26776,7600.0
59,26776,7600.0
60,26776,7600.0
61,26776,7600.0
62,26776,6969.08
63,26776,6969.08
64,26776,6969.08
65,26776,6969.08
66,26776,6969.08
67,26776,6969.08
68,26776,6969.08
69,26776,6969.08
70,26776,6969.08
71,26776,6969.08
72,26776,6969.08
73,26776,6969.08
74,26776,6969.08
75,26776,6969.08
76,26776,7600.0
77,26776,7600.0
78,26776,7600.0
79,26776,7600.0
80,26776,7600.0
81,26776,7600.0
82,26776,7600.0
83,26776,7600.0
84,26776,7600.0
85,26776,7600.0
86,26776,7600.0
87,26776,7600.0
88,26776,7600.0
89,26776,7600.0
90,26776,7600.0
91,26776,7600.0
92,26776,7600.0
93,26776,7600.0
94,26776,7600.0
95,26776,7600.0
96,26776,7600.0
1,26778,7600.0
2,26778,7600.0
3,26778,7600.0
4,26778,7600.0
5,26778,7600.0
6,26778,7600.0
7,26778,7600.0
8,26778,7600.0
9,26778,7600.0
10,26778,7600.0
11,26778,7600.0
12,26778,7600.0
13,26778,7600.0
14,26778,7600.0
15,26778,7600.0
16,26778,7600.0
17,26778,7600.0
18,26778,7600.0
19,26778,7600.0
20,26778,7600.0
21,26778,7600.0
22,26778,7600.0
23,26778,7600.0
24,26778,7600.0
25,26778,7600.0
26,26778,7600.0
27,26778,7600.0
28,26778,7600.0
29,26778,7600.0
30,26778,7600.0
31,26778,7600.0
32,26778,7600.0
33,26778,7600.0
34,26778,7600.0
35,26778,7600.0
36,26778,7600.0
37,26778,7600.0
38,26778,7600.0
39,26778,7600.0
40,26778,7600.0
41,26778,7600.0
42,26778,7600.0
43,26778,7600.0
44,26778,7600.0
45,26778,7600.0
46,26778,7600.0
47,26778,7600.0
48,26778,7600.0
49,26778,7600.0
50,26778,7600.0
51,26778,7600.0
52,26778,7600.0
53,26778,7600.0
54,26778,7600.0
55,26778,7600.0
56,26778,7600.0
57,26778,7600.0
58,26778,7600.0
59,26778,7600.0
60,26778,7600.0
61,26778,7600.0
62,26778,7600.0
63,26778,7600.0
64,26778,7600.0
65,26778,7600.0
66,26778,7600.0
67,26778,7600.0
68,26778,7600.0
69,26778,7600.0
70,26778,7600.0
71,26778,7600.0
72,26778,7600.0
73,26778,7600.0
74,26778,7600.0
75,26778,7600.0
76,26778,7600.0
77,26778,7600.0
78,26778,7600.0
79,26778,7600.0
80,26778,7600.0
81,26778,7600.0
82,26778,7600.0
83,26778,7600.0
84,26778,7600.0
85,26778,7600.0
86,26778,7600.0
87,26778,7600.0
88,26778,7600.0
89,26778,7600.0
90,26778,7600.0
91,26778,7600.0
92,26778,7600.0
93,26778,7600.0
94,26778,7600.0
95,26778,7600.0
96,26778,7600.0
1,26781,7600.0
2,26781,7600.0
3,26781,7600.0
4,26781,7600.0
5,26781,7600.0
6,26781,7600.0
7,26781,7600.0
8,26781,7600.0
9,26781,7600.0
10,26781,7600.0
11,26781,7600.0
12,26781,7600.0
13,26781,7600.0
14,26781,7600.0
15,26781,7600.0
16,26781,7600.0
17,26781,7600.0
18,26781,7600.0
19,26781,7600.0
20,26781,7600.0
21,26781,7600.0
22,26781,7600.0
23,26781,7600.0
24,26781,7600.0
25,26781,7600.0
26,26781,7600.0
27,26781,7600.0
28,26781,7600.0
29,26781,7600.0
30,26781,7600.0
31,26781,7600.0
32,26781,7600.0
33,26781,7600.0
34,26781,7600.0
35,26781,7600.0
36,26781,7600.0
37,26781,7600.0
38,26781,7600.0
39,26781,7600.0
40,26781,7600.0
41,26781,7600.0
42,26781,7600.0
43,26781,7600.0
44,26781,7600.0
45,26781,7600.0
46,26781,7600.0
47,26781,7600.0
48,26781,7600.0
49,26781,7600.0
50,26781,7600.0
51,26781,7600.0
52,26781,7600.0
53,26781,7600.0
54,26781,7600.0
55,26781,7600.0
56,26781,7600.0
57,26781,7600.0
58,26781,7600.0
59,26781,7600.0
60,26781,7600.0
61,26781,7600.0
62,26781,6940.76
63,26781,6940.76
64,26781,6940.76
65,26781,6940.76
66,26781,6940.76
67,26781,6940.76
68,26781,6940.76
69,26781,6940.76
70,26781,6940.76
71,26781,6940.76
72,26781,6940.76
73,26781,6940.76
74,26781,6940.76
75,26781,6940.76
76,26781,6940.76
77,26781,7600.0
78,26781,7600.0
79,26781,7600.0
80,26781,7600.0
81,26781,7600.0
82,26781,7600.0
83,26781,7600.0
84,26781,7600.0
85,26781,7600.0
86,26781,7600.0
87,26781,7600.0
88,26781,7600.0
89,26781,7600.0
90,26781,7600.0
91,26781,7600.0
92,26781,7600.0
93,26781,7600.0
94,26781,7600.0
95,26781,7600.0
96,26781,7600.0
1,26785,8000.0
2,26785,8000.0
3,26785,8000.0
4,26785,8000.0
5,26785,8000.0
6,26785,8000.0
7,26785,8000.0
8,26785,8000.0
9,26785,8000.0
10,26785,8000.0
11,26785,8000.0
12,26785,8000.0
13,26785,8000.0
14,26785,8000.0
15,26785,8000.0
16,26785,8000.0
17,26785,8000.0
18,26785,8000.0
19,26785,8000.0
20,26785,8000.0
21,26785,8000.0
22,26785,8000.0
23,26785,8000.0
24,26785,8000.0
25,26785,8000.0
26,26785,8000.0
27,26785,8000.0
28,26785,8000.0
29,26785,8000.0
30,26785,8000.0
31,26785,8000.0
32,26785,8000.0
33,26785,8000.0
34,26785,8000.0
35,26785,8000.0
36,26785,8000.0
37,26785,8000.0
38,26785,8000.0
39,26785,8000.0
40,26785,8000.0
41,26785,8000.0
42,26785,8000.0
43,26785,8000.0
44,26785,8000.0
45,26785,8000.0
46,26785,8000.0
47,26785,8000.0
48,26785,8000.0
49,26785,8000.0
50,26785,8000.0
51,26785,8000.0
52,26785,8000.0
53,26785,8000.0
54,26785,8000.0
55,26785,8000.0
56,26785,8000.0
57,26785,8000.0
58,26785,8000.0
59,26785,8000.0
60,26785,8000.0
61,26785,8000.0
62,26785,8000.0
63,26785,8000.0
64,26785,8000.0
65,26785,8000.0
66,26785,8000.0
67,26785,8000.0
68,26785,8000.0
69,26785,8000.0
70,26785,8000.0
71,26785,8000.0
72,26785,8000.0
73,26785,8000.0
74,26785,8000.0
75,26785,8000.0
76,26785,8000.0
77,26785,8000.0
78,26785,8000.0
79,26785,8000.0
80,26785,8000.0
81,26785,8000.0
82,26785,8000.0
83,26785,8000.0
84,26785,8000.0
85,26785,8000.0
86,26785,8000.0
87,26785,8000.0
88,26785,8000.0
89,26785,8000.0
90,26785,8000.0
91,26785,8000.0
92,26785,8000.0
93,26785,8000.0
94,26785,8000.0
95,26785,8000.0
96,26785,8000.0
1,26788,7600.0
2,26788,7600.0
3,26788,7600.0
4,26788,7600.0
5,26788,7600.0
6,26788,7600.0
7,26788,7600.0
8,26788,7600.0
9,26788,7600.0
10,26788,7600.0
11,26788,7600.0
12,26788,7600.0
13,26788,7600.0
14,26788,7600.0
15,26788,7600.0
16,26788,7600.0
17,26788,7600.0
18,26788,7600.0
19,26788,7600.0
20,26788,7600.0
21,26788,7600.0
22,26788,7600.0
23,26788,7600.0
24,26788,7600.0
25,26788,7600.0
26,26788,7600.0
27,26788,7600.0
28,26788,7600.0
29,26788,7600.0
30,26788,7600.0
31,26788,7600.0
32,26788,7600.0
33,26788,7600.0
34,26788,7600.0
35,26788,7600.0
36,26788,7600.0
37,26788,7600.0
38,26788,7600.0
39,26788,7600.0
40,26788,7600.0
41,26788,7600.0
42,26788,7600.0
43,26788,7600.0
44,26788,7600.0
45,26788,7600.0
46,26788,7600.0
47,26788,7600.0
48,26788,7600.0
49,26788,7600.0
50,26788,7600.0
51,26788,7600.0
52,26788,7600.0
53,26788,7600.0
54,26788,7600.0
55,26788,7600.0
56,26788,7600.0
57,26788,7600.0
58,26788,7600.0
59,26788,7600.0
60,26788,6940.67
61,26788,6940.67
62,26788,6940.67
63,26788,6940.67
64,26788,6940.67
65,26788,6940.67
66,26788,6940.67
67,26788,6940.67
68,26788,6940.67
69,26788,6940.67
70,26788,6940.67
71,26788,6940.67
72,26788,6940.67
73,26788,6940.67
74,26788,6940.67
75,26788,6940.67
76,26788,6940.67
77,26788,7600.0
78,26788,7600.0
79,26788,7600.0
80,26788,7600.0
81,26788,7600.0
82,26788,7600.0
83,26788,7600.0
84,26788,7600.0
85,26788,7600.0
86,26788,7600.0
87,26788,7600.0
88,26788,7600.0
89,26788,7600.0
90,26788,7600.0
91,26788,7600.0
92,26788,7600.0
93,26788,7600.0
94,26788,7600.0
95,26788,7600.0
96,26788,7600.0
1,26792,7600.0
2,26792,7600.0
3,26792,7600.0
4,26792,7600.0
5,26792,7600.0
6,26792,7600.0
7,26792,7600.0
8,26792,7600.0
9,26792,7600.0
10,26792,7600.0
11,26792,7600.0
12,26792,7600.0
13,26792,7600.0
14,26792,7600.0
15,26792,7600.0
16,26792,7600.0
17,26792,7600.0
18,26792,7600.0
19,26792,7600.0
20,26792,7600.0
21,26792,7600.0
22,26792,7600.0
23,26792,7600.0
24,26792,7600.0
25,26792,7600.0
26,26792,7600.0
27,26792,7600.0
28,26792,7600.0
29,26792,7600.0
30,26792,7600.0
31,26792,7600.0
32,26792,7600.0
33,26792,7600.0
34,26792,7600.0
35,26792,7600.0
36,26792,7600.0
37,26792,7600.0
38,26792,7600.0
39,26792,7600.0
40,26792,7600.0
41,26792,7600.0
42,26792,7600.0
43,26792,7600.0
44,26792,7600.0
45,26792,7600.0
46,26792,7600.0
47,26792,7600.0
48,26792,7600.0
49,26792,7600.0
50,26792,7600.0
51,26792,7600.0
52,26792,7600.0
53,26792,7600.0
54,26792,7600.0
55,26792,7600.0
56,26792,7600.0
57,26792,7600.0
58,26792,7600.0
59,26792,7600.0
60,26792,6940.67
61,26792,6940.67
62,26792,6940.67
63,26792,6940.67
64,26792,6940.67
65,26792,6940.67
66,26792,6940.67
67,26792,6940.67
68,26792,6940.67
69,26792,6940.67
70,26792,6940.67
71,26792,6940.67
72,26792,6940.67
73,26792,6940.67
74,26792,6940.67
75,26792,6940.67
76,26792,6940.67
77,26792,7600.0
78,26792,7600.0
79,26792,7600.0
80,26792,7600.0
81,26792,7600.0
82,26792,7600.0
83,26792,7600.0
84,26792,7600.0
85,26792,7600.0
86,26792,7600.0
87,26792,7600.0
88,26792,7600.0
89,26792,7600.0
90,26792,7600.0
91,26792,7600.0
92,26792,7600.0
93,26792,7600.0
94,26792,7600.0
95,26792,7600.0
96,26792,7600.0
1,26796,7600.0
2,26796,7600.0
3,26796,7600.0
4,26796,7600.0
5,26796,7600.0
6,26796,7600.0
7,26796,7600.0
8,26796,7600.0
9,26796,7600.0
10,26796,7600.0
11,26796,7600.0
12,26796,7600.0
13,26796,7600.0
14,26796,7600.0
15,26796,7600.0
16,26796,7600.0
17,26796,7600.0
18,26796,7600.0
19,26796,7600.0
20,26796,7600.0
21,26796,7600.0
22,26796,7600.0
23,26796,7600.0
24,26796,7600.0
25,26796,7600.0
26,26796,7600.0
27,26796,7600.0
28,26796,7600.0
29,26796,7600.0
30,26796,7600.0
31,26796,7600.0
32,26796,7600.0
33,26796,7600.0
34,26796,7600.0
35,26796,7600.0
36,26796,7600.0
37,26796,7600.0
38,26796,7600.0
39,26796,7600.0
40,26796,7600.0
41,26796,7600.0
42,26796,7600.0
43,26796,7600.0
44,26796,7600.0
45,26796,7600.0
46,26796,7600.0
47,26796,7600.0
48,26796,7600.0
49,26796,7600.0
50,26796,7600.0
51,26796,7600.0
52,26796,7600.0
53,26796,7600.0
54,26796,7600.0
55,26796,7600.0
56,26796,7600.0
57,26796,7600.0
58,26796,7600.0
59,26796,6261.72
60,26796,6261.72
61,26796,6261.72
62,26796,6261.72
63,26796,6261.72
64,26796,6261.72
65,26796,6261.72
66,26796,6261.72
67,26796,6261.72
68,26796,6261.72
69,26796,6261.72
70,26796,6261.72
71,26796,6261.72
72,26796,6261.72
73,26796,6261.72
74,26796,6261.72
75,26796,6261.72
76,26796,6261.72
77,26796,6261.72
78,26796,7600.0
79,26796,7600.0
80,26796,7600.0
81,26796,7600.0
82,26796,7600.0
83,26796,7600.0
84,26796,7600.0
85,26796,7600.0
86,26796,7600.0
87,26796,7600.0
88,26796,7600.0
89,26796,7600.0
90,26796,7600.0
91,26796,7600.0
92,26796,7600.0
93,26796,7600.0
94,26796,7600.0
95,26796,7600.0
96,26796,7600.0
1,26799,5700.0
2,26799,5700.0
3,26799,5700.0
4,26799,5700.0
5,26799,5700.0
6,26799,5700.0
7,26799,5700.0
8,26799,5700.0
9,26799,5700.0
10,26799,5700.0
11,26799,5700.0
12,26799,5700.0
13,26799,5700.0
14,26799,5700.0
15,26799,5700.0
16,26799,5700.0
17,26799,5700.0
18,26799,5700.0
19,26799,5700.0
20,26799,5700.0
21,26799,5700.0
22,26799,5700.0
23,26799,5700.0
24,26799,5700.0
25,26799,5700.0
26,26799,5700.0
27,26799,5700.0
28,26799,5700.0
29,26799,5700.0
30,26799,5700.0
31,26799,5700.0
32,26799,5700.0
33,26799,5700.0
34,26799,5700.0
35,26799,5700.0
36,26799,5700.0
37,26799,5700.0
38,26799,5700.0
39,26799,5700.0
40,26799,5700.0
41,26799,5700.0
42,26799,5700.0
43,26799,5700.0
44,26799,5700.0
45,26799,5700.0
46,26799,5700.0
47,26799,5700.0
48,26799,5700.0
49,26799,5700.0
50,26799,5700.0
51,26799,5700.0
52,26799,5700.0
53,26799,5700.0
54,26799,5700.0
55,26799,5700.0
56,26799,5700.0
57,26799,5700.0
58,26799,5700.0
59,26799,5700.0
60,26799,5700.0
61,26799,4837.55
62,26799,4837.55
63,26799,4837.55
64,26799,4837.55
65,26799,4837.55
66,26799,4837.55
67,26799,4837.55
68,26799,4837.55
69,26799,4837.55
70,26799,4837.55
71,26799,4837.55
72,26799,4837.55
73,26799,4837.55
74,26799,4837.55
75,26799,4837.55
76,26799,4837.55
77,26799,5700.0
78,26799,5700.0
79,26799,5700.0
80,26799,5700.0
81,26799,5700.0
82,26799,5700.0
83,26799,5700.0
84,26799,5700.0
85,26799,5700.0
86,26799,5700.0
87,26799,5700.0
88,26799,5700.0
89,26799,5700.0
90,26799,5700.0
91,26799,5700.0
92,26799,5700.0
93,26799,5700.0
94,26799,5700.0
95,26799,5700.0
96,26799,5700.0
1,26810,7600.0
2,26810,7600.0
3,26810,7600.0
4,26810,7600.0
5,26810,7600.0
6,26810,7600.0
7,26810,7600.0
8,26810,7600.0
9,26810,7600.0
10,26810,7600.0
11,26810,7600.0
12,26810,7600.0
13,26810,7600.0
14,26810,7600.0
15,26810,7600.0
16,26810,7600.0
17,26810,7600.0
18,26810,7600.0
19,26810,7600.0
20,26810,7600.0
21,26810,7600.0
22,26810,7600.0
23,26810,7600.0
24,26810,7600.0
25,26810,7600.0
26,26810,7600.0
27,26810,7600.0
28,26810,7600.0
29,26810,7600.0
30,26810,7600.0
31,26810,7600.0
32,26810,7600.0
33,26810,7600.0
34,26810,7600.0
35,26810,7600.0
36,26810,7600.0
37,26810,7600.0
38,26810,7600.0
39,26810,7600.0
40,26810,7600.0
41,26810,7600.0
42,26810,7600.0
43,26810,7600.0
44,26810,7600.0
45,26810,7600.0
46,26810,7600.0
47,26810,7600.0
48,26810,7600.0
49,26810,7600.0
50,26810,7600.0
51,26810,7600.0
52,26810,7600.0
53,26810,7600.0
54,26810,7600.0
55,26810,7600.0
56,26810,7600.0
57,26810,7600.0
58,26810,7600.0
59,26810,7600.0
60,26810,7600.0
61,26810,6450.07
62,26810,6450.07
63,26810,6450.07
64,26810,6450.07
65,26810,6450.07
66,26810,6450.07
67,26810,6450.07
68,26810,6450.07
69,26810,6450.07
70,26810,6450.07
71,26810,6450.07
72,26810,6450.07
73,26810,6450.07
74,26810,6450.07
75,26810,6450.07
76,26810,6450.07
77,26810,7600.0
78,26810,7600.0
79,26810,7600.0
80,26810,7600.0
81,26810,7600.0
82,26810,7600.0
83,26810,7600.0
84,26810,7600.0
85,26810,7600.0
86,26810,7600.0
87,26810,7600.0
88,26810,7600.0
89,26810,7600.0
90,26810,7600.0
91,26810,7600.0
92,26810,7600.0
93,26810,7600.0
94,26810,7600.0
95,26810,7600.0
96,26810,7600.0
1,26814,7600.0
2,26814,7600.0
3,26814,7600.0
4,26814,7600.0
5,26814,7600.0
6,26814,7600.0
7,26814,7600.0
8,26814,7600.0
9,26814,7600.0
10,26814,7600.0
11,26814,7600.0
12,26814,7600.0
13,26814,7600.0
14,26814,7600.0
15,26814,7600.0
16,26814,7600.0
17,26814,7600.0
18,26814,7600.0
19,26814,7600.0
20,26814,7600.0
21,26814,7600.0
22,26814,7600.0
23,26814,7600.0
24,26814,7600.0
25,26814,7600.0
26,26814,7600.0
27,26814,7600.0
28,26814,7600.0
29,26814,7600.0
30,26814,7600.0
31,26814,7600.0
32,26814,7600.0
33,26814,7600.0
34,26814,7600.0
35,26814,7600.0
36,26814,7600.0
37,26814,7600.0
38,26814,7600.0
39,26814,7600.0
40,26814,7600.0
41,26814,7600.0
42,26814,7600.0
43,26814,7600.0
44,26814,7600.0
45,26814,7600.0
46,26814,7600.0
47,26814,7600.0
48,26814,7600.0
49,26814,7600.0
50,26814,7600.0
51,26814,7600.0
52,26814,7600.0
53,26814,7600.0
54,26814,7600.0
55,26814,7600.0
56,26814,7600.0
57,26814,7600.0
58,26814,7600.0
59,26814,7600.0
60,26814,7600.0
61,26814,6450.07
62,26814,6450.07
63,26814,6450.07
64,26814,6450.07
65,26814,6450.07
66,26814,6450.07
67,26814,6450.07
68,26814,6450.07
69,26814,6450.07
70,26814,6450.07
71,26814,6450.07
72,26814,6450.07
73,26814,6450.07
74,26814,6450.07
75,26814,6450.07
76,26814,6450.07
77,26814,7600.0
78,26814,7600.0
79,26814,7600.0
80,26814,7600.0
81,26814,7600.0
82,26814,7600.0
83,26814,7600.0
84,26814,7600.0
85,26814,7600.0
86,26814,7600.0
87,26814,7600.0
88,26814,7600.0
89,26814,7600.0
90,26814,7600.0
91,26814,7600.0
92,26814,7600.0
93,26814,7600.0
94,26814,7600.0
95,26814,7600.0
96,26814,7600.0
1,26821,5700.0
2,26821,5700.0
3,26821,5700.0
4,26821,5700.0
5,26821,5700.0
6,26821,5700.0
7,26821,5700.0
8,26821,5700.0
9,26821,5700.0
10,26821,5700.0
11,26821,5700.0
12,26821,5700.0
13,26821,5700.0
14,26821,5700.0
15,26821,5700.0
16,26821,5700.0
17,26821,5700.0
18,26821,5700.0
19,26821,5700.0
20,26821,5700.0
21,26821,5700.0
22,26821,5700.0
23,26821,5700.0
24,26821,5700.0
25,26821,5700.0
26,26821,5700.0
27,26821,5700.0
28,26821,5700.0
29,26821,5700.0
30,26821,5700.0
31,26821,5700.0
32,26821,5700.0
33,26821,5700.0
34,26821,5700.0
35,26821,5700.0
36,26821,5700.0
37,26821,5700.0
38,26821,5700.0
39,26821,5700.0
40,26821,5700.0
41,26821,5700.0
42,26821,5700.0
43,26821,5700.0
44,26821,5700.0
45,26821,5700.0
46,26821,5700.0
47,26821,5700.0
48,26821,5700.0
49,26821,5700.0
50,26821,5700.0
51,26821,5700.0
52,26821,5700.0
53,26821,5700.0
54,26821,5700.0
55,26821,5700.0
56,26821,5700.0
57,26821,5700.0
58,26821,5700.0
59,26821,5700.0
60,26821,5700.0
61,26821,4837.55
62,26821,4837.55
63,26821,4837.55
64,26821,4837.55
65,26821,4837.55
66,26821,4837.55
67,26821,4837.55
68,26821,4837.55
69,26821,4837.55
70,26821,4837.55
71,26821,4837.55
72,26821,4837.55
73,26821,4837.55
74,26821,4837.55
75,26821,4837.55
76,26821,4837.55
77,26821,5700.0
78,26821,5700.0
79,26821,5700.0
80,26821,5700.0
81,26821,5700.0
82,26821,5700.0
83,26821,5700.0
84,26821,5700.0
85,26821,5700.0
86,26821,5700.0
87,26821,5700.0
88,26821,5700.0
89,26821,5700.0
90,26821,5700.0
91,26821,5700.0
92,26821,5700.0
93,26821,5700.0
94,26821,5700.0
95,26821,5700.0
96,26821,5700.0
1,26824,5700.0
2,26824,5700.0
3,26824,5700.0
4,26824,5700.0
5,26824,5700.0
6,26824,5700.0
7,26824,5700.0
8,26824,5700.0
9,26824,5700.0
10,26824,5700.0
11,26824,5700.0
12,26824,5700.0
13,26824,5700.0
14,26824,5700.0
15,26824,5700.0
16,26824,5700.0
17,26824,5700.0
18,26824,5700.0
19,26824,5700.0
20,26824,5700.0
21,26824,5700.0
22,26824,5700.0
23,26824,5700.0
24,26824,5700.0
25,26824,5700.0
26,26824,5700.0
27,26824,5700.0
28,26824,5700.0
29,26824,5700.0
30,26824,5700.0
31,26824,5700.0
32,26824,5700.0
33,26824,5700.0
34,26824,5700.0
35,26824,5700.0
36,26824,5700.0
37,26824,5700.0
38,26824,5700.0
39,26824,5700.0
40,26824,5700.0
41,26824,5700.0
42,26824,5700.0
43,26824,5700.0
44,26824,5700.0
45,26824,5700.0
46,26824,5700.0
47,26824,5700.0
48,26824,5700.0
49,26824,5700.0
50,26824,5700.0
51,26824,5700.0
52,26824,5700.0
53,26824,5700.0
54,26824,5700.0
55,26824,5700.0
56,26824,5700.0
57,26824,5700.0
58,26824,5700.0
59,26824,5700.0
60,26824,5700.0
61,26824,5700.0
62,26824,5700.0
63,26824,5700.0
64,26824,5700.0
65,26824,5700.0
66,26824,5700.0
67,26824,5700.0
68,26824,5700.0
69,26824,5700.0
70,26824,5700.0
71,26824,5700.0
72,26824,5700.0
73,26824,5700.0
74,26824,5700.0
75,26824,5700.0
76,26824,5700.0
77,26824,5700.0
78,26824,5700.0
79,26824,5700.0
80,26824,5700.0
81,26824,5700.0
82,26824,5700.0
83,26824,5700.0
84,26824,5700.0
85,26824,5700.0
86,26824,5700.0
87,26824,5700.0
88,26824,5700.0
89,26824,5700.0
90,26824,5700.0
91,26824,5700.0
92,26824,5700.0
93,26824,5700.0
94,26824,5700.0
95,26824,5700.0
96,26824,5700.0
1,26825,5700.0
2,26825,5700.0
3,26825,5700.0
4,26825,5700.0
5,26825,5700.0
6,26825,5700.0
7,26825,5700.0
8,26825,5700.0
9,26825,5700.0
10,26825,5700.0
11,26825,5700.0
12,26825,5700.0
13,26825,5700.0
14,26825,5700.0
15,26825,5700.0
16,26825,5700.0
17,26825,5700.0
18,26825,5700.0
19,26825,5700.0
20,26825,5700.0
21,26825,5700.0
22,26825,5700.0
23,26825,5700.0
24,26825,5700.0
25,26825,5700.0
26,26825,5700.0
27,26825,5700.0
28,26825,5700.0
29,26825,5176.43
30,26825,5176.43
31,26825,5176.43
32,26825,5176.43
33,26825,5176.43
34,26825,5176.43
35,26825,5176.43
36,26825,5176.43
37,26825,5176.43
38,26825,5176.43
39,26825,5176.43
40,26825,5176.43
41,26825,5176.43
42,26825,5700.0
43,26825,5700.0
44,26825,5700.0
45,26825,5700.0
46,26825,5700.0
47,26825,5700.0
48,26825,5700.0
49,26825,5700.0
50,26825,5700.0
51,26825,5700.0
52,26825,5700.0
53,26825,5700.0
54,26825,5700.0
55,26825,5700.0
56,26825,5700.0
57,26825,4499.63
58,26825,4499.63
59,26825,4499.63
60,26825,4499.63
61,26825,4499.63
62,26825,4499.63
63,26825,4499.63
64,26825,4499.63
65,26825,4499.63
66,26825,4499.63
67,26825,4499.63
68,26825,4499.63
69,26825,4499.63
70,26825,4499.63
71,26825,4499.63
72,26825,4499.63
73,26825,4499.63
74,26825,4499.63
75,26825,4499.63
76,26825,4499.63
77,26825,4499.63
78,26825,4499.63
79,26825,4499.63
80,26825,4499.63
81,26825,4499.63
82,26825,5700.0
83,26825,5700.0
84,26825,5700.0
85,26825,5700.0
86,26825,5700.0
87,26825,5700.0
88,26825,5700.0
89,26825,5700.0
90,26825,5700.0
91,26825,5700.0
92,26825,5700.0
93,26825,5700.0
94,26825,5700.0
95,26825,5700.0
96,26825,5700.0
1,26829,5700.0
2,26829,5700.0
3,26829,5700.0
4,26829,5700.0
5,26829,5700.0
6,26829,5700.0
7,26829,5700.0
8,26829,5700.0
9,26829,5700.0
10,26829,5700.0
11,26829,5700.0
12,26829,5700.0
13,26829,5700.0
14,26829,5700.0
15,26829,5700.0
16,26829,5700.0
17,26829,5700.0
18,26829,5700.0
19,26829,5700.0
20,26829,5700.0
21,26829,5700.0
22,26829,5700.0
23,26829,5700.0
24,26829,5700.0
25,26829,5700.0
26,26829,5700.0
27,26829,5700.0
28,26829,5700.0
29,26829,5700.0
30,26829,5700.0
31,26829,5700.0
32,26829,5700.0
33,26829,5700.0
34,26829,5700.0
35,26829,5700.0
36,26829,5700.0
37,26829,5700.0
38,26829,5700.0
39,26829,5700.0
40,26829,5700.0
41,26829,5700.0
42,26829,5700.0
43,26829,5700.0
44,26829,5700.0
45,26829,5700.0
46,26829,5700.0
47,26829,5700.0
48,26829,5700.0
49,26829,5700.0
50,26829,5700.0
51,26829,5700.0
52,26829,5700.0
53,26829,5700.0
54,26829,5700.0
55,26829,5700.0
56,26829,5700.0
57,26829,5700.0
58,26829,5700.0
59,26829,5700.0
60,26829,5700.0
61,26829,5700.0
62,26829,5700.0
63,26829,5700.0
64,26829,5700.0
65,26829,5700.0
66,26829,5700.0
67,26829,5700.0
68,26829,5700.0
69,26829,5700.0
70,26829,5700.0
71,26829,5700.0
72,26829,5700.0
73,26829,5700.0
74,26829,5700.0
75,26829,5700.0
76,26829,5700.0
77,26829,5700.0
78,26829,5700.0
79,26829,5700.0
80,26829,5700.0
81,26829,5700.0
82,26829,5700.0
83,26829,5700.0
84,26829,5700.0
85,26829,5700.0
86,26829,5700.0
87,26829,5700.0
88,26829,5700.0
89,26829,5700.0
90,26829,5700.0
91,26829,5700.0
92,26829,5700.0
93,26829,5700.0
94,26829,5700.0
95,26829,5700.0
96,26829,5700.0
1,26833,5700.0
2,26833,5700.0
3,26833,5700.0
4,26833,5700.0
5,26833,5700.0
6,26833,5700.0
7,26833,5700.0
8,26833,5700.0
9,26833,5700.0
10,26833,5700.0
11,26833,5700.0
12,26833,5700.0
13,26833,5700.0
14,26833,5700.0
15,26833,5700.0
16,26833,5700.0
17,26833,5700.0
18,26833,5700.0
19,26833,5700.0
20,26833,5700.0
21,26833,5700.0
22,26833,5700.0
23,26833,5700.0
24,26833,5700.0
25,26833,5700.0
26,26833,5700.0
27,26833,5700.0
28,26833,5700.0
29,26833,5700.0
30,26833,5700.0
31,26833,5700.0
32,26833,5700.0
33,26833,5700.0
34,26833,5700.0
35,26833,5700.0
36,26833,5700.0
37,26833,5700.0
38,26833,5700.0
39,26833,5700.0
40,26833,5700.0
41,26833,5700.0
42,26833,5700.0
43,26833,5700.0
44,26833,5700.0
45,26833,5700.0
46,26833,5700.0
47,26833,5700.0
48,26833,5700.0
49,26833,5700.0
50,26833,5700.0
51,26833,5700.0
52,26833,5700.0
53,26833,5700.0
54,26833,5700.0
55,26833,5700.0
56,26833,5700.0
57,26833,5700.0
58,26833,5700.0
59,26833,5700.0
60,26833,5700.0
61,26833,5700.0
62,26833,5700.0
63,26833,5700.0
64,26833,5700.0
65,26833,5700.0
66,26833,5700.0
67,26833,5700.0
68,26833,5700.0
69,26833,5700.0
70,26833,5700.0
71,26833,5700.0
72,26833,5700.0
73,26833,5700.0
74,26833,5700.0
75,26833,5700.0
76,26833,5700.0
77,26833,5700.0
78,26833,5700.0
79,26833,5700.0
80,26833,5700.0
81,26833,5700.0
82,26833,5700.0
83,26833,5700.0
84,26833,5700.0
85,26833,5700.0
86,26833,5700.0
87,26833,5700.0
88,26833,5700.0
89,26833,5700.0
90,26833,5700.0
91,26833,5700.0
92,26833,5700.0
93,26833,5700.0
94,26833,5700.0
95,26833,5700.0
96,26833,5700.0
1,27878,7600.0
2,27878,7600.0
3,27878,7600.0
4,27878,7600.0
5,27878,7600.0
6,27878,7600.0
7,27878,7600.0
8,27878,7600.0
9,27878,7600.0
10,27878,7600.0
11,27878,7600.0
12,27878,7600.0
13,27878,7600.0
14,27878,7600.0
15,27878,7600.0
16,27878,7600.0
17,27878,7600.0
18,27878,7600.0
19,27878,7600.0
20,27878,7600.0
21,27878,7600.0
22,27878,7600.0
23,27878,7600.0
24,27878,7600.0
25,27878,7600.0
26,27878,7600.0
27,27878,7600.0
28,27878,7134.52
29,27878,7134.52
30,27878,7134.52
31,27878,7134.52
32,27878,7134.52
33,27878,7134.52
34,27878,7134.52
35,27878,7134.52
36,27878,7134.52
37,27878,7134.52
38,27878,7134.52
39,27878,7600.0
40,27878,7600.0
41,27878,7600.0
42,27878,7600.0
43,27878,7600.0
44,27878,7600.0
45,27878,7600.0
46,27878,7600.0
47,27878,7600.0
48,27878,7600.0
49,27878,7600.0
50,27878,7600.0
51,27878,7600.0
52,27878,7600.0
53,27878,7600.0
54,27878,7600.0
55,27878,7600.0
56,27878,7600.0
57,27878,7600.0
58,27878,7600.0
59,27878,7600.0
60,27878,7600.0
61,27878,7600.0
62,27878,7600.0
63,27878,7600.0
64,27878,7600.0
65,27878,7600.0
66,27878,7600.0
67,27878,7600.0
68,27878,7600.0
69,27878,7600.0
70,27878,7502.53
71,27878,7502.53
72,27878,7502.53
73,27878,7502.53
74,27878,7502.53
75,27878,7502.53
76,27878,7600.0
77,27878,7600.0
78,27878,7600.0
79,27878,7600.0
80,27878,7600.0
81,27878,7600.0
82,27878,7600.0
83,27878,7600.0
84,27878,7600.0
85,27878,7600.0
86,27878,7600.0
87,27878,7600.0
88,27878,7600.0
89,27878,7600.0
90,27878,7600.0
91,27878,7600.0
92,27878,7600.0
93,27878,7600.0
94,27878,7600.0
95,27878,7600.0
96,27878,7600.0
1,28025,7600.0
2,28025,7600.0
3,28025,7600.0
4,28025,7600.0
5,28025,7600.0
6,28025,7600.0
7,28025,7600.0
8,28025,7600.0
9,28025,7600.0
10,28025,7600.0
11,28025,7600.0
12,28025,7600.0
13,28025,7600.0
14,28025,7600.0
15,28025,7600.0
16,28025,7600.0
17,28025,7600.0
18,28025,7600.0
19,28025,7600.0
20,28025,7600.0
21,28025,7600.0
22,28025,7600.0
23,28025,7600.0
24,28025,7600.0
25,28025,7600.0
26,28025,7600.0
27,28025,7600.0
28,28025,6933.85
29,28025,6933.85
30,28025,6933.85
31,28025,6933.85
32,28025,6933.85
33,28025,6933.85
34,28025,6933.85
35,28025,6933.85
36,28025,6933.85
37,28025,6933.85
38,28025,6933.85
39,28025,6933.85
40,28025,7600.0
41,28025,7600.0
42,28025,7600.0
43,28025,7600.0
44,28025,7600.0
45,28025,7600.0
46,28025,7600.0
47,28025,7600.0
48,28025,7600.0
49,28025,7600.0
50,28025,7600.0
51,28025,7600.0
52,28025,7600.0
53,28025,7600.0
54,28025,7600.0
55,28025,7600.0
56,28025,7600.0
57,28025,7600.0
58,28025,7600.0
59,28025,7600.0
60,28025,7600.0
61,28025,7600.0
62,28025,7600.0
63,28025,7600.0
64,28025,7600.0
65,28025,7600.0
66,28025,7600.0
67,28025,7600.0
68,28025,7600.0
69,28025,7600.0
70,28025,7600.0
71,28025,7600.0
72,28025,7600.0
73,28025,7600.0
74,28025,7600.0
75,28025,7600.0
76,28025,7600.0
77,28025,7600.0
78,28025,7600.0
79,28025,7600.0
80,28025,7600.0
81,28025,7600.0
82,28025,7600.0
83,28025,7600.0
84,28025,7600.0
85,28025,7600.0
86,28025,7600.0
87,28025,7600.0
88,28025,7600.0
89,28025,7600.0
90,28025,7600.0
91,28025,7600.0
92,28025,7600.0
93,28025,7600.0
94,28025,7600.0
95,28025,7600.0
96,28025,7600.0
1,28270,7600.0
2,28270,7600.0
3,28270,7600.0
4,28270,7600.0
5,28270,7600.0
6,28270,7600.0
7,28270,7600.0
8,28270,7600.0
9,28270,7600.0
10,28270,7600.0
11,28270,7600.0
12,28270,7600.0
13,28270,7600.0
14,28270,7600.0
15,28270,7600.0
16,28270,7600.0
17,28270,7600.0
18,28270,7600.0
19,28270,7600.0
20,28270,7600.0
21,28270,7600.0
22,28270,7600.0
23,28270,7600.0
24,28270,7600.0
25,28270,7600.0
26,28270,7600.0
27,28270,7600.0
28,28270,7600.0
29,28270,7332.76
30,28270,7332.76
31,28270,7332.76
32,28270,7332.76
33,28270,7332.76
34,28270,7332.76
35,28270,7332.76
36,28270,7332.76
37,28270,7332.76
38,28270,7600.0
39,28270,7600.0
40,28270,7600.0
41,28270,7600.0
42,28270,7600.0
43,28270,7600.0
44,28270,7600.0
45,28270,7600.0
46,28270,7600.0
47,28270,7600.0
48,28270,7600.0
49,28270,7600.0
50,28270,7600.0
51,28270,7600.0
52,28270,7600.0
53,28270,7600.0
54,28270,7600.0
55,28270,7600.0
56,28270,7600.0
57,28270,7600.0
58,28270,7600.0
59,28270,7600.0
60,28270,7600.0
61,28270,7600.0
62,28270,7600.0
63,28270,7600.0
64,28270,7600.0
65,28270,7600.0
66,28270,7600.0
67,28270,7600.0
68,28270,7600.0
69,28270,7600.0
70,28270,7600.0
71,28270,7600.0
72,28270,7600.0
73,28270,7600.0
74,28270,7600.0
75,28270,7600.0
76,28270,7600.0
77,28270,7600.0
78,28270,7600.0
79,28270,7600.0
80,28270,7600.0
81,28270,7600.0
82,28270,7600.0
83,28270,7600.0
84,28270,7600.0
85,28270,7600.0
86,28270,7600.0
87,28270,7600.0
88,28270,7600.0
89,28270,7600.0
90,28270,7600.0
91,28270,7600.0
92,28270,7600.0
93,28270,7600.0
94,28270,7600.0
95,28270,7600.0
96,28270,7600.0
1,28275,7600.0
2,28275,7600.0
3,28275,7600.0
4,28275,7600.0
5,28275,7600.0
6,28275,7600.0
7,28275,7600.0
8,28275,7600.0
9,28275,7600.0
10,28275,7600.0
11,28275,7600.0
12,28275,7600.0
13,28275,7600.0
14,28275,7600.0
15,28275,7600.0
16,28275,7600.0
17,28275,7600.0
18,28275,7600.0
19,28275,7600.0
20,28275,7600.0
21,28275,7600.0
22,28275,7600.0
23,28275,7600.0
24,28275,7600.0
25,28275,7600.0
26,28275,7600.0
27,28275,7600.0
28,28275,7600.0
29,28275,7332.76
30,28275,7332.76
31,28275,7332.76
32,28275,7332.76
33,28275,7332.76
34,28275,7332.76
35,28275,7332.76
36,28275,7332.76
37,28275,7332.76
38,28275,7600.0
39,28275,7600.0
40,28275,7600.0
41,28275,7600.0
42,28275,7600.0
43,28275,7600.0
44,28275,7600.0
45,28275,7600.0
46,28275,7600.0
47,28275,7600.0
48,28275,7600.0
49,28275,7600.0
50,28275,7600.0
51,28275,7600.0
52,28275,7600.0
53,28275,7600.0
54,28275,7600.0
55,28275,7600.0
56,28275,7600.0
57,28275,7600.0
58,28275,7600.0
59,28275,7600.0
60,28275,7600.0
61,28275,7600.0
62,28275,7600.0
63,28275,7600.0
64,28275,7600.0
65,28275,7600.0
66,28275,7600.0
67,28275,7600.0
68,28275,7600.0
69,28275,7600.0
70,28275,7600.0
71,28275,7600.0
72,28275,7600.0
73,28275,7600.0
74,28275,7600.0
75,28275,7600.0
76,28275,7600.0
77,28275,7600.0
78,28275,7600.0
79,28275,7600.0
80,28275,7600.0
81,28275,7600.0
82,28275,7600.0
83,28275,7600.0
84,28275,7600.0
85,28275,7600.0
86,28275,7600.0
87,28275,7600.0
88,28275,7600.0
89,28275,7600.0
90,28275,7600.0
91,28275,7600.0
92,28275,7600.0
93,28275,7600.0
94,28275,7600.0
95,28275,7600.0
96,28275,7600.0
1,28279,7600.0
2,28279,7600.0
3,28279,7600.0
4,28279,7600.0
5,28279,7600.0
6,28279,7600.0
7,28279,7600.0
8,28279,7600.0
9,28279,7600.0
10,28279,7600.0
11,28279,7600.0
12,28279,7600.0
13,28279,7600.0
14,28279,7600.0
15,28279,7600.0
16,28279,7600.0
17,28279,7600.0
18,28279,7600.0
19,28279,7600.0
20,28279,7600.0
21,28279,7600.0
22,28279,7600.0
23,28279,7600.0
24,28279,7600.0
25,28279,7600.0
26,28279,7600.0
27,28279,7600.0
28,28279,7600.0
29,28279,7600.0
30,28279,7600.0
31,28279,7600.0
32,28279,7600.0
33,28279,7600.0
34,28279,7600.0
35,28279,7600.0
36,28279,7600.0
37,28279,7600.0
38,28279,7600.0
39,28279,7600.0
40,28279,7600.0
41,28279,7600.0
42,28279,7600.0
43,28279,7600.0
44,28279,7600.0
45,28279,7600.0
46,28279,7600.0
47,28279,7600.0
48,28279,7600.0
49,28279,7600.0
50,28279,7600.0
51,28279,7600.0
52,28279,7600.0
53,28279,7600.0
54,28279,7600.0
55,28279,7600.0
56,28279,7600.0
57,28279,7600.0
58,28279,7600.0
59,28279,7600.0
60,28279,7600.0
61,28279,7600.0
62,28279,7600.0
63,28279,7600.0
64,28279,7600.0
65,28279,7600.0
66,28279,7600.0
67,28279,7600.0
68,28279,7600.0
69,28279,7600.0
70,28279,7600.0
71,28279,7600.0
72,28279,7600.0
73,28279,7600.0
74,28279,7600.0
75,28279,7600.0
76,28279,7600.0
77,28279,7600.0
78,28279,7600.0
79,28279,7600.0
80,28279,7600.0
81,28279,7600.0
82,28279,7600.0
83,28279,7600.0
84,28279,7600.0
85,28279,7600.0
86,28279,7600.0
87,28279,7600.0
88,28279,7600.0
89,28279,7600.0
90,28279,7600.0
91,28279,7600.0
92,28279,7600.0
93,28279,7600.0
94,28279,7600.0
95,28279,7600.0
96,28279,7600.0
1,28283,7600.0
2,28283,7600.0
3,28283,7600.0
4,28283,7600.0
5,28283,7600.0
6,28283,7600.0
7,28283,7600.0
8,28283,7600.0
9,28283,7600.0
10,28283,7600.0
11,28283,7600.0
12,28283,7600.0
13,28283,7600.0
14,28283,7600.0
15,28283,7600.0
16,28283,7600.0
17,28283,7600.0
18,28283,7600.0
19,28283,7600.0
20,28283,7600.0
21,28283,7600.0
22,28283,7600.0
23,28283,7600.0
24,28283,7600.0
25,28283,7600.0
26,28283,7600.0
27,28283,7600.0
28,28283,7600.0
29,28283,7600.0
30,28283,7600.0
31,28283,7600.0
32,28283,7600.0
33,28283,7600.0
34,28283,7600.0
35,28283,7600.0
36,28283,7600.0
37,28283,7600.0
38,28283,7600.0
39,28283,7600.0
40,28283,7600.0
41,28283,7600.0
42,28283,7600.0
43,28283,7600.0
44,28283,7600.0
45,28283,7600.0
46,28283,7600.0
47,28283,7600.0
48,28283,7600.0
49,28283,7600.0
50,28283,7600.0
51,28283,7600.0
52,28283,7600.0
53,28283,7600.0
54,28283,7600.0
55,28283,7600.0
56,28283,7600.0
57,28283,7600.0
58,28283,7600.0
59,28283,7600.0
60,28283,7600.0
61,28283,7600.0
62,28283,7600.0
63,28283,7600.0
64,28283,7600.0
65,28283,7600.0
66,28283,7600.0
67,28283,7600.0
68,28283,7600.0
69,28283,7600.0
70,28283,7600.0
71,28283,7600.0
72,28283,7600.0
73,28283,7600.0
74,28283,7600.0
75,28283,7600.0
76,28283,7600.0
77,28283,7600.0
78,28283,7600.0
79,28283,7600.0
80,28283,7600.0
81,28283,7600.0
82,28283,7600.0
83,28283,7600.0
84,28283,7600.0
85,28283,7600.0
86,28283,7600.0
87,28283,7600.0
88,28283,7600.0
89,28283,7600.0
90,28283,7600.0
91,28283,7600.0
92,28283,7600.0
93,28283,7600.0
94,28283,7600.0
95,28283,7600.0
96,28283,7600.0
1,28285,7600.0
2,28285,7600.0
3,28285,7600.0
4,28285,7600.0
5,28285,7600.0
6,28285,7600.0
7,28285,7600.0
8,28285,7600.0
9,28285,7600.0
10,28285,7600.0
11,28285,7600.0
12,28285,7600.0
13,28285,7600.0
14,28285,7600.0
15,28285,7600.0
16,28285,7600.0
17,28285,7600.0
18,28285,7600.0
19,28285,7600.0
20,28285,7600.0
21,28285,7600.0
22,28285,7600.0
23,28285,7600.0
24,28285,7600.0
25,28285,7600.0
26,28285,7600.0
27,28285,7600.0
28,28285,7157.48
29,28285,7157.48
30,28285,7157.48
31,28285,7157.48
32,28285,7157.48
33,28285,7157.48
34,28285,7157.48
35,28285,7157.48
36,28285,7157.48
37,28285,7157.48
38,28285,7157.48
39,28285,7157.48
40,28285,7600.0
41,28285,7600.0
42,28285,7600.0
43,28285,7600.0
44,28285,7600.0
45,28285,7600.0
46,28285,7600.0
47,28285,7600.0
48,28285,7600.0
49,28285,7600.0
50,28285,7600.0
51,28285,7600.0
52,28285,7600.0
53,28285,7600.0
54,28285,7600.0
55,28285,7600.0
56,28285,7600.0
57,28285,7600.0
58,28285,7600.0
59,28285,7600.0
60,28285,7600.0
61,28285,7600.0
62,28285,7600.0
63,28285,7600.0
64,28285,7600.0
65,28285,7600.0
66,28285,7600.0
67,28285,7600.0
68,28285,7600.0
69,28285,7600.0
70,28285,7600.0
71,28285,7600.0
72,28285,7600.0
73,28285,7600.0
74,28285,7600.0
75,28285,7600.0
76,28285,7600.0
77,28285,7600.0
78,28285,7600.0
79,28285,7600.0
80,28285,7600.0
81,28285,7600.0
82,28285,7600.0
83,28285,7600.0
84,28285,7600.0
85,28285,7600.0
86,28285,7600.0
87,28285,7600.0
88,28285,7600.0
89,28285,7600.0
90,28285,7600.0
91,28285,7600.0
92,28285,7600.0
93,28285,7600.0
94,28285,7600.0
95,28285,7600.0
96,28285,7600.0
1,28289,7600.0
2,28289,7600.0
3,28289,7600.0
4,28289,7600.0
5,28289,7600.0
6,28289,7600.0
7,28289,7600.0
8,28289,7600.0
9,28289,7600.0
10,28289,7600.0
11,28289,7600.0
12,28289,7600.0
13,28289,7600.0
14,28289,7600.0
15,28289,7600.0
16,28289,7600.0
17,28289,7600.0
18,28289,7600.0
19,28289,7600.0
20,28289,7600.0
21,28289,7600.0
22,28289,7600.0
23,28289,7600.0
24,28289,7600.0
25,28289,7600.0
26,28289,7600.0
27,28289,7600.0
28,28289,7600.0
29,28289,7600.0
30,28289,7600.0
31,28289,7600.0
32,28289,7600.0
33,28289,7600.0
34,28289,7600.0
35,28289,7600.0
36,28289,7600.0
37,28289,7600.0
38,28289,7600.0
39,28289,7600.0
40,28289,7600.0
41,28289,7600.0
42,28289,7600.0
43,28289,7600.0
44,28289,7600.0
45,28289,7600.0
46,28289,7600.0
47,28289,7600.0
48,28289,7600.0
49,28289,7600.0
50,28289,7600.0
51,28289,7600.0
52,28289,7600.0
53,28289,7600.0
54,28289,7600.0
55,28289,7600.0
56,28289,7600.0
57,28289,7600.0
58,28289,7600.0
59,28289,7600.0
60,28289,7600.0
61,28289,7246.4
62,28289,7246.4
63,28289,7246.4
64,28289,7246.4
65,28289,7246.4
66,28289,7246.4
67,28289,7246.4
68,28289,7246.4
69,28289,7246.4
70,28289,7246.4
71,28289,7246.4
72,28289,7246.4
73,28289,7246.4
74,28289,7246.4
75,28289,7246.4
76,28289,7600.0
77,28289,7600.0
78,28289,7600.0
79,28289,7600.0
80,28289,7600.0
81,28289,7600.0
82,28289,7600.0
83,28289,7600.0
84,28289,7600.0
85,28289,7600.0
86,28289,7600.0
87,28289,7600.0
88,28289,7600.0
89,28289,7600.0
90,28289,7600.0
91,28289,7600.0
92,28289,7600.0
93,28289,7600.0
94,28289,7600.0
95,28289,7600.0
96,28289,7600.0
1,28294,7600.0
2,28294,7600.0
3,28294,7600.0
4,28294,7600.0
5,28294,7600.0
6,28294,7600.0
7,28294,7600.0
8,28294,7600.0
9,28294,7600.0
10,28294,7600.0
11,28294,7600.0
12,28294,7600.0
13,28294,7600.0
14,28294,7600.0
15,28294,7600.0
16,28294,7600.0
17,28294,7600.0
18,28294,7600.0
19,28294,7600.0
20,28294,7600.0
21,28294,7600.0
22,28294,7600.0
23,28294,7600.0
24,28294,7600.0
25,28294,7600.0
26,28294,7600.0
27,28294,7600.0
28,28294,7134.52
29,28294,7134.52
30,28294,7134.52
31,28294,7134.52
32,28294,7134.52
33,28294,7134.52
34,28294,7134.52
35,28294,7134.52
36,28294,7134.52
37,28294,7134.52
38,28294,7134.52
39,28294,7600.0
40,28294,7600.0
41,28294,7600.0
42,28294,7600.0
43,28294,7600.0
44,28294,7600.0
45,28294,7600.0
46,28294,7600.0
47,28294,7600.0
48,28294,7600.0
49,28294,7600.0
50,28294,7600.0
51,28294,7600.0
52,28294,7600.0
53,28294,7600.0
54,28294,7600.0
55,28294,7600.0
56,28294,7600.0
57,28294,7600.0
58,28294,7600.0
59,28294,7600.0
60,28294,7600.0
61,28294,7600.0
62,28294,7600.0
63,28294,7600.0
64,28294,7600.0
65,28294,7600.0
66,28294,7600.0
67,28294,7600.0
68,28294,7600.0
69,28294,7600.0
70,28294,7502.53
71,28294,7502.53
72,28294,7502.53
73,28294,7502.53
74,28294,7502.53
75,28294,7502.53
76,28294,7600.0
77,28294,7600.0
78,28294,7600.0
79,28294,7600.0
80,28294,7600.0
81,28294,7600.0
82,28294,7600.0
83,28294,7600.0
84,28294,7600.0
85,28294,7600.0
86,28294,7600.0
87,28294,7600.0
88,28294,7600.0
89,28294,7600.0
90,28294,7600.0
91,28294,7600.0
92,28294,7600.0
93,28294,7600.0
94,28294,7600.0
95,28294,7600.0
96,28294,7600.0
1,28298,7600.0
2,28298,7600.0
3,28298,7600.0
4,28298,7600.0
5,28298,7600.0
6,28298,7600.0
7,28298,7600.0
8,28298,7600.0
9,28298,7600.0
10,28298,7600.0
11,28298,7600.0
12,28298,7600.0
13,28298,7600.0
14,28298,7600.0
15,28298,7600.0
16,28298,7600.0
17,28298,7600.0
18,28298,7600.0
19,28298,7600.0
20,28298,7600.0
21,28298,7600.0
22,28298,7600.0
23,28298,7600.0
24,28298,7600.0
25,28298,7600.0
26,28298,7600.0
27,28298,7600.0
28,28298,7600.0
29,28298,7600.0
30,28298,7600.0
31,28298,7600.0
32,28298,7600.0
33,28298,7600.0
34,28298,7600.0
35,28298,7600.0
36,28298,7600.0
37,28298,7600.0
38,28298,7600.0
39,28298,7600.0
40,28298,7600.0
41,28298,7600.0
42,28298,7600.0
43,28298,7600.0
44,28298,7600.0
45,28298,7600.0
46,28298,7600.0
47,28298,7600.0
48,28298,7600.0
49,28298,7600.0
50,28298,7600.0
51,28298,7600.0
52,28298,7600.0
53,28298,7600.0
54,28298,7600.0
55,28298,7600.0
56,28298,7600.0
57,28298,7600.0
58,28298,7600.0
59,28298,7600.0
60,28298,7600.0
61,28298,7029.05
62,28298,7029.05
63,28298,7029.05
64,28298,7029.05
65,28298,7029.05
66,28298,7029.05
67,28298,7029.05
68,28298,7029.05
69,28298,7029.05
70,28298,7029.05
71,28298,7029.05
72,28298,7029.05
73,28298,7029.05
74,28298,7029.05
75,28298,7600.0
76,28298,7600.0
77,28298,7600.0
78,28298,7600.0
79,28298,7600.0
80,28298,7600.0
81,28298,7600.0
82,28298,7600.0
83,28298,7600.0
84,28298,7600.0
85,28298,7600.0
86,28298,7600.0
87,28298,7600.0
88,28298,7600.0
89,28298,7600.0
90,28298,7600.0
91,28298,7600.0
92,28298,7600.0
93,28298,7600.0
94,28298,7600.0
95,28298,7600.0
96,28298,7600.0
1,28302,7600.0
2,28302,7600.0
3,28302,7600.0
4,28302,7600.0
5,28302,7600.0
6,28302,7600.0
7,28302,7600.0
8,28302,7600.0
9,28302,7600.0
10,28302,7600.0
11,28302,7600.0
12,28302,7600.0
13,28302,7600.0
14,28302,7600.0
15,28302,7600.0
16,28302,7600.0
17,28302,7600.0
18,28302,7600.0
19,28302,7600.0
20,28302,7600.0
21,28302,7600.0
22,28302,7600.0
23,28302,7600.0
24,28302,7600.0
25,28302,7600.0
26,28302,7600.0
27,28302,7600.0
28,28302,7600.0
29,28302,7600.0
30,28302,7600.0
31,28302,7600.0
32,28302,7600.0
33,28302,7600.0
34,28302,7600.0
35,28302,7600.0
36,28302,7600.0
37,28302,7600.0
38,28302,7600.0
39,28302,7600.0
40,28302,7600.0
41,28302,7600.0
42,28302,7600.0
43,28302,7600.0
44,28302,7600.0
45,28302,7600.0
46,28302,7600.0
47,28302,7600.0
48,28302,7600.0
49,28302,7600.0
50,28302,7600.0
51,28302,7600.0
52,28302,7600.0
53,28302,7600.0
54,28302,7600.0
55,28302,7600.0
56,28302,7600.0
57,28302,7600.0
58,28302,7600.0
59,28302,7600.0
60,28302,7600.0
61,28302,7029.05
62,28302,7029.05
63,28302,7029.05
64,28302,7029.05
65,28302,7029.05
66,28302,7029.05
67,28302,7029.05
68,28302,7029.05
69,28302,7029.05
70,28302,7029.05
71,28302,7029.05
72,28302,7029.05
73,28302,7029.05
74,28302,7029.05
75,28302,7600.0
76,28302,7600.0
77,28302,7600.0
78,28302,7600.0
79,28302,7600.0
80,28302,7600.0
81,28302,7600.0
82,28302,7600.0
83,28302,7600.0
84,28302,7600.0
85,28302,7600.0
86,28302,7600.0
87,28302,7600.0
88,28302,7600.0
89,28302,7600.0
90,28302,7600.0
91,28302,7600.0
92,28302,7600.0
93,28302,7600.0
94,28302,7600.0
95,28302,7600.0
96,28302,7600.0
1,28303,7600.0
2,28303,7600.0
3,28303,7600.0
4,28303,7600.0
5,28303,7600.0
6,28303,7600.0
7,28303,7600.0
8,28303,7600.0
9,28303,7600.0
10,28303,7600.0
11,28303,7600.0
12,28303,7600.0
13,28303,7600.0
14,28303,7600.0
15,28303,7600.0
16,28303,7600.0
17,28303,7600.0
18,28303,7600.0
19,28303,7600.0
20,28303,7600.0
21,28303,7600.0
22,28303,7600.0
23,28303,7600.0
24,28303,7600.0
25,28303,7600.0
26,28303,7600.0
27,28303,7600.0
28,28303,7416.26
29,28303,7416.26
30,28303,7416.26
31,28303,7416.26
32,28303,7416.26
33,28303,7416.26
34,28303,7416.26
35,28303,7416.26
36,28303,7416.26
37,28303,7416.26
38,28303,7416.26
39,28303,7600.0
40,28303,7600.0
41,28303,7600.0
42,28303,7600.0
43,28303,7600.0
44,28303,7600.0
45,28303,7600.0
46,28303,7600.0
47,28303,7600.0
48,28303,7600.0
49,28303,7600.0
50,28303,7600.0
51,28303,7600.0
52,28303,7600.0
53,28303,7600.0
54,28303,7600.0
55,28303,7600.0
56,28303,7600.0
57,28303,7600.0
58,28303,7600.0
59,28303,7600.0
60,28303,7600.0
61,28303,7600.0
62,28303,7600.0
63,28303,7600.0
64,28303,7600.0
65,28303,7600.0
66,28303,7600.0
67,28303,7600.0
68,28303,7600.0
69,28303,7600.0
70,28303,7600.0
71,28303,7600.0
72,28303,7600.0
73,28303,7600.0
74,28303,7600.0
75,28303,7600.0
76,28303,7600.0
77,28303,7600.0
78,28303,7600.0
79,28303,7600.0
80,28303,7600.0
81,28303,7600.0
82,28303,7600.0
83,28303,7600.0
84,28303,7600.0
85,28303,7600.0
86,28303,7600.0
87,28303,7600.0
88,28303,7600.0
89,28303,7600.0
90,28303,7600.0
91,28303,7600.0
92,28303,7600.0
93,28303,7600.0
94,28303,7600.0
95,28303,7600.0
96,28303,7600.0
1,28307,7600.0
2,28307,7600.0
3,28307,7600.0
4,28307,7600.0
5,28307,7600.0
6,28307,7600.0
7,28307,7600.0
8,28307,7600.0
9,28307,7600.0
10,28307,7600.0
11,28307,7600.0
12,28307,7600.0
13,28307,7600.0
14,28307,7600.0
15,28307,7600.0
16,28307,7600.0
17,28307,7600.0
18,28307,7600.0
19,28307,7600.0
20,28307,7600.0
21,28307,7600.0
22,28307,7600.0
23,28307,7600.0
24,28307,7600.0
25,28307,7600.0
26,28307,7600.0
27,28307,7600.0
28,28307,7600.0
29,28307,7600.0
30,28307,7600.0
31,28307,7600.0
32,28307,7600.0
33,28307,7600.0
34,28307,7600.0
35,28307,7600.0
36,28307,7600.0
37,28307,7600.0
38,28307,7600.0
39,28307,7600.0
40,28307,7600.0
41,28307,7600.0
42,28307,7600.0
43,28307,7600.0
44,28307,7600.0
45,28307,7600.0
46,28307,7600.0
47,28307,7600.0
48,28307,7600.0
49,28307,7600.0
50,28307,7600.0
51,28307,7600.0
52,28307,7600.0
53,28307,7600.0
54,28307,7600.0
55,28307,7600.0
56,28307,7600.0
57,28307,7600.0
58,28307,7600.0
59,28307,7600.0
60,28307,7600.0
61,28307,7600.0
62,28307,7431.04
63,28307,7431.04
64,28307,7431.04
65,28307,7431.04
66,28307,7431.04
67,28307,7431.04
68,28307,7431.04
69,28307,7431.04
70,28307,7431.04
71,28307,7431.04
72,28307,7431.04
73,28307,7431.04
74,28307,7431.04
75,28307,7600.0
76,28307,7600.0
77,28307,7600.0
78,28307,7600.0
79,28307,7600.0
80,28307,7600.0
81,28307,7600.0
82,28307,7600.0
83,28307,7600.0
84,28307,7600.0
85,28307,7600.0
86,28307,7600.0
87,28307,7600.0
88,28307,7600.0
89,28307,7600.0
90,28307,7600.0
91,28307,7600.0
92,28307,7600.0
93,28307,7600.0
94,28307,7600.0
95,28307,7600.0
96,28307,7600.0
1,28312,7600.0
2,28312,7600.0
3,28312,7600.0
4,28312,7600.0
5,28312,7600.0
6,28312,7600.0
7,28312,7600.0
8,28312,7600.0
9,28312,7600.0
10,28312,7600.0
11,28312,7600.0
12,28312,7600.0
13,28312,7600.0
14,28312,7600.0
15,28312,7600.0
16,28312,7600.0
17,28312,7600.0
18,28312,7600.0
19,28312,7600.0
20,28312,7600.0
21,28312,7600.0
22,28312,7600.0
23,28312,7600.0
24,28312,7600.0
25,28312,7600.0
26,28312,7600.0
27,28312,7600.0
28,28312,7600.0
29,28312,7600.0
30,28312,7600.0
31,28312,7600.0
32,28312,7600.0
33,28312,7600.0
34,28312,7600.0
35,28312,7600.0
36,28312,7600.0
37,28312,7600.0
38,28312,7600.0
39,28312,7600.0
40,28312,7600.0
41,28312,7600.0
42,28312,7600.0
43,28312,7600.0
44,28312,7600.0
45,28312,7600.0
46,28312,7600.0
47,28312,7600.0
48,28312,7600.0
49,28312,7600.0
50,28312,7600.0
51,28312,7600.0
52,28312,7600.0
53,28312,7600.0
54,28312,7600.0
55,28312,7600.0
56,28312,7600.0
57,28312,7600.0
58,28312,7600.0
59,28312,7600.0
60,28312,7600.0
61,28312,7600.0
62,28312,7301.13
63,28312,7301.13
64,28312,7301.13
65,28312,7301.13
66,28312,7301.13
67,28312,7301.13
68,28312,7301.13
69,28312,7301.13
70,28312,7301.13
71,28312,7301.13
72,28312,7301.13
73,28312,7301.13
74,28312,7301.13
75,28312,7301.13
76,28312,7600.0
77,28312,7600.0
78,28312,7600.0
79,28312,7600.0
80,28312,7600.0
81,28312,7600.0
82,28312,7600.0
83,28312,7600.0
84,28312,7600.0
85,28312,7600.0
86,28312,7600.0
87,28312,7600.0
88,28312,7600.0
89,28312,7600.0
90,28312,7600.0
91,28312,7600.0
92,28312,7600.0
93,28312,7600.0
94,28312,7600.0
95,28312,7600.0
96,28312,7600.0
1,28705,8000.0
2,28705,8000.0
3,28705,8000.0
4,28705,8000.0
5,28705,8000.0
6,28705,8000.0
7,28705,8000.0
8,28705,8000.0
9,28705,8000.0
10,28705,8000.0
11,28705,8000.0
12,28705,8000.0
13,28705,8000.0
14,28705,8000.0
15,28705,8000.0
16,28705,8000.0
17,28705,8000.0
18,28705,8000.0
19,28705,8000.0
20,28705,8000.0
21,28705,8000.0
22,28705,8000.0
23,28705,8000.0
24,28705,8000.0
25,28705,8000.0
26,28705,8000.0
27,28705,8000.0
28,28705,8000.0
29,28705,8000.0
30,28705,8000.0
31,28705,8000.0
32,28705,8000.0
33,28705,8000.0
34,28705,8000.0
35,28705,8000.0
36,28705,8000.0
37,28705,8000.0
38,28705,8000.0
39,28705,8000.0
40,28705,8000.0
41,28705,8000.0
42,28705,8000.0
43,28705,8000.0
44,28705,8000.0
45,28705,8000.0
46,28705,8000.0
47,28705,8000.0
48,28705,8000.0
49,28705,8000.0
50,28705,8000.0
51,28705,8000.0
52,28705,8000.0
53,28705,8000.0
54,28705,8000.0
55,28705,8000.0
56,28705,8000.0
57,28705,8000.0
58,28705,8000.0
59,28705,8000.0
60,28705,8000.0
61,28705,8000.0
62,28705,8000.0
63,28705,8000.0
64,28705,8000.0
65,28705,8000.0
66,28705,8000.0
67,28705,8000.0
68,28705,8000.0
69,28705,8000.0
70,28705,8000.0
71,28705,8000.0
72,28705,8000.0
73,28705,8000.0
74,28705,8000.0
75,28705,8000.0
76,28705,8000.0
77,28705,8000.0
78,28705,8000.0
79,28705,8000.0
80,28705,8000.0
81,28705,8000.0
82,28705,8000.0
83,28705,8000.0
84,28705,8000.0
85,28705,8000.0
86,28705,8000.0
87,28705,8000.0
88,28705,8000.0
89,28705,8000.0
90,28705,8000.0
91,28705,8000.0
92,28705,8000.0
93,28705,8000.0
94,28705,8000.0
95,28705,8000.0
96,28705,8000.0
1,28712,7600.0
2,28712,7600.0
3,28712,7600.0
4,28712,7600.0
5,28712,7600.0
6,28712,7600.0
7,28712,7600.0
8,28712,7600.0
9,28712,7600.0
10,28712,7600.0
11,28712,7600.0
12,28712,7600.0
13,28712,7600.0
14,28712,7600.0
15,28712,7600.0
16,28712,7600.0
17,28712,7600.0
18,28712,7600.0
19,28712,7600.0
20,28712,7600.0
21,28712,7600.0
22,28712,7600.0
23,28712,7600.0
24,28712,7600.0
25,28712,7600.0
26,28712,7600.0
27,28712,7600.0
28,28712,7600.0
29,28712,7600.0
30,28712,7600.0
31,28712,7600.0
32,28712,7600.0
33,28712,7600.0
34,28712,7600.0
35,28712,7600.0
36,28712,7600.0
37,28712,7600.0
38,28712,7600.0
39,28712,7600.0
40,28712,7600.0
41,28712,7600.0
42,28712,7600.0
43,28712,7600.0
44,28712,7600.0
45,28712,7600.0
46,28712,7600.0
47,28712,7600.0
48,28712,7600.0
49,28712,7600.0
50,28712,7600.0
51,28712,7600.0
52,28712,7600.0
53,28712,7600.0
54,28712,7600.0
55,28712,7600.0
56,28712,7600.0
57,28712,7600.0
58,28712,7600.0
59,28712,7600.0
60,28712,7600.0
61,28712,7600.0
62,28712,7600.0
63,28712,7600.0
64,28712,7600.0
65,28712,7600.0
66,28712,7600.0
67,28712,7600.0
68,28712,7600.0
69,28712,7600.0
70,28712,7600.0
71,28712,7600.0
72,28712,7600.0
73,28712,7600.0
74,28712,7600.0
75,28712,7600.0
76,28712,7600.0
77,28712,7600.0
78,28712,7600.0
79,28712,7600.0
80,28712,7600.0
81,28712,7600.0
82,28712,7600.0
83,28712,7600.0
84,28712,7600.0
85,28712,7600.0
86,28712,7600.0
87,28712,7600.0
88,28712,7600.0
89,28712,7600.0
90,28712,7600.0
91,28712,7600.0
92,28712,7600.0
93,28712,7600.0
94,28712,7600.0
95,28712,7600.0
96,28712,7600.0
1,28724,5700.0
2,28724,5700.0
3,28724,5700.0
4,28724,5700.0
5,28724,5700.0
6,28724,5700.0
7,28724,5700.0
8,28724,5700.0
9,28724,5700.0
10,28724,5700.0
11,28724,5700.0
12,28724,5700.0
13,28724,5700.0
14,28724,5700.0
15,28724,5700.0
16,28724,5700.0
17,28724,5700.0
18,28724,5700.0
19,28724,5700.0
20,28724,5700.0
21,28724,5700.0
22,28724,5700.0
23,28724,5700.0
24,28724,5700.0
25,28724,5700.0
26,28724,5700.0
27,28724,5700.0
28,28724,5700.0
29,28724,5700.0
30,28724,5700.0
31,28724,5700.0
32,28724,5700.0
33,28724,5700.0
34,28724,5700.0
35,28724,5700.0
36,28724,5700.0
37,28724,5700.0
38,28724,5700.0
39,28724,5700.0
40,28724,5700.0
41,28724,5700.0
42,28724,5700.0
43,28724,5700.0
44,28724,5700.0
45,28724,5700.0
46,28724,5700.0
47,28724,5700.0
48,28724,5700.0
49,28724,5700.0
50,28724,5700.0
51,28724,5700.0
52,28724,5700.0
53,28724,5700.0
54,28724,5700.0
55,28724,5700.0
56,28724,5700.0
57,28724,5700.0
58,28724,5700.0
59,28724,5700.0
60,28724,5700.0
61,28724,5700.0
62,28724,5700.0
63,28724,5700.0
64,28724,5700.0
65,28724,5700.0
66,28724,5700.0
67,28724,5700.0
68,28724,5700.0
69,28724,5700.0
70,28724,5700.0
71,28724,5700.0
72,28724,5700.0
73,28724,5700.0
74,28724,5700.0
75,28724,5700.0
76,28724,5700.0
77,28724,5700.0
78,28724,5700.0
79,28724,5700.0
80,28724,5700.0
81,28724,5700.0
82,28724,5700.0
83,28724,5700.0
84,28724,5700.0
85,28724,5700.0
86,28724,5700.0
87,28724,5700.0
88,28724,5700.0
89,28724,5700.0
90,28724,5700.0
91,28724,5700.0
92,28724,5700.0
93,28724,5700.0
94,28724,5700.0
95,28724,5700.0
96,28724,5700.0
1,29007,8000.0
2,29007,8000.0
3,29007,8000.0
4,29007,8000.0
5,29007,8000.0
6,29007,8000.0
7,29007,8000.0
8,29007,8000.0
9,29007,8000.0
10,29007,8000.0
11,29007,8000.0
12,29007,8000.0
13,29007,8000.0
14,29007,8000.0
15,29007,8000.0
16,29007,8000.0
17,29007,8000.0
18,29007,8000.0
19,29007,8000.0
20,29007,8000.0
21,29007,8000.0
22,29007,8000.0
23,29007,8000.0
24,29007,8000.0
25,29007,8000.0
26,29007,8000.0
27,29007,7444.48
28,29007,7444.48
29,29007,7444.48
30,29007,7444.48
31,29007,7444.48
32,29007,7444.48
33,29007,7444.48
34,29007,7444.48
35,29007,7444.48
36,29007,7444.48
37,29007,7444.48
38,29007,7444.48
39,29007,7444.48
40,29007,7444.48
41,29007,7444.48
42,29007,7444.48
43,29007,7444.48
44,29007,7444.48
45,29007,7444.48
46,29007,7444.48
47,29007,7444.48
48,29007,7444.48
49,29007,7444.48
50,29007,7444.48
51,29007,7444.48
52,29007,7444.48
53,29007,7444.48
54,29007,7444.48
55,29007,7444.48
56,29007,7444.48
57,29007,7444.48
58,29007,7444.48
59,29007,7444.48
60,29007,7444.48
61,29007,7444.48
62,29007,7444.48
63,29007,7444.48
64,29007,7444.48
65,29007,7444.48
66,29007,7444.48
67,29007,7444.48
68,29007,7444.48
69,29007,7444.48
70,29007,7444.48
71,29007,7444.48
72,29007,7444.48
73,29007,7444.48
74,29007,7444.48
75,29007,7444.48
76,29007,7444.48
77,29007,7444.48
78,29007,7444.48
79,29007,8000.0
80,29007,8000.0
81,29007,8000.0
82,29007,8000.0
83,29007,8000.0
84,29007,8000.0
85,29007,8000.0
86,29007,8000.0
87,29007,8000.0
88,29007,8000.0
89,29007,8000.0
90,29007,8000.0
91,29007,8000.0
92,29007,8000.0
93,29007,8000.0
94,29007,8000.0
95,29007,8000.0
96,29007,8000.0
1,29361,7600.0
2,29361,7600.0
3,29361,7600.0
4,29361,7600.0
5,29361,7600.0
6,29361,7600.0
7,29361,7600.0
8,29361,7600.0
9,29361,7600.0
10,29361,7600.0
11,29361,7600.0
12,29361,7600.0
13,29361,7600.0
14,29361,7600.0
15,29361,7600.0
16,29361,7600.0
17,29361,7600.0
18,29361,7600.0
19,29361,7600.0
20,29361,7600.0
21,29361,7600.0
22,29361,7600.0
23,29361,7600.0
24,29361,7600.0
25,29361,7600.0
26,29361,7600.0
27,29361,7600.0
28,29361,6820.15
29,29361,6820.15
30,29361,6820.15
31,29361,6820.15
32,29361,6820.15
33,29361,6820.15
34,29361,6820.15
35,29361,6820.15
36,29361,6820.15
37,29361,6820.15
38,29361,6820.15
39,29361,6820.15
40,29361,6820.15
41,29361,6820.15
42,29361,6820.15
43,29361,7600.0
44,29361,7600.0
45,29361,7600.0
46,29361,7600.0
47,29361,7600.0
48,29361,7600.0
49,29361,7600.0
50,29361,7600.0
51,29361,7600.0
52,29361,7600.0
53,29361,7600.0
54,29361,7600.0
55,29361,7600.0
56,29361,7600.0
57,29361,7600.0
58,29361,7600.0
59,29361,7600.0
60,29361,7600.0
61,29361,6819.03
62,29361,6819.03
63,29361,6819.03
64,29361,6819.03
65,29361,6819.03
66,29361,6819.03
67,29361,6819.03
68,29361,6819.03
69,29361,6819.03
70,29361,6819.03
71,29361,6819.03
72,29361,6819.03
73,29361,6819.03
74,29361,6819.03
75,29361,6819.03
76,29361,6819.03
77,29361,6819.03
78,29361,7600.0
79,29361,7600.0
80,29361,7600.0
81,29361,7600.0
82,29361,7600.0
83,29361,7600.0
84,29361,7600.0
85,29361,7600.0
86,29361,7600.0
87,29361,7600.0
88,29361,7600.0
89,29361,7600.0
90,29361,7600.0
91,29361,7600.0
92,29361,7600.0
93,29361,7600.0
94,29361,7600.0
95,29361,7600.0
96,29361,7600.0
1,30296,4000.0
2,30296,4000.0
3,30296,4000.0
4,30296,4000.0
5,30296,4000.0
6,30296,4000.0
7,30296,4000.0
8,30296,4000.0
9,30296,4000.0
10,30296,4000.0
11,30296,4000.0
12,30296,4000.0
13,30296,4000.0
14,30296,4000.0
15,30296,4000.0
16,30296,4000.0
17,30296,4000.0
18,30296,4000.0
19,30296,4000.0
20,30296,4000.0
21,30296,4000.0
22,30296,4000.0
23,30296,4000.0
24,30296,4000.0
25,30296,4000.0
26,30296,4000.0
27,30296,4000.0
28,30296,4000.0
29,30296,4000.0
30,30296,4000.0
31,30296,4000.0
32,30296,4000.0
33,30296,4000.0
34,30296,4000.0
35,30296,4000.0
36,30296,4000.0
37,30296,4000.0
38,30296,4000.0
39,30296,4000.0
40,30296,4000.0
41,30296,4000.0
42,30296,4000.0
43,30296,4000.0
44,30296,4000.0
45,30296,4000.0
46,30296,4000.0
47,30296,4000.0
48,30296,4000.0
49,30296,4000.0
50,30296,4000.0
51,30296,4000.0
52,30296,4000.0
53,30296,4000.0
54,30296,4000.0
55,30296,4000.0
56,30296,4000.0
57,30296,4000.0
58,30296,4000.0
59,30296,4000.0
60,30296,4000.0
61,30296,4000.0
62,30296,4000.0
63,30296,4000.0
64,30296,4000.0
65,30296,4000.0
66,30296,4000.0
67,30296,4000.0
68,30296,4000.0
69,30296,4000.0
70,30296,4000.0
71,30296,4000.0
72,30296,4000.0
73,30296,4000.0
74,30296,4000.0
75,30296,4000.0
76,30296,4000.0
77,30296,4000.0
78,30296,4000.0
79,30296,4000.0
80,30296,4000.0
81,30296,4000.0
82,30296,4000.0
83,30296,4000.0
84,30296,4000.0
85,30296,4000.0
86,30296,4000.0
87,30296,4000.0
88,30296,4000.0
89,30296,4000.0
90,30296,4000.0
91,30296,4000.0
92,30296,4000.0
93,30296,4000.0
94,30296,4000.0
95,30296,4000.0
96,30296,4000.0
1,30317,4000.0
2,30317,4000.0
3,30317,4000.0
4,30317,4000.0
5,30317,4000.0
6,30317,4000.0
7,30317,4000.0
8,30317,4000.0
9,30317,4000.0
10,30317,4000.0
11,30317,4000.0
12,30317,4000.0
13,30317,4000.0
14,30317,4000.0
15,30317,4000.0
16,30317,4000.0
17,30317,4000.0
18,30317,4000.0
19,30317,4000.0
20,30317,4000.0
21,30317,4000.0
22,30317,4000.0
23,30317,4000.0
24,30317,4000.0
25,30317,4000.0
26,30317,4000.0
27,30317,4000.0
28,30317,4000.0
29,30317,4000.0
30,30317,4000.0
31,30317,4000.0
32,30317,4000.0
33,30317,4000.0
34,30317,4000.0
35,30317,4000.0
36,30317,4000.0
37,30317,4000.0
38,30317,4000.0
39,30317,4000.0
40,30317,4000.0
41,30317,4000.0
42,30317,4000.0
43,30317,4000.0
44,30317,4000.0
45,30317,4000.0
46,30317,4000.0
47,30317,4000.0
48,30317,4000.0
49,30317,4000.0
50,30317,4000.0
51,30317,4000.0
52,30317,4000.0
53,30317,4000.0
54,30317,4000.0
55,30317,4000.0
56,30317,4000.0
57,30317,4000.0
58,30317,4000.0
59,30317,4000.0
60,30317,4000.0
61,30317,4000.0
62,30317,4000.0
63,30317,4000.0
64,30317,4000.0
65,30317,4000.0
66,30317,4000.0
67,30317,4000.0
68,30317,4000.0
69,30317,4000.0
70,30317,4000.0
71,30317,4000.0
72,30317,4000.0
73,30317,4000.0
74,30317,4000.0
75,30317,4000.0
76,30317,4000.0
77,30317,4000.0
78,30317,4000.0
79,30317,4000.0
80,30317,4000.0
81,30317,4000.0
82,30317,4000.0
83,30317,4000.0
84,30317,4000.0
85,30317,4000.0
86,30317,4000.0
87,30317,4000.0
88,30317,4000.0
89,30317,4000.0
90,30317,4000.0
91,30317,4000.0
92,30317,4000.0
93,30317,4000.0
94,30317,4000.0
95,30317,4000.0
96,30317,4000.0
1,30949,6000.0
2,30949,6000.0
3,30949,6000.0
4,30949,6000.0
5,30949,6000.0
6,30949,6000.0
7,30949,6000.0
8,30949,6000.0
9,30949,6000.0
10,30949,6000.0
11,30949,6000.0
12,30949,6000.0
13,30949,6000.0
14,30949,6000.0
15,30949,6000.0
16,30949,6000.0
17,30949,6000.0
18,30949,6000.0
19,30949,6000.0
20,30949,6000.0
21,30949,6000.0
22,30949,6000.0
23,30949,6000.0
24,30949,6000.0
25,30949,6000.0
26,30949,6000.0
27,30949,6000.0
28,30949,6000.0
29,30949,6000.0
30,30949,6000.0
31,30949,6000.0
32,30949,6000.0
33,30949,6000.0
34,30949,6000.0
35,30949,6000.0
36,30949,6000.0
37,30949,6000.0
38,30949,6000.0
39,30949,6000.0
40,30949,6000.0
41,30949,6000.0
42,30949,6000.0
43,30949,6000.0
44,30949,6000.0
45,30949,6000.0
46,30949,6000.0
47,30949,6000.0
48,30949,6000.0
49,30949,6000.0
50,30949,6000.0
51,30949,6000.0
52,30949,6000.0
53,30949,6000.0
54,30949,6000.0
55,30949,6000.0
56,30949,6000.0
57,30949,6000.0
58,30949,6000.0
59,30949,6000.0
60,30949,6000.0
61,30949,6000.0
62,30949,6000.0
63,30949,6000.0
64,30949,6000.0
65,30949,6000.0
66,30949,6000.0
67,30949,6000.0
68,30949,6000.0
69,30949,6000.0
70,30949,6000.0
71,30949,6000.0
72,30949,6000.0
73,30949,6000.0
74,30949,6000.0
75,30949,6000.0
76,30949,6000.0
77,30949,6000.0
78,30949,6000.0
79,30949,6000.0
80,30949,6000.0
81,30949,6000.0
82,30949,6000.0
83,30949,6000.0
84,30949,6000.0
85,30949,6000.0
86,30949,6000.0
87,30949,6000.0
88,30949,6000.0
89,30949,6000.0
90,30949,6000.0
91,30949,6000.0
92,30949,6000.0
93,30949,6000.0
94,30949,6000.0
95,30949,6000.0
96,30949,6000.0
1,31338,4000.0
2,31338,4000.0
3,31338,4000.0
4,31338,4000.0
5,31338,4000.0
6,31338,4000.0
7,31338,4000.0
8,31338,4000.0
9,31338,4000.0
10,31338,4000.0
11,31338,4000.0
12,31338,4000.0
13,31338,4000.0
14,31338,4000.0
15,31338,4000.0
16,31338,4000.0
17,31338,4000.0
18,31338,4000.0
19,31338,4000.0
20,31338,4000.0
21,31338,4000.0
22,31338,4000.0
23,31338,4000.0
24,31338,4000.0
25,31338,4000.0
26,31338,4000.0
27,31338,4000.0
28,31338,4000.0
29,31338,4000.0
30,31338,4000.0
31,31338,4000.0
32,31338,4000.0
33,31338,4000.0
34,31338,4000.0
35,31338,4000.0
36,31338,4000.0
37,31338,4000.0
38,31338,4000.0
39,31338,4000.0
40,31338,4000.0
41,31338,4000.0
42,31338,4000.0
43,31338,4000.0
44,31338,4000.0
45,31338,4000.0
46,31338,4000.0
47,31338,4000.0
48,31338,4000.0
49,31338,4000.0
50,31338,4000.0
51,31338,4000.0
52,31338,4000.0
53,31338,4000.0
54,31338,4000.0
55,31338,4000.0
56,31338,4000.0
57,31338,4000.0
58,31338,4000.0
59,31338,4000.0
60,31338,4000.0
61,31338,4000.0
62,31338,4000.0
63,31338,4000.0
64,31338,4000.0
65,31338,4000.0
66,31338,4000.0
67,31338,4000.0
68,31338,4000.0
69,31338,4000.0
70,31338,4000.0
71,31338,4000.0
72,31338,4000.0
73,31338,4000.0
74,31338,4000.0
75,31338,4000.0
76,31338,4000.0
77,31338,4000.0
78,31338,4000.0
79,31338,4000.0
80,31338,4000.0
81,31338,4000.0
82,31338,4000.0
83,31338,4000.0
84,31338,4000.0
85,31338,4000.0
86,31338,4000.0
87,31338,4000.0
88,31338,4000.0
89,31338,4000.0
90,31338,4000.0
91,31338,4000.0
92,31338,4000.0
93,31338,4000.0
94,31338,4000.0
95,31338,4000.0
96,31338,4000.0
1,31343,4000.0
2,31343,4000.0
3,31343,4000.0
4,31343,4000.0
5,31343,4000.0
6,31343,4000.0
7,31343,4000.0
8,31343,4000.0
9,31343,4000.0
10,31343,4000.0
11,31343,4000.0
12,31343,4000.0
13,31343,4000.0
14,31343,4000.0
15,31343,4000.0
16,31343,4000.0
17,31343,4000.0
18,31343,4000.0
19,31343,4000.0
20,31343,4000.0
21,31343,4000.0
22,31343,4000.0
23,31343,4000.0
24,31343,4000.0
25,31343,4000.0
26,31343,4000.0
27,31343,4000.0
28,31343,4000.0
29,31343,4000.0
30,31343,4000.0
31,31343,4000.0
32,31343,4000.0
33,31343,4000.0
34,31343,4000.0
35,31343,4000.0
36,31343,4000.0
37,31343,4000.0
38,31343,4000.0
39,31343,4000.0
40,31343,4000.0
41,31343,4000.0
42,31343,4000.0
43,31343,4000.0
44,31343,4000.0
45,31343,4000.0
46,31343,4000.0
47,31343,4000.0
48,31343,4000.0
49,31343,4000.0
50,31343,4000.0
51,31343,4000.0
52,31343,4000.0
53,31343,4000.0
54,31343,4000.0
55,31343,4000.0
56,31343,4000.0
57,31343,4000.0
58,31343,4000.0
59,31343,4000.0
60,31343,4000.0
61,31343,4000.0
62,31343,4000.0
63,31343,4000.0
64,31343,4000.0
65,31343,4000.0
66,31343,4000.0
67,31343,4000.0
68,31343,4000.0
69,31343,4000.0
70,31343,4000.0
71,31343,4000.0
72,31343,4000.0
73,31343,4000.0
74,31343,4000.0
75,31343,4000.0
76,31343,4000.0
77,31343,4000.0
78,31343,4000.0
79,31343,4000.0
80,31343,4000.0
81,31343,4000.0
82,31343,4000.0
83,31343,4000.0
84,31343,4000.0
85,31343,4000.0
86,31343,4000.0
87,31343,4000.0
88,31343,4000.0
89,31343,4000.0
90,31343,4000.0
91,31343,4000.0
92,31343,4000.0
93,31343,4000.0
94,31343,4000.0
95,31343,4000.0
96,31343,4000.0
1,31344,7600.0
2,31344,7600.0
3,31344,7600.0
4,31344,7600.0
5,31344,7600.0
6,31344,7600.0
7,31344,7600.0
8,31344,7600.0
9,31344,7600.0
10,31344,7600.0
11,31344,7600.0
12,31344,7600.0
13,31344,7600.0
14,31344,7600.0
15,31344,7600.0
16,31344,7600.0
17,31344,7600.0
18,31344,7600.0
19,31344,7600.0
20,31344,7600.0
21,31344,7600.0
22,31344,7600.0
23,31344,7600.0
24,31344,7600.0
25,31344,7600.0
26,31344,7600.0
27,31344,7600.0
28,31344,7600.0
29,31344,7600.0
30,31344,7600.0
31,31344,7600.0
32,31344,7600.0
33,31344,7600.0
34,31344,7600.0
35,31344,7600.0
36,31344,7600.0
37,31344,7600.0
38,31344,7600.0
39,31344,7600.0
40,31344,7600.0
41,31344,7600.0
42,31344,7600.0
43,31344,7600.0
44,31344,7600.0
45,31344,7600.0
46,31344,7600.0
47,31344,7600.0
48,31344,7600.0
49,31344,7600.0
50,31344,7600.0
51,31344,7600.0
52,31344,7600.0
53,31344,7600.0
54,31344,7600.0
55,31344,7600.0
56,31344,7600.0
57,31344,7600.0
58,31344,7600.0
59,31344,7600.0
60,31344,7600.0
61,31344,7600.0
62,31344,7600.0
63,31344,7600.0
64,31344,7600.0
65,31344,7600.0
66,31344,7600.0
67,31344,7600.0
68,31344,7600.0
69,31344,7600.0
70,31344,7600.0
71,31344,7600.0
72,31344,7600.0
73,31344,7600.0
74,31344,7600.0
75,31344,7600.0
76,31344,7600.0
77,31344,7600.0
78,31344,7600.0
79,31344,7600.0
80,31344,7600.0
81,31344,7600.0
82,31344,7600.0
83,31344,7600.0
84,31344,7600.0
85,31344,7600.0
86,31344,7600.0
87,31344,7600.0
88,31344,7600.0
89,31344,7600.0
90,31344,7600.0
91,31344,7600.0
92,31344,7600.0
93,31344,7600.0
94,31344,7600.0
95,31344,7600.0
96,31344,7600.0
1,31346,4000.0
2,31346,4000.0
3,31346,4000.0
4,31346,4000.0
5,31346,4000.0
6,31346,4000.0
7,31346,4000.0
8,31346,4000.0
9,31346,4000.0
10,31346,4000.0
11,31346,4000.0
12,31346,4000.0
13,31346,4000.0
14,31346,4000.0
15,31346,4000.0
16,31346,4000.0
17,31346,4000.0
18,31346,4000.0
19,31346,4000.0
20,31346,4000.0
21,31346,4000.0
22,31346,4000.0
23,31346,4000.0
24,31346,4000.0
25,31346,4000.0
26,31346,4000.0
27,31346,4000.0
28,31346,4000.0
29,31346,4000.0
30,31346,4000.0
31,31346,4000.0
32,31346,4000.0
33,31346,4000.0
34,31346,4000.0
35,31346,4000.0
36,31346,4000.0
37,31346,4000.0
38,31346,4000.0
39,31346,4000.0
40,31346,4000.0
41,31346,4000.0
42,31346,4000.0
43,31346,4000.0
44,31346,4000.0
45,31346,4000.0
46,31346,4000.0
47,31346,4000.0
48,31346,4000.0
49,31346,4000.0
50,31346,4000.0
51,31346,4000.0
52,31346,4000.0
53,31346,4000.0
54,31346,4000.0
55,31346,4000.0
56,31346,4000.0
57,31346,4000.0
58,31346,4000.0
59,31346,4000.0
60,31346,4000.0
61,31346,4000.0
62,31346,4000.0
63,31346,4000.0
64,31346,4000.0
65,31346,4000.0
66,31346,4000.0
67,31346,4000.0
68,31346,4000.0
69,31346,4000.0
70,31346,4000.0
71,31346,4000.0
72,31346,4000.0
73,31346,4000.0
74,31346,4000.0
75,31346,4000.0
76,31346,4000.0
77,31346,4000.0
78,31346,4000.0
79,31346,4000.0
80,31346,4000.0
81,31346,4000.0
82,31346,4000.0
83,31346,4000.0
84,31346,4000.0
85,31346,4000.0
86,31346,4000.0
87,31346,4000.0
88,31346,4000.0
89,31346,4000.0
90,31346,4000.0
91,31346,4000.0
92,31346,4000.0
93,31346,4000.0
94,31346,4000.0
95,31346,4000.0
96,31346,4000.0
1,31347,4000.0
2,31347,4000.0
3,31347,4000.0
4,31347,4000.0
5,31347,4000.0
6,31347,4000.0
7,31347,4000.0
8,31347,4000.0
9,31347,4000.0
10,31347,4000.0
11,31347,4000.0
12,31347,4000.0
13,31347,4000.0
14,31347,4000.0
15,31347,4000.0
16,31347,4000.0
17,31347,4000.0
18,31347,4000.0
19,31347,4000.0
20,31347,4000.0
21,31347,4000.0
22,31347,4000.0
23,31347,4000.0
24,31347,4000.0
25,31347,4000.0
26,31347,4000.0
27,31347,4000.0
28,31347,4000.0
29,31347,4000.0
30,31347,4000.0
31,31347,4000.0
32,31347,4000.0
33,31347,4000.0
34,31347,4000.0
35,31347,4000.0
36,31347,4000.0
37,31347,4000.0
38,31347,4000.0
39,31347,4000.0
40,31347,4000.0
41,31347,4000.0
42,31347,4000.0
43,31347,4000.0
44,31347,4000.0
45,31347,4000.0
46,31347,4000.0
47,31347,4000.0
48,31347,4000.0
49,31347,4000.0
50,31347,4000.0
51,31347,4000.0
52,31347,4000.0
53,31347,4000.0
54,31347,4000.0
55,31347,4000.0
56,31347,4000.0
57,31347,4000.0
58,31347,4000.0
59,31347,4000.0
60,31347,4000.0
61,31347,4000.0
62,31347,4000.0
63,31347,4000.0
64,31347,4000.0
65,31347,4000.0
66,31347,4000.0
67,31347,4000.0
68,31347,4000.0
69,31347,4000.0
70,31347,4000.0
71,31347,4000.0
72,31347,4000.0
73,31347,4000.0
74,31347,4000.0
75,31347,4000.0
76,31347,4000.0
77,31347,4000.0
78,31347,4000.0
79,31347,4000.0
80,31347,4000.0
81,31347,4000.0
82,31347,4000.0
83,31347,4000.0
84,31347,4000.0
85,31347,4000.0
86,31347,4000.0
87,31347,4000.0
88,31347,4000.0
89,31347,4000.0
90,31347,4000.0
91,31347,4000.0
92,31347,4000.0
93,31347,4000.0
94,31347,4000.0
95,31347,4000.0
96,31347,4000.0
1,31348,7600.0
2,31348,7600.0
3,31348,7600.0
4,31348,7600.0
5,31348,7600.0
6,31348,7600.0
7,31348,7600.0
8,31348,7600.0
9,31348,7600.0
10,31348,7600.0
11,31348,7600.0
12,31348,7600.0
13,31348,7600.0
14,31348,7600.0
15,31348,7600.0
16,31348,7600.0
17,31348,7600.0
18,31348,7600.0
19,31348,7600.0
20,31348,7600.0
21,31348,7600.0
22,31348,7600.0
23,31348,7600.0
24,31348,7600.0
25,31348,7600.0
26,31348,7600.0
27,31348,7600.0
28,31348,7600.0
29,31348,7600.0
30,31348,7600.0
31,31348,7600.0
32,31348,7600.0
33,31348,7600.0
34,31348,7600.0
35,31348,7600.0
36,31348,7600.0
37,31348,7600.0
38,31348,7600.0
39,31348,7600.0
40,31348,7600.0
41,31348,7600.0
42,31348,7600.0
43,31348,7600.0
44,31348,7600.0
45,31348,7600.0
46,31348,7600.0
47,31348,7600.0
48,31348,7600.0
49,31348,7600.0
50,31348,7600.0
51,31348,7600.0
52,31348,7600.0
53,31348,7600.0
54,31348,7600.0
55,31348,7600.0
56,31348,7600.0
57,31348,7600.0
58,31348,7600.0
59,31348,7600.0
60,31348,7600.0
61,31348,7600.0
62,31348,7600.0
63,31348,7600.0
64,31348,7600.0
65,31348,7600.0
66,31348,7600.0
67,31348,7600.0
68,31348,7600.0
69,31348,7600.0
70,31348,7600.0
71,31348,7600.0
72,31348,7600.0
73,31348,7600.0
74,31348,7600.0
75,31348,7600.0
76,31348,7600.0
77,31348,7600.0
78,31348,7600.0
79,31348,7600.0
80,31348,7600.0
81,31348,7600.0
82,31348,7600.0
83,31348,7600.0
84,31348,7600.0
85,31348,7600.0
86,31348,7600.0
87,31348,7600.0
88,31348,7600.0
89,31348,7600.0
90,31348,7600.0
91,31348,7600.0
92,31348,7600.0
93,31348,7600.0
94,31348,7600.0
95,31348,7600.0
96,31348,7600.0
1,31350,4000.0
2,31350,4000.0
3,31350,4000.0
4,31350,4000.0
5,31350,4000.0
6,31350,4000.0
7,31350,4000.0
8,31350,4000.0
9,31350,4000.0
10,31350,4000.0
11,31350,4000.0
12,31350,4000.0
13,31350,4000.0
14,31350,4000.0
15,31350,4000.0
16,31350,4000.0
17,31350,4000.0
18,31350,4000.0
19,31350,4000.0
20,31350,4000.0
21,31350,4000.0
22,31350,4000.0
23,31350,4000.0
24,31350,4000.0
25,31350,4000.0
26,31350,4000.0
27,31350,4000.0
28,31350,4000.0
29,31350,4000.0
30,31350,4000.0
31,31350,4000.0
32,31350,4000.0
33,31350,4000.0
34,31350,4000.0
35,31350,4000.0
36,31350,4000.0
37,31350,4000.0
38,31350,4000.0
39,31350,4000.0
40,31350,4000.0
41,31350,4000.0
42,31350,4000.0
43,31350,4000.0
44,31350,4000.0
45,31350,4000.0
46,31350,4000.0
47,31350,4000.0
48,31350,4000.0
49,31350,4000.0
50,31350,4000.0
51,31350,4000.0
52,31350,4000.0
53,31350,4000.0
54,31350,4000.0
55,31350,4000.0
56,31350,4000.0
57,31350,4000.0
58,31350,4000.0
59,31350,4000.0
60,31350,4000.0
61,31350,4000.0
62,31350,4000.0
63,31350,4000.0
64,31350,4000.0
65,31350,4000.0
66,31350,4000.0
67,31350,4000.0
68,31350,4000.0
69,31350,4000.0
70,31350,4000.0
71,31350,4000.0
72,31350,4000.0
73,31350,4000.0
74,31350,4000.0
75,31350,4000.0
76,31350,4000.0
77,31350,4000.0
78,31350,4000.0
79,31350,4000.0
80,31350,4000.0
81,31350,4000.0
82,31350,4000.0
83,31350,4000.0
84,31350,4000.0
85,31350,4000.0
86,31350,4000.0
87,31350,4000.0
88,31350,4000.0
89,31350,4000.0
90,31350,4000.0
91,31350,4000.0
92,31350,4000.0
93,31350,4000.0
94,31350,4000.0
95,31350,4000.0
96,31350,4000.0
1,31351,4000.0
2,31351,4000.0
3,31351,4000.0
4,31351,4000.0
5,31351,4000.0
6,31351,4000.0
7,31351,4000.0
8,31351,4000.0
9,31351,4000.0
10,31351,4000.0
11,31351,4000.0
12,31351,4000.0
13,31351,4000.0
14,31351,4000.0
15,31351,4000.0
16,31351,4000.0
17,31351,4000.0
18,31351,4000.0
19,31351,4000.0
20,31351,4000.0
21,31351,4000.0
22,31351,4000.0
23,31351,4000.0
24,31351,4000.0
25,31351,4000.0
26,31351,4000.0
27,31351,4000.0
28,31351,4000.0
29,31351,4000.0
30,31351,4000.0
31,31351,4000.0
32,31351,4000.0
33,31351,4000.0
34,31351,4000.0
35,31351,4000.0
36,31351,4000.0
37,31351,4000.0
38,31351,4000.0
39,31351,4000.0
40,31351,4000.0
41,31351,4000.0
42,31351,4000.0
43,31351,4000.0
44,31351,4000.0
45,31351,4000.0
46,31351,4000.0
47,31351,4000.0
48,31351,4000.0
49,31351,4000.0
50,31351,4000.0
51,31351,4000.0
52,31351,4000.0
53,31351,4000.0
54,31351,4000.0
55,31351,4000.0
56,31351,4000.0
57,31351,4000.0
58,31351,4000.0
59,31351,4000.0
60,31351,4000.0
61,31351,4000.0
62,31351,4000.0
63,31351,4000.0
64,31351,4000.0
65,31351,4000.0
66,31351,4000.0
67,31351,4000.0
68,31351,4000.0
69,31351,4000.0
70,31351,4000.0
71,31351,4000.0
72,31351,4000.0
73,31351,4000.0
74,31351,4000.0
75,31351,4000.0
76,31351,4000.0
77,31351,4000.0
78,31351,4000.0
79,31351,4000.0
80,31351,4000.0
81,31351,4000.0
82,31351,4000.0
83,31351,4000.0
84,31351,4000.0
85,31351,4000.0
86,31351,4000.0
87,31351,4000.0
88,31351,4000.0
89,31351,4000.0
90,31351,4000.0
91,31351,4000.0
92,31351,4000.0
93,31351,4000.0
94,31351,4000.0
95,31351,4000.0
96,31351,4000.0
1,31352,4000.0
2,31352,4000.0
3,31352,4000.0
4,31352,4000.0
5,31352,4000.0
6,31352,4000.0
7,31352,4000.0
8,31352,4000.0
9,31352,4000.0
10,31352,4000.0
11,31352,4000.0
12,31352,4000.0
13,31352,4000.0
14,31352,4000.0
15,31352,4000.0
16,31352,4000.0
17,31352,4000.0
18,31352,4000.0
19,31352,4000.0
20,31352,4000.0
21,31352,4000.0
22,31352,4000.0
23,31352,4000.0
24,31352,4000.0
25,31352,4000.0
26,31352,4000.0
27,31352,4000.0
28,31352,4000.0
29,31352,4000.0
30,31352,4000.0
31,31352,4000.0
32,31352,4000.0
33,31352,4000.0
34,31352,4000.0
35,31352,4000.0
36,31352,4000.0
37,31352,4000.0
38,31352,4000.0
39,31352,4000.0
40,31352,4000.0
41,31352,4000.0
42,31352,4000.0
43,31352,4000.0
44,31352,4000.0
45,31352,4000.0
46,31352,4000.0
47,31352,4000.0
48,31352,4000.0
49,31352,4000.0
50,31352,4000.0
51,31352,4000.0
52,31352,4000.0
53,31352,4000.0
54,31352,4000.0
55,31352,4000.0
56,31352,4000.0
57,31352,4000.0
58,31352,4000.0
59,31352,4000.0
60,31352,4000.0
61,31352,4000.0
62,31352,4000.0
63,31352,4000.0
64,31352,4000.0
65,31352,4000.0
66,31352,4000.0
67,31352,4000.0
68,31352,4000.0
69,31352,4000.0
70,31352,4000.0
71,31352,4000.0
72,31352,4000.0
73,31352,4000.0
74,31352,4000.0
75,31352,4000.0
76,31352,4000.0
77,31352,4000.0
78,31352,4000.0
79,31352,4000.0
80,31352,4000.0
81,31352,4000.0
82,31352,4000.0
83,31352,4000.0
84,31352,4000.0
85,31352,4000.0
86,31352,4000.0
87,31352,4000.0
88,31352,4000.0
89,31352,4000.0
90,31352,4000.0
91,31352,4000.0
92,31352,4000.0
93,31352,4000.0
94,31352,4000.0
95,31352,4000.0
96,31352,4000.0
1,31353,4000.0
2,31353,4000.0
3,31353,4000.0
4,31353,4000.0
5,31353,4000.0
6,31353,4000.0
7,31353,4000.0
8,31353,4000.0
9,31353,4000.0
10,31353,4000.0
11,31353,4000.0
12,31353,4000.0
13,31353,4000.0
14,31353,4000.0
15,31353,4000.0
16,31353,4000.0
17,31353,4000.0
18,31353,4000.0
19,31353,4000.0
20,31353,4000.0
21,31353,4000.0
22,31353,4000.0
23,31353,4000.0
24,31353,4000.0
25,31353,4000.0
26,31353,4000.0
27,31353,4000.0
28,31353,4000.0
29,31353,4000.0
30,31353,4000.0
31,31353,4000.0
32,31353,4000.0
33,31353,4000.0
34,31353,4000.0
35,31353,4000.0
36,31353,4000.0
37,31353,4000.0
38,31353,4000.0
39,31353,4000.0
40,31353,4000.0
41,31353,4000.0
42,31353,4000.0
43,31353,4000.0
44,31353,4000.0
45,31353,4000.0
46,31353,4000.0
47,31353,4000.0
48,31353,4000.0
49,31353,4000.0
50,31353,4000.0
51,31353,4000.0
52,31353,4000.0
53,31353,4000.0
54,31353,4000.0
55,31353,4000.0
56,31353,4000.0
57,31353,4000.0
58,31353,4000.0
59,31353,4000.0
60,31353,4000.0
61,31353,4000.0
62,31353,4000.0
63,31353,4000.0
64,31353,4000.0
65,31353,4000.0
66,31353,4000.0
67,31353,4000.0
68,31353,4000.0
69,31353,4000.0
70,31353,4000.0
71,31353,4000.0
72,31353,4000.0
73,31353,4000.0
74,31353,4000.0
75,31353,4000.0
76,31353,4000.0
77,31353,4000.0
78,31353,4000.0
79,31353,4000.0
80,31353,4000.0
81,31353,4000.0
82,31353,4000.0
83,31353,4000.0
84,31353,4000.0
85,31353,4000.0
86,31353,4000.0
87,31353,4000.0
88,31353,4000.0
89,31353,4000.0
90,31353,4000.0
91,31353,4000.0
92,31353,4000.0
93,31353,4000.0
94,31353,4000.0
95,31353,4000.0
96,31353,4000.0
1,31354,7600.0
2,31354,7600.0
3,31354,7600.0
4,31354,7600.0
5,31354,7600.0
6,31354,7600.0
7,31354,7600.0
8,31354,7600.0
9,31354,7600.0
10,31354,7600.0
11,31354,7600.0
12,31354,7600.0
13,31354,7600.0
14,31354,7600.0
15,31354,7600.0
16,31354,7600.0
17,31354,7600.0
18,31354,7600.0
19,31354,7600.0
20,31354,7600.0
21,31354,7600.0
22,31354,7600.0
23,31354,7600.0
24,31354,7600.0
25,31354,7600.0
26,31354,7600.0
27,31354,7600.0
28,31354,7600.0
29,31354,7600.0
30,31354,7600.0
31,31354,7600.0
32,31354,7600.0
33,31354,7600.0
34,31354,7600.0
35,31354,7600.0
36,31354,7600.0
37,31354,7600.0
38,31354,7600.0
39,31354,7600.0
40,31354,7600.0
41,31354,7600.0
42,31354,7600.0
43,31354,7600.0
44,31354,7600.0
45,31354,7600.0
46,31354,7600.0
47,31354,7600.0
48,31354,7600.0
49,31354,7600.0
50,31354,7600.0
51,31354,7600.0
52,31354,7600.0
53,31354,7600.0
54,31354,7600.0
55,31354,6771.34
56,31354,6771.34
57,31354,6771.34
58,31354,6771.34
59,31354,6771.34
60,31354,6771.34
61,31354,6771.34
62,31354,6771.34
63,31354,6771.34
64,31354,6771.34
65,31354,6771.34
66,31354,6771.34
67,31354,6771.34
68,31354,6771.34
69,31354,6771.34
70,31354,6771.34
71,31354,6771.34
72,31354,6771.34
73,31354,6771.34
74,31354,6771.34
75,31354,6771.34
76,31354,6771.34
77,31354,6771.34
78,31354,6771.34
79,31354,6771.34
80,31354,7600.0
81,31354,7600.0
82,31354,7600.0
83,31354,7600.0
84,31354,7600.0
85,31354,7600.0
86,31354,7600.0
87,31354,7600.0
88,31354,7600.0
89,31354,7600.0
90,31354,7600.0
91,31354,7600.0
92,31354,7600.0
93,31354,7600.0
94,31354,7600.0
95,31354,7600.0
96,31354,7600.0
1,31355,4000.0
2,31355,4000.0
3,31355,4000.0
4,31355,4000.0
5,31355,4000.0
6,31355,4000.0
7,31355,4000.0
8,31355,4000.0
9,31355,4000.0
10,31355,4000.0
11,31355,4000.0
12,31355,4000.0
13,31355,4000.0
14,31355,4000.0
15,31355,4000.0
16,31355,4000.0
17,31355,4000.0
18,31355,4000.0
19,31355,4000.0
20,31355,4000.0
21,31355,4000.0
22,31355,4000.0
23,31355,4000.0
24,31355,4000.0
25,31355,4000.0
26,31355,4000.0
27,31355,4000.0
28,31355,4000.0
29,31355,4000.0
30,31355,4000.0
31,31355,4000.0
32,31355,4000.0
33,31355,4000.0
34,31355,4000.0
35,31355,4000.0
36,31355,4000.0
37,31355,4000.0
38,31355,4000.0
39,31355,4000.0
40,31355,4000.0
41,31355,4000.0
42,31355,4000.0
43,31355,4000.0
44,31355,4000.0
45,31355,4000.0
46,31355,4000.0
47,31355,4000.0
48,31355,4000.0
49,31355,4000.0
50,31355,4000.0
51,31355,4000.0
52,31355,4000.0
53,31355,4000.0
54,31355,4000.0
55,31355,4000.0
56,31355,4000.0
57,31355,4000.0
58,31355,4000.0
59,31355,4000.0
60,31355,4000.0
61,31355,4000.0
62,31355,4000.0
63,31355,4000.0
64,31355,4000.0
65,31355,4000.0
66,31355,4000.0
67,31355,4000.0
68,31355,4000.0
69,31355,4000.0
70,31355,4000.0
71,31355,4000.0
72,31355,4000.0
73,31355,4000.0
74,31355,4000.0
75,31355,4000.0
76,31355,4000.0
77,31355,4000.0
78,31355,4000.0
79,31355,4000.0
80,31355,4000.0
81,31355,4000.0
82,31355,4000.0
83,31355,4000.0
84,31355,4000.0
85,31355,4000.0
86,31355,4000.0
87,31355,4000.0
88,31355,4000.0
89,31355,4000.0
90,31355,4000.0
91,31355,4000.0
92,31355,4000.0
93,31355,4000.0
94,31355,4000.0
95,31355,4000.0
96,31355,4000.0
1,31357,7600.0
2,31357,7600.0
3,31357,7600.0
4,31357,7600.0
5,31357,7600.0
6,31357,7600.0
7,31357,7600.0
8,31357,7600.0
9,31357,7600.0
10,31357,7600.0
11,31357,7600.0
12,31357,7600.0
13,31357,7600.0
14,31357,7600.0
15,31357,7600.0
16,31357,7600.0
17,31357,7600.0
18,31357,7600.0
19,31357,7600.0
20,31357,7600.0
21,31357,7600.0
22,31357,7600.0
23,31357,7600.0
24,31357,7600.0
25,31357,7600.0
26,31357,7600.0
27,31357,7600.0
28,31357,7600.0
29,31357,7600.0
30,31357,7600.0
31,31357,7600.0
32,31357,7600.0
33,31357,7600.0
34,31357,7600.0
35,31357,7600.0
36,31357,7600.0
37,31357,7600.0
38,31357,7600.0
39,31357,7600.0
40,31357,7600.0
41,31357,7600.0
42,31357,7600.0
43,31357,7600.0
44,31357,7600.0
45,31357,7600.0
46,31357,7600.0
47,31357,7600.0
48,31357,7600.0
49,31357,7600.0
50,31357,7600.0
51,31357,7600.0
52,31357,7600.0
53,31357,7600.0
54,31357,7600.0
55,31357,7600.0
56,31357,7600.0
57,31357,7600.0
58,31357,7600.0
59,31357,7600.0
60,31357,7600.0
61,31357,7600.0
62,31357,7600.0
63,31357,7600.0
64,31357,7600.0
65,31357,7600.0
66,31357,7600.0
67,31357,7600.0
68,31357,7600.0
69,31357,7600.0
70,31357,7600.0
71,31357,7600.0
72,31357,7600.0
73,31357,7600.0
74,31357,7600.0
75,31357,7600.0
76,31357,7600.0
77,31357,7600.0
78,31357,7600.0
79,31357,7600.0
80,31357,7600.0
81,31357,7600.0
82,31357,7600.0
83,31357,7600.0
84,31357,7600.0
85,31357,7600.0
86,31357,7600.0
87,31357,7600.0
88,31357,7600.0
89,31357,7600.0
90,31357,7600.0
91,31357,7600.0
92,31357,7600.0
93,31357,7600.0
94,31357,7600.0
95,31357,7600.0
96,31357,7600.0
1,31358,7600.0
2,31358,7600.0
3,31358,7600.0
4,31358,7600.0
5,31358,7600.0
6,31358,7600.0
7,31358,7600.0
8,31358,7600.0
9,31358,7600.0
10,31358,7600.0
11,31358,7600.0
12,31358,7600.0
13,31358,7600.0
14,31358,7600.0
15,31358,7600.0
16,31358,7600.0
17,31358,7600.0
18,31358,7600.0
19,31358,7600.0
20,31358,7600.0
21,31358,7600.0
22,31358,7600.0
23,31358,7600.0
24,31358,7600.0
25,31358,7600.0
26,31358,7600.0
27,31358,7600.0
28,31358,7600.0
29,31358,7600.0
30,31358,7600.0
31,31358,7600.0
32,31358,7600.0
33,31358,7600.0
34,31358,7600.0
35,31358,7600.0
36,31358,7600.0
37,31358,7600.0
38,31358,7600.0
39,31358,7600.0
40,31358,7600.0
41,31358,7600.0
42,31358,7600.0
43,31358,7600.0
44,31358,7600.0
45,31358,7600.0
46,31358,7600.0
47,31358,7600.0
48,31358,7600.0
49,31358,7600.0
50,31358,7600.0
51,31358,7600.0
52,31358,7600.0
53,31358,7600.0
54,31358,7600.0
55,31358,6771.34
56,31358,6771.34
57,31358,6771.34
58,31358,6771.34
59,31358,6771.34
60,31358,6771.34
61,31358,6771.34
62,31358,6771.34
63,31358,6771.34
64,31358,6771.34
65,31358,6771.34
66,31358,6771.34
67,31358,6771.34
68,31358,6771.34
69,31358,6771.34
70,31358,6771.34
71,31358,6771.34
72,31358,6771.34
73,31358,6771.34
74,31358,6771.34
75,31358,6771.34
76,31358,6771.34
77,31358,6771.34
78,31358,6771.34
79,31358,6771.34
80,31358,7600.0
81,31358,7600.0
82,31358,7600.0
83,31358,7600.0
84,31358,7600.0
85,31358,7600.0
86,31358,7600.0
87,31358,7600.0
88,31358,7600.0
89,31358,7600.0
90,31358,7600.0
91,31358,7600.0
92,31358,7600.0
93,31358,7600.0
94,31358,7600.0
95,31358,7600.0
96,31358,7600.0
1,31359,4000.0
2,31359,4000.0
3,31359,4000.0
4,31359,4000.0
5,31359,4000.0
6,31359,4000.0
7,31359,4000.0
8,31359,4000.0
9,31359,4000.0
10,31359,4000.0
11,31359,4000.0
12,31359,4000.0
13,31359,4000.0
14,31359,4000.0
15,31359,4000.0
16,31359,4000.0
17,31359,4000.0
18,31359,4000.0
19,31359,4000.0
20,31359,4000.0
21,31359,4000.0
22,31359,4000.0
23,31359,4000.0
24,31359,4000.0
25,31359,4000.0
26,31359,4000.0
27,31359,4000.0
28,31359,4000.0
29,31359,4000.0
30,31359,4000.0
31,31359,4000.0
32,31359,4000.0
33,31359,4000.0
34,31359,4000.0
35,31359,4000.0
36,31359,4000.0
37,31359,4000.0
38,31359,4000.0
39,31359,4000.0
40,31359,4000.0
41,31359,4000.0
42,31359,4000.0
43,31359,4000.0
44,31359,4000.0
45,31359,4000.0
46,31359,4000.0
47,31359,4000.0
48,31359,4000.0
49,31359,4000.0
50,31359,4000.0
51,31359,4000.0
52,31359,4000.0
53,31359,4000.0
54,31359,4000.0
55,31359,4000.0
56,31359,4000.0
57,31359,4000.0
58,31359,4000.0
59,31359,4000.0
60,31359,4000.0
61,31359,4000.0
62,31359,4000.0
63,31359,4000.0
64,31359,4000.0
65,31359,4000.0
66,31359,4000.0
67,31359,4000.0
68,31359,4000.0
69,31359,4000.0
70,31359,4000.0
71,31359,4000.0
72,31359,4000.0
73,31359,4000.0
74,31359,4000.0
75,31359,4000.0
76,31359,4000.0
77,31359,4000.0
78,31359,4000.0
79,31359,4000.0
80,31359,4000.0
81,31359,4000.0
82,31359,4000.0
83,31359,4000.0
84,31359,4000.0
85,31359,4000.0
86,31359,4000.0
87,31359,4000.0
88,31359,4000.0
89,31359,4000.0
90,31359,4000.0
91,31359,4000.0
92,31359,4000.0
93,31359,4000.0
94,31359,4000.0
95,31359,4000.0
96,31359,4000.0
1,31361,7600.0
2,31361,7600.0
3,31361,7600.0
4,31361,7600.0
5,31361,7600.0
6,31361,7600.0
7,31361,7600.0
8,31361,7600.0
9,31361,7600.0
10,31361,7600.0
11,31361,7600.0
12,31361,7600.0
13,31361,7600.0
14,31361,7600.0
15,31361,7600.0
16,31361,7600.0
17,31361,7600.0
18,31361,7600.0
19,31361,7600.0
20,31361,7600.0
21,31361,7600.0
22,31361,7600.0
23,31361,7600.0
24,31361,7600.0
25,31361,7600.0
26,31361,7600.0
27,31361,7600.0
28,31361,7600.0
29,31361,7600.0
30,31361,7600.0
31,31361,7600.0
32,31361,7600.0
33,31361,7600.0
34,31361,7600.0
35,31361,7600.0
36,31361,7600.0
37,31361,7600.0
38,31361,7600.0
39,31361,7600.0
40,31361,7600.0
41,31361,7600.0
42,31361,7600.0
43,31361,7600.0
44,31361,7600.0
45,31361,7600.0
46,31361,7600.0
47,31361,7600.0
48,31361,7600.0
49,31361,7600.0
50,31361,7600.0
51,31361,7600.0
52,31361,7600.0
53,31361,7600.0
54,31361,7600.0
55,31361,7600.0
56,31361,7600.0
57,31361,7600.0
58,31361,7600.0
59,31361,7600.0
60,31361,7600.0
61,31361,7600.0
62,31361,7600.0
63,31361,7600.0
64,31361,7600.0
65,31361,7600.0
66,31361,7600.0
67,31361,7600.0
68,31361,7600.0
69,31361,7600.0
70,31361,7600.0
71,31361,7600.0
72,31361,7600.0
73,31361,7600.0
74,31361,7600.0
75,31361,7600.0
76,31361,7600.0
77,31361,7600.0
78,31361,7600.0
79,31361,7600.0
80,31361,7600.0
81,31361,7600.0
82,31361,7600.0
83,31361,7600.0
84,31361,7600.0
85,31361,7600.0
86,31361,7600.0
87,31361,7600.0
88,31361,7600.0
89,31361,7600.0
90,31361,7600.0
91,31361,7600.0
92,31361,7600.0
93,31361,7600.0
94,31361,7600.0
95,31361,7600.0
96,31361,7600.0
1,31362,4000.0
2,31362,4000.0
3,31362,4000.0
4,31362,4000.0
5,31362,4000.0
6,31362,4000.0
7,31362,4000.0
8,31362,4000.0
9,31362,4000.0
10,31362,4000.0
11,31362,4000.0
12,31362,4000.0
13,31362,4000.0
14,31362,4000.0
15,31362,4000.0
16,31362,4000.0
17,31362,4000.0
18,31362,4000.0
19,31362,4000.0
20,31362,4000.0
21,31362,4000.0
22,31362,4000.0
23,31362,4000.0
24,31362,4000.0
25,31362,4000.0
26,31362,4000.0
27,31362,4000.0
28,31362,4000.0
29,31362,4000.0
30,31362,4000.0
31,31362,4000.0
32,31362,4000.0
33,31362,4000.0
34,31362,4000.0
35,31362,4000.0
36,31362,4000.0
37,31362,4000.0
38,31362,4000.0
39,31362,4000.0
40,31362,4000.0
41,31362,4000.0
42,31362,4000.0
43,31362,4000.0
44,31362,4000.0
45,31362,4000.0
46,31362,4000.0
47,31362,4000.0
48,31362,4000.0
49,31362,4000.0
50,31362,4000.0
51,31362,4000.0
52,31362,4000.0
53,31362,4000.0
54,31362,4000.0
55,31362,4000.0
56,31362,4000.0
57,31362,4000.0
58,31362,4000.0
59,31362,4000.0
60,31362,4000.0
61,31362,4000.0
62,31362,4000.0
63,31362,4000.0
64,31362,4000.0
65,31362,4000.0
66,31362,4000.0
67,31362,4000.0
68,31362,4000.0
69,31362,4000.0
70,31362,4000.0
71,31362,4000.0
72,31362,4000.0
73,31362,4000.0
74,31362,4000.0
75,31362,4000.0
76,31362,4000.0
77,31362,4000.0
78,31362,4000.0
79,31362,4000.0
80,31362,4000.0
81,31362,4000.0
82,31362,4000.0
83,31362,4000.0
84,31362,4000.0
85,31362,4000.0
86,31362,4000.0
87,31362,4000.0
88,31362,4000.0
89,31362,4000.0
90,31362,4000.0
91,31362,4000.0
92,31362,4000.0
93,31362,4000.0
94,31362,4000.0
95,31362,4000.0
96,31362,4000.0
1,31365,4000.0
2,31365,4000.0
3,31365,4000.0
4,31365,4000.0
5,31365,4000.0
6,31365,4000.0
7,31365,4000.0
8,31365,4000.0
9,31365,4000.0
10,31365,4000.0
11,31365,4000.0
12,31365,4000.0
13,31365,4000.0
14,31365,4000.0
15,31365,4000.0
16,31365,4000.0
17,31365,4000.0
18,31365,4000.0
19,31365,4000.0
20,31365,4000.0
21,31365,4000.0
22,31365,4000.0
23,31365,4000.0
24,31365,4000.0
25,31365,4000.0
26,31365,4000.0
27,31365,4000.0
28,31365,4000.0
29,31365,4000.0
30,31365,4000.0
31,31365,4000.0
32,31365,4000.0
33,31365,4000.0
34,31365,4000.0
35,31365,4000.0
36,31365,4000.0
37,31365,4000.0
38,31365,4000.0
39,31365,4000.0
40,31365,4000.0
41,31365,4000.0
42,31365,4000.0
43,31365,4000.0
44,31365,4000.0
45,31365,4000.0
46,31365,4000.0
47,31365,4000.0
48,31365,4000.0
49,31365,4000.0
50,31365,4000.0
51,31365,4000.0
52,31365,4000.0
53,31365,4000.0
54,31365,4000.0
55,31365,4000.0
56,31365,4000.0
57,31365,4000.0
58,31365,4000.0
59,31365,4000.0
60,31365,4000.0
61,31365,4000.0
62,31365,4000.0
63,31365,4000.0
64,31365,4000.0
65,31365,4000.0
66,31365,4000.0
67,31365,4000.0
68,31365,4000.0
69,31365,4000.0
70,31365,4000.0
71,31365,4000.0
72,31365,4000.0
73,31365,4000.0
74,31365,4000.0
75,31365,4000.0
76,31365,4000.0
77,31365,4000.0
78,31365,4000.0
79,31365,4000.0
80,31365,4000.0
81,31365,4000.0
82,31365,4000.0
83,31365,4000.0
84,31365,4000.0
85,31365,4000.0
86,31365,4000.0
87,31365,4000.0
88,31365,4000.0
89,31365,4000.0
90,31365,4000.0
91,31365,4000.0
92,31365,4000.0
93,31365,4000.0
94,31365,4000.0
95,31365,4000.0
96,31365,4000.0
1,31368,8000.0
2,31368,8000.0
3,31368,8000.0
4,31368,8000.0
5,31368,8000.0
6,31368,8000.0
7,31368,8000.0
8,31368,8000.0
9,31368,8000.0
10,31368,8000.0
11,31368,8000.0
12,31368,8000.0
13,31368,8000.0
14,31368,8000.0
15,31368,8000.0
16,31368,8000.0
17,31368,8000.0
18,31368,8000.0
19,31368,8000.0
20,31368,8000.0
21,31368,8000.0
22,31368,8000.0
23,31368,8000.0
24,31368,8000.0
25,31368,8000.0
26,31368,8000.0
27,31368,8000.0
28,31368,8000.0
29,31368,8000.0
30,31368,8000.0
31,31368,8000.0
32,31368,8000.0
33,31368,8000.0
34,31368,8000.0
35,31368,8000.0
36,31368,8000.0
37,31368,8000.0
38,31368,8000.0
39,31368,8000.0
40,31368,8000.0
41,31368,8000.0
42,31368,8000.0
43,31368,8000.0
44,31368,8000.0
45,31368,8000.0
46,31368,8000.0
47,31368,8000.0
48,31368,8000.0
49,31368,8000.0
50,31368,8000.0
51,31368,8000.0
52,31368,8000.0
53,31368,8000.0
54,31368,8000.0
55,31368,8000.0
56,31368,8000.0
57,31368,8000.0
58,31368,8000.0
59,31368,8000.0
60,31368,8000.0
61,31368,8000.0
62,31368,8000.0
63,31368,8000.0
64,31368,8000.0
65,31368,8000.0
66,31368,8000.0
67,31368,8000.0
68,31368,8000.0
69,31368,8000.0
70,31368,8000.0
71,31368,8000.0
72,31368,8000.0
73,31368,8000.0
74,31368,8000.0
75,31368,8000.0
76,31368,8000.0
77,31368,8000.0
78,31368,8000.0
79,31368,8000.0
80,31368,8000.0
81,31368,8000.0
82,31368,8000.0
83,31368,8000.0
84,31368,8000.0
85,31368,8000.0
86,31368,8000.0
87,31368,8000.0
88,31368,8000.0
89,31368,8000.0
90,31368,8000.0
91,31368,8000.0
92,31368,8000.0
93,31368,8000.0
94,31368,8000.0
95,31368,8000.0
96,31368,8000.0
1,31369,4000.0
2,31369,4000.0
3,31369,4000.0
4,31369,4000.0
5,31369,4000.0
6,31369,4000.0
7,31369,4000.0
8,31369,4000.0
9,31369,4000.0
10,31369,4000.0
11,31369,4000.0
12,31369,4000.0
13,31369,4000.0
14,31369,4000.0
15,31369,4000.0
16,31369,4000.0
17,31369,4000.0
18,31369,4000.0
19,31369,4000.0
20,31369,4000.0
21,31369,4000.0
22,31369,4000.0
23,31369,4000.0
24,31369,4000.0
25,31369,4000.0
26,31369,4000.0
27,31369,4000.0
28,31369,4000.0
29,31369,4000.0
30,31369,4000.0
31,31369,4000.0
32,31369,4000.0
33,31369,4000.0
34,31369,4000.0
35,31369,4000.0
36,31369,4000.0
37,31369,4000.0
38,31369,4000.0
39,31369,4000.0
40,31369,4000.0
41,31369,4000.0
42,31369,4000.0
43,31369,4000.0
44,31369,4000.0
45,31369,4000.0
46,31369,4000.0
47,31369,4000.0
48,31369,4000.0
49,31369,4000.0
50,31369,4000.0
51,31369,4000.0
52,31369,4000.0
53,31369,4000.0
54,31369,4000.0
55,31369,4000.0
56,31369,4000.0
57,31369,4000.0
58,31369,4000.0
59,31369,4000.0
60,31369,4000.0
61,31369,4000.0
62,31369,4000.0
63,31369,4000.0
64,31369,4000.0
65,31369,4000.0
66,31369,4000.0
67,31369,4000.0
68,31369,4000.0
69,31369,4000.0
70,31369,4000.0
71,31369,4000.0
72,31369,4000.0
73,31369,4000.0
74,31369,4000.0
75,31369,4000.0
76,31369,4000.0
77,31369,4000.0
78,31369,4000.0
79,31369,4000.0
80,31369,4000.0
81,31369,4000.0
82,31369,4000.0
83,31369,4000.0
84,31369,4000.0
85,31369,4000.0
86,31369,4000.0
87,31369,4000.0
88,31369,4000.0
89,31369,4000.0
90,31369,4000.0
91,31369,4000.0
92,31369,4000.0
93,31369,4000.0
94,31369,4000.0
95,31369,4000.0
96,31369,4000.0
1,31371,8000.0
2,31371,8000.0
3,31371,8000.0
4,31371,8000.0
5,31371,8000.0
6,31371,8000.0
7,31371,8000.0
8,31371,8000.0
9,31371,8000.0
10,31371,8000.0
11,31371,8000.0
12,31371,8000.0
13,31371,8000.0
14,31371,8000.0
15,31371,8000.0
16,31371,8000.0
17,31371,8000.0
18,31371,8000.0
19,31371,8000.0
20,31371,8000.0
21,31371,8000.0
22,31371,8000.0
23,31371,8000.0
24,31371,8000.0
25,31371,8000.0
26,31371,8000.0
27,31371,7357.64
28,31371,7357.64
29,31371,7357.64
30,31371,7357.64
31,31371,7357.64
32,31371,7357.64
33,31371,7357.64
34,31371,7357.64
35,31371,7357.64
36,31371,7357.64
37,31371,7357.64
38,31371,7357.64
39,31371,7357.64
40,31371,7357.64
41,31371,7357.64
42,31371,7357.64
43,31371,7357.64
44,31371,7357.64
45,31371,7357.64
46,31371,7357.64
47,31371,8000.0
48,31371,8000.0
49,31371,8000.0
50,31371,8000.0
51,31371,8000.0
52,31371,8000.0
53,31371,8000.0
54,31371,7549.38
55,31371,7549.38
56,31371,7549.38
57,31371,7549.38
58,31371,7549.38
59,31371,7549.38
60,31371,7549.38
61,31371,7549.38
62,31371,7549.38
63,31371,7549.38
64,31371,7549.38
65,31371,7549.38
66,31371,7549.38
67,31371,7549.38
68,31371,7549.38
69,31371,7549.38
70,31371,7549.38
71,31371,7549.38
72,31371,7549.38
73,31371,7549.38
74,31371,7549.38
75,31371,7549.38
76,31371,7549.38
77,31371,8000.0
78,31371,8000.0
79,31371,8000.0
80,31371,8000.0
81,31371,8000.0
82,31371,8000.0
83,31371,8000.0
84,31371,8000.0
85,31371,8000.0
86,31371,8000.0
87,31371,8000.0
88,31371,8000.0
89,31371,8000.0
90,31371,8000.0
91,31371,8000.0
92,31371,8000.0
93,31371,8000.0
94,31371,8000.0
95,31371,8000.0
96,31371,8000.0
1,31372,7600.0
2,31372,7600.0
3,31372,7600.0
4,31372,7600.0
5,31372,7600.0
6,31372,7600.0
7,31372,7600.0
8,31372,7600.0
9,31372,7600.0
10,31372,7600.0
11,31372,7600.0
12,31372,7600.0
13,31372,7600.0
14,31372,7600.0
15,31372,7600.0
16,31372,7600.0
17,31372,7600.0
18,31372,7600.0
19,31372,7600.0
20,31372,7600.0
21,31372,7600.0
22,31372,7600.0
23,31372,7600.0
24,31372,7600.0
25,31372,7600.0
26,31372,7600.0
27,31372,7600.0
28,31372,7600.0
29,31372,7600.0
30,31372,7600.0
31,31372,7600.0
32,31372,7600.0
33,31372,7600.0
34,31372,7600.0
35,31372,7600.0
36,31372,7600.0
37,31372,7600.0
38,31372,7600.0
39,31372,7600.0
40,31372,7600.0
41,31372,7600.0
42,31372,7600.0
43,31372,7600.0
44,31372,7600.0
45,31372,7600.0
46,31372,7600.0
47,31372,7600.0
48,31372,7600.0
49,31372,7600.0
50,31372,7600.0
51,31372,7600.0
52,31372,7600.0
53,31372,7600.0
54,31372,7600.0
55,31372,7600.0
56,31372,7600.0
57,31372,7600.0
58,31372,7600.0
59,31372,7600.0
60,31372,7600.0
61,31372,7600.0
62,31372,7600.0
63,31372,7600.0
64,31372,7600.0
65,31372,7600.0
66,31372,7600.0
67,31372,7600.0
68,31372,7600.0
69,31372,7600.0
70,31372,7600.0
71,31372,7600.0
72,31372,7600.0
73,31372,7600.0
74,31372,7600.0
75,31372,7600.0
76,31372,7600.0
77,31372,7600.0
78,31372,7600.0
79,31372,7600.0
80,31372,7600.0
81,31372,7600.0
82,31372,7600.0
83,31372,7600.0
84,31372,7600.0
85,31372,7600.0
86,31372,7600.0
87,31372,7600.0
88,31372,7600.0
89,31372,7600.0
90,31372,7600.0
91,31372,7600.0
92,31372,7600.0
93,31372,7600.0
94,31372,7600.0
95,31372,7600.0
96,31372,7600.0
1,31373,4000.0
2,31373,4000.0
3,31373,4000.0
4,31373,4000.0
5,31373,4000.0
6,31373,4000.0
7,31373,4000.0
8,31373,4000.0
9,31373,4000.0
10,31373,4000.0
11,31373,4000.0
12,31373,4000.0
13,31373,4000.0
14,31373,4000.0
15,31373,4000.0
16,31373,4000.0
17,31373,4000.0
18,31373,4000.0
19,31373,4000.0
20,31373,4000.0
21,31373,4000.0
22,31373,4000.0
23,31373,4000.0
24,31373,4000.0
25,31373,4000.0
26,31373,4000.0
27,31373,4000.0
28,31373,4000.0
29,31373,4000.0
30,31373,4000.0
31,31373,4000.0
32,31373,4000.0
33,31373,4000.0
34,31373,4000.0
35,31373,4000.0
36,31373,4000.0
37,31373,4000.0
38,31373,4000.0
39,31373,4000.0
40,31373,4000.0
41,31373,4000.0
42,31373,4000.0
43,31373,4000.0
44,31373,4000.0
45,31373,4000.0
46,31373,4000.0
47,31373,4000.0
48,31373,4000.0
49,31373,4000.0
50,31373,4000.0
51,31373,4000.0
52,31373,4000.0
53,31373,4000.0
54,31373,4000.0
55,31373,4000.0
56,31373,4000.0
57,31373,4000.0
58,31373,4000.0
59,31373,4000.0
60,31373,4000.0
61,31373,4000.0
62,31373,4000.0
63,31373,4000.0
64,31373,4000.0
65,31373,4000.0
66,31373,4000.0
67,31373,4000.0
68,31373,4000.0
69,31373,4000.0
70,31373,4000.0
71,31373,4000.0
72,31373,4000.0
73,31373,4000.0
74,31373,4000.0
75,31373,4000.0
76,31373,4000.0
77,31373,4000.0
78,31373,4000.0
79,31373,4000.0
80,31373,4000.0
81,31373,4000.0
82,31373,4000.0
83,31373,4000.0
84,31373,4000.0
85,31373,4000.0
86,31373,4000.0
87,31373,4000.0
88,31373,4000.0
89,31373,4000.0
90,31373,4000.0
91,31373,4000.0
92,31373,4000.0
93,31373,4000.0
94,31373,4000.0
95,31373,4000.0
96,31373,4000.0
1,31375,8000.0
2,31375,8000.0
3,31375,8000.0
4,31375,8000.0
5,31375,8000.0
6,31375,8000.0
7,31375,8000.0
8,31375,8000.0
9,31375,8000.0
10,31375,8000.0
11,31375,8000.0
12,31375,8000.0
13,31375,8000.0
14,31375,8000.0
15,31375,8000.0
16,31375,8000.0
17,31375,8000.0
18,31375,8000.0
19,31375,8000.0
20,31375,8000.0
21,31375,8000.0
22,31375,8000.0
23,31375,8000.0
24,31375,8000.0
25,31375,8000.0
26,31375,8000.0
27,31375,8000.0
28,31375,8000.0
29,31375,8000.0
30,31375,8000.0
31,31375,8000.0
32,31375,8000.0
33,31375,8000.0
34,31375,8000.0
35,31375,8000.0
36,31375,8000.0
37,31375,8000.0
38,31375,8000.0
39,31375,8000.0
40,31375,8000.0
41,31375,8000.0
42,31375,8000.0
43,31375,8000.0
44,31375,8000.0
45,31375,8000.0
46,31375,8000.0
47,31375,8000.0
48,31375,8000.0
49,31375,8000.0
50,31375,8000.0
51,31375,8000.0
52,31375,8000.0
53,31375,8000.0
54,31375,8000.0
55,31375,8000.0
56,31375,8000.0
57,31375,8000.0
58,31375,8000.0
59,31375,8000.0
60,31375,8000.0
61,31375,8000.0
62,31375,8000.0
63,31375,8000.0
64,31375,8000.0
65,31375,8000.0
66,31375,8000.0
67,31375,8000.0
68,31375,8000.0
69,31375,8000.0
70,31375,8000.0
71,31375,8000.0
72,31375,8000.0
73,31375,8000.0
74,31375,8000.0
75,31375,8000.0
76,31375,8000.0
77,31375,8000.0
78,31375,8000.0
79,31375,8000.0
80,31375,8000.0
81,31375,8000.0
82,31375,8000.0
83,31375,8000.0
84,31375,8000.0
85,31375,8000.0
86,31375,8000.0
87,31375,8000.0
88,31375,8000.0
89,31375,8000.0
90,31375,8000.0
91,31375,8000.0
92,31375,8000.0
93,31375,8000.0
94,31375,8000.0
95,31375,8000.0
96,31375,8000.0
1,31376,4000.0
2,31376,4000.0
3,31376,4000.0
4,31376,4000.0
5,31376,4000.0
6,31376,4000.0
7,31376,4000.0
8,31376,4000.0
9,31376,4000.0
10,31376,4000.0
11,31376,4000.0
12,31376,4000.0
13,31376,4000.0
14,31376,4000.0
15,31376,4000.0
16,31376,4000.0
17,31376,4000.0
18,31376,4000.0
19,31376,4000.0
20,31376,4000.0
21,31376,4000.0
22,31376,4000.0
23,31376,4000.0
24,31376,4000.0
25,31376,4000.0
26,31376,4000.0
27,31376,4000.0
28,31376,4000.0
29,31376,4000.0
30,31376,4000.0
31,31376,4000.0
32,31376,4000.0
33,31376,4000.0
34,31376,4000.0
35,31376,4000.0
36,31376,4000.0
37,31376,4000.0
38,31376,4000.0
39,31376,4000.0
40,31376,4000.0
41,31376,4000.0
42,31376,4000.0
43,31376,4000.0
44,31376,4000.0
45,31376,4000.0
46,31376,4000.0
47,31376,4000.0
48,31376,4000.0
49,31376,4000.0
50,31376,4000.0
51,31376,4000.0
52,31376,4000.0
53,31376,4000.0
54,31376,4000.0
55,31376,4000.0
56,31376,4000.0
57,31376,4000.0
58,31376,4000.0
59,31376,4000.0
60,31376,4000.0
61,31376,4000.0
62,31376,4000.0
63,31376,4000.0
64,31376,4000.0
65,31376,4000.0
66,31376,4000.0
67,31376,4000.0
68,31376,4000.0
69,31376,4000.0
70,31376,4000.0
71,31376,4000.0
72,31376,4000.0
73,31376,4000.0
74,31376,4000.0
75,31376,4000.0
76,31376,4000.0
77,31376,4000.0
78,31376,4000.0
79,31376,4000.0
80,31376,4000.0
81,31376,4000.0
82,31376,4000.0
83,31376,4000.0
84,31376,4000.0
85,31376,4000.0
86,31376,4000.0
87,31376,4000.0
88,31376,4000.0
89,31376,4000.0
90,31376,4000.0
91,31376,4000.0
92,31376,4000.0
93,31376,4000.0
94,31376,4000.0
95,31376,4000.0
96,31376,4000.0
1,31379,4000.0
2,31379,4000.0
3,31379,4000.0
4,31379,4000.0
5,31379,4000.0
6,31379,4000.0
7,31379,4000.0
8,31379,4000.0
9,31379,4000.0
10,31379,4000.0
11,31379,4000.0
12,31379,4000.0
13,31379,4000.0
14,31379,4000.0
15,31379,4000.0
16,31379,4000.0
17,31379,4000.0
18,31379,4000.0
19,31379,4000.0
20,31379,4000.0
21,31379,4000.0
22,31379,4000.0
23,31379,4000.0
24,31379,4000.0
25,31379,4000.0
26,31379,4000.0
27,31379,4000.0
28,31379,4000.0
29,31379,4000.0
30,31379,4000.0
31,31379,4000.0
32,31379,4000.0
33,31379,4000.0
34,31379,4000.0
35,31379,4000.0
36,31379,4000.0
37,31379,4000.0
38,31379,4000.0
39,31379,4000.0
40,31379,4000.0
41,31379,4000.0
42,31379,4000.0
43,31379,4000.0
44,31379,4000.0
45,31379,4000.0
46,31379,4000.0
47,31379,4000.0
48,31379,4000.0
49,31379,4000.0
50,31379,4000.0
51,31379,4000.0
52,31379,4000.0
53,31379,4000.0
54,31379,4000.0
55,31379,4000.0
56,31379,4000.0
57,31379,4000.0
58,31379,4000.0
59,31379,4000.0
60,31379,4000.0
61,31379,4000.0
62,31379,4000.0
63,31379,4000.0
64,31379,4000.0
65,31379,4000.0
66,31379,4000.0
67,31379,4000.0
68,31379,4000.0
69,31379,4000.0
70,31379,4000.0
71,31379,4000.0
72,31379,4000.0
73,31379,4000.0
74,31379,4000.0
75,31379,4000.0
76,31379,4000.0
77,31379,4000.0
78,31379,4000.0
79,31379,4000.0
80,31379,4000.0
81,31379,4000.0
82,31379,4000.0
83,31379,4000.0
84,31379,4000.0
85,31379,4000.0
86,31379,4000.0
87,31379,4000.0
88,31379,4000.0
89,31379,4000.0
90,31379,4000.0
91,31379,4000.0
92,31379,4000.0
93,31379,4000.0
94,31379,4000.0
95,31379,4000.0
96,31379,4000.0
1,31381,7600.0
2,31381,7600.0
3,31381,7600.0
4,31381,7600.0
5,31381,7600.0
6,31381,7600.0
7,31381,7600.0
8,31381,7600.0
9,31381,7600.0
10,31381,7600.0
11,31381,7600.0
12,31381,7600.0
13,31381,7600.0
14,31381,7600.0
15,31381,7600.0
16,31381,7600.0
17,31381,7600.0
18,31381,7600.0
19,31381,7600.0
20,31381,7600.0
21,31381,7600.0
22,31381,7600.0
23,31381,7600.0
24,31381,7600.0
25,31381,7600.0
26,31381,7600.0
27,31381,7600.0
28,31381,7600.0
29,31381,7600.0
30,31381,7600.0
31,31381,7600.0
32,31381,7600.0
33,31381,7600.0
34,31381,7600.0
35,31381,7600.0
36,31381,7600.0
37,31381,7600.0
38,31381,7600.0
39,31381,7600.0
40,31381,7600.0
41,31381,7600.0
42,31381,7600.0
43,31381,7600.0
44,31381,7600.0
45,31381,7600.0
46,31381,7600.0
47,31381,7600.0
48,31381,7600.0
49,31381,7600.0
50,31381,7600.0
51,31381,7600.0
52,31381,7600.0
53,31381,7600.0
54,31381,7600.0
55,31381,7600.0
56,31381,7600.0
57,31381,7600.0
58,31381,7600.0
59,31381,7600.0
60,31381,7600.0
61,31381,7600.0
62,31381,7600.0
63,31381,7600.0
64,31381,7600.0
65,31381,7600.0
66,31381,7600.0
67,31381,7600.0
68,31381,7600.0
69,31381,7600.0
70,31381,7600.0
71,31381,7600.0
72,31381,7600.0
73,31381,7600.0
74,31381,7600.0
75,31381,7600.0
76,31381,7600.0
77,31381,7600.0
78,31381,7600.0
79,31381,7600.0
80,31381,7600.0
81,31381,7600.0
82,31381,7600.0
83,31381,7600.0
84,31381,7600.0
85,31381,7600.0
86,31381,7600.0
87,31381,7600.0
88,31381,7600.0
89,31381,7600.0
90,31381,7600.0
91,31381,7600.0
92,31381,7600.0
93,31381,7600.0
94,31381,7600.0
95,31381,7600.0
96,31381,7600.0
1,31382,7600.0
2,31382,7600.0
3,31382,7600.0
4,31382,7600.0
5,31382,7600.0
6,31382,7600.0
7,31382,7600.0
8,31382,7600.0
9,31382,7600.0
10,31382,7600.0
11,31382,7600.0
12,31382,7600.0
13,31382,7600.0
14,31382,7600.0
15,31382,7600.0
16,31382,7600.0
17,31382,7600.0
18,31382,7600.0
19,31382,7600.0
20,31382,7600.0
21,31382,7600.0
22,31382,7600.0
23,31382,7600.0
24,31382,7600.0
25,31382,7600.0
26,31382,7600.0
27,31382,7600.0
28,31382,7600.0
29,31382,7600.0
30,31382,7600.0
31,31382,7600.0
32,31382,7600.0
33,31382,7600.0
34,31382,7600.0
35,31382,7600.0
36,31382,7600.0
37,31382,7600.0
38,31382,7600.0
39,31382,7600.0
40,31382,7600.0
41,31382,7600.0
42,31382,7600.0
43,31382,7600.0
44,31382,7600.0
45,31382,7600.0
46,31382,7600.0
47,31382,7600.0
48,31382,7600.0
49,31382,7600.0
50,31382,7600.0
51,31382,7600.0
52,31382,7600.0
53,31382,7600.0
54,31382,7600.0
55,31382,7600.0
56,31382,7600.0
57,31382,7600.0
58,31382,7600.0
59,31382,7600.0
60,31382,7600.0
61,31382,7600.0
62,31382,7600.0
63,31382,7600.0
64,31382,7600.0
65,31382,7600.0
66,31382,7600.0
67,31382,7600.0
68,31382,7600.0
69,31382,7600.0
70,31382,7600.0
71,31382,7600.0
72,31382,7600.0
73,31382,7600.0
74,31382,7600.0
75,31382,7600.0
76,31382,7600.0
77,31382,7600.0
78,31382,7600.0
79,31382,7600.0
80,31382,7600.0
81,31382,7600.0
82,31382,7600.0
83,31382,7600.0
84,31382,7600.0
85,31382,7600.0
86,31382,7600.0
87,31382,7600.0
88,31382,7600.0
89,31382,7600.0
90,31382,7600.0
91,31382,7600.0
92,31382,7600.0
93,31382,7600.0
94,31382,7600.0
95,31382,7600.0
96,31382,7600.0
1,31383,4000.0
2,31383,4000.0
3,31383,4000.0
4,31383,4000.0
5,31383,4000.0
6,31383,4000.0
7,31383,4000.0
8,31383,4000.0
9,31383,4000.0
10,31383,4000.0
11,31383,4000.0
12,31383,4000.0
13,31383,4000.0
14,31383,4000.0
15,31383,4000.0
16,31383,4000.0
17,31383,4000.0
18,31383,4000.0
19,31383,4000.0
20,31383,4000.0
21,31383,4000.0
22,31383,4000.0
23,31383,4000.0
24,31383,4000.0
25,31383,4000.0
26,31383,4000.0
27,31383,4000.0
28,31383,4000.0
29,31383,4000.0
30,31383,4000.0
31,31383,4000.0
32,31383,4000.0
33,31383,4000.0
34,31383,4000.0
35,31383,4000.0
36,31383,4000.0
37,31383,4000.0
38,31383,4000.0
39,31383,4000.0
40,31383,4000.0
41,31383,4000.0
42,31383,4000.0
43,31383,4000.0
44,31383,4000.0
45,31383,4000.0
46,31383,4000.0
47,31383,4000.0
48,31383,4000.0
49,31383,4000.0
50,31383,4000.0
51,31383,4000.0
52,31383,4000.0
53,31383,4000.0
54,31383,4000.0
55,31383,4000.0
56,31383,4000.0
57,31383,4000.0
58,31383,4000.0
59,31383,4000.0
60,31383,4000.0
61,31383,4000.0
62,31383,4000.0
63,31383,4000.0
64,31383,4000.0
65,31383,4000.0
66,31383,4000.0
67,31383,4000.0
68,31383,4000.0
69,31383,4000.0
70,31383,4000.0
71,31383,4000.0
72,31383,4000.0
73,31383,4000.0
74,31383,4000.0
75,31383,4000.0
76,31383,4000.0
77,31383,4000.0
78,31383,4000.0
79,31383,4000.0
80,31383,4000.0
81,31383,4000.0
82,31383,4000.0
83,31383,4000.0
84,31383,4000.0
85,31383,4000.0
86,31383,4000.0
87,31383,4000.0
88,31383,4000.0
89,31383,4000.0
90,31383,4000.0
91,31383,4000.0
92,31383,4000.0
93,31383,4000.0
94,31383,4000.0
95,31383,4000.0
96,31383,4000.0
1,31386,4000.0
2,31386,4000.0
3,31386,4000.0
4,31386,4000.0
5,31386,4000.0
6,31386,4000.0
7,31386,4000.0
8,31386,4000.0
9,31386,4000.0
10,31386,4000.0
11,31386,4000.0
12,31386,4000.0
13,31386,4000.0
14,31386,4000.0
15,31386,4000.0
16,31386,4000.0
17,31386,4000.0
18,31386,4000.0
19,31386,4000.0
20,31386,4000.0
21,31386,4000.0
22,31386,4000.0
23,31386,4000.0
24,31386,4000.0
25,31386,4000.0
26,31386,4000.0
27,31386,4000.0
28,31386,4000.0
29,31386,4000.0
30,31386,4000.0
31,31386,4000.0
32,31386,4000.0
33,31386,4000.0
34,31386,4000.0
35,31386,4000.0
36,31386,4000.0
37,31386,4000.0
38,31386,4000.0
39,31386,4000.0
40,31386,4000.0
41,31386,4000.0
42,31386,4000.0
43,31386,4000.0
44,31386,4000.0
45,31386,4000.0
46,31386,4000.0
47,31386,4000.0
48,31386,4000.0
49,31386,4000.0
50,31386,4000.0
51,31386,4000.0
52,31386,4000.0
53,31386,4000.0
54,31386,4000.0
55,31386,4000.0
56,31386,4000.0
57,31386,4000.0
58,31386,4000.0
59,31386,4000.0
60,31386,4000.0
61,31386,4000.0
62,31386,4000.0
63,31386,4000.0
64,31386,4000.0
65,31386,4000.0
66,31386,4000.0
67,31386,4000.0
68,31386,4000.0
69,31386,4000.0
70,31386,4000.0
71,31386,4000.0
72,31386,4000.0
73,31386,4000.0
74,31386,4000.0
75,31386,4000.0
76,31386,4000.0
77,31386,4000.0
78,31386,4000.0
79,31386,4000.0
80,31386,4000.0
81,31386,4000.0
82,31386,4000.0
83,31386,4000.0
84,31386,4000.0
85,31386,4000.0
86,31386,4000.0
87,31386,4000.0
88,31386,4000.0
89,31386,4000.0
90,31386,4000.0
91,31386,4000.0
92,31386,4000.0
93,31386,4000.0
94,31386,4000.0
95,31386,4000.0
96,31386,4000.0
1,31388,9500.0
2,31388,9500.0
3,31388,9500.0
4,31388,9500.0
5,31388,9500.0
6,31388,9500.0
7,31388,9500.0
8,31388,9500.0
9,31388,9500.0
10,31388,9500.0
11,31388,9500.0
12,31388,9500.0
13,31388,9500.0
14,31388,9500.0
15,31388,9500.0
16,31388,9500.0
17,31388,9500.0
18,31388,9500.0
19,31388,9500.0
20,31388,9500.0
21,31388,9500.0
22,31388,9500.0
23,31388,9500.0
24,31388,9500.0
25,31388,9500.0
26,31388,9500.0
27,31388,9500.0
28,31388,9500.0
29,31388,9500.0
30,31388,9500.0
31,31388,9500.0
32,31388,9500.0
33,31388,9500.0
34,31388,9500.0
35,31388,9500.0
36,31388,9500.0
37,31388,9500.0
38,31388,9500.0
39,31388,9500.0
40,31388,9500.0
41,31388,9500.0
42,31388,9500.0
43,31388,9500.0
44,31388,9500.0
45,31388,9500.0
46,31388,9500.0
47,31388,9500.0
48,31388,9500.0
49,31388,9500.0
50,31388,9500.0
51,31388,9500.0
52,31388,9500.0
53,31388,9500.0
54,31388,9500.0
55,31388,9500.0
56,31388,9500.0
57,31388,9500.0
58,31388,9500.0
59,31388,9500.0
60,31388,7904.83
61,31388,7904.83
62,31388,7904.83
63,31388,7904.83
64,31388,7904.83
65,31388,7904.83
66,31388,7904.83
67,31388,7904.83
68,31388,7904.83
69,31388,7904.83
70,31388,7904.83
71,31388,7904.83
72,31388,7904.83
73,31388,7904.83
74,31388,7904.83
75,31388,7904.83
76,31388,7904.83
77,31388,7904.83
78,31388,9500.0
79,31388,9500.0
80,31388,9500.0
81,31388,9500.0
82,31388,9500.0
83,31388,9500.0
84,31388,9500.0
85,31388,9500.0
86,31388,9500.0
87,31388,9500.0
88,31388,9500.0
89,31388,9500.0
90,31388,9500.0
91,31388,9500.0
92,31388,9500.0
93,31388,9500.0
94,31388,9500.0
95,31388,9500.0
96,31388,9500.0
1,31392,10000.0
2,31392,10000.0
3,31392,10000.0
4,31392,10000.0
5,31392,10000.0
6,31392,10000.0
7,31392,10000.0
8,31392,10000.0
9,31392,10000.0
10,31392,10000.0
11,31392,10000.0
12,31392,10000.0
13,31392,10000.0
14,31392,10000.0
15,31392,10000.0
16,31392,10000.0
17,31392,10000.0
18,31392,10000.0
19,31392,10000.0
20,31392,10000.0
21,31392,10000.0
22,31392,10000.0
23,31392,10000.0
24,31392,10000.0
25,31392,10000.0
26,31392,10000.0
27,31392,10000.0
28,31392,10000.0
29,31392,10000.0
30,31392,10000.0
31,31392,10000.0
32,31392,10000.0
33,31392,10000.0
34,31392,10000.0
35,31392,10000.0
36,31392,10000.0
37,31392,10000.0
38,31392,10000.0
39,31392,10000.0
40,31392,10000.0
41,31392,10000.0
42,31392,10000.0
43,31392,10000.0
44,31392,10000.0
45,31392,10000.0
46,31392,10000.0
47,31392,10000.0
48,31392,10000.0
49,31392,10000.0
50,31392,10000.0
51,31392,10000.0
52,31392,10000.0
53,31392,10000.0
54,31392,10000.0
55,31392,10000.0
56,31392,10000.0
57,31392,10000.0
58,31392,10000.0
59,31392,10000.0
60,31392,10000.0
61,31392,10000.0
62,31392,10000.0
63,31392,10000.0
64,31392,10000.0
65,31392,10000.0
66,31392,10000.0
67,31392,10000.0
68,31392,10000.0
69,31392,10000.0
70,31392,10000.0
71,31392,10000.0
72,31392,10000.0
73,31392,10000.0
74,31392,10000.0
75,31392,10000.0
76,31392,10000.0
77,31392,10000.0
78,31392,10000.0
79,31392,10000.0
80,31392,10000.0
81,31392,10000.0
82,31392,10000.0
83,31392,10000.0
84,31392,10000.0
85,31392,10000.0
86,31392,10000.0
87,31392,10000.0
88,31392,10000.0
89,31392,10000.0
90,31392,10000.0
91,31392,10000.0
92,31392,10000.0
93,31392,10000.0
94,31392,10000.0
95,31392,10000.0
96,31392,10000.0
1,31393,7600.0
2,31393,7600.0
3,31393,7600.0
4,31393,7600.0
5,31393,7600.0
6,31393,7600.0
7,31393,7600.0
8,31393,7600.0
9,31393,7600.0
10,31393,7600.0
11,31393,7600.0
12,31393,7600.0
13,31393,7600.0
14,31393,7600.0
15,31393,7600.0
16,31393,7600.0
17,31393,7600.0
18,31393,7600.0
19,31393,7600.0
20,31393,7600.0
21,31393,7600.0
22,31393,7600.0
23,31393,7600.0
24,31393,7600.0
25,31393,7600.0
26,31393,7600.0
27,31393,7600.0
28,31393,7600.0
29,31393,7600.0
30,31393,7600.0
31,31393,7600.0
32,31393,7600.0
33,31393,7600.0
34,31393,7600.0
35,31393,7600.0
36,31393,7600.0
37,31393,7600.0
38,31393,7600.0
39,31393,7600.0
40,31393,7600.0
41,31393,7600.0
42,31393,7600.0
43,31393,7600.0
44,31393,7600.0
45,31393,7600.0
46,31393,7600.0
47,31393,7600.0
48,31393,7600.0
49,31393,7600.0
50,31393,7600.0
51,31393,7600.0
52,31393,7600.0
53,31393,7600.0
54,31393,7600.0
55,31393,7600.0
56,31393,7600.0
57,31393,7600.0
58,31393,7600.0
59,31393,7600.0
60,31393,7600.0
61,31393,7600.0
62,31393,7600.0
63,31393,7600.0
64,31393,7600.0
65,31393,7600.0
66,31393,7600.0
67,31393,7600.0
68,31393,7600.0
69,31393,7600.0
70,31393,7600.0
71,31393,7600.0
72,31393,7600.0
73,31393,7600.0
74,31393,7600.0
75,31393,7600.0
76,31393,7600.0
77,31393,7600.0
78,31393,7600.0
79,31393,7600.0
80,31393,7600.0
81,31393,7600.0
82,31393,7600.0
83,31393,7600.0
84,31393,7600.0
85,31393,7600.0
86,31393,7600.0
87,31393,7600.0
88,31393,7600.0
89,31393,7600.0
90,31393,7600.0
91,31393,7600.0
92,31393,7600.0
93,31393,7600.0
94,31393,7600.0
95,31393,7600.0
96,31393,7600.0
1,31395,7600.0
2,31395,7600.0
3,31395,7600.0
4,31395,7600.0
5,31395,7600.0
6,31395,7600.0
7,31395,7600.0
8,31395,7600.0
9,31395,7600.0
10,31395,7600.0
11,31395,7600.0
12,31395,7600.0
13,31395,7600.0
14,31395,7600.0
15,31395,7600.0
16,31395,7600.0
17,31395,7600.0
18,31395,7600.0
19,31395,7600.0
20,31395,7600.0
21,31395,7600.0
22,31395,7600.0
23,31395,7600.0
24,31395,7600.0
25,31395,7600.0
26,31395,7600.0
27,31395,7600.0
28,31395,7600.0
29,31395,7600.0
30,31395,7600.0
31,31395,7600.0
32,31395,7600.0
33,31395,7600.0
34,31395,7600.0
35,31395,7600.0
36,31395,7600.0
37,31395,7600.0
38,31395,7600.0
39,31395,7600.0
40,31395,7600.0
41,31395,7600.0
42,31395,7600.0
43,31395,7600.0
44,31395,7600.0
45,31395,7600.0
46,31395,7600.0
47,31395,7600.0
48,31395,7600.0
49,31395,7600.0
50,31395,7600.0
51,31395,7600.0
52,31395,7600.0
53,31395,7600.0
54,31395,7600.0
55,31395,7600.0
56,31395,7600.0
57,31395,7600.0
58,31395,7600.0
59,31395,7600.0
60,31395,7600.0
61,31395,7600.0
62,31395,7600.0
63,31395,7600.0
64,31395,7600.0
65,31395,7600.0
66,31395,7600.0
67,31395,7600.0
68,31395,7600.0
69,31395,7600.0
70,31395,7600.0
71,31395,7600.0
72,31395,7600.0
73,31395,7600.0
74,31395,7600.0
75,31395,7600.0
76,31395,7600.0
77,31395,7600.0
78,31395,7600.0
79,31395,7600.0
80,31395,7600.0
81,31395,7600.0
82,31395,7600.0
83,31395,7600.0
84,31395,7600.0
85,31395,7600.0
86,31395,7600.0
87,31395,7600.0
88,31395,7600.0
89,31395,7600.0
90,31395,7600.0
91,31395,7600.0
92,31395,7600.0
93,31395,7600.0
94,31395,7600.0
95,31395,7600.0
96,31395,7600.0
1,31397,4000.0
2,31397,4000.0
3,31397,4000.0
4,31397,4000.0
5,31397,4000.0
6,31397,4000.0
7,31397,4000.0
8,31397,4000.0
9,31397,4000.0
10,31397,4000.0
11,31397,4000.0
12,31397,4000.0
13,31397,4000.0
14,31397,4000.0
15,31397,4000.0
16,31397,4000.0
17,31397,4000.0
18,31397,4000.0
19,31397,4000.0
20,31397,4000.0
21,31397,4000.0
22,31397,4000.0
23,31397,4000.0
24,31397,4000.0
25,31397,4000.0
26,31397,4000.0
27,31397,4000.0
28,31397,4000.0
29,31397,4000.0
30,31397,4000.0
31,31397,4000.0
32,31397,4000.0
33,31397,4000.0
34,31397,4000.0
35,31397,4000.0
36,31397,4000.0
37,31397,4000.0
38,31397,4000.0
39,31397,4000.0
40,31397,4000.0
41,31397,4000.0
42,31397,4000.0
43,31397,4000.0
44,31397,4000.0
45,31397,4000.0
46,31397,4000.0
47,31397,4000.0
48,31397,4000.0
49,31397,4000.0
50,31397,4000.0
51,31397,4000.0
52,31397,4000.0
53,31397,4000.0
54,31397,4000.0
55,31397,4000.0
56,31397,4000.0
57,31397,4000.0
58,31397,4000.0
59,31397,4000.0
60,31397,4000.0
61,31397,4000.0
62,31397,4000.0
63,31397,4000.0
64,31397,4000.0
65,31397,4000.0
66,31397,4000.0
67,31397,4000.0
68,31397,4000.0
69,31397,4000.0
70,31397,4000.0
71,31397,4000.0
72,31397,4000.0
73,31397,4000.0
74,31397,4000.0
75,31397,4000.0
76,31397,4000.0
77,31397,4000.0
78,31397,4000.0
79,31397,4000.0
80,31397,4000.0
81,31397,4000.0
82,31397,4000.0
83,31397,4000.0
84,31397,4000.0
85,31397,4000.0
86,31397,4000.0
87,31397,4000.0
88,31397,4000.0
89,31397,4000.0
90,31397,4000.0
91,31397,4000.0
92,31397,4000.0
93,31397,4000.0
94,31397,4000.0
95,31397,4000.0
96,31397,4000.0
1,31398,7600.0
2,31398,7600.0
3,31398,7600.0
4,31398,7600.0
5,31398,7600.0
6,31398,7600.0
7,31398,7600.0
8,31398,7600.0
9,31398,7600.0
10,31398,7600.0
11,31398,7600.0
12,31398,7600.0
13,31398,7600.0
14,31398,7600.0
15,31398,7600.0
16,31398,7600.0
17,31398,7600.0
18,31398,7600.0
19,31398,7600.0
20,31398,7600.0
21,31398,7600.0
22,31398,7600.0
23,31398,7600.0
24,31398,7600.0
25,31398,7600.0
26,31398,7600.0
27,31398,7600.0
28,31398,7600.0
29,31398,7600.0
30,31398,7600.0
31,31398,7600.0
32,31398,7600.0
33,31398,7600.0
34,31398,7600.0
35,31398,7600.0
36,31398,7600.0
37,31398,7600.0
38,31398,7600.0
39,31398,7600.0
40,31398,7600.0
41,31398,7600.0
42,31398,7600.0
43,31398,7600.0
44,31398,7600.0
45,31398,7600.0
46,31398,7600.0
47,31398,7600.0
48,31398,7600.0
49,31398,7600.0
50,31398,7600.0
51,31398,7600.0
52,31398,7600.0
53,31398,7600.0
54,31398,7600.0
55,31398,7600.0
56,31398,7600.0
57,31398,7600.0
58,31398,7600.0
59,31398,7600.0
60,31398,7600.0
61,31398,7600.0
62,31398,7600.0
63,31398,7600.0
64,31398,7600.0
65,31398,7600.0
66,31398,7600.0
67,31398,7600.0
68,31398,7600.0
69,31398,7600.0
70,31398,7600.0
71,31398,7600.0
72,31398,7600.0
73,31398,7600.0
74,31398,7600.0
75,31398,7600.0
76,31398,7600.0
77,31398,7600.0
78,31398,7600.0
79,31398,7600.0
80,31398,7600.0
81,31398,7600.0
82,31398,7600.0
83,31398,7600.0
84,31398,7600.0
85,31398,7600.0
86,31398,7600.0
87,31398,7600.0
88,31398,7600.0
89,31398,7600.0
90,31398,7600.0
91,31398,7600.0
92,31398,7600.0
93,31398,7600.0
94,31398,7600.0
95,31398,7600.0
96,31398,7600.0
1,31399,4000.0
2,31399,4000.0
3,31399,4000.0
4,31399,4000.0
5,31399,4000.0
6,31399,4000.0
7,31399,4000.0
8,31399,4000.0
9,31399,4000.0
10,31399,4000.0
11,31399,4000.0
12,31399,4000.0
13,31399,4000.0
14,31399,4000.0
15,31399,4000.0
16,31399,4000.0
17,31399,4000.0
18,31399,4000.0
19,31399,4000.0
20,31399,4000.0
21,31399,4000.0
22,31399,4000.0
23,31399,4000.0
24,31399,4000.0
25,31399,4000.0
26,31399,4000.0
27,31399,4000.0
28,31399,4000.0
29,31399,4000.0
30,31399,4000.0
31,31399,4000.0
32,31399,4000.0
33,31399,4000.0
34,31399,4000.0
35,31399,4000.0
36,31399,4000.0
37,31399,4000.0
38,31399,4000.0
39,31399,4000.0
40,31399,4000.0
41,31399,4000.0
42,31399,4000.0
43,31399,4000.0
44,31399,4000.0
45,31399,4000.0
46,31399,4000.0
47,31399,4000.0
48,31399,4000.0
49,31399,4000.0
50,31399,4000.0
51,31399,4000.0
52,31399,4000.0
53,31399,4000.0
54,31399,4000.0
55,31399,4000.0
56,31399,4000.0
57,31399,4000.0
58,31399,4000.0
59,31399,4000.0
60,31399,4000.0
61,31399,4000.0
62,31399,4000.0
63,31399,4000.0
64,31399,4000.0
65,31399,4000.0
66,31399,4000.0
67,31399,4000.0
68,31399,4000.0
69,31399,4000.0
70,31399,4000.0
71,31399,4000.0
72,31399,4000.0
73,31399,4000.0
74,31399,4000.0
75,31399,4000.0
76,31399,4000.0
77,31399,4000.0
78,31399,4000.0
79,31399,4000.0
80,31399,4000.0
81,31399,4000.0
82,31399,4000.0
83,31399,4000.0
84,31399,4000.0
85,31399,4000.0
86,31399,4000.0
87,31399,4000.0
88,31399,4000.0
89,31399,4000.0
90,31399,4000.0
91,31399,4000.0
92,31399,4000.0
93,31399,4000.0
94,31399,4000.0
95,31399,4000.0
96,31399,4000.0
1,31403,4000.0
2,31403,4000.0
3,31403,4000.0
4,31403,4000.0
5,31403,4000.0
6,31403,4000.0
7,31403,4000.0
8,31403,4000.0
9,31403,4000.0
10,31403,4000.0
11,31403,4000.0
12,31403,4000.0
13,31403,4000.0
14,31403,4000.0
15,31403,4000.0
16,31403,4000.0
17,31403,4000.0
18,31403,4000.0
19,31403,4000.0
20,31403,4000.0
21,31403,4000.0
22,31403,4000.0
23,31403,4000.0
24,31403,4000.0
25,31403,4000.0
26,31403,4000.0
27,31403,4000.0
28,31403,4000.0
29,31403,4000.0
30,31403,4000.0
31,31403,4000.0
32,31403,4000.0
33,31403,4000.0
34,31403,4000.0
35,31403,4000.0
36,31403,4000.0
37,31403,4000.0
38,31403,4000.0
39,31403,4000.0
40,31403,4000.0
41,31403,4000.0
42,31403,4000.0
43,31403,4000.0
44,31403,4000.0
45,31403,4000.0
46,31403,4000.0
47,31403,4000.0
48,31403,4000.0
49,31403,4000.0
50,31403,4000.0
51,31403,4000.0
52,31403,4000.0
53,31403,4000.0
54,31403,4000.0
55,31403,4000.0
56,31403,4000.0
57,31403,4000.0
58,31403,4000.0
59,31403,4000.0
60,31403,4000.0
61,31403,4000.0
62,31403,4000.0
63,31403,4000.0
64,31403,4000.0
65,31403,4000.0
66,31403,4000.0
67,31403,4000.0
68,31403,4000.0
69,31403,4000.0
70,31403,4000.0
71,31403,4000.0
72,31403,4000.0
73,31403,4000.0
74,31403,4000.0
75,31403,4000.0
76,31403,4000.0
77,31403,4000.0
78,31403,4000.0
79,31403,4000.0
80,31403,4000.0
81,31403,4000.0
82,31403,4000.0
83,31403,4000.0
84,31403,4000.0
85,31403,4000.0
86,31403,4000.0
87,31403,4000.0
88,31403,4000.0
89,31403,4000.0
90,31403,4000.0
91,31403,4000.0
92,31403,4000.0
93,31403,4000.0
94,31403,4000.0
95,31403,4000.0
96,31403,4000.0
1,31404,4000.0
2,31404,4000.0
3,31404,4000.0
4,31404,4000.0
5,31404,4000.0
6,31404,4000.0
7,31404,4000.0
8,31404,4000.0
9,31404,4000.0
10,31404,4000.0
11,31404,4000.0
12,31404,4000.0
13,31404,4000.0
14,31404,4000.0
15,31404,4000.0
16,31404,4000.0
17,31404,4000.0
18,31404,4000.0
19,31404,4000.0
20,31404,4000.0
21,31404,4000.0
22,31404,4000.0
23,31404,4000.0
24,31404,4000.0
25,31404,4000.0
26,31404,4000.0
27,31404,4000.0
28,31404,4000.0
29,31404,4000.0
30,31404,4000.0
31,31404,4000.0
32,31404,4000.0
33,31404,4000.0
34,31404,4000.0
35,31404,4000.0
36,31404,4000.0
37,31404,4000.0
38,31404,4000.0
39,31404,4000.0
40,31404,4000.0
41,31404,4000.0
42,31404,4000.0
43,31404,4000.0
44,31404,4000.0
45,31404,4000.0
46,31404,4000.0
47,31404,4000.0
48,31404,4000.0
49,31404,4000.0
50,31404,4000.0
51,31404,4000.0
52,31404,4000.0
53,31404,4000.0
54,31404,4000.0
55,31404,4000.0
56,31404,4000.0
57,31404,4000.0
58,31404,2884.57
59,31404,2884.57
60,31404,2884.57
61,31404,2884.57
62,31404,2884.57
63,31404,2884.57
64,31404,2884.57
65,31404,2884.57
66,31404,2884.57
67,31404,2884.57
68,31404,2884.57
69,31404,2884.57
70,31404,2884.57
71,31404,2884.57
72,31404,2884.57
73,31404,2884.57
74,31404,2884.57
75,31404,2884.57
76,31404,2884.57
77,31404,2884.57
78,31404,2884.57
79,31404,4000.0
80,31404,4000.0
81,31404,4000.0
82,31404,4000.0
83,31404,4000.0
84,31404,4000.0
85,31404,4000.0
86,31404,4000.0
87,31404,4000.0
88,31404,4000.0
89,31404,4000.0
90,31404,4000.0
91,31404,4000.0
92,31404,4000.0
93,31404,4000.0
94,31404,4000.0
95,31404,4000.0
96,31404,4000.0
1,31405,7600.0
2,31405,7600.0
3,31405,7600.0
4,31405,7600.0
5,31405,7600.0
6,31405,7600.0
7,31405,7600.0
8,31405,7600.0
9,31405,7600.0
10,31405,7600.0
11,31405,7600.0
12,31405,7600.0
13,31405,7600.0
14,31405,7600.0
15,31405,7600.0
16,31405,7600.0
17,31405,7600.0
18,31405,7600.0
19,31405,7600.0
20,31405,7600.0
21,31405,7600.0
22,31405,7600.0
23,31405,7600.0
24,31405,7600.0
25,31405,7600.0
26,31405,7600.0
27,31405,7600.0
28,31405,7600.0
29,31405,7600.0
30,31405,7600.0
31,31405,7600.0
32,31405,7600.0
33,31405,7600.0
34,31405,7600.0
35,31405,7600.0
36,31405,7600.0
37,31405,7600.0
38,31405,7600.0
39,31405,7600.0
40,31405,7600.0
41,31405,7600.0
42,31405,7600.0
43,31405,7600.0
44,31405,7600.0
45,31405,7600.0
46,31405,7600.0
47,31405,7600.0
48,31405,7600.0
49,31405,7600.0
50,31405,7600.0
51,31405,7600.0
52,31405,7600.0
53,31405,7600.0
54,31405,7600.0
55,31405,7600.0
56,31405,7600.0
57,31405,7600.0
58,31405,7600.0
59,31405,7600.0
60,31405,7600.0
61,31405,7600.0
62,31405,7600.0
63,31405,7600.0
64,31405,7600.0
65,31405,7600.0
66,31405,7600.0
67,31405,7600.0
68,31405,7600.0
69,31405,7600.0
70,31405,7600.0
71,31405,7600.0
72,31405,7600.0
73,31405,7600.0
74,31405,7600.0
75,31405,7600.0
76,31405,7600.0
77,31405,7600.0
78,31405,7600.0
79,31405,7600.0
80,31405,7600.0
81,31405,7600.0
82,31405,7600.0
83,31405,7600.0
84,31405,7600.0
85,31405,7600.0
86,31405,7600.0
87,31405,7600.0
88,31405,7600.0
89,31405,7600.0
90,31405,7600.0
91,31405,7600.0
92,31405,7600.0
93,31405,7600.0
94,31405,7600.0
95,31405,7600.0
96,31405,7600.0
1,31406,4000.0
2,31406,4000.0
3,31406,4000.0
4,31406,4000.0
5,31406,4000.0
6,31406,4000.0
7,31406,4000.0
8,31406,4000.0
9,31406,4000.0
10,31406,4000.0
11,31406,4000.0
12,31406,4000.0
13,31406,4000.0
14,31406,4000.0
15,31406,4000.0
16,31406,4000.0
17,31406,4000.0
18,31406,4000.0
19,31406,4000.0
20,31406,4000.0
21,31406,4000.0
22,31406,4000.0
23,31406,4000.0
24,31406,4000.0
25,31406,4000.0
26,31406,4000.0
27,31406,4000.0
28,31406,4000.0
29,31406,4000.0
30,31406,4000.0
31,31406,4000.0
32,31406,4000.0
33,31406,4000.0
34,31406,4000.0
35,31406,4000.0
36,31406,4000.0
37,31406,4000.0
38,31406,4000.0
39,31406,4000.0
40,31406,4000.0
41,31406,4000.0
42,31406,4000.0
43,31406,4000.0
44,31406,4000.0
45,31406,4000.0
46,31406,4000.0
47,31406,4000.0
48,31406,4000.0
49,31406,4000.0
50,31406,4000.0
51,31406,4000.0
52,31406,4000.0
53,31406,4000.0
54,31406,4000.0
55,31406,4000.0
56,31406,4000.0
57,31406,4000.0
58,31406,2884.57
59,31406,2884.57
60,31406,2884.57
61,31406,2884.57
62,31406,2884.57
63,31406,2884.57
64,31406,2884.57
65,31406,2884.57
66,31406,2884.57
67,31406,2884.57
68,31406,2884.57
69,31406,2884.57
70,31406,2884.57
71,31406,2884.57
72,31406,2884.57
73,31406,2884.57
74,31406,2884.57
75,31406,2884.57
76,31406,2884.57
77,31406,2884.57
78,31406,2884.57
79,31406,4000.0
80,31406,4000.0
81,31406,4000.0
82,31406,4000.0
83,31406,4000.0
84,31406,4000.0
85,31406,4000.0
86,31406,4000.0
87,31406,4000.0
88,31406,4000.0
89,31406,4000.0
90,31406,4000.0
91,31406,4000.0
92,31406,4000.0
93,31406,4000.0
94,31406,4000.0
95,31406,4000.0
96,31406,4000.0
1,31407,4000.0
2,31407,4000.0
3,31407,4000.0
4,31407,4000.0
5,31407,4000.0
6,31407,4000.0
7,31407,4000.0
8,31407,4000.0
9,31407,4000.0
10,31407,4000.0
11,31407,4000.0
12,31407,4000.0
13,31407,4000.0
14,31407,4000.0
15,31407,4000.0
16,31407,4000.0
17,31407,4000.0
18,31407,4000.0
19,31407,4000.0
20,31407,4000.0
21,31407,4000.0
22,31407,4000.0
23,31407,4000.0
24,31407,4000.0
25,31407,4000.0
26,31407,4000.0
27,31407,4000.0
28,31407,4000.0
29,31407,4000.0
30,31407,4000.0
31,31407,4000.0
32,31407,4000.0
33,31407,4000.0
34,31407,4000.0
35,31407,4000.0
36,31407,4000.0
37,31407,4000.0
38,31407,4000.0
39,31407,4000.0
40,31407,4000.0
41,31407,4000.0
42,31407,4000.0
43,31407,4000.0
44,31407,4000.0
45,31407,4000.0
46,31407,4000.0
47,31407,4000.0
48,31407,4000.0
49,31407,4000.0
50,31407,4000.0
51,31407,4000.0
52,31407,4000.0
53,31407,4000.0
54,31407,4000.0
55,31407,4000.0
56,31407,4000.0
57,31407,4000.0
58,31407,4000.0
59,31407,4000.0
60,31407,4000.0
61,31407,4000.0
62,31407,4000.0
63,31407,4000.0
64,31407,4000.0
65,31407,4000.0
66,31407,4000.0
67,31407,4000.0
68,31407,4000.0
69,31407,4000.0
70,31407,4000.0
71,31407,4000.0
72,31407,4000.0
73,31407,4000.0
74,31407,4000.0
75,31407,4000.0
76,31407,4000.0
77,31407,4000.0
78,31407,4000.0
79,31407,4000.0
80,31407,4000.0
81,31407,4000.0
82,31407,4000.0
83,31407,4000.0
84,31407,4000.0
85,31407,4000.0
86,31407,4000.0
87,31407,4000.0
88,31407,4000.0
89,31407,4000.0
90,31407,4000.0
91,31407,4000.0
92,31407,4000.0
93,31407,4000.0
94,31407,4000.0
95,31407,4000.0
96,31407,4000.0
1,31408,7600.0
2,31408,7600.0
3,31408,7600.0
4,31408,7600.0
5,31408,7600.0
6,31408,7600.0
7,31408,7600.0
8,31408,7600.0
9,31408,7600.0
10,31408,7600.0
11,31408,7600.0
12,31408,7600.0
13,31408,7600.0
14,31408,7600.0
15,31408,7600.0
16,31408,7600.0
17,31408,7600.0
18,31408,7600.0
19,31408,7600.0
20,31408,7600.0
21,31408,7600.0
22,31408,7600.0
23,31408,7600.0
24,31408,7600.0
25,31408,7600.0
26,31408,7600.0
27,31408,7600.0
28,31408,7600.0
29,31408,7600.0
30,31408,7600.0
31,31408,7600.0
32,31408,7600.0
33,31408,7600.0
34,31408,7600.0
35,31408,7600.0
36,31408,7600.0
37,31408,7600.0
38,31408,7600.0
39,31408,7600.0
40,31408,7600.0
41,31408,7600.0
42,31408,7600.0
43,31408,7600.0
44,31408,7600.0
45,31408,7600.0
46,31408,7600.0
47,31408,7600.0
48,31408,7600.0
49,31408,7600.0
50,31408,7600.0
51,31408,7600.0
52,31408,7600.0
53,31408,7600.0
54,31408,7600.0
55,31408,7600.0
56,31408,7600.0
57,31408,7600.0
58,31408,7600.0
59,31408,7600.0
60,31408,7600.0
61,31408,7600.0
62,31408,7600.0
63,31408,7600.0
64,31408,7600.0
65,31408,7600.0
66,31408,7600.0
67,31408,7600.0
68,31408,7600.0
69,31408,7600.0
70,31408,7600.0
71,31408,7600.0
72,31408,7600.0
73,31408,7600.0
74,31408,7600.0
75,31408,7600.0
76,31408,7600.0
77,31408,7600.0
78,31408,7600.0
79,31408,7600.0
80,31408,7600.0
81,31408,7600.0
82,31408,7600.0
83,31408,7600.0
84,31408,7600.0
85,31408,7600.0
86,31408,7600.0
87,31408,7600.0
88,31408,7600.0
89,31408,7600.0
90,31408,7600.0
91,31408,7600.0
92,31408,7600.0
93,31408,7600.0
94,31408,7600.0
95,31408,7600.0
96,31408,7600.0
1,31409,7600.0
2,31409,7600.0
3,31409,7600.0
4,31409,7600.0
5,31409,7600.0
6,31409,7600.0
7,31409,7600.0
8,31409,7600.0
9,31409,7600.0
10,31409,7600.0
11,31409,7600.0
12,31409,7600.0
13,31409,7600.0
14,31409,7600.0
15,31409,7600.0
16,31409,7600.0
17,31409,7600.0
18,31409,7600.0
19,31409,7600.0
20,31409,7600.0
21,31409,7600.0
22,31409,7600.0
23,31409,7600.0
24,31409,7600.0
25,31409,7600.0
26,31409,7600.0
27,31409,7600.0
28,31409,7600.0
29,31409,7600.0
30,31409,7600.0
31,31409,7600.0
32,31409,7600.0
33,31409,7600.0
34,31409,7600.0
35,31409,7600.0
36,31409,7600.0
37,31409,7600.0
38,31409,7600.0
39,31409,7600.0
40,31409,7600.0
41,31409,7600.0
42,31409,7600.0
43,31409,7600.0
44,31409,7600.0
45,31409,7600.0
46,31409,7600.0
47,31409,7600.0
48,31409,7600.0
49,31409,7600.0
50,31409,7600.0
51,31409,7600.0
52,31409,7600.0
53,31409,7600.0
54,31409,7600.0
55,31409,7600.0
56,31409,7600.0
57,31409,7600.0
58,31409,7600.0
59,31409,7600.0
60,31409,7600.0
61,31409,7600.0
62,31409,7600.0
63,31409,7600.0
64,31409,7600.0
65,31409,7600.0
66,31409,7600.0
67,31409,7600.0
68,31409,7600.0
69,31409,7600.0
70,31409,7600.0
71,31409,7600.0
72,31409,7600.0
73,31409,7600.0
74,31409,7600.0
75,31409,7600.0
76,31409,7600.0
77,31409,7600.0
78,31409,7600.0
79,31409,7600.0
80,31409,7600.0
81,31409,7600.0
82,31409,7600.0
83,31409,7600.0
84,31409,7600.0
85,31409,7600.0
86,31409,7600.0
87,31409,7600.0
88,31409,7600.0
89,31409,7600.0
90,31409,7600.0
91,31409,7600.0
92,31409,7600.0
93,31409,7600.0
94,31409,7600.0
95,31409,7600.0
96,31409,7600.0
1,31410,4000.0
2,31410,4000.0
3,31410,4000.0
4,31410,4000.0
5,31410,4000.0
6,31410,4000.0
7,31410,4000.0
8,31410,4000.0
9,31410,4000.0
10,31410,4000.0
11,31410,4000.0
12,31410,4000.0
13,31410,4000.0
14,31410,4000.0
15,31410,4000.0
16,31410,4000.0
17,31410,4000.0
18,31410,4000.0
19,31410,4000.0
20,31410,4000.0
21,31410,4000.0
22,31410,4000.0
23,31410,4000.0
24,31410,4000.0
25,31410,4000.0
26,31410,4000.0
27,31410,4000.0
28,31410,3965.32
29,31410,3965.32
30,31410,3965.32
31,31410,3965.32
32,31410,3965.32
33,31410,3965.32
34,31410,3965.32
35,31410,3965.32
36,31410,3965.32
37,31410,3965.32
38,31410,3965.32
39,31410,3965.32
40,31410,4000.0
41,31410,4000.0
42,31410,4000.0
43,31410,4000.0
44,31410,4000.0
45,31410,4000.0
46,31410,4000.0
47,31410,4000.0
48,31410,4000.0
49,31410,4000.0
50,31410,4000.0
51,31410,4000.0
52,31410,4000.0
53,31410,4000.0
54,31410,4000.0
55,31410,4000.0
56,31410,4000.0
57,31410,4000.0
58,31410,4000.0
59,31410,4000.0
60,31410,4000.0
61,31410,4000.0
62,31410,4000.0
63,31410,4000.0
64,31410,4000.0
65,31410,4000.0
66,31410,4000.0
67,31410,4000.0
68,31410,4000.0
69,31410,4000.0
70,31410,4000.0
71,31410,4000.0
72,31410,4000.0
73,31410,4000.0
74,31410,4000.0
75,31410,4000.0
76,31410,4000.0
77,31410,4000.0
78,31410,4000.0
79,31410,4000.0
80,31410,4000.0
81,31410,4000.0
82,31410,4000.0
83,31410,4000.0
84,31410,4000.0
85,31410,4000.0
86,31410,4000.0
87,31410,4000.0
88,31410,4000.0
89,31410,4000.0
90,31410,4000.0
91,31410,4000.0
92,31410,4000.0
93,31410,4000.0
94,31410,4000.0
95,31410,4000.0
96,31410,4000.0
1,31411,4000.0
2,31411,4000.0
3,31411,4000.0
4,31411,4000.0
5,31411,4000.0
6,31411,4000.0
7,31411,4000.0
8,31411,4000.0
9,31411,4000.0
10,31411,4000.0
11,31411,4000.0
12,31411,4000.0
13,31411,4000.0
14,31411,4000.0
15,31411,4000.0
16,31411,4000.0
17,31411,4000.0
18,31411,4000.0
19,31411,4000.0
20,31411,4000.0
21,31411,4000.0
22,31411,4000.0
23,31411,4000.0
24,31411,4000.0
25,31411,4000.0
26,31411,4000.0
27,31411,4000.0
28,31411,4000.0
29,31411,4000.0
30,31411,4000.0
31,31411,4000.0
32,31411,4000.0
33,31411,4000.0
34,31411,4000.0
35,31411,4000.0
36,31411,4000.0
37,31411,4000.0
38,31411,4000.0
39,31411,4000.0
40,31411,4000.0
41,31411,4000.0
42,31411,4000.0
43,31411,4000.0
44,31411,4000.0
45,31411,4000.0
46,31411,4000.0
47,31411,4000.0
48,31411,4000.0
49,31411,4000.0
50,31411,4000.0
51,31411,4000.0
52,31411,4000.0
53,31411,4000.0
54,31411,4000.0
55,31411,4000.0
56,31411,4000.0
57,31411,4000.0
58,31411,2884.57
59,31411,2884.57
60,31411,2884.57
61,31411,2884.57
62,31411,2884.57
63,31411,2884.57
64,31411,2884.57
65,31411,2884.57
66,31411,2884.57
67,31411,2884.57
68,31411,2884.57
69,31411,2884.57
70,31411,2884.57
71,31411,2884.57
72,31411,2884.57
73,31411,2884.57
74,31411,2884.57
75,31411,2884.57
76,31411,2884.57
77,31411,2884.57
78,31411,2884.57
79,31411,4000.0
80,31411,4000.0
81,31411,4000.0
82,31411,4000.0
83,31411,4000.0
84,31411,4000.0
85,31411,4000.0
86,31411,4000.0
87,31411,4000.0
88,31411,4000.0
89,31411,4000.0
90,31411,4000.0
91,31411,4000.0
92,31411,4000.0
93,31411,4000.0
94,31411,4000.0
95,31411,4000.0
96,31411,4000.0
1,31412,7600.0
2,31412,7600.0
3,31412,7600.0
4,31412,7600.0
5,31412,7600.0
6,31412,7600.0
7,31412,7600.0
8,31412,7600.0
9,31412,7600.0
10,31412,7600.0
11,31412,7600.0
12,31412,7600.0
13,31412,7600.0
14,31412,7600.0
15,31412,7600.0
16,31412,7600.0
17,31412,7600.0
18,31412,7600.0
19,31412,7600.0
20,31412,7600.0
21,31412,7600.0
22,31412,7600.0
23,31412,7600.0
24,31412,7600.0
25,31412,7600.0
26,31412,7600.0
27,31412,7600.0
28,31412,7600.0
29,31412,7600.0
30,31412,7600.0
31,31412,7600.0
32,31412,7600.0
33,31412,7600.0
34,31412,7600.0
35,31412,7600.0
36,31412,7600.0
37,31412,7600.0
38,31412,7600.0
39,31412,7600.0
40,31412,7600.0
41,31412,7600.0
42,31412,7600.0
43,31412,7600.0
44,31412,7600.0
45,31412,7600.0
46,31412,7600.0
47,31412,7600.0
48,31412,7600.0
49,31412,7600.0
50,31412,7600.0
51,31412,7600.0
52,31412,7600.0
53,31412,7600.0
54,31412,7600.0
55,31412,7600.0
56,31412,7600.0
57,31412,7600.0
58,31412,7600.0
59,31412,7600.0
60,31412,7600.0
61,31412,7600.0
62,31412,7600.0
63,31412,7600.0
64,31412,7600.0
65,31412,7600.0
66,31412,7600.0
67,31412,7600.0
68,31412,7600.0
69,31412,7600.0
70,31412,7600.0
71,31412,7600.0
72,31412,7600.0
73,31412,7600.0
74,31412,7600.0
75,31412,7600.0
76,31412,7600.0
77,31412,7600.0
78,31412,7600.0
79,31412,7600.0
80,31412,7600.0
81,31412,7600.0
82,31412,7600.0
83,31412,7600.0
84,31412,7600.0
85,31412,7600.0
86,31412,7600.0
87,31412,7600.0
88,31412,7600.0
89,31412,7600.0
90,31412,7600.0
91,31412,7600.0
92,31412,7600.0
93,31412,7600.0
94,31412,7600.0
95,31412,7600.0
96,31412,7600.0
1,31413,4000.0
2,31413,4000.0
3,31413,4000.0
4,31413,4000.0
5,31413,4000.0
6,31413,4000.0
7,31413,4000.0
8,31413,4000.0
9,31413,4000.0
10,31413,4000.0
11,31413,4000.0
12,31413,4000.0
13,31413,4000.0
14,31413,4000.0
15,31413,4000.0
16,31413,4000.0
17,31413,4000.0
18,31413,4000.0
19,31413,4000.0
20,31413,4000.0
21,31413,4000.0
22,31413,4000.0
23,31413,4000.0
24,31413,4000.0
25,31413,4000.0
26,31413,4000.0
27,31413,4000.0
28,31413,3965.32
29,31413,3965.32
30,31413,3965.32
31,31413,3965.32
32,31413,3965.32
33,31413,3965.32
34,31413,3965.32
35,31413,3965.32
36,31413,3965.32
37,31413,3965.32
38,31413,3965.32
39,31413,3965.32
40,31413,4000.0
41,31413,4000.0
42,31413,4000.0
43,31413,4000.0
44,31413,4000.0
45,31413,4000.0
46,31413,4000.0
47,31413,4000.0
48,31413,4000.0
49,31413,4000.0
50,31413,4000.0
51,31413,4000.0
52,31413,4000.0
53,31413,4000.0
54,31413,4000.0
55,31413,4000.0
56,31413,4000.0
57,31413,4000.0
58,31413,4000.0
59,31413,4000.0
60,31413,4000.0
61,31413,4000.0
62,31413,4000.0
63,31413,4000.0
64,31413,4000.0
65,31413,4000.0
66,31413,4000.0
67,31413,4000.0
68,31413,4000.0
69,31413,4000.0
70,31413,4000.0
71,31413,4000.0
72,31413,4000.0
73,31413,4000.0
74,31413,4000.0
75,31413,4000.0
76,31413,4000.0
77,31413,4000.0
78,31413,4000.0
79,31413,4000.0
80,31413,4000.0
81,31413,4000.0
82,31413,4000.0
83,31413,4000.0
84,31413,4000.0
85,31413,4000.0
86,31413,4000.0
87,31413,4000.0
88,31413,4000.0
89,31413,4000.0
90,31413,4000.0
91,31413,4000.0
92,31413,4000.0
93,31413,4000.0
94,31413,4000.0
95,31413,4000.0
96,31413,4000.0
1,31414,4000.0
2,31414,4000.0
3,31414,4000.0
4,31414,4000.0
5,31414,4000.0
6,31414,4000.0
7,31414,4000.0
8,31414,4000.0
9,31414,4000.0
10,31414,4000.0
11,31414,4000.0
12,31414,4000.0
13,31414,4000.0
14,31414,4000.0
15,31414,4000.0
16,31414,4000.0
17,31414,4000.0
18,31414,4000.0
19,31414,4000.0
20,31414,4000.0
21,31414,4000.0
22,31414,4000.0
23,31414,4000.0
24,31414,4000.0
25,31414,4000.0
26,31414,4000.0
27,31414,4000.0
28,31414,4000.0
29,31414,4000.0
30,31414,4000.0
31,31414,4000.0
32,31414,4000.0
33,31414,4000.0
34,31414,4000.0
35,31414,4000.0
36,31414,4000.0
37,31414,4000.0
38,31414,4000.0
39,31414,4000.0
40,31414,4000.0
41,31414,4000.0
42,31414,4000.0
43,31414,4000.0
44,31414,4000.0
45,31414,4000.0
46,31414,4000.0
47,31414,4000.0
48,31414,4000.0
49,31414,4000.0
50,31414,4000.0
51,31414,4000.0
52,31414,4000.0
53,31414,4000.0
54,31414,4000.0
55,31414,4000.0
56,31414,4000.0
57,31414,4000.0
58,31414,3139.68
59,31414,3139.68
60,31414,3139.68
61,31414,3139.68
62,31414,3139.68
63,31414,3139.68
64,31414,3139.68
65,31414,3139.68
66,31414,3139.68
67,31414,3139.68
68,31414,3139.68
69,31414,3139.68
70,31414,3139.68
71,31414,3139.68
72,31414,3139.68
73,31414,3139.68
74,31414,3139.68
75,31414,3139.68
76,31414,3139.68
77,31414,3139.68
78,31414,3139.68
79,31414,3139.68
80,31414,4000.0
81,31414,4000.0
82,31414,4000.0
83,31414,4000.0
84,31414,4000.0
85,31414,4000.0
86,31414,4000.0
87,31414,4000.0
88,31414,4000.0
89,31414,4000.0
90,31414,4000.0
91,31414,4000.0
92,31414,4000.0
93,31414,4000.0
94,31414,4000.0
95,31414,4000.0
96,31414,4000.0
1,31415,4000.0
2,31415,4000.0
3,31415,4000.0
4,31415,4000.0
5,31415,4000.0
6,31415,4000.0
7,31415,4000.0
8,31415,4000.0
9,31415,4000.0
10,31415,4000.0
11,31415,4000.0
12,31415,4000.0
13,31415,4000.0
14,31415,4000.0
15,31415,4000.0
16,31415,4000.0
17,31415,4000.0
18,31415,4000.0
19,31415,4000.0
20,31415,4000.0
21,31415,4000.0
22,31415,4000.0
23,31415,4000.0
24,31415,4000.0
25,31415,4000.0
26,31415,4000.0
27,31415,4000.0
28,31415,3931.5
29,31415,3931.5
30,31415,3931.5
31,31415,3931.5
32,31415,3931.5
33,31415,3931.5
34,31415,3931.5
35,31415,3931.5
36,31415,3931.5
37,31415,3931.5
38,31415,3931.5
39,31415,3931.5
40,31415,4000.0
41,31415,4000.0
42,31415,4000.0
43,31415,4000.0
44,31415,4000.0
45,31415,4000.0
46,31415,4000.0
47,31415,4000.0
48,31415,4000.0
49,31415,4000.0
50,31415,4000.0
51,31415,4000.0
52,31415,4000.0
53,31415,4000.0
54,31415,4000.0
55,31415,4000.0
56,31415,4000.0
57,31415,4000.0
58,31415,4000.0
59,31415,4000.0
60,31415,4000.0
61,31415,4000.0
62,31415,4000.0
63,31415,4000.0
64,31415,4000.0
65,31415,4000.0
66,31415,4000.0
67,31415,4000.0
68,31415,4000.0
69,31415,4000.0
70,31415,4000.0
71,31415,4000.0
72,31415,4000.0
73,31415,4000.0
74,31415,4000.0
75,31415,4000.0
76,31415,4000.0
77,31415,4000.0
78,31415,4000.0
79,31415,4000.0
80,31415,4000.0
81,31415,4000.0
82,31415,4000.0
83,31415,4000.0
84,31415,4000.0
85,31415,4000.0
86,31415,4000.0
87,31415,4000.0
88,31415,4000.0
89,31415,4000.0
90,31415,4000.0
91,31415,4000.0
92,31415,4000.0
93,31415,4000.0
94,31415,4000.0
95,31415,4000.0
96,31415,4000.0
1,31416,4000.0
2,31416,4000.0
3,31416,4000.0
4,31416,4000.0
5,31416,4000.0
6,31416,4000.0
7,31416,4000.0
8,31416,4000.0
9,31416,4000.0
10,31416,4000.0
11,31416,4000.0
12,31416,4000.0
13,31416,4000.0
14,31416,4000.0
15,31416,4000.0
16,31416,4000.0
17,31416,4000.0
18,31416,4000.0
19,31416,4000.0
20,31416,4000.0
21,31416,4000.0
22,31416,4000.0
23,31416,4000.0
24,31416,4000.0
25,31416,4000.0
26,31416,4000.0
27,31416,4000.0
28,31416,4000.0
29,31416,4000.0
30,31416,4000.0
31,31416,4000.0
32,31416,4000.0
33,31416,4000.0
34,31416,4000.0
35,31416,4000.0
36,31416,4000.0
37,31416,4000.0
38,31416,4000.0
39,31416,4000.0
40,31416,4000.0
41,31416,4000.0
42,31416,4000.0
43,31416,4000.0
44,31416,4000.0
45,31416,4000.0
46,31416,4000.0
47,31416,4000.0
48,31416,4000.0
49,31416,4000.0
50,31416,4000.0
51,31416,4000.0
52,31416,4000.0
53,31416,4000.0
54,31416,4000.0
55,31416,4000.0
56,31416,4000.0
57,31416,4000.0
58,31416,4000.0
59,31416,4000.0
60,31416,4000.0
61,31416,4000.0
62,31416,3856.23
63,31416,3856.23
64,31416,3856.23
65,31416,3856.23
66,31416,3856.23
67,31416,3856.23
68,31416,3856.23
69,31416,3856.23
70,31416,3856.23
71,31416,3856.23
72,31416,3856.23
73,31416,3856.23
74,31416,3856.23
75,31416,3856.23
76,31416,3856.23
77,31416,3856.23
78,31416,3856.23
79,31416,4000.0
80,31416,4000.0
81,31416,4000.0
82,31416,4000.0
83,31416,4000.0
84,31416,4000.0
85,31416,4000.0
86,31416,4000.0
87,31416,4000.0
88,31416,4000.0
89,31416,4000.0
90,31416,4000.0
91,31416,4000.0
92,31416,4000.0
93,31416,4000.0
94,31416,4000.0
95,31416,4000.0
96,31416,4000.0
1,31417,5700.0
2,31417,5700.0
3,31417,5700.0
4,31417,5700.0
5,31417,5700.0
6,31417,5700.0
7,31417,5700.0
8,31417,5700.0
9,31417,5700.0
10,31417,5700.0
11,31417,5700.0
12,31417,5700.0
13,31417,5700.0
14,31417,5700.0
15,31417,5700.0
16,31417,5700.0
17,31417,5700.0
18,31417,5700.0
19,31417,5700.0
20,31417,5700.0
21,31417,5700.0
22,31417,5700.0
23,31417,5700.0
24,31417,5700.0
25,31417,5700.0
26,31417,5700.0
27,31417,5700.0
28,31417,5700.0
29,31417,5700.0
30,31417,5700.0
31,31417,5700.0
32,31417,5700.0
33,31417,5700.0
34,31417,5700.0
35,31417,5700.0
36,31417,5700.0
37,31417,5700.0
38,31417,5700.0
39,31417,5700.0
40,31417,5700.0
41,31417,5700.0
42,31417,5700.0
43,31417,5700.0
44,31417,5700.0
45,31417,5700.0
46,31417,5700.0
47,31417,5700.0
48,31417,5700.0
49,31417,5700.0
50,31417,5700.0
51,31417,5700.0
52,31417,5700.0
53,31417,5700.0
54,31417,5700.0
55,31417,5700.0
56,31417,5700.0
57,31417,5700.0
58,31417,5700.0
59,31417,5700.0
60,31417,5700.0
61,31417,5700.0
62,31417,5700.0
63,31417,5700.0
64,31417,5700.0
65,31417,5700.0
66,31417,5700.0
67,31417,5700.0
68,31417,5700.0
69,31417,5700.0
70,31417,5700.0
71,31417,5700.0
72,31417,5700.0
73,31417,5700.0
74,31417,5700.0
75,31417,5700.0
76,31417,5700.0
77,31417,5700.0
78,31417,5700.0
79,31417,5700.0
80,31417,5700.0
81,31417,5700.0
82,31417,5700.0
83,31417,5700.0
84,31417,5700.0
85,31417,5700.0
86,31417,5700.0
87,31417,5700.0
88,31417,5700.0
89,31417,5700.0
90,31417,5700.0
91,31417,5700.0
92,31417,5700.0
93,31417,5700.0
94,31417,5700.0
95,31417,5700.0
96,31417,5700.0
1,31418,4000.0
2,31418,4000.0
3,31418,4000.0
4,31418,4000.0
5,31418,4000.0
6,31418,4000.0
7,31418,4000.0
8,31418,4000.0
9,31418,4000.0
10,31418,4000.0
11,31418,4000.0
12,31418,4000.0
13,31418,4000.0
14,31418,4000.0
15,31418,4000.0
16,31418,4000.0
17,31418,4000.0
18,31418,4000.0
19,31418,4000.0
20,31418,4000.0
21,31418,4000.0
22,31418,4000.0
23,31418,4000.0
24,31418,4000.0
25,31418,4000.0
26,31418,4000.0
27,31418,4000.0
28,31418,4000.0
29,31418,4000.0
30,31418,4000.0
31,31418,4000.0
32,31418,4000.0
33,31418,4000.0
34,31418,4000.0
35,31418,4000.0
36,31418,4000.0
37,31418,4000.0
38,31418,4000.0
39,31418,4000.0
40,31418,4000.0
41,31418,4000.0
42,31418,4000.0
43,31418,4000.0
44,31418,4000.0
45,31418,4000.0
46,31418,4000.0
47,31418,4000.0
48,31418,4000.0
49,31418,4000.0
50,31418,4000.0
51,31418,4000.0
52,31418,4000.0
53,31418,4000.0
54,31418,4000.0
55,31418,4000.0
56,31418,4000.0
57,31418,4000.0
58,31418,4000.0
59,31418,4000.0
60,31418,4000.0
61,31418,4000.0
62,31418,3856.23
63,31418,3856.23
64,31418,3856.23
65,31418,3856.23
66,31418,3856.23
67,31418,3856.23
68,31418,3856.23
69,31418,3856.23
70,31418,3856.23
71,31418,3856.23
72,31418,3856.23
73,31418,3856.23
74,31418,3856.23
75,31418,3856.23
76,31418,3856.23
77,31418,3856.23
78,31418,3856.23
79,31418,4000.0
80,31418,4000.0
81,31418,4000.0
82,31418,4000.0
83,31418,4000.0
84,31418,4000.0
85,31418,4000.0
86,31418,4000.0
87,31418,4000.0
88,31418,4000.0
89,31418,4000.0
90,31418,4000.0
91,31418,4000.0
92,31418,4000.0
93,31418,4000.0
94,31418,4000.0
95,31418,4000.0
96,31418,4000.0
1,31419,4000.0
2,31419,4000.0
3,31419,4000.0
4,31419,4000.0
5,31419,4000.0
6,31419,4000.0
7,31419,4000.0
8,31419,4000.0
9,31419,4000.0
10,31419,4000.0
11,31419,4000.0
12,31419,4000.0
13,31419,4000.0
14,31419,4000.0
15,31419,4000.0
16,31419,4000.0
17,31419,4000.0
18,31419,4000.0
19,31419,4000.0
20,31419,4000.0
21,31419,4000.0
22,31419,4000.0
23,31419,4000.0
24,31419,4000.0
25,31419,4000.0
26,31419,4000.0
27,31419,3840.55
28,31419,3840.55
29,31419,3840.55
30,31419,3840.55
31,31419,3840.55
32,31419,3840.55
33,31419,3840.55
34,31419,3840.55
35,31419,3840.55
36,31419,3840.55
37,31419,3840.55
38,31419,3840.55
39,31419,4000.0
40,31419,4000.0
41,31419,4000.0
42,31419,4000.0
43,31419,4000.0
44,31419,4000.0
45,31419,4000.0
46,31419,4000.0
47,31419,4000.0
48,31419,4000.0
49,31419,4000.0
50,31419,4000.0
51,31419,4000.0
52,31419,4000.0
53,31419,4000.0
54,31419,4000.0
55,31419,4000.0
56,31419,4000.0
57,31419,4000.0
58,31419,4000.0
59,31419,4000.0
60,31419,4000.0
61,31419,4000.0
62,31419,4000.0
63,31419,4000.0
64,31419,4000.0
65,31419,4000.0
66,31419,4000.0
67,31419,4000.0
68,31419,4000.0
69,31419,4000.0
70,31419,4000.0
71,31419,4000.0
72,31419,4000.0
73,31419,4000.0
74,31419,4000.0
75,31419,4000.0
76,31419,4000.0
77,31419,4000.0
78,31419,4000.0
79,31419,4000.0
80,31419,4000.0
81,31419,4000.0
82,31419,4000.0
83,31419,4000.0
84,31419,4000.0
85,31419,4000.0
86,31419,4000.0
87,31419,4000.0
88,31419,4000.0
89,31419,4000.0
90,31419,4000.0
91,31419,4000.0
92,31419,4000.0
93,31419,4000.0
94,31419,4000.0
95,31419,4000.0
96,31419,4000.0
1,31420,6000.0
2,31420,6000.0
3,31420,6000.0
4,31420,6000.0
5,31420,6000.0
6,31420,6000.0
7,31420,6000.0
8,31420,6000.0
9,31420,6000.0
10,31420,6000.0
11,31420,6000.0
12,31420,6000.0
13,31420,6000.0
14,31420,6000.0
15,31420,6000.0
16,31420,6000.0
17,31420,6000.0
18,31420,6000.0
19,31420,6000.0
20,31420,6000.0
21,31420,6000.0
22,31420,6000.0
23,31420,6000.0
24,31420,6000.0
25,31420,6000.0
26,31420,6000.0
27,31420,6000.0
28,31420,6000.0
29,31420,6000.0
30,31420,6000.0
31,31420,6000.0
32,31420,6000.0
33,31420,6000.0
34,31420,6000.0
35,31420,6000.0
36,31420,6000.0
37,31420,6000.0
38,31420,6000.0
39,31420,6000.0
40,31420,6000.0
41,31420,6000.0
42,31420,6000.0
43,31420,6000.0
44,31420,6000.0
45,31420,6000.0
46,31420,6000.0
47,31420,6000.0
48,31420,6000.0
49,31420,6000.0
50,31420,6000.0
51,31420,6000.0
52,31420,6000.0
53,31420,6000.0
54,31420,6000.0
55,31420,6000.0
56,31420,6000.0
57,31420,6000.0
58,31420,6000.0
59,31420,6000.0
60,31420,6000.0
61,31420,6000.0
62,31420,6000.0
63,31420,6000.0
64,31420,6000.0
65,31420,6000.0
66,31420,6000.0
67,31420,6000.0
68,31420,6000.0
69,31420,6000.0
70,31420,6000.0
71,31420,6000.0
72,31420,6000.0
73,31420,6000.0
74,31420,6000.0
75,31420,6000.0
76,31420,6000.0
77,31420,6000.0
78,31420,6000.0
79,31420,6000.0
80,31420,6000.0
81,31420,6000.0
82,31420,6000.0
83,31420,6000.0
84,31420,6000.0
85,31420,6000.0
86,31420,6000.0
87,31420,6000.0
88,31420,6000.0
89,31420,6000.0
90,31420,6000.0
91,31420,6000.0
92,31420,6000.0
93,31420,6000.0
94,31420,6000.0
95,31420,6000.0
96,31420,6000.0
1,31421,5700.0
2,31421,5700.0
3,31421,5700.0
4,31421,5700.0
5,31421,5700.0
6,31421,5700.0
7,31421,5700.0
8,31421,5700.0
9,31421,5700.0
10,31421,5700.0
11,31421,5700.0
12,31421,5700.0
13,31421,5700.0
14,31421,5700.0
15,31421,5700.0
16,31421,5700.0
17,31421,5700.0
18,31421,5700.0
19,31421,5700.0
20,31421,5700.0
21,31421,5700.0
22,31421,5700.0
23,31421,5700.0
24,31421,5700.0
25,31421,5700.0
26,31421,5700.0
27,31421,5700.0
28,31421,5700.0
29,31421,5700.0
30,31421,5700.0
31,31421,5700.0
32,31421,5700.0
33,31421,5700.0
34,31421,5700.0
35,31421,5700.0
36,31421,5700.0
37,31421,5700.0
38,31421,5700.0
39,31421,5700.0
40,31421,5700.0
41,31421,5700.0
42,31421,5700.0
43,31421,5700.0
44,31421,5700.0
45,31421,5700.0
46,31421,5700.0
47,31421,5700.0
48,31421,5700.0
49,31421,5700.0
50,31421,5700.0
51,31421,5700.0
52,31421,5700.0
53,31421,5700.0
54,31421,5700.0
55,31421,5700.0
56,31421,5700.0
57,31421,5700.0
58,31421,5700.0
59,31421,5700.0
60,31421,5700.0
61,31421,5700.0
62,31421,5700.0
63,31421,5700.0
64,31421,5700.0
65,31421,5700.0
66,31421,5700.0
67,31421,5700.0
68,31421,5700.0
69,31421,5700.0
70,31421,5700.0
71,31421,5700.0
72,31421,5700.0
73,31421,5700.0
74,31421,5700.0
75,31421,5700.0
76,31421,5700.0
77,31421,5700.0
78,31421,5700.0
79,31421,5700.0
80,31421,5700.0
81,31421,5700.0
82,31421,5700.0
83,31421,5700.0
84,31421,5700.0
85,31421,5700.0
86,31421,5700.0
87,31421,5700.0
88,31421,5700.0
89,31421,5700.0
90,31421,5700.0
91,31421,5700.0
92,31421,5700.0
93,31421,5700.0
94,31421,5700.0
95,31421,5700.0
96,31421,5700.0
1,31422,4000.0
2,31422,4000.0
3,31422,4000.0
4,31422,4000.0
5,31422,4000.0
6,31422,4000.0
7,31422,4000.0
8,31422,4000.0
9,31422,4000.0
10,31422,4000.0
11,31422,4000.0
12,31422,4000.0
13,31422,4000.0
14,31422,4000.0
15,31422,4000.0
16,31422,4000.0
17,31422,4000.0
18,31422,4000.0
19,31422,4000.0
20,31422,4000.0
21,31422,4000.0
22,31422,4000.0
23,31422,4000.0
24,31422,4000.0
25,31422,4000.0
26,31422,4000.0
27,31422,3840.55
28,31422,3840.55
29,31422,3840.55
30,31422,3840.55
31,31422,3840.55
32,31422,3840.55
33,31422,3840.55
34,31422,3840.55
35,31422,3840.55
36,31422,3840.55
37,31422,3840.55
38,31422,3840.55
39,31422,4000.0
40,31422,4000.0
41,31422,4000.0
42,31422,4000.0
43,31422,4000.0
44,31422,4000.0
45,31422,4000.0
46,31422,4000.0
47,31422,4000.0
48,31422,4000.0
49,31422,4000.0
50,31422,4000.0
51,31422,4000.0
52,31422,4000.0
53,31422,4000.0
54,31422,4000.0
55,31422,4000.0
56,31422,4000.0
57,31422,4000.0
58,31422,4000.0
59,31422,4000.0
60,31422,4000.0
61,31422,4000.0
62,31422,4000.0
63,31422,4000.0
64,31422,4000.0
65,31422,4000.0
66,31422,4000.0
67,31422,4000.0
68,31422,4000.0
69,31422,4000.0
70,31422,4000.0
71,31422,4000.0
72,31422,4000.0
73,31422,4000.0
74,31422,4000.0
75,31422,4000.0
76,31422,4000.0
77,31422,4000.0
78,31422,4000.0
79,31422,4000.0
80,31422,4000.0
81,31422,4000.0
82,31422,4000.0
83,31422,4000.0
84,31422,4000.0
85,31422,4000.0
86,31422,4000.0
87,31422,4000.0
88,31422,4000.0
89,31422,4000.0
90,31422,4000.0
91,31422,4000.0
92,31422,4000.0
93,31422,4000.0
94,31422,4000.0
95,31422,4000.0
96,31422,4000.0
1,31423,4000.0
2,31423,4000.0
3,31423,4000.0
4,31423,4000.0
5,31423,4000.0
6,31423,4000.0
7,31423,4000.0
8,31423,4000.0
9,31423,4000.0
10,31423,4000.0
11,31423,4000.0
12,31423,4000.0
13,31423,4000.0
14,31423,4000.0
15,31423,4000.0
16,31423,4000.0
17,31423,4000.0
18,31423,4000.0
19,31423,4000.0
20,31423,4000.0
21,31423,4000.0
22,31423,4000.0
23,31423,4000.0
24,31423,4000.0
25,31423,4000.0
26,31423,4000.0
27,31423,4000.0
28,31423,4000.0
29,31423,4000.0
30,31423,4000.0
31,31423,4000.0
32,31423,4000.0
33,31423,4000.0
34,31423,4000.0
35,31423,4000.0
36,31423,4000.0
37,31423,4000.0
38,31423,4000.0
39,31423,4000.0
40,31423,4000.0
41,31423,4000.0
42,31423,4000.0
43,31423,4000.0
44,31423,4000.0
45,31423,4000.0
46,31423,4000.0
47,31423,4000.0
48,31423,4000.0
49,31423,4000.0
50,31423,4000.0
51,31423,4000.0
52,31423,4000.0
53,31423,4000.0
54,31423,4000.0
55,31423,4000.0
56,31423,4000.0
57,31423,4000.0
58,31423,4000.0
59,31423,4000.0
60,31423,4000.0
61,31423,4000.0
62,31423,3856.23
63,31423,3856.23
64,31423,3856.23
65,31423,3856.23
66,31423,3856.23
67,31423,3856.23
68,31423,3856.23
69,31423,3856.23
70,31423,3856.23
71,31423,3856.23
72,31423,3856.23
73,31423,3856.23
74,31423,3856.23
75,31423,3856.23
76,31423,3856.23
77,31423,3856.23
78,31423,3856.23
79,31423,4000.0
80,31423,4000.0
81,31423,4000.0
82,31423,4000.0
83,31423,4000.0
84,31423,4000.0
85,31423,4000.0
86,31423,4000.0
87,31423,4000.0
88,31423,4000.0
89,31423,4000.0
90,31423,4000.0
91,31423,4000.0
92,31423,4000.0
93,31423,4000.0
94,31423,4000.0
95,31423,4000.0
96,31423,4000.0
1,31424,6000.0
2,31424,6000.0
3,31424,6000.0
4,31424,6000.0
5,31424,6000.0
6,31424,6000.0
7,31424,6000.0
8,31424,6000.0
9,31424,6000.0
10,31424,6000.0
11,31424,6000.0
12,31424,6000.0
13,31424,6000.0
14,31424,6000.0
15,31424,6000.0
16,31424,6000.0
17,31424,6000.0
18,31424,6000.0
19,31424,6000.0
20,31424,6000.0
21,31424,6000.0
22,31424,6000.0
23,31424,6000.0
24,31424,6000.0
25,31424,6000.0
26,31424,6000.0
27,31424,6000.0
28,31424,6000.0
29,31424,6000.0
30,31424,6000.0
31,31424,6000.0
32,31424,6000.0
33,31424,6000.0
34,31424,6000.0
35,31424,6000.0
36,31424,6000.0
37,31424,6000.0
38,31424,6000.0
39,31424,6000.0
40,31424,6000.0
41,31424,6000.0
42,31424,6000.0
43,31424,6000.0
44,31424,6000.0
45,31424,6000.0
46,31424,6000.0
47,31424,6000.0
48,31424,6000.0
49,31424,6000.0
50,31424,6000.0
51,31424,6000.0
52,31424,6000.0
53,31424,6000.0
54,31424,6000.0
55,31424,6000.0
56,31424,6000.0
57,31424,6000.0
58,31424,6000.0
59,31424,6000.0
60,31424,6000.0
61,31424,6000.0
62,31424,6000.0
63,31424,6000.0
64,31424,6000.0
65,31424,6000.0
66,31424,6000.0
67,31424,6000.0
68,31424,6000.0
69,31424,6000.0
70,31424,6000.0
71,31424,6000.0
72,31424,6000.0
73,31424,6000.0
74,31424,6000.0
75,31424,6000.0
76,31424,6000.0
77,31424,6000.0
78,31424,6000.0
79,31424,6000.0
80,31424,6000.0
81,31424,6000.0
82,31424,6000.0
83,31424,6000.0
84,31424,6000.0
85,31424,6000.0
86,31424,6000.0
87,31424,6000.0
88,31424,6000.0
89,31424,6000.0
90,31424,6000.0
91,31424,6000.0
92,31424,6000.0
93,31424,6000.0
94,31424,6000.0
95,31424,6000.0
96,31424,6000.0
1,31425,6000.0
2,31425,6000.0
3,31425,6000.0
4,31425,6000.0
5,31425,6000.0
6,31425,6000.0
7,31425,6000.0
8,31425,6000.0
9,31425,6000.0
10,31425,6000.0
11,31425,6000.0
12,31425,6000.0
13,31425,6000.0
14,31425,6000.0
15,31425,6000.0
16,31425,6000.0
17,31425,6000.0
18,31425,6000.0
19,31425,6000.0
20,31425,6000.0
21,31425,6000.0
22,31425,6000.0
23,31425,6000.0
24,31425,6000.0
25,31425,6000.0
26,31425,6000.0
27,31425,6000.0
28,31425,6000.0
29,31425,6000.0
30,31425,6000.0
31,31425,6000.0
32,31425,6000.0
33,31425,6000.0
34,31425,6000.0
35,31425,6000.0
36,31425,6000.0
37,31425,6000.0
38,31425,6000.0
39,31425,6000.0
40,31425,6000.0
41,31425,6000.0
42,31425,6000.0
43,31425,6000.0
44,31425,6000.0
45,31425,6000.0
46,31425,6000.0
47,31425,6000.0
48,31425,6000.0
49,31425,6000.0
50,31425,6000.0
51,31425,6000.0
52,31425,6000.0
53,31425,6000.0
54,31425,6000.0
55,31425,6000.0
56,31425,6000.0
57,31425,6000.0
58,31425,6000.0
59,31425,6000.0
60,31425,6000.0
61,31425,6000.0
62,31425,6000.0
63,31425,6000.0
64,31425,6000.0
65,31425,6000.0
66,31425,6000.0
67,31425,6000.0
68,31425,6000.0
69,31425,6000.0
70,31425,6000.0
71,31425,6000.0
72,31425,6000.0
73,31425,6000.0
74,31425,6000.0
75,31425,6000.0
76,31425,6000.0
77,31425,6000.0
78,31425,6000.0
79,31425,6000.0
80,31425,6000.0
81,31425,6000.0
82,31425,6000.0
83,31425,6000.0
84,31425,6000.0
85,31425,6000.0
86,31425,6000.0
87,31425,6000.0
88,31425,6000.0
89,31425,6000.0
90,31425,6000.0
91,31425,6000.0
92,31425,6000.0
93,31425,6000.0
94,31425,6000.0
95,31425,6000.0
96,31425,6000.0
1,31426,4000.0
2,31426,4000.0
3,31426,4000.0
4,31426,4000.0
5,31426,4000.0
6,31426,4000.0
7,31426,4000.0
8,31426,4000.0
9,31426,4000.0
10,31426,4000.0
11,31426,4000.0
12,31426,4000.0
13,31426,4000.0
14,31426,4000.0
15,31426,4000.0
16,31426,4000.0
17,31426,4000.0
18,31426,4000.0
19,31426,4000.0
20,31426,4000.0
21,31426,4000.0
22,31426,4000.0
23,31426,4000.0
24,31426,4000.0
25,31426,4000.0
26,31426,4000.0
27,31426,4000.0
28,31426,4000.0
29,31426,4000.0
30,31426,4000.0
31,31426,4000.0
32,31426,4000.0
33,31426,4000.0
34,31426,4000.0
35,31426,4000.0
36,31426,4000.0
37,31426,4000.0
38,31426,4000.0
39,31426,4000.0
40,31426,4000.0
41,31426,4000.0
42,31426,4000.0
43,31426,4000.0
44,31426,4000.0
45,31426,4000.0
46,31426,4000.0
47,31426,4000.0
48,31426,4000.0
49,31426,4000.0
50,31426,4000.0
51,31426,4000.0
52,31426,4000.0
53,31426,4000.0
54,31426,4000.0
55,31426,4000.0
56,31426,4000.0
57,31426,4000.0
58,31426,4000.0
59,31426,4000.0
60,31426,4000.0
61,31426,4000.0
62,31426,3856.23
63,31426,3856.23
64,31426,3856.23
65,31426,3856.23
66,31426,3856.23
67,31426,3856.23
68,31426,3856.23
69,31426,3856.23
70,31426,3856.23
71,31426,3856.23
72,31426,3856.23
73,31426,3856.23
74,31426,3856.23
75,31426,3856.23
76,31426,3856.23
77,31426,3856.23
78,31426,3856.23
79,31426,4000.0
80,31426,4000.0
81,31426,4000.0
82,31426,4000.0
83,31426,4000.0
84,31426,4000.0
85,31426,4000.0
86,31426,4000.0
87,31426,4000.0
88,31426,4000.0
89,31426,4000.0
90,31426,4000.0
91,31426,4000.0
92,31426,4000.0
93,31426,4000.0
94,31426,4000.0
95,31426,4000.0
96,31426,4000.0
1,31427,4000.0
2,31427,4000.0
3,31427,4000.0
4,31427,4000.0
5,31427,4000.0
6,31427,4000.0
7,31427,4000.0
8,31427,4000.0
9,31427,4000.0
10,31427,4000.0
11,31427,4000.0
12,31427,4000.0
13,31427,4000.0
14,31427,4000.0
15,31427,4000.0
16,31427,4000.0
17,31427,4000.0
18,31427,4000.0
19,31427,4000.0
20,31427,4000.0
21,31427,4000.0
22,31427,4000.0
23,31427,4000.0
24,31427,4000.0
25,31427,4000.0
26,31427,4000.0
27,31427,3840.55
28,31427,3840.55
29,31427,3840.55
30,31427,3840.55
31,31427,3840.55
32,31427,3840.55
33,31427,3840.55
34,31427,3840.55
35,31427,3840.55
36,31427,3840.55
37,31427,3840.55
38,31427,3840.55
39,31427,4000.0
40,31427,4000.0
41,31427,4000.0
42,31427,4000.0
43,31427,4000.0
44,31427,4000.0
45,31427,4000.0
46,31427,4000.0
47,31427,4000.0
48,31427,4000.0
49,31427,4000.0
50,31427,4000.0
51,31427,4000.0
52,31427,4000.0
53,31427,4000.0
54,31427,4000.0
55,31427,4000.0
56,31427,4000.0
57,31427,4000.0
58,31427,4000.0
59,31427,4000.0
60,31427,4000.0
61,31427,4000.0
62,31427,4000.0
63,31427,4000.0
64,31427,4000.0
65,31427,4000.0
66,31427,4000.0
67,31427,4000.0
68,31427,4000.0
69,31427,4000.0
70,31427,4000.0
71,31427,4000.0
72,31427,4000.0
73,31427,4000.0
74,31427,4000.0
75,31427,4000.0
76,31427,4000.0
77,31427,4000.0
78,31427,4000.0
79,31427,4000.0
80,31427,4000.0
81,31427,4000.0
82,31427,4000.0
83,31427,4000.0
84,31427,4000.0
85,31427,4000.0
86,31427,4000.0
87,31427,4000.0
88,31427,4000.0
89,31427,4000.0
90,31427,4000.0
91,31427,4000.0
92,31427,4000.0
93,31427,4000.0
94,31427,4000.0
95,31427,4000.0
96,31427,4000.0
1,31428,6000.0
2,31428,6000.0
3,31428,6000.0
4,31428,6000.0
5,31428,6000.0
6,31428,6000.0
7,31428,6000.0
8,31428,6000.0
9,31428,6000.0
10,31428,6000.0
11,31428,6000.0
12,31428,6000.0
13,31428,6000.0
14,31428,6000.0
15,31428,6000.0
16,31428,6000.0
17,31428,6000.0
18,31428,6000.0
19,31428,6000.0
20,31428,6000.0
21,31428,6000.0
22,31428,6000.0
23,31428,6000.0
24,31428,6000.0
25,31428,6000.0
26,31428,6000.0
27,31428,6000.0
28,31428,6000.0
29,31428,6000.0
30,31428,6000.0
31,31428,6000.0
32,31428,6000.0
33,31428,6000.0
34,31428,6000.0
35,31428,6000.0
36,31428,6000.0
37,31428,6000.0
38,31428,6000.0
39,31428,6000.0
40,31428,6000.0
41,31428,6000.0
42,31428,6000.0
43,31428,6000.0
44,31428,6000.0
45,31428,6000.0
46,31428,6000.0
47,31428,6000.0
48,31428,6000.0
49,31428,6000.0
50,31428,6000.0
51,31428,6000.0
52,31428,6000.0
53,31428,6000.0
54,31428,6000.0
55,31428,6000.0
56,31428,6000.0
57,31428,6000.0
58,31428,6000.0
59,31428,6000.0
60,31428,6000.0
61,31428,6000.0
62,31428,6000.0
63,31428,6000.0
64,31428,6000.0
65,31428,6000.0
66,31428,6000.0
67,31428,6000.0
68,31428,6000.0
69,31428,6000.0
70,31428,6000.0
71,31428,6000.0
72,31428,6000.0
73,31428,6000.0
74,31428,6000.0
75,31428,6000.0
76,31428,6000.0
77,31428,6000.0
78,31428,6000.0
79,31428,6000.0
80,31428,6000.0
81,31428,6000.0
82,31428,6000.0
83,31428,6000.0
84,31428,6000.0
85,31428,6000.0
86,31428,6000.0
87,31428,6000.0
88,31428,6000.0
89,31428,6000.0
90,31428,6000.0
91,31428,6000.0
92,31428,6000.0
93,31428,6000.0
94,31428,6000.0
95,31428,6000.0
96,31428,6000.0
1,31429,4000.0
2,31429,4000.0
3,31429,4000.0
4,31429,4000.0
5,31429,4000.0
6,31429,4000.0
7,31429,4000.0
8,31429,4000.0
9,31429,4000.0
10,31429,4000.0
11,31429,4000.0
12,31429,4000.0
13,31429,4000.0
14,31429,4000.0
15,31429,4000.0
16,31429,4000.0
17,31429,4000.0
18,31429,4000.0
19,31429,4000.0
20,31429,4000.0
21,31429,4000.0
22,31429,4000.0
23,31429,4000.0
24,31429,4000.0
25,31429,4000.0
26,31429,4000.0
27,31429,3840.55
28,31429,3840.55
29,31429,3840.55
30,31429,3840.55
31,31429,3840.55
32,31429,3840.55
33,31429,3840.55
34,31429,3840.55
35,31429,3840.55
36,31429,3840.55
37,31429,3840.55
38,31429,3840.55
39,31429,4000.0
40,31429,4000.0
41,31429,4000.0
42,31429,4000.0
43,31429,4000.0
44,31429,4000.0
45,31429,4000.0
46,31429,4000.0
47,31429,4000.0
48,31429,4000.0
49,31429,4000.0
50,31429,4000.0
51,31429,4000.0
52,31429,4000.0
53,31429,4000.0
54,31429,4000.0
55,31429,4000.0
56,31429,4000.0
57,31429,4000.0
58,31429,4000.0
59,31429,4000.0
60,31429,4000.0
61,31429,4000.0
62,31429,4000.0
63,31429,4000.0
64,31429,4000.0
65,31429,4000.0
66,31429,4000.0
67,31429,4000.0
68,31429,4000.0
69,31429,4000.0
70,31429,4000.0
71,31429,4000.0
72,31429,4000.0
73,31429,4000.0
74,31429,4000.0
75,31429,4000.0
76,31429,4000.0
77,31429,4000.0
78,31429,4000.0
79,31429,4000.0
80,31429,4000.0
81,31429,4000.0
82,31429,4000.0
83,31429,4000.0
84,31429,4000.0
85,31429,4000.0
86,31429,4000.0
87,31429,4000.0
88,31429,4000.0
89,31429,4000.0
90,31429,4000.0
91,31429,4000.0
92,31429,4000.0
93,31429,4000.0
94,31429,4000.0
95,31429,4000.0
96,31429,4000.0
1,31720,6000.0
2,31720,6000.0
3,31720,6000.0
4,31720,6000.0
5,31720,6000.0
6,31720,6000.0
7,31720,6000.0
8,31720,6000.0
9,31720,6000.0
10,31720,6000.0
11,31720,6000.0
12,31720,6000.0
13,31720,6000.0
14,31720,6000.0
15,31720,6000.0
16,31720,6000.0
17,31720,6000.0
18,31720,6000.0
19,31720,6000.0
20,31720,6000.0
21,31720,6000.0
22,31720,6000.0
23,31720,6000.0
24,31720,6000.0
25,31720,6000.0
26,31720,6000.0
27,31720,6000.0
28,31720,6000.0
29,31720,6000.0
30,31720,6000.0
31,31720,6000.0
32,31720,6000.0
33,31720,6000.0
34,31720,6000.0
35,31720,6000.0
36,31720,6000.0
37,31720,6000.0
38,31720,6000.0
39,31720,6000.0
40,31720,6000.0
41,31720,6000.0
42,31720,6000.0
43,31720,6000.0
44,31720,6000.0
45,31720,6000.0
46,31720,6000.0
47,31720,6000.0
48,31720,6000.0
49,31720,6000.0
50,31720,6000.0
51,31720,6000.0
52,31720,6000.0
53,31720,6000.0
54,31720,6000.0
55,31720,6000.0
56,31720,6000.0
57,31720,6000.0
58,31720,6000.0
59,31720,6000.0
60,31720,6000.0
61,31720,6000.0
62,31720,6000.0
63,31720,6000.0
64,31720,6000.0
65,31720,6000.0
66,31720,6000.0
67,31720,6000.0
68,31720,6000.0
69,31720,6000.0
70,31720,6000.0
71,31720,6000.0
72,31720,6000.0
73,31720,6000.0
74,31720,6000.0
75,31720,6000.0
76,31720,6000.0
77,31720,6000.0
78,31720,6000.0
79,31720,6000.0
80,31720,6000.0
81,31720,6000.0
82,31720,6000.0
83,31720,6000.0
84,31720,6000.0
85,31720,6000.0
86,31720,6000.0
87,31720,6000.0
88,31720,6000.0
89,31720,6000.0
90,31720,6000.0
91,31720,6000.0
92,31720,6000.0
93,31720,6000.0
94,31720,6000.0
95,31720,6000.0
96,31720,6000.0
1,31724,6000.0
2,31724,6000.0
3,31724,6000.0
4,31724,6000.0
5,31724,6000.0
6,31724,6000.0
7,31724,6000.0
8,31724,6000.0
9,31724,6000.0
10,31724,6000.0
11,31724,6000.0
12,31724,6000.0
13,31724,6000.0
14,31724,6000.0
15,31724,6000.0
16,31724,6000.0
17,31724,6000.0
18,31724,6000.0
19,31724,6000.0
20,31724,6000.0
21,31724,6000.0
22,31724,6000.0
23,31724,6000.0
24,31724,6000.0
25,31724,6000.0
26,31724,6000.0
27,31724,6000.0
28,31724,6000.0
29,31724,6000.0
30,31724,6000.0
31,31724,6000.0
32,31724,6000.0
33,31724,6000.0
34,31724,6000.0
35,31724,6000.0
36,31724,6000.0
37,31724,6000.0
38,31724,6000.0
39,31724,6000.0
40,31724,6000.0
41,31724,6000.0
42,31724,6000.0
43,31724,6000.0
44,31724,6000.0
45,31724,6000.0
46,31724,6000.0
47,31724,6000.0
48,31724,6000.0
49,31724,6000.0
50,31724,6000.0
51,31724,6000.0
52,31724,6000.0
53,31724,6000.0
54,31724,6000.0
55,31724,6000.0
56,31724,6000.0
57,31724,6000.0
58,31724,6000.0
59,31724,6000.0
60,31724,6000.0
61,31724,6000.0
62,31724,6000.0
63,31724,6000.0
64,31724,6000.0
65,31724,6000.0
66,31724,6000.0
67,31724,6000.0
68,31724,6000.0
69,31724,6000.0
70,31724,6000.0
71,31724,6000.0
72,31724,6000.0
73,31724,6000.0
74,31724,6000.0
75,31724,6000.0
76,31724,6000.0
77,31724,6000.0
78,31724,6000.0
79,31724,6000.0
80,31724,6000.0
81,31724,6000.0
82,31724,6000.0
83,31724,6000.0
84,31724,6000.0
85,31724,6000.0
86,31724,6000.0
87,31724,6000.0
88,31724,6000.0
89,31724,6000.0
90,31724,6000.0
91,31724,6000.0
92,31724,6000.0
93,31724,6000.0
94,31724,6000.0
95,31724,6000.0
96,31724,6000.0
1,31781,7600.0
2,31781,7600.0
3,31781,7600.0
4,31781,7600.0
5,31781,7600.0
6,31781,7600.0
7,31781,7600.0
8,31781,7600.0
9,31781,7600.0
10,31781,7600.0
11,31781,7600.0
12,31781,7600.0
13,31781,7600.0
14,31781,7600.0
15,31781,7600.0
16,31781,7600.0
17,31781,7600.0
18,31781,7600.0
19,31781,7600.0
20,31781,7600.0
21,31781,7600.0
22,31781,7600.0
23,31781,7600.0
24,31781,7600.0
25,31781,7600.0
26,31781,7600.0
27,31781,7600.0
28,31781,7600.0
29,31781,7600.0
30,31781,7600.0
31,31781,7600.0
32,31781,7600.0
33,31781,7600.0
34,31781,7600.0
35,31781,7600.0
36,31781,7600.0
37,31781,7600.0
38,31781,7600.0
39,31781,7600.0
40,31781,7600.0
41,31781,7600.0
42,31781,7600.0
43,31781,7600.0
44,31781,7600.0
45,31781,7600.0
46,31781,7600.0
47,31781,7600.0
48,31781,7600.0
49,31781,7600.0
50,31781,7600.0
51,31781,7600.0
52,31781,7600.0
53,31781,7600.0
54,31781,7600.0
55,31781,7600.0
56,31781,7600.0
57,31781,7600.0
58,31781,7600.0
59,31781,7600.0
60,31781,7600.0
61,31781,7600.0
62,31781,7600.0
63,31781,7600.0
64,31781,7600.0
65,31781,7600.0
66,31781,7600.0
67,31781,7600.0
68,31781,7600.0
69,31781,7600.0
70,31781,7600.0
71,31781,7600.0
72,31781,7600.0
73,31781,7600.0
74,31781,7600.0
75,31781,7600.0
76,31781,7600.0
77,31781,7600.0
78,31781,7600.0
79,31781,7600.0
80,31781,7600.0
81,31781,7600.0
82,31781,7600.0
83,31781,7600.0
84,31781,7600.0
85,31781,7600.0
86,31781,7600.0
87,31781,7600.0
88,31781,7600.0
89,31781,7600.0
90,31781,7600.0
91,31781,7600.0
92,31781,7600.0
93,31781,7600.0
94,31781,7600.0
95,31781,7600.0
96,31781,7600.0
1,31785,7600.0
2,31785,7600.0
3,31785,7600.0
4,31785,7600.0
5,31785,7600.0
6,31785,7600.0
7,31785,7600.0
8,31785,7600.0
9,31785,7600.0
10,31785,7600.0
11,31785,7600.0
12,31785,7600.0
13,31785,7600.0
14,31785,7600.0
15,31785,7600.0
16,31785,7600.0
17,31785,7600.0
18,31785,7600.0
19,31785,7600.0
20,31785,7600.0
21,31785,7600.0
22,31785,7600.0
23,31785,7600.0
24,31785,7600.0
25,31785,7600.0
26,31785,7600.0
27,31785,7600.0
28,31785,7600.0
29,31785,7600.0
30,31785,7600.0
31,31785,7600.0
32,31785,7600.0
33,31785,7600.0
34,31785,7600.0
35,31785,7600.0
36,31785,7600.0
37,31785,7600.0
38,31785,7600.0
39,31785,7600.0
40,31785,7600.0
41,31785,7600.0
42,31785,7600.0
43,31785,7600.0
44,31785,7600.0
45,31785,7600.0
46,31785,7600.0
47,31785,7600.0
48,31785,7600.0
49,31785,7600.0
50,31785,7600.0
51,31785,7600.0
52,31785,7600.0
53,31785,7600.0
54,31785,7600.0
55,31785,7600.0
56,31785,7600.0
57,31785,7600.0
58,31785,7600.0
59,31785,7600.0
60,31785,7600.0
61,31785,7600.0
62,31785,7600.0
63,31785,7600.0
64,31785,7600.0
65,31785,7600.0
66,31785,7600.0
67,31785,7600.0
68,31785,7600.0
69,31785,7600.0
70,31785,7600.0
71,31785,7600.0
72,31785,7600.0
73,31785,7600.0
74,31785,7600.0
75,31785,7600.0
76,31785,7600.0
77,31785,7600.0
78,31785,7600.0
79,31785,7600.0
80,31785,7600.0
81,31785,7600.0
82,31785,7600.0
83,31785,7600.0
84,31785,7600.0
85,31785,7600.0
86,31785,7600.0
87,31785,7600.0
88,31785,7600.0
89,31785,7600.0
90,31785,7600.0
91,31785,7600.0
92,31785,7600.0
93,31785,7600.0
94,31785,7600.0
95,31785,7600.0
96,31785,7600.0
1,31790,7600.0
2,31790,7600.0
3,31790,7600.0
4,31790,7600.0
5,31790,7600.0
6,31790,7600.0
7,31790,7600.0
8,31790,7600.0
9,31790,7600.0
10,31790,7600.0
11,31790,7600.0
12,31790,7600.0
13,31790,7600.0
14,31790,7600.0
15,31790,7600.0
16,31790,7600.0
17,31790,7600.0
18,31790,7600.0
19,31790,7600.0
20,31790,7600.0
21,31790,7600.0
22,31790,7600.0
23,31790,7600.0
24,31790,7600.0
25,31790,7600.0
26,31790,7600.0
27,31790,7600.0
28,31790,7600.0
29,31790,7600.0
30,31790,7600.0
31,31790,7600.0
32,31790,7600.0
33,31790,7600.0
34,31790,7600.0
35,31790,7600.0
36,31790,7600.0
37,31790,7600.0
38,31790,7600.0
39,31790,7600.0
40,31790,7600.0
41,31790,7600.0
42,31790,7600.0
43,31790,7600.0
44,31790,7600.0
45,31790,7600.0
46,31790,7600.0
47,31790,7600.0
48,31790,7600.0
49,31790,7600.0
50,31790,7600.0
51,31790,7600.0
52,31790,7600.0
53,31790,7600.0
54,31790,7600.0
55,31790,7600.0
56,31790,7600.0
57,31790,7600.0
58,31790,7600.0
59,31790,7600.0
60,31790,7600.0
61,31790,7600.0
62,31790,7600.0
63,31790,7600.0
64,31790,7600.0
65,31790,7600.0
66,31790,7600.0
67,31790,7600.0
68,31790,7600.0
69,31790,7600.0
70,31790,7600.0
71,31790,7600.0
72,31790,7600.0
73,31790,7600.0
74,31790,7600.0
75,31790,7600.0
76,31790,7600.0
77,31790,7600.0
78,31790,7600.0
79,31790,7600.0
80,31790,7600.0
81,31790,7600.0
82,31790,7600.0
83,31790,7600.0
84,31790,7600.0
85,31790,7600.0
86,31790,7600.0
87,31790,7600.0
88,31790,7600.0
89,31790,7600.0
90,31790,7600.0
91,31790,7600.0
92,31790,7600.0
93,31790,7600.0
94,31790,7600.0
95,31790,7600.0
96,31790,7600.0
1,31795,7600.0
2,31795,7600.0
3,31795,7600.0
4,31795,7600.0
5,31795,7600.0
6,31795,7600.0
7,31795,7600.0
8,31795,7600.0
9,31795,7600.0
10,31795,7600.0
11,31795,7600.0
12,31795,7600.0
13,31795,7600.0
14,31795,7600.0
15,31795,7600.0
16,31795,7600.0
17,31795,7600.0
18,31795,7600.0
19,31795,7600.0
20,31795,7600.0
21,31795,7600.0
22,31795,7600.0
23,31795,7600.0
24,31795,7600.0
25,31795,7600.0
26,31795,7600.0
27,31795,7600.0
28,31795,7600.0
29,31795,7527.69
30,31795,7527.69
31,31795,7527.69
32,31795,7527.69
33,31795,7527.69
34,31795,7527.69
35,31795,7527.69
36,31795,7527.69
37,31795,7527.69
38,31795,7527.69
39,31795,7527.69
40,31795,7527.69
41,31795,7527.69
42,31795,7527.69
43,31795,7600.0
44,31795,7600.0
45,31795,7600.0
46,31795,7600.0
47,31795,7600.0
48,31795,7600.0
49,31795,7600.0
50,31795,7600.0
51,31795,7600.0
52,31795,7600.0
53,31795,7600.0
54,31795,7600.0
55,31795,7600.0
56,31795,7600.0
57,31795,7600.0
58,31795,7600.0
59,31795,7600.0
60,31795,7600.0
61,31795,7600.0
62,31795,7600.0
63,31795,7600.0
64,31795,7600.0
65,31795,7600.0
66,31795,7600.0
67,31795,7600.0
68,31795,7600.0
69,31795,7600.0
70,31795,7600.0
71,31795,7600.0
72,31795,7600.0
73,31795,7600.0
74,31795,7600.0
75,31795,7600.0
76,31795,7600.0
77,31795,7600.0
78,31795,7600.0
79,31795,7600.0
80,31795,7600.0
81,31795,7600.0
82,31795,7600.0
83,31795,7600.0
84,31795,7600.0
85,31795,7600.0
86,31795,7600.0
87,31795,7600.0
88,31795,7600.0
89,31795,7600.0
90,31795,7600.0
91,31795,7600.0
92,31795,7600.0
93,31795,7600.0
94,31795,7600.0
95,31795,7600.0
96,31795,7600.0
1,31800,8000.0
2,31800,8000.0
3,31800,8000.0
4,31800,8000.0
5,31800,8000.0
6,31800,8000.0
7,31800,8000.0
8,31800,8000.0
9,31800,8000.0
10,31800,8000.0
11,31800,8000.0
12,31800,8000.0
13,31800,8000.0
14,31800,8000.0
15,31800,8000.0
16,31800,8000.0
17,31800,8000.0
18,31800,8000.0
19,31800,8000.0
20,31800,8000.0
21,31800,8000.0
22,31800,8000.0
23,31800,8000.0
24,31800,8000.0
25,31800,8000.0
26,31800,8000.0
27,31800,8000.0
28,31800,8000.0
29,31800,8000.0
30,31800,8000.0
31,31800,8000.0
32,31800,8000.0
33,31800,8000.0
34,31800,8000.0
35,31800,8000.0
36,31800,8000.0
37,31800,8000.0
38,31800,8000.0
39,31800,8000.0
40,31800,8000.0
41,31800,8000.0
42,31800,8000.0
43,31800,8000.0
44,31800,8000.0
45,31800,8000.0
46,31800,8000.0
47,31800,8000.0
48,31800,8000.0
49,31800,8000.0
50,31800,8000.0
51,31800,8000.0
52,31800,8000.0
53,31800,8000.0
54,31800,8000.0
55,31800,8000.0
56,31800,8000.0
57,31800,8000.0
58,31800,8000.0
59,31800,8000.0
60,31800,8000.0
61,31800,8000.0
62,31800,8000.0
63,31800,8000.0
64,31800,8000.0
65,31800,8000.0
66,31800,8000.0
67,31800,8000.0
68,31800,8000.0
69,31800,8000.0
70,31800,8000.0
71,31800,8000.0
72,31800,8000.0
73,31800,8000.0
74,31800,8000.0
75,31800,8000.0
76,31800,8000.0
77,31800,8000.0
78,31800,8000.0
79,31800,8000.0
80,31800,8000.0
81,31800,8000.0
82,31800,8000.0
83,31800,8000.0
84,31800,8000.0
85,31800,8000.0
86,31800,8000.0
87,31800,8000.0
88,31800,8000.0
89,31800,8000.0
90,31800,8000.0
91,31800,8000.0
92,31800,8000.0
93,31800,8000.0
94,31800,8000.0
95,31800,8000.0
96,31800,8000.0
1,31804,7600.0
2,31804,7600.0
3,31804,7600.0
4,31804,7600.0
5,31804,7600.0
6,31804,7600.0
7,31804,7600.0
8,31804,7600.0
9,31804,7600.0
10,31804,7600.0
11,31804,7600.0
12,31804,7600.0
13,31804,7600.0
14,31804,7600.0
15,31804,7600.0
16,31804,7600.0
17,31804,7600.0
18,31804,7600.0
19,31804,7600.0
20,31804,7600.0
21,31804,7600.0
22,31804,7600.0
23,31804,7600.0
24,31804,7600.0
25,31804,7600.0
26,31804,7600.0
27,31804,7600.0
28,31804,6806.6
29,31804,6806.6
30,31804,6806.6
31,31804,6806.6
32,31804,6806.6
33,31804,6806.6
34,31804,6806.6
35,31804,6806.6
36,31804,6806.6
37,31804,6806.6
38,31804,6806.6
39,31804,6806.6
40,31804,6806.6
41,31804,6806.6
42,31804,6806.6
43,31804,6806.6
44,31804,6806.6
45,31804,7600.0
46,31804,7600.0
47,31804,7600.0
48,31804,7600.0
49,31804,7600.0
50,31804,7600.0
51,31804,7600.0
52,31804,7600.0
53,31804,7600.0
54,31804,7600.0
55,31804,7600.0
56,31804,7349.72
57,31804,7349.72
58,31804,7349.72
59,31804,7349.72
60,31804,7349.72
61,31804,7349.72
62,31804,7349.72
63,31804,7349.72
64,31804,7349.72
65,31804,7349.72
66,31804,7349.72
67,31804,7349.72
68,31804,7349.72
69,31804,7349.72
70,31804,7349.72
71,31804,7349.72
72,31804,7349.72
73,31804,7349.72
74,31804,7349.72
75,31804,7349.72
76,31804,7349.72
77,31804,7600.0
78,31804,7600.0
79,31804,7600.0
80,31804,7600.0
81,31804,7600.0
82,31804,7600.0
83,31804,7600.0
84,31804,7600.0
85,31804,7600.0
86,31804,7600.0
87,31804,7600.0
88,31804,7600.0
89,31804,7600.0
90,31804,7600.0
91,31804,7600.0
92,31804,7600.0
93,31804,7600.0
94,31804,7600.0
95,31804,7600.0
96,31804,7600.0
1,31809,7600.0
2,31809,7600.0
3,31809,7600.0
4,31809,7600.0
5,31809,7600.0
6,31809,7600.0
7,31809,7600.0
8,31809,7600.0
9,31809,7600.0
10,31809,7600.0
11,31809,7600.0
12,31809,7600.0
13,31809,7600.0
14,31809,7600.0
15,31809,7600.0
16,31809,7600.0
17,31809,7600.0
18,31809,7600.0
19,31809,7600.0
20,31809,7600.0
21,31809,7600.0
22,31809,7600.0
23,31809,7600.0
24,31809,7600.0
25,31809,7600.0
26,31809,7600.0
27,31809,7600.0
28,31809,7600.0
29,31809,7600.0
30,31809,7600.0
31,31809,7600.0
32,31809,7600.0
33,31809,7600.0
34,31809,7600.0
35,31809,7600.0
36,31809,7600.0
37,31809,7600.0
38,31809,7600.0
39,31809,7600.0
40,31809,7600.0
41,31809,7600.0
42,31809,7600.0
43,31809,7600.0
44,31809,7600.0
45,31809,7600.0
46,31809,7600.0
47,31809,7600.0
48,31809,7600.0
49,31809,7600.0
50,31809,7600.0
51,31809,7600.0
52,31809,7600.0
53,31809,7600.0
54,31809,7600.0
55,31809,7600.0
56,31809,7600.0
57,31809,7600.0
58,31809,7600.0
59,31809,7600.0
60,31809,7600.0
61,31809,7600.0
62,31809,7600.0
63,31809,7600.0
64,31809,7600.0
65,31809,7600.0
66,31809,7600.0
67,31809,7600.0
68,31809,7600.0
69,31809,7600.0
70,31809,7600.0
71,31809,7600.0
72,31809,7600.0
73,31809,7600.0
74,31809,7600.0
75,31809,7600.0
76,31809,7600.0
77,31809,7600.0
78,31809,7600.0
79,31809,7600.0
80,31809,7600.0
81,31809,7600.0
82,31809,7600.0
83,31809,7600.0
84,31809,7600.0
85,31809,7600.0
86,31809,7600.0
87,31809,7600.0
88,31809,7600.0
89,31809,7600.0
90,31809,7600.0
91,31809,7600.0
92,31809,7600.0
93,31809,7600.0
94,31809,7600.0
95,31809,7600.0
96,31809,7600.0
1,31818,9500.0
2,31818,9500.0
3,31818,9500.0
4,31818,9500.0
5,31818,9500.0
6,31818,9500.0
7,31818,9500.0
8,31818,9500.0
9,31818,9500.0
10,31818,9500.0
11,31818,9500.0
12,31818,9500.0
13,31818,9500.0
14,31818,9500.0
15,31818,9500.0
16,31818,9500.0
17,31818,9500.0
18,31818,9500.0
19,31818,9500.0
20,31818,9500.0
21,31818,9500.0
22,31818,9500.0
23,31818,9500.0
24,31818,9500.0
25,31818,9500.0
26,31818,9500.0
27,31818,9500.0
28,31818,9500.0
29,31818,9500.0
30,31818,9500.0
31,31818,9500.0
32,31818,9500.0
33,31818,9500.0
34,31818,9500.0
35,31818,9500.0
36,31818,9500.0
37,31818,9500.0
38,31818,9500.0
39,31818,9500.0
40,31818,9500.0
41,31818,9500.0
42,31818,9500.0
43,31818,9500.0
44,31818,9500.0
45,31818,9500.0
46,31818,9500.0
47,31818,9500.0
48,31818,9500.0
49,31818,9500.0
50,31818,9500.0
51,31818,9500.0
52,31818,9500.0
53,31818,9500.0
54,31818,9500.0
55,31818,9500.0
56,31818,9500.0
57,31818,9500.0
58,31818,9500.0
59,31818,9500.0
60,31818,9500.0
61,31818,9500.0
62,31818,9500.0
63,31818,9500.0
64,31818,9500.0
65,31818,9500.0
66,31818,9500.0
67,31818,9500.0
68,31818,9500.0
69,31818,9500.0
70,31818,9500.0
71,31818,9500.0
72,31818,9500.0
73,31818,9500.0
74,31818,9500.0
75,31818,9500.0
76,31818,9500.0
77,31818,9500.0
78,31818,9500.0
79,31818,9500.0
80,31818,9500.0
81,31818,9500.0
82,31818,9500.0
83,31818,9500.0
84,31818,9500.0
85,31818,9500.0
86,31818,9500.0
87,31818,9500.0
88,31818,9500.0
89,31818,9500.0
90,31818,9500.0
91,31818,9500.0
92,31818,9500.0
93,31818,9500.0
94,31818,9500.0
95,31818,9500.0
96,31818,9500.0
1,31823,7600.0
2,31823,7600.0
3,31823,7600.0
4,31823,7600.0
5,31823,7600.0
6,31823,7600.0
7,31823,7600.0
8,31823,7600.0
9,31823,7600.0
10,31823,7600.0
11,31823,7600.0
12,31823,7600.0
13,31823,7600.0
14,31823,7600.0
15,31823,7600.0
16,31823,7600.0
17,31823,7600.0
18,31823,7600.0
19,31823,7600.0
20,31823,7600.0
21,31823,7600.0
22,31823,7600.0
23,31823,7600.0
24,31823,7600.0
25,31823,7600.0
26,31823,7600.0
27,31823,7600.0
28,31823,7600.0
29,31823,7600.0
30,31823,7600.0
31,31823,7600.0
32,31823,7600.0
33,31823,7600.0
34,31823,7600.0
35,31823,7600.0
36,31823,7600.0
37,31823,7600.0
38,31823,7600.0
39,31823,7600.0
40,31823,7600.0
41,31823,7600.0
42,31823,7600.0
43,31823,7600.0
44,31823,7600.0
45,31823,7600.0
46,31823,7600.0
47,31823,7600.0
48,31823,7600.0
49,31823,7600.0
50,31823,7600.0
51,31823,7600.0
52,31823,7600.0
53,31823,7600.0
54,31823,7600.0
55,31823,7600.0
56,31823,7600.0
57,31823,7600.0
58,31823,7600.0
59,31823,7600.0
60,31823,7600.0
61,31823,7600.0
62,31823,7600.0
63,31823,7600.0
64,31823,7600.0
65,31823,7600.0
66,31823,7600.0
67,31823,7600.0
68,31823,7600.0
69,31823,7600.0
70,31823,7600.0
71,31823,7600.0
72,31823,7600.0
73,31823,7600.0
74,31823,7600.0
75,31823,7600.0
76,31823,7600.0
77,31823,7600.0
78,31823,7600.0
79,31823,7600.0
80,31823,7600.0
81,31823,7600.0
82,31823,7600.0
83,31823,7600.0
84,31823,7600.0
85,31823,7600.0
86,31823,7600.0
87,31823,7600.0
88,31823,7600.0
89,31823,7600.0
90,31823,7600.0
91,31823,7600.0
92,31823,7600.0
93,31823,7600.0
94,31823,7600.0
95,31823,7600.0
96,31823,7600.0
1,31829,7600.0
2,31829,7600.0
3,31829,7600.0
4,31829,7600.0
5,31829,7600.0
6,31829,7600.0
7,31829,7600.0
8,31829,7600.0
9,31829,7600.0
10,31829,7600.0
11,31829,7600.0
12,31829,7600.0
13,31829,7600.0
14,31829,7600.0
15,31829,7600.0
16,31829,7600.0
17,31829,7600.0
18,31829,7600.0
19,31829,7600.0
20,31829,7600.0
21,31829,7600.0
22,31829,7600.0
23,31829,7600.0
24,31829,7600.0
25,31829,7600.0
26,31829,7600.0
27,31829,7600.0
28,31829,7600.0
29,31829,7600.0
30,31829,7600.0
31,31829,7600.0
32,31829,7600.0
33,31829,7600.0
34,31829,7600.0
35,31829,7600.0
36,31829,7600.0
37,31829,7600.0
38,31829,7600.0
39,31829,7600.0
40,31829,7600.0
41,31829,7600.0
42,31829,7600.0
43,31829,7600.0
44,31829,7600.0
45,31829,7600.0
46,31829,7600.0
47,31829,7600.0
48,31829,7600.0
49,31829,7600.0
50,31829,7600.0
51,31829,7600.0
52,31829,7600.0
53,31829,7600.0
54,31829,7600.0
55,31829,7600.0
56,31829,7600.0
57,31829,7600.0
58,31829,7600.0
59,31829,7600.0
60,31829,7600.0
61,31829,7600.0
62,31829,7600.0
63,31829,7600.0
64,31829,7600.0
65,31829,7600.0
66,31829,7600.0
67,31829,7600.0
68,31829,7600.0
69,31829,7600.0
70,31829,7600.0
71,31829,7600.0
72,31829,7600.0
73,31829,7600.0
74,31829,7600.0
75,31829,7600.0
76,31829,7600.0
77,31829,7600.0
78,31829,7600.0
79,31829,7600.0
80,31829,7600.0
81,31829,7600.0
82,31829,7600.0
83,31829,7600.0
84,31829,7600.0
85,31829,7600.0
86,31829,7600.0
87,31829,7600.0
88,31829,7600.0
89,31829,7600.0
90,31829,7600.0
91,31829,7600.0
92,31829,7600.0
93,31829,7600.0
94,31829,7600.0
95,31829,7600.0
96,31829,7600.0
1,31833,5700.0
2,31833,5700.0
3,31833,5700.0
4,31833,5700.0
5,31833,5700.0
6,31833,5700.0
7,31833,5700.0
8,31833,5700.0
9,31833,5700.0
10,31833,5700.0
11,31833,5700.0
12,31833,5700.0
13,31833,5700.0
14,31833,5700.0
15,31833,5700.0
16,31833,5700.0
17,31833,5700.0
18,31833,5700.0
19,31833,5700.0
20,31833,5700.0
21,31833,5700.0
22,31833,5700.0
23,31833,5700.0
24,31833,5700.0
25,31833,5700.0
26,31833,5700.0
27,31833,5700.0
28,31833,5700.0
29,31833,5700.0
30,31833,5700.0
31,31833,5700.0
32,31833,5700.0
33,31833,5700.0
34,31833,5700.0
35,31833,5700.0
36,31833,5700.0
37,31833,5700.0
38,31833,5700.0
39,31833,5700.0
40,31833,5700.0
41,31833,5700.0
42,31833,5700.0
43,31833,5700.0
44,31833,5700.0
45,31833,5700.0
46,31833,5700.0
47,31833,5700.0
48,31833,5700.0
49,31833,5700.0
50,31833,5700.0
51,31833,5700.0
52,31833,5700.0
53,31833,5700.0
54,31833,5700.0
55,31833,5700.0
56,31833,5700.0
57,31833,5700.0
58,31833,5700.0
59,31833,5700.0
60,31833,5700.0
61,31833,5700.0
62,31833,5700.0
63,31833,5700.0
64,31833,5700.0
65,31833,5700.0
66,31833,5700.0
67,31833,5700.0
68,31833,5700.0
69,31833,5700.0
70,31833,5700.0
71,31833,5700.0
72,31833,5700.0
73,31833,5700.0
74,31833,5700.0
75,31833,5700.0
76,31833,5700.0
77,31833,5700.0
78,31833,5700.0
79,31833,5700.0
80,31833,5700.0
81,31833,5700.0
82,31833,5700.0
83,31833,5700.0
84,31833,5700.0
85,31833,5700.0
86,31833,5700.0
87,31833,5700.0
88,31833,5700.0
89,31833,5700.0
90,31833,5700.0
91,31833,5700.0
92,31833,5700.0
93,31833,5700.0
94,31833,5700.0
95,31833,5700.0
96,31833,5700.0
1,32029,7600.0
2,32029,7600.0
3,32029,7600.0
4,32029,7600.0
5,32029,7600.0
6,32029,7600.0
7,32029,7600.0
8,32029,7600.0
9,32029,7600.0
10,32029,7600.0
11,32029,7600.0
12,32029,7600.0
13,32029,7600.0
14,32029,7600.0
15,32029,7600.0
16,32029,7600.0
17,32029,7600.0
18,32029,7600.0
19,32029,7600.0
20,32029,7600.0
21,32029,7600.0
22,32029,7600.0
23,32029,7600.0
24,32029,7600.0
25,32029,7600.0
26,32029,7600.0
27,32029,7600.0
28,32029,7600.0
29,32029,7600.0
30,32029,7600.0
31,32029,7600.0
32,32029,7600.0
33,32029,7600.0
34,32029,7600.0
35,32029,7600.0
36,32029,7600.0
37,32029,7600.0
38,32029,7600.0
39,32029,7600.0
40,32029,7600.0
41,32029,7600.0
42,32029,7600.0
43,32029,7600.0
44,32029,7600.0
45,32029,7600.0
46,32029,7600.0
47,32029,7600.0
48,32029,7600.0
49,32029,7600.0
50,32029,7600.0
51,32029,7600.0
52,32029,7600.0
53,32029,7600.0
54,32029,7600.0
55,32029,6771.34
56,32029,6771.34
57,32029,6771.34
58,32029,6771.34
59,32029,6771.34
60,32029,6771.34
61,32029,6771.34
62,32029,6771.34
63,32029,6771.34
64,32029,6771.34
65,32029,6771.34
66,32029,6771.34
67,32029,6771.34
68,32029,6771.34
69,32029,6771.34
70,32029,6771.34
71,32029,6771.34
72,32029,6771.34
73,32029,6771.34
74,32029,6771.34
75,32029,6771.34
76,32029,6771.34
77,32029,6771.34
78,32029,6771.34
79,32029,6771.34
80,32029,7600.0
81,32029,7600.0
82,32029,7600.0
83,32029,7600.0
84,32029,7600.0
85,32029,7600.0
86,32029,7600.0
87,32029,7600.0
88,32029,7600.0
89,32029,7600.0
90,32029,7600.0
91,32029,7600.0
92,32029,7600.0
93,32029,7600.0
94,32029,7600.0
95,32029,7600.0
96,32029,7600.0
1,32031,7600.0
2,32031,7600.0
3,32031,7600.0
4,32031,7600.0
5,32031,7600.0
6,32031,7600.0
7,32031,7600.0
8,32031,7600.0
9,32031,7600.0
10,32031,7600.0
11,32031,7600.0
12,32031,7600.0
13,32031,7600.0
14,32031,7600.0
15,32031,7600.0
16,32031,7600.0
17,32031,7600.0
18,32031,7600.0
19,32031,7600.0
20,32031,7600.0
21,32031,7600.0
22,32031,7600.0
23,32031,7600.0
24,32031,7600.0
25,32031,7600.0
26,32031,7600.0
27,32031,7600.0
28,32031,7600.0
29,32031,7600.0
30,32031,7600.0
31,32031,7600.0
32,32031,7600.0
33,32031,7600.0
34,32031,7600.0
35,32031,7600.0
36,32031,7600.0
37,32031,7600.0
38,32031,7600.0
39,32031,7600.0
40,32031,7600.0
41,32031,7600.0
42,32031,7600.0
43,32031,7600.0
44,32031,7600.0
45,32031,7600.0
46,32031,7600.0
47,32031,7600.0
48,32031,7600.0
49,32031,7600.0
50,32031,7600.0
51,32031,7600.0
52,32031,7600.0
53,32031,7600.0
54,32031,7600.0
55,32031,7600.0
56,32031,7403.18
57,32031,7403.18
58,32031,7403.18
59,32031,7403.18
60,32031,7403.18
61,32031,7403.18
62,32031,7403.18
63,32031,7403.18
64,32031,7403.18
65,32031,7403.18
66,32031,7403.18
67,32031,7403.18
68,32031,7403.18
69,32031,7403.18
70,32031,7403.18
71,32031,7403.18
72,32031,7403.18
73,32031,7403.18
74,32031,7403.18
75,32031,7403.18
76,32031,7403.18
77,32031,7403.18
78,32031,7403.18
79,32031,7403.18
80,32031,7600.0
81,32031,7600.0
82,32031,7600.0
83,32031,7600.0
84,32031,7600.0
85,32031,7600.0
86,32031,7600.0
87,32031,7600.0
88,32031,7600.0
89,32031,7600.0
90,32031,7600.0
91,32031,7600.0
92,32031,7600.0
93,32031,7600.0
94,32031,7600.0
95,32031,7600.0
96,32031,7600.0
1,32032,8000.0
2,32032,8000.0
3,32032,8000.0
4,32032,8000.0
5,32032,8000.0
6,32032,8000.0
7,32032,8000.0
8,32032,8000.0
9,32032,8000.0
10,32032,8000.0
11,32032,8000.0
12,32032,8000.0
13,32032,8000.0
14,32032,8000.0
15,32032,8000.0
16,32032,8000.0
17,32032,8000.0
18,32032,8000.0
19,32032,8000.0
20,32032,8000.0
21,32032,8000.0
22,32032,8000.0
23,32032,8000.0
24,32032,8000.0
25,32032,8000.0
26,32032,8000.0
27,32032,8000.0
28,32032,8000.0
29,32032,8000.0
30,32032,8000.0
31,32032,8000.0
32,32032,8000.0
33,32032,8000.0
34,32032,8000.0
35,32032,8000.0
36,32032,8000.0
37,32032,8000.0
38,32032,8000.0
39,32032,8000.0
40,32032,8000.0
41,32032,8000.0
42,32032,8000.0
43,32032,8000.0
44,32032,8000.0
45,32032,8000.0
46,32032,8000.0
47,32032,8000.0
48,32032,8000.0
49,32032,8000.0
50,32032,8000.0
51,32032,8000.0
52,32032,8000.0
53,32032,8000.0
54,32032,8000.0
55,32032,8000.0
56,32032,8000.0
57,32032,8000.0
58,32032,8000.0
59,32032,8000.0
60,32032,8000.0
61,32032,8000.0
62,32032,8000.0
63,32032,8000.0
64,32032,8000.0
65,32032,8000.0
66,32032,8000.0
67,32032,8000.0
68,32032,8000.0
69,32032,8000.0
70,32032,8000.0
71,32032,8000.0
72,32032,8000.0
73,32032,8000.0
74,32032,8000.0
75,32032,8000.0
76,32032,8000.0
77,32032,8000.0
78,32032,8000.0
79,32032,8000.0
80,32032,8000.0
81,32032,8000.0
82,32032,8000.0
83,32032,8000.0
84,32032,8000.0
85,32032,8000.0
86,32032,8000.0
87,32032,8000.0
88,32032,8000.0
89,32032,8000.0
90,32032,8000.0
91,32032,8000.0
92,32032,8000.0
93,32032,8000.0
94,32032,8000.0
95,32032,8000.0
96,32032,8000.0
1,32034,7600.0
2,32034,7600.0
3,32034,7600.0
4,32034,7600.0
5,32034,7600.0
6,32034,7600.0
7,32034,7600.0
8,32034,7600.0
9,32034,7600.0
10,32034,7600.0
11,32034,7600.0
12,32034,7600.0
13,32034,7600.0
14,32034,7600.0
15,32034,7600.0
16,32034,7600.0
17,32034,7600.0
18,32034,7600.0
19,32034,7600.0
20,32034,7600.0
21,32034,7600.0
22,32034,7600.0
23,32034,7600.0
24,32034,7600.0
25,32034,7600.0
26,32034,7600.0
27,32034,7600.0
28,32034,7600.0
29,32034,7600.0
30,32034,7600.0
31,32034,7600.0
32,32034,7600.0
33,32034,7600.0
34,32034,7600.0
35,32034,7600.0
36,32034,7600.0
37,32034,7600.0
38,32034,7600.0
39,32034,7600.0
40,32034,7600.0
41,32034,7600.0
42,32034,7600.0
43,32034,7600.0
44,32034,7600.0
45,32034,7600.0
46,32034,7600.0
47,32034,7600.0
48,32034,7600.0
49,32034,7600.0
50,32034,7600.0
51,32034,7600.0
52,32034,7600.0
53,32034,7600.0
54,32034,7600.0
55,32034,7600.0
56,32034,7600.0
57,32034,7600.0
58,32034,7600.0
59,32034,7600.0
60,32034,7600.0
61,32034,7600.0
62,32034,7600.0
63,32034,7600.0
64,32034,7600.0
65,32034,7600.0
66,32034,7600.0
67,32034,7600.0
68,32034,7600.0
69,32034,7600.0
70,32034,7600.0
71,32034,7600.0
72,32034,7600.0
73,32034,7600.0
74,32034,7600.0
75,32034,7600.0
76,32034,7600.0
77,32034,7600.0
78,32034,7600.0
79,32034,7600.0
80,32034,7600.0
81,32034,7600.0
82,32034,7600.0
83,32034,7600.0
84,32034,7600.0
85,32034,7600.0
86,32034,7600.0
87,32034,7600.0
88,32034,7600.0
89,32034,7600.0
90,32034,7600.0
91,32034,7600.0
92,32034,7600.0
93,32034,7600.0
94,32034,7600.0
95,32034,7600.0
96,32034,7600.0
1,32035,7600.0
2,32035,7600.0
3,32035,7600.0
4,32035,7600.0
5,32035,7600.0
6,32035,7600.0
7,32035,7600.0
8,32035,7600.0
9,32035,7600.0
10,32035,7600.0
11,32035,7600.0
12,32035,7600.0
13,32035,7600.0
14,32035,7600.0
15,32035,7600.0
16,32035,7600.0
17,32035,7600.0
18,32035,7600.0
19,32035,7600.0
20,32035,7600.0
21,32035,7600.0
22,32035,7600.0
23,32035,7600.0
24,32035,7600.0
25,32035,7600.0
26,32035,7600.0
27,32035,7600.0
28,32035,7600.0
29,32035,7600.0
30,32035,7600.0
31,32035,7600.0
32,32035,7600.0
33,32035,7600.0
34,32035,7600.0
35,32035,7600.0
36,32035,7600.0
37,32035,7600.0
38,32035,7600.0
39,32035,7600.0
40,32035,7600.0
41,32035,7600.0
42,32035,7600.0
43,32035,7600.0
44,32035,7600.0
45,32035,7600.0
46,32035,7600.0
47,32035,7600.0
48,32035,7600.0
49,32035,7600.0
50,32035,7600.0
51,32035,7600.0
52,32035,7600.0
53,32035,7600.0
54,32035,7600.0
55,32035,7600.0
56,32035,7600.0
57,32035,7600.0
58,32035,7600.0
59,32035,7600.0
60,32035,7600.0
61,32035,7600.0
62,32035,7600.0
63,32035,7600.0
64,32035,7600.0
65,32035,7600.0
66,32035,7600.0
67,32035,7600.0
68,32035,7600.0
69,32035,7600.0
70,32035,7600.0
71,32035,7600.0
72,32035,7600.0
73,32035,7600.0
74,32035,7600.0
75,32035,7600.0
76,32035,7600.0
77,32035,7600.0
78,32035,7600.0
79,32035,7600.0
80,32035,7600.0
81,32035,7600.0
82,32035,7600.0
83,32035,7600.0
84,32035,7600.0
85,32035,7600.0
86,32035,7600.0
87,32035,7600.0
88,32035,7600.0
89,32035,7600.0
90,32035,7600.0
91,32035,7600.0
92,32035,7600.0
93,32035,7600.0
94,32035,7600.0
95,32035,7600.0
96,32035,7600.0
1,32037,7600.0
2,32037,7600.0
3,32037,7600.0
4,32037,7600.0
5,32037,7600.0
6,32037,7600.0
7,32037,7600.0
8,32037,7600.0
9,32037,7600.0
10,32037,7600.0
11,32037,7600.0
12,32037,7600.0
13,32037,7600.0
14,32037,7600.0
15,32037,7600.0
16,32037,7600.0
17,32037,7600.0
18,32037,7600.0
19,32037,7600.0
20,32037,7600.0
21,32037,7600.0
22,32037,7600.0
23,32037,7600.0
24,32037,7600.0
25,32037,7600.0
26,32037,7600.0
27,32037,7600.0
28,32037,7600.0
29,32037,7600.0
30,32037,7600.0
31,32037,7600.0
32,32037,7600.0
33,32037,7600.0
34,32037,7600.0
35,32037,7600.0
36,32037,7600.0
37,32037,7600.0
38,32037,7600.0
39,32037,7600.0
40,32037,7600.0
41,32037,7600.0
42,32037,7600.0
43,32037,7600.0
44,32037,7600.0
45,32037,7600.0
46,32037,7600.0
47,32037,7600.0
48,32037,7600.0
49,32037,7600.0
50,32037,7600.0
51,32037,7600.0
52,32037,7600.0
53,32037,7600.0
54,32037,7600.0
55,32037,7600.0
56,32037,7600.0
57,32037,7600.0
58,32037,7600.0
59,32037,7600.0
60,32037,7600.0
61,32037,7600.0
62,32037,7511.74
63,32037,7511.74
64,32037,7511.74
65,32037,7511.74
66,32037,7511.74
67,32037,7511.74
68,32037,7511.74
69,32037,7511.74
70,32037,7511.74
71,32037,7511.74
72,32037,7511.74
73,32037,7511.74
74,32037,7600.0
75,32037,7600.0
76,32037,7600.0
77,32037,7600.0
78,32037,7600.0
79,32037,7600.0
80,32037,7600.0
81,32037,7600.0
82,32037,7600.0
83,32037,7600.0
84,32037,7600.0
85,32037,7600.0
86,32037,7600.0
87,32037,7600.0
88,32037,7600.0
89,32037,7600.0
90,32037,7600.0
91,32037,7600.0
92,32037,7600.0
93,32037,7600.0
94,32037,7600.0
95,32037,7600.0
96,32037,7600.0
1,32038,9500.0
2,32038,9500.0
3,32038,9500.0
4,32038,9500.0
5,32038,9500.0
6,32038,9500.0
7,32038,9500.0
8,32038,9500.0
9,32038,9500.0
10,32038,9500.0
11,32038,9500.0
12,32038,9500.0
13,32038,9500.0
14,32038,9500.0
15,32038,9500.0
16,32038,9500.0
17,32038,9500.0
18,32038,9500.0
19,32038,9500.0
20,32038,9500.0
21,32038,9500.0
22,32038,9500.0
23,32038,9500.0
24,32038,9500.0
25,32038,9500.0
26,32038,9500.0
27,32038,9500.0
28,32038,9500.0
29,32038,9500.0
30,32038,9500.0
31,32038,9500.0
32,32038,9500.0
33,32038,9500.0
34,32038,9500.0
35,32038,9500.0
36,32038,9500.0
37,32038,9500.0
38,32038,9500.0
39,32038,9500.0
40,32038,9500.0
41,32038,9500.0
42,32038,9500.0
43,32038,9500.0
44,32038,9500.0
45,32038,9500.0
46,32038,9500.0
47,32038,9500.0
48,32038,9500.0
49,32038,9500.0
50,32038,9500.0
51,32038,9500.0
52,32038,9500.0
53,32038,9500.0
54,32038,9500.0
55,32038,9500.0
56,32038,9500.0
57,32038,9500.0
58,32038,9500.0
59,32038,9500.0
60,32038,9500.0
61,32038,9500.0
62,32038,9389.67
63,32038,9389.67
64,32038,9389.67
65,32038,9389.67
66,32038,9389.67
67,32038,9389.67
68,32038,9389.67
69,32038,9389.67
70,32038,9389.67
71,32038,9389.67
72,32038,9389.67
73,32038,9389.67
74,32038,9500.0
75,32038,9500.0
76,32038,9500.0
77,32038,9500.0
78,32038,9500.0
79,32038,9500.0
80,32038,9500.0
81,32038,9500.0
82,32038,9500.0
83,32038,9500.0
84,32038,9500.0
85,32038,9500.0
86,32038,9500.0
87,32038,9500.0
88,32038,9500.0
89,32038,9500.0
90,32038,9500.0
91,32038,9500.0
92,32038,9500.0
93,32038,9500.0
94,32038,9500.0
95,32038,9500.0
96,32038,9500.0
1,32041,5700.0
2,32041,5700.0
3,32041,5700.0
4,32041,5700.0
5,32041,5700.0
6,32041,5700.0
7,32041,5700.0
8,32041,5700.0
9,32041,5700.0
10,32041,5700.0
11,32041,5700.0
12,32041,5700.0
13,32041,5700.0
14,32041,5700.0
15,32041,5700.0
16,32041,5700.0
17,32041,5700.0
18,32041,5700.0
19,32041,5700.0
20,32041,5700.0
21,32041,5700.0
22,32041,5700.0
23,32041,5700.0
24,32041,5700.0
25,32041,5700.0
26,32041,5700.0
27,32041,5700.0
28,32041,5700.0
29,32041,5700.0
30,32041,5700.0
31,32041,5700.0
32,32041,5700.0
33,32041,5700.0
34,32041,5700.0
35,32041,5700.0
36,32041,5700.0
37,32041,5700.0
38,32041,5700.0
39,32041,5700.0
40,32041,5700.0
41,32041,5700.0
42,32041,5700.0
43,32041,5700.0
44,32041,5700.0
45,32041,5700.0
46,32041,5700.0
47,32041,5700.0
48,32041,5700.0
49,32041,5700.0
50,32041,5700.0
51,32041,5700.0
52,32041,5700.0
53,32041,5700.0
54,32041,5700.0
55,32041,5700.0
56,32041,5700.0
57,32041,5700.0
58,32041,5700.0
59,32041,5700.0
60,32041,5700.0
61,32041,5700.0
62,32041,5700.0
63,32041,5700.0
64,32041,5700.0
65,32041,5700.0
66,32041,5700.0
67,32041,5700.0
68,32041,5700.0
69,32041,5700.0
70,32041,5700.0
71,32041,5700.0
72,32041,5700.0
73,32041,5700.0
74,32041,5700.0
75,32041,5700.0
76,32041,5700.0
77,32041,5700.0
78,32041,5700.0
79,32041,5700.0
80,32041,5700.0
81,32041,5700.0
82,32041,5700.0
83,32041,5700.0
84,32041,5700.0
85,32041,5700.0
86,32041,5700.0
87,32041,5700.0
88,32041,5700.0
89,32041,5700.0
90,32041,5700.0
91,32041,5700.0
92,32041,5700.0
93,32041,5700.0
94,32041,5700.0
95,32041,5700.0
96,32041,5700.0
1,32042,7600.0
2,32042,7600.0
3,32042,7600.0
4,32042,7600.0
5,32042,7600.0
6,32042,7600.0
7,32042,7600.0
8,32042,7600.0
9,32042,7600.0
10,32042,7600.0
11,32042,7600.0
12,32042,7600.0
13,32042,7600.0
14,32042,7600.0
15,32042,7600.0
16,32042,7600.0
17,32042,7600.0
18,32042,7600.0
19,32042,7600.0
20,32042,7600.0
21,32042,7600.0
22,32042,7600.0
23,32042,7600.0
24,32042,7600.0
25,32042,7600.0
26,32042,7600.0
27,32042,7600.0
28,32042,7600.0
29,32042,7600.0
30,32042,7600.0
31,32042,7600.0
32,32042,7600.0
33,32042,7600.0
34,32042,7600.0
35,32042,7600.0
36,32042,7600.0
37,32042,7600.0
38,32042,7600.0
39,32042,7600.0
40,32042,7600.0
41,32042,7600.0
42,32042,7600.0
43,32042,7600.0
44,32042,7600.0
45,32042,7600.0
46,32042,7600.0
47,32042,7600.0
48,32042,7600.0
49,32042,7600.0
50,32042,7600.0
51,32042,7600.0
52,32042,7600.0
53,32042,7600.0
54,32042,7600.0
55,32042,7600.0
56,32042,7600.0
57,32042,7600.0
58,32042,7600.0
59,32042,7600.0
60,32042,7600.0
61,32042,7600.0
62,32042,7600.0
63,32042,7600.0
64,32042,7600.0
65,32042,7600.0
66,32042,7600.0
67,32042,7600.0
68,32042,7600.0
69,32042,7600.0
70,32042,7600.0
71,32042,7600.0
72,32042,7600.0
73,32042,7600.0
74,32042,7600.0
75,32042,7600.0
76,32042,7600.0
77,32042,7600.0
78,32042,7600.0
79,32042,7600.0
80,32042,7600.0
81,32042,7600.0
82,32042,7600.0
83,32042,7600.0
84,32042,7600.0
85,32042,7600.0
86,32042,7600.0
87,32042,7600.0
88,32042,7600.0
89,32042,7600.0
90,32042,7600.0
91,32042,7600.0
92,32042,7600.0
93,32042,7600.0
94,32042,7600.0
95,32042,7600.0
96,32042,7600.0
1,32044,6000.0
2,32044,6000.0
3,32044,6000.0
4,32044,6000.0
5,32044,6000.0
6,32044,6000.0
7,32044,6000.0
8,32044,6000.0
9,32044,6000.0
10,32044,6000.0
11,32044,6000.0
12,32044,6000.0
13,32044,6000.0
14,32044,6000.0
15,32044,6000.0
16,32044,6000.0
17,32044,6000.0
18,32044,6000.0
19,32044,6000.0
20,32044,6000.0
21,32044,6000.0
22,32044,6000.0
23,32044,6000.0
24,32044,6000.0
25,32044,6000.0
26,32044,6000.0
27,32044,6000.0
28,32044,6000.0
29,32044,6000.0
30,32044,6000.0
31,32044,6000.0
32,32044,6000.0
33,32044,6000.0
34,32044,6000.0
35,32044,6000.0
36,32044,6000.0
37,32044,6000.0
38,32044,6000.0
39,32044,6000.0
40,32044,6000.0
41,32044,6000.0
42,32044,6000.0
43,32044,6000.0
44,32044,6000.0
45,32044,6000.0
46,32044,6000.0
47,32044,6000.0
48,32044,6000.0
49,32044,6000.0
50,32044,6000.0
51,32044,6000.0
52,32044,6000.0
53,32044,6000.0
54,32044,6000.0
55,32044,6000.0
56,32044,6000.0
57,32044,6000.0
58,32044,6000.0
59,32044,6000.0
60,32044,6000.0
61,32044,6000.0
62,32044,6000.0
63,32044,6000.0
64,32044,6000.0
65,32044,6000.0
66,32044,6000.0
67,32044,6000.0
68,32044,6000.0
69,32044,6000.0
70,32044,6000.0
71,32044,6000.0
72,32044,6000.0
73,32044,6000.0
74,32044,6000.0
75,32044,6000.0
76,32044,6000.0
77,32044,6000.0
78,32044,6000.0
79,32044,6000.0
80,32044,6000.0
81,32044,6000.0
82,32044,6000.0
83,32044,6000.0
84,32044,6000.0
85,32044,6000.0
86,32044,6000.0
87,32044,6000.0
88,32044,6000.0
89,32044,6000.0
90,32044,6000.0
91,32044,6000.0
92,32044,6000.0
93,32044,6000.0
94,32044,6000.0
95,32044,6000.0
96,32044,6000.0
1,32045,6000.0
2,32045,6000.0
3,32045,6000.0
4,32045,6000.0
5,32045,6000.0
6,32045,6000.0
7,32045,6000.0
8,32045,6000.0
9,32045,6000.0
10,32045,6000.0
11,32045,6000.0
12,32045,6000.0
13,32045,6000.0
14,32045,6000.0
15,32045,6000.0
16,32045,6000.0
17,32045,6000.0
18,32045,6000.0
19,32045,6000.0
20,32045,6000.0
21,32045,6000.0
22,32045,6000.0
23,32045,6000.0
24,32045,6000.0
25,32045,6000.0
26,32045,6000.0
27,32045,6000.0
28,32045,6000.0
29,32045,6000.0
30,32045,6000.0
31,32045,6000.0
32,32045,6000.0
33,32045,6000.0
34,32045,6000.0
35,32045,6000.0
36,32045,6000.0
37,32045,6000.0
38,32045,6000.0
39,32045,6000.0
40,32045,6000.0
41,32045,6000.0
42,32045,6000.0
43,32045,6000.0
44,32045,6000.0
45,32045,6000.0
46,32045,6000.0
47,32045,6000.0
48,32045,6000.0
49,32045,6000.0
50,32045,6000.0
51,32045,6000.0
52,32045,6000.0
53,32045,6000.0
54,32045,6000.0
55,32045,6000.0
56,32045,6000.0
57,32045,6000.0
58,32045,6000.0
59,32045,6000.0
60,32045,6000.0
61,32045,6000.0
62,32045,6000.0
63,32045,6000.0
64,32045,6000.0
65,32045,6000.0
66,32045,6000.0
67,32045,6000.0
68,32045,6000.0
69,32045,6000.0
70,32045,6000.0
71,32045,6000.0
72,32045,6000.0
73,32045,6000.0
74,32045,6000.0
75,32045,6000.0
76,32045,6000.0
77,32045,6000.0
78,32045,6000.0
79,32045,6000.0
80,32045,6000.0
81,32045,6000.0
82,32045,6000.0
83,32045,6000.0
84,32045,6000.0
85,32045,6000.0
86,32045,6000.0
87,32045,6000.0
88,32045,6000.0
89,32045,6000.0
90,32045,6000.0
91,32045,6000.0
92,32045,6000.0
93,32045,6000.0
94,32045,6000.0
95,32045,6000.0
96,32045,6000.0
1,32130,4000.0
2,32130,4000.0
3,32130,4000.0
4,32130,4000.0
5,32130,4000.0
6,32130,4000.0
7,32130,4000.0
8,32130,4000.0
9,32130,4000.0
10,32130,4000.0
11,32130,4000.0
12,32130,4000.0
13,32130,4000.0
14,32130,4000.0
15,32130,4000.0
16,32130,4000.0
17,32130,4000.0
18,32130,4000.0
19,32130,4000.0
20,32130,4000.0
21,32130,4000.0
22,32130,4000.0
23,32130,4000.0
24,32130,4000.0
25,32130,4000.0
26,32130,4000.0
27,32130,4000.0
28,32130,4000.0
29,32130,4000.0
30,32130,4000.0
31,32130,4000.0
32,32130,4000.0
33,32130,4000.0
34,32130,4000.0
35,32130,4000.0
36,32130,4000.0
37,32130,4000.0
38,32130,4000.0
39,32130,4000.0
40,32130,4000.0
41,32130,4000.0
42,32130,4000.0
43,32130,4000.0
44,32130,4000.0
45,32130,4000.0
46,32130,4000.0
47,32130,4000.0
48,32130,4000.0
49,32130,4000.0
50,32130,4000.0
51,32130,4000.0
52,32130,4000.0
53,32130,4000.0
54,32130,4000.0
55,32130,4000.0
56,32130,4000.0
57,32130,4000.0
58,32130,4000.0
59,32130,4000.0
60,32130,4000.0
61,32130,4000.0
62,32130,4000.0
63,32130,4000.0
64,32130,4000.0
65,32130,4000.0
66,32130,4000.0
67,32130,4000.0
68,32130,4000.0
69,32130,4000.0
70,32130,4000.0
71,32130,4000.0
72,32130,4000.0
73,32130,4000.0
74,32130,4000.0
75,32130,4000.0
76,32130,4000.0
77,32130,4000.0
78,32130,4000.0
79,32130,4000.0
80,32130,4000.0
81,32130,4000.0
82,32130,4000.0
83,32130,4000.0
84,32130,4000.0
85,32130,4000.0
86,32130,4000.0
87,32130,4000.0
88,32130,4000.0
89,32130,4000.0
90,32130,4000.0
91,32130,4000.0
92,32130,4000.0
93,32130,4000.0
94,32130,4000.0
95,32130,4000.0
96,32130,4000.0
1,32133,8000.0
2,32133,8000.0
3,32133,8000.0
4,32133,8000.0
5,32133,8000.0
6,32133,8000.0
7,32133,8000.0
8,32133,8000.0
9,32133,8000.0
10,32133,8000.0
11,32133,8000.0
12,32133,8000.0
13,32133,8000.0
14,32133,8000.0
15,32133,8000.0
16,32133,8000.0
17,32133,8000.0
18,32133,8000.0
19,32133,8000.0
20,32133,8000.0
21,32133,8000.0
22,32133,8000.0
23,32133,8000.0
24,32133,8000.0
25,32133,8000.0
26,32133,8000.0
27,32133,8000.0
28,32133,8000.0
29,32133,8000.0
30,32133,8000.0
31,32133,8000.0
32,32133,8000.0
33,32133,8000.0
34,32133,8000.0
35,32133,8000.0
36,32133,8000.0
37,32133,8000.0
38,32133,8000.0
39,32133,8000.0
40,32133,8000.0
41,32133,8000.0
42,32133,8000.0
43,32133,8000.0
44,32133,8000.0
45,32133,8000.0
46,32133,8000.0
47,32133,8000.0
48,32133,8000.0
49,32133,8000.0
50,32133,8000.0
51,32133,8000.0
52,32133,8000.0
53,32133,8000.0
54,32133,8000.0
55,32133,8000.0
56,32133,8000.0
57,32133,8000.0
58,32133,8000.0
59,32133,8000.0
60,32133,8000.0
61,32133,8000.0
62,32133,8000.0
63,32133,8000.0
64,32133,8000.0
65,32133,8000.0
66,32133,8000.0
67,32133,8000.0
68,32133,8000.0
69,32133,8000.0
70,32133,8000.0
71,32133,8000.0
72,32133,8000.0
73,32133,8000.0
74,32133,8000.0
75,32133,8000.0
76,32133,8000.0
77,32133,8000.0
78,32133,8000.0
79,32133,8000.0
80,32133,8000.0
81,32133,8000.0
82,32133,8000.0
83,32133,8000.0
84,32133,8000.0
85,32133,8000.0
86,32133,8000.0
87,32133,8000.0
88,32133,8000.0
89,32133,8000.0
90,32133,8000.0
91,32133,8000.0
92,32133,8000.0
93,32133,8000.0
94,32133,8000.0
95,32133,8000.0
96,32133,8000.0
1,32134,8000.0
2,32134,8000.0
3,32134,8000.0
4,32134,8000.0
5,32134,8000.0
6,32134,8000.0
7,32134,8000.0
8,32134,8000.0
9,32134,8000.0
10,32134,8000.0
11,32134,8000.0
12,32134,8000.0
13,32134,8000.0
14,32134,8000.0
15,32134,8000.0
16,32134,8000.0
17,32134,8000.0
18,32134,8000.0
19,32134,8000.0
20,32134,8000.0
21,32134,8000.0
22,32134,8000.0
23,32134,8000.0
24,32134,8000.0
25,32134,8000.0
26,32134,8000.0
27,32134,8000.0
28,32134,8000.0
29,32134,8000.0
30,32134,8000.0
31,32134,8000.0
32,32134,8000.0
33,32134,8000.0
34,32134,8000.0
35,32134,8000.0
36,32134,8000.0
37,32134,8000.0
38,32134,8000.0
39,32134,8000.0
40,32134,8000.0
41,32134,8000.0
42,32134,8000.0
43,32134,8000.0
44,32134,8000.0
45,32134,8000.0
46,32134,8000.0
47,32134,8000.0
48,32134,8000.0
49,32134,8000.0
50,32134,8000.0
51,32134,8000.0
52,32134,8000.0
53,32134,8000.0
54,32134,8000.0
55,32134,8000.0
56,32134,8000.0
57,32134,8000.0
58,32134,8000.0
59,32134,8000.0
60,32134,8000.0
61,32134,8000.0
62,32134,8000.0
63,32134,8000.0
64,32134,8000.0
65,32134,8000.0
66,32134,8000.0
67,32134,8000.0
68,32134,8000.0
69,32134,8000.0
70,32134,8000.0
71,32134,8000.0
72,32134,8000.0
73,32134,8000.0
74,32134,8000.0
75,32134,8000.0
76,32134,8000.0
77,32134,8000.0
78,32134,8000.0
79,32134,8000.0
80,32134,8000.0
81,32134,8000.0
82,32134,8000.0
83,32134,8000.0
84,32134,8000.0
85,32134,8000.0
86,32134,8000.0
87,32134,8000.0
88,32134,8000.0
89,32134,8000.0
90,32134,8000.0
91,32134,8000.0
92,32134,8000.0
93,32134,8000.0
94,32134,8000.0
95,32134,8000.0
96,32134,8000.0
1,32136,4000.0
2,32136,4000.0
3,32136,4000.0
4,32136,4000.0
5,32136,4000.0
6,32136,4000.0
7,32136,4000.0
8,32136,4000.0
9,32136,4000.0
10,32136,4000.0
11,32136,4000.0
12,32136,4000.0
13,32136,4000.0
14,32136,4000.0
15,32136,4000.0
16,32136,4000.0
17,32136,4000.0
18,32136,4000.0
19,32136,4000.0
20,32136,4000.0
21,32136,4000.0
22,32136,4000.0
23,32136,4000.0
24,32136,4000.0
25,32136,4000.0
26,32136,4000.0
27,32136,4000.0
28,32136,4000.0
29,32136,4000.0
30,32136,4000.0
31,32136,4000.0
32,32136,4000.0
33,32136,4000.0
34,32136,4000.0
35,32136,4000.0
36,32136,4000.0
37,32136,4000.0
38,32136,4000.0
39,32136,4000.0
40,32136,4000.0
41,32136,4000.0
42,32136,4000.0
43,32136,4000.0
44,32136,4000.0
45,32136,4000.0
46,32136,4000.0
47,32136,4000.0
48,32136,4000.0
49,32136,4000.0
50,32136,4000.0
51,32136,4000.0
52,32136,4000.0
53,32136,4000.0
54,32136,4000.0
55,32136,4000.0
56,32136,4000.0
57,32136,4000.0
58,32136,4000.0
59,32136,4000.0
60,32136,4000.0
61,32136,4000.0
62,32136,4000.0
63,32136,4000.0
64,32136,4000.0
65,32136,4000.0
66,32136,4000.0
67,32136,4000.0
68,32136,4000.0
69,32136,4000.0
70,32136,4000.0
71,32136,4000.0
72,32136,4000.0
73,32136,4000.0
74,32136,4000.0
75,32136,4000.0
76,32136,4000.0
77,32136,4000.0
78,32136,4000.0
79,32136,4000.0
80,32136,4000.0
81,32136,4000.0
82,32136,4000.0
83,32136,4000.0
84,32136,4000.0
85,32136,4000.0
86,32136,4000.0
87,32136,4000.0
88,32136,4000.0
89,32136,4000.0
90,32136,4000.0
91,32136,4000.0
92,32136,4000.0
93,32136,4000.0
94,32136,4000.0
95,32136,4000.0
96,32136,4000.0
1,32140,8000.0
2,32140,8000.0
3,32140,8000.0
4,32140,8000.0
5,32140,8000.0
6,32140,8000.0
7,32140,8000.0
8,32140,8000.0
9,32140,8000.0
10,32140,8000.0
11,32140,8000.0
12,32140,8000.0
13,32140,8000.0
14,32140,8000.0
15,32140,8000.0
16,32140,8000.0
17,32140,8000.0
18,32140,8000.0
19,32140,8000.0
20,32140,8000.0
21,32140,8000.0
22,32140,8000.0
23,32140,8000.0
24,32140,8000.0
25,32140,8000.0
26,32140,8000.0
27,32140,8000.0
28,32140,8000.0
29,32140,8000.0
30,32140,8000.0
31,32140,8000.0
32,32140,8000.0
33,32140,8000.0
34,32140,8000.0
35,32140,8000.0
36,32140,8000.0
37,32140,8000.0
38,32140,8000.0
39,32140,8000.0
40,32140,8000.0
41,32140,8000.0
42,32140,8000.0
43,32140,8000.0
44,32140,8000.0
45,32140,8000.0
46,32140,8000.0
47,32140,8000.0
48,32140,8000.0
49,32140,8000.0
50,32140,8000.0
51,32140,8000.0
52,32140,8000.0
53,32140,8000.0
54,32140,8000.0
55,32140,8000.0
56,32140,8000.0
57,32140,8000.0
58,32140,8000.0
59,32140,8000.0
60,32140,8000.0
61,32140,8000.0
62,32140,8000.0
63,32140,8000.0
64,32140,8000.0
65,32140,8000.0
66,32140,8000.0
67,32140,8000.0
68,32140,8000.0
69,32140,8000.0
70,32140,8000.0
71,32140,8000.0
72,32140,8000.0
73,32140,8000.0
74,32140,8000.0
75,32140,8000.0
76,32140,8000.0
77,32140,8000.0
78,32140,8000.0
79,32140,8000.0
80,32140,8000.0
81,32140,8000.0
82,32140,8000.0
83,32140,8000.0
84,32140,8000.0
85,32140,8000.0
86,32140,8000.0
87,32140,8000.0
88,32140,8000.0
89,32140,8000.0
90,32140,8000.0
91,32140,8000.0
92,32140,8000.0
93,32140,8000.0
94,32140,8000.0
95,32140,8000.0
96,32140,8000.0
1,32141,8000.0
2,32141,8000.0
3,32141,8000.0
4,32141,8000.0
5,32141,8000.0
6,32141,8000.0
7,32141,8000.0
8,32141,8000.0
9,32141,8000.0
10,32141,8000.0
11,32141,8000.0
12,32141,8000.0
13,32141,8000.0
14,32141,8000.0
15,32141,8000.0
16,32141,8000.0
17,32141,8000.0
18,32141,8000.0
19,32141,8000.0
20,32141,8000.0
21,32141,8000.0
22,32141,8000.0
23,32141,8000.0
24,32141,8000.0
25,32141,8000.0
26,32141,8000.0
27,32141,8000.0
28,32141,8000.0
29,32141,8000.0
30,32141,8000.0
31,32141,8000.0
32,32141,8000.0
33,32141,8000.0
34,32141,8000.0
35,32141,8000.0
36,32141,8000.0
37,32141,8000.0
38,32141,8000.0
39,32141,8000.0
40,32141,8000.0
41,32141,8000.0
42,32141,8000.0
43,32141,8000.0
44,32141,8000.0
45,32141,8000.0
46,32141,8000.0
47,32141,8000.0
48,32141,8000.0
49,32141,8000.0
50,32141,8000.0
51,32141,8000.0
52,32141,8000.0
53,32141,8000.0
54,32141,8000.0
55,32141,8000.0
56,32141,8000.0
57,32141,8000.0
58,32141,8000.0
59,32141,8000.0
60,32141,8000.0
61,32141,8000.0
62,32141,8000.0
63,32141,8000.0
64,32141,8000.0
65,32141,8000.0
66,32141,8000.0
67,32141,8000.0
68,32141,8000.0
69,32141,8000.0
70,32141,8000.0
71,32141,8000.0
72,32141,8000.0
73,32141,8000.0
74,32141,8000.0
75,32141,8000.0
76,32141,8000.0
77,32141,8000.0
78,32141,8000.0
79,32141,8000.0
80,32141,8000.0
81,32141,8000.0
82,32141,8000.0
83,32141,8000.0
84,32141,8000.0
85,32141,8000.0
86,32141,8000.0
87,32141,8000.0
88,32141,8000.0
89,32141,8000.0
90,32141,8000.0
91,32141,8000.0
92,32141,8000.0
93,32141,8000.0
94,32141,8000.0
95,32141,8000.0
96,32141,8000.0
1,32367,6000.0
2,32367,6000.0
3,32367,6000.0
4,32367,6000.0
5,32367,6000.0
6,32367,6000.0
7,32367,6000.0
8,32367,6000.0
9,32367,6000.0
10,32367,6000.0
11,32367,6000.0
12,32367,6000.0
13,32367,6000.0
14,32367,6000.0
15,32367,6000.0
16,32367,6000.0
17,32367,6000.0
18,32367,6000.0
19,32367,6000.0
20,32367,6000.0
21,32367,6000.0
22,32367,6000.0
23,32367,6000.0
24,32367,6000.0
25,32367,6000.0
26,32367,6000.0
27,32367,6000.0
28,32367,6000.0
29,32367,6000.0
30,32367,6000.0
31,32367,6000.0
32,32367,6000.0
33,32367,6000.0
34,32367,6000.0
35,32367,6000.0
36,32367,6000.0
37,32367,6000.0
38,32367,6000.0
39,32367,6000.0
40,32367,6000.0
41,32367,6000.0
42,32367,6000.0
43,32367,6000.0
44,32367,6000.0
45,32367,6000.0
46,32367,6000.0
47,32367,6000.0
48,32367,6000.0
49,32367,6000.0
50,32367,6000.0
51,32367,6000.0
52,32367,6000.0
53,32367,6000.0
54,32367,6000.0
55,32367,6000.0
56,32367,6000.0
57,32367,6000.0
58,32367,6000.0
59,32367,6000.0
60,32367,6000.0
61,32367,6000.0
62,32367,6000.0
63,32367,6000.0
64,32367,6000.0
65,32367,6000.0
66,32367,6000.0
67,32367,6000.0
68,32367,6000.0
69,32367,6000.0
70,32367,6000.0
71,32367,6000.0
72,32367,6000.0
73,32367,6000.0
74,32367,6000.0
75,32367,6000.0
76,32367,6000.0
77,32367,6000.0
78,32367,6000.0
79,32367,6000.0
80,32367,6000.0
81,32367,6000.0
82,32367,6000.0
83,32367,6000.0
84,32367,6000.0
85,32367,6000.0
86,32367,6000.0
87,32367,6000.0
88,32367,6000.0
89,32367,6000.0
90,32367,6000.0
91,32367,6000.0
92,32367,6000.0
93,32367,6000.0
94,32367,6000.0
95,32367,6000.0
96,32367,6000.0
1,32368,6000.0
2,32368,6000.0
3,32368,6000.0
4,32368,6000.0
5,32368,6000.0
6,32368,6000.0
7,32368,6000.0
8,32368,6000.0
9,32368,6000.0
10,32368,6000.0
11,32368,6000.0
12,32368,6000.0
13,32368,6000.0
14,32368,6000.0
15,32368,6000.0
16,32368,6000.0
17,32368,6000.0
18,32368,6000.0
19,32368,6000.0
20,32368,6000.0
21,32368,6000.0
22,32368,6000.0
23,32368,6000.0
24,32368,6000.0
25,32368,6000.0
26,32368,6000.0
27,32368,6000.0
28,32368,6000.0
29,32368,6000.0
30,32368,6000.0
31,32368,6000.0
32,32368,6000.0
33,32368,6000.0
34,32368,6000.0
35,32368,6000.0
36,32368,6000.0
37,32368,6000.0
38,32368,6000.0
39,32368,6000.0
40,32368,6000.0
41,32368,6000.0
42,32368,6000.0
43,32368,6000.0
44,32368,6000.0
45,32368,6000.0
46,32368,6000.0
47,32368,6000.0
48,32368,6000.0
49,32368,6000.0
50,32368,6000.0
51,32368,6000.0
52,32368,6000.0
53,32368,6000.0
54,32368,6000.0
55,32368,6000.0
56,32368,6000.0
57,32368,6000.0
58,32368,6000.0
59,32368,6000.0
60,32368,6000.0
61,32368,6000.0
62,32368,6000.0
63,32368,6000.0
64,32368,6000.0
65,32368,6000.0
66,32368,6000.0
67,32368,6000.0
68,32368,6000.0
69,32368,6000.0
70,32368,6000.0
71,32368,6000.0
72,32368,6000.0
73,32368,6000.0
74,32368,6000.0
75,32368,6000.0
76,32368,6000.0
77,32368,6000.0
78,32368,6000.0
79,32368,6000.0
80,32368,6000.0
81,32368,6000.0
82,32368,6000.0
83,32368,6000.0
84,32368,6000.0
85,32368,6000.0
86,32368,6000.0
87,32368,6000.0
88,32368,6000.0
89,32368,6000.0
90,32368,6000.0
91,32368,6000.0
92,32368,6000.0
93,32368,6000.0
94,32368,6000.0
95,32368,6000.0
96,32368,6000.0
1,32369,6000.0
2,32369,6000.0
3,32369,6000.0
4,32369,6000.0
5,32369,6000.0
6,32369,6000.0
7,32369,6000.0
8,32369,6000.0
9,32369,6000.0
10,32369,6000.0
11,32369,6000.0
12,32369,6000.0
13,32369,6000.0
14,32369,6000.0
15,32369,6000.0
16,32369,6000.0
17,32369,6000.0
18,32369,6000.0
19,32369,6000.0
20,32369,6000.0
21,32369,6000.0
22,32369,6000.0
23,32369,6000.0
24,32369,6000.0
25,32369,6000.0
26,32369,6000.0
27,32369,6000.0
28,32369,6000.0
29,32369,6000.0
30,32369,6000.0
31,32369,6000.0
32,32369,6000.0
33,32369,6000.0
34,32369,6000.0
35,32369,6000.0
36,32369,6000.0
37,32369,6000.0
38,32369,6000.0
39,32369,6000.0
40,32369,6000.0
41,32369,6000.0
42,32369,6000.0
43,32369,6000.0
44,32369,6000.0
45,32369,6000.0
46,32369,6000.0
47,32369,6000.0
48,32369,6000.0
49,32369,6000.0
50,32369,6000.0
51,32369,6000.0
52,32369,6000.0
53,32369,6000.0
54,32369,6000.0
55,32369,6000.0
56,32369,6000.0
57,32369,6000.0
58,32369,6000.0
59,32369,6000.0
60,32369,6000.0
61,32369,6000.0
62,32369,6000.0
63,32369,6000.0
64,32369,6000.0
65,32369,6000.0
66,32369,6000.0
67,32369,6000.0
68,32369,6000.0
69,32369,6000.0
70,32369,6000.0
71,32369,6000.0
72,32369,6000.0
73,32369,6000.0
74,32369,6000.0
75,32369,6000.0
76,32369,6000.0
77,32369,6000.0
78,32369,6000.0
79,32369,6000.0
80,32369,6000.0
81,32369,6000.0
82,32369,6000.0
83,32369,6000.0
84,32369,6000.0
85,32369,6000.0
86,32369,6000.0
87,32369,6000.0
88,32369,6000.0
89,32369,6000.0
90,32369,6000.0
91,32369,6000.0
92,32369,6000.0
93,32369,6000.0
94,32369,6000.0
95,32369,6000.0
96,32369,6000.0
1,32370,6000.0
2,32370,6000.0
3,32370,6000.0
4,32370,6000.0
5,32370,6000.0
6,32370,6000.0
7,32370,6000.0
8,32370,6000.0
9,32370,6000.0
10,32370,6000.0
11,32370,6000.0
12,32370,6000.0
13,32370,6000.0
14,32370,6000.0
15,32370,6000.0
16,32370,6000.0
17,32370,6000.0
18,32370,6000.0
19,32370,6000.0
20,32370,6000.0
21,32370,6000.0
22,32370,6000.0
23,32370,6000.0
24,32370,6000.0
25,32370,6000.0
26,32370,6000.0
27,32370,6000.0
28,32370,6000.0
29,32370,6000.0
30,32370,6000.0
31,32370,6000.0
32,32370,6000.0
33,32370,6000.0
34,32370,6000.0
35,32370,6000.0
36,32370,6000.0
37,32370,6000.0
38,32370,6000.0
39,32370,6000.0
40,32370,6000.0
41,32370,6000.0
42,32370,6000.0
43,32370,6000.0
44,32370,6000.0
45,32370,6000.0
46,32370,6000.0
47,32370,6000.0
48,32370,6000.0
49,32370,6000.0
50,32370,6000.0
51,32370,6000.0
52,32370,6000.0
53,32370,6000.0
54,32370,6000.0
55,32370,6000.0
56,32370,6000.0
57,32370,6000.0
58,32370,6000.0
59,32370,6000.0
60,32370,6000.0
61,32370,6000.0
62,32370,6000.0
63,32370,6000.0
64,32370,6000.0
65,32370,6000.0
66,32370,6000.0
67,32370,6000.0
68,32370,6000.0
69,32370,6000.0
70,32370,6000.0
71,32370,6000.0
72,32370,6000.0
73,32370,6000.0
74,32370,6000.0
75,32370,6000.0
76,32370,6000.0
77,32370,6000.0
78,32370,6000.0
79,32370,6000.0
80,32370,6000.0
81,32370,6000.0
82,32370,6000.0
83,32370,6000.0
84,32370,6000.0
85,32370,6000.0
86,32370,6000.0
87,32370,6000.0
88,32370,6000.0
89,32370,6000.0
90,32370,6000.0
91,32370,6000.0
92,32370,6000.0
93,32370,6000.0
94,32370,6000.0
95,32370,6000.0
96,32370,6000.0
1,32551,4000.0
2,32551,4000.0
3,32551,4000.0
4,32551,4000.0
5,32551,4000.0
6,32551,4000.0
7,32551,4000.0
8,32551,4000.0
9,32551,4000.0
10,32551,4000.0
11,32551,4000.0
12,32551,4000.0
13,32551,4000.0
14,32551,4000.0
15,32551,4000.0
16,32551,4000.0
17,32551,4000.0
18,32551,4000.0
19,32551,4000.0
20,32551,4000.0
21,32551,4000.0
22,32551,4000.0
23,32551,4000.0
24,32551,4000.0
25,32551,4000.0
26,32551,4000.0
27,32551,4000.0
28,32551,4000.0
29,32551,4000.0
30,32551,4000.0
31,32551,4000.0
32,32551,4000.0
33,32551,4000.0
34,32551,4000.0
35,32551,4000.0
36,32551,4000.0
37,32551,4000.0
38,32551,4000.0
39,32551,4000.0
40,32551,4000.0
41,32551,4000.0
42,32551,4000.0
43,32551,4000.0
44,32551,4000.0
45,32551,4000.0
46,32551,4000.0
47,32551,4000.0
48,32551,4000.0
49,32551,4000.0
50,32551,4000.0
51,32551,4000.0
52,32551,4000.0
53,32551,4000.0
54,32551,4000.0
55,32551,4000.0
56,32551,4000.0
57,32551,4000.0
58,32551,4000.0
59,32551,4000.0
60,32551,4000.0
61,32551,4000.0
62,32551,4000.0
63,32551,4000.0
64,32551,4000.0
65,32551,4000.0
66,32551,4000.0
67,32551,4000.0
68,32551,4000.0
69,32551,4000.0
70,32551,4000.0
71,32551,4000.0
72,32551,4000.0
73,32551,4000.0
74,32551,4000.0
75,32551,4000.0
76,32551,4000.0
77,32551,4000.0
78,32551,4000.0
79,32551,4000.0
80,32551,4000.0
81,32551,4000.0
82,32551,4000.0
83,32551,4000.0
84,32551,4000.0
85,32551,4000.0
86,32551,4000.0
87,32551,4000.0
88,32551,4000.0
89,32551,4000.0
90,32551,4000.0
91,32551,4000.0
92,32551,4000.0
93,32551,4000.0
94,32551,4000.0
95,32551,4000.0
96,32551,4000.0
1,32552,4000.0
2,32552,4000.0
3,32552,4000.0
4,32552,4000.0
5,32552,4000.0
6,32552,4000.0
7,32552,4000.0
8,32552,4000.0
9,32552,4000.0
10,32552,4000.0
11,32552,4000.0
12,32552,4000.0
13,32552,4000.0
14,32552,4000.0
15,32552,4000.0
16,32552,4000.0
17,32552,4000.0
18,32552,4000.0
19,32552,4000.0
20,32552,4000.0
21,32552,4000.0
22,32552,4000.0
23,32552,4000.0
24,32552,4000.0
25,32552,4000.0
26,32552,4000.0
27,32552,4000.0
28,32552,4000.0
29,32552,4000.0
30,32552,4000.0
31,32552,4000.0
32,32552,4000.0
33,32552,4000.0
34,32552,4000.0
35,32552,4000.0
36,32552,4000.0
37,32552,4000.0
38,32552,4000.0
39,32552,4000.0
40,32552,4000.0
41,32552,4000.0
42,32552,4000.0
43,32552,4000.0
44,32552,4000.0
45,32552,4000.0
46,32552,4000.0
47,32552,4000.0
48,32552,4000.0
49,32552,4000.0
50,32552,4000.0
51,32552,4000.0
52,32552,4000.0
53,32552,4000.0
54,32552,4000.0
55,32552,4000.0
56,32552,4000.0
57,32552,4000.0
58,32552,4000.0
59,32552,4000.0
60,32552,4000.0
61,32552,4000.0
62,32552,4000.0
63,32552,4000.0
64,32552,4000.0
65,32552,4000.0
66,32552,4000.0
67,32552,4000.0
68,32552,4000.0
69,32552,4000.0
70,32552,4000.0
71,32552,4000.0
72,32552,4000.0
73,32552,4000.0
74,32552,4000.0
75,32552,4000.0
76,32552,4000.0
77,32552,4000.0
78,32552,4000.0
79,32552,4000.0
80,32552,4000.0
81,32552,4000.0
82,32552,4000.0
83,32552,4000.0
84,32552,4000.0
85,32552,4000.0
86,32552,4000.0
87,32552,4000.0
88,32552,4000.0
89,32552,4000.0
90,32552,4000.0
91,32552,4000.0
92,32552,4000.0
93,32552,4000.0
94,32552,4000.0
95,32552,4000.0
96,32552,4000.0
1,32573,4000.0
2,32573,4000.0
3,32573,4000.0
4,32573,4000.0
5,32573,4000.0
6,32573,4000.0
7,32573,4000.0
8,32573,4000.0
9,32573,4000.0
10,32573,4000.0
11,32573,4000.0
12,32573,4000.0
13,32573,4000.0
14,32573,4000.0
15,32573,4000.0
16,32573,4000.0
17,32573,4000.0
18,32573,4000.0
19,32573,4000.0
20,32573,4000.0
21,32573,4000.0
22,32573,4000.0
23,32573,4000.0
24,32573,4000.0
25,32573,4000.0
26,32573,4000.0
27,32573,4000.0
28,32573,4000.0
29,32573,4000.0
30,32573,4000.0
31,32573,4000.0
32,32573,4000.0
33,32573,4000.0
34,32573,4000.0
35,32573,4000.0
36,32573,4000.0
37,32573,4000.0
38,32573,4000.0
39,32573,4000.0
40,32573,4000.0
41,32573,4000.0
42,32573,4000.0
43,32573,4000.0
44,32573,4000.0
45,32573,4000.0
46,32573,4000.0
47,32573,4000.0
48,32573,4000.0
49,32573,4000.0
50,32573,4000.0
51,32573,4000.0
52,32573,4000.0
53,32573,4000.0
54,32573,4000.0
55,32573,4000.0
56,32573,4000.0
57,32573,4000.0
58,32573,4000.0
59,32573,4000.0
60,32573,4000.0
61,32573,4000.0
62,32573,4000.0
63,32573,4000.0
64,32573,4000.0
65,32573,4000.0
66,32573,4000.0
67,32573,4000.0
68,32573,4000.0
69,32573,4000.0
70,32573,4000.0
71,32573,4000.0
72,32573,4000.0
73,32573,4000.0
74,32573,4000.0
75,32573,4000.0
76,32573,4000.0
77,32573,4000.0
78,32573,4000.0
79,32573,4000.0
80,32573,4000.0
81,32573,4000.0
82,32573,4000.0
83,32573,4000.0
84,32573,4000.0
85,32573,4000.0
86,32573,4000.0
87,32573,4000.0
88,32573,4000.0
89,32573,4000.0
90,32573,4000.0
91,32573,4000.0
92,32573,4000.0
93,32573,4000.0
94,32573,4000.0
95,32573,4000.0
96,32573,4000.0
1,32581,5700.0
2,32581,5700.0
3,32581,5700.0
4,32581,5700.0
5,32581,5700.0
6,32581,5700.0
7,32581,5700.0
8,32581,5700.0
9,32581,5700.0
10,32581,5700.0
11,32581,5700.0
12,32581,5700.0
13,32581,5700.0
14,32581,5700.0
15,32581,5700.0
16,32581,5700.0
17,32581,5700.0
18,32581,5700.0
19,32581,5700.0
20,32581,5700.0
21,32581,5700.0
22,32581,5700.0
23,32581,5700.0
24,32581,5700.0
25,32581,5700.0
26,32581,5700.0
27,32581,5700.0
28,32581,5115.11
29,32581,5115.11
30,32581,5115.11
31,32581,5115.11
32,32581,5115.11
33,32581,5115.11
34,32581,5115.11
35,32581,5115.11
36,32581,5115.11
37,32581,5115.11
38,32581,5115.11
39,32581,5115.11
40,32581,5115.11
41,32581,5115.11
42,32581,5115.11
43,32581,5700.0
44,32581,5700.0
45,32581,5700.0
46,32581,5700.0
47,32581,5700.0
48,32581,5700.0
49,32581,5700.0
50,32581,5700.0
51,32581,5700.0
52,32581,5700.0
53,32581,5700.0
54,32581,5700.0
55,32581,5700.0
56,32581,5700.0
57,32581,5700.0
58,32581,5700.0
59,32581,5700.0
60,32581,5700.0
61,32581,5114.27
62,32581,5114.27
63,32581,5114.27
64,32581,5114.27
65,32581,5114.27
66,32581,5114.27
67,32581,5114.27
68,32581,5114.27
69,32581,5114.27
70,32581,5114.27
71,32581,5114.27
72,32581,5114.27
73,32581,5114.27
74,32581,5114.27
75,32581,5114.27
76,32581,5114.27
77,32581,5114.27
78,32581,5700.0
79,32581,5700.0
80,32581,5700.0
81,32581,5700.0
82,32581,5700.0
83,32581,5700.0
84,32581,5700.0
85,32581,5700.0
86,32581,5700.0
87,32581,5700.0
88,32581,5700.0
89,32581,5700.0
90,32581,5700.0
91,32581,5700.0
92,32581,5700.0
93,32581,5700.0
94,32581,5700.0
95,32581,5700.0
96,32581,5700.0
1,32590,5700.0
2,32590,5700.0
3,32590,5700.0
4,32590,5700.0
5,32590,5700.0
6,32590,5700.0
7,32590,5700.0
8,32590,5700.0
9,32590,5700.0
10,32590,5700.0
11,32590,5700.0
12,32590,5700.0
13,32590,5700.0
14,32590,5700.0
15,32590,5700.0
16,32590,5700.0
17,32590,5700.0
18,32590,5700.0
19,32590,5700.0
20,32590,5700.0
21,32590,5700.0
22,32590,5700.0
23,32590,5700.0
24,32590,5700.0
25,32590,5700.0
26,32590,5700.0
27,32590,5700.0
28,32590,5700.0
29,32590,5700.0
30,32590,5700.0
31,32590,5700.0
32,32590,5700.0
33,32590,5700.0
34,32590,5700.0
35,32590,5700.0
36,32590,5700.0
37,32590,5700.0
38,32590,5700.0
39,32590,5700.0
40,32590,5700.0
41,32590,5700.0
42,32590,5700.0
43,32590,5700.0
44,32590,5700.0
45,32590,5700.0
46,32590,5700.0
47,32590,5700.0
48,32590,5700.0
49,32590,5700.0
50,32590,5700.0
51,32590,5700.0
52,32590,5700.0
53,32590,5700.0
54,32590,5700.0
55,32590,5700.0
56,32590,5700.0
57,32590,5700.0
58,32590,5700.0
59,32590,5700.0
60,32590,5700.0
61,32590,5700.0
62,32590,5700.0
63,32590,5700.0
64,32590,5700.0
65,32590,5700.0
66,32590,5700.0
67,32590,5700.0
68,32590,5700.0
69,32590,5700.0
70,32590,5700.0
71,32590,5700.0
72,32590,5700.0
73,32590,5700.0
74,32590,5700.0
75,32590,5700.0
76,32590,5700.0
77,32590,5700.0
78,32590,5700.0
79,32590,5700.0
80,32590,5700.0
81,32590,5700.0
82,32590,5700.0
83,32590,5700.0
84,32590,5700.0
85,32590,5700.0
86,32590,5700.0
87,32590,5700.0
88,32590,5700.0
89,32590,5700.0
90,32590,5700.0
91,32590,5700.0
92,32590,5700.0
93,32590,5700.0
94,32590,5700.0
95,32590,5700.0
96,32590,5700.0
1,32611,8000.0
2,32611,8000.0
3,32611,8000.0
4,32611,8000.0
5,32611,8000.0
6,32611,8000.0
7,32611,8000.0
8,32611,8000.0
9,32611,8000.0
10,32611,8000.0
11,32611,8000.0
12,32611,8000.0
13,32611,8000.0
14,32611,8000.0
15,32611,8000.0
16,32611,8000.0
17,32611,8000.0
18,32611,8000.0
19,32611,8000.0
20,32611,8000.0
21,32611,8000.0
22,32611,8000.0
23,32611,8000.0
24,32611,8000.0
25,32611,8000.0
26,32611,8000.0
27,32611,8000.0
28,32611,8000.0
29,32611,8000.0
30,32611,8000.0
31,32611,8000.0
32,32611,8000.0
33,32611,8000.0
34,32611,8000.0
35,32611,8000.0
36,32611,8000.0
37,32611,8000.0
38,32611,8000.0
39,32611,8000.0
40,32611,8000.0
41,32611,8000.0
42,32611,8000.0
43,32611,8000.0
44,32611,8000.0
45,32611,8000.0
46,32611,8000.0
47,32611,8000.0
48,32611,8000.0
49,32611,8000.0
50,32611,8000.0
51,32611,8000.0
52,32611,8000.0
53,32611,8000.0
54,32611,8000.0
55,32611,8000.0
56,32611,8000.0
57,32611,8000.0
58,32611,8000.0
59,32611,8000.0
60,32611,8000.0
61,32611,8000.0
62,32611,8000.0
63,32611,8000.0
64,32611,8000.0
65,32611,8000.0
66,32611,8000.0
67,32611,8000.0
68,32611,8000.0
69,32611,8000.0
70,32611,8000.0
71,32611,8000.0
72,32611,8000.0
73,32611,8000.0
74,32611,8000.0
75,32611,8000.0
76,32611,8000.0
77,32611,8000.0
78,32611,8000.0
79,32611,8000.0
80,32611,8000.0
81,32611,8000.0
82,32611,8000.0
83,32611,8000.0
84,32611,8000.0
85,32611,8000.0
86,32611,8000.0
87,32611,8000.0
88,32611,8000.0
89,32611,8000.0
90,32611,8000.0
91,32611,8000.0
92,32611,8000.0
93,32611,8000.0
94,32611,8000.0
95,32611,8000.0
96,32611,8000.0
1,32616,7600.0
2,32616,7600.0
3,32616,7600.0
4,32616,7600.0
5,32616,7600.0
6,32616,7600.0
7,32616,7600.0
8,32616,7600.0
9,32616,7600.0
10,32616,7600.0
11,32616,7600.0
12,32616,7600.0
13,32616,7600.0
14,32616,7600.0
15,32616,7600.0
16,32616,7600.0
17,32616,7600.0
18,32616,7600.0
19,32616,7600.0
20,32616,7600.0
21,32616,7600.0
22,32616,7600.0
23,32616,7600.0
24,32616,7600.0
25,32616,7600.0
26,32616,7600.0
27,32616,7600.0
28,32616,7600.0
29,32616,7600.0
30,32616,7600.0
31,32616,7600.0
32,32616,7600.0
33,32616,7600.0
34,32616,7600.0
35,32616,7600.0
36,32616,7600.0
37,32616,7600.0
38,32616,7600.0
39,32616,7600.0
40,32616,7600.0
41,32616,7600.0
42,32616,7600.0
43,32616,7600.0
44,32616,7600.0
45,32616,7600.0
46,32616,7600.0
47,32616,7600.0
48,32616,7600.0
49,32616,7600.0
50,32616,7600.0
51,32616,7600.0
52,32616,7600.0
53,32616,7600.0
54,32616,7600.0
55,32616,7600.0
56,32616,7600.0
57,32616,7600.0
58,32616,7600.0
59,32616,7600.0
60,32616,7600.0
61,32616,7600.0
62,32616,7600.0
63,32616,7600.0
64,32616,7600.0
65,32616,7600.0
66,32616,7600.0
67,32616,7600.0
68,32616,7600.0
69,32616,7600.0
70,32616,7600.0
71,32616,7600.0
72,32616,7600.0
73,32616,7600.0
74,32616,7600.0
75,32616,7600.0
76,32616,7600.0
77,32616,7600.0
78,32616,7600.0
79,32616,7600.0
80,32616,7600.0
81,32616,7600.0
82,32616,7600.0
83,32616,7600.0
84,32616,7600.0
85,32616,7600.0
86,32616,7600.0
87,32616,7600.0
88,32616,7600.0
89,32616,7600.0
90,32616,7600.0
91,32616,7600.0
92,32616,7600.0
93,32616,7600.0
94,32616,7600.0
95,32616,7600.0
96,32616,7600.0
1,32619,7600.0
2,32619,7600.0
3,32619,7600.0
4,32619,7600.0
5,32619,7600.0
6,32619,7600.0
7,32619,7600.0
8,32619,7600.0
9,32619,7600.0
10,32619,7600.0
11,32619,7600.0
12,32619,7600.0
13,32619,7600.0
14,32619,7600.0
15,32619,7600.0
16,32619,7600.0
17,32619,7600.0
18,32619,7600.0
19,32619,7600.0
20,32619,7600.0
21,32619,7600.0
22,32619,7600.0
23,32619,7600.0
24,32619,7600.0
25,32619,7600.0
26,32619,7600.0
27,32619,7600.0
28,32619,7600.0
29,32619,7600.0
30,32619,7600.0
31,32619,7600.0
32,32619,7600.0
33,32619,7600.0
34,32619,7600.0
35,32619,7600.0
36,32619,7600.0
37,32619,7600.0
38,32619,7600.0
39,32619,7600.0
40,32619,7600.0
41,32619,7600.0
42,32619,7600.0
43,32619,7600.0
44,32619,7600.0
45,32619,7600.0
46,32619,7600.0
47,32619,7600.0
48,32619,7600.0
49,32619,7600.0
50,32619,7600.0
51,32619,7600.0
52,32619,7600.0
53,32619,7600.0
54,32619,7600.0
55,32619,7600.0
56,32619,7600.0
57,32619,7600.0
58,32619,7600.0
59,32619,7600.0
60,32619,7600.0
61,32619,7600.0
62,32619,7600.0
63,32619,7600.0
64,32619,7600.0
65,32619,7600.0
66,32619,7600.0
67,32619,7600.0
68,32619,7600.0
69,32619,7600.0
70,32619,7600.0
71,32619,7600.0
72,32619,7600.0
73,32619,7600.0
74,32619,7600.0
75,32619,7600.0
76,32619,7600.0
77,32619,7600.0
78,32619,7600.0
79,32619,7600.0
80,32619,7600.0
81,32619,7600.0
82,32619,7600.0
83,32619,7600.0
84,32619,7600.0
85,32619,7600.0
86,32619,7600.0
87,32619,7600.0
88,32619,7600.0
89,32619,7600.0
90,32619,7600.0
91,32619,7600.0
92,32619,7600.0
93,32619,7600.0
94,32619,7600.0
95,32619,7600.0
96,32619,7600.0
1,32622,7600.0
2,32622,7600.0
3,32622,7600.0
4,32622,7600.0
5,32622,7600.0
6,32622,7600.0
7,32622,7600.0
8,32622,7600.0
9,32622,7600.0
10,32622,7600.0
11,32622,7600.0
12,32622,7600.0
13,32622,7600.0
14,32622,7600.0
15,32622,7600.0
16,32622,7600.0
17,32622,7600.0
18,32622,7600.0
19,32622,7600.0
20,32622,7600.0
21,32622,7600.0
22,32622,7600.0
23,32622,7600.0
24,32622,7600.0
25,32622,7600.0
26,32622,7600.0
27,32622,7600.0
28,32622,7600.0
29,32622,7600.0
30,32622,7600.0
31,32622,7600.0
32,32622,7600.0
33,32622,7600.0
34,32622,7600.0
35,32622,7600.0
36,32622,7600.0
37,32622,7600.0
38,32622,7600.0
39,32622,7600.0
40,32622,7600.0
41,32622,7600.0
42,32622,7600.0
43,32622,7600.0
44,32622,7600.0
45,32622,7600.0
46,32622,7600.0
47,32622,7600.0
48,32622,7600.0
49,32622,7600.0
50,32622,7600.0
51,32622,7600.0
52,32622,7600.0
53,32622,7600.0
54,32622,7600.0
55,32622,7600.0
56,32622,7600.0
57,32622,7600.0
58,32622,7600.0
59,32622,7600.0
60,32622,7600.0
61,32622,7600.0
62,32622,7600.0
63,32622,7600.0
64,32622,7600.0
65,32622,7600.0
66,32622,7600.0
67,32622,7600.0
68,32622,7600.0
69,32622,7600.0
70,32622,7600.0
71,32622,7600.0
72,32622,7600.0
73,32622,7600.0
74,32622,7600.0
75,32622,7600.0
76,32622,7600.0
77,32622,7600.0
78,32622,7600.0
79,32622,7600.0
80,32622,7600.0
81,32622,7600.0
82,32622,7600.0
83,32622,7600.0
84,32622,7600.0
85,32622,7600.0
86,32622,7600.0
87,32622,7600.0
88,32622,7600.0
89,32622,7600.0
90,32622,7600.0
91,32622,7600.0
92,32622,7600.0
93,32622,7600.0
94,32622,7600.0
95,32622,7600.0
96,32622,7600.0
1,32624,7600.0
2,32624,7600.0
3,32624,7600.0
4,32624,7600.0
5,32624,7600.0
6,32624,7600.0
7,32624,7600.0
8,32624,7600.0
9,32624,7600.0
10,32624,7600.0
11,32624,7600.0
12,32624,7600.0
13,32624,7600.0
14,32624,7600.0
15,32624,7600.0
16,32624,7600.0
17,32624,7600.0
18,32624,7600.0
19,32624,7600.0
20,32624,7600.0
21,32624,7600.0
22,32624,7600.0
23,32624,7600.0
24,32624,7600.0
25,32624,7600.0
26,32624,7600.0
27,32624,7600.0
28,32624,7600.0
29,32624,7600.0
30,32624,7600.0
31,32624,7600.0
32,32624,7600.0
33,32624,7600.0
34,32624,7600.0
35,32624,7600.0
36,32624,7600.0
37,32624,7600.0
38,32624,7600.0
39,32624,7600.0
40,32624,7600.0
41,32624,7600.0
42,32624,7600.0
43,32624,7600.0
44,32624,7600.0
45,32624,7600.0
46,32624,7600.0
47,32624,7600.0
48,32624,7600.0
49,32624,7600.0
50,32624,7600.0
51,32624,7600.0
52,32624,7600.0
53,32624,7600.0
54,32624,7600.0
55,32624,7600.0
56,32624,7600.0
57,32624,7600.0
58,32624,7600.0
59,32624,7600.0
60,32624,7600.0
61,32624,7600.0
62,32624,7600.0
63,32624,7600.0
64,32624,7600.0
65,32624,7600.0
66,32624,7600.0
67,32624,7600.0
68,32624,7600.0
69,32624,7600.0
70,32624,7600.0
71,32624,7600.0
72,32624,7600.0
73,32624,7600.0
74,32624,7600.0
75,32624,7600.0
76,32624,7600.0
77,32624,7600.0
78,32624,7600.0
79,32624,7600.0
80,32624,7600.0
81,32624,7600.0
82,32624,7600.0
83,32624,7600.0
84,32624,7600.0
85,32624,7600.0
86,32624,7600.0
87,32624,7600.0
88,32624,7600.0
89,32624,7600.0
90,32624,7600.0
91,32624,7600.0
92,32624,7600.0
93,32624,7600.0
94,32624,7600.0
95,32624,7600.0
96,32624,7600.0
1,32627,8000.0
2,32627,8000.0
3,32627,8000.0
4,32627,8000.0
5,32627,8000.0
6,32627,8000.0
7,32627,8000.0
8,32627,8000.0
9,32627,8000.0
10,32627,8000.0
11,32627,8000.0
12,32627,8000.0
13,32627,8000.0
14,32627,8000.0
15,32627,8000.0
16,32627,8000.0
17,32627,8000.0
18,32627,8000.0
19,32627,8000.0
20,32627,8000.0
21,32627,8000.0
22,32627,8000.0
23,32627,8000.0
24,32627,8000.0
25,32627,8000.0
26,32627,8000.0
27,32627,8000.0
28,32627,8000.0
29,32627,8000.0
30,32627,8000.0
31,32627,8000.0
32,32627,8000.0
33,32627,8000.0
34,32627,8000.0
35,32627,8000.0
36,32627,8000.0
37,32627,8000.0
38,32627,8000.0
39,32627,8000.0
40,32627,8000.0
41,32627,8000.0
42,32627,8000.0
43,32627,8000.0
44,32627,8000.0
45,32627,8000.0
46,32627,8000.0
47,32627,8000.0
48,32627,8000.0
49,32627,8000.0
50,32627,8000.0
51,32627,8000.0
52,32627,8000.0
53,32627,8000.0
54,32627,8000.0
55,32627,8000.0
56,32627,8000.0
57,32627,8000.0
58,32627,8000.0
59,32627,8000.0
60,32627,8000.0
61,32627,8000.0
62,32627,8000.0
63,32627,8000.0
64,32627,8000.0
65,32627,8000.0
66,32627,8000.0
67,32627,8000.0
68,32627,8000.0
69,32627,8000.0
70,32627,8000.0
71,32627,8000.0
72,32627,8000.0
73,32627,8000.0
74,32627,8000.0
75,32627,8000.0
76,32627,8000.0
77,32627,8000.0
78,32627,8000.0
79,32627,8000.0
80,32627,8000.0
81,32627,8000.0
82,32627,8000.0
83,32627,8000.0
84,32627,8000.0
85,32627,8000.0
86,32627,8000.0
87,32627,8000.0
88,32627,8000.0
89,32627,8000.0
90,32627,8000.0
91,32627,8000.0
92,32627,8000.0
93,32627,8000.0
94,32627,8000.0
95,32627,8000.0
96,32627,8000.0
1,32843,10000.0
2,32843,10000.0
3,32843,10000.0
4,32843,10000.0
5,32843,10000.0
6,32843,10000.0
7,32843,10000.0
8,32843,10000.0
9,32843,10000.0
10,32843,10000.0
11,32843,10000.0
12,32843,10000.0
13,32843,10000.0
14,32843,10000.0
15,32843,10000.0
16,32843,10000.0
17,32843,10000.0
18,32843,10000.0
19,32843,10000.0
20,32843,10000.0
21,32843,10000.0
22,32843,10000.0
23,32843,10000.0
24,32843,10000.0
25,32843,10000.0
26,32843,10000.0
27,32843,10000.0
28,32843,10000.0
29,32843,10000.0
30,32843,10000.0
31,32843,10000.0
32,32843,10000.0
33,32843,10000.0
34,32843,10000.0
35,32843,10000.0
36,32843,10000.0
37,32843,10000.0
38,32843,10000.0
39,32843,10000.0
40,32843,10000.0
41,32843,10000.0
42,32843,10000.0
43,32843,10000.0
44,32843,10000.0
45,32843,10000.0
46,32843,10000.0
47,32843,10000.0
48,32843,10000.0
49,32843,10000.0
50,32843,10000.0
51,32843,10000.0
52,32843,10000.0
53,32843,10000.0
54,32843,10000.0
55,32843,10000.0
56,32843,10000.0
57,32843,10000.0
58,32843,10000.0
59,32843,10000.0
60,32843,10000.0
61,32843,10000.0
62,32843,10000.0
63,32843,10000.0
64,32843,10000.0
65,32843,10000.0
66,32843,10000.0
67,32843,10000.0
68,32843,10000.0
69,32843,10000.0
70,32843,10000.0
71,32843,10000.0
72,32843,10000.0
73,32843,10000.0
74,32843,10000.0
75,32843,10000.0
76,32843,10000.0
77,32843,10000.0
78,32843,10000.0
79,32843,10000.0
80,32843,10000.0
81,32843,10000.0
82,32843,10000.0
83,32843,10000.0
84,32843,10000.0
85,32843,10000.0
86,32843,10000.0
87,32843,10000.0
88,32843,10000.0
89,32843,10000.0
90,32843,10000.0
91,32843,10000.0
92,32843,10000.0
93,32843,10000.0
94,32843,10000.0
95,32843,10000.0
96,32843,10000.0
1,32847,2000.0
2,32847,2000.0
3,32847,2000.0
4,32847,2000.0
5,32847,2000.0
6,32847,2000.0
7,32847,2000.0
8,32847,2000.0
9,32847,2000.0
10,32847,2000.0
11,32847,2000.0
12,32847,2000.0
13,32847,2000.0
14,32847,2000.0
15,32847,2000.0
16,32847,2000.0
17,32847,2000.0
18,32847,2000.0
19,32847,2000.0
20,32847,2000.0
21,32847,2000.0
22,32847,2000.0
23,32847,2000.0
24,32847,2000.0
25,32847,2000.0
26,32847,2000.0
27,32847,2000.0
28,32847,2000.0
29,32847,2000.0
30,32847,2000.0
31,32847,2000.0
32,32847,2000.0
33,32847,2000.0
34,32847,2000.0
35,32847,2000.0
36,32847,2000.0
37,32847,2000.0
38,32847,2000.0
39,32847,2000.0
40,32847,2000.0
41,32847,2000.0
42,32847,2000.0
43,32847,2000.0
44,32847,2000.0
45,32847,2000.0
46,32847,2000.0
47,32847,2000.0
48,32847,2000.0
49,32847,2000.0
50,32847,2000.0
51,32847,2000.0
52,32847,2000.0
53,32847,2000.0
54,32847,2000.0
55,32847,2000.0
56,32847,2000.0
57,32847,2000.0
58,32847,2000.0
59,32847,2000.0
60,32847,2000.0
61,32847,2000.0
62,32847,2000.0
63,32847,2000.0
64,32847,2000.0
65,32847,2000.0
66,32847,2000.0
67,32847,2000.0
68,32847,2000.0
69,32847,2000.0
70,32847,2000.0
71,32847,2000.0
72,32847,2000.0
73,32847,2000.0
74,32847,2000.0
75,32847,2000.0
76,32847,2000.0
77,32847,2000.0
78,32847,2000.0
79,32847,2000.0
80,32847,2000.0
81,32847,2000.0
82,32847,2000.0
83,32847,2000.0
84,32847,2000.0
85,32847,2000.0
86,32847,2000.0
87,32847,2000.0
88,32847,2000.0
89,32847,2000.0
90,32847,2000.0
91,32847,2000.0
92,32847,2000.0
93,32847,2000.0
94,32847,2000.0
95,32847,2000.0
96,32847,2000.0
1,32848,10000.0
2,32848,10000.0
3,32848,10000.0
4,32848,10000.0
5,32848,10000.0
6,32848,10000.0
7,32848,10000.0
8,32848,10000.0
9,32848,10000.0
10,32848,10000.0
11,32848,10000.0
12,32848,10000.0
13,32848,10000.0
14,32848,10000.0
15,32848,10000.0
16,32848,10000.0
17,32848,10000.0
18,32848,10000.0
19,32848,10000.0
20,32848,10000.0
21,32848,10000.0
22,32848,10000.0
23,32848,10000.0
24,32848,10000.0
25,32848,10000.0
26,32848,10000.0
27,32848,10000.0
28,32848,10000.0
29,32848,10000.0
30,32848,10000.0
31,32848,10000.0
32,32848,10000.0
33,32848,10000.0
34,32848,10000.0
35,32848,10000.0
36,32848,10000.0
37,32848,10000.0
38,32848,10000.0
39,32848,10000.0
40,32848,10000.0
41,32848,10000.0
42,32848,10000.0
43,32848,10000.0
44,32848,10000.0
45,32848,10000.0
46,32848,10000.0
47,32848,10000.0
48,32848,10000.0
49,32848,10000.0
50,32848,10000.0
51,32848,10000.0
52,32848,10000.0
53,32848,10000.0
54,32848,10000.0
55,32848,10000.0
56,32848,10000.0
57,32848,10000.0
58,32848,10000.0
59,32848,10000.0
60,32848,10000.0
61,32848,10000.0
62,32848,10000.0
63,32848,10000.0
64,32848,10000.0
65,32848,10000.0
66,32848,10000.0
67,32848,10000.0
68,32848,10000.0
69,32848,10000.0
70,32848,10000.0
71,32848,10000.0
72,32848,10000.0
73,32848,10000.0
74,32848,10000.0
75,32848,10000.0
76,32848,10000.0
77,32848,10000.0
78,32848,10000.0
79,32848,10000.0
80,32848,10000.0
81,32848,10000.0
82,32848,10000.0
83,32848,10000.0
84,32848,10000.0
85,32848,10000.0
86,32848,10000.0
87,32848,10000.0
88,32848,10000.0
89,32848,10000.0
90,32848,10000.0
91,32848,10000.0
92,32848,10000.0
93,32848,10000.0
94,32848,10000.0
95,32848,10000.0
96,32848,10000.0
1,32854,4000.0
2,32854,4000.0
3,32854,4000.0
4,32854,4000.0
5,32854,4000.0
6,32854,4000.0
7,32854,4000.0
8,32854,4000.0
9,32854,4000.0
10,32854,4000.0
11,32854,4000.0
12,32854,4000.0
13,32854,4000.0
14,32854,4000.0
15,32854,4000.0
16,32854,4000.0
17,32854,4000.0
18,32854,4000.0
19,32854,4000.0
20,32854,4000.0
21,32854,4000.0
22,32854,4000.0
23,32854,4000.0
24,32854,4000.0
25,32854,4000.0
26,32854,4000.0
27,32854,4000.0
28,32854,4000.0
29,32854,4000.0
30,32854,4000.0
31,32854,4000.0
32,32854,4000.0
33,32854,4000.0
34,32854,4000.0
35,32854,4000.0
36,32854,4000.0
37,32854,4000.0
38,32854,4000.0
39,32854,4000.0
40,32854,4000.0
41,32854,4000.0
42,32854,4000.0
43,32854,4000.0
44,32854,4000.0
45,32854,4000.0
46,32854,4000.0
47,32854,4000.0
48,32854,4000.0
49,32854,4000.0
50,32854,4000.0
51,32854,4000.0
52,32854,4000.0
53,32854,4000.0
54,32854,4000.0
55,32854,4000.0
56,32854,4000.0
57,32854,4000.0
58,32854,4000.0
59,32854,4000.0
60,32854,4000.0
61,32854,4000.0
62,32854,4000.0
63,32854,4000.0
64,32854,4000.0
65,32854,4000.0
66,32854,4000.0
67,32854,4000.0
68,32854,4000.0
69,32854,4000.0
70,32854,4000.0
71,32854,4000.0
72,32854,4000.0
73,32854,4000.0
74,32854,4000.0
75,32854,4000.0
76,32854,4000.0
77,32854,4000.0
78,32854,4000.0
79,32854,4000.0
80,32854,4000.0
81,32854,4000.0
82,32854,4000.0
83,32854,4000.0
84,32854,4000.0
85,32854,4000.0
86,32854,4000.0
87,32854,4000.0
88,32854,4000.0
89,32854,4000.0
90,32854,4000.0
91,32854,4000.0
92,32854,4000.0
93,32854,4000.0
94,32854,4000.0
95,32854,4000.0
96,32854,4000.0
1,32866,4000.0
2,32866,4000.0
3,32866,4000.0
4,32866,4000.0
5,32866,4000.0
6,32866,4000.0
7,32866,4000.0
8,32866,4000.0
9,32866,4000.0
10,32866,4000.0
11,32866,4000.0
12,32866,4000.0
13,32866,4000.0
14,32866,4000.0
15,32866,4000.0
16,32866,4000.0
17,32866,4000.0
18,32866,4000.0
19,32866,4000.0
20,32866,4000.0
21,32866,4000.0
22,32866,4000.0
23,32866,4000.0
24,32866,4000.0
25,32866,4000.0
26,32866,4000.0
27,32866,4000.0
28,32866,4000.0
29,32866,4000.0
30,32866,4000.0
31,32866,4000.0
32,32866,4000.0
33,32866,4000.0
34,32866,4000.0
35,32866,4000.0
36,32866,4000.0
37,32866,4000.0
38,32866,4000.0
39,32866,4000.0
40,32866,4000.0
41,32866,4000.0
42,32866,4000.0
43,32866,4000.0
44,32866,4000.0
45,32866,4000.0
46,32866,4000.0
47,32866,4000.0
48,32866,4000.0
49,32866,4000.0
50,32866,4000.0
51,32866,4000.0
52,32866,4000.0
53,32866,4000.0
54,32866,4000.0
55,32866,4000.0
56,32866,4000.0
57,32866,4000.0
58,32866,4000.0
59,32866,4000.0
60,32866,4000.0
61,32866,4000.0
62,32866,4000.0
63,32866,4000.0
64,32866,4000.0
65,32866,4000.0
66,32866,4000.0
67,32866,4000.0
68,32866,4000.0
69,32866,4000.0
70,32866,4000.0
71,32866,4000.0
72,32866,4000.0
73,32866,4000.0
74,32866,4000.0
75,32866,4000.0
76,32866,4000.0
77,32866,4000.0
78,32866,4000.0
79,32866,4000.0
80,32866,4000.0
81,32866,4000.0
82,32866,4000.0
83,32866,4000.0
84,32866,4000.0
85,32866,4000.0
86,32866,4000.0
87,32866,4000.0
88,32866,4000.0
89,32866,4000.0
90,32866,4000.0
91,32866,4000.0
92,32866,4000.0
93,32866,4000.0
94,32866,4000.0
95,32866,4000.0
96,32866,4000.0
1,32867,4000.0
2,32867,4000.0
3,32867,4000.0
4,32867,4000.0
5,32867,4000.0
6,32867,4000.0
7,32867,4000.0
8,32867,4000.0
9,32867,4000.0
10,32867,4000.0
11,32867,4000.0
12,32867,4000.0
13,32867,4000.0
14,32867,4000.0
15,32867,4000.0
16,32867,4000.0
17,32867,4000.0
18,32867,4000.0
19,32867,4000.0
20,32867,4000.0
21,32867,4000.0
22,32867,4000.0
23,32867,4000.0
24,32867,4000.0
25,32867,4000.0
26,32867,4000.0
27,32867,4000.0
28,32867,4000.0
29,32867,4000.0
30,32867,4000.0
31,32867,4000.0
32,32867,4000.0
33,32867,4000.0
34,32867,4000.0
35,32867,4000.0
36,32867,4000.0
37,32867,4000.0
38,32867,4000.0
39,32867,4000.0
40,32867,4000.0
41,32867,4000.0
42,32867,4000.0
43,32867,4000.0
44,32867,4000.0
45,32867,4000.0
46,32867,4000.0
47,32867,4000.0
48,32867,4000.0
49,32867,4000.0
50,32867,4000.0
51,32867,4000.0
52,32867,4000.0
53,32867,4000.0
54,32867,4000.0
55,32867,4000.0
56,32867,4000.0
57,32867,4000.0
58,32867,4000.0
59,32867,4000.0
60,32867,3328.35
61,32867,3328.35
62,32867,3328.35
63,32867,3328.35
64,32867,3328.35
65,32867,3328.35
66,32867,3328.35
67,32867,3328.35
68,32867,3328.35
69,32867,3328.35
70,32867,3328.35
71,32867,3328.35
72,32867,3328.35
73,32867,3328.35
74,32867,3328.35
75,32867,3328.35
76,32867,3328.35
77,32867,3328.35
78,32867,4000.0
79,32867,4000.0
80,32867,4000.0
81,32867,4000.0
82,32867,4000.0
83,32867,4000.0
84,32867,4000.0
85,32867,4000.0
86,32867,4000.0
87,32867,4000.0
88,32867,4000.0
89,32867,4000.0
90,32867,4000.0
91,32867,4000.0
92,32867,4000.0
93,32867,4000.0
94,32867,4000.0
95,32867,4000.0
96,32867,4000.0
1,32868,10000.0
2,32868,10000.0
3,32868,10000.0
4,32868,10000.0
5,32868,10000.0
6,32868,10000.0
7,32868,10000.0
8,32868,10000.0
9,32868,10000.0
10,32868,10000.0
11,32868,10000.0
12,32868,10000.0
13,32868,10000.0
14,32868,10000.0
15,32868,10000.0
16,32868,10000.0
17,32868,10000.0
18,32868,10000.0
19,32868,10000.0
20,32868,10000.0
21,32868,10000.0
22,32868,10000.0
23,32868,10000.0
24,32868,10000.0
25,32868,10000.0
26,32868,10000.0
27,32868,10000.0
28,32868,10000.0
29,32868,10000.0
30,32868,10000.0
31,32868,10000.0
32,32868,10000.0
33,32868,10000.0
34,32868,10000.0
35,32868,10000.0
36,32868,10000.0
37,32868,10000.0
38,32868,10000.0
39,32868,10000.0
40,32868,10000.0
41,32868,10000.0
42,32868,10000.0
43,32868,10000.0
44,32868,10000.0
45,32868,10000.0
46,32868,10000.0
47,32868,10000.0
48,32868,10000.0
49,32868,10000.0
50,32868,10000.0
51,32868,10000.0
52,32868,10000.0
53,32868,10000.0
54,32868,10000.0
55,32868,10000.0
56,32868,10000.0
57,32868,10000.0
58,32868,10000.0
59,32868,10000.0
60,32868,10000.0
61,32868,9582.81
62,32868,9582.81
63,32868,9582.81
64,32868,9582.81
65,32868,9582.81
66,32868,9582.81
67,32868,9582.81
68,32868,9582.81
69,32868,9582.81
70,32868,9582.81
71,32868,9582.81
72,32868,9582.81
73,32868,9582.81
74,32868,9582.81
75,32868,9582.81
76,32868,10000.0
77,32868,10000.0
78,32868,10000.0
79,32868,10000.0
80,32868,10000.0
81,32868,10000.0
82,32868,10000.0
83,32868,10000.0
84,32868,10000.0
85,32868,10000.0
86,32868,10000.0
87,32868,10000.0
88,32868,10000.0
89,32868,10000.0
90,32868,10000.0
91,32868,10000.0
92,32868,10000.0
93,32868,10000.0
94,32868,10000.0
95,32868,10000.0
96,32868,10000.0
1,32869,9500.0
2,32869,9500.0
3,32869,9500.0
4,32869,9500.0
5,32869,9500.0
6,32869,9500.0
7,32869,9500.0
8,32869,9500.0
9,32869,9500.0
10,32869,9500.0
11,32869,9500.0
12,32869,9500.0
13,32869,9500.0
14,32869,9500.0
15,32869,9500.0
16,32869,9500.0
17,32869,9500.0
18,32869,9500.0
19,32869,9500.0
20,32869,9500.0
21,32869,9500.0
22,32869,9500.0
23,32869,9500.0
24,32869,9500.0
25,32869,9500.0
26,32869,9500.0
27,32869,9500.0
28,32869,9500.0
29,32869,9500.0
30,32869,9500.0
31,32869,9500.0
32,32869,9500.0
33,32869,9500.0
34,32869,9500.0
35,32869,9500.0
36,32869,9500.0
37,32869,9500.0
38,32869,9500.0
39,32869,9500.0
40,32869,9500.0
41,32869,9500.0
42,32869,9500.0
43,32869,9500.0
44,32869,9500.0
45,32869,9500.0
46,32869,9500.0
47,32869,9500.0
48,32869,9500.0
49,32869,9500.0
50,32869,9500.0
51,32869,9500.0
52,32869,9500.0
53,32869,9500.0
54,32869,9500.0
55,32869,9500.0
56,32869,9500.0
57,32869,9500.0
58,32869,9500.0
59,32869,9500.0
60,32869,9500.0
61,32869,9500.0
62,32869,9500.0
63,32869,9500.0
64,32869,9500.0
65,32869,9500.0
66,32869,9500.0
67,32869,9500.0
68,32869,9500.0
69,32869,9500.0
70,32869,9500.0
71,32869,9500.0
72,32869,9500.0
73,32869,9500.0
74,32869,9500.0
75,32869,9500.0
76,32869,9500.0
77,32869,9500.0
78,32869,9500.0
79,32869,9500.0
80,32869,9500.0
81,32869,9500.0
82,32869,9500.0
83,32869,9500.0
84,32869,9500.0
85,32869,9500.0
86,32869,9500.0
87,32869,9500.0
88,32869,9500.0
89,32869,9500.0
90,32869,9500.0
91,32869,9500.0
92,32869,9500.0
93,32869,9500.0
94,32869,9500.0
95,32869,9500.0
96,32869,9500.0
1,35757,7600.0
2,35757,7600.0
3,35757,7600.0
4,35757,7600.0
5,35757,7600.0
6,35757,7600.0
7,35757,7600.0
8,35757,7600.0
9,35757,7600.0
10,35757,7600.0
11,35757,7600.0
12,35757,7600.0
13,35757,7600.0
14,35757,7600.0
15,35757,7600.0
16,35757,7600.0
17,35757,7600.0
18,35757,7600.0
19,35757,7600.0
20,35757,7600.0
21,35757,7600.0
22,35757,7600.0
23,35757,7600.0
24,35757,7600.0
25,35757,7600.0
26,35757,7600.0
27,35757,7600.0
28,35757,7600.0
29,35757,7600.0
30,35757,7600.0
31,35757,7600.0
32,35757,7600.0
33,35757,7600.0
34,35757,7600.0
35,35757,7600.0
36,35757,7600.0
37,35757,7600.0
38,35757,7600.0
39,35757,7600.0
40,35757,7600.0
41,35757,7600.0
42,35757,7600.0
43,35757,7600.0
44,35757,7600.0
45,35757,7600.0
46,35757,7600.0
47,35757,7600.0
48,35757,7600.0
49,35757,7600.0
50,35757,7600.0
51,35757,7600.0
52,35757,7600.0
53,35757,7600.0
54,35757,7600.0
55,35757,7600.0
56,35757,7600.0
57,35757,7600.0
58,35757,7600.0
59,35757,7600.0
60,35757,7600.0
61,35757,7600.0
62,35757,7600.0
63,35757,7600.0
64,35757,7600.0
65,35757,7600.0
66,35757,7600.0
67,35757,7600.0
68,35757,7600.0
69,35757,7600.0
70,35757,7600.0
71,35757,7600.0
72,35757,7600.0
73,35757,7600.0
74,35757,7600.0
75,35757,7600.0
76,35757,7600.0
77,35757,7600.0
78,35757,7600.0
79,35757,7600.0
80,35757,7600.0
81,35757,7600.0
82,35757,7600.0
83,35757,7600.0
84,35757,7600.0
85,35757,7600.0
86,35757,7600.0
87,35757,7600.0
88,35757,7600.0
89,35757,7600.0
90,35757,7600.0
91,35757,7600.0
92,35757,7600.0
93,35757,7600.0
94,35757,7600.0
95,35757,7600.0
96,35757,7600.0
1,35760,1900.0
2,35760,1900.0
3,35760,1900.0
4,35760,1900.0
5,35760,1900.0
6,35760,1900.0
7,35760,1900.0
8,35760,1900.0
9,35760,1900.0
10,35760,1900.0
11,35760,1900.0
12,35760,1900.0
13,35760,1900.0
14,35760,1900.0
15,35760,1900.0
16,35760,1900.0
17,35760,1900.0
18,35760,1900.0
19,35760,1900.0
20,35760,1900.0
21,35760,1900.0
22,35760,1900.0
23,35760,1900.0
24,35760,1900.0
25,35760,1900.0
26,35760,1900.0
27,35760,1900.0
28,35760,1900.0
29,35760,1900.0
30,35760,1900.0
31,35760,1900.0
32,35760,1900.0
33,35760,1900.0
34,35760,1900.0
35,35760,1900.0
36,35760,1900.0
37,35760,1900.0
38,35760,1900.0
39,35760,1900.0
40,35760,1900.0
41,35760,1900.0
42,35760,1900.0
43,35760,1900.0
44,35760,1900.0
45,35760,1900.0
46,35760,1900.0
47,35760,1900.0
48,35760,1900.0
49,35760,1900.0
50,35760,1900.0
51,35760,1900.0
52,35760,1900.0
53,35760,1900.0
54,35760,1900.0
55,35760,1900.0
56,35760,1900.0
57,35760,1900.0
58,35760,1900.0
59,35760,1900.0
60,35760,1900.0
61,35760,1900.0
62,35760,1900.0
63,35760,1900.0
64,35760,1900.0
65,35760,1900.0
66,35760,1900.0
67,35760,1900.0
68,35760,1900.0
69,35760,1900.0
70,35760,1900.0
71,35760,1900.0
72,35760,1900.0
73,35760,1900.0
74,35760,1900.0
75,35760,1900.0
76,35760,1900.0
77,35760,1900.0
78,35760,1900.0
79,35760,1900.0
80,35760,1900.0
81,35760,1900.0
82,35760,1900.0
83,35760,1900.0
84,35760,1900.0
85,35760,1900.0
86,35760,1900.0
87,35760,1900.0
88,35760,1900.0
89,35760,1900.0
90,35760,1900.0
91,35760,1900.0
92,35760,1900.0
93,35760,1900.0
94,35760,1900.0
95,35760,1900.0
96,35760,1900.0
1,35765,4000.0
2,35765,4000.0
3,35765,4000.0
4,35765,4000.0
5,35765,4000.0
6,35765,4000.0
7,35765,4000.0
8,35765,4000.0
9,35765,4000.0
10,35765,4000.0
11,35765,4000.0
12,35765,4000.0
13,35765,4000.0
14,35765,4000.0
15,35765,4000.0
16,35765,4000.0
17,35765,4000.0
18,35765,4000.0
19,35765,4000.0
20,35765,4000.0
21,35765,4000.0
22,35765,4000.0
23,35765,4000.0
24,35765,4000.0
25,35765,4000.0
26,35765,4000.0
27,35765,4000.0
28,35765,4000.0
29,35765,4000.0
30,35765,4000.0
31,35765,4000.0
32,35765,4000.0
33,35765,4000.0
34,35765,4000.0
35,35765,4000.0
36,35765,4000.0
37,35765,4000.0
38,35765,4000.0
39,35765,4000.0
40,35765,4000.0
41,35765,4000.0
42,35765,4000.0
43,35765,4000.0
44,35765,4000.0
45,35765,4000.0
46,35765,4000.0
47,35765,4000.0
48,35765,4000.0
49,35765,4000.0
50,35765,4000.0
51,35765,4000.0
52,35765,4000.0
53,35765,4000.0
54,35765,4000.0
55,35765,4000.0
56,35765,4000.0
57,35765,4000.0
58,35765,4000.0
59,35765,4000.0
60,35765,4000.0
61,35765,4000.0
62,35765,4000.0
63,35765,4000.0
64,35765,4000.0
65,35765,4000.0
66,35765,4000.0
67,35765,4000.0
68,35765,4000.0
69,35765,4000.0
70,35765,4000.0
71,35765,4000.0
72,35765,4000.0
73,35765,4000.0
74,35765,4000.0
75,35765,4000.0
76,35765,4000.0
77,35765,4000.0
78,35765,4000.0
79,35765,4000.0
80,35765,4000.0
81,35765,4000.0
82,35765,4000.0
83,35765,4000.0
84,35765,4000.0
85,35765,4000.0
86,35765,4000.0
87,35765,4000.0
88,35765,4000.0
89,35765,4000.0
90,35765,4000.0
91,35765,4000.0
92,35765,4000.0
93,35765,4000.0
94,35765,4000.0
95,35765,4000.0
96,35765,4000.0
1,35779,4000.0
2,35779,4000.0
3,35779,4000.0
4,35779,4000.0
5,35779,4000.0
6,35779,4000.0
7,35779,4000.0
8,35779,4000.0
9,35779,4000.0
10,35779,4000.0
11,35779,4000.0
12,35779,4000.0
13,35779,4000.0
14,35779,4000.0
15,35779,4000.0
16,35779,4000.0
17,35779,4000.0
18,35779,4000.0
19,35779,4000.0
20,35779,4000.0
21,35779,4000.0
22,35779,4000.0
23,35779,4000.0
24,35779,4000.0
25,35779,4000.0
26,35779,4000.0
27,35779,4000.0
28,35779,4000.0
29,35779,4000.0
30,35779,4000.0
31,35779,4000.0
32,35779,4000.0
33,35779,4000.0
34,35779,4000.0
35,35779,4000.0
36,35779,4000.0
37,35779,4000.0
38,35779,4000.0
39,35779,4000.0
40,35779,4000.0
41,35779,4000.0
42,35779,4000.0
43,35779,4000.0
44,35779,4000.0
45,35779,4000.0
46,35779,4000.0
47,35779,4000.0
48,35779,4000.0
49,35779,4000.0
50,35779,4000.0
51,35779,4000.0
52,35779,4000.0
53,35779,4000.0
54,35779,4000.0
55,35779,4000.0
56,35779,4000.0
57,35779,4000.0
58,35779,4000.0
59,35779,4000.0
60,35779,4000.0
61,35779,4000.0
62,35779,4000.0
63,35779,4000.0
64,35779,4000.0
65,35779,4000.0
66,35779,4000.0
67,35779,4000.0
68,35779,4000.0
69,35779,4000.0
70,35779,4000.0
71,35779,4000.0
72,35779,4000.0
73,35779,4000.0
74,35779,4000.0
75,35779,4000.0
76,35779,4000.0
77,35779,4000.0
78,35779,4000.0
79,35779,4000.0
80,35779,4000.0
81,35779,4000.0
82,35779,4000.0
83,35779,4000.0
84,35779,4000.0
85,35779,4000.0
86,35779,4000.0
87,35779,4000.0
88,35779,4000.0
89,35779,4000.0
90,35779,4000.0
91,35779,4000.0
92,35779,4000.0
93,35779,4000.0
94,35779,4000.0
95,35779,4000.0
96,35779,4000.0
1,35786,7600.0
2,35786,7600.0
3,35786,7600.0
4,35786,7600.0
5,35786,7600.0
6,35786,7600.0
7,35786,7600.0
8,35786,7600.0
9,35786,7600.0
10,35786,7600.0
11,35786,7600.0
12,35786,7600.0
13,35786,7600.0
14,35786,7600.0
15,35786,7600.0
16,35786,7600.0
17,35786,7600.0
18,35786,7600.0
19,35786,7600.0
20,35786,7600.0
21,35786,7600.0
22,35786,7600.0
23,35786,7600.0
24,35786,7600.0
25,35786,7600.0
26,35786,7600.0
27,35786,7600.0
28,35786,7600.0
29,35786,7600.0
30,35786,7600.0
31,35786,7600.0
32,35786,7600.0
33,35786,7600.0
34,35786,7600.0
35,35786,7600.0
36,35786,7600.0
37,35786,7600.0
38,35786,7600.0
39,35786,7600.0
40,35786,7600.0
41,35786,7600.0
42,35786,7600.0
43,35786,7600.0
44,35786,7600.0
45,35786,7600.0
46,35786,7600.0
47,35786,7600.0
48,35786,7600.0
49,35786,7600.0
50,35786,7600.0
51,35786,7600.0
52,35786,7600.0
53,35786,7600.0
54,35786,7600.0
55,35786,7600.0
56,35786,7600.0
57,35786,7600.0
58,35786,7600.0
59,35786,7600.0
60,35786,7600.0
61,35786,7600.0
62,35786,7600.0
63,35786,7600.0
64,35786,7600.0
65,35786,7600.0
66,35786,7600.0
67,35786,7600.0
68,35786,7600.0
69,35786,7600.0
70,35786,7600.0
71,35786,7600.0
72,35786,7600.0
73,35786,7600.0
74,35786,7600.0
75,35786,7600.0
76,35786,7600.0
77,35786,7600.0
78,35786,7600.0
79,35786,7600.0
80,35786,7600.0
81,35786,7600.0
82,35786,7600.0
83,35786,7600.0
84,35786,7600.0
85,35786,7600.0
86,35786,7600.0
87,35786,7600.0
88,35786,7600.0
89,35786,7600.0
90,35786,7600.0
91,35786,7600.0
92,35786,7600.0
93,35786,7600.0
94,35786,7600.0
95,35786,7600.0
96,35786,7600.0
1,35787,7600.0
2,35787,7600.0
3,35787,7600.0
4,35787,7600.0
5,35787,7600.0
6,35787,7600.0
7,35787,7600.0
8,35787,7600.0
9,35787,7600.0
10,35787,7600.0
11,35787,7600.0
12,35787,7600.0
13,35787,7600.0
14,35787,7600.0
15,35787,7600.0
16,35787,7600.0
17,35787,7600.0
18,35787,7600.0
19,35787,7600.0
20,35787,7600.0
21,35787,7600.0
22,35787,7600.0
23,35787,7600.0
24,35787,7600.0
25,35787,7600.0
26,35787,7600.0
27,35787,7600.0
28,35787,7600.0
29,35787,7081.27
30,35787,7081.27
31,35787,7081.27
32,35787,7081.27
33,35787,7081.27
34,35787,7081.27
35,35787,7081.27
36,35787,7081.27
37,35787,7081.27
38,35787,7081.27
39,35787,7081.27
40,35787,7081.27
41,35787,7081.27
42,35787,7081.27
43,35787,7600.0
44,35787,7600.0
45,35787,7600.0
46,35787,7600.0
47,35787,7600.0
48,35787,7600.0
49,35787,7600.0
50,35787,7600.0
51,35787,7600.0
52,35787,7600.0
53,35787,7600.0
54,35787,7600.0
55,35787,7600.0
56,35787,7600.0
57,35787,7600.0
58,35787,7600.0
59,35787,7600.0
60,35787,7600.0
61,35787,7600.0
62,35787,7600.0
63,35787,7600.0
64,35787,7600.0
65,35787,7600.0
66,35787,7600.0
67,35787,7600.0
68,35787,7600.0
69,35787,7600.0
70,35787,7600.0
71,35787,7600.0
72,35787,7600.0
73,35787,7600.0
74,35787,7600.0
75,35787,7600.0
76,35787,7600.0
77,35787,7600.0
78,35787,7600.0
79,35787,7600.0
80,35787,7600.0
81,35787,7600.0
82,35787,7600.0
83,35787,7600.0
84,35787,7600.0
85,35787,7600.0
86,35787,7600.0
87,35787,7600.0
88,35787,7600.0
89,35787,7600.0
90,35787,7600.0
91,35787,7600.0
92,35787,7600.0
93,35787,7600.0
94,35787,7600.0
95,35787,7600.0
96,35787,7600.0
1,38163,6000.0
2,38163,6000.0
3,38163,6000.0
4,38163,6000.0
5,38163,6000.0
6,38163,6000.0
7,38163,6000.0
8,38163,6000.0
9,38163,6000.0
10,38163,6000.0
11,38163,6000.0
12,38163,6000.0
13,38163,6000.0
14,38163,6000.0
15,38163,6000.0
16,38163,6000.0
17,38163,6000.0
18,38163,6000.0
19,38163,6000.0
20,38163,6000.0
21,38163,6000.0
22,38163,6000.0
23,38163,6000.0
24,38163,6000.0
25,38163,6000.0
26,38163,6000.0
27,38163,6000.0
28,38163,6000.0
29,38163,6000.0
30,38163,6000.0
31,38163,6000.0
32,38163,6000.0
33,38163,6000.0
34,38163,6000.0
35,38163,6000.0
36,38163,6000.0
37,38163,6000.0
38,38163,6000.0
39,38163,6000.0
40,38163,6000.0
41,38163,6000.0
42,38163,6000.0
43,38163,6000.0
44,38163,6000.0
45,38163,6000.0
46,38163,6000.0
47,38163,6000.0
48,38163,6000.0
49,38163,6000.0
50,38163,6000.0
51,38163,6000.0
52,38163,6000.0
53,38163,6000.0
54,38163,6000.0
55,38163,6000.0
56,38163,6000.0
57,38163,6000.0
58,38163,6000.0
59,38163,6000.0
60,38163,6000.0
61,38163,6000.0
62,38163,6000.0
63,38163,6000.0
64,38163,6000.0
65,38163,6000.0
66,38163,6000.0
67,38163,6000.0
68,38163,6000.0
69,38163,6000.0
70,38163,6000.0
71,38163,6000.0
72,38163,6000.0
73,38163,6000.0
74,38163,6000.0
75,38163,6000.0
76,38163,6000.0
77,38163,6000.0
78,38163,6000.0
79,38163,6000.0
80,38163,6000.0
81,38163,6000.0
82,38163,6000.0
83,38163,6000.0
84,38163,6000.0
85,38163,6000.0
86,38163,6000.0
87,38163,6000.0
88,38163,6000.0
89,38163,6000.0
90,38163,6000.0
91,38163,6000.0
92,38163,6000.0
93,38163,6000.0
94,38163,6000.0
95,38163,6000.0
96,38163,6000.0
1,38167,6000.0
2,38167,6000.0
3,38167,6000.0
4,38167,6000.0
5,38167,6000.0
6,38167,6000.0
7,38167,6000.0
8,38167,6000.0
9,38167,6000.0
10,38167,6000.0
11,38167,6000.0
12,38167,6000.0
13,38167,6000.0
14,38167,6000.0
15,38167,6000.0
16,38167,6000.0
17,38167,6000.0
18,38167,6000.0
19,38167,6000.0
20,38167,6000.0
21,38167,6000.0
22,38167,6000.0
23,38167,6000.0
24,38167,6000.0
25,38167,6000.0
26,38167,6000.0
27,38167,6000.0
28,38167,6000.0
29,38167,6000.0
30,38167,6000.0
31,38167,6000.0
32,38167,6000.0
33,38167,6000.0
34,38167,6000.0
35,38167,6000.0
36,38167,6000.0
37,38167,6000.0
38,38167,6000.0
39,38167,6000.0
40,38167,6000.0
41,38167,6000.0
42,38167,6000.0
43,38167,6000.0
44,38167,6000.0
45,38167,6000.0
46,38167,6000.0
47,38167,6000.0
48,38167,6000.0
49,38167,6000.0
50,38167,6000.0
51,38167,6000.0
52,38167,6000.0
53,38167,6000.0
54,38167,6000.0
55,38167,6000.0
56,38167,6000.0
57,38167,6000.0
58,38167,6000.0
59,38167,6000.0
60,38167,6000.0
61,38167,6000.0
62,38167,6000.0
63,38167,6000.0
64,38167,6000.0
65,38167,6000.0
66,38167,6000.0
67,38167,6000.0
68,38167,6000.0
69,38167,6000.0
70,38167,6000.0
71,38167,6000.0
72,38167,6000.0
73,38167,6000.0
74,38167,6000.0
75,38167,6000.0
76,38167,6000.0
77,38167,6000.0
78,38167,6000.0
79,38167,6000.0
80,38167,6000.0
81,38167,6000.0
82,38167,6000.0
83,38167,6000.0
84,38167,6000.0
85,38167,6000.0
86,38167,6000.0
87,38167,6000.0
88,38167,6000.0
89,38167,6000.0
90,38167,6000.0
91,38167,6000.0
92,38167,6000.0
93,38167,6000.0
94,38167,6000.0
95,38167,6000.0
96,38167,6000.0
1,38189,6000.0
2,38189,6000.0
3,38189,6000.0
4,38189,6000.0
5,38189,6000.0
6,38189,6000.0
7,38189,6000.0
8,38189,6000.0
9,38189,6000.0
10,38189,6000.0
11,38189,6000.0
12,38189,6000.0
13,38189,6000.0
14,38189,6000.0
15,38189,6000.0
16,38189,6000.0
17,38189,6000.0
18,38189,6000.0
19,38189,6000.0
20,38189,6000.0
21,38189,6000.0
22,38189,6000.0
23,38189,6000.0
24,38189,6000.0
25,38189,6000.0
26,38189,6000.0
27,38189,6000.0
28,38189,6000.0
29,38189,6000.0
30,38189,6000.0
31,38189,6000.0
32,38189,6000.0
33,38189,6000.0
34,38189,6000.0
35,38189,6000.0
36,38189,6000.0
37,38189,6000.0
38,38189,6000.0
39,38189,6000.0
40,38189,6000.0
41,38189,6000.0
42,38189,6000.0
43,38189,6000.0
44,38189,6000.0
45,38189,6000.0
46,38189,6000.0
47,38189,6000.0
48,38189,6000.0
49,38189,6000.0
50,38189,6000.0
51,38189,6000.0
52,38189,6000.0
53,38189,6000.0
54,38189,6000.0
55,38189,6000.0
56,38189,6000.0
57,38189,6000.0
58,38189,6000.0
59,38189,6000.0
60,38189,6000.0
61,38189,6000.0
62,38189,6000.0
63,38189,6000.0
64,38189,6000.0
65,38189,6000.0
66,38189,6000.0
67,38189,6000.0
68,38189,6000.0
69,38189,6000.0
70,38189,6000.0
71,38189,6000.0
72,38189,6000.0
73,38189,6000.0
74,38189,6000.0
75,38189,6000.0
76,38189,6000.0
77,38189,6000.0
78,38189,6000.0
79,38189,6000.0
80,38189,6000.0
81,38189,6000.0
82,38189,6000.0
83,38189,6000.0
84,38189,6000.0
85,38189,6000.0
86,38189,6000.0
87,38189,6000.0
88,38189,6000.0
89,38189,6000.0
90,38189,6000.0
91,38189,6000.0
92,38189,6000.0
93,38189,6000.0
94,38189,6000.0
95,38189,6000.0
96,38189,6000.0
1,38500,8000.0
2,38500,8000.0
3,38500,8000.0
4,38500,8000.0
5,38500,8000.0
6,38500,8000.0
7,38500,8000.0
8,38500,8000.0
9,38500,8000.0
10,38500,8000.0
11,38500,8000.0
12,38500,8000.0
13,38500,8000.0
14,38500,8000.0
15,38500,8000.0
16,38500,8000.0
17,38500,8000.0
18,38500,8000.0
19,38500,8000.0
20,38500,8000.0
21,38500,8000.0
22,38500,8000.0
23,38500,8000.0
24,38500,8000.0
25,38500,8000.0
26,38500,8000.0
27,38500,8000.0
28,38500,8000.0
29,38500,8000.0
30,38500,8000.0
31,38500,8000.0
32,38500,8000.0
33,38500,8000.0
34,38500,8000.0
35,38500,8000.0
36,38500,8000.0
37,38500,8000.0
38,38500,8000.0
39,38500,8000.0
40,38500,8000.0
41,38500,8000.0
42,38500,8000.0
43,38500,8000.0
44,38500,8000.0
45,38500,8000.0
46,38500,8000.0
47,38500,8000.0
48,38500,8000.0
49,38500,8000.0
50,38500,8000.0
51,38500,8000.0
52,38500,8000.0
53,38500,8000.0
54,38500,8000.0
55,38500,8000.0
56,38500,8000.0
57,38500,8000.0
58,38500,8000.0
59,38500,8000.0
60,38500,8000.0
61,38500,8000.0
62,38500,8000.0
63,38500,8000.0
64,38500,8000.0
65,38500,8000.0
66,38500,8000.0
67,38500,8000.0
68,38500,8000.0
69,38500,8000.0
70,38500,8000.0
71,38500,8000.0
72,38500,8000.0
73,38500,8000.0
74,38500,8000.0
75,38500,8000.0
76,38500,8000.0
77,38500,8000.0
78,38500,8000.0
79,38500,8000.0
80,38500,8000.0
81,38500,8000.0
82,38500,8000.0
83,38500,8000.0
84,38500,8000.0
85,38500,8000.0
86,38500,8000.0
87,38500,8000.0
88,38500,8000.0
89,38500,8000.0
90,38500,8000.0
91,38500,8000.0
92,38500,8000.0
93,38500,8000.0
94,38500,8000.0
95,38500,8000.0
96,38500,8000.0
1,38749,6000.0
2,38749,6000.0
3,38749,6000.0
4,38749,6000.0
5,38749,6000.0
6,38749,6000.0
7,38749,6000.0
8,38749,6000.0
9,38749,6000.0
10,38749,6000.0
11,38749,6000.0
12,38749,6000.0
13,38749,6000.0
14,38749,6000.0
15,38749,6000.0
16,38749,6000.0
17,38749,6000.0
18,38749,6000.0
19,38749,6000.0
20,38749,6000.0
21,38749,6000.0
22,38749,6000.0
23,38749,6000.0
24,38749,6000.0
25,38749,6000.0
26,38749,6000.0
27,38749,6000.0
28,38749,6000.0
29,38749,6000.0
30,38749,6000.0
31,38749,6000.0
32,38749,6000.0
33,38749,6000.0
34,38749,6000.0
35,38749,6000.0
36,38749,6000.0
37,38749,6000.0
38,38749,6000.0
39,38749,6000.0
40,38749,6000.0
41,38749,6000.0
42,38749,6000.0
43,38749,6000.0
44,38749,6000.0
45,38749,6000.0
46,38749,6000.0
47,38749,6000.0
48,38749,6000.0
49,38749,6000.0
50,38749,6000.0
51,38749,6000.0
52,38749,6000.0
53,38749,6000.0
54,38749,6000.0
55,38749,6000.0
56,38749,6000.0
57,38749,6000.0
58,38749,6000.0
59,38749,6000.0
60,38749,6000.0
61,38749,6000.0
62,38749,6000.0
63,38749,6000.0
64,38749,6000.0
65,38749,6000.0
66,38749,6000.0
67,38749,6000.0
68,38749,6000.0
69,38749,6000.0
70,38749,6000.0
71,38749,6000.0
72,38749,6000.0
73,38749,6000.0
74,38749,6000.0
75,38749,6000.0
76,38749,6000.0
77,38749,6000.0
78,38749,6000.0
79,38749,6000.0
80,38749,6000.0
81,38749,6000.0
82,38749,6000.0
83,38749,6000.0
84,38749,6000.0
85,38749,6000.0
86,38749,6000.0
87,38749,6000.0
88,38749,6000.0
89,38749,6000.0
90,38749,6000.0
91,38749,6000.0
92,38749,6000.0
93,38749,6000.0
94,38749,6000.0
95,38749,6000.0
96,38749,6000.0
1,38801,6000.0
2,38801,6000.0
3,38801,6000.0
4,38801,6000.0
5,38801,6000.0
6,38801,6000.0
7,38801,6000.0
8,38801,6000.0
9,38801,6000.0
10,38801,6000.0
11,38801,6000.0
12,38801,6000.0
13,38801,6000.0
14,38801,6000.0
15,38801,6000.0
16,38801,6000.0
17,38801,6000.0
18,38801,6000.0
19,38801,6000.0
20,38801,6000.0
21,38801,6000.0
22,38801,6000.0
23,38801,6000.0
24,38801,6000.0
25,38801,6000.0
26,38801,6000.0
27,38801,6000.0
28,38801,6000.0
29,38801,6000.0
30,38801,6000.0
31,38801,6000.0
32,38801,6000.0
33,38801,6000.0
34,38801,6000.0
35,38801,6000.0
36,38801,6000.0
37,38801,6000.0
38,38801,6000.0
39,38801,6000.0
40,38801,6000.0
41,38801,6000.0
42,38801,6000.0
43,38801,6000.0
44,38801,6000.0
45,38801,6000.0
46,38801,6000.0
47,38801,6000.0
48,38801,6000.0
49,38801,6000.0
50,38801,6000.0
51,38801,6000.0
52,38801,6000.0
53,38801,6000.0
54,38801,6000.0
55,38801,6000.0
56,38801,6000.0
57,38801,6000.0
58,38801,6000.0
59,38801,6000.0
60,38801,6000.0
61,38801,6000.0
62,38801,6000.0
63,38801,6000.0
64,38801,6000.0
65,38801,6000.0
66,38801,6000.0
67,38801,6000.0
68,38801,6000.0
69,38801,6000.0
70,38801,6000.0
71,38801,6000.0
72,38801,6000.0
73,38801,6000.0
74,38801,6000.0
75,38801,6000.0
76,38801,6000.0
77,38801,6000.0
78,38801,6000.0
79,38801,6000.0
80,38801,6000.0
81,38801,6000.0
82,38801,6000.0
83,38801,6000.0
84,38801,6000.0
85,38801,6000.0
86,38801,6000.0
87,38801,6000.0
88,38801,6000.0
89,38801,6000.0
90,38801,6000.0
91,38801,6000.0
92,38801,6000.0
93,38801,6000.0
94,38801,6000.0
95,38801,6000.0
96,38801,6000.0
1,38954,4000.0
2,38954,4000.0
3,38954,4000.0
4,38954,4000.0
5,38954,4000.0
6,38954,4000.0
7,38954,4000.0
8,38954,4000.0
9,38954,4000.0
10,38954,4000.0
11,38954,4000.0
12,38954,4000.0
13,38954,4000.0
14,38954,4000.0
15,38954,4000.0
16,38954,4000.0
17,38954,4000.0
18,38954,4000.0
19,38954,4000.0
20,38954,4000.0
21,38954,4000.0
22,38954,4000.0
23,38954,4000.0
24,38954,4000.0
25,38954,4000.0
26,38954,4000.0
27,38954,4000.0
28,38954,4000.0
29,38954,4000.0
30,38954,4000.0
31,38954,4000.0
32,38954,4000.0
33,38954,4000.0
34,38954,4000.0
35,38954,4000.0
36,38954,4000.0
37,38954,4000.0
38,38954,4000.0
39,38954,4000.0
40,38954,4000.0
41,38954,4000.0
42,38954,4000.0
43,38954,4000.0
44,38954,4000.0
45,38954,4000.0
46,38954,4000.0
47,38954,4000.0
48,38954,4000.0
49,38954,4000.0
50,38954,4000.0
51,38954,4000.0
52,38954,4000.0
53,38954,4000.0
54,38954,4000.0
55,38954,4000.0
56,38954,4000.0
57,38954,4000.0
58,38954,4000.0
59,38954,4000.0
60,38954,4000.0
61,38954,4000.0
62,38954,3856.23
63,38954,3856.23
64,38954,3856.23
65,38954,3856.23
66,38954,3856.23
67,38954,3856.23
68,38954,3856.23
69,38954,3856.23
70,38954,3856.23
71,38954,3856.23
72,38954,3856.23
73,38954,3856.23
74,38954,3856.23
75,38954,3856.23
76,38954,3856.23
77,38954,3856.23
78,38954,3856.23
79,38954,4000.0
80,38954,4000.0
81,38954,4000.0
82,38954,4000.0
83,38954,4000.0
84,38954,4000.0
85,38954,4000.0
86,38954,4000.0
87,38954,4000.0
88,38954,4000.0
89,38954,4000.0
90,38954,4000.0
91,38954,4000.0
92,38954,4000.0
93,38954,4000.0
94,38954,4000.0
95,38954,4000.0
96,38954,4000.0
1,38959,6000.0
2,38959,6000.0
3,38959,6000.0
4,38959,6000.0
5,38959,6000.0
6,38959,6000.0
7,38959,6000.0
8,38959,6000.0
9,38959,6000.0
10,38959,6000.0
11,38959,6000.0
12,38959,6000.0
13,38959,6000.0
14,38959,6000.0
15,38959,6000.0
16,38959,6000.0
17,38959,6000.0
18,38959,6000.0
19,38959,6000.0
20,38959,6000.0
21,38959,6000.0
22,38959,6000.0
23,38959,6000.0
24,38959,6000.0
25,38959,6000.0
26,38959,6000.0
27,38959,6000.0
28,38959,6000.0
29,38959,6000.0
30,38959,6000.0
31,38959,6000.0
32,38959,6000.0
33,38959,6000.0
34,38959,6000.0
35,38959,6000.0
36,38959,6000.0
37,38959,6000.0
38,38959,6000.0
39,38959,6000.0
40,38959,6000.0
41,38959,6000.0
42,38959,6000.0
43,38959,6000.0
44,38959,6000.0
45,38959,6000.0
46,38959,6000.0
47,38959,6000.0
48,38959,6000.0
49,38959,6000.0
50,38959,6000.0
51,38959,6000.0
52,38959,6000.0
53,38959,6000.0
54,38959,6000.0
55,38959,6000.0
56,38959,6000.0
57,38959,6000.0
58,38959,6000.0
59,38959,6000.0
60,38959,6000.0
61,38959,6000.0
62,38959,6000.0
63,38959,6000.0
64,38959,6000.0
65,38959,6000.0
66,38959,6000.0
67,38959,6000.0
68,38959,6000.0
69,38959,6000.0
70,38959,6000.0
71,38959,6000.0
72,38959,6000.0
73,38959,6000.0
74,38959,6000.0
75,38959,6000.0
76,38959,6000.0
77,38959,6000.0
78,38959,6000.0
79,38959,6000.0
80,38959,6000.0
81,38959,6000.0
82,38959,6000.0
83,38959,6000.0
84,38959,6000.0
85,38959,6000.0
86,38959,6000.0
87,38959,6000.0
88,38959,6000.0
89,38959,6000.0
90,38959,6000.0
91,38959,6000.0
92,38959,6000.0
93,38959,6000.0
94,38959,6000.0
95,38959,6000.0
96,38959,6000.0
1,39007,8000.0
2,39007,8000.0
3,39007,8000.0
4,39007,8000.0
5,39007,8000.0
6,39007,8000.0
7,39007,8000.0
8,39007,8000.0
9,39007,8000.0
10,39007,8000.0
11,39007,8000.0
12,39007,8000.0
13,39007,8000.0
14,39007,8000.0
15,39007,8000.0
16,39007,8000.0
17,39007,8000.0
18,39007,8000.0
19,39007,8000.0
20,39007,8000.0
21,39007,8000.0
22,39007,8000.0
23,39007,8000.0
24,39007,8000.0
25,39007,8000.0
26,39007,8000.0
27,39007,8000.0
28,39007,8000.0
29,39007,8000.0
30,39007,8000.0
31,39007,8000.0
32,39007,8000.0
33,39007,8000.0
34,39007,8000.0
35,39007,8000.0
36,39007,8000.0
37,39007,8000.0
38,39007,8000.0
39,39007,8000.0
40,39007,8000.0
41,39007,8000.0
42,39007,8000.0
43,39007,8000.0
44,39007,8000.0
45,39007,8000.0
46,39007,8000.0
47,39007,8000.0
48,39007,8000.0
49,39007,8000.0
50,39007,8000.0
51,39007,8000.0
52,39007,8000.0
53,39007,8000.0
54,39007,8000.0
55,39007,8000.0
56,39007,8000.0
57,39007,8000.0
58,39007,8000.0
59,39007,8000.0
60,39007,8000.0
61,39007,8000.0
62,39007,8000.0
63,39007,8000.0
64,39007,8000.0
65,39007,8000.0
66,39007,8000.0
67,39007,8000.0
68,39007,8000.0
69,39007,8000.0
70,39007,8000.0
71,39007,8000.0
72,39007,8000.0
73,39007,8000.0
74,39007,8000.0
75,39007,8000.0
76,39007,8000.0
77,39007,8000.0
78,39007,8000.0
79,39007,8000.0
80,39007,8000.0
81,39007,8000.0
82,39007,8000.0
83,39007,8000.0
84,39007,8000.0
85,39007,8000.0
86,39007,8000.0
87,39007,8000.0
88,39007,8000.0
89,39007,8000.0
90,39007,8000.0
91,39007,8000.0
92,39007,8000.0
93,39007,8000.0
94,39007,8000.0
95,39007,8000.0
96,39007,8000.0
1,39080,6000.0
2,39080,6000.0
3,39080,6000.0
4,39080,6000.0
5,39080,6000.0
6,39080,6000.0
7,39080,6000.0
8,39080,6000.0
9,39080,6000.0
10,39080,6000.0
11,39080,6000.0
12,39080,6000.0
13,39080,6000.0
14,39080,6000.0
15,39080,6000.0
16,39080,6000.0
17,39080,6000.0
18,39080,6000.0
19,39080,6000.0
20,39080,6000.0
21,39080,6000.0
22,39080,6000.0
23,39080,6000.0
24,39080,6000.0
25,39080,6000.0
26,39080,6000.0
27,39080,6000.0
28,39080,6000.0
29,39080,6000.0
30,39080,6000.0
31,39080,6000.0
32,39080,6000.0
33,39080,6000.0
34,39080,6000.0
35,39080,6000.0
36,39080,6000.0
37,39080,6000.0
38,39080,6000.0
39,39080,6000.0
40,39080,6000.0
41,39080,6000.0
42,39080,6000.0
43,39080,6000.0
44,39080,6000.0
45,39080,6000.0
46,39080,6000.0
47,39080,6000.0
48,39080,6000.0
49,39080,6000.0
50,39080,6000.0
51,39080,6000.0
52,39080,6000.0
53,39080,6000.0
54,39080,6000.0
55,39080,6000.0
56,39080,6000.0
57,39080,6000.0
58,39080,6000.0
59,39080,6000.0
60,39080,6000.0
61,39080,6000.0
62,39080,6000.0
63,39080,6000.0
64,39080,6000.0
65,39080,6000.0
66,39080,6000.0
67,39080,6000.0
68,39080,6000.0
69,39080,6000.0
70,39080,6000.0
71,39080,6000.0
72,39080,6000.0
73,39080,6000.0
74,39080,6000.0
75,39080,6000.0
76,39080,6000.0
77,39080,6000.0
78,39080,6000.0
79,39080,6000.0
80,39080,6000.0
81,39080,6000.0
82,39080,6000.0
83,39080,6000.0
84,39080,6000.0
85,39080,6000.0
86,39080,6000.0
87,39080,6000.0
88,39080,6000.0
89,39080,6000.0
90,39080,6000.0
91,39080,6000.0
92,39080,6000.0
93,39080,6000.0
94,39080,6000.0
95,39080,6000.0
96,39080,6000.0
1,39139,6000.0
2,39139,6000.0
3,39139,6000.0
4,39139,6000.0
5,39139,6000.0
6,39139,6000.0
7,39139,6000.0
8,39139,6000.0
9,39139,6000.0
10,39139,6000.0
11,39139,6000.0
12,39139,6000.0
13,39139,6000.0
14,39139,6000.0
15,39139,6000.0
16,39139,6000.0
17,39139,6000.0
18,39139,6000.0
19,39139,6000.0
20,39139,6000.0
21,39139,6000.0
22,39139,6000.0
23,39139,6000.0
24,39139,6000.0
25,39139,6000.0
26,39139,6000.0
27,39139,6000.0
28,39139,6000.0
29,39139,6000.0
30,39139,6000.0
31,39139,6000.0
32,39139,6000.0
33,39139,6000.0
34,39139,6000.0
35,39139,6000.0
36,39139,6000.0
37,39139,6000.0
38,39139,6000.0
39,39139,6000.0
40,39139,6000.0
41,39139,6000.0
42,39139,6000.0
43,39139,6000.0
44,39139,6000.0
45,39139,6000.0
46,39139,6000.0
47,39139,6000.0
48,39139,6000.0
49,39139,6000.0
50,39139,6000.0
51,39139,6000.0
52,39139,6000.0
53,39139,6000.0
54,39139,6000.0
55,39139,6000.0
56,39139,6000.0
57,39139,6000.0
58,39139,6000.0
59,39139,6000.0
60,39139,6000.0
61,39139,6000.0
62,39139,6000.0
63,39139,6000.0
64,39139,6000.0
65,39139,6000.0
66,39139,6000.0
67,39139,6000.0
68,39139,6000.0
69,39139,6000.0
70,39139,6000.0
71,39139,6000.0
72,39139,6000.0
73,39139,6000.0
74,39139,6000.0
75,39139,6000.0
76,39139,6000.0
77,39139,6000.0
78,39139,6000.0
79,39139,6000.0
80,39139,6000.0
81,39139,6000.0
82,39139,6000.0
83,39139,6000.0
84,39139,6000.0
85,39139,6000.0
86,39139,6000.0
87,39139,6000.0
88,39139,6000.0
89,39139,6000.0
90,39139,6000.0
91,39139,6000.0
92,39139,6000.0
93,39139,6000.0
94,39139,6000.0
95,39139,6000.0
96,39139,6000.0
1,39141,4000.0
2,39141,4000.0
3,39141,4000.0
4,39141,4000.0
5,39141,4000.0
6,39141,4000.0
7,39141,4000.0
8,39141,4000.0
9,39141,4000.0
10,39141,4000.0
11,39141,4000.0
12,39141,4000.0
13,39141,4000.0
14,39141,4000.0
15,39141,4000.0
16,39141,4000.0
17,39141,4000.0
18,39141,4000.0
19,39141,4000.0
20,39141,4000.0
21,39141,4000.0
22,39141,4000.0
23,39141,4000.0
24,39141,4000.0
25,39141,4000.0
26,39141,4000.0
27,39141,4000.0
28,39141,4000.0
29,39141,4000.0
30,39141,4000.0
31,39141,4000.0
32,39141,4000.0
33,39141,4000.0
34,39141,4000.0
35,39141,4000.0
36,39141,4000.0
37,39141,4000.0
38,39141,4000.0
39,39141,4000.0
40,39141,4000.0
41,39141,4000.0
42,39141,4000.0
43,39141,4000.0
44,39141,4000.0
45,39141,4000.0
46,39141,4000.0
47,39141,4000.0
48,39141,4000.0
49,39141,4000.0
50,39141,4000.0
51,39141,4000.0
52,39141,4000.0
53,39141,4000.0
54,39141,4000.0
55,39141,4000.0
56,39141,4000.0
57,39141,4000.0
58,39141,4000.0
59,39141,4000.0
60,39141,4000.0
61,39141,4000.0
62,39141,3856.23
63,39141,3856.23
64,39141,3856.23
65,39141,3856.23
66,39141,3856.23
67,39141,3856.23
68,39141,3856.23
69,39141,3856.23
70,39141,3856.23
71,39141,3856.23
72,39141,3856.23
73,39141,3856.23
74,39141,3856.23
75,39141,3856.23
76,39141,3856.23
77,39141,3856.23
78,39141,3856.23
79,39141,4000.0
80,39141,4000.0
81,39141,4000.0
82,39141,4000.0
83,39141,4000.0
84,39141,4000.0
85,39141,4000.0
86,39141,4000.0
87,39141,4000.0
88,39141,4000.0
89,39141,4000.0
90,39141,4000.0
91,39141,4000.0
92,39141,4000.0
93,39141,4000.0
94,39141,4000.0
95,39141,4000.0
96,39141,4000.0
1,39142,4000.0
2,39142,4000.0
3,39142,4000.0
4,39142,4000.0
5,39142,4000.0
6,39142,4000.0
7,39142,4000.0
8,39142,4000.0
9,39142,4000.0
10,39142,4000.0
11,39142,4000.0
12,39142,4000.0
13,39142,4000.0
14,39142,4000.0
15,39142,4000.0
16,39142,4000.0
17,39142,4000.0
18,39142,4000.0
19,39142,4000.0
20,39142,4000.0
21,39142,4000.0
22,39142,4000.0
23,39142,4000.0
24,39142,4000.0
25,39142,4000.0
26,39142,4000.0
27,39142,3840.55
28,39142,3840.55
29,39142,3840.55
30,39142,3840.55
31,39142,3840.55
32,39142,3840.55
33,39142,3840.55
34,39142,3840.55
35,39142,3840.55
36,39142,3840.55
37,39142,3840.55
38,39142,3840.55
39,39142,4000.0
40,39142,4000.0
41,39142,4000.0
42,39142,4000.0
43,39142,4000.0
44,39142,4000.0
45,39142,4000.0
46,39142,4000.0
47,39142,4000.0
48,39142,4000.0
49,39142,4000.0
50,39142,4000.0
51,39142,4000.0
52,39142,4000.0
53,39142,4000.0
54,39142,4000.0
55,39142,4000.0
56,39142,4000.0
57,39142,4000.0
58,39142,4000.0
59,39142,4000.0
60,39142,4000.0
61,39142,4000.0
62,39142,4000.0
63,39142,4000.0
64,39142,4000.0
65,39142,4000.0
66,39142,4000.0
67,39142,4000.0
68,39142,4000.0
69,39142,4000.0
70,39142,4000.0
71,39142,4000.0
72,39142,4000.0
73,39142,4000.0
74,39142,4000.0
75,39142,4000.0
76,39142,4000.0
77,39142,4000.0
78,39142,4000.0
79,39142,4000.0
80,39142,4000.0
81,39142,4000.0
82,39142,4000.0
83,39142,4000.0
84,39142,4000.0
85,39142,4000.0
86,39142,4000.0
87,39142,4000.0
88,39142,4000.0
89,39142,4000.0
90,39142,4000.0
91,39142,4000.0
92,39142,4000.0
93,39142,4000.0
94,39142,4000.0
95,39142,4000.0
96,39142,4000.0
1,39143,6000.0
2,39143,6000.0
3,39143,6000.0
4,39143,6000.0
5,39143,6000.0
6,39143,6000.0
7,39143,6000.0
8,39143,6000.0
9,39143,6000.0
10,39143,6000.0
11,39143,6000.0
12,39143,6000.0
13,39143,6000.0
14,39143,6000.0
15,39143,6000.0
16,39143,6000.0
17,39143,6000.0
18,39143,6000.0
19,39143,6000.0
20,39143,6000.0
21,39143,6000.0
22,39143,6000.0
23,39143,6000.0
24,39143,6000.0
25,39143,6000.0
26,39143,6000.0
27,39143,6000.0
28,39143,6000.0
29,39143,6000.0
30,39143,6000.0
31,39143,6000.0
32,39143,6000.0
33,39143,6000.0
34,39143,6000.0
35,39143,6000.0
36,39143,6000.0
37,39143,6000.0
38,39143,6000.0
39,39143,6000.0
40,39143,6000.0
41,39143,6000.0
42,39143,6000.0
43,39143,6000.0
44,39143,6000.0
45,39143,6000.0
46,39143,6000.0
47,39143,6000.0
48,39143,6000.0
49,39143,6000.0
50,39143,6000.0
51,39143,6000.0
52,39143,6000.0
53,39143,6000.0
54,39143,6000.0
55,39143,6000.0
56,39143,6000.0
57,39143,6000.0
58,39143,6000.0
59,39143,6000.0
60,39143,6000.0
61,39143,6000.0
62,39143,6000.0
63,39143,6000.0
64,39143,6000.0
65,39143,6000.0
66,39143,6000.0
67,39143,6000.0
68,39143,6000.0
69,39143,6000.0
70,39143,6000.0
71,39143,6000.0
72,39143,6000.0
73,39143,6000.0
74,39143,6000.0
75,39143,6000.0
76,39143,6000.0
77,39143,6000.0
78,39143,6000.0
79,39143,6000.0
80,39143,6000.0
81,39143,6000.0
82,39143,6000.0
83,39143,6000.0
84,39143,6000.0
85,39143,6000.0
86,39143,6000.0
87,39143,6000.0
88,39143,6000.0
89,39143,6000.0
90,39143,6000.0
91,39143,6000.0
92,39143,6000.0
93,39143,6000.0
94,39143,6000.0
95,39143,6000.0
96,39143,6000.0
1,39145,4000.0
2,39145,4000.0
3,39145,4000.0
4,39145,4000.0
5,39145,4000.0
6,39145,4000.0
7,39145,4000.0
8,39145,4000.0
9,39145,4000.0
10,39145,4000.0
11,39145,4000.0
12,39145,4000.0
13,39145,4000.0
14,39145,4000.0
15,39145,4000.0
16,39145,4000.0
17,39145,4000.0
18,39145,4000.0
19,39145,4000.0
20,39145,4000.0
21,39145,4000.0
22,39145,4000.0
23,39145,4000.0
24,39145,4000.0
25,39145,4000.0
26,39145,4000.0
27,39145,4000.0
28,39145,4000.0
29,39145,4000.0
30,39145,4000.0
31,39145,4000.0
32,39145,4000.0
33,39145,4000.0
34,39145,4000.0
35,39145,4000.0
36,39145,4000.0
37,39145,4000.0
38,39145,4000.0
39,39145,4000.0
40,39145,4000.0
41,39145,4000.0
42,39145,4000.0
43,39145,4000.0
44,39145,4000.0
45,39145,4000.0
46,39145,4000.0
47,39145,4000.0
48,39145,4000.0
49,39145,4000.0
50,39145,4000.0
51,39145,4000.0
52,39145,4000.0
53,39145,4000.0
54,39145,4000.0
55,39145,4000.0
56,39145,4000.0
57,39145,4000.0
58,39145,4000.0
59,39145,4000.0
60,39145,4000.0
61,39145,4000.0
62,39145,4000.0
63,39145,4000.0
64,39145,4000.0
65,39145,4000.0
66,39145,4000.0
67,39145,4000.0
68,39145,4000.0
69,39145,4000.0
70,39145,4000.0
71,39145,4000.0
72,39145,4000.0
73,39145,4000.0
74,39145,4000.0
75,39145,4000.0
76,39145,4000.0
77,39145,4000.0
78,39145,4000.0
79,39145,4000.0
80,39145,4000.0
81,39145,4000.0
82,39145,4000.0
83,39145,4000.0
84,39145,4000.0
85,39145,4000.0
86,39145,4000.0
87,39145,4000.0
88,39145,4000.0
89,39145,4000.0
90,39145,4000.0
91,39145,4000.0
92,39145,4000.0
93,39145,4000.0
94,39145,4000.0
95,39145,4000.0
96,39145,4000.0
1,39146,4000.0
2,39146,4000.0
3,39146,4000.0
4,39146,4000.0
5,39146,4000.0
6,39146,4000.0
7,39146,4000.0
8,39146,4000.0
9,39146,4000.0
10,39146,4000.0
11,39146,4000.0
12,39146,4000.0
13,39146,4000.0
14,39146,4000.0
15,39146,4000.0
16,39146,4000.0
17,39146,4000.0
18,39146,4000.0
19,39146,4000.0
20,39146,4000.0
21,39146,4000.0
22,39146,4000.0
23,39146,4000.0
24,39146,4000.0
25,39146,4000.0
26,39146,4000.0
27,39146,3840.55
28,39146,3840.55
29,39146,3840.55
30,39146,3840.55
31,39146,3840.55
32,39146,3840.55
33,39146,3840.55
34,39146,3840.55
35,39146,3840.55
36,39146,3840.55
37,39146,3840.55
38,39146,3840.55
39,39146,4000.0
40,39146,4000.0
41,39146,4000.0
42,39146,4000.0
43,39146,4000.0
44,39146,4000.0
45,39146,4000.0
46,39146,4000.0
47,39146,4000.0
48,39146,4000.0
49,39146,4000.0
50,39146,4000.0
51,39146,4000.0
52,39146,4000.0
53,39146,4000.0
54,39146,4000.0
55,39146,4000.0
56,39146,4000.0
57,39146,4000.0
58,39146,4000.0
59,39146,4000.0
60,39146,4000.0
61,39146,4000.0
62,39146,4000.0
63,39146,4000.0
64,39146,4000.0
65,39146,4000.0
66,39146,4000.0
67,39146,4000.0
68,39146,4000.0
69,39146,4000.0
70,39146,4000.0
71,39146,4000.0
72,39146,4000.0
73,39146,4000.0
74,39146,4000.0
75,39146,4000.0
76,39146,4000.0
77,39146,4000.0
78,39146,4000.0
79,39146,4000.0
80,39146,4000.0
81,39146,4000.0
82,39146,4000.0
83,39146,4000.0
84,39146,4000.0
85,39146,4000.0
86,39146,4000.0
87,39146,4000.0
88,39146,4000.0
89,39146,4000.0
90,39146,4000.0
91,39146,4000.0
92,39146,4000.0
93,39146,4000.0
94,39146,4000.0
95,39146,4000.0
96,39146,4000.0
1,39147,4000.0
2,39147,4000.0
3,39147,4000.0
4,39147,4000.0
5,39147,4000.0
6,39147,4000.0
7,39147,4000.0
8,39147,4000.0
9,39147,4000.0
10,39147,4000.0
11,39147,4000.0
12,39147,4000.0
13,39147,4000.0
14,39147,4000.0
15,39147,4000.0
16,39147,4000.0
17,39147,4000.0
18,39147,4000.0
19,39147,4000.0
20,39147,4000.0
21,39147,4000.0
22,39147,4000.0
23,39147,4000.0
24,39147,4000.0
25,39147,4000.0
26,39147,3458.52
27,39147,3458.52
28,39147,3458.52
29,39147,3458.52
30,39147,3458.52
31,39147,3458.52
32,39147,3458.52
33,39147,3458.52
34,39147,3458.52
35,39147,3458.52
36,39147,3458.52
37,39147,3458.52
38,39147,3458.52
39,39147,4000.0
40,39147,4000.0
41,39147,4000.0
42,39147,4000.0
43,39147,4000.0
44,39147,4000.0
45,39147,4000.0
46,39147,4000.0
47,39147,4000.0
48,39147,4000.0
49,39147,4000.0
50,39147,4000.0
51,39147,4000.0
52,39147,4000.0
53,39147,4000.0
54,39147,4000.0
55,39147,4000.0
56,39147,4000.0
57,39147,4000.0
58,39147,4000.0
59,39147,4000.0
60,39147,4000.0
61,39147,4000.0
62,39147,4000.0
63,39147,4000.0
64,39147,4000.0
65,39147,4000.0
66,39147,4000.0
67,39147,4000.0
68,39147,4000.0
69,39147,4000.0
70,39147,4000.0
71,39147,4000.0
72,39147,4000.0
73,39147,4000.0
74,39147,4000.0
75,39147,4000.0
76,39147,4000.0
77,39147,4000.0
78,39147,4000.0
79,39147,4000.0
80,39147,4000.0
81,39147,4000.0
82,39147,4000.0
83,39147,4000.0
84,39147,4000.0
85,39147,4000.0
86,39147,4000.0
87,39147,4000.0
88,39147,4000.0
89,39147,4000.0
90,39147,4000.0
91,39147,4000.0
92,39147,4000.0
93,39147,4000.0
94,39147,4000.0
95,39147,4000.0
96,39147,4000.0
1,39148,4000.0
2,39148,4000.0
3,39148,4000.0
4,39148,4000.0
5,39148,4000.0
6,39148,4000.0
7,39148,4000.0
8,39148,4000.0
9,39148,4000.0
10,39148,4000.0
11,39148,4000.0
12,39148,4000.0
13,39148,4000.0
14,39148,4000.0
15,39148,4000.0
16,39148,4000.0
17,39148,4000.0
18,39148,4000.0
19,39148,4000.0
20,39148,4000.0
21,39148,4000.0
22,39148,4000.0
23,39148,4000.0
24,39148,4000.0
25,39148,4000.0
26,39148,4000.0
27,39148,4000.0
28,39148,4000.0
29,39148,4000.0
30,39148,4000.0
31,39148,4000.0
32,39148,4000.0
33,39148,4000.0
34,39148,4000.0
35,39148,4000.0
36,39148,4000.0
37,39148,4000.0
38,39148,4000.0
39,39148,4000.0
40,39148,4000.0
41,39148,4000.0
42,39148,4000.0
43,39148,4000.0
44,39148,4000.0
45,39148,4000.0
46,39148,4000.0
47,39148,4000.0
48,39148,4000.0
49,39148,4000.0
50,39148,4000.0
51,39148,4000.0
52,39148,4000.0
53,39148,4000.0
54,39148,4000.0
55,39148,4000.0
56,39148,4000.0
57,39148,4000.0
58,39148,4000.0
59,39148,4000.0
60,39148,4000.0
61,39148,4000.0
62,39148,4000.0
63,39148,4000.0
64,39148,4000.0
65,39148,4000.0
66,39148,4000.0
67,39148,4000.0
68,39148,4000.0
69,39148,4000.0
70,39148,4000.0
71,39148,4000.0
72,39148,4000.0
73,39148,4000.0
74,39148,4000.0
75,39148,4000.0
76,39148,4000.0
77,39148,4000.0
78,39148,4000.0
79,39148,4000.0
80,39148,4000.0
81,39148,4000.0
82,39148,4000.0
83,39148,4000.0
84,39148,4000.0
85,39148,4000.0
86,39148,4000.0
87,39148,4000.0
88,39148,4000.0
89,39148,4000.0
90,39148,4000.0
91,39148,4000.0
92,39148,4000.0
93,39148,4000.0
94,39148,4000.0
95,39148,4000.0
96,39148,4000.0
1,39149,6000.0
2,39149,6000.0
3,39149,6000.0
4,39149,6000.0
5,39149,6000.0
6,39149,6000.0
7,39149,6000.0
8,39149,6000.0
9,39149,6000.0
10,39149,6000.0
11,39149,6000.0
12,39149,6000.0
13,39149,6000.0
14,39149,6000.0
15,39149,6000.0
16,39149,6000.0
17,39149,6000.0
18,39149,6000.0
19,39149,6000.0
20,39149,6000.0
21,39149,6000.0
22,39149,6000.0
23,39149,6000.0
24,39149,6000.0
25,39149,6000.0
26,39149,6000.0
27,39149,6000.0
28,39149,6000.0
29,39149,6000.0
30,39149,6000.0
31,39149,6000.0
32,39149,6000.0
33,39149,6000.0
34,39149,6000.0
35,39149,6000.0
36,39149,6000.0
37,39149,6000.0
38,39149,6000.0
39,39149,6000.0
40,39149,6000.0
41,39149,6000.0
42,39149,6000.0
43,39149,6000.0
44,39149,6000.0
45,39149,6000.0
46,39149,6000.0
47,39149,6000.0
48,39149,6000.0
49,39149,6000.0
50,39149,6000.0
51,39149,6000.0
52,39149,6000.0
53,39149,6000.0
54,39149,6000.0
55,39149,6000.0
56,39149,6000.0
57,39149,6000.0
58,39149,6000.0
59,39149,6000.0
60,39149,6000.0
61,39149,6000.0
62,39149,6000.0
63,39149,6000.0
64,39149,6000.0
65,39149,6000.0
66,39149,6000.0
67,39149,6000.0
68,39149,6000.0
69,39149,6000.0
70,39149,6000.0
71,39149,6000.0
72,39149,6000.0
73,39149,6000.0
74,39149,6000.0
75,39149,6000.0
76,39149,6000.0
77,39149,6000.0
78,39149,6000.0
79,39149,6000.0
80,39149,6000.0
81,39149,6000.0
82,39149,6000.0
83,39149,6000.0
84,39149,6000.0
85,39149,6000.0
86,39149,6000.0
87,39149,6000.0
88,39149,6000.0
89,39149,6000.0
90,39149,6000.0
91,39149,6000.0
92,39149,6000.0
93,39149,6000.0
94,39149,6000.0
95,39149,6000.0
96,39149,6000.0
1,39150,4000.0
2,39150,4000.0
3,39150,4000.0
4,39150,4000.0
5,39150,4000.0
6,39150,4000.0
7,39150,4000.0
8,39150,4000.0
9,39150,4000.0
10,39150,4000.0
11,39150,4000.0
12,39150,4000.0
13,39150,4000.0
14,39150,4000.0
15,39150,4000.0
16,39150,4000.0
17,39150,4000.0
18,39150,4000.0
19,39150,4000.0
20,39150,4000.0
21,39150,4000.0
22,39150,4000.0
23,39150,4000.0
24,39150,4000.0
25,39150,4000.0
26,39150,4000.0
27,39150,4000.0
28,39150,4000.0
29,39150,4000.0
30,39150,4000.0
31,39150,4000.0
32,39150,4000.0
33,39150,4000.0
34,39150,4000.0
35,39150,4000.0
36,39150,4000.0
37,39150,4000.0
38,39150,4000.0
39,39150,4000.0
40,39150,4000.0
41,39150,4000.0
42,39150,4000.0
43,39150,4000.0
44,39150,4000.0
45,39150,4000.0
46,39150,4000.0
47,39150,4000.0
48,39150,4000.0
49,39150,4000.0
50,39150,4000.0
51,39150,4000.0
52,39150,4000.0
53,39150,4000.0
54,39150,4000.0
55,39150,4000.0
56,39150,4000.0
57,39150,4000.0
58,39150,4000.0
59,39150,4000.0
60,39150,4000.0
61,39150,4000.0
62,39150,4000.0
63,39150,4000.0
64,39150,4000.0
65,39150,4000.0
66,39150,4000.0
67,39150,4000.0
68,39150,4000.0
69,39150,4000.0
70,39150,4000.0
71,39150,4000.0
72,39150,4000.0
73,39150,4000.0
74,39150,4000.0
75,39150,4000.0
76,39150,4000.0
77,39150,4000.0
78,39150,4000.0
79,39150,4000.0
80,39150,4000.0
81,39150,4000.0
82,39150,4000.0
83,39150,4000.0
84,39150,4000.0
85,39150,4000.0
86,39150,4000.0
87,39150,4000.0
88,39150,4000.0
89,39150,4000.0
90,39150,4000.0
91,39150,4000.0
92,39150,4000.0
93,39150,4000.0
94,39150,4000.0
95,39150,4000.0
96,39150,4000.0
1,39151,4000.0
2,39151,4000.0
3,39151,4000.0
4,39151,4000.0
5,39151,4000.0
6,39151,4000.0
7,39151,4000.0
8,39151,4000.0
9,39151,4000.0
10,39151,4000.0
11,39151,4000.0
12,39151,4000.0
13,39151,4000.0
14,39151,4000.0
15,39151,4000.0
16,39151,4000.0
17,39151,4000.0
18,39151,4000.0
19,39151,4000.0
20,39151,4000.0
21,39151,4000.0
22,39151,4000.0
23,39151,4000.0
24,39151,4000.0
25,39151,4000.0
26,39151,4000.0
27,39151,4000.0
28,39151,3847.36
29,39151,3847.36
30,39151,3847.36
31,39151,3847.36
32,39151,3847.36
33,39151,3847.36
34,39151,3847.36
35,39151,3847.36
36,39151,3847.36
37,39151,4000.0
38,39151,4000.0
39,39151,4000.0
40,39151,4000.0
41,39151,4000.0
42,39151,4000.0
43,39151,4000.0
44,39151,4000.0
45,39151,4000.0
46,39151,4000.0
47,39151,4000.0
48,39151,4000.0
49,39151,4000.0
50,39151,4000.0
51,39151,4000.0
52,39151,4000.0
53,39151,4000.0
54,39151,4000.0
55,39151,4000.0
56,39151,4000.0
57,39151,4000.0
58,39151,4000.0
59,39151,4000.0
60,39151,4000.0
61,39151,4000.0
62,39151,4000.0
63,39151,4000.0
64,39151,4000.0
65,39151,4000.0
66,39151,4000.0
67,39151,4000.0
68,39151,4000.0
69,39151,4000.0
70,39151,4000.0
71,39151,4000.0
72,39151,4000.0
73,39151,4000.0
74,39151,4000.0
75,39151,4000.0
76,39151,4000.0
77,39151,4000.0
78,39151,4000.0
79,39151,4000.0
80,39151,4000.0
81,39151,4000.0
82,39151,4000.0
83,39151,4000.0
84,39151,4000.0
85,39151,4000.0
86,39151,4000.0
87,39151,4000.0
88,39151,4000.0
89,39151,4000.0
90,39151,4000.0
91,39151,4000.0
92,39151,4000.0
93,39151,4000.0
94,39151,4000.0
95,39151,4000.0
96,39151,4000.0
1,39152,6000.0
2,39152,6000.0
3,39152,6000.0
4,39152,6000.0
5,39152,6000.0
6,39152,6000.0
7,39152,6000.0
8,39152,6000.0
9,39152,6000.0
10,39152,6000.0
11,39152,6000.0
12,39152,6000.0
13,39152,6000.0
14,39152,6000.0
15,39152,6000.0
16,39152,6000.0
17,39152,6000.0
18,39152,6000.0
19,39152,6000.0
20,39152,6000.0
21,39152,6000.0
22,39152,6000.0
23,39152,6000.0
24,39152,6000.0
25,39152,6000.0
26,39152,6000.0
27,39152,6000.0
28,39152,6000.0
29,39152,6000.0
30,39152,6000.0
31,39152,6000.0
32,39152,6000.0
33,39152,6000.0
34,39152,6000.0
35,39152,6000.0
36,39152,6000.0
37,39152,6000.0
38,39152,6000.0
39,39152,6000.0
40,39152,6000.0
41,39152,6000.0
42,39152,6000.0
43,39152,6000.0
44,39152,6000.0
45,39152,6000.0
46,39152,6000.0
47,39152,6000.0
48,39152,6000.0
49,39152,6000.0
50,39152,6000.0
51,39152,6000.0
52,39152,6000.0
53,39152,6000.0
54,39152,6000.0
55,39152,6000.0
56,39152,6000.0
57,39152,6000.0
58,39152,6000.0
59,39152,6000.0
60,39152,6000.0
61,39152,6000.0
62,39152,6000.0
63,39152,6000.0
64,39152,6000.0
65,39152,6000.0
66,39152,6000.0
67,39152,6000.0
68,39152,6000.0
69,39152,6000.0
70,39152,6000.0
71,39152,6000.0
72,39152,6000.0
73,39152,6000.0
74,39152,6000.0
75,39152,6000.0
76,39152,6000.0
77,39152,6000.0
78,39152,6000.0
79,39152,6000.0
80,39152,6000.0
81,39152,6000.0
82,39152,6000.0
83,39152,6000.0
84,39152,6000.0
85,39152,6000.0
86,39152,6000.0
87,39152,6000.0
88,39152,6000.0
89,39152,6000.0
90,39152,6000.0
91,39152,6000.0
92,39152,6000.0
93,39152,6000.0
94,39152,6000.0
95,39152,6000.0
96,39152,6000.0
1,39153,6000.0
2,39153,6000.0
3,39153,6000.0
4,39153,6000.0
5,39153,6000.0
6,39153,6000.0
7,39153,6000.0
8,39153,6000.0
9,39153,6000.0
10,39153,6000.0
11,39153,6000.0
12,39153,6000.0
13,39153,6000.0
14,39153,6000.0
15,39153,6000.0
16,39153,6000.0
17,39153,6000.0
18,39153,6000.0
19,39153,6000.0
20,39153,6000.0
21,39153,6000.0
22,39153,6000.0
23,39153,6000.0
24,39153,6000.0
25,39153,6000.0
26,39153,6000.0
27,39153,6000.0
28,39153,6000.0
29,39153,6000.0
30,39153,6000.0
31,39153,6000.0
32,39153,6000.0
33,39153,6000.0
34,39153,6000.0
35,39153,6000.0
36,39153,6000.0
37,39153,6000.0
38,39153,6000.0
39,39153,6000.0
40,39153,6000.0
41,39153,6000.0
42,39153,6000.0
43,39153,6000.0
44,39153,6000.0
45,39153,6000.0
46,39153,6000.0
47,39153,6000.0
48,39153,6000.0
49,39153,6000.0
50,39153,6000.0
51,39153,6000.0
52,39153,6000.0
53,39153,6000.0
54,39153,6000.0
55,39153,6000.0
56,39153,6000.0
57,39153,6000.0
58,39153,6000.0
59,39153,6000.0
60,39153,6000.0
61,39153,6000.0
62,39153,6000.0
63,39153,6000.0
64,39153,6000.0
65,39153,6000.0
66,39153,6000.0
67,39153,6000.0
68,39153,6000.0
69,39153,6000.0
70,39153,6000.0
71,39153,6000.0
72,39153,6000.0
73,39153,6000.0
74,39153,6000.0
75,39153,6000.0
76,39153,6000.0
77,39153,6000.0
78,39153,6000.0
79,39153,6000.0
80,39153,6000.0
81,39153,6000.0
82,39153,6000.0
83,39153,6000.0
84,39153,6000.0
85,39153,6000.0
86,39153,6000.0
87,39153,6000.0
88,39153,6000.0
89,39153,6000.0
90,39153,6000.0
91,39153,6000.0
92,39153,6000.0
93,39153,6000.0
94,39153,6000.0
95,39153,6000.0
96,39153,6000.0
1,39154,4000.0
2,39154,4000.0
3,39154,4000.0
4,39154,4000.0
5,39154,4000.0
6,39154,4000.0
7,39154,4000.0
8,39154,4000.0
9,39154,4000.0
10,39154,4000.0
11,39154,4000.0
12,39154,4000.0
13,39154,4000.0
14,39154,4000.0
15,39154,4000.0
16,39154,4000.0
17,39154,4000.0
18,39154,4000.0
19,39154,4000.0
20,39154,4000.0
21,39154,4000.0
22,39154,4000.0
23,39154,4000.0
24,39154,4000.0
25,39154,4000.0
26,39154,4000.0
27,39154,4000.0
28,39154,4000.0
29,39154,4000.0
30,39154,4000.0
31,39154,4000.0
32,39154,4000.0
33,39154,4000.0
34,39154,4000.0
35,39154,4000.0
36,39154,4000.0
37,39154,4000.0
38,39154,4000.0
39,39154,4000.0
40,39154,4000.0
41,39154,4000.0
42,39154,4000.0
43,39154,4000.0
44,39154,4000.0
45,39154,4000.0
46,39154,4000.0
47,39154,4000.0
48,39154,4000.0
49,39154,4000.0
50,39154,4000.0
51,39154,4000.0
52,39154,4000.0
53,39154,4000.0
54,39154,4000.0
55,39154,4000.0
56,39154,4000.0
57,39154,4000.0
58,39154,4000.0
59,39154,4000.0
60,39154,4000.0
61,39154,4000.0
62,39154,4000.0
63,39154,4000.0
64,39154,4000.0
65,39154,4000.0
66,39154,4000.0
67,39154,4000.0
68,39154,4000.0
69,39154,4000.0
70,39154,4000.0
71,39154,4000.0
72,39154,4000.0
73,39154,4000.0
74,39154,4000.0
75,39154,4000.0
76,39154,4000.0
77,39154,4000.0
78,39154,4000.0
79,39154,4000.0
80,39154,4000.0
81,39154,4000.0
82,39154,4000.0
83,39154,4000.0
84,39154,4000.0
85,39154,4000.0
86,39154,4000.0
87,39154,4000.0
88,39154,4000.0
89,39154,4000.0
90,39154,4000.0
91,39154,4000.0
92,39154,4000.0
93,39154,4000.0
94,39154,4000.0
95,39154,4000.0
96,39154,4000.0
1,39156,4000.0
2,39156,4000.0
3,39156,4000.0
4,39156,4000.0
5,39156,4000.0
6,39156,4000.0
7,39156,4000.0
8,39156,4000.0
9,39156,4000.0
10,39156,4000.0
11,39156,4000.0
12,39156,4000.0
13,39156,4000.0
14,39156,4000.0
15,39156,4000.0
16,39156,4000.0
17,39156,4000.0
18,39156,4000.0
19,39156,4000.0
20,39156,4000.0
21,39156,4000.0
22,39156,4000.0
23,39156,4000.0
24,39156,4000.0
25,39156,4000.0
26,39156,4000.0
27,39156,4000.0
28,39156,3847.36
29,39156,3847.36
30,39156,3847.36
31,39156,3847.36
32,39156,3847.36
33,39156,3847.36
34,39156,3847.36
35,39156,3847.36
36,39156,3847.36
37,39156,4000.0
38,39156,4000.0
39,39156,4000.0
40,39156,4000.0
41,39156,4000.0
42,39156,4000.0
43,39156,4000.0
44,39156,4000.0
45,39156,4000.0
46,39156,4000.0
47,39156,4000.0
48,39156,4000.0
49,39156,4000.0
50,39156,4000.0
51,39156,4000.0
52,39156,4000.0
53,39156,4000.0
54,39156,4000.0
55,39156,4000.0
56,39156,4000.0
57,39156,4000.0
58,39156,4000.0
59,39156,4000.0
60,39156,4000.0
61,39156,4000.0
62,39156,4000.0
63,39156,4000.0
64,39156,4000.0
65,39156,4000.0
66,39156,4000.0
67,39156,4000.0
68,39156,4000.0
69,39156,4000.0
70,39156,4000.0
71,39156,4000.0
72,39156,4000.0
73,39156,4000.0
74,39156,4000.0
75,39156,4000.0
76,39156,4000.0
77,39156,4000.0
78,39156,4000.0
79,39156,4000.0
80,39156,4000.0
81,39156,4000.0
82,39156,4000.0
83,39156,4000.0
84,39156,4000.0
85,39156,4000.0
86,39156,4000.0
87,39156,4000.0
88,39156,4000.0
89,39156,4000.0
90,39156,4000.0
91,39156,4000.0
92,39156,4000.0
93,39156,4000.0
94,39156,4000.0
95,39156,4000.0
96,39156,4000.0
1,39157,6000.0
2,39157,6000.0
3,39157,6000.0
4,39157,6000.0
5,39157,6000.0
6,39157,6000.0
7,39157,6000.0
8,39157,6000.0
9,39157,6000.0
10,39157,6000.0
11,39157,6000.0
12,39157,6000.0
13,39157,6000.0
14,39157,6000.0
15,39157,6000.0
16,39157,6000.0
17,39157,6000.0
18,39157,6000.0
19,39157,6000.0
20,39157,6000.0
21,39157,6000.0
22,39157,6000.0
23,39157,6000.0
24,39157,6000.0
25,39157,6000.0
26,39157,6000.0
27,39157,6000.0
28,39157,6000.0
29,39157,6000.0
30,39157,6000.0
31,39157,6000.0
32,39157,6000.0
33,39157,6000.0
34,39157,6000.0
35,39157,6000.0
36,39157,6000.0
37,39157,6000.0
38,39157,6000.0
39,39157,6000.0
40,39157,6000.0
41,39157,6000.0
42,39157,6000.0
43,39157,6000.0
44,39157,6000.0
45,39157,6000.0
46,39157,6000.0
47,39157,6000.0
48,39157,6000.0
49,39157,6000.0
50,39157,6000.0
51,39157,6000.0
52,39157,6000.0
53,39157,6000.0
54,39157,6000.0
55,39157,6000.0
56,39157,6000.0
57,39157,6000.0
58,39157,6000.0
59,39157,6000.0
60,39157,6000.0
61,39157,6000.0
62,39157,6000.0
63,39157,6000.0
64,39157,6000.0
65,39157,6000.0
66,39157,6000.0
67,39157,6000.0
68,39157,6000.0
69,39157,6000.0
70,39157,6000.0
71,39157,6000.0
72,39157,6000.0
73,39157,6000.0
74,39157,6000.0
75,39157,6000.0
76,39157,6000.0
77,39157,6000.0
78,39157,6000.0
79,39157,6000.0
80,39157,6000.0
81,39157,6000.0
82,39157,6000.0
83,39157,6000.0
84,39157,6000.0
85,39157,6000.0
86,39157,6000.0
87,39157,6000.0
88,39157,6000.0
89,39157,6000.0
90,39157,6000.0
91,39157,6000.0
92,39157,6000.0
93,39157,6000.0
94,39157,6000.0
95,39157,6000.0
96,39157,6000.0
1,39158,4000.0
2,39158,4000.0
3,39158,4000.0
4,39158,4000.0
5,39158,4000.0
6,39158,4000.0
7,39158,4000.0
8,39158,4000.0
9,39158,4000.0
10,39158,4000.0
11,39158,4000.0
12,39158,4000.0
13,39158,4000.0
14,39158,4000.0
15,39158,4000.0
16,39158,4000.0
17,39158,4000.0
18,39158,4000.0
19,39158,4000.0
20,39158,4000.0
21,39158,4000.0
22,39158,4000.0
23,39158,4000.0
24,39158,4000.0
25,39158,4000.0
26,39158,4000.0
27,39158,4000.0
28,39158,4000.0
29,39158,4000.0
30,39158,4000.0
31,39158,4000.0
32,39158,4000.0
33,39158,4000.0
34,39158,4000.0
35,39158,4000.0
36,39158,4000.0
37,39158,4000.0
38,39158,4000.0
39,39158,4000.0
40,39158,4000.0
41,39158,4000.0
42,39158,4000.0
43,39158,4000.0
44,39158,4000.0
45,39158,4000.0
46,39158,4000.0
47,39158,4000.0
48,39158,4000.0
49,39158,4000.0
50,39158,4000.0
51,39158,4000.0
52,39158,4000.0
53,39158,4000.0
54,39158,4000.0
55,39158,4000.0
56,39158,4000.0
57,39158,4000.0
58,39158,4000.0
59,39158,4000.0
60,39158,4000.0
61,39158,4000.0
62,39158,4000.0
63,39158,4000.0
64,39158,4000.0
65,39158,4000.0
66,39158,4000.0
67,39158,4000.0
68,39158,4000.0
69,39158,4000.0
70,39158,4000.0
71,39158,4000.0
72,39158,4000.0
73,39158,4000.0
74,39158,4000.0
75,39158,4000.0
76,39158,4000.0
77,39158,4000.0
78,39158,4000.0
79,39158,4000.0
80,39158,4000.0
81,39158,4000.0
82,39158,4000.0
83,39158,4000.0
84,39158,4000.0
85,39158,4000.0
86,39158,4000.0
87,39158,4000.0
88,39158,4000.0
89,39158,4000.0
90,39158,4000.0
91,39158,4000.0
92,39158,4000.0
93,39158,4000.0
94,39158,4000.0
95,39158,4000.0
96,39158,4000.0
1,39159,4000.0
2,39159,4000.0
3,39159,4000.0
4,39159,4000.0
5,39159,4000.0
6,39159,4000.0
7,39159,4000.0
8,39159,4000.0
9,39159,4000.0
10,39159,4000.0
11,39159,4000.0
12,39159,4000.0
13,39159,4000.0
14,39159,4000.0
15,39159,4000.0
16,39159,4000.0
17,39159,4000.0
18,39159,4000.0
19,39159,4000.0
20,39159,4000.0
21,39159,4000.0
22,39159,4000.0
23,39159,4000.0
24,39159,4000.0
25,39159,4000.0
26,39159,4000.0
27,39159,4000.0
28,39159,4000.0
29,39159,4000.0
30,39159,4000.0
31,39159,4000.0
32,39159,4000.0
33,39159,4000.0
34,39159,4000.0
35,39159,4000.0
36,39159,4000.0
37,39159,4000.0
38,39159,4000.0
39,39159,4000.0
40,39159,4000.0
41,39159,4000.0
42,39159,4000.0
43,39159,4000.0
44,39159,4000.0
45,39159,4000.0
46,39159,4000.0
47,39159,4000.0
48,39159,4000.0
49,39159,4000.0
50,39159,4000.0
51,39159,4000.0
52,39159,4000.0
53,39159,4000.0
54,39159,4000.0
55,39159,4000.0
56,39159,4000.0
57,39159,4000.0
58,39159,4000.0
59,39159,4000.0
60,39159,4000.0
61,39159,4000.0
62,39159,4000.0
63,39159,4000.0
64,39159,4000.0
65,39159,4000.0
66,39159,4000.0
67,39159,4000.0
68,39159,4000.0
69,39159,4000.0
70,39159,4000.0
71,39159,4000.0
72,39159,4000.0
73,39159,4000.0
74,39159,4000.0
75,39159,4000.0
76,39159,4000.0
77,39159,4000.0
78,39159,4000.0
79,39159,4000.0
80,39159,4000.0
81,39159,4000.0
82,39159,4000.0
83,39159,4000.0
84,39159,4000.0
85,39159,4000.0
86,39159,4000.0
87,39159,4000.0
88,39159,4000.0
89,39159,4000.0
90,39159,4000.0
91,39159,4000.0
92,39159,4000.0
93,39159,4000.0
94,39159,4000.0
95,39159,4000.0
96,39159,4000.0
1,39161,4000.0
2,39161,4000.0
3,39161,4000.0
4,39161,4000.0
5,39161,4000.0
6,39161,4000.0
7,39161,4000.0
8,39161,4000.0
9,39161,4000.0
10,39161,4000.0
11,39161,4000.0
12,39161,4000.0
13,39161,4000.0
14,39161,4000.0
15,39161,4000.0
16,39161,4000.0
17,39161,4000.0
18,39161,4000.0
19,39161,4000.0
20,39161,4000.0
21,39161,4000.0
22,39161,4000.0
23,39161,4000.0
24,39161,4000.0
25,39161,4000.0
26,39161,4000.0
27,39161,4000.0
28,39161,4000.0
29,39161,4000.0
30,39161,4000.0
31,39161,4000.0
32,39161,4000.0
33,39161,4000.0
34,39161,4000.0
35,39161,4000.0
36,39161,4000.0
37,39161,4000.0
38,39161,4000.0
39,39161,4000.0
40,39161,4000.0
41,39161,4000.0
42,39161,4000.0
43,39161,4000.0
44,39161,4000.0
45,39161,4000.0
46,39161,4000.0
47,39161,4000.0
48,39161,4000.0
49,39161,4000.0
50,39161,4000.0
51,39161,4000.0
52,39161,4000.0
53,39161,4000.0
54,39161,4000.0
55,39161,4000.0
56,39161,4000.0
57,39161,4000.0
58,39161,4000.0
59,39161,4000.0
60,39161,4000.0
61,39161,4000.0
62,39161,4000.0
63,39161,4000.0
64,39161,4000.0
65,39161,4000.0
66,39161,4000.0
67,39161,4000.0
68,39161,4000.0
69,39161,4000.0
70,39161,4000.0
71,39161,4000.0
72,39161,4000.0
73,39161,4000.0
74,39161,4000.0
75,39161,4000.0
76,39161,4000.0
77,39161,4000.0
78,39161,4000.0
79,39161,4000.0
80,39161,4000.0
81,39161,4000.0
82,39161,4000.0
83,39161,4000.0
84,39161,4000.0
85,39161,4000.0
86,39161,4000.0
87,39161,4000.0
88,39161,4000.0
89,39161,4000.0
90,39161,4000.0
91,39161,4000.0
92,39161,4000.0
93,39161,4000.0
94,39161,4000.0
95,39161,4000.0
96,39161,4000.0
1,39162,4000.0
2,39162,4000.0
3,39162,4000.0
4,39162,4000.0
5,39162,4000.0
6,39162,4000.0
7,39162,4000.0
8,39162,4000.0
9,39162,4000.0
10,39162,4000.0
11,39162,4000.0
12,39162,4000.0
13,39162,4000.0
14,39162,4000.0
15,39162,4000.0
16,39162,4000.0
17,39162,4000.0
18,39162,4000.0
19,39162,4000.0
20,39162,4000.0
21,39162,4000.0
22,39162,4000.0
23,39162,4000.0
24,39162,4000.0
25,39162,4000.0
26,39162,4000.0
27,39162,4000.0
28,39162,4000.0
29,39162,4000.0
30,39162,4000.0
31,39162,4000.0
32,39162,4000.0
33,39162,4000.0
34,39162,4000.0
35,39162,4000.0
36,39162,4000.0
37,39162,4000.0
38,39162,4000.0
39,39162,4000.0
40,39162,4000.0
41,39162,4000.0
42,39162,4000.0
43,39162,4000.0
44,39162,4000.0
45,39162,4000.0
46,39162,4000.0
47,39162,4000.0
48,39162,4000.0
49,39162,4000.0
50,39162,4000.0
51,39162,4000.0
52,39162,4000.0
53,39162,4000.0
54,39162,4000.0
55,39162,4000.0
56,39162,4000.0
57,39162,4000.0
58,39162,4000.0
59,39162,4000.0
60,39162,4000.0
61,39162,4000.0
62,39162,4000.0
63,39162,4000.0
64,39162,4000.0
65,39162,4000.0
66,39162,4000.0
67,39162,4000.0
68,39162,4000.0
69,39162,4000.0
70,39162,4000.0
71,39162,4000.0
72,39162,4000.0
73,39162,4000.0
74,39162,4000.0
75,39162,4000.0
76,39162,4000.0
77,39162,4000.0
78,39162,4000.0
79,39162,4000.0
80,39162,4000.0
81,39162,4000.0
82,39162,4000.0
83,39162,4000.0
84,39162,4000.0
85,39162,4000.0
86,39162,4000.0
87,39162,4000.0
88,39162,4000.0
89,39162,4000.0
90,39162,4000.0
91,39162,4000.0
92,39162,4000.0
93,39162,4000.0
94,39162,4000.0
95,39162,4000.0
96,39162,4000.0
1,39163,8000.0
2,39163,8000.0
3,39163,8000.0
4,39163,8000.0
5,39163,8000.0
6,39163,8000.0
7,39163,8000.0
8,39163,8000.0
9,39163,8000.0
10,39163,8000.0
11,39163,8000.0
12,39163,8000.0
13,39163,8000.0
14,39163,8000.0
15,39163,8000.0
16,39163,8000.0
17,39163,8000.0
18,39163,8000.0
19,39163,8000.0
20,39163,8000.0
21,39163,8000.0
22,39163,8000.0
23,39163,8000.0
24,39163,8000.0
25,39163,8000.0
26,39163,8000.0
27,39163,8000.0
28,39163,8000.0
29,39163,8000.0
30,39163,8000.0
31,39163,8000.0
32,39163,8000.0
33,39163,8000.0
34,39163,8000.0
35,39163,8000.0
36,39163,8000.0
37,39163,8000.0
38,39163,8000.0
39,39163,8000.0
40,39163,8000.0
41,39163,8000.0
42,39163,8000.0
43,39163,8000.0
44,39163,8000.0
45,39163,8000.0
46,39163,8000.0
47,39163,8000.0
48,39163,8000.0
49,39163,8000.0
50,39163,8000.0
51,39163,8000.0
52,39163,8000.0
53,39163,8000.0
54,39163,8000.0
55,39163,8000.0
56,39163,8000.0
57,39163,8000.0
58,39163,8000.0
59,39163,8000.0
60,39163,8000.0
61,39163,8000.0
62,39163,8000.0
63,39163,8000.0
64,39163,8000.0
65,39163,8000.0
66,39163,8000.0
67,39163,8000.0
68,39163,8000.0
69,39163,8000.0
70,39163,8000.0
71,39163,8000.0
72,39163,8000.0
73,39163,8000.0
74,39163,8000.0
75,39163,8000.0
76,39163,8000.0
77,39163,8000.0
78,39163,8000.0
79,39163,8000.0
80,39163,8000.0
81,39163,8000.0
82,39163,8000.0
83,39163,8000.0
84,39163,8000.0
85,39163,8000.0
86,39163,8000.0
87,39163,8000.0
88,39163,8000.0
89,39163,8000.0
90,39163,8000.0
91,39163,8000.0
92,39163,8000.0
93,39163,8000.0
94,39163,8000.0
95,39163,8000.0
96,39163,8000.0
1,39164,4000.0
2,39164,4000.0
3,39164,4000.0
4,39164,4000.0
5,39164,4000.0
6,39164,4000.0
7,39164,4000.0
8,39164,4000.0
9,39164,4000.0
10,39164,4000.0
11,39164,4000.0
12,39164,4000.0
13,39164,4000.0
14,39164,4000.0
15,39164,4000.0
16,39164,4000.0
17,39164,4000.0
18,39164,4000.0
19,39164,4000.0
20,39164,4000.0
21,39164,4000.0
22,39164,4000.0
23,39164,4000.0
24,39164,4000.0
25,39164,4000.0
26,39164,4000.0
27,39164,4000.0
28,39164,4000.0
29,39164,4000.0
30,39164,4000.0
31,39164,4000.0
32,39164,4000.0
33,39164,4000.0
34,39164,4000.0
35,39164,4000.0
36,39164,4000.0
37,39164,4000.0
38,39164,4000.0
39,39164,4000.0
40,39164,4000.0
41,39164,4000.0
42,39164,4000.0
43,39164,4000.0
44,39164,4000.0
45,39164,4000.0
46,39164,4000.0
47,39164,4000.0
48,39164,4000.0
49,39164,4000.0
50,39164,4000.0
51,39164,4000.0
52,39164,4000.0
53,39164,4000.0
54,39164,4000.0
55,39164,4000.0
56,39164,4000.0
57,39164,4000.0
58,39164,4000.0
59,39164,4000.0
60,39164,4000.0
61,39164,4000.0
62,39164,4000.0
63,39164,4000.0
64,39164,4000.0
65,39164,4000.0
66,39164,4000.0
67,39164,4000.0
68,39164,4000.0
69,39164,4000.0
70,39164,4000.0
71,39164,4000.0
72,39164,4000.0
73,39164,4000.0
74,39164,4000.0
75,39164,4000.0
76,39164,4000.0
77,39164,4000.0
78,39164,4000.0
79,39164,4000.0
80,39164,4000.0
81,39164,4000.0
82,39164,4000.0
83,39164,4000.0
84,39164,4000.0
85,39164,4000.0
86,39164,4000.0
87,39164,4000.0
88,39164,4000.0
89,39164,4000.0
90,39164,4000.0
91,39164,4000.0
92,39164,4000.0
93,39164,4000.0
94,39164,4000.0
95,39164,4000.0
96,39164,4000.0
1,39165,4000.0
2,39165,4000.0
3,39165,4000.0
4,39165,4000.0
5,39165,4000.0
6,39165,4000.0
7,39165,4000.0
8,39165,4000.0
9,39165,4000.0
10,39165,4000.0
11,39165,4000.0
12,39165,4000.0
13,39165,4000.0
14,39165,4000.0
15,39165,4000.0
16,39165,4000.0
17,39165,4000.0
18,39165,4000.0
19,39165,4000.0
20,39165,4000.0
21,39165,4000.0
22,39165,4000.0
23,39165,4000.0
24,39165,4000.0
25,39165,4000.0
26,39165,4000.0
27,39165,4000.0
28,39165,4000.0
29,39165,4000.0
30,39165,4000.0
31,39165,4000.0
32,39165,4000.0
33,39165,4000.0
34,39165,4000.0
35,39165,4000.0
36,39165,4000.0
37,39165,4000.0
38,39165,4000.0
39,39165,4000.0
40,39165,4000.0
41,39165,4000.0
42,39165,4000.0
43,39165,4000.0
44,39165,4000.0
45,39165,4000.0
46,39165,4000.0
47,39165,4000.0
48,39165,4000.0
49,39165,4000.0
50,39165,4000.0
51,39165,4000.0
52,39165,4000.0
53,39165,4000.0
54,39165,4000.0
55,39165,4000.0
56,39165,4000.0
57,39165,4000.0
58,39165,4000.0
59,39165,4000.0
60,39165,4000.0
61,39165,4000.0
62,39165,4000.0
63,39165,4000.0
64,39165,4000.0
65,39165,4000.0
66,39165,4000.0
67,39165,4000.0
68,39165,4000.0
69,39165,4000.0
70,39165,4000.0
71,39165,4000.0
72,39165,4000.0
73,39165,4000.0
74,39165,4000.0
75,39165,4000.0
76,39165,4000.0
77,39165,4000.0
78,39165,4000.0
79,39165,4000.0
80,39165,4000.0
81,39165,4000.0
82,39165,4000.0
83,39165,4000.0
84,39165,4000.0
85,39165,4000.0
86,39165,4000.0
87,39165,4000.0
88,39165,4000.0
89,39165,4000.0
90,39165,4000.0
91,39165,4000.0
92,39165,4000.0
93,39165,4000.0
94,39165,4000.0
95,39165,4000.0
96,39165,4000.0
1,39166,8000.0
2,39166,8000.0
3,39166,8000.0
4,39166,8000.0
5,39166,8000.0
6,39166,8000.0
7,39166,8000.0
8,39166,8000.0
9,39166,8000.0
10,39166,8000.0
11,39166,8000.0
12,39166,8000.0
13,39166,8000.0
14,39166,8000.0
15,39166,8000.0
16,39166,8000.0
17,39166,8000.0
18,39166,8000.0
19,39166,8000.0
20,39166,8000.0
21,39166,8000.0
22,39166,8000.0
23,39166,8000.0
24,39166,8000.0
25,39166,8000.0
26,39166,8000.0
27,39166,8000.0
28,39166,8000.0
29,39166,8000.0
30,39166,8000.0
31,39166,8000.0
32,39166,8000.0
33,39166,8000.0
34,39166,8000.0
35,39166,8000.0
36,39166,8000.0
37,39166,8000.0
38,39166,8000.0
39,39166,8000.0
40,39166,8000.0
41,39166,8000.0
42,39166,8000.0
43,39166,8000.0
44,39166,8000.0
45,39166,8000.0
46,39166,8000.0
47,39166,8000.0
48,39166,8000.0
49,39166,8000.0
50,39166,8000.0
51,39166,8000.0
52,39166,8000.0
53,39166,8000.0
54,39166,8000.0
55,39166,8000.0
56,39166,8000.0
57,39166,8000.0
58,39166,8000.0
59,39166,8000.0
60,39166,8000.0
61,39166,8000.0
62,39166,8000.0
63,39166,8000.0
64,39166,8000.0
65,39166,8000.0
66,39166,8000.0
67,39166,8000.0
68,39166,8000.0
69,39166,8000.0
70,39166,8000.0
71,39166,8000.0
72,39166,8000.0
73,39166,8000.0
74,39166,8000.0
75,39166,8000.0
76,39166,8000.0
77,39166,8000.0
78,39166,8000.0
79,39166,8000.0
80,39166,8000.0
81,39166,8000.0
82,39166,8000.0
83,39166,8000.0
84,39166,8000.0
85,39166,8000.0
86,39166,8000.0
87,39166,8000.0
88,39166,8000.0
89,39166,8000.0
90,39166,8000.0
91,39166,8000.0
92,39166,8000.0
93,39166,8000.0
94,39166,8000.0
95,39166,8000.0
96,39166,8000.0
1,39167,6000.0
2,39167,6000.0
3,39167,6000.0
4,39167,6000.0
5,39167,6000.0
6,39167,6000.0
7,39167,6000.0
8,39167,6000.0
9,39167,6000.0
10,39167,6000.0
11,39167,6000.0
12,39167,6000.0
13,39167,6000.0
14,39167,6000.0
15,39167,6000.0
16,39167,6000.0
17,39167,6000.0
18,39167,6000.0
19,39167,6000.0
20,39167,6000.0
21,39167,6000.0
22,39167,6000.0
23,39167,6000.0
24,39167,6000.0
25,39167,6000.0
26,39167,6000.0
27,39167,6000.0
28,39167,6000.0
29,39167,6000.0
30,39167,6000.0
31,39167,6000.0
32,39167,6000.0
33,39167,6000.0
34,39167,6000.0
35,39167,6000.0
36,39167,6000.0
37,39167,6000.0
38,39167,6000.0
39,39167,6000.0
40,39167,6000.0
41,39167,6000.0
42,39167,6000.0
43,39167,6000.0
44,39167,6000.0
45,39167,6000.0
46,39167,6000.0
47,39167,6000.0
48,39167,6000.0
49,39167,6000.0
50,39167,6000.0
51,39167,6000.0
52,39167,6000.0
53,39167,6000.0
54,39167,6000.0
55,39167,6000.0
56,39167,6000.0
57,39167,6000.0
58,39167,6000.0
59,39167,6000.0
60,39167,6000.0
61,39167,6000.0
62,39167,6000.0
63,39167,6000.0
64,39167,6000.0
65,39167,6000.0
66,39167,6000.0
67,39167,6000.0
68,39167,6000.0
69,39167,6000.0
70,39167,6000.0
71,39167,6000.0
72,39167,6000.0
73,39167,6000.0
74,39167,6000.0
75,39167,6000.0
76,39167,6000.0
77,39167,6000.0
78,39167,6000.0
79,39167,6000.0
80,39167,6000.0
81,39167,6000.0
82,39167,6000.0
83,39167,6000.0
84,39167,6000.0
85,39167,6000.0
86,39167,6000.0
87,39167,6000.0
88,39167,6000.0
89,39167,6000.0
90,39167,6000.0
91,39167,6000.0
92,39167,6000.0
93,39167,6000.0
94,39167,6000.0
95,39167,6000.0
96,39167,6000.0
1,39168,4000.0
2,39168,4000.0
3,39168,4000.0
4,39168,4000.0
5,39168,4000.0
6,39168,4000.0
7,39168,4000.0
8,39168,4000.0
9,39168,4000.0
10,39168,4000.0
11,39168,4000.0
12,39168,4000.0
13,39168,4000.0
14,39168,4000.0
15,39168,4000.0
16,39168,4000.0
17,39168,4000.0
18,39168,4000.0
19,39168,4000.0
20,39168,4000.0
21,39168,4000.0
22,39168,4000.0
23,39168,4000.0
24,39168,4000.0
25,39168,4000.0
26,39168,4000.0
27,39168,4000.0
28,39168,4000.0
29,39168,4000.0
30,39168,4000.0
31,39168,4000.0
32,39168,4000.0
33,39168,4000.0
34,39168,4000.0
35,39168,4000.0
36,39168,4000.0
37,39168,4000.0
38,39168,4000.0
39,39168,4000.0
40,39168,4000.0
41,39168,4000.0
42,39168,4000.0
43,39168,4000.0
44,39168,4000.0
45,39168,4000.0
46,39168,4000.0
47,39168,4000.0
48,39168,4000.0
49,39168,4000.0
50,39168,4000.0
51,39168,4000.0
52,39168,4000.0
53,39168,4000.0
54,39168,4000.0
55,39168,4000.0
56,39168,4000.0
57,39168,4000.0
58,39168,4000.0
59,39168,4000.0
60,39168,4000.0
61,39168,4000.0
62,39168,4000.0
63,39168,4000.0
64,39168,4000.0
65,39168,4000.0
66,39168,4000.0
67,39168,4000.0
68,39168,4000.0
69,39168,4000.0
70,39168,4000.0
71,39168,4000.0
72,39168,4000.0
73,39168,4000.0
74,39168,4000.0
75,39168,4000.0
76,39168,4000.0
77,39168,4000.0
78,39168,4000.0
79,39168,4000.0
80,39168,4000.0
81,39168,4000.0
82,39168,4000.0
83,39168,4000.0
84,39168,4000.0
85,39168,4000.0
86,39168,4000.0
87,39168,4000.0
88,39168,4000.0
89,39168,4000.0
90,39168,4000.0
91,39168,4000.0
92,39168,4000.0
93,39168,4000.0
94,39168,4000.0
95,39168,4000.0
96,39168,4000.0
1,39170,4000.0
2,39170,4000.0
3,39170,4000.0
4,39170,4000.0
5,39170,4000.0
6,39170,4000.0
7,39170,4000.0
8,39170,4000.0
9,39170,4000.0
10,39170,4000.0
11,39170,4000.0
12,39170,4000.0
13,39170,4000.0
14,39170,4000.0
15,39170,4000.0
16,39170,4000.0
17,39170,4000.0
18,39170,4000.0
19,39170,4000.0
20,39170,4000.0
21,39170,4000.0
22,39170,4000.0
23,39170,4000.0
24,39170,4000.0
25,39170,4000.0
26,39170,4000.0
27,39170,4000.0
28,39170,4000.0
29,39170,4000.0
30,39170,4000.0
31,39170,4000.0
32,39170,4000.0
33,39170,4000.0
34,39170,4000.0
35,39170,4000.0
36,39170,4000.0
37,39170,4000.0
38,39170,4000.0
39,39170,4000.0
40,39170,4000.0
41,39170,4000.0
42,39170,4000.0
43,39170,4000.0
44,39170,4000.0
45,39170,4000.0
46,39170,4000.0
47,39170,4000.0
48,39170,4000.0
49,39170,4000.0
50,39170,4000.0
51,39170,4000.0
52,39170,4000.0
53,39170,4000.0
54,39170,4000.0
55,39170,4000.0
56,39170,4000.0
57,39170,4000.0
58,39170,4000.0
59,39170,4000.0
60,39170,4000.0
61,39170,4000.0
62,39170,4000.0
63,39170,4000.0
64,39170,4000.0
65,39170,4000.0
66,39170,4000.0
67,39170,4000.0
68,39170,4000.0
69,39170,4000.0
70,39170,4000.0
71,39170,4000.0
72,39170,4000.0
73,39170,4000.0
74,39170,4000.0
75,39170,4000.0
76,39170,4000.0
77,39170,4000.0
78,39170,4000.0
79,39170,4000.0
80,39170,4000.0
81,39170,4000.0
82,39170,4000.0
83,39170,4000.0
84,39170,4000.0
85,39170,4000.0
86,39170,4000.0
87,39170,4000.0
88,39170,4000.0
89,39170,4000.0
90,39170,4000.0
91,39170,4000.0
92,39170,4000.0
93,39170,4000.0
94,39170,4000.0
95,39170,4000.0
96,39170,4000.0
1,39171,6000.0
2,39171,6000.0
3,39171,6000.0
4,39171,6000.0
5,39171,6000.0
6,39171,6000.0
7,39171,6000.0
8,39171,6000.0
9,39171,6000.0
10,39171,6000.0
11,39171,6000.0
12,39171,6000.0
13,39171,6000.0
14,39171,6000.0
15,39171,6000.0
16,39171,6000.0
17,39171,6000.0
18,39171,6000.0
19,39171,6000.0
20,39171,6000.0
21,39171,6000.0
22,39171,6000.0
23,39171,6000.0
24,39171,6000.0
25,39171,6000.0
26,39171,6000.0
27,39171,6000.0
28,39171,6000.0
29,39171,6000.0
30,39171,6000.0
31,39171,6000.0
32,39171,6000.0
33,39171,6000.0
34,39171,6000.0
35,39171,6000.0
36,39171,6000.0
37,39171,6000.0
38,39171,6000.0
39,39171,6000.0
40,39171,6000.0
41,39171,6000.0
42,39171,6000.0
43,39171,6000.0
44,39171,6000.0
45,39171,6000.0
46,39171,6000.0
47,39171,6000.0
48,39171,6000.0
49,39171,6000.0
50,39171,6000.0
51,39171,6000.0
52,39171,6000.0
53,39171,6000.0
54,39171,6000.0
55,39171,6000.0
56,39171,6000.0
57,39171,6000.0
58,39171,6000.0
59,39171,6000.0
60,39171,6000.0
61,39171,6000.0
62,39171,6000.0
63,39171,6000.0
64,39171,6000.0
65,39171,6000.0
66,39171,6000.0
67,39171,6000.0
68,39171,6000.0
69,39171,6000.0
70,39171,6000.0
71,39171,6000.0
72,39171,6000.0
73,39171,6000.0
74,39171,6000.0
75,39171,6000.0
76,39171,6000.0
77,39171,6000.0
78,39171,6000.0
79,39171,6000.0
80,39171,6000.0
81,39171,6000.0
82,39171,6000.0
83,39171,6000.0
84,39171,6000.0
85,39171,6000.0
86,39171,6000.0
87,39171,6000.0
88,39171,6000.0
89,39171,6000.0
90,39171,6000.0
91,39171,6000.0
92,39171,6000.0
93,39171,6000.0
94,39171,6000.0
95,39171,6000.0
96,39171,6000.0
1,39173,4000.0
2,39173,4000.0
3,39173,4000.0
4,39173,4000.0
5,39173,4000.0
6,39173,4000.0
7,39173,4000.0
8,39173,4000.0
9,39173,4000.0
10,39173,4000.0
11,39173,4000.0
12,39173,4000.0
13,39173,4000.0
14,39173,4000.0
15,39173,4000.0
16,39173,4000.0
17,39173,4000.0
18,39173,4000.0
19,39173,4000.0
20,39173,4000.0
21,39173,4000.0
22,39173,4000.0
23,39173,4000.0
24,39173,4000.0
25,39173,4000.0
26,39173,4000.0
27,39173,4000.0
28,39173,4000.0
29,39173,4000.0
30,39173,4000.0
31,39173,4000.0
32,39173,4000.0
33,39173,4000.0
34,39173,4000.0
35,39173,4000.0
36,39173,4000.0
37,39173,4000.0
38,39173,4000.0
39,39173,4000.0
40,39173,4000.0
41,39173,4000.0
42,39173,4000.0
43,39173,4000.0
44,39173,4000.0
45,39173,4000.0
46,39173,4000.0
47,39173,4000.0
48,39173,4000.0
49,39173,4000.0
50,39173,4000.0
51,39173,4000.0
52,39173,4000.0
53,39173,4000.0
54,39173,4000.0
55,39173,4000.0
56,39173,4000.0
57,39173,4000.0
58,39173,4000.0
59,39173,4000.0
60,39173,4000.0
61,39173,4000.0
62,39173,4000.0
63,39173,4000.0
64,39173,4000.0
65,39173,4000.0
66,39173,4000.0
67,39173,4000.0
68,39173,4000.0
69,39173,4000.0
70,39173,4000.0
71,39173,4000.0
72,39173,4000.0
73,39173,4000.0
74,39173,4000.0
75,39173,4000.0
76,39173,4000.0
77,39173,4000.0
78,39173,4000.0
79,39173,4000.0
80,39173,4000.0
81,39173,4000.0
82,39173,4000.0
83,39173,4000.0
84,39173,4000.0
85,39173,4000.0
86,39173,4000.0
87,39173,4000.0
88,39173,4000.0
89,39173,4000.0
90,39173,4000.0
91,39173,4000.0
92,39173,4000.0
93,39173,4000.0
94,39173,4000.0
95,39173,4000.0
96,39173,4000.0
1,39174,4000.0
2,39174,4000.0
3,39174,4000.0
4,39174,4000.0
5,39174,4000.0
6,39174,4000.0
7,39174,4000.0
8,39174,4000.0
9,39174,4000.0
10,39174,4000.0
11,39174,4000.0
12,39174,4000.0
13,39174,4000.0
14,39174,4000.0
15,39174,4000.0
16,39174,4000.0
17,39174,4000.0
18,39174,4000.0
19,39174,4000.0
20,39174,4000.0
21,39174,4000.0
22,39174,4000.0
23,39174,4000.0
24,39174,4000.0
25,39174,4000.0
26,39174,4000.0
27,39174,4000.0
28,39174,4000.0
29,39174,4000.0
30,39174,4000.0
31,39174,4000.0
32,39174,4000.0
33,39174,4000.0
34,39174,4000.0
35,39174,4000.0
36,39174,4000.0
37,39174,4000.0
38,39174,4000.0
39,39174,4000.0
40,39174,4000.0
41,39174,4000.0
42,39174,4000.0
43,39174,4000.0
44,39174,4000.0
45,39174,4000.0
46,39174,4000.0
47,39174,4000.0
48,39174,4000.0
49,39174,4000.0
50,39174,4000.0
51,39174,4000.0
52,39174,4000.0
53,39174,4000.0
54,39174,4000.0
55,39174,4000.0
56,39174,4000.0
57,39174,4000.0
58,39174,4000.0
59,39174,4000.0
60,39174,4000.0
61,39174,4000.0
62,39174,4000.0
63,39174,4000.0
64,39174,4000.0
65,39174,4000.0
66,39174,4000.0
67,39174,4000.0
68,39174,4000.0
69,39174,4000.0
70,39174,4000.0
71,39174,4000.0
72,39174,4000.0
73,39174,4000.0
74,39174,4000.0
75,39174,4000.0
76,39174,4000.0
77,39174,4000.0
78,39174,4000.0
79,39174,4000.0
80,39174,4000.0
81,39174,4000.0
82,39174,4000.0
83,39174,4000.0
84,39174,4000.0
85,39174,4000.0
86,39174,4000.0
87,39174,4000.0
88,39174,4000.0
89,39174,4000.0
90,39174,4000.0
91,39174,4000.0
92,39174,4000.0
93,39174,4000.0
94,39174,4000.0
95,39174,4000.0
96,39174,4000.0
1,39175,4000.0
2,39175,4000.0
3,39175,4000.0
4,39175,4000.0
5,39175,4000.0
6,39175,4000.0
7,39175,4000.0
8,39175,4000.0
9,39175,4000.0
10,39175,4000.0
11,39175,4000.0
12,39175,4000.0
13,39175,4000.0
14,39175,4000.0
15,39175,4000.0
16,39175,4000.0
17,39175,4000.0
18,39175,4000.0
19,39175,4000.0
20,39175,4000.0
21,39175,4000.0
22,39175,4000.0
23,39175,4000.0
24,39175,4000.0
25,39175,4000.0
26,39175,4000.0
27,39175,4000.0
28,39175,4000.0
29,39175,4000.0
30,39175,4000.0
31,39175,4000.0
32,39175,4000.0
33,39175,4000.0
34,39175,4000.0
35,39175,4000.0
36,39175,4000.0
37,39175,4000.0
38,39175,4000.0
39,39175,4000.0
40,39175,4000.0
41,39175,4000.0
42,39175,4000.0
43,39175,4000.0
44,39175,4000.0
45,39175,4000.0
46,39175,4000.0
47,39175,4000.0
48,39175,4000.0
49,39175,4000.0
50,39175,4000.0
51,39175,4000.0
52,39175,4000.0
53,39175,4000.0
54,39175,4000.0
55,39175,4000.0
56,39175,4000.0
57,39175,4000.0
58,39175,4000.0
59,39175,4000.0
60,39175,4000.0
61,39175,4000.0
62,39175,4000.0
63,39175,4000.0
64,39175,4000.0
65,39175,4000.0
66,39175,4000.0
67,39175,4000.0
68,39175,4000.0
69,39175,4000.0
70,39175,4000.0
71,39175,4000.0
72,39175,4000.0
73,39175,4000.0
74,39175,4000.0
75,39175,4000.0
76,39175,4000.0
77,39175,4000.0
78,39175,4000.0
79,39175,4000.0
80,39175,4000.0
81,39175,4000.0
82,39175,4000.0
83,39175,4000.0
84,39175,4000.0
85,39175,4000.0
86,39175,4000.0
87,39175,4000.0
88,39175,4000.0
89,39175,4000.0
90,39175,4000.0
91,39175,4000.0
92,39175,4000.0
93,39175,4000.0
94,39175,4000.0
95,39175,4000.0
96,39175,4000.0
1,39177,4000.0
2,39177,4000.0
3,39177,4000.0
4,39177,4000.0
5,39177,4000.0
6,39177,4000.0
7,39177,4000.0
8,39177,4000.0
9,39177,4000.0
10,39177,4000.0
11,39177,4000.0
12,39177,4000.0
13,39177,4000.0
14,39177,4000.0
15,39177,4000.0
16,39177,4000.0
17,39177,4000.0
18,39177,4000.0
19,39177,4000.0
20,39177,4000.0
21,39177,4000.0
22,39177,4000.0
23,39177,4000.0
24,39177,4000.0
25,39177,4000.0
26,39177,4000.0
27,39177,4000.0
28,39177,4000.0
29,39177,4000.0
30,39177,4000.0
31,39177,4000.0
32,39177,4000.0
33,39177,4000.0
34,39177,4000.0
35,39177,4000.0
36,39177,4000.0
37,39177,4000.0
38,39177,4000.0
39,39177,4000.0
40,39177,4000.0
41,39177,4000.0
42,39177,4000.0
43,39177,4000.0
44,39177,4000.0
45,39177,4000.0
46,39177,4000.0
47,39177,4000.0
48,39177,4000.0
49,39177,4000.0
50,39177,4000.0
51,39177,4000.0
52,39177,4000.0
53,39177,4000.0
54,39177,4000.0
55,39177,4000.0
56,39177,4000.0
57,39177,4000.0
58,39177,4000.0
59,39177,4000.0
60,39177,4000.0
61,39177,4000.0
62,39177,4000.0
63,39177,4000.0
64,39177,4000.0
65,39177,4000.0
66,39177,4000.0
67,39177,4000.0
68,39177,4000.0
69,39177,4000.0
70,39177,4000.0
71,39177,4000.0
72,39177,4000.0
73,39177,4000.0
74,39177,4000.0
75,39177,4000.0
76,39177,4000.0
77,39177,4000.0
78,39177,4000.0
79,39177,4000.0
80,39177,4000.0
81,39177,4000.0
82,39177,4000.0
83,39177,4000.0
84,39177,4000.0
85,39177,4000.0
86,39177,4000.0
87,39177,4000.0
88,39177,4000.0
89,39177,4000.0
90,39177,4000.0
91,39177,4000.0
92,39177,4000.0
93,39177,4000.0
94,39177,4000.0
95,39177,4000.0
96,39177,4000.0
1,39179,4000.0
2,39179,4000.0
3,39179,4000.0
4,39179,4000.0
5,39179,4000.0
6,39179,4000.0
7,39179,4000.0
8,39179,4000.0
9,39179,4000.0
10,39179,4000.0
11,39179,4000.0
12,39179,4000.0
13,39179,4000.0
14,39179,4000.0
15,39179,4000.0
16,39179,4000.0
17,39179,4000.0
18,39179,4000.0
19,39179,4000.0
20,39179,4000.0
21,39179,4000.0
22,39179,4000.0
23,39179,4000.0
24,39179,4000.0
25,39179,4000.0
26,39179,4000.0
27,39179,4000.0
28,39179,4000.0
29,39179,4000.0
30,39179,4000.0
31,39179,4000.0
32,39179,4000.0
33,39179,4000.0
34,39179,4000.0
35,39179,4000.0
36,39179,4000.0
37,39179,4000.0
38,39179,4000.0
39,39179,4000.0
40,39179,4000.0
41,39179,4000.0
42,39179,4000.0
43,39179,4000.0
44,39179,4000.0
45,39179,4000.0
46,39179,4000.0
47,39179,4000.0
48,39179,4000.0
49,39179,4000.0
50,39179,4000.0
51,39179,4000.0
52,39179,4000.0
53,39179,4000.0
54,39179,4000.0
55,39179,4000.0
56,39179,4000.0
57,39179,4000.0
58,39179,4000.0
59,39179,4000.0
60,39179,4000.0
61,39179,4000.0
62,39179,4000.0
63,39179,4000.0
64,39179,4000.0
65,39179,4000.0
66,39179,4000.0
67,39179,4000.0
68,39179,4000.0
69,39179,4000.0
70,39179,4000.0
71,39179,4000.0
72,39179,4000.0
73,39179,4000.0
74,39179,4000.0
75,39179,4000.0
76,39179,4000.0
77,39179,4000.0
78,39179,4000.0
79,39179,4000.0
80,39179,4000.0
81,39179,4000.0
82,39179,4000.0
83,39179,4000.0
84,39179,4000.0
85,39179,4000.0
86,39179,4000.0
87,39179,4000.0
88,39179,4000.0
89,39179,4000.0
90,39179,4000.0
91,39179,4000.0
92,39179,4000.0
93,39179,4000.0
94,39179,4000.0
95,39179,4000.0
96,39179,4000.0
1,39180,4000.0
2,39180,4000.0
3,39180,4000.0
4,39180,4000.0
5,39180,4000.0
6,39180,4000.0
7,39180,4000.0
8,39180,4000.0
9,39180,4000.0
10,39180,4000.0
11,39180,4000.0
12,39180,4000.0
13,39180,4000.0
14,39180,4000.0
15,39180,4000.0
16,39180,4000.0
17,39180,4000.0
18,39180,4000.0
19,39180,4000.0
20,39180,4000.0
21,39180,4000.0
22,39180,4000.0
23,39180,4000.0
24,39180,4000.0
25,39180,4000.0
26,39180,4000.0
27,39180,4000.0
28,39180,4000.0
29,39180,4000.0
30,39180,4000.0
31,39180,4000.0
32,39180,4000.0
33,39180,4000.0
34,39180,4000.0
35,39180,4000.0
36,39180,4000.0
37,39180,4000.0
38,39180,4000.0
39,39180,4000.0
40,39180,4000.0
41,39180,4000.0
42,39180,4000.0
43,39180,4000.0
44,39180,4000.0
45,39180,4000.0
46,39180,4000.0
47,39180,4000.0
48,39180,4000.0
49,39180,4000.0
50,39180,4000.0
51,39180,4000.0
52,39180,4000.0
53,39180,4000.0
54,39180,4000.0
55,39180,4000.0
56,39180,4000.0
57,39180,4000.0
58,39180,4000.0
59,39180,4000.0
60,39180,4000.0
61,39180,4000.0
62,39180,4000.0
63,39180,4000.0
64,39180,4000.0
65,39180,4000.0
66,39180,4000.0
67,39180,4000.0
68,39180,4000.0
69,39180,4000.0
70,39180,4000.0
71,39180,4000.0
72,39180,4000.0
73,39180,4000.0
74,39180,4000.0
75,39180,4000.0
76,39180,4000.0
77,39180,4000.0
78,39180,4000.0
79,39180,4000.0
80,39180,4000.0
81,39180,4000.0
82,39180,4000.0
83,39180,4000.0
84,39180,4000.0
85,39180,4000.0
86,39180,4000.0
87,39180,4000.0
88,39180,4000.0
89,39180,4000.0
90,39180,4000.0
91,39180,4000.0
92,39180,4000.0
93,39180,4000.0
94,39180,4000.0
95,39180,4000.0
96,39180,4000.0
1,39183,4000.0
2,39183,4000.0
3,39183,4000.0
4,39183,4000.0
5,39183,4000.0
6,39183,4000.0
7,39183,4000.0
8,39183,4000.0
9,39183,4000.0
10,39183,4000.0
11,39183,4000.0
12,39183,4000.0
13,39183,4000.0
14,39183,4000.0
15,39183,4000.0
16,39183,4000.0
17,39183,4000.0
18,39183,4000.0
19,39183,4000.0
20,39183,4000.0
21,39183,4000.0
22,39183,4000.0
23,39183,4000.0
24,39183,4000.0
25,39183,4000.0
26,39183,4000.0
27,39183,4000.0
28,39183,4000.0
29,39183,4000.0
30,39183,4000.0
31,39183,4000.0
32,39183,4000.0
33,39183,4000.0
34,39183,4000.0
35,39183,4000.0
36,39183,4000.0
37,39183,4000.0
38,39183,4000.0
39,39183,4000.0
40,39183,4000.0
41,39183,4000.0
42,39183,4000.0
43,39183,4000.0
44,39183,4000.0
45,39183,4000.0
46,39183,4000.0
47,39183,4000.0
48,39183,4000.0
49,39183,4000.0
50,39183,4000.0
51,39183,4000.0
52,39183,4000.0
53,39183,4000.0
54,39183,4000.0
55,39183,4000.0
56,39183,4000.0
57,39183,4000.0
58,39183,4000.0
59,39183,4000.0
60,39183,4000.0
61,39183,4000.0
62,39183,4000.0
63,39183,4000.0
64,39183,4000.0
65,39183,4000.0
66,39183,4000.0
67,39183,4000.0
68,39183,4000.0
69,39183,4000.0
70,39183,4000.0
71,39183,4000.0
72,39183,4000.0
73,39183,4000.0
74,39183,4000.0
75,39183,4000.0
76,39183,4000.0
77,39183,4000.0
78,39183,4000.0
79,39183,4000.0
80,39183,4000.0
81,39183,4000.0
82,39183,4000.0
83,39183,4000.0
84,39183,4000.0
85,39183,4000.0
86,39183,4000.0
87,39183,4000.0
88,39183,4000.0
89,39183,4000.0
90,39183,4000.0
91,39183,4000.0
92,39183,4000.0
93,39183,4000.0
94,39183,4000.0
95,39183,4000.0
96,39183,4000.0
1,39184,4000.0
2,39184,4000.0
3,39184,4000.0
4,39184,4000.0
5,39184,4000.0
6,39184,4000.0
7,39184,4000.0
8,39184,4000.0
9,39184,4000.0
10,39184,4000.0
11,39184,4000.0
12,39184,4000.0
13,39184,4000.0
14,39184,4000.0
15,39184,4000.0
16,39184,4000.0
17,39184,4000.0
18,39184,4000.0
19,39184,4000.0
20,39184,4000.0
21,39184,4000.0
22,39184,4000.0
23,39184,4000.0
24,39184,4000.0
25,39184,4000.0
26,39184,4000.0
27,39184,4000.0
28,39184,4000.0
29,39184,4000.0
30,39184,4000.0
31,39184,4000.0
32,39184,4000.0
33,39184,4000.0
34,39184,4000.0
35,39184,4000.0
36,39184,4000.0
37,39184,4000.0
38,39184,4000.0
39,39184,4000.0
40,39184,4000.0
41,39184,4000.0
42,39184,4000.0
43,39184,4000.0
44,39184,4000.0
45,39184,4000.0
46,39184,4000.0
47,39184,4000.0
48,39184,4000.0
49,39184,4000.0
50,39184,4000.0
51,39184,4000.0
52,39184,4000.0
53,39184,4000.0
54,39184,4000.0
55,39184,4000.0
56,39184,4000.0
57,39184,4000.0
58,39184,4000.0
59,39184,4000.0
60,39184,4000.0
61,39184,4000.0
62,39184,4000.0
63,39184,4000.0
64,39184,4000.0
65,39184,4000.0
66,39184,4000.0
67,39184,4000.0
68,39184,4000.0
69,39184,4000.0
70,39184,4000.0
71,39184,4000.0
72,39184,4000.0
73,39184,4000.0
74,39184,4000.0
75,39184,4000.0
76,39184,4000.0
77,39184,4000.0
78,39184,4000.0
79,39184,4000.0
80,39184,4000.0
81,39184,4000.0
82,39184,4000.0
83,39184,4000.0
84,39184,4000.0
85,39184,4000.0
86,39184,4000.0
87,39184,4000.0
88,39184,4000.0
89,39184,4000.0
90,39184,4000.0
91,39184,4000.0
92,39184,4000.0
93,39184,4000.0
94,39184,4000.0
95,39184,4000.0
96,39184,4000.0
1,39208,6000.0
2,39208,6000.0
3,39208,6000.0
4,39208,6000.0
5,39208,6000.0
6,39208,6000.0
7,39208,6000.0
8,39208,6000.0
9,39208,6000.0
10,39208,6000.0
11,39208,6000.0
12,39208,6000.0
13,39208,6000.0
14,39208,6000.0
15,39208,6000.0
16,39208,6000.0
17,39208,6000.0
18,39208,6000.0
19,39208,6000.0
20,39208,6000.0
21,39208,6000.0
22,39208,6000.0
23,39208,6000.0
24,39208,6000.0
25,39208,6000.0
26,39208,6000.0
27,39208,6000.0
28,39208,6000.0
29,39208,6000.0
30,39208,6000.0
31,39208,6000.0
32,39208,6000.0
33,39208,6000.0
34,39208,6000.0
35,39208,6000.0
36,39208,6000.0
37,39208,6000.0
38,39208,6000.0
39,39208,6000.0
40,39208,6000.0
41,39208,6000.0
42,39208,6000.0
43,39208,6000.0
44,39208,6000.0
45,39208,6000.0
46,39208,6000.0
47,39208,6000.0
48,39208,6000.0
49,39208,6000.0
50,39208,6000.0
51,39208,6000.0
52,39208,6000.0
53,39208,6000.0
54,39208,6000.0
55,39208,6000.0
56,39208,6000.0
57,39208,6000.0
58,39208,6000.0
59,39208,6000.0
60,39208,6000.0
61,39208,6000.0
62,39208,6000.0
63,39208,6000.0
64,39208,6000.0
65,39208,6000.0
66,39208,6000.0
67,39208,6000.0
68,39208,6000.0
69,39208,6000.0
70,39208,6000.0
71,39208,6000.0
72,39208,6000.0
73,39208,6000.0
74,39208,6000.0
75,39208,6000.0
76,39208,6000.0
77,39208,6000.0
78,39208,6000.0
79,39208,6000.0
80,39208,6000.0
81,39208,6000.0
82,39208,6000.0
83,39208,6000.0
84,39208,6000.0
85,39208,6000.0
86,39208,6000.0
87,39208,6000.0
88,39208,6000.0
89,39208,6000.0
90,39208,6000.0
91,39208,6000.0
92,39208,6000.0
93,39208,6000.0
94,39208,6000.0
95,39208,6000.0
96,39208,6000.0
1,39209,8000.0
2,39209,8000.0
3,39209,8000.0
4,39209,8000.0
5,39209,8000.0
6,39209,8000.0
7,39209,8000.0
8,39209,8000.0
9,39209,8000.0
10,39209,8000.0
11,39209,8000.0
12,39209,8000.0
13,39209,8000.0
14,39209,8000.0
15,39209,8000.0
16,39209,8000.0
17,39209,8000.0
18,39209,8000.0
19,39209,8000.0
20,39209,8000.0
21,39209,8000.0
22,39209,8000.0
23,39209,8000.0
24,39209,8000.0
25,39209,8000.0
26,39209,8000.0
27,39209,8000.0
28,39209,8000.0
29,39209,8000.0
30,39209,8000.0
31,39209,8000.0
32,39209,8000.0
33,39209,8000.0
34,39209,8000.0
35,39209,8000.0
36,39209,8000.0
37,39209,8000.0
38,39209,8000.0
39,39209,8000.0
40,39209,8000.0
41,39209,8000.0
42,39209,8000.0
43,39209,8000.0
44,39209,8000.0
45,39209,8000.0
46,39209,8000.0
47,39209,8000.0
48,39209,8000.0
49,39209,8000.0
50,39209,8000.0
51,39209,8000.0
52,39209,8000.0
53,39209,8000.0
54,39209,8000.0
55,39209,8000.0
56,39209,8000.0
57,39209,8000.0
58,39209,8000.0
59,39209,8000.0
60,39209,8000.0
61,39209,8000.0
62,39209,8000.0
63,39209,8000.0
64,39209,8000.0
65,39209,8000.0
66,39209,8000.0
67,39209,8000.0
68,39209,8000.0
69,39209,8000.0
70,39209,8000.0
71,39209,8000.0
72,39209,8000.0
73,39209,8000.0
74,39209,8000.0
75,39209,8000.0
76,39209,8000.0
77,39209,8000.0
78,39209,8000.0
79,39209,8000.0
80,39209,8000.0
81,39209,8000.0
82,39209,8000.0
83,39209,8000.0
84,39209,8000.0
85,39209,8000.0
86,39209,8000.0
87,39209,8000.0
88,39209,8000.0
89,39209,8000.0
90,39209,8000.0
91,39209,8000.0
92,39209,8000.0
93,39209,8000.0
94,39209,8000.0
95,39209,8000.0
96,39209,8000.0
1,39211,6000.0
2,39211,6000.0
3,39211,6000.0
4,39211,6000.0
5,39211,6000.0
6,39211,6000.0
7,39211,6000.0
8,39211,6000.0
9,39211,6000.0
10,39211,6000.0
11,39211,6000.0
12,39211,6000.0
13,39211,6000.0
14,39211,6000.0
15,39211,6000.0
16,39211,6000.0
17,39211,6000.0
18,39211,6000.0
19,39211,6000.0
20,39211,6000.0
21,39211,6000.0
22,39211,6000.0
23,39211,6000.0
24,39211,6000.0
25,39211,6000.0
26,39211,6000.0
27,39211,6000.0
28,39211,6000.0
29,39211,6000.0
30,39211,6000.0
31,39211,6000.0
32,39211,6000.0
33,39211,6000.0
34,39211,6000.0
35,39211,6000.0
36,39211,6000.0
37,39211,6000.0
38,39211,6000.0
39,39211,6000.0
40,39211,6000.0
41,39211,6000.0
42,39211,6000.0
43,39211,6000.0
44,39211,6000.0
45,39211,6000.0
46,39211,6000.0
47,39211,6000.0
48,39211,6000.0
49,39211,6000.0
50,39211,6000.0
51,39211,6000.0
52,39211,6000.0
53,39211,6000.0
54,39211,6000.0
55,39211,6000.0
56,39211,6000.0
57,39211,6000.0
58,39211,6000.0
59,39211,6000.0
60,39211,6000.0
61,39211,6000.0
62,39211,6000.0
63,39211,6000.0
64,39211,6000.0
65,39211,6000.0
66,39211,6000.0
67,39211,6000.0
68,39211,6000.0
69,39211,6000.0
70,39211,6000.0
71,39211,6000.0
72,39211,6000.0
73,39211,6000.0
74,39211,6000.0
75,39211,6000.0
76,39211,6000.0
77,39211,6000.0
78,39211,6000.0
79,39211,6000.0
80,39211,6000.0
81,39211,6000.0
82,39211,6000.0
83,39211,6000.0
84,39211,6000.0
85,39211,6000.0
86,39211,6000.0
87,39211,6000.0
88,39211,6000.0
89,39211,6000.0
90,39211,6000.0
91,39211,6000.0
92,39211,6000.0
93,39211,6000.0
94,39211,6000.0
95,39211,6000.0
96,39211,6000.0
1,39213,8000.0
2,39213,8000.0
3,39213,8000.0
4,39213,8000.0
5,39213,8000.0
6,39213,8000.0
7,39213,8000.0
8,39213,8000.0
9,39213,8000.0
10,39213,8000.0
11,39213,8000.0
12,39213,8000.0
13,39213,8000.0
14,39213,8000.0
15,39213,8000.0
16,39213,8000.0
17,39213,8000.0
18,39213,8000.0
19,39213,8000.0
20,39213,8000.0
21,39213,8000.0
22,39213,8000.0
23,39213,8000.0
24,39213,8000.0
25,39213,8000.0
26,39213,8000.0
27,39213,8000.0
28,39213,8000.0
29,39213,8000.0
30,39213,8000.0
31,39213,8000.0
32,39213,8000.0
33,39213,8000.0
34,39213,8000.0
35,39213,8000.0
36,39213,8000.0
37,39213,8000.0
38,39213,8000.0
39,39213,8000.0
40,39213,8000.0
41,39213,8000.0
42,39213,8000.0
43,39213,8000.0
44,39213,8000.0
45,39213,8000.0
46,39213,8000.0
47,39213,8000.0
48,39213,8000.0
49,39213,8000.0
50,39213,8000.0
51,39213,8000.0
52,39213,8000.0
53,39213,8000.0
54,39213,8000.0
55,39213,8000.0
56,39213,8000.0
57,39213,8000.0
58,39213,8000.0
59,39213,8000.0
60,39213,8000.0
61,39213,8000.0
62,39213,8000.0
63,39213,8000.0
64,39213,8000.0
65,39213,8000.0
66,39213,8000.0
67,39213,8000.0
68,39213,8000.0
69,39213,8000.0
70,39213,8000.0
71,39213,8000.0
72,39213,8000.0
73,39213,8000.0
74,39213,8000.0
75,39213,8000.0
76,39213,8000.0
77,39213,8000.0
78,39213,8000.0
79,39213,8000.0
80,39213,8000.0
81,39213,8000.0
82,39213,8000.0
83,39213,8000.0
84,39213,8000.0
85,39213,8000.0
86,39213,8000.0
87,39213,8000.0
88,39213,8000.0
89,39213,8000.0
90,39213,8000.0
91,39213,8000.0
92,39213,8000.0
93,39213,8000.0
94,39213,8000.0
95,39213,8000.0
96,39213,8000.0
1,40894,4000.0
2,40894,4000.0
3,40894,4000.0
4,40894,4000.0
5,40894,4000.0
6,40894,4000.0
7,40894,4000.0
8,40894,4000.0
9,40894,4000.0
10,40894,4000.0
11,40894,4000.0
12,40894,4000.0
13,40894,4000.0
14,40894,4000.0
15,40894,4000.0
16,40894,4000.0
17,40894,4000.0
18,40894,4000.0
19,40894,4000.0
20,40894,4000.0
21,40894,4000.0
22,40894,4000.0
23,40894,4000.0
24,40894,4000.0
25,40894,4000.0
26,40894,4000.0
27,40894,4000.0
28,40894,4000.0
29,40894,4000.0
30,40894,4000.0
31,40894,4000.0
32,40894,4000.0
33,40894,4000.0
34,40894,4000.0
35,40894,4000.0
36,40894,4000.0
37,40894,4000.0
38,40894,4000.0
39,40894,4000.0
40,40894,4000.0
41,40894,4000.0
42,40894,4000.0
43,40894,4000.0
44,40894,4000.0
45,40894,4000.0
46,40894,4000.0
47,40894,4000.0
48,40894,4000.0
49,40894,4000.0
50,40894,4000.0
51,40894,4000.0
52,40894,4000.0
53,40894,4000.0
54,40894,4000.0
55,40894,4000.0
56,40894,4000.0
57,40894,4000.0
58,40894,4000.0
59,40894,4000.0
60,40894,4000.0
61,40894,4000.0
62,40894,4000.0
63,40894,4000.0
64,40894,4000.0
65,40894,4000.0
66,40894,4000.0
67,40894,4000.0
68,40894,4000.0
69,40894,4000.0
70,40894,4000.0
71,40894,4000.0
72,40894,4000.0
73,40894,4000.0
74,40894,4000.0
75,40894,4000.0
76,40894,4000.0
77,40894,4000.0
78,40894,4000.0
79,40894,4000.0
80,40894,4000.0
81,40894,4000.0
82,40894,4000.0
83,40894,4000.0
84,40894,4000.0
85,40894,4000.0
86,40894,4000.0
87,40894,4000.0
88,40894,4000.0
89,40894,4000.0
90,40894,4000.0
91,40894,4000.0
92,40894,4000.0
93,40894,4000.0
94,40894,4000.0
95,40894,4000.0
96,40894,4000.0
1,40899,4000.0
2,40899,4000.0
3,40899,4000.0
4,40899,4000.0
5,40899,4000.0
6,40899,4000.0
7,40899,4000.0
8,40899,4000.0
9,40899,4000.0
10,40899,4000.0
11,40899,4000.0
12,40899,4000.0
13,40899,4000.0
14,40899,4000.0
15,40899,4000.0
16,40899,4000.0
17,40899,4000.0
18,40899,4000.0
19,40899,4000.0
20,40899,4000.0
21,40899,4000.0
22,40899,4000.0
23,40899,4000.0
24,40899,4000.0
25,40899,4000.0
26,40899,4000.0
27,40899,4000.0
28,40899,4000.0
29,40899,4000.0
30,40899,4000.0
31,40899,4000.0
32,40899,4000.0
33,40899,4000.0
34,40899,4000.0
35,40899,4000.0
36,40899,4000.0
37,40899,4000.0
38,40899,4000.0
39,40899,4000.0
40,40899,4000.0
41,40899,4000.0
42,40899,4000.0
43,40899,4000.0
44,40899,4000.0
45,40899,4000.0
46,40899,4000.0
47,40899,4000.0
48,40899,4000.0
49,40899,4000.0
50,40899,4000.0
51,40899,4000.0
52,40899,4000.0
53,40899,4000.0
54,40899,4000.0
55,40899,4000.0
56,40899,4000.0
57,40899,4000.0
58,40899,4000.0
59,40899,4000.0
60,40899,4000.0
61,40899,4000.0
62,40899,4000.0
63,40899,4000.0
64,40899,4000.0
65,40899,4000.0
66,40899,4000.0
67,40899,4000.0
68,40899,4000.0
69,40899,4000.0
70,40899,4000.0
71,40899,4000.0
72,40899,4000.0
73,40899,4000.0
74,40899,4000.0
75,40899,4000.0
76,40899,4000.0
77,40899,4000.0
78,40899,4000.0
79,40899,4000.0
80,40899,4000.0
81,40899,4000.0
82,40899,4000.0
83,40899,4000.0
84,40899,4000.0
85,40899,4000.0
86,40899,4000.0
87,40899,4000.0
88,40899,4000.0
89,40899,4000.0
90,40899,4000.0
91,40899,4000.0
92,40899,4000.0
93,40899,4000.0
94,40899,4000.0
95,40899,4000.0
96,40899,4000.0
1,40900,4000.0
2,40900,4000.0
3,40900,4000.0
4,40900,4000.0
5,40900,4000.0
6,40900,4000.0
7,40900,4000.0
8,40900,4000.0
9,40900,4000.0
10,40900,4000.0
11,40900,4000.0
12,40900,4000.0
13,40900,4000.0
14,40900,4000.0
15,40900,4000.0
16,40900,4000.0
17,40900,4000.0
18,40900,4000.0
19,40900,4000.0
20,40900,4000.0
21,40900,4000.0
22,40900,4000.0
23,40900,4000.0
24,40900,4000.0
25,40900,4000.0
26,40900,4000.0
27,40900,4000.0
28,40900,4000.0
29,40900,4000.0
30,40900,4000.0
31,40900,4000.0
32,40900,4000.0
33,40900,4000.0
34,40900,4000.0
35,40900,4000.0
36,40900,4000.0
37,40900,4000.0
38,40900,4000.0
39,40900,4000.0
40,40900,4000.0
41,40900,4000.0
42,40900,4000.0
43,40900,4000.0
44,40900,4000.0
45,40900,4000.0
46,40900,4000.0
47,40900,4000.0
48,40900,4000.0
49,40900,4000.0
50,40900,4000.0
51,40900,4000.0
52,40900,4000.0
53,40900,4000.0
54,40900,4000.0
55,40900,4000.0
56,40900,4000.0
57,40900,4000.0
58,40900,4000.0
59,40900,4000.0
60,40900,4000.0
61,40900,4000.0
62,40900,4000.0
63,40900,4000.0
64,40900,4000.0
65,40900,4000.0
66,40900,4000.0
67,40900,4000.0
68,40900,4000.0
69,40900,4000.0
70,40900,4000.0
71,40900,4000.0
72,40900,4000.0
73,40900,4000.0
74,40900,4000.0
75,40900,4000.0
76,40900,4000.0
77,40900,4000.0
78,40900,4000.0
79,40900,4000.0
80,40900,4000.0
81,40900,4000.0
82,40900,4000.0
83,40900,4000.0
84,40900,4000.0
85,40900,4000.0
86,40900,4000.0
87,40900,4000.0
88,40900,4000.0
89,40900,4000.0
90,40900,4000.0
91,40900,4000.0
92,40900,4000.0
93,40900,4000.0
94,40900,4000.0
95,40900,4000.0
96,40900,4000.0
1,40944,4000.0
2,40944,4000.0
3,40944,4000.0
4,40944,4000.0
5,40944,4000.0
6,40944,4000.0
7,40944,4000.0
8,40944,4000.0
9,40944,4000.0
10,40944,4000.0
11,40944,4000.0
12,40944,4000.0
13,40944,4000.0
14,40944,4000.0
15,40944,4000.0
16,40944,4000.0
17,40944,4000.0
18,40944,4000.0
19,40944,4000.0
20,40944,4000.0
21,40944,4000.0
22,40944,4000.0
23,40944,4000.0
24,40944,4000.0
25,40944,4000.0
26,40944,4000.0
27,40944,4000.0
28,40944,4000.0
29,40944,4000.0
30,40944,4000.0
31,40944,4000.0
32,40944,4000.0
33,40944,4000.0
34,40944,4000.0
35,40944,4000.0
36,40944,4000.0
37,40944,4000.0
38,40944,4000.0
39,40944,4000.0
40,40944,4000.0
41,40944,4000.0
42,40944,4000.0
43,40944,4000.0
44,40944,4000.0
45,40944,4000.0
46,40944,4000.0
47,40944,4000.0
48,40944,4000.0
49,40944,4000.0
50,40944,4000.0
51,40944,4000.0
52,40944,4000.0
53,40944,4000.0
54,40944,4000.0
55,40944,4000.0
56,40944,4000.0
57,40944,4000.0
58,40944,4000.0
59,40944,4000.0
60,40944,4000.0
61,40944,4000.0
62,40944,4000.0
63,40944,4000.0
64,40944,4000.0
65,40944,4000.0
66,40944,4000.0
67,40944,4000.0
68,40944,4000.0
69,40944,4000.0
70,40944,4000.0
71,40944,4000.0
72,40944,4000.0
73,40944,4000.0
74,40944,4000.0
75,40944,4000.0
76,40944,4000.0
77,40944,4000.0
78,40944,4000.0
79,40944,4000.0
80,40944,4000.0
81,40944,4000.0
82,40944,4000.0
83,40944,4000.0
84,40944,4000.0
85,40944,4000.0
86,40944,4000.0
87,40944,4000.0
88,40944,4000.0
89,40944,4000.0
90,40944,4000.0
91,40944,4000.0
92,40944,4000.0
93,40944,4000.0
94,40944,4000.0
95,40944,4000.0
96,40944,4000.0
1,40960,4000.0
2,40960,4000.0
3,40960,4000.0
4,40960,4000.0
5,40960,4000.0
6,40960,4000.0
7,40960,4000.0
8,40960,4000.0
9,40960,4000.0
10,40960,4000.0
11,40960,4000.0
12,40960,4000.0
13,40960,4000.0
14,40960,4000.0
15,40960,4000.0
16,40960,4000.0
17,40960,4000.0
18,40960,4000.0
19,40960,4000.0
20,40960,4000.0
21,40960,4000.0
22,40960,4000.0
23,40960,4000.0
24,40960,4000.0
25,40960,4000.0
26,40960,4000.0
27,40960,4000.0
28,40960,4000.0
29,40960,4000.0
30,40960,4000.0
31,40960,4000.0
32,40960,4000.0
33,40960,4000.0
34,40960,4000.0
35,40960,4000.0
36,40960,4000.0
37,40960,4000.0
38,40960,4000.0
39,40960,4000.0
40,40960,4000.0
41,40960,4000.0
42,40960,4000.0
43,40960,4000.0
44,40960,4000.0
45,40960,4000.0
46,40960,4000.0
47,40960,4000.0
48,40960,4000.0
49,40960,4000.0
50,40960,4000.0
51,40960,4000.0
52,40960,4000.0
53,40960,4000.0
54,40960,4000.0
55,40960,4000.0
56,40960,4000.0
57,40960,4000.0
58,40960,4000.0
59,40960,4000.0
60,40960,4000.0
61,40960,4000.0
62,40960,4000.0
63,40960,4000.0
64,40960,4000.0
65,40960,4000.0
66,40960,4000.0
67,40960,4000.0
68,40960,4000.0
69,40960,4000.0
70,40960,4000.0
71,40960,4000.0
72,40960,4000.0
73,40960,4000.0
74,40960,4000.0
75,40960,4000.0
76,40960,4000.0
77,40960,4000.0
78,40960,4000.0
79,40960,4000.0
80,40960,4000.0
81,40960,4000.0
82,40960,4000.0
83,40960,4000.0
84,40960,4000.0
85,40960,4000.0
86,40960,4000.0
87,40960,4000.0
88,40960,4000.0
89,40960,4000.0
90,40960,4000.0
91,40960,4000.0
92,40960,4000.0
93,40960,4000.0
94,40960,4000.0
95,40960,4000.0
96,40960,4000.0
1,40962,4000.0
2,40962,4000.0
3,40962,4000.0
4,40962,4000.0
5,40962,4000.0
6,40962,4000.0
7,40962,4000.0
8,40962,4000.0
9,40962,4000.0
10,40962,4000.0
11,40962,4000.0
12,40962,4000.0
13,40962,4000.0
14,40962,4000.0
15,40962,4000.0
16,40962,4000.0
17,40962,4000.0
18,40962,4000.0
19,40962,4000.0
20,40962,4000.0
21,40962,4000.0
22,40962,4000.0
23,40962,4000.0
24,40962,4000.0
25,40962,4000.0
26,40962,4000.0
27,40962,4000.0
28,40962,4000.0
29,40962,4000.0
30,40962,4000.0
31,40962,4000.0
32,40962,4000.0
33,40962,4000.0
34,40962,4000.0
35,40962,4000.0
36,40962,4000.0
37,40962,4000.0
38,40962,4000.0
39,40962,4000.0
40,40962,4000.0
41,40962,4000.0
42,40962,4000.0
43,40962,4000.0
44,40962,4000.0
45,40962,4000.0
46,40962,4000.0
47,40962,4000.0
48,40962,4000.0
49,40962,4000.0
50,40962,4000.0
51,40962,4000.0
52,40962,4000.0
53,40962,4000.0
54,40962,4000.0
55,40962,4000.0
56,40962,4000.0
57,40962,4000.0
58,40962,4000.0
59,40962,4000.0
60,40962,4000.0
61,40962,4000.0
62,40962,4000.0
63,40962,4000.0
64,40962,4000.0
65,40962,4000.0
66,40962,4000.0
67,40962,4000.0
68,40962,4000.0
69,40962,4000.0
70,40962,4000.0
71,40962,4000.0
72,40962,4000.0
73,40962,4000.0
74,40962,4000.0
75,40962,4000.0
76,40962,4000.0
77,40962,4000.0
78,40962,4000.0
79,40962,4000.0
80,40962,4000.0
81,40962,4000.0
82,40962,4000.0
83,40962,4000.0
84,40962,4000.0
85,40962,4000.0
86,40962,4000.0
87,40962,4000.0
88,40962,4000.0
89,40962,4000.0
90,40962,4000.0
91,40962,4000.0
92,40962,4000.0
93,40962,4000.0
94,40962,4000.0
95,40962,4000.0
96,40962,4000.0
1,40966,4000.0
2,40966,4000.0
3,40966,4000.0
4,40966,4000.0
5,40966,4000.0
6,40966,4000.0
7,40966,4000.0
8,40966,4000.0
9,40966,4000.0
10,40966,4000.0
11,40966,4000.0
12,40966,4000.0
13,40966,4000.0
14,40966,4000.0
15,40966,4000.0
16,40966,4000.0
17,40966,4000.0
18,40966,4000.0
19,40966,4000.0
20,40966,4000.0
21,40966,4000.0
22,40966,4000.0
23,40966,4000.0
24,40966,4000.0
25,40966,4000.0
26,40966,4000.0
27,40966,4000.0
28,40966,3847.36
29,40966,3847.36
30,40966,3847.36
31,40966,3847.36
32,40966,3847.36
33,40966,3847.36
34,40966,3847.36
35,40966,3847.36
36,40966,3847.36
37,40966,4000.0
38,40966,4000.0
39,40966,4000.0
40,40966,4000.0
41,40966,4000.0
42,40966,4000.0
43,40966,4000.0
44,40966,4000.0
45,40966,4000.0
46,40966,4000.0
47,40966,4000.0
48,40966,4000.0
49,40966,4000.0
50,40966,4000.0
51,40966,4000.0
52,40966,4000.0
53,40966,4000.0
54,40966,4000.0
55,40966,4000.0
56,40966,4000.0
57,40966,4000.0
58,40966,4000.0
59,40966,4000.0
60,40966,4000.0
61,40966,4000.0
62,40966,4000.0
63,40966,4000.0
64,40966,4000.0
65,40966,4000.0
66,40966,4000.0
67,40966,4000.0
68,40966,4000.0
69,40966,4000.0
70,40966,4000.0
71,40966,4000.0
72,40966,4000.0
73,40966,4000.0
74,40966,4000.0
75,40966,4000.0
76,40966,4000.0
77,40966,4000.0
78,40966,4000.0
79,40966,4000.0
80,40966,4000.0
81,40966,4000.0
82,40966,4000.0
83,40966,4000.0
84,40966,4000.0
85,40966,4000.0
86,40966,4000.0
87,40966,4000.0
88,40966,4000.0
89,40966,4000.0
90,40966,4000.0
91,40966,4000.0
92,40966,4000.0
93,40966,4000.0
94,40966,4000.0
95,40966,4000.0
96,40966,4000.0
1,40967,4000.0
2,40967,4000.0
3,40967,4000.0
4,40967,4000.0
5,40967,4000.0
6,40967,4000.0
7,40967,4000.0
8,40967,4000.0
9,40967,4000.0
10,40967,4000.0
11,40967,4000.0
12,40967,4000.0
13,40967,4000.0
14,40967,4000.0
15,40967,4000.0
16,40967,4000.0
17,40967,4000.0
18,40967,4000.0
19,40967,4000.0
20,40967,4000.0
21,40967,4000.0
22,40967,4000.0
23,40967,4000.0
24,40967,4000.0
25,40967,4000.0
26,40967,4000.0
27,40967,4000.0
28,40967,4000.0
29,40967,4000.0
30,40967,4000.0
31,40967,4000.0
32,40967,4000.0
33,40967,4000.0
34,40967,4000.0
35,40967,4000.0
36,40967,4000.0
37,40967,4000.0
38,40967,4000.0
39,40967,4000.0
40,40967,4000.0
41,40967,4000.0
42,40967,4000.0
43,40967,4000.0
44,40967,4000.0
45,40967,4000.0
46,40967,4000.0
47,40967,4000.0
48,40967,4000.0
49,40967,4000.0
50,40967,4000.0
51,40967,4000.0
52,40967,4000.0
53,40967,4000.0
54,40967,4000.0
55,40967,4000.0
56,40967,4000.0
57,40967,4000.0
58,40967,4000.0
59,40967,4000.0
60,40967,4000.0
61,40967,4000.0
62,40967,4000.0
63,40967,4000.0
64,40967,4000.0
65,40967,4000.0
66,40967,4000.0
67,40967,4000.0
68,40967,4000.0
69,40967,4000.0
70,40967,4000.0
71,40967,4000.0
72,40967,4000.0
73,40967,4000.0
74,40967,4000.0
75,40967,4000.0
76,40967,4000.0
77,40967,4000.0
78,40967,4000.0
79,40967,4000.0
80,40967,4000.0
81,40967,4000.0
82,40967,4000.0
83,40967,4000.0
84,40967,4000.0
85,40967,4000.0
86,40967,4000.0
87,40967,4000.0
88,40967,4000.0
89,40967,4000.0
90,40967,4000.0
91,40967,4000.0
92,40967,4000.0
93,40967,4000.0
94,40967,4000.0
95,40967,4000.0
96,40967,4000.0
