variant_id,category,sample_min,enter_ratio,persistence_min,noise_sigma_mph,noise_seed,baseline_episode_id,link_id,matched,iou,variant_episode_id,delta_t0_min,delta_T2_min,delta_t3_min,delta_P_min
threshold_r0.65_p10,threshold_persistence,5,0.65,10,0.0,,L405S-012-2025-06-02-E1,L405S-012,True,0.704198565721304,threshold_r0.65_p10:L405S-012:E1,37.35599078333333,0.0,-3.63444405,-40.99043483333333
threshold_r0.65_p10,threshold_persistence,5,0.65,10,0.0,,L405S-012-2025-06-03-E1,L405S-012,True,0.9627553747148093,threshold_r0.65_p10:L405S-012:E2,2.8940678,0.0,-4.453124983333334,-7.347192783333361
threshold_r0.65_p10,threshold_persistence,5,0.65,10,0.0,,L405S-012-2025-06-03-E2,L405S-012,True,0.839441360115175,threshold_r0.65_p10:L405S-012:E3,1.87572575,0.0,-2.2467105333333333,-4.122436283333336
threshold_r0.65_p10,threshold_persistence,5,0.65,10,0.0,,L405S-012-2025-06-04-E1,L405S-012,True,0.9589225311885727,threshold_r0.65_p10:L405S-012:E4,2.3390411,0.0,-3.75151975,-6.090560849999971
threshold_r0.65_p10,threshold_persistence,5,0.65,10,0.0,,L405S-012-2025-06-05-E1,L405S-012,True,0.9159632705283481,threshold_r0.65_p10:L405S-012:E5,10.560267866666667,0.0,-3.3515625,-13.91183036666666
threshold_r0.65_p10,threshold_persistence,5,0.65,10,0.0,,L405S-018-2025-06-02-E1,L405S-018,False,0.0,,,,,
threshold_r0.65_p10,threshold_persistence,5,0.65,10,0.0,,L405S-018-2025-06-03-E1,L405S-018,False,0.0,,,,,
threshold_r0.65_p10,threshold_persistence,5,0.65,10,0.0,,L405S-018-2025-06-03-E2,L405S-018,True,0.9206303721322727,threshold_r0.65_p10:L405S-018:E1,7.7580483,0.0,-3.004385966666667,-10.76243426666668
threshold_r0.65_p10,threshold_persistence,5,0.65,10,0.0,,L405S-018-2025-06-04-E1,L405S-018,True,0.7811507079732395,threshold_r0.65_p10:L405S-018:E2,4.133771933333334,0.0,-3.005826266666667,-7.139598200000002
threshold_r0.65_p10,threshold_persistence,5,0.65,10,0.0,,L405S-018-2025-06-05-E1,L405S-018,True,0.6154428792145319,threshold_r0.65_p10:L405S-018:E3,6.125,0.0,-43.049682866666664,-49.17468286666666
threshold_r0.65_p10,threshold_persistence,5,0.65,10,0.0,,L405S-018-2025-06-05-E2,L405S-018,True,0.8214844157210076,threshold_r0.65_p10:L405S-018:E4,3.5677083333333335,0.0,-1.6789215666666666,-5.246629899999995
threshold_r0.65_p10,threshold_persistence,5,0.65,10,0.0,,L405S-028-2025-06-03-E1,L405S-028,False,0.0,,,,,
threshold_r0.65_p10,threshold_persistence,5,0.65,10,0.0,,L405S-028-2025-06-03-E2,L405S-028,True,0.893153980933768,threshold_r0.65_p10:L405S-028:E1,8.6378205,0.0,-7.005334283333334,-15.6431547833333
threshold_r0.65_p10,threshold_persistence,5,0.65,10,0.0,,L405S-028-2025-06-04-E1,L405S-028,True,0.8336966985259231,threshold_r0.65_p10:L405S-028:E2,13.17264065,0.0,-3.5370479500000003,-16.709688600000014
threshold_r0.65_p10,threshold_persistence,5,0.65,10,0.0,,L405S-028-2025-06-04-E2,L405S-028,True,0.8820023683284364,threshold_r0.65_p10:L405S-028:E3,3.5989583166666668,0.0,-7.760003800000001,-11.358962116666657
threshold_r0.65_p10,threshold_persistence,5,0.65,10,0.0,,L405S-028-2025-06-05-E1,L405S-028,True,0.7880126428925865,threshold_r0.65_p10:L405S-028:E4,8.4076087,0.0,-9.115740733333332,-17.52334943333333
threshold_r0.65_p10,threshold_persistence,5,0.65,10,0.0,,L405S-030-2025-06-02-E1,L405S-030,True,0.7804557684258955,threshold_r0.65_p10:L405S-030:E1,3.6142152333333333,0.0,-5.999469133333333,-9.613684366666677
threshold_r0.65_p10,threshold_persistence,5,0.65,10,0.0,,L405S-030-2025-06-03-E1,L405S-030,True,0.8085986254782649,threshold_r0.65_p10:L405S-030:E2,5.5703587,0.0,-3.87153555,-9.441894249999995
threshold_r0.65_p10,threshold_persistence,5,0.65,10,0.0,,L405S-030-2025-06-04-E1,L405S-030,False,0.0,,,,,
threshold_r0.65_p10,threshold_persistence,5,0.65,10,0.0,,L405S-058-2025-06-03-E1,L405S-058,False,0.0,,,,,
threshold_r0.65_p10,threshold_persistence,5,0.65,10,0.0,,L405S-058-2025-06-04-E1,L405S-058,True,0.9183840760328973,threshold_r0.65_p10:L405S-058:E1,9.416755033333335,0.0,-3.1388888833333337,-12.555643916666677
threshold_r0.65_p10,threshold_persistence,5,0.65,10,0.0,,L405S-058-2025-06-04-E2,L405S-058,True,0.9297264584831066,threshold_r0.65_p10:L405S-058:E2,3.6142857000000004,0.0,-0.5404530666666666,-4.15473876666667
threshold_r0.65_p10,threshold_persistence,5,0.65,10,0.0,,L405S-058-2025-06-05-E1,L405S-058,True,0.8585740369727712,threshold_r0.65_p10:L405S-058:E3,17.995215299999998,0.0,-3.4463768166666666,-21.441592116666676
threshold_r0.65_p10,threshold_persistence,5,0.65,10,0.0,,L405S-115-2025-06-02-E1,L405S-115,True,0.9428611109644875,threshold_r0.65_p10:L405S-115:E1,1.3149073999999998,0.0,-3.1925987,-4.507506100000005
threshold_r0.65_p10,threshold_persistence,5,0.65,10,0.0,,L405S-115-2025-06-02-E2,L405S-115,True,0.9140638216755069,threshold_r0.65_p10:L405S-115:E2,1.3654807666666666,0.0,-3.294559866666667,-4.660040633333331
threshold_r0.65_p10,threshold_persistence,5,0.65,10,0.0,,L405S-115-2025-06-03-E1,L405S-115,True,0.9842420909513108,threshold_r0.65_p10:L405S-115:E3,1.32472015,0.0,-2.0640988333333334,-3.388818983333337
threshold_r0.65_p10,threshold_persistence,5,0.65,10,0.0,,L405S-115-2025-06-04-E1,L405S-115,True,0.9783227387289305,threshold_r0.65_p10:L405S-115:E4,1.5992117000000001,0.0,-2.1859090833333337,-3.7851207833333245
threshold_r0.65_p10,threshold_persistence,5,0.65,10,0.0,,L405S-115-2025-06-05-E1,L405S-115,True,0.9769699393492159,threshold_r0.65_p10:L405S-115:E5,1.4550205,0.0,-2.1951325666666666,-3.6501530666666593
threshold_r0.65_p15,threshold_persistence,5,0.65,15,0.0,,L405S-012-2025-06-02-E1,L405S-012,True,0.704198565721304,threshold_r0.65_p15:L405S-012:E1,37.35599078333333,0.0,-3.63444405,-40.99043483333333
threshold_r0.65_p15,threshold_persistence,5,0.65,15,0.0,,L405S-012-2025-06-03-E1,L405S-012,True,0.9627553747148093,threshold_r0.65_p15:L405S-012:E2,2.8940678,0.0,-4.453124983333334,-7.347192783333361
threshold_r0.65_p15,threshold_persistence,5,0.65,15,0.0,,L405S-012-2025-06-03-E2,L405S-012,True,0.839441360115175,threshold_r0.65_p15:L405S-012:E3,1.87572575,0.0,-2.2467105333333333,-4.122436283333336
threshold_r0.65_p15,threshold_persistence,5,0.65,15,0.0,,L405S-012-2025-06-04-E1,L405S-012,True,0.9589225311885727,threshold_r0.65_p15:L405S-012:E4,2.3390411,0.0,-3.75151975,-6.090560849999971
threshold_r0.65_p15,threshold_persistence,5,0.65,15,0.0,,L405S-012-2025-06-05-E1,L405S-012,True,0.9159632705283481,threshold_r0.65_p15:L405S-012:E5,10.560267866666667,0.0,-3.3515625,-13.91183036666666
threshold_r0.65_p15,threshold_persistence,5,0.65,15,0.0,,L405S-018-2025-06-02-E1,L405S-018,False,0.0,,,,,
threshold_r0.65_p15,threshold_persistence,5,0.65,15,0.0,,L405S-018-2025-06-03-E1,L405S-018,False,0.0,,,,,
threshold_r0.65_p15,threshold_persistence,5,0.65,15,0.0,,L405S-018-2025-06-03-E2,L405S-018,True,0.9206303721322727,threshold_r0.65_p15:L405S-018:E1,7.7580483,0.0,-3.004385966666667,-10.76243426666668
threshold_r0.65_p15,threshold_persistence,5,0.65,15,0.0,,L405S-018-2025-06-04-E1,L405S-018,True,0.7811507079732395,threshold_r0.65_p15:L405S-018:E2,4.133771933333334,0.0,-3.005826266666667,-7.139598200000002
threshold_r0.65_p15,threshold_persistence,5,0.65,15,0.0,,L405S-018-2025-06-05-E1,L405S-018,True,0.6154428792145319,threshold_r0.65_p15:L405S-018:E3,6.125,0.0,-43.049682866666664,-49.17468286666666
threshold_r0.65_p15,threshold_persistence,5,0.65,15,0.0,,L405S-018-2025-06-05-E2,L405S-018,True,0.8214844157210076,threshold_r0.65_p15:L405S-018:E4,3.5677083333333335,0.0,-1.6789215666666666,-5.246629899999995
threshold_r0.65_p15,threshold_persistence,5,0.65,15,0.0,,L405S-028-2025-06-03-E1,L405S-028,False,0.0,,,,,
threshold_r0.65_p15,threshold_persistence,5,0.65,15,0.0,,L405S-028-2025-06-03-E2,L405S-028,True,0.893153980933768,threshold_r0.65_p15:L405S-028:E1,8.6378205,0.0,-7.005334283333334,-15.6431547833333
threshold_r0.65_p15,threshold_persistence,5,0.65,15,0.0,,L405S-028-2025-06-04-E1,L405S-028,True,0.8336966985259231,threshold_r0.65_p15:L405S-028:E2,13.17264065,0.0,-3.5370479500000003,-16.709688600000014
threshold_r0.65_p15,threshold_persistence,5,0.65,15,0.0,,L405S-028-2025-06-04-E2,L405S-028,True,0.8820023683284364,threshold_r0.65_p15:L405S-028:E3,3.5989583166666668,0.0,-7.760003800000001,-11.358962116666657
threshold_r0.65_p15,threshold_persistence,5,0.65,15,0.0,,L405S-028-2025-06-05-E1,L405S-028,True,0.5905789315348161,threshold_r0.65_p15:L405S-028:E4,24.7279212,0.0,-9.115740733333332,-33.84366193333333
threshold_r0.65_p15,threshold_persistence,5,0.65,15,0.0,,L405S-030-2025-06-02-E1,L405S-030,True,0.7804557684258955,threshold_r0.65_p15:L405S-030:E1,3.6142152333333333,0.0,-5.999469133333333,-9.613684366666677
threshold_r0.65_p15,threshold_persistence,5,0.65,15,0.0,,L405S-030-2025-06-03-E1,L405S-030,True,0.8085986254782649,threshold_r0.65_p15:L405S-030:E2,5.5703587,0.0,-3.87153555,-9.441894249999995
threshold_r0.65_p15,threshold_persistence,5,0.65,15,0.0,,L405S-030-2025-06-04-E1,L405S-030,False,0.0,,,,,
threshold_r0.65_p15,threshold_persistence,5,0.65,15,0.0,,L405S-058-2025-06-03-E1,L405S-058,False,0.0,,,,,
threshold_r0.65_p15,threshold_persistence,5,0.65,15,0.0,,L405S-058-2025-06-04-E1,L405S-058,True,0.9183840760328973,threshold_r0.65_p15:L405S-058:E1,9.416755033333335,0.0,-3.1388888833333337,-12.555643916666677
threshold_r0.65_p15,threshold_persistence,5,0.65,15,0.0,,L405S-058-2025-06-04-E2,L405S-058,True,0.9297264584831066,threshold_r0.65_p15:L405S-058:E2,3.6142857000000004,0.0,-0.5404530666666666,-4.15473876666667
threshold_r0.65_p15,threshold_persistence,5,0.65,15,0.0,,L405S-058-2025-06-05-E1,L405S-058,True,0.8585740369727712,threshold_r0.65_p15:L405S-058:E3,17.995215299999998,0.0,-3.4463768166666666,-21.441592116666676
threshold_r0.65_p15,threshold_persistence,5,0.65,15,0.0,,L405S-115-2025-06-02-E1,L405S-115,True,0.9428611109644875,threshold_r0.65_p15:L405S-115:E1,1.3149073999999998,0.0,-3.1925987,-4.507506100000005
threshold_r0.65_p15,threshold_persistence,5,0.65,15,0.0,,L405S-115-2025-06-02-E2,L405S-115,True,0.9140638216755069,threshold_r0.65_p15:L405S-115:E2,1.3654807666666666,0.0,-3.294559866666667,-4.660040633333331
threshold_r0.65_p15,threshold_persistence,5,0.65,15,0.0,,L405S-115-2025-06-03-E1,L405S-115,True,0.9842420909513108,threshold_r0.65_p15:L405S-115:E3,1.32472015,0.0,-2.0640988333333334,-3.388818983333337
threshold_r0.65_p15,threshold_persistence,5,0.65,15,0.0,,L405S-115-2025-06-04-E1,L405S-115,True,0.9783227387289305,threshold_r0.65_p15:L405S-115:E4,1.5992117000000001,0.0,-2.1859090833333337,-3.7851207833333245
threshold_r0.65_p15,threshold_persistence,5,0.65,15,0.0,,L405S-115-2025-06-05-E1,L405S-115,True,0.9769699393492159,threshold_r0.65_p15:L405S-115:E5,1.4550205,0.0,-2.1951325666666666,-3.6501530666666593
threshold_r0.65_p20,threshold_persistence,5,0.65,20,0.0,,L405S-012-2025-06-02-E1,L405S-012,True,0.704198565721304,threshold_r0.65_p20:L405S-012:E1,37.35599078333333,0.0,-3.63444405,-40.99043483333333
threshold_r0.65_p20,threshold_persistence,5,0.65,20,0.0,,L405S-012-2025-06-03-E1,L405S-012,True,0.9627553747148093,threshold_r0.65_p20:L405S-012:E2,2.8940678,0.0,-4.453124983333334,-7.347192783333361
threshold_r0.65_p20,threshold_persistence,5,0.65,20,0.0,,L405S-012-2025-06-03-E2,L405S-012,False,0.0,,,,,
threshold_r0.65_p20,threshold_persistence,5,0.65,20,0.0,,L405S-012-2025-06-04-E1,L405S-012,True,0.9589225311885727,threshold_r0.65_p20:L405S-012:E3,2.3390411,0.0,-3.75151975,-6.090560849999971
threshold_r0.65_p20,threshold_persistence,5,0.65,20,0.0,,L405S-012-2025-06-05-E1,L405S-012,True,0.9159632705283481,threshold_r0.65_p20:L405S-012:E4,10.560267866666667,0.0,-3.3515625,-13.91183036666666
threshold_r0.65_p20,threshold_persistence,5,0.65,20,0.0,,L405S-018-2025-06-02-E1,L405S-018,False,0.0,,,,,
threshold_r0.65_p20,threshold_persistence,5,0.65,20,0.0,,L405S-018-2025-06-03-E1,L405S-018,False,0.0,,,,,
threshold_r0.65_p20,threshold_persistence,5,0.65,20,0.0,,L405S-018-2025-06-03-E2,L405S-018,True,0.9206303721322727,threshold_r0.65_p20:L405S-018:E1,7.7580483,0.0,-3.004385966666667,-10.76243426666668
threshold_r0.65_p20,threshold_persistence,5,0.65,20,0.0,,L405S-018-2025-06-04-E1,L405S-018,True,0.7811507079732395,threshold_r0.65_p20:L405S-018:E2,4.133771933333334,0.0,-3.005826266666667,-7.139598200000002
threshold_r0.65_p20,threshold_persistence,5,0.65,20,0.0,,L405S-018-2025-06-05-E1,L405S-018,True,0.8781694566514584,threshold_r0.65_p20:L405S-018:E3,6.125,0.0,-9.45390365,-15.57890364999999
threshold_r0.65_p20,threshold_persistence,5,0.65,20,0.0,,L405S-018-2025-06-05-E2,L405S-018,True,0.8214844157210076,threshold_r0.65_p20:L405S-018:E4,3.5677083333333335,0.0,-1.6789215666666666,-5.246629899999995
threshold_r0.65_p20,threshold_persistence,5,0.65,20,0.0,,L405S-028-2025-06-03-E1,L405S-028,False,0.0,,,,,
threshold_r0.65_p20,threshold_persistence,5,0.65,20,0.0,,L405S-028-2025-06-03-E2,L405S-028,True,0.893153980933768,threshold_r0.65_p20:L405S-028:E1,8.6378205,0.0,-7.005334283333334,-15.6431547833333
threshold_r0.65_p20,threshold_persistence,5,0.65,20,0.0,,L405S-028-2025-06-04-E1,L405S-028,True,0.8336966985259231,threshold_r0.65_p20:L405S-028:E2,13.17264065,0.0,-3.5370479500000003,-16.709688600000014
threshold_r0.65_p20,threshold_persistence,5,0.65,20,0.0,,L405S-028-2025-06-04-E2,L405S-028,True,0.8820023683284364,threshold_r0.65_p20:L405S-028:E3,3.5989583166666668,0.0,-7.760003800000001,-11.358962116666657
threshold_r0.65_p20,threshold_persistence,5,0.65,20,0.0,,L405S-028-2025-06-05-E1,L405S-028,True,0.5905789315348161,threshold_r0.65_p20:L405S-028:E4,24.7279212,0.0,-9.115740733333332,-33.84366193333333
threshold_r0.65_p20,threshold_persistence,5,0.65,20,0.0,,L405S-030-2025-06-02-E1,L405S-030,True,0.7804557684258955,threshold_r0.65_p20:L405S-030:E1,3.6142152333333333,0.0,-5.999469133333333,-9.613684366666677
threshold_r0.65_p20,threshold_persistence,5,0.65,20,0.0,,L405S-030-2025-06-03-E1,L405S-030,True,0.8085986254782649,threshold_r0.65_p20:L405S-030:E2,5.5703587,0.0,-3.87153555,-9.441894249999995
threshold_r0.65_p20,threshold_persistence,5,0.65,20,0.0,,L405S-030-2025-06-04-E1,L405S-030,False,0.0,,,,,
threshold_r0.65_p20,threshold_persistence,5,0.65,20,0.0,,L405S-058-2025-06-03-E1,L405S-058,False,0.0,,,,,
threshold_r0.65_p20,threshold_persistence,5,0.65,20,0.0,,L405S-058-2025-06-04-E1,L405S-058,True,0.9183840760328973,threshold_r0.65_p20:L405S-058:E1,9.416755033333335,0.0,-3.1388888833333337,-12.555643916666677
threshold_r0.65_p20,threshold_persistence,5,0.65,20,0.0,,L405S-058-2025-06-04-E2,L405S-058,True,0.9297264584831066,threshold_r0.65_p20:L405S-058:E2,3.6142857000000004,0.0,-0.5404530666666666,-4.15473876666667
threshold_r0.65_p20,threshold_persistence,5,0.65,20,0.0,,L405S-058-2025-06-05-E1,L405S-058,True,0.8585740369727712,threshold_r0.65_p20:L405S-058:E3,17.995215299999998,0.0,-3.4463768166666666,-21.441592116666676
threshold_r0.65_p20,threshold_persistence,5,0.65,20,0.0,,L405S-115-2025-06-02-E1,L405S-115,True,0.9428611109644875,threshold_r0.65_p20:L405S-115:E1,1.3149073999999998,0.0,-3.1925987,-4.507506100000005
threshold_r0.65_p20,threshold_persistence,5,0.65,20,0.0,,L405S-115-2025-06-02-E2,L405S-115,True,0.9140638216755069,threshold_r0.65_p20:L405S-115:E2,1.3654807666666666,0.0,-3.294559866666667,-4.660040633333331
threshold_r0.65_p20,threshold_persistence,5,0.65,20,0.0,,L405S-115-2025-06-03-E1,L405S-115,True,0.9842420909513108,threshold_r0.65_p20:L405S-115:E3,1.32472015,0.0,-2.0640988333333334,-3.388818983333337
threshold_r0.65_p20,threshold_persistence,5,0.65,20,0.0,,L405S-115-2025-06-04-E1,L405S-115,True,0.9783227387289305,threshold_r0.65_p20:L405S-115:E4,1.5992117000000001,0.0,-2.1859090833333337,-3.7851207833333245
threshold_r0.65_p20,threshold_persistence,5,0.65,20,0.0,,L405S-115-2025-06-05-E1,L405S-115,True,0.9769699393492159,threshold_r0.65_p20:L405S-115:E5,1.4550205,0.0,-2.1951325666666666,-3.6501530666666593
threshold_r0.70_p10,threshold_persistence,5,0.7,10,0.0,,L405S-012-2025-06-02-E1,L405S-012,True,1.0,threshold_r0.70_p10:L405S-012:E1,0.0,0.0,0.0,0.0
threshold_r0.70_p10,threshold_persistence,5,0.7,10,0.0,,L405S-012-2025-06-03-E1,L405S-012,True,1.0,threshold_r0.70_p10:L405S-012:E2,0.0,0.0,0.0,0.0
threshold_r0.70_p10,threshold_persistence,5,0.7,10,0.0,,L405S-012-2025-06-03-E2,L405S-012,True,1.0,threshold_r0.70_p10:L405S-012:E3,0.0,0.0,0.0,0.0
threshold_r0.70_p10,threshold_persistence,5,0.7,10,0.0,,L405S-012-2025-06-04-E1,L405S-012,True,1.0,threshold_r0.70_p10:L405S-012:E4,0.0,0.0,0.0,2.6645352591003757e-14
threshold_r0.70_p10,threshold_persistence,5,0.7,10,0.0,,L405S-012-2025-06-05-E1,L405S-012,True,1.0,threshold_r0.70_p10:L405S-012:E5,0.0,0.0,0.0,0.0
threshold_r0.70_p10,threshold_persistence,5,0.7,10,0.0,,L405S-018-2025-06-02-E1,L405S-018,True,1.0,threshold_r0.70_p10:L405S-018:E1,0.0,0.0,0.0,0.0
threshold_r0.70_p10,threshold_persistence,5,0.7,10,0.0,,L405S-018-2025-06-03-E1,L405S-018,True,1.0,threshold_r0.70_p10:L405S-018:E2,0.0,0.0,0.0,0.0
threshold_r0.70_p10,threshold_persistence,5,0.7,10,0.0,,L405S-018-2025-06-03-E2,L405S-018,True,1.0,threshold_r0.70_p10:L405S-018:E3,0.0,0.0,0.0,0.0
threshold_r0.70_p10,threshold_persistence,5,0.7,10,0.0,,L405S-018-2025-06-04-E1,L405S-018,True,1.0,threshold_r0.70_p10:L405S-018:E4,0.0,0.0,0.0,0.0
threshold_r0.70_p10,threshold_persistence,5,0.7,10,0.0,,L405S-018-2025-06-05-E1,L405S-018,True,1.0,threshold_r0.70_p10:L405S-018:E5,0.0,0.0,0.0,0.0
threshold_r0.70_p10,threshold_persistence,5,0.7,10,0.0,,L405S-018-2025-06-05-E2,L405S-018,True,1.0,threshold_r0.70_p10:L405S-018:E6,0.0,0.0,0.0,3.3306690738754696e-15
threshold_r0.70_p10,threshold_persistence,5,0.7,10,0.0,,L405S-028-2025-06-03-E1,L405S-028,True,1.0,threshold_r0.70_p10:L405S-028:E1,0.0,0.0,0.0,0.0
threshold_r0.70_p10,threshold_persistence,5,0.7,10,0.0,,L405S-028-2025-06-03-E2,L405S-028,True,1.0,threshold_r0.70_p10:L405S-028:E2,0.0,0.0,0.0,2.6645352591003757e-14
threshold_r0.70_p10,threshold_persistence,5,0.7,10,0.0,,L405S-028-2025-06-04-E1,L405S-028,True,1.0,threshold_r0.70_p10:L405S-028:E3,0.0,0.0,0.0,0.0
threshold_r0.70_p10,threshold_persistence,5,0.7,10,0.0,,L405S-028-2025-06-04-E2,L405S-028,True,1.0,threshold_r0.70_p10:L405S-028:E4,0.0,0.0,0.0,0.0
threshold_r0.70_p10,threshold_persistence,5,0.7,10,0.0,,L405S-028-2025-06-05-E1,L405S-028,True,1.0,threshold_r0.70_p10:L405S-028:E5,0.0,0.0,0.0,0.0
threshold_r0.70_p10,threshold_persistence,5,0.7,10,0.0,,L405S-030-2025-06-02-E1,L405S-030,True,1.0,threshold_r0.70_p10:L405S-030:E1,0.0,0.0,0.0,0.0
threshold_r0.70_p10,threshold_persistence,5,0.7,10,0.0,,L405S-030-2025-06-03-E1,L405S-030,True,1.0,threshold_r0.70_p10:L405S-030:E2,0.0,0.0,0.0,0.0
threshold_r0.70_p10,threshold_persistence,5,0.7,10,0.0,,L405S-030-2025-06-04-E1,L405S-030,True,1.0,threshold_r0.70_p10:L405S-030:E3,0.0,0.0,0.0,0.0
threshold_r0.70_p10,threshold_persistence,5,0.7,10,0.0,,L405S-058-2025-06-03-E1,L405S-058,True,1.0,threshold_r0.70_p10:L405S-058:E1,0.0,0.0,0.0,0.0
threshold_r0.70_p10,threshold_persistence,5,0.7,10,0.0,,L405S-058-2025-06-04-E1,L405S-058,True,1.0,threshold_r0.70_p10:L405S-058:E2,0.0,0.0,0.0,0.0
threshold_r0.70_p10,threshold_persistence,5,0.7,10,0.0,,L405S-058-2025-06-04-E2,L405S-058,True,1.0,threshold_r0.70_p10:L405S-058:E3,0.0,0.0,0.0,-6.661338147750939e-15
threshold_r0.70_p10,threshold_persistence,5,0.7,10,0.0,,L405S-058-2025-06-05-E1,L405S-058,True,1.0,threshold_r0.70_p10:L405S-058:E4,0.0,0.0,0.0,0.0
threshold_r0.70_p10,threshold_persistence,5,0.7,10,0.0,,L405S-115-2025-06-02-E1,L405S-115,True,1.0,threshold_r0.70_p10:L405S-115:E1,0.0,0.0,0.0,0.0
threshold_r0.70_p10,threshold_persistence,5,0.7,10,0.0,,L405S-115-2025-06-02-E2,L405S-115,True,1.0,threshold_r0.70_p10:L405S-115:E2,0.0,0.0,0.0,0.0
threshold_r0.70_p10,threshold_persistence,5,0.7,10,0.0,,L405S-115-2025-06-03-E1,L405S-115,True,1.0,threshold_r0.70_p10:L405S-115:E3,0.0,0.0,0.0,0.0
threshold_r0.70_p10,threshold_persistence,5,0.7,10,0.0,,L405S-115-2025-06-04-E1,L405S-115,True,1.0,threshold_r0.70_p10:L405S-115:E4,0.0,0.0,0.0,0.0
threshold_r0.70_p10,threshold_persistence,5,0.7,10,0.0,,L405S-115-2025-06-05-E1,L405S-115,True,1.0,threshold_r0.70_p10:L405S-115:E5,0.0,0.0,0.0,0.0
threshold_r0.70_p20,threshold_persistence,5,0.7,20,0.0,,L405S-012-2025-06-02-E1,L405S-012,True,1.0,threshold_r0.70_p20:L405S-012:E1,0.0,0.0,0.0,0.0
threshold_r0.70_p20,threshold_persistence,5,0.7,20,0.0,,L405S-012-2025-06-03-E1,L405S-012,True,1.0,threshold_r0.70_p20:L405S-012:E2,0.0,0.0,0.0,0.0
threshold_r0.70_p20,threshold_persistence,5,0.7,20,0.0,,L405S-012-2025-06-03-E2,L405S-012,True,1.0,threshold_r0.70_p20:L405S-012:E3,0.0,0.0,0.0,0.0
threshold_r0.70_p20,threshold_persistence,5,0.7,20,0.0,,L405S-012-2025-06-04-E1,L405S-012,True,1.0,threshold_r0.70_p20:L405S-012:E4,0.0,0.0,0.0,2.6645352591003757e-14
threshold_r0.70_p20,threshold_persistence,5,0.7,20,0.0,,L405S-012-2025-06-05-E1,L405S-012,True,1.0,threshold_r0.70_p20:L405S-012:E5,0.0,0.0,0.0,0.0
threshold_r0.70_p20,threshold_persistence,5,0.7,20,0.0,,L405S-018-2025-06-02-E1,L405S-018,False,0.0,,,,,
threshold_r0.70_p20,threshold_persistence,5,0.7,20,0.0,,L405S-018-2025-06-03-E1,L405S-018,True,1.0,threshold_r0.70_p20:L405S-018:E1,0.0,0.0,0.0,0.0
threshold_r0.70_p20,threshold_persistence,5,0.7,20,0.0,,L405S-018-2025-06-03-E2,L405S-018,True,1.0,threshold_r0.70_p20:L405S-018:E2,0.0,0.0,0.0,0.0
threshold_r0.70_p20,threshold_persistence,5,0.7,20,0.0,,L405S-018-2025-06-04-E1,L405S-018,True,1.0,threshold_r0.70_p20:L405S-018:E3,0.0,0.0,0.0,0.0
threshold_r0.70_p20,threshold_persistence,5,0.7,20,0.0,,L405S-018-2025-06-05-E1,L405S-018,True,1.0,threshold_r0.70_p20:L405S-018:E4,0.0,0.0,0.0,0.0
threshold_r0.70_p20,threshold_persistence,5,0.7,20,0.0,,L405S-018-2025-06-05-E2,L405S-018,True,1.0,threshold_r0.70_p20:L405S-018:E5,0.0,0.0,0.0,3.3306690738754696e-15
threshold_r0.70_p20,threshold_persistence,5,0.7,20,0.0,,L405S-028-2025-06-03-E1,L405S-028,True,1.0,threshold_r0.70_p20:L405S-028:E1,0.0,0.0,0.0,0.0
threshold_r0.70_p20,threshold_persistence,5,0.7,20,0.0,,L405S-028-2025-06-03-E2,L405S-028,True,1.0,threshold_r0.70_p20:L405S-028:E2,0.0,0.0,0.0,2.6645352591003757e-14
threshold_r0.70_p20,threshold_persistence,5,0.7,20,0.0,,L405S-028-2025-06-04-E1,L405S-028,True,1.0,threshold_r0.70_p20:L405S-028:E3,0.0,0.0,0.0,0.0
threshold_r0.70_p20,threshold_persistence,5,0.7,20,0.0,,L405S-028-2025-06-04-E2,L405S-028,True,1.0,threshold_r0.70_p20:L405S-028:E4,0.0,0.0,0.0,0.0
threshold_r0.70_p20,threshold_persistence,5,0.7,20,0.0,,L405S-028-2025-06-05-E1,L405S-028,True,1.0,threshold_r0.70_p20:L405S-028:E5,0.0,0.0,0.0,0.0
threshold_r0.70_p20,threshold_persistence,5,0.7,20,0.0,,L405S-030-2025-06-02-E1,L405S-030,True,1.0,threshold_r0.70_p20:L405S-030:E1,0.0,0.0,0.0,0.0
threshold_r0.70_p20,threshold_persistence,5,0.7,20,0.0,,L405S-030-2025-06-03-E1,L405S-030,True,1.0,threshold_r0.70_p20:L405S-030:E2,0.0,0.0,0.0,0.0
threshold_r0.70_p20,threshold_persistence,5,0.7,20,0.0,,L405S-030-2025-06-04-E1,L405S-030,True,1.0,threshold_r0.70_p20:L405S-030:E3,0.0,0.0,0.0,0.0
threshold_r0.70_p20,threshold_persistence,5,0.7,20,0.0,,L405S-058-2025-06-03-E1,L405S-058,True,1.0,threshold_r0.70_p20:L405S-058:E1,0.0,0.0,0.0,0.0
threshold_r0.70_p20,threshold_persistence,5,0.7,20,0.0,,L405S-058-2025-06-04-E1,L405S-058,True,1.0,threshold_r0.70_p20:L405S-058:E2,0.0,0.0,0.0,0.0
threshold_r0.70_p20,threshold_persistence,5,0.7,20,0.0,,L405S-058-2025-06-04-E2,L405S-058,True,1.0,threshold_r0.70_p20:L405S-058:E3,0.0,0.0,0.0,-6.661338147750939e-15
threshold_r0.70_p20,threshold_persistence,5,0.7,20,0.0,,L405S-058-2025-06-05-E1,L405S-058,True,1.0,threshold_r0.70_p20:L405S-058:E4,0.0,0.0,0.0,0.0
threshold_r0.70_p20,threshold_persistence,5,0.7,20,0.0,,L405S-115-2025-06-02-E1,L405S-115,True,1.0,threshold_r0.70_p20:L405S-115:E1,0.0,0.0,0.0,0.0
threshold_r0.70_p20,threshold_persistence,5,0.7,20,0.0,,L405S-115-2025-06-02-E2,L405S-115,True,1.0,threshold_r0.70_p20:L405S-115:E2,0.0,0.0,0.0,0.0
threshold_r0.70_p20,threshold_persistence,5,0.7,20,0.0,,L405S-115-2025-06-03-E1,L405S-115,True,1.0,threshold_r0.70_p20:L405S-115:E3,0.0,0.0,0.0,0.0
threshold_r0.70_p20,threshold_persistence,5,0.7,20,0.0,,L405S-115-2025-06-04-E1,L405S-115,True,1.0,threshold_r0.70_p20:L405S-115:E4,0.0,0.0,0.0,0.0
threshold_r0.70_p20,threshold_persistence,5,0.7,20,0.0,,L405S-115-2025-06-05-E1,L405S-115,True,1.0,threshold_r0.70_p20:L405S-115:E5,0.0,0.0,0.0,0.0
threshold_r0.75_p10,threshold_persistence,5,0.75,10,0.0,,L405S-012-2025-06-02-E1,L405S-012,True,0.9283535045273116,threshold_r0.75_p10:L405S-012:E1,-5.746493683333333,0.0,4.9480884666666665,10.694582150000027
threshold_r0.75_p10,threshold_persistence,5,0.75,10,0.0,,L405S-012-2025-06-03-E1,L405S-012,True,0.9512199286963482,threshold_r0.75_p10:L405S-012:E2,-5.447494466666667,0.0,4.6687500166666664,10.116244483333316
threshold_r0.75_p10,threshold_persistence,5,0.75,10,0.0,,L405S-012-2025-06-03-E2,L405S-012,True,0.8319986407399235,threshold_r0.75_p10:L405S-012:E3,-2.008823533333333,0.0,3.1757191000000002,5.184542633333332
threshold_r0.75_p10,threshold_persistence,5,0.75,10,0.0,,L405S-012-2025-06-04-E1,L405S-012,True,0.8952015890612701,threshold_r0.75_p10:L405S-012:E4,-11.97166875,0.0,5.385842883333334,17.357511633333367
threshold_r0.75_p10,threshold_persistence,5,0.75,10,0.0,,L405S-012-2025-06-05-E1,L405S-012,True,0.9366470513850651,threshold_r0.75_p10:L405S-012:E5,-6.341133,0.0,4.855978266666667,11.197111266666653
threshold_r0.75_p10,threshold_persistence,5,0.75,10,0.0,,L405S-018-2025-06-02-E1,L405S-018,True,0.5552503411809478,threshold_r0.75_p10:L405S-018:E2,-3.8116279166666667,0.0,13.387161083333332,17.198789
threshold_r0.75_p10,threshold_persistence,5,0.75,10,0.0,,L405S-018-2025-06-03-E1,L405S-018,True,0.5894251318762088,threshold_r0.75_p10:L405S-018:E3,-57.12775735,0.0,4.773166016666667,61.90092336666665
threshold_r0.75_p10,threshold_persistence,5,0.75,10,0.0,,L405S-018-2025-06-03-E2,L405S-018,True,0.9615902714938036,threshold_r0.75_p10:L405S-018:E4,-2.4119718166666666,0.0,3.004385966666667,5.416357783333323
threshold_r0.75_p10,threshold_persistence,5,0.75,10,0.0,,L405S-018-2025-06-04-E1,L405S-018,True,0.8028382868821574,threshold_r0.75_p10:L405S-018:E6,-4.748803833333333,0.0,3.26286765,8.011671483333334
threshold_r0.75_p10,threshold_persistence,5,0.75,10,0.0,,L405S-018-2025-06-05-E1,L405S-018,True,0.8921289597833355,threshold_r0.75_p10:L405S-018:E7,-11.479166666666666,0.0,3.98255815,15.461724816666695
threshold_r0.75_p10,threshold_persistence,5,0.75,10,0.0,,L405S-018-2025-06-05-E2,L405S-018,True,0.7679241235611706,threshold_r0.75_p10:L405S-018:E8,-3.96438955,0.0,4.917717083333333,8.882106633333334
threshold_r0.75_p10,threshold_persistence,5,0.75,10,0.0,,L405S-028-2025-06-03-E1,L405S-028,True,0.897909862864023,threshold_r0.75_p10:L405S-028:E1,-3.3212394,0.0,3.6944444499999998,7.015683850000007
threshold_r0.75_p10,threshold_persistence,5,0.75,10,0.0,,L405S-028-2025-06-03-E2,L405S-028,True,0.8679150134082183,threshold_r0.75_p10:L405S-028:E2,-3.3221153833333332,0.0,18.959273183333334,22.28138856666666
threshold_r0.75_p10,threshold_persistence,5,0.75,10,0.0,,L405S-028-2025-06-04-E1,L405S-028,True,0.9210423396880643,threshold_r0.75_p10:L405S-028:E3,-3.8155172333333334,0.0,4.798032416666667,8.61354965
threshold_r0.75_p10,threshold_persistence,5,0.75,10,0.0,,L405S-028-2025-06-04-E2,L405S-028,True,0.9305706817699061,threshold_r0.75_p10:L405S-028:E4,-4.4830044,0.0,2.6992187666666667,7.182223166666675
threshold_r0.75_p10,threshold_persistence,5,0.75,10,0.0,,L405S-028-2025-06-05-E1,L405S-028,True,0.9234219798308678,threshold_r0.75_p10:L405S-028:E5,-2.800724633333333,0.0,4.054332633333334,6.855057266666673
threshold_r0.75_p10,threshold_persistence,5,0.75,10,0.0,,L405S-030-2025-06-02-E1,L405S-030,True,0.812896239768918,threshold_r0.75_p10:L405S-030:E1,-2.9329631833333334,0.0,7.1459854,10.078948583333338
threshold_r0.75_p10,threshold_persistence,5,0.75,10,0.0,,L405S-030-2025-06-03-E1,L405S-030,True,0.8895989806086392,threshold_r0.75_p10:L405S-030:E2,-2.9226694833333338,0.0,3.1993243333333337,6.1219938166666665
threshold_r0.75_p10,threshold_persistence,5,0.75,10,0.0,,L405S-030-2025-06-04-E1,L405S-030,True,0.897485210931516,threshold_r0.75_p10:L405S-030:E4,-3.8319444333333332,0.0,2.6326335999999997,6.464578033333332
threshold_r0.75_p10,threshold_persistence,5,0.75,10,0.0,,L405S-058-2025-06-03-E1,L405S-058,True,0.9060327063305077,threshold_r0.75_p10:L405S-058:E1,-4.9160839166666666,0.0,12.579487166666667,17.495571083333328
threshold_r0.75_p10,threshold_persistence,5,0.75,10,0.0,,L405S-058-2025-06-04-E1,L405S-058,True,0.9411857592319479,threshold_r0.75_p10:L405S-058:E3,-5.845298283333333,0.0,3.7679738499999997,9.613272133333295
threshold_r0.75_p10,threshold_persistence,5,0.75,10,0.0,,L405S-058-2025-06-04-E2,L405S-058,True,0.9528406761389848,threshold_r0.75_p10:L405S-058:E5,-2.3857142833333334,0.0,0.5404530833333333,2.92616736666667
threshold_r0.75_p10,threshold_persistence,5,0.75,10,0.0,,L405S-058-2025-06-05-E1,L405S-058,True,0.9207085820769949,threshold_r0.75_p10:L405S-058:E6,-10.636363633333334,0.0,2.42028985,13.056653483333314
threshold_r0.75_p10,threshold_persistence,5,0.75,10,0.0,,L405S-115-2025-06-02-E1,L405S-115,True,0.9271105537896402,threshold_r0.75_p10:L405S-115:E1,-1.5307026166666666,0.0,4.671381566666667,6.202084183333327
threshold_r0.75_p10,threshold_persistence,5,0.75,10,0.0,,L405S-115-2025-06-02-E2,L405S-115,True,0.8930187657204676,threshold_r0.75_p10:L405S-115:E2,-1.3654807833333333,0.0,5.13073865,6.496219433333341
threshold_r0.75_p10,threshold_persistence,5,0.75,10,0.0,,L405S-115-2025-06-03-E1,L405S-115,True,0.9818757041479452,threshold_r0.75_p10:L405S-115:E3,-1.32472015,0.0,2.6449499,3.969670049999987
threshold_r0.75_p10,threshold_persistence,5,0.75,10,0.0,,L405S-115-2025-06-04-E1,L405S-115,True,0.9736951107025894,threshold_r0.75_p10:L405S-115:E4,-1.6029948,0.0,3.1142544,4.717249199999989
threshold_r0.75_p10,threshold_persistence,5,0.75,10,0.0,,L405S-115-2025-06-05-E1,L405S-115,True,0.9713041601622392,threshold_r0.75_p10:L405S-115:E5,-1.4550204833333333,0.0,3.2275,4.682520483333343
threshold_r0.75_p15,threshold_persistence,5,0.75,15,0.0,,L405S-012-2025-06-02-E1,L405S-012,True,0.9283535045273116,threshold_r0.75_p15:L405S-012:E1,-5.746493683333333,0.0,4.9480884666666665,10.694582150000027
threshold_r0.75_p15,threshold_persistence,5,0.75,15,0.0,,L405S-012-2025-06-03-E1,L405S-012,True,0.9512199286963482,threshold_r0.75_p15:L405S-012:E2,-5.447494466666667,0.0,4.6687500166666664,10.116244483333316
threshold_r0.75_p15,threshold_persistence,5,0.75,15,0.0,,L405S-012-2025-06-03-E2,L405S-012,True,0.8319986407399235,threshold_r0.75_p15:L405S-012:E3,-2.008823533333333,0.0,3.1757191000000002,5.184542633333332
threshold_r0.75_p15,threshold_persistence,5,0.75,15,0.0,,L405S-012-2025-06-04-E1,L405S-012,True,0.8952015890612701,threshold_r0.75_p15:L405S-012:E4,-11.97166875,0.0,5.385842883333334,17.357511633333367
threshold_r0.75_p15,threshold_persistence,5,0.75,15,0.0,,L405S-012-2025-06-05-E1,L405S-012,True,0.9366470513850651,threshold_r0.75_p15:L405S-012:E5,-6.341133,0.0,4.855978266666667,11.197111266666653
threshold_r0.75_p15,threshold_persistence,5,0.75,15,0.0,,L405S-018-2025-06-02-E1,L405S-018,True,0.5552503411809478,threshold_r0.75_p15:L405S-018:E2,-3.8116279166666667,0.0,13.387161083333332,17.198789
threshold_r0.75_p15,threshold_persistence,5,0.75,15,0.0,,L405S-018-2025-06-03-E1,L405S-018,True,0.5894251318762088,threshold_r0.75_p15:L405S-018:E3,-57.12775735,0.0,4.773166016666667,61.90092336666665
threshold_r0.75_p15,threshold_persistence,5,0.75,15,0.0,,L405S-018-2025-06-03-E2,L405S-018,True,0.9615902714938036,threshold_r0.75_p15:L405S-018:E4,-2.4119718166666666,0.0,3.004385966666667,5.416357783333323
threshold_r0.75_p15,threshold_persistence,5,0.75,15,0.0,,L405S-018-2025-06-04-E1,L405S-018,True,0.8028382868821574,threshold_r0.75_p15:L405S-018:E6,-4.748803833333333,0.0,3.26286765,8.011671483333334
threshold_r0.75_p15,threshold_persistence,5,0.75,15,0.0,,L405S-018-2025-06-05-E1,L405S-018,True,0.8921289597833355,threshold_r0.75_p15:L405S-018:E7,-11.479166666666666,0.0,3.98255815,15.461724816666695
threshold_r0.75_p15,threshold_persistence,5,0.75,15,0.0,,L405S-018-2025-06-05-E2,L405S-018,True,0.7679241235611706,threshold_r0.75_p15:L405S-018:E8,-3.96438955,0.0,4.917717083333333,8.882106633333334
threshold_r0.75_p15,threshold_persistence,5,0.75,15,0.0,,L405S-028-2025-06-03-E1,L405S-028,True,0.897909862864023,threshold_r0.75_p15:L405S-028:E1,-3.3212394,0.0,3.6944444499999998,7.015683850000007
threshold_r0.75_p15,threshold_persistence,5,0.75,15,0.0,,L405S-028-2025-06-03-E2,L405S-028,True,0.8679150134082183,threshold_r0.75_p15:L405S-028:E2,-3.3221153833333332,0.0,18.959273183333334,22.28138856666666
threshold_r0.75_p15,threshold_persistence,5,0.75,15,0.0,,L405S-028-2025-06-04-E1,L405S-028,True,0.9210423396880643,threshold_r0.75_p15:L405S-028:E3,-3.8155172333333334,0.0,4.798032416666667,8.61354965
threshold_r0.75_p15,threshold_persistence,5,0.75,15,0.0,,L405S-028-2025-06-04-E2,L405S-028,True,0.9305706817699061,threshold_r0.75_p15:L405S-028:E4,-4.4830044,0.0,2.6992187666666667,7.182223166666675
threshold_r0.75_p15,threshold_persistence,5,0.75,15,0.0,,L405S-028-2025-06-05-E1,L405S-028,True,0.9234219798308678,threshold_r0.75_p15:L405S-028:E5,-2.800724633333333,0.0,4.054332633333334,6.855057266666673
threshold_r0.75_p15,threshold_persistence,5,0.75,15,0.0,,L405S-030-2025-06-02-E1,L405S-030,True,0.812896239768918,threshold_r0.75_p15:L405S-030:E1,-2.9329631833333334,0.0,7.1459854,10.078948583333338
threshold_r0.75_p15,threshold_persistence,5,0.75,15,0.0,,L405S-030-2025-06-03-E1,L405S-030,True,0.8895989806086392,threshold_r0.75_p15:L405S-030:E2,-2.9226694833333338,0.0,3.1993243333333337,6.1219938166666665
threshold_r0.75_p15,threshold_persistence,5,0.75,15,0.0,,L405S-030-2025-06-04-E1,L405S-030,True,0.897485210931516,threshold_r0.75_p15:L405S-030:E4,-3.8319444333333332,0.0,2.6326335999999997,6.464578033333332
threshold_r0.75_p15,threshold_persistence,5,0.75,15,0.0,,L405S-058-2025-06-03-E1,L405S-058,True,0.9060327063305077,threshold_r0.75_p15:L405S-058:E1,-4.9160839166666666,0.0,12.579487166666667,17.495571083333328
threshold_r0.75_p15,threshold_persistence,5,0.75,15,0.0,,L405S-058-2025-06-04-E1,L405S-058,True,0.9411857592319479,threshold_r0.75_p15:L405S-058:E3,-5.845298283333333,0.0,3.7679738499999997,9.613272133333295
threshold_r0.75_p15,threshold_persistence,5,0.75,15,0.0,,L405S-058-2025-06-04-E2,L405S-058,True,0.9528406761389848,threshold_r0.75_p15:L405S-058:E5,-2.3857142833333334,0.0,0.5404530833333333,2.92616736666667
threshold_r0.75_p15,threshold_persistence,5,0.75,15,0.0,,L405S-058-2025-06-05-E1,L405S-058,True,0.9207085820769949,threshold_r0.75_p15:L405S-058:E6,-10.636363633333334,0.0,2.42028985,13.056653483333314
threshold_r0.75_p15,threshold_persistence,5,0.75,15,0.0,,L405S-115-2025-06-02-E1,L405S-115,True,0.9271105537896402,threshold_r0.75_p15:L405S-115:E1,-1.5307026166666666,0.0,4.671381566666667,6.202084183333327
threshold_r0.75_p15,threshold_persistence,5,0.75,15,0.0,,L405S-115-2025-06-02-E2,L405S-115,True,0.8930187657204676,threshold_r0.75_p15:L405S-115:E2,-1.3654807833333333,0.0,5.13073865,6.496219433333341
threshold_r0.75_p15,threshold_persistence,5,0.75,15,0.0,,L405S-115-2025-06-03-E1,L405S-115,True,0.9818757041479452,threshold_r0.75_p15:L405S-115:E3,-1.32472015,0.0,2.6449499,3.969670049999987
threshold_r0.75_p15,threshold_persistence,5,0.75,15,0.0,,L405S-115-2025-06-04-E1,L405S-115,True,0.9736951107025894,threshold_r0.75_p15:L405S-115:E4,-1.6029948,0.0,3.1142544,4.717249199999989
threshold_r0.75_p15,threshold_persistence,5,0.75,15,0.0,,L405S-115-2025-06-05-E1,L405S-115,True,0.9713041601622392,threshold_r0.75_p15:L405S-115:E5,-1.4550204833333333,0.0,3.2275,4.682520483333343
threshold_r0.75_p20,threshold_persistence,5,0.75,20,0.0,,L405S-012-2025-06-02-E1,L405S-012,True,0.9283535045273116,threshold_r0.75_p20:L405S-012:E1,-5.746493683333333,0.0,4.9480884666666665,10.694582150000027
threshold_r0.75_p20,threshold_persistence,5,0.75,20,0.0,,L405S-012-2025-06-03-E1,L405S-012,True,0.9512199286963482,threshold_r0.75_p20:L405S-012:E2,-5.447494466666667,0.0,4.6687500166666664,10.116244483333316
threshold_r0.75_p20,threshold_persistence,5,0.75,20,0.0,,L405S-012-2025-06-03-E2,L405S-012,True,0.8319986407399235,threshold_r0.75_p20:L405S-012:E3,-2.008823533333333,0.0,3.1757191000000002,5.184542633333332
threshold_r0.75_p20,threshold_persistence,5,0.75,20,0.0,,L405S-012-2025-06-04-E1,L405S-012,True,0.8952015890612701,threshold_r0.75_p20:L405S-012:E4,-11.97166875,0.0,5.385842883333334,17.357511633333367
threshold_r0.75_p20,threshold_persistence,5,0.75,20,0.0,,L405S-012-2025-06-05-E1,L405S-012,True,0.9366470513850651,threshold_r0.75_p20:L405S-012:E5,-6.341133,0.0,4.855978266666667,11.197111266666653
threshold_r0.75_p20,threshold_persistence,5,0.75,20,0.0,,L405S-018-2025-06-02-E1,L405S-018,True,0.5552503411809478,threshold_r0.75_p20:L405S-018:E2,-3.8116279166666667,0.0,13.387161083333332,17.198789
threshold_r0.75_p20,threshold_persistence,5,0.75,20,0.0,,L405S-018-2025-06-03-E1,L405S-018,True,0.5894251318762088,threshold_r0.75_p20:L405S-018:E3,-57.12775735,0.0,4.773166016666667,61.90092336666665
threshold_r0.75_p20,threshold_persistence,5,0.75,20,0.0,,L405S-018-2025-06-03-E2,L405S-018,True,0.9615902714938036,threshold_r0.75_p20:L405S-018:E4,-2.4119718166666666,0.0,3.004385966666667,5.416357783333323
threshold_r0.75_p20,threshold_persistence,5,0.75,20,0.0,,L405S-018-2025-06-04-E1,L405S-018,True,0.8028382868821574,threshold_r0.75_p20:L405S-018:E6,-4.748803833333333,0.0,3.26286765,8.011671483333334
threshold_r0.75_p20,threshold_persistence,5,0.75,20,0.0,,L405S-018-2025-06-05-E1,L405S-018,True,0.8921289597833355,threshold_r0.75_p20:L405S-018:E7,-11.479166666666666,0.0,3.98255815,15.461724816666695
threshold_r0.75_p20,threshold_persistence,5,0.75,20,0.0,,L405S-018-2025-06-05-E2,L405S-018,True,0.7679241235611706,threshold_r0.75_p20:L405S-018:E8,-3.96438955,0.0,4.917717083333333,8.882106633333334
threshold_r0.75_p20,threshold_persistence,5,0.75,20,0.0,,L405S-028-2025-06-03-E1,L405S-028,True,0.897909862864023,threshold_r0.75_p20:L405S-028:E1,-3.3212394,0.0,3.6944444499999998,7.015683850000007
threshold_r0.75_p20,threshold_persistence,5,0.75,20,0.0,,L405S-028-2025-06-03-E2,L405S-028,True,0.8679150134082183,threshold_r0.75_p20:L405S-028:E2,-3.3221153833333332,0.0,18.959273183333334,22.28138856666666
threshold_r0.75_p20,threshold_persistence,5,0.75,20,0.0,,L405S-028-2025-06-04-E1,L405S-028,True,0.9210423396880643,threshold_r0.75_p20:L405S-028:E3,-3.8155172333333334,0.0,4.798032416666667,8.61354965
threshold_r0.75_p20,threshold_persistence,5,0.75,20,0.0,,L405S-028-2025-06-04-E2,L405S-028,True,0.9305706817699061,threshold_r0.75_p20:L405S-028:E4,-4.4830044,0.0,2.6992187666666667,7.182223166666675
threshold_r0.75_p20,threshold_persistence,5,0.75,20,0.0,,L405S-028-2025-06-05-E1,L405S-028,True,0.9234219798308678,threshold_r0.75_p20:L405S-028:E5,-2.800724633333333,0.0,4.054332633333334,6.855057266666673
threshold_r0.75_p20,threshold_persistence,5,0.75,20,0.0,,L405S-030-2025-06-02-E1,L405S-030,True,0.812896239768918,threshold_r0.75_p20:L405S-030:E1,-2.9329631833333334,0.0,7.1459854,10.078948583333338
threshold_r0.75_p20,threshold_persistence,5,0.75,20,0.0,,L405S-030-2025-06-03-E1,L405S-030,True,0.8895989806086392,threshold_r0.75_p20:L405S-030:E2,-2.9226694833333338,0.0,3.1993243333333337,6.1219938166666665
threshold_r0.75_p20,threshold_persistence,5,0.75,20,0.0,,L405S-030-2025-06-04-E1,L405S-030,True,0.897485210931516,threshold_r0.75_p20:L405S-030:E4,-3.8319444333333332,0.0,2.6326335999999997,6.464578033333332
threshold_r0.75_p20,threshold_persistence,5,0.75,20,0.0,,L405S-058-2025-06-03-E1,L405S-058,True,0.9060327063305077,threshold_r0.75_p20:L405S-058:E1,-4.9160839166666666,0.0,12.579487166666667,17.495571083333328
threshold_r0.75_p20,threshold_persistence,5,0.75,20,0.0,,L405S-058-2025-06-04-E1,L405S-058,True,0.9411857592319479,threshold_r0.75_p20:L405S-058:E3,-5.845298283333333,0.0,3.7679738499999997,9.613272133333295
threshold_r0.75_p20,threshold_persistence,5,0.75,20,0.0,,L405S-058-2025-06-04-E2,L405S-058,True,0.9528406761389848,threshold_r0.75_p20:L405S-058:E5,-2.3857142833333334,0.0,0.5404530833333333,2.92616736666667
threshold_r0.75_p20,threshold_persistence,5,0.75,20,0.0,,L405S-058-2025-06-05-E1,L405S-058,True,0.9207085820769949,threshold_r0.75_p20:L405S-058:E6,-10.636363633333334,0.0,2.42028985,13.056653483333314
threshold_r0.75_p20,threshold_persistence,5,0.75,20,0.0,,L405S-115-2025-06-02-E1,L405S-115,True,0.3684203557991781,threshold_r0.75_p20:L405S-115:E1,-1.5307026166666666,0.0,133.70427631666666,135.2349789333333
threshold_r0.75_p20,threshold_persistence,5,0.75,20,0.0,,L405S-115-2025-06-02-E2,L405S-115,False,0.0,,,,,
threshold_r0.75_p20,threshold_persistence,5,0.75,20,0.0,,L405S-115-2025-06-03-E1,L405S-115,True,0.9818757041479452,threshold_r0.75_p20:L405S-115:E2,-1.32472015,0.0,2.6449499,3.969670049999987
threshold_r0.75_p20,threshold_persistence,5,0.75,20,0.0,,L405S-115-2025-06-04-E1,L405S-115,True,0.9736951107025894,threshold_r0.75_p20:L405S-115:E3,-1.6029948,0.0,3.1142544,4.717249199999989
threshold_r0.75_p20,threshold_persistence,5,0.75,20,0.0,,L405S-115-2025-06-05-E1,L405S-115,True,0.9713041601622392,threshold_r0.75_p20:L405S-115:E4,-1.4550204833333333,0.0,3.2275,4.682520483333343
sampling_10min,sampling,10,0.7,15,0.0,,L405S-012-2025-06-02-E1,L405S-012,True,0.8959067762285237,sampling_10min:L405S-012:E1,10.899641583333333,5.0,3.934549216666667,-6.965092366666674
sampling_10min,sampling,10,0.7,15,0.0,,L405S-012-2025-06-03-E1,L405S-012,True,0.9805101149244734,sampling_10min:L405S-012:E2,0.9612263666666667,5.0,2.9408312333333333,1.9796048666666355
sampling_10min,sampling,10,0.7,15,0.0,,L405S-012-2025-06-03-E2,L405S-012,True,0.8317756205561715,sampling_10min:L405S-012:E3,-0.41279045000000003,10.0,4.780026566666667,5.192817016666665
sampling_10min,sampling,10,0.7,15,0.0,,L405S-012-2025-06-04-E1,L405S-012,True,0.9699290787432289,sampling_10min:L405S-012:E4,-1.5600103166666666,10.0,3.036840033333333,4.596850350000015
sampling_10min,sampling,10,0.7,15,0.0,,L405S-012-2025-06-05-E1,L405S-012,True,0.9556724330183582,sampling_10min:L405S-012:E5,3.4730848833333337,0.0,4.044384066666667,0.5712991833333447
sampling_10min,sampling,10,0.7,15,0.0,,L405S-018-2025-06-02-E1,L405S-018,True,0.7187332395836412,sampling_10min:L405S-018:E1,2.694186033333333,5.0,4.654235983333334,1.9600499500000002
sampling_10min,sampling,10,0.7,15,0.0,,L405S-018-2025-06-03-E1,L405S-018,True,0.9707118865431351,sampling_10min:L405S-018:E2,1.0556119,0.0,-1.5470922999999999,-2.602704199999999
sampling_10min,sampling,10,0.7,15,0.0,,L405S-018-2025-06-03-E2,L405S-018,True,0.9505208694598672,sampling_10min:L405S-018:E3,4.70341815,-5.0,2.11031405,-2.5931040999999944
sampling_10min,sampling,10,0.7,15,0.0,,L405S-018-2025-06-04-E1,L405S-018,True,0.8570914951488645,sampling_10min:L405S-018:E4,1.5136738833333332,0.0,3.673448,2.1597741166666706
sampling_10min,sampling,10,0.7,15,0.0,,L405S-018-2025-06-05-E1,L405S-018,True,0.9831290859434384,sampling_10min:L405S-018:E5,1.85778985,-40.0,0.30469423333333334,-1.5530956166666599
sampling_10min,sampling,10,0.7,15,0.0,,L405S-018-2025-06-05-E2,L405S-018,True,0.7951535655428873,sampling_10min:L405S-018:E6,2.5223214166666663,0.0,4.399377316666667,1.8770559000000053
sampling_10min,sampling,10,0.7,15,0.0,,L405S-028-2025-06-03-E1,L405S-028,True,0.8803344931384608,sampling_10min:L405S-028:E1,3.6361356000000002,0.0,4.257246383333333,0.6211107833333518
sampling_10min,sampling,10,0.7,15,0.0,,L405S-028-2025-06-03-E2,L405S-028,True,0.9432672941696332,sampling_10min:L405S-028:E2,4.2724359000000005,-20.0,4.276315800000001,0.0038799000000011574
sampling_10min,sampling,10,0.7,15,0.0,,L405S-028-2025-06-04-E1,L405S-028,True,0.9232123242628533,sampling_10min:L405S-028:E3,4.757925983333333,20.0,3.2034710833333335,-1.554454900000004
sampling_10min,sampling,10,0.7,15,0.0,,L405S-028-2025-06-04-E2,L405S-028,True,0.9656942328921727,sampling_10min:L405S-028:E4,2.377641533333333,10.0,0.9576322166666666,-1.4200093166666683
sampling_10min,sampling,10,0.7,15,0.0,,L405S-028-2025-06-05-E1,L405S-028,True,0.9211879364690579,sampling_10min:L405S-028:E5,5.833890749999999,5.0,0.7391443166666666,-5.094746433333328
sampling_10min,sampling,10,0.7,15,0.0,,L405S-030-2025-06-02-E1,L405S-030,True,0.8375541713708377,sampling_10min:L405S-030:E1,4.079681266666666,0.0,3.62210005,-0.4575812166666715
sampling_10min,sampling,10,0.7,15,0.0,,L405S-030-2025-06-03-E1,L405S-030,True,0.8824868007114831,sampling_10min:L405S-030:E2,3.548545916666667,0.0,2.54782255,-1.0007233666666626
sampling_10min,sampling,10,0.7,15,0.0,,L405S-030-2025-06-04-E1,L405S-030,True,0.8108008066466316,sampling_10min:L405S-030:E3,9.861105583333334,5.0,1.0442690333333333,-8.81683655
sampling_10min,sampling,10,0.7,15,0.0,,L405S-058-2025-06-03-E1,L405S-058,True,0.8877722848611443,sampling_10min:L405S-058:E1,14.93846155,10.0,4.4983277500000005,-10.440133800000009
sampling_10min,sampling,10,0.7,15,0.0,,L405S-058-2025-06-04-E1,L405S-058,True,0.9532910347517114,sampling_10min:L405S-058:E2,4.9736199333333335,10.0,2.3203842833333335,-2.653235650000001
sampling_10min,sampling,10,0.7,15,0.0,,L405S-058-2025-06-04-E2,L405S-058,True,0.9052550535960342,sampling_10min:L405S-058:E3,2.8910384833333334,0.0,2.9941924999999996,0.1031540166666689
sampling_10min,sampling,10,0.7,15,0.0,,L405S-058-2025-06-05-E1,L405S-058,True,0.9703882984988932,sampling_10min:L405S-058:E4,3.25619835,5.0,1.2708645666666667,-1.9853337833333473
sampling_10min,sampling,10,0.7,15,0.0,,L405S-115-2025-06-02-E1,L405S-115,True,0.9413775573369922,sampling_10min:L405S-115:E1,0.31631560000000003,0.0,4.5765095166666665,4.260193916666668
sampling_10min,sampling,10,0.7,15,0.0,,L405S-115-2025-06-02-E2,L405S-115,True,0.9026420753473,sampling_10min:L405S-115:E2,0.24829575,0.0,5.573758783333333,5.325463033333335
sampling_10min,sampling,10,0.7,15,0.0,,L405S-115-2025-06-03-E1,L405S-115,True,0.9547337833025716,sampling_10min:L405S-115:E3,4.411558766666667,10.0,5.575557166666667,1.1639983999999792
sampling_10min,sampling,10,0.7,15,0.0,,L405S-115-2025-06-04-E1,L405S-115,True,0.963593955104748,sampling_10min:L405S-115:E4,2.1747674333333333,0.0,4.340192316666667,2.1654248833333245
sampling_10min,sampling,10,0.7,15,0.0,,L405S-115-2025-06-05-E1,L405S-115,True,0.9555002841441267,sampling_10min:L405S-115:E5,1.6557259666666666,5.0,5.6486257,3.992899733333344
sampling_15min,sampling,15,0.7,15,0.0,,L405S-012-2025-06-02-E1,L405S-012,True,0.9475483735239555,sampling_15min:L405S-012:E1,4.1035557166666665,-10.0,-3.1648842833333335,-7.2684399999999805
sampling_15min,sampling,15,0.7,15,0.0,,L405S-012-2025-06-03-E1,L405S-012,True,0.9456163283693316,sampling_15min:L405S-012:E2,-6.46554205,-10.0,-4.614265266666666,1.8512767833332955
sampling_15min,sampling,15,0.7,15,0.0,,L405S-012-2025-06-03-E2,L405S-012,True,0.6713232025414627,sampling_15min:L405S-012:E3,-6.195158366666666,0.0,-4.280014016666667,1.9151443499999987
sampling_15min,sampling,15,0.7,15,0.0,,L405S-012-2025-06-04-E1,L405S-012,True,0.9052910756151823,sampling_15min:L405S-012:E4,-10.106409000000001,10.0,-4.893260833333333,5.213148166666688
sampling_15min,sampling,15,0.7,15,0.0,,L405S-012-2025-06-05-E1,L405S-012,True,0.9627057522498016,sampling_15min:L405S-012:E5,-3.3333333333333335,-10.0,-2.96484375,0.36848958333335347
sampling_15min,sampling,15,0.7,15,0.0,,L405S-018-2025-06-02-E1,L405S-018,False,0.0,,,,,
sampling_15min,sampling,15,0.7,15,0.0,,L405S-018-2025-06-03-E1,L405S-018,True,0.8443162910971292,sampling_15min:L405S-018:E1,-6.651905083333333,35.0,-8.218606,-1.5667009166666679
sampling_15min,sampling,15,0.7,15,0.0,,L405S-018-2025-06-03-E2,L405S-018,True,0.9290203990121941,sampling_15min:L405S-018:E2,-4.671732416666667,-15.0,-5.284621133333333,-0.6128887166666708
sampling_15min,sampling,15,0.7,15,0.0,,L405S-018-2025-06-04-E1,L405S-018,True,0.7259725567672851,sampling_15min:L405S-018:E3,-6.447143883333334,0.0,-4.2592451,2.187898783333324
sampling_15min,sampling,15,0.7,15,0.0,,L405S-018-2025-06-05-E1,L405S-018,True,0.8970463045847644,sampling_15min:L405S-018:E4,-6.609262599999999,-55.0,-7.236239566666667,-0.6269769666666569
sampling_15min,sampling,15,0.7,15,0.0,,L405S-018-2025-06-05-E2,L405S-018,True,0.8064663998909781,sampling_15min:L405S-018:E5,-4.70948195,-10.0,-1.8899752166666666,2.8195067333333403
sampling_15min,sampling,15,0.7,15,0.0,,L405S-028-2025-06-03-E1,L405S-028,True,0.8869857681783616,sampling_15min:L405S-028:E1,-3.2788747166666665,-10.0,-4.065205616666667,-0.7863308999999941
sampling_15min,sampling,15,0.7,15,0.0,,L405S-028-2025-06-03-E2,L405S-028,True,0.9732909760861339,sampling_15min:L405S-028:E2,-3.8681891,-5.0,-0.14555193333333336,3.7226371666666846
sampling_15min,sampling,15,0.7,15,0.0,,L405S-028-2025-06-04-E1,L405S-028,True,0.9492225546970506,sampling_15min:L405S-028:E3,-1.5240757999999999,5.0,-3.65528795,-2.131212150000019
sampling_15min,sampling,15,0.7,15,0.0,,L405S-028-2025-06-04-E2,L405S-028,True,0.881978408714382,sampling_15min:L405S-028:E4,-5.459962483333333,0.0,-6.545699549999999,-1.0857370666666677
sampling_15min,sampling,15,0.7,15,0.0,,L405S-028-2025-06-05-E1,L405S-028,True,0.8927121527630235,sampling_15min:L405S-028:E5,-2.6966596,-30.0,-6.4613128,-3.764653199999981
sampling_15min,sampling,15,0.7,15,0.0,,L405S-030-2025-06-02-E1,L405S-030,True,0.8608666726688111,sampling_15min:L405S-030:E1,-1.9286374666666668,0.0,-4.43224885,-2.5036113833333373
sampling_15min,sampling,15,0.7,15,0.0,,L405S-030-2025-06-03-E1,L405S-030,True,0.7844021622516377,sampling_15min:L405S-030:E2,-5.169394633333334,-5.0,-6.5806296,-1.4112349666666613
sampling_15min,sampling,15,0.7,15,0.0,,L405S-030-2025-06-04-E1,L405S-030,True,0.7621173298851334,sampling_15min:L405S-030:E3,6.453336133333334,-10.0,-7.009723366666666,-13.463059500000004
sampling_15min,sampling,15,0.7,15,0.0,,L405S-058-2025-06-03-E1,L405S-058,True,0.946297546460877,sampling_15min:L405S-058:E1,5.3339160833333334,5.0,-3.7252747333333334,-9.059190816666662
sampling_15min,sampling,15,0.7,15,0.0,,L405S-058-2025-06-04-E1,L405S-058,True,0.9494895920754186,sampling_15min:L405S-058:E2,-2.31212815,-5.0,-5.5750868166666665,-3.262958666666691
sampling_15min,sampling,15,0.7,15,0.0,,L405S-058-2025-06-04-E2,L405S-058,True,0.8467184393584827,sampling_15min:L405S-058:E3,-5.262907266666667,-5.0,-4.606169483333333,0.6567377833333277
sampling_15min,sampling,15,0.7,15,0.0,,L405S-058-2025-06-05-E1,L405S-058,True,0.9329839077084601,sampling_15min:L405S-058:E4,-4.903805500000001,-5.0,-5.585139016666667,-0.6813335166666956
sampling_15min,sampling,15,0.7,15,0.0,,L405S-115-2025-06-02-E1,L405S-115,True,0.9209054036387796,sampling_15min:L405S-115:E1,-5.8788888833333335,0.0,-0.8256218166666667,5.053267066666658
sampling_15min,sampling,15,0.7,15,0.0,,L405S-115-2025-06-02-E2,L405S-115,True,0.8457331597417994,sampling_15min:L405S-115:E2,-8.8713619,-5.0,-0.8625862000000001,8.008775699999997
sampling_15min,sampling,15,0.7,15,0.0,,L405S-115-2025-06-03-E1,L405S-115,True,0.9762140194512129,sampling_15min:L405S-115:E3,-3.0165047333333335,0.0,-2.1705426333333335,0.8459620999999817
sampling_15min,sampling,15,0.7,15,0.0,,L405S-115-2025-06-04-E1,L405S-115,True,0.9575093686358697,sampling_15min:L405S-115:E4,-6.523969466666667,0.0,-1.1726334833333332,5.351335983333332
sampling_15min,sampling,15,0.7,15,0.0,,L405S-115-2025-06-05-E1,L405S-115,True,0.956806478224593,sampling_15min:L405S-115:E5,-6.304378433333333,5.0,-0.8138938666666667,5.49048456666668
noise_s1_r01,noise,5,0.7,15,1.0,1898170439,L405S-012-2025-06-02-E1,L405S-012,True,0.9993037319632357,noise_s1_r01:L405S-012:E1,-0.09161588333333333,0.0,0.0049361,0.09655198333332393
noise_s1_r01,noise,5,0.7,15,1.0,1898170439,L405S-012-2025-06-03-E1,L405S-012,True,0.9936471337654277,noise_s1_r01:L405S-012:E2,0.8241042666666666,0.0,0.4318599166666666,-0.3922443500000039
noise_s1_r01,noise,5,0.7,15,1.0,1898170439,L405S-012-2025-06-03-E2,L405S-012,True,0.9844762910158465,noise_s1_r01:L405S-012:E3,-0.3732139333333333,0.0,0.031651316666666665,0.4048652500000005
noise_s1_r01,noise,5,0.7,15,1.0,1898170439,L405S-012-2025-06-04-E1,L405S-012,True,0.9975395281366781,noise_s1_r01:L405S-012:E4,-0.048993716666666666,5.0,-0.31594126666666666,-0.26694754999999404
noise_s1_r01,noise,5,0.7,15,1.0,1898170439,L405S-012-2025-06-05-E1,L405S-012,True,0.988508825976179,noise_s1_r01:L405S-012:E5,-1.2613828666666669,0.0,0.6630332333333333,1.9244161000000037
noise_s1_r01,noise,5,0.7,15,1.0,1898170439,L405S-018-2025-06-02-E1,L405S-018,True,0.918290199416237,noise_s1_r01:L405S-018:E2,-1.0967773833333332,0.0,0.81380285,1.9105802333333366
noise_s1_r01,noise,5,0.7,15,1.0,1898170439,L405S-018-2025-06-03-E1,L405S-018,True,0.9540498066215958,noise_s1_r01:L405S-018:E3,1.6050768166666667,0.0,-2.4783122166666667,-4.0833890333333445
noise_s1_r01,noise,5,0.7,15,1.0,1898170439,L405S-018-2025-06-03-E2,L405S-018,True,0.9952688423300909,noise_s1_r01:L405S-018:E4,-0.5359094666666666,0.0,-0.10816578333333333,0.4277436833333148
noise_s1_r01,noise,5,0.7,15,1.0,1898170439,L405S-018-2025-06-04-E1,L405S-018,True,0.9870394969115355,noise_s1_r01:L405S-018:E5,-0.16357288333333334,0.0,-0.2613622,-0.0977893166666699
noise_s1_r01,noise,5,0.7,15,1.0,1898170439,L405S-018-2025-06-05-E1,L405S-018,True,0.9942191587277753,noise_s1_r01:L405S-018:E6,0.4228657,0.0,0.3181903833333333,-0.10467531666665586
noise_s1_r01,noise,5,0.7,15,1.0,1898170439,L405S-018-2025-06-05-E2,L405S-018,True,0.9108785113067143,noise_s1_r01:L405S-018:E7,-1.3518805166666668,0.0,1.5237048833333333,2.8755854000000083
noise_s1_r01,noise,5,0.7,15,1.0,1898170439,L405S-028-2025-06-03-E1,L405S-028,True,0.9792984457108271,noise_s1_r01:L405S-028:E1,0.4721027666666667,35.0,0.8223055499999999,0.3502027833333532
noise_s1_r01,noise,5,0.7,15,1.0,1898170439,L405S-028-2025-06-03-E2,L405S-028,True,0.9589847158844844,noise_s1_r01:L405S-028:E2,3.224869433333333,0.0,2.8990167166666665,-0.3258527166666614
noise_s1_r01,noise,5,0.7,15,1.0,1898170439,L405S-028-2025-06-04-E1,L405S-028,True,0.9708589907643813,noise_s1_r01:L405S-028:E3,-2.730242533333333,15.0,0.28565038333333337,3.0158929166666537
noise_s1_r01,noise,5,0.7,15,1.0,1898170439,L405S-028-2025-06-04-E2,L405S-028,True,0.9773351210388024,noise_s1_r01:L405S-028:E4,-0.3538546666666667,0.0,-1.8359846333333332,-1.4821299666666654
noise_s1_r01,noise,5,0.7,15,1.0,1898170439,L405S-028-2025-06-05-E1,L405S-028,True,0.9775968378217005,noise_s1_r01:L405S-028:E5,-0.99020065,0.0,0.9041339666666667,1.894334616666673
noise_s1_r01,noise,5,0.7,15,1.0,1898170439,L405S-030-2025-06-02-E1,L405S-030,True,0.9654826491151696,noise_s1_r01:L405S-030:E1,-0.8002663,0.0,-0.7388467999999999,0.061419499999997296
noise_s1_r01,noise,5,0.7,15,1.0,1898170439,L405S-030-2025-06-03-E1,L405S-030,True,0.9871301232431029,noise_s1_r01:L405S-030:E2,0.14163055,0.0,0.4996755666666666,0.35804501666666155
noise_s1_r01,noise,5,0.7,15,1.0,1898170439,L405S-030-2025-06-04-E1,L405S-030,True,0.8372276046599124,noise_s1_r01:L405S-030:E3,9.121353833333334,0.0,-0.09081131666666667,-9.21216515
noise_s1_r01,noise,5,0.7,15,1.0,1898170439,L405S-058-2025-06-03-E1,L405S-058,True,0.9914985821706929,noise_s1_r01:L405S-058:E1,-0.31247953333333334,15.0,1.1339408833333333,1.4464204166666672
noise_s1_r01,noise,5,0.7,15,1.0,1898170439,L405S-058-2025-06-04-E1,L405S-058,True,0.9878785467458107,noise_s1_r01:L405S-058:E2,1.58184685,-5.0,-0.28289526666666664,-1.8647421166666867
noise_s1_r01,noise,5,0.7,15,1.0,1898170439,L405S-058-2025-06-04-E2,L405S-058,True,0.9919103793882417,noise_s1_r01:L405S-058:E3,0.06747101666666667,0.0,0.41415694999999997,0.3466859333333283
noise_s1_r01,noise,5,0.7,15,1.0,1898170439,L405S-058-2025-06-05-E1,L405S-058,True,0.9888492733253099,noise_s1_r01:L405S-058:E4,-1.5606615166666666,10.0,0.14896386666666667,1.7096253833333108
noise_s1_r01,noise,5,0.7,15,1.0,1898170439,L405S-115-2025-06-02-E1,L405S-115,True,0.9971958618020659,noise_s1_r01:L405S-115:E1,-0.07077463333333332,0.0,0.15105700000000002,0.22183163333334033
noise_s1_r01,noise,5,0.7,15,1.0,1898170439,L405S-115-2025-06-02-E2,L405S-115,True,0.9821341901208798,noise_s1_r01:L405S-115:E2,-0.11367128333333333,0.0,0.8727570666666666,0.9864283500000082
noise_s1_r01,noise,5,0.7,15,1.0,1898170439,L405S-115-2025-06-03-E1,L405S-115,True,0.9951090446718145,noise_s1_r01:L405S-115:E3,0.3868645333333333,10.0,0.6682287166666666,0.2813641833333058
noise_s1_r01,noise,5,0.7,15,1.0,1898170439,L405S-115-2025-06-04-E1,L405S-115,True,0.9990005269763048,noise_s1_r01:L405S-115:E4,0.16744791666666667,-5.0,-0.007072566666666667,-0.17452048333330694
noise_s1_r01,noise,5,0.7,15,1.0,1898170439,L405S-115-2025-06-05-E1,L405S-115,True,0.9961057215736409,noise_s1_r01:L405S-115:E5,-0.13122621666666667,5.0,-0.4865090833333333,-0.35528286666668407
noise_s1_r02,noise,5,0.7,15,1.0,3432960257,L405S-012-2025-06-02-E1,L405S-012,True,0.9525604045615956,noise_s1_r02:L405S-012:E1,6.206499533333333,0.0,-0.36740248333333336,-6.573902016666668
noise_s1_r02,noise,5,0.7,15,1.0,3432960257,L405S-012-2025-06-03-E1,L405S-012,True,0.9930675773393491,noise_s1_r02:L405S-012:E2,-1.3339371333333332,0.0,-0.04285916666666667,1.2910779666666539
noise_s1_r02,noise,5,0.7,15,1.0,3432960257,L405S-012-2025-06-03-E2,L405S-012,True,0.9745582960951295,noise_s1_r02:L405S-012:E3,0.2169609,0.0,-0.43626961666666664,-0.6532305166666663
noise_s1_r02,noise,5,0.7,15,1.0,3432960257,L405S-012-2025-06-04-E1,L405S-012,True,0.9798487861353136,noise_s1_r02:L405S-012:E4,-2.9588129166666666,10.0,-0.08863346666666666,2.8701794500000233
noise_s1_r02,noise,5,0.7,15,1.0,3432960257,L405S-012-2025-06-05-E1,L405S-012,True,0.993621135337005,noise_s1_r02:L405S-012:E5,1.0436509666666667,-50.0,0.0124151,-1.0312358666666643
noise_s1_r02,noise,5,0.7,15,1.0,3432960257,L405S-018-2025-06-02-E1,L405S-018,True,0.9029602822688996,noise_s1_r02:L405S-018:E1,1.2548900666666667,0.0,0.9178033166666667,-0.3370867499999963
noise_s1_r02,noise,5,0.7,15,1.0,3432960257,L405S-018-2025-06-03-E1,L405S-018,True,0.9152283909229784,noise_s1_r02:L405S-018:E2,-2.3194662833333335,0.0,-5.41043395,-3.090967666666682
noise_s1_r02,noise,5,0.7,15,1.0,3432960257,L405S-018-2025-06-03-E2,L405S-018,True,0.9881154012642851,noise_s1_r02:L405S-018:E3,-0.33912895,0.0,1.2917924166666666,1.6309213666666622
noise_s1_r02,noise,5,0.7,15,1.0,3432960257,L405S-018-2025-06-04-E1,L405S-018,True,0.9649811239770507,noise_s1_r02:L405S-018:E4,0.8443380833333334,0.0,0.30891293333333336,-0.5354251499999996
noise_s1_r02,noise,5,0.7,15,1.0,3432960257,L405S-018-2025-06-05-E1,L405S-018,True,0.9942926625867882,noise_s1_r02:L405S-018:E5,-0.7163950333333333,-40.0,0.017611666666666668,0.7340067000000072
noise_s1_r02,noise,5,0.7,15,1.0,3432960257,L405S-018-2025-06-05-E2,L405S-018,True,0.9748988319711352,noise_s1_r02:L405S-018:E6,-0.7139388333333333,0.0,0.0427872,0.7567260333333403
noise_s1_r02,noise,5,0.7,15,1.0,3432960257,L405S-028-2025-06-03-E1,L405S-028,True,0.9971765692486764,noise_s1_r02:L405S-028:E1,-0.06849131666666668,35.0,-0.10592130000000001,-0.03742998333332803
noise_s1_r02,noise,5,0.7,15,1.0,3432960257,L405S-028-2025-06-03-E2,L405S-028,True,0.9624855245237686,noise_s1_r02:L405S-028:E2,0.27080861666666667,0.0,5.425147300000001,5.154338683333357
noise_s1_r02,noise,5,0.7,15,1.0,3432960257,L405S-028-2025-06-04-E1,L405S-028,True,0.9833407706901519,noise_s1_r02:L405S-028:E3,0.10225561666666666,0.0,-1.57161695,-1.6738725666666765
noise_s1_r02,noise,5,0.7,15,1.0,3432960257,L405S-028-2025-06-04-E2,L405S-028,True,0.989352494913379,noise_s1_r02:L405S-028:E4,-0.861989,0.0,-0.1721639,0.6898251000000144
noise_s1_r02,noise,5,0.7,15,1.0,3432960257,L405S-028-2025-06-05-E1,L405S-028,True,0.9923122245964601,noise_s1_r02:L405S-028:E5,-0.52329595,0.0,0.11711611666666667,0.6404120666666646
noise_s1_r02,noise,5,0.7,15,1.0,3432960257,L405S-030-2025-06-02-E1,L405S-030,True,0.9711712698745382,noise_s1_r02:L405S-030:E1,-0.36077315,0.0,0.93908965,1.2998628000000023
noise_s1_r02,noise,5,0.7,15,1.0,3432960257,L405S-030-2025-06-03-E1,L405S-030,True,0.9477757989527001,noise_s1_r02:L405S-030:E2,0.37958838333333333,0.0,2.3176884666666666,1.938100083333334
noise_s1_r02,noise,5,0.7,15,1.0,3432960257,L405S-030-2025-06-04-E1,L405S-030,True,0.8317939860240441,noise_s1_r02:L405S-030:E3,8.839035366666668,-5.0,0.8182885333333334,-8.02074683333334
noise_s1_r02,noise,5,0.7,15,1.0,3432960257,L405S-058-2025-06-03-E1,L405S-058,True,0.9898468586356074,noise_s1_r02:L405S-058:E1,-0.43041715,15.0,-1.2867097833333332,-0.8562926333333376
noise_s1_r02,noise,5,0.7,15,1.0,3432960257,L405S-058-2025-06-04-E1,L405S-058,True,0.9968144456556437,noise_s1_r02:L405S-058:E2,0.43132501666666667,10.0,0.05892251666666667,-0.37240250000000863
noise_s1_r02,noise,5,0.7,15,1.0,3432960257,L405S-058-2025-06-04-E2,L405S-058,True,0.9925102976869516,noise_s1_r02:L405S-058:E3,-0.24810253333333332,0.0,0.198048,0.4461505333333293
noise_s1_r02,noise,5,0.7,15,1.0,3432960257,L405S-058-2025-06-05-E1,L405S-058,True,0.9567968526989066,noise_s1_r02:L405S-058:E4,-6.26884195,0.0,-0.5520214833333333,5.716820466666643
noise_s1_r02,noise,5,0.7,15,1.0,3432960257,L405S-115-2025-06-02-E1,L405S-115,True,0.9937412759101683,noise_s1_r02:L405S-115:E1,0.3713025,0.0,-0.12242843333333334,-0.49373093333334506
noise_s1_r02,noise,5,0.7,15,1.0,3432960257,L405S-115-2025-06-02-E2,L405S-115,True,0.9899446586425245,noise_s1_r02:L405S-115:E2,-0.14008916666666668,0.0,0.4107179833333333,0.5508071500000034
noise_s1_r02,noise,5,0.7,15,1.0,3432960257,L405S-115-2025-06-03-E1,L405S-115,True,0.996437163657504,noise_s1_r02:L405S-115:E3,-0.02927598333333333,5.0,0.7396698333333334,0.7689458166666618
noise_s1_r02,noise,5,0.7,15,1.0,3432960257,L405S-115-2025-06-04-E1,L405S-115,True,0.9907592129229733,noise_s1_r02:L405S-115:E4,0.19549560000000002,-5.0,-1.4180613333333334,-1.6135569333333333
noise_s1_r02,noise,5,0.7,15,1.0,3432960257,L405S-115-2025-06-05-E1,L405S-115,True,0.9957310018277783,noise_s1_r02:L405S-115:E5,0.25436176666666666,10.0,-0.42225376666666664,-0.6766155333333224
noise_s1_r03,noise,5,0.7,15,1.0,2841638297,L405S-012-2025-06-02-E1,L405S-012,True,0.9755899625689092,noise_s1_r03:L405S-012:E1,-0.9128437833333333,0.0,2.5543919666666666,3.467235750000013
noise_s1_r03,noise,5,0.7,15,1.0,2841638297,L405S-012-2025-06-03-E1,L405S-012,True,0.9889487895305124,noise_s1_r03:L405S-012:E2,-1.44407705,-5.0,-0.7519378833333333,0.6921391666666743
noise_s1_r03,noise,5,0.7,15,1.0,2841638297,L405S-012-2025-06-03-E2,L405S-012,True,0.9851968199337506,noise_s1_r03:L405S-012:E3,-0.10225563333333333,0.0,-0.27933831666666664,-0.17708268333333388
noise_s1_r03,noise,5,0.7,15,1.0,2841638297,L405S-012-2025-06-04-E1,L405S-012,True,0.9928012426469438,noise_s1_r03:L405S-012:E4,0.4923805,5.0,-0.5749800500000001,-1.0673605499999983
noise_s1_r03,noise,5,0.7,15,1.0,2841638297,L405S-012-2025-06-05-E1,L405S-012,True,0.9971083773833316,noise_s1_r03:L405S-012:E5,0.1385193,-50.0,-0.3401733333333333,-0.4786926333333419
noise_s1_r03,noise,5,0.7,15,1.0,2841638297,L405S-018-2025-06-02-E1,L405S-018,True,0.9273784734821884,noise_s1_r03:L405S-018:E1,-0.30491151666666666,-5.0,1.376521,1.68143251666667
noise_s1_r03,noise,5,0.7,15,1.0,2841638297,L405S-018-2025-06-03-E1,L405S-018,True,0.899775608069422,noise_s1_r03:L405S-018:E2,-0.004412766666666666,0.0,-8.902524833333333,-8.898112066666686
noise_s1_r03,noise,5,0.7,15,1.0,2841638297,L405S-018-2025-06-03-E2,L405S-018,True,0.980410120255112,noise_s1_r03:L405S-018:E3,-1.1358661,0.0,-1.5427515333333335,-0.4068854333333416
noise_s1_r03,noise,5,0.7,15,1.0,2841638297,L405S-018-2025-06-04-E1,L405S-018,True,0.9748143228347318,noise_s1_r03:L405S-018:E4,-0.05879146666666667,0.0,0.7840780666666666,0.8428695333333303
noise_s1_r03,noise,5,0.7,15,1.0,2841638297,L405S-018-2025-06-05-E1,L405S-018,True,0.9832284798832448,noise_s1_r03:L405S-018:E5,-1.0146855166666666,0.0,1.16653055,2.181216066666698
noise_s1_r03,noise,5,0.7,15,1.0,2841638297,L405S-018-2025-06-05-E2,L405S-018,True,0.9812573139882351,noise_s1_r03:L405S-018:E6,-0.5125272,0.0,-0.04793245,0.4645947500000047
noise_s1_r03,noise,5,0.7,15,1.0,2841638297,L405S-028-2025-06-03-E1,L405S-028,True,0.9807349281358383,noise_s1_r03:L405S-028:E1,-0.92252515,35.0,0.28957346666666667,1.2120986166666725
noise_s1_r03,noise,5,0.7,15,1.0,2841638297,L405S-028-2025-06-03-E2,L405S-028,True,0.9877486237194668,noise_s1_r03:L405S-028:E2,-0.2054279,0.0,-1.5907932833333334,-1.3853653833333368
noise_s1_r03,noise,5,0.7,15,1.0,2841638297,L405S-028-2025-06-04-E1,L405S-028,True,0.9861774896203578,noise_s1_r03:L405S-028:E3,0.5209129166666666,0.0,-0.8679340999999999,-1.3888470166666789
noise_s1_r03,noise,5,0.7,15,1.0,2841638297,L405S-028-2025-06-04-E2,L405S-028,True,0.9826567140379034,noise_s1_r03:L405S-028:E4,-0.8305877,0.0,-0.8533571,-0.02276940000000227
noise_s1_r03,noise,5,0.7,15,1.0,2841638297,L405S-028-2025-06-05-E1,L405S-028,True,0.9617787777705066,noise_s1_r03:L405S-028:E5,-1.1945808333333334,0.0,2.090428,3.2850088333333494
noise_s1_r03,noise,5,0.7,15,1.0,2841638297,L405S-030-2025-06-02-E1,L405S-030,True,0.9778943599589545,noise_s1_r03:L405S-030:E1,-0.8659091166666666,0.0,0.12396275,0.9898718666666673
noise_s1_r03,noise,5,0.7,15,1.0,2841638297,L405S-030-2025-06-03-E1,L405S-030,True,0.9694106328016745,noise_s1_r03:L405S-030:E2,1.0053763166666667,0.0,-0.5036074666666667,-1.5089837833333308
noise_s1_r03,noise,5,0.7,15,1.0,2841638297,L405S-030-2025-06-04-E1,L405S-030,True,0.9839378900078737,noise_s1_r03:L405S-030:E3,-0.8072492833333332,0.0,0.11663136666666667,0.9238806499999952
noise_s1_r03,noise,5,0.7,15,1.0,2841638297,L405S-058-2025-06-03-E1,L405S-058,True,0.9895547450225161,noise_s1_r03:L405S-058:E1,1.3245323,15.0,-0.4375018666666667,-1.7620341666666484
noise_s1_r03,noise,5,0.7,15,1.0,2841638297,L405S-058-2025-06-04-E1,L405S-058,True,0.9877611701772723,noise_s1_r03:L405S-058:E2,0.5328827833333334,5.0,1.3666424333333334,0.8337596499999655
noise_s1_r03,noise,5,0.7,15,1.0,2841638297,L405S-058-2025-06-04-E2,L405S-058,True,0.9893718333543585,noise_s1_r03:L405S-058:E3,-0.4614873,-10.0,0.17362525,0.6351125499999966
noise_s1_r03,noise,5,0.7,15,1.0,2841638297,L405S-058-2025-06-05-E1,L405S-058,True,0.9888164957526284,noise_s1_r03:L405S-058:E4,-1.31510865,5.0,0.39959901666666664,1.7147076666666372
noise_s1_r03,noise,5,0.7,15,1.0,2841638297,L405S-115-2025-06-02-E1,L405S-115,True,0.9797614354342279,noise_s1_r03:L405S-115:E1,0.15228113333333332,0.0,1.4741090166666666,1.321827883333322
noise_s1_r03,noise,5,0.7,15,1.0,2841638297,L405S-115-2025-06-02-E2,L405S-115,True,0.9900766927230409,noise_s1_r03:L405S-115:E2,-0.022322983333333334,-20.0,-0.51600735,-0.4936843666666624
noise_s1_r03,noise,5,0.7,15,1.0,2841638297,L405S-115-2025-06-03-E1,L405S-115,True,0.9975883025283863,noise_s1_r03:L405S-115:E3,0.32950988333333336,15.0,-0.189138,-0.5186478833333386
noise_s1_r03,noise,5,0.7,15,1.0,2841638297,L405S-115-2025-06-04-E1,L405S-115,True,0.9970826920534729,noise_s1_r03:L405S-115:E4,0.06780513333333334,0.0,0.4428853333333333,0.3750802000000064
noise_s1_r03,noise,5,0.7,15,1.0,2841638297,L405S-115-2025-06-05-E1,L405S-115,True,0.9890535028481299,noise_s1_r03:L405S-115:E5,0.7866770833333334,0.0,0.9587850333333333,0.17210795000001333
noise_s1_r04,noise,5,0.7,15,1.0,2713191886,L405S-012-2025-06-02-E1,L405S-012,True,0.9195321990619114,noise_s1_r04:L405S-012:E1,10.535152866666666,0.0,-0.6156049333333333,-11.150757800000015
noise_s1_r04,noise,5,0.7,15,1.0,2713191886,L405S-012-2025-06-03-E1,L405S-012,True,0.9987929821148949,noise_s1_r04:L405S-012:E2,-0.07885696666666667,0.0,0.15953743333333334,0.23839439999997936
noise_s1_r04,noise,5,0.7,15,1.0,2713191886,L405S-012-2025-06-03-E2,L405S-012,True,0.9809149027808739,noise_s1_r04:L405S-012:E3,0.21315511666666667,0.0,-0.2768658333333333,-0.4900209500000008
noise_s1_r04,noise,5,0.7,15,1.0,2713191886,L405S-012-2025-06-04-E1,L405S-012,True,0.9810347390754859,noise_s1_r04:L405S-012:E4,-2.68124795,5.0,0.18509431666666665,2.8663422666666527
noise_s1_r04,noise,5,0.7,15,1.0,2713191886,L405S-012-2025-06-05-E1,L405S-012,True,0.9847147646804255,noise_s1_r04:L405S-012:E5,-2.3270654833333335,-5.0,0.2426013,2.5696667833333375
noise_s1_r04,noise,5,0.7,15,1.0,2713191886,L405S-018-2025-06-02-E1,L405S-018,True,0.9527157380271938,noise_s1_r04:L405S-018:E1,0.7497993166666668,0.0,0.2786613333333333,-0.4711379833333307
noise_s1_r04,noise,5,0.7,15,1.0,2713191886,L405S-018-2025-06-03-E1,L405S-018,True,0.9201287640032877,noise_s1_r04:L405S-018:E2,-1.4987406666666667,5.0,-5.718766616666667,-4.220025950000004
noise_s1_r04,noise,5,0.7,15,1.0,2713191886,L405S-018-2025-06-03-E2,L405S-018,True,0.9896522511220601,noise_s1_r04:L405S-018:E3,0.67547785,50.0,0.73527395,0.05979609999998914
noise_s1_r04,noise,5,0.7,15,1.0,2713191886,L405S-018-2025-06-04-E1,L405S-018,True,0.9653821526454172,noise_s1_r04:L405S-018:E4,-0.8944412833333334,0.0,0.2754066666666667,1.1698479500000003
noise_s1_r04,noise,5,0.7,15,1.0,2713191886,L405S-018-2025-06-05-E1,L405S-018,True,0.9895635847902353,noise_s1_r04:L405S-018:E5,-0.20882723333333333,0.0,-1.1278936,-0.9190663666666676
noise_s1_r04,noise,5,0.7,15,1.0,2713191886,L405S-018-2025-06-05-E2,L405S-018,True,0.9636190053092017,noise_s1_r04:L405S-018:E6,-0.6195130333333334,0.0,0.490105,1.1096180333333383
noise_s1_r04,noise,5,0.7,15,1.0,2713191886,L405S-028-2025-06-03-E1,L405S-028,True,0.9865559307674653,noise_s1_r04:L405S-028:E1,-0.07062965,0.0,-0.7598835333333334,-0.6892538833333273
noise_s1_r04,noise,5,0.7,15,1.0,2713191886,L405S-028-2025-06-03-E2,L405S-028,True,0.9829608082109327,noise_s1_r04:L405S-028:E2,0.39652553333333335,5.0,2.134525883333333,1.7380003500000107
noise_s1_r04,noise,5,0.7,15,1.0,2713191886,L405S-028-2025-06-04-E1,L405S-028,True,0.9799738525753231,noise_s1_r04:L405S-028:E3,-0.31309193333333335,20.0,-1.7053491333333333,-1.392257200000011
noise_s1_r04,noise,5,0.7,15,1.0,2713191886,L405S-028-2025-06-04-E2,L405S-028,True,0.9859684299474204,noise_s1_r04:L405S-028:E4,0.25777501666666663,0.0,1.1085188333333333,0.8507438166666725
noise_s1_r04,noise,5,0.7,15,1.0,2713191886,L405S-028-2025-06-05-E1,L405S-028,True,0.9527802926767228,noise_s1_r04:L405S-028:E5,1.5603938166666667,0.0,-2.3428928833333336,-3.903286699999984
noise_s1_r04,noise,5,0.7,15,1.0,2713191886,L405S-030-2025-06-02-E1,L405S-030,True,0.9703856928593443,noise_s1_r04:L405S-030:E1,-0.3554973166666667,0.0,-0.95181975,-0.5963224333333339
noise_s1_r04,noise,5,0.7,15,1.0,2713191886,L405S-030-2025-06-03-E1,L405S-030,True,0.9849294998528693,noise_s1_r04:L405S-030:E2,-0.3288917333333333,0.0,0.42591645,0.7548081833333398
noise_s1_r04,noise,5,0.7,15,1.0,2713191886,L405S-030-2025-06-04-E1,L405S-030,True,0.8157257879302762,noise_s1_r04:L405S-030:E3,10.07786535,0.0,0.4305408,-9.647324549999999
noise_s1_r04,noise,5,0.7,15,1.0,2713191886,L405S-058-2025-06-03-E1,L405S-058,True,0.917092103324954,noise_s1_r04:L405S-058:E1,11.860847033333332,15.0,-2.125077383333333,-13.985924416666666
noise_s1_r04,noise,5,0.7,15,1.0,2713191886,L405S-058-2025-06-04-E1,L405S-058,True,0.9913890688289171,noise_s1_r04:L405S-058:E2,-0.9248843,10.0,0.4113114333333333,1.3361957333333407
noise_s1_r04,noise,5,0.7,15,1.0,2713191886,L405S-058-2025-06-04-E2,L405S-058,True,0.9972531432832058,noise_s1_r04:L405S-058:E3,-0.11890206666666667,0.0,0.043945950000000004,0.1628480166666635
noise_s1_r04,noise,5,0.7,15,1.0,2713191886,L405S-058-2025-06-05-E1,L405S-058,True,0.9635489606862684,noise_s1_r04:L405S-058:E4,-5.128528200000001,5.0,-0.5847545333333334,4.543773666666651
noise_s1_r04,noise,5,0.7,15,1.0,2713191886,L405S-115-2025-06-02-E1,L405S-115,True,0.9812430235743311,noise_s1_r04:L405S-115:E1,-0.3670751,5.0,1.1408882333333332,1.5079633333333309
noise_s1_r04,noise,5,0.7,15,1.0,2713191886,L405S-115-2025-06-02-E2,L405S-115,True,0.9886724433591106,noise_s1_r04:L405S-115:E2,-0.1405148,5.0,-0.47533359999999997,-0.33481879999999853
noise_s1_r04,noise,5,0.7,15,1.0,2713191886,L405S-115-2025-06-03-E1,L405S-115,True,0.9928833090727085,noise_s1_r04:L405S-115:E3,-0.6472659333333334,5.0,0.8941849000000001,1.5414508333333554
noise_s1_r04,noise,5,0.7,15,1.0,2713191886,L405S-115-2025-06-04-E1,L405S-115,True,0.9986406534467885,noise_s1_r04:L405S-115:E4,0.08163996666666667,-5.0,-0.15571893333333334,-0.23735889999999316
noise_s1_r04,noise,5,0.7,15,1.0,2713191886,L405S-115-2025-06-05-E1,L405S-115,True,0.9906347893306975,noise_s1_r04:L405S-115:E5,-0.11541681666666667,15.0,-1.3700046166666666,-1.2545877999999622
noise_s1_r05,noise,5,0.7,15,1.0,3772836808,L405S-012-2025-06-02-E1,L405S-012,True,0.9541528208707774,noise_s1_r05:L405S-012:E1,5.908544616666666,0.0,-0.44468965,-6.353234266666652
noise_s1_r05,noise,5,0.7,15,1.0,3772836808,L405S-012-2025-06-03-E1,L405S-012,True,0.9861992206860515,noise_s1_r05:L405S-012:E2,0.9901014833333334,0.0,1.7566005333333334,0.7664990500000002
noise_s1_r05,noise,5,0.7,15,1.0,3772836808,L405S-012-2025-06-03-E2,L405S-012,True,0.9620389315046274,noise_s1_r05:L405S-012:E3,0.5839274666666667,0.0,0.40616339999999995,-0.17776406666667022
noise_s1_r05,noise,5,0.7,15,1.0,3772836808,L405S-012-2025-06-04-E1,L405S-012,True,0.9748029185481883,noise_s1_r05:L405S-012:E4,-3.678348333333333,10.0,-0.15030936666666667,3.528038966666678
noise_s1_r05,noise,5,0.7,15,1.0,3772836808,L405S-012-2025-06-05-E1,L405S-012,True,0.9942014518324885,noise_s1_r05:L405S-012:E5,-0.6040782166666666,-5.0,0.36143896666666664,0.9655171833333398
noise_s1_r05,noise,5,0.7,15,1.0,3772836808,L405S-018-2025-06-02-E1,L405S-018,True,0.9565460092123029,noise_s1_r05:L405S-018:E1,0.33057675,-5.0,0.62983305,0.2992563000000037
noise_s1_r05,noise,5,0.7,15,1.0,3772836808,L405S-018-2025-06-03-E1,L405S-018,True,0.9458212216285196,noise_s1_r05:L405S-018:E2,0.76457955,0.0,-4.050047183333333,-4.81462673333334
noise_s1_r05,noise,5,0.7,15,1.0,3772836808,L405S-018-2025-06-03-E2,L405S-018,True,0.9947785618111856,noise_s1_r05:L405S-018:E3,-0.470325,0.0,-0.24015204999999998,0.23017294999998938
noise_s1_r05,noise,5,0.7,15,1.0,3772836808,L405S-018-2025-06-04-E1,L405S-018,True,0.9948736266175442,noise_s1_r05:L405S-018:E4,0.10940021666666667,0.0,-0.05783928333333333,-0.16723950000000043
noise_s1_r05,noise,5,0.7,15,1.0,3772836808,L405S-018-2025-06-05-E1,L405S-018,True,0.9918587670312716,noise_s1_r05:L405S-018:E5,0.6633258666666666,0.0,0.38082283333333333,-0.28250303333334337
noise_s1_r05,noise,5,0.7,15,1.0,3772836808,L405S-018-2025-06-05-E2,L405S-018,True,0.9644870895935939,noise_s1_r05:L405S-018:E6,-0.68631655,5.0,-0.3817923,0.3045242500000045
noise_s1_r05,noise,5,0.7,15,1.0,3772836808,L405S-028-2025-06-03-E1,L405S-028,True,0.9818585041307942,noise_s1_r05:L405S-028:E1,0.5569861666666667,-10.0,0.5728231166666667,0.015836950000016614
noise_s1_r05,noise,5,0.7,15,1.0,3772836808,L405S-028-2025-06-03-E2,L405S-028,True,0.9944271124946391,noise_s1_r05:L405S-028:E2,0.6009829166666666,0.0,0.21613915,-0.38484376666665376
noise_s1_r05,noise,5,0.7,15,1.0,3772836808,L405S-028-2025-06-04-E1,L405S-028,True,0.974375140963185,noise_s1_r05:L405S-028:E3,0.3108850833333333,0.0,2.323364666666667,2.012479583333331
noise_s1_r05,noise,5,0.7,15,1.0,3772836808,L405S-028-2025-06-04-E2,L405S-028,True,0.9948158563231368,noise_s1_r05:L405S-028:E4,0.32681785,5.0,0.17312775,-0.15369009999998795
noise_s1_r05,noise,5,0.7,15,1.0,3772836808,L405S-028-2025-06-05-E1,L405S-028,True,0.979730605541669,noise_s1_r05:L405S-028:E5,-0.72530965,-25.0,0.9848681333333332,1.7101777833333331
noise_s1_r05,noise,5,0.7,15,1.0,3772836808,L405S-030-2025-06-02-E1,L405S-030,True,0.9823116313086656,noise_s1_r05:L405S-030:E1,-0.7356608333333334,0.0,0.052847566666666665,0.7885083999999987
noise_s1_r05,noise,5,0.7,15,1.0,3772836808,L405S-030-2025-06-03-E1,L405S-030,True,0.9694254998751907,noise_s1_r05:L405S-030:E2,-0.13059063333333334,0.0,1.4252281333333334,1.5558187666666679
noise_s1_r05,noise,5,0.7,15,1.0,3772836808,L405S-030-2025-06-04-E1,L405S-030,True,0.9499620099375998,noise_s1_r05:L405S-030:E3,2.58053625,-5.0,0.26462393333333334,-2.3159123166666706
noise_s1_r05,noise,5,0.7,15,1.0,3772836808,L405S-058-2025-06-03-E1,L405S-058,True,0.8629389414259185,noise_s1_r05:L405S-058:E1,19.6809817,10.0,-3.4401645666666667,-23.121146266666692
noise_s1_r05,noise,5,0.7,15,1.0,3772836808,L405S-058-2025-06-04-E1,L405S-058,True,0.9929311437532717,noise_s1_r05:L405S-058:E2,-0.5042491833333334,10.0,-0.5867751499999999,-0.08252596666670442
noise_s1_r05,noise,5,0.7,15,1.0,3772836808,L405S-058-2025-06-04-E2,L405S-058,True,0.9964178765240248,noise_s1_r05:L405S-058:E3,0.11183528333333334,0.0,0.10030768333333334,-0.01152760000000752
noise_s1_r05,noise,5,0.7,15,1.0,3772836808,L405S-058-2025-06-05-E1,L405S-058,True,0.9866948953755574,noise_s1_r05:L405S-058:E4,1.8387852500000001,30.0,0.18080749999999998,-1.6579777500000148
noise_s1_r05,noise,5,0.7,15,1.0,3772836808,L405S-115-2025-06-02-E1,L405S-115,True,0.9914861566989883,noise_s1_r05:L405S-115:E1,0.4462954333333334,5.0,-0.22533471666666666,-0.6716301500000066
noise_s1_r05,noise,5,0.7,15,1.0,3772836808,L405S-115-2025-06-02-E2,L405S-115,True,0.981924142934836,noise_s1_r05:L405S-115:E2,-0.026527416666666668,0.0,0.9717118,0.9982392166666787
noise_s1_r05,noise,5,0.7,15,1.0,3772836808,L405S-115-2025-06-03-E1,L405S-115,True,0.9971054695108139,noise_s1_r05:L405S-115:E3,-0.038528516666666665,0.0,-0.5840666,-0.5455380833333301
noise_s1_r05,noise,5,0.7,15,1.0,3772836808,L405S-115-2025-06-04-E1,L405S-115,True,0.9987916924269377,noise_s1_r05:L405S-115:E4,-0.18594546666666664,-5.0,0.025295383333333334,0.21124085000002069
noise_s1_r05,noise,5,0.7,15,1.0,3772836808,L405S-115-2025-06-05-E1,L405S-115,True,0.9954072166551478,noise_s1_r05:L405S-115:E5,-0.24176925,5.0,0.48952333333333337,0.7312925833333406
noise_s1_r06,noise,5,0.7,15,1.0,597409059,L405S-012-2025-06-02-E1,L405S-012,True,0.9824157872944214,noise_s1_r06:L405S-012:E1,-2.4692694833333335,0.0,0.011062683333333333,2.4803321666666722
noise_s1_r06,noise,5,0.7,15,1.0,597409059,L405S-012-2025-06-03-E1,L405S-012,True,0.9935778570572479,noise_s1_r06:L405S-012:E2,0.7403734,0.0,-0.52651335,-1.2668867500000225
noise_s1_r06,noise,5,0.7,15,1.0,597409059,L405S-012-2025-06-03-E2,L405S-012,True,0.9647709869120742,noise_s1_r06:L405S-012:E3,0.74013985,0.0,0.17038811666666664,-0.5697517333333391
noise_s1_r06,noise,5,0.7,15,1.0,597409059,L405S-012-2025-06-04-E1,L405S-012,True,0.9997274909421361,noise_s1_r06:L405S-012:E4,-0.014256933333333333,0.0,-0.0261519,-0.011894966666634588
noise_s1_r06,noise,5,0.7,15,1.0,597409059,L405S-012-2025-06-05-E1,L405S-012,True,0.9958037230625725,noise_s1_r06:L405S-012:E5,-0.41103429999999996,0.0,0.28656418333333333,0.6975984833333282
noise_s1_r06,noise,5,0.7,15,1.0,597409059,L405S-018-2025-06-02-E1,L405S-018,True,0.9650977254978595,noise_s1_r06:L405S-018:E1,0.6495985999999999,-5.0,0.10343055,-0.5461680499999988
noise_s1_r06,noise,5,0.7,15,1.0,597409059,L405S-018-2025-06-03-E1,L405S-018,True,0.993865335940667,noise_s1_r06:L405S-018:E2,0.23958151666666666,0.0,0.30746495,0.06788343333334002
noise_s1_r06,noise,5,0.7,15,1.0,597409059,L405S-018-2025-06-03-E2,L405S-018,True,0.9916110824640252,noise_s1_r06:L405S-018:E3,-0.7259664833333334,0.0,-0.4176515833333333,0.30831490000001516
noise_s1_r06,noise,5,0.7,15,1.0,597409059,L405S-018-2025-06-04-E1,L405S-018,True,0.9618289423847073,noise_s1_r06:L405S-018:E4,0.6757956666666666,0.0,0.5920723333333334,-0.08372333333333426
noise_s1_r06,noise,5,0.7,15,1.0,597409059,L405S-018-2025-06-05-E1,L405S-018,True,0.967915674020975,noise_s1_r06:L405S-018:E5,0.6192310666666666,0.0,-3.4835054833333334,-4.102736549999992
noise_s1_r06,noise,5,0.7,15,1.0,597409059,L405S-018-2025-06-05-E2,L405S-018,True,0.990105587020241,noise_s1_r06:L405S-018:E6,0.07808075,0.0,-0.2127192,-0.2907999499999958
noise_s1_r06,noise,5,0.7,15,1.0,597409059,L405S-028-2025-06-03-E1,L405S-028,True,0.9970641745828988,noise_s1_r06:L405S-028:E1,-0.15126008333333332,0.0,-0.030338516666666666,0.12092156666667186
noise_s1_r06,noise,5,0.7,15,1.0,597409059,L405S-028-2025-06-03-E2,L405S-028,True,0.9774785898078057,noise_s1_r06:L405S-028:E2,0.7547329333333334,0.0,-2.5425907166666666,-3.2973236499999903
noise_s1_r06,noise,5,0.7,15,1.0,597409059,L405S-028-2025-06-04-E1,L405S-028,True,0.9848233544468287,noise_s1_r06:L405S-028:E3,-0.8398376333333334,0.0,-0.697815,0.14202263333333853
noise_s1_r06,noise,5,0.7,15,1.0,597409059,L405S-028-2025-06-04-E2,L405S-028,True,0.9802091559717396,noise_s1_r06:L405S-028:E4,0.73817575,0.0,-1.16697645,-1.9051521999999865
noise_s1_r06,noise,5,0.7,15,1.0,597409059,L405S-028-2025-06-05-E1,L405S-028,True,0.977892852844535,noise_s1_r06:L405S-028:E5,1.2316281833333333,0.0,-0.5957980833333333,-1.827426266666663
noise_s1_r06,noise,5,0.7,15,1.0,597409059,L405S-030-2025-06-02-E1,L405S-030,True,0.9705143532104846,noise_s1_r06:L405S-030:E1,0.26396975,0.0,1.0583929666666667,0.7944232166666643
noise_s1_r06,noise,5,0.7,15,1.0,597409059,L405S-030-2025-06-03-E1,L405S-030,True,0.9814886609385297,noise_s1_r06:L405S-030:E2,-0.3493325666666667,0.0,0.58106085,0.9303934166666683
noise_s1_r06,noise,5,0.7,15,1.0,597409059,L405S-030-2025-06-04-E1,L405S-030,True,0.9097334367513594,noise_s1_r06:L405S-030:E3,5.098101766666667,-5.0,-0.01056845,-5.108670216666669
noise_s1_r06,noise,5,0.7,15,1.0,597409059,L405S-058-2025-06-03-E1,L405S-058,True,0.9534197076503886,noise_s1_r06:L405S-058:E1,-3.5617670166666664,-40.0,4.67986775,8.241634766666674
noise_s1_r06,noise,5,0.7,15,1.0,597409059,L405S-058-2025-06-04-E1,L405S-058,True,0.9966890905368242,noise_s1_r06:L405S-058:E2,-0.13633198333333332,0.0,-0.3734636333333333,-0.23713165000002867
noise_s1_r06,noise,5,0.7,15,1.0,597409059,L405S-058-2025-06-04-E2,L405S-058,True,0.9851381331726743,noise_s1_r06:L405S-058:E3,0.8021460499999999,0.0,-0.07652283333333335,-0.8786688833333378
noise_s1_r06,noise,5,0.7,15,1.0,597409059,L405S-058-2025-06-05-E1,L405S-058,True,0.9907364528293833,noise_s1_r06:L405S-058:E4,1.3842338666666667,5.0,0.020401633333333332,-1.3638322333333708
noise_s1_r06,noise,5,0.7,15,1.0,597409059,L405S-115-2025-06-02-E1,L405S-115,True,0.9949740815299412,noise_s1_r06:L405S-115:E1,0.1670134,5.0,0.23062449999999998,0.06361110000000281
noise_s1_r06,noise,5,0.7,15,1.0,597409059,L405S-115-2025-06-02-E2,L405S-115,True,0.9976665802543767,noise_s1_r06:L405S-115:E2,0.05511591666666667,-20.0,0.07158491666666666,0.016469000000001177
noise_s1_r06,noise,5,0.7,15,1.0,597409059,L405S-115-2025-06-03-E1,L405S-115,True,0.9987371064696406,noise_s1_r06:L405S-115:E3,0.16047430000000001,0.0,-0.11111741666666666,-0.2715917166666415
noise_s1_r06,noise,5,0.7,15,1.0,597409059,L405S-115-2025-06-04-E1,L405S-115,True,0.9954374311211254,noise_s1_r06:L405S-115:E4,-0.32968768333333337,0.0,0.47064545,0.8003331333333374
noise_s1_r06,noise,5,0.7,15,1.0,597409059,L405S-115-2025-06-05-E1,L405S-115,True,0.9945035334104556,noise_s1_r06:L405S-115:E5,-0.2978116,0.0,0.5781665166666666,0.875978116666678
noise_s1_r07,noise,5,0.7,15,1.0,1910950614,L405S-012-2025-06-02-E1,L405S-012,True,0.9779643069516931,noise_s1_r07:L405S-012:E1,2.8960188833333333,0.0,0.1611088833333333,-2.7349099999999993
noise_s1_r07,noise,5,0.7,15,1.0,1910950614,L405S-012-2025-06-03-E1,L405S-012,True,0.9933929279228547,noise_s1_r07:L405S-012:E2,1.0974815166666665,-5.0,-0.20588593333333333,-1.303367450000037
noise_s1_r07,noise,5,0.7,15,1.0,1910950614,L405S-012-2025-06-03-E2,L405S-012,True,0.9774926977795108,noise_s1_r07:L405S-012:E3,0.06785916666666666,0.0,-0.5100288833333333,-0.5778880500000028
noise_s1_r07,noise,5,0.7,15,1.0,1910950614,L405S-012-2025-06-04-E1,L405S-012,True,0.9721585904419876,noise_s1_r07:L405S-012:E4,-3.1114843166666666,0.0,1.1347867333333332,4.246271050000017
noise_s1_r07,noise,5,0.7,15,1.0,1910950614,L405S-012-2025-06-05-E1,L405S-012,True,0.9775372064861791,noise_s1_r07:L405S-012:E5,-1.5163595,-5.0,-2.2362973,-0.7199377999999967
noise_s1_r07,noise,5,0.7,15,1.0,1910950614,L405S-018-2025-06-02-E1,L405S-018,True,0.94031626011119,noise_s1_r07:L405S-018:E1,-0.9205526666666667,-5.0,-0.41591443333333333,0.5046382333333344
noise_s1_r07,noise,5,0.7,15,1.0,1910950614,L405S-018-2025-06-03-E1,L405S-018,True,0.9338689374104304,noise_s1_r07:L405S-018:E2,-2.8597285,40.0,-3.2061613833333333,-0.34643288333332745
noise_s1_r07,noise,5,0.7,15,1.0,1910950614,L405S-018-2025-06-03-E2,L405S-018,True,0.9945470088157117,noise_s1_r07:L405S-018:E3,-0.5112377,0.0,-0.23096968333333334,0.28026801666666934
noise_s1_r07,noise,5,0.7,15,1.0,1910950614,L405S-018-2025-06-04-E1,L405S-018,True,0.9256675749530566,noise_s1_r07:L405S-018:E4,1.8145440333333334,0.0,0.6594474,-1.1550966333333346
noise_s1_r07,noise,5,0.7,15,1.0,1910950614,L405S-018-2025-06-05-E1,L405S-018,True,0.9993204958879751,noise_s1_r07:L405S-018:E5,-0.04042703333333333,0.0,0.04652265,0.08694968333333719
noise_s1_r07,noise,5,0.7,15,1.0,1910950614,L405S-018-2025-06-05-E2,L405S-018,True,0.9201335459022976,noise_s1_r07:L405S-018:E6,-1.624283,0.0,0.9267603166666666,2.551043316666669
noise_s1_r07,noise,5,0.7,15,1.0,1910950614,L405S-028-2025-06-03-E1,L405S-028,True,0.9980331728828117,noise_s1_r07:L405S-028:E1,0.10407358333333333,35.0,0.017323166666666667,-0.08675041666666328
noise_s1_r07,noise,5,0.7,15,1.0,1910950614,L405S-028-2025-06-03-E2,L405S-028,True,0.9710490977562519,noise_s1_r07:L405S-028:E2,1.2200377833333333,15.0,3.1086147166666667,1.8885769333333524
noise_s1_r07,noise,5,0.7,15,1.0,1910950614,L405S-028-2025-06-04-E1,L405S-028,True,0.9876130764709345,noise_s1_r07:L405S-028:E3,-0.6400717166666666,20.0,0.6201417333333333,1.2602134499999895
noise_s1_r07,noise,5,0.7,15,1.0,1910950614,L405S-028-2025-06-04-E2,L405S-028,True,0.9933783335259848,noise_s1_r07:L405S-028:E4,0.5411212333333334,0.0,0.09695098333333334,-0.44417024999999555
noise_s1_r07,noise,5,0.7,15,1.0,1910950614,L405S-028-2025-06-05-E1,L405S-028,True,0.9824692033977996,noise_s1_r07:L405S-028:E5,-1.3266456833333333,0.0,0.14834699999999998,1.4749926833333316
noise_s1_r07,noise,5,0.7,15,1.0,1910950614,L405S-030-2025-06-02-E1,L405S-030,True,0.9968340939139646,noise_s1_r07:L405S-030:E1,-0.08193363333333334,-15.0,-0.05695851666666667,0.02497511666666341
noise_s1_r07,noise,5,0.7,15,1.0,1910950614,L405S-030-2025-06-03-E1,L405S-030,True,0.9677850974819114,noise_s1_r07:L405S-030:E2,-0.8657453666666667,0.0,0.7763257833333334,1.6420711499999974
noise_s1_r07,noise,5,0.7,15,1.0,1910950614,L405S-030-2025-06-04-E1,L405S-030,True,0.6421904935518693,noise_s1_r07:L405S-030:E3,20.2172527,0.0,-0.03311136666666667,-20.250364066666677
noise_s1_r07,noise,5,0.7,15,1.0,1910950614,L405S-058-2025-06-03-E1,L405S-058,True,0.9547880027371479,noise_s1_r07:L405S-058:E1,-3.2556608000000002,15.0,4.732412083333333,7.988072883333341
noise_s1_r07,noise,5,0.7,15,1.0,1910950614,L405S-058-2025-06-04-E1,L405S-058,True,0.9841499026830874,noise_s1_r07:L405S-058:E2,2.2565735,15.0,0.18470394999999998,-2.0718695500000095
noise_s1_r07,noise,5,0.7,15,1.0,1910950614,L405S-058-2025-06-04-E2,L405S-058,True,0.9929990377175781,noise_s1_r07:L405S-058:E3,-0.3087779166666667,-10.0,0.10805383333333334,0.41683174999999517
noise_s1_r07,noise,5,0.7,15,1.0,1910950614,L405S-058-2025-06-05-E1,L405S-058,True,0.9597739776977429,noise_s1_r07:L405S-058:E4,6.017628183333333,0.0,0.08443611666666667,-5.933192066666697
noise_s1_r07,noise,5,0.7,15,1.0,1910950614,L405S-115-2025-06-02-E1,L405S-115,True,0.9825926768674256,noise_s1_r07:L405S-115:E1,0.08019163333333333,-5.0,1.3159237,1.2357320666666505
noise_s1_r07,noise,5,0.7,15,1.0,1910950614,L405S-115-2025-06-02-E2,L405S-115,True,0.9928135431890334,noise_s1_r07:L405S-115:E2,-0.17336518333333334,5.0,0.21915391666666667,0.3925191000000017
noise_s1_r07,noise,5,0.7,15,1.0,1910950614,L405S-115-2025-06-03-E1,L405S-115,True,0.9963566894285615,noise_s1_r07:L405S-115:E3,0.38168019999999997,10.0,-0.4018323833333334,-0.783512583333339
noise_s1_r07,noise,5,0.7,15,1.0,1910950614,L405S-115-2025-06-04-E1,L405S-115,True,0.9966494925684909,noise_s1_r07:L405S-115:E4,0.3040067166666667,0.0,0.28197853333333334,-0.022028183333304696
noise_s1_r07,noise,5,0.7,15,1.0,1910950614,L405S-115-2025-06-05-E1,L405S-115,True,0.9924316655872549,noise_s1_r07:L405S-115:E5,-0.14405011666666667,30.0,1.0646420166666666,1.2086921333333667
noise_s1_r08,noise,5,0.7,15,1.0,2700868119,L405S-012-2025-06-02-E1,L405S-012,True,0.9686298642240031,noise_s1_r08:L405S-012:E1,2.2363988666666668,0.0,-2.1106913,-4.347090166666661
noise_s1_r08,noise,5,0.7,15,1.0,2700868119,L405S-012-2025-06-03-E1,L405S-012,True,0.993245708045449,noise_s1_r08:L405S-012:E2,1.0185009999999999,-5.0,-0.3139083,-1.3324093000000126
noise_s1_r08,noise,5,0.7,15,1.0,2700868119,L405S-012-2025-06-03-E2,L405S-012,True,0.9702956732822323,noise_s1_r08:L405S-012:E3,-0.19768465,0.0,0.5883395,0.7860241499999998
noise_s1_r08,noise,5,0.7,15,1.0,2700868119,L405S-012-2025-06-04-E1,L405S-012,True,0.9687124206384109,noise_s1_r08:L405S-012:E4,-4.033845333333334,0.0,0.7549988666666666,4.7888442000000175
noise_s1_r08,noise,5,0.7,15,1.0,2700868119,L405S-012-2025-06-05-E1,L405S-012,True,0.9855199276071518,noise_s1_r08:L405S-012:E5,-2.1245718333333334,0.0,-0.30329053333333333,1.8212812999999795
noise_s1_r08,noise,5,0.7,15,1.0,2700868119,L405S-018-2025-06-02-E1,L405S-018,True,0.966323050978286,noise_s1_r08:L405S-018:E1,0.7032587166666667,0.0,0.020542166666666663,-0.6827165499999999
noise_s1_r08,noise,5,0.7,15,1.0,2700868119,L405S-018-2025-06-03-E1,L405S-018,True,0.9640909240323611,noise_s1_r08:L405S-018:E2,0.4324995333333333,0.0,-2.7585801166666664,-3.191079649999997
noise_s1_r08,noise,5,0.7,15,1.0,2700868119,L405S-018-2025-06-03-E2,L405S-018,True,0.9923921126270924,noise_s1_r08:L405S-018:E3,0.55795115,0.0,0.47730126666666667,-0.08064988333332579
noise_s1_r08,noise,5,0.7,15,1.0,2700868119,L405S-018-2025-06-04-E1,L405S-018,True,0.9412655486550824,noise_s1_r08:L405S-018:E4,-1.7896844833333332,0.0,0.2459949,2.035679383333333
noise_s1_r08,noise,5,0.7,15,1.0,2700868119,L405S-018-2025-06-05-E1,L405S-018,True,0.9603593053474234,noise_s1_r08:L405S-018:E5,-0.6274466833333334,-50.0,-4.46642195,-3.8389752666666688
noise_s1_r08,noise,5,0.7,15,1.0,2700868119,L405S-018-2025-06-05-E2,L405S-018,True,0.9531236822811012,noise_s1_r08:L405S-018:E6,-0.9309797666666667,0.0,-0.49037105000000003,0.44060871666667056
noise_s1_r08,noise,5,0.7,15,1.0,2700868119,L405S-028-2025-06-03-E1,L405S-028,True,0.993635935587212,noise_s1_r08:L405S-028:E1,-0.15279238333333334,35.0,-0.24087333333333336,-0.08808094999998684
noise_s1_r08,noise,5,0.7,15,1.0,2700868119,L405S-028-2025-06-03-E2,L405S-028,True,0.9788479479219411,noise_s1_r08:L405S-028:E2,0.6048328333333333,0.0,2.5458553499999996,1.9410225166666972
noise_s1_r08,noise,5,0.7,15,1.0,2700868119,L405S-028-2025-06-04-E1,L405S-028,True,0.9897004406573272,noise_s1_r08:L405S-028:E3,-0.7039434999999999,15.0,-0.33817759999999997,0.3657659000000013
noise_s1_r08,noise,5,0.7,15,1.0,2700868119,L405S-028-2025-06-04-E2,L405S-028,True,0.9916897379434018,noise_s1_r08:L405S-028:E4,0.48835655,0.0,-0.3116252,-0.7999817499999873
noise_s1_r08,noise,5,0.7,15,1.0,2700868119,L405S-028-2025-06-05-E1,L405S-028,True,0.983718500755889,noise_s1_r08:L405S-028:E5,-0.9838095833333333,0.0,0.38433096666666666,1.3681405500000077
noise_s1_r08,noise,5,0.7,15,1.0,2700868119,L405S-030-2025-06-02-E1,L405S-030,True,0.934622661684347,noise_s1_r08:L405S-030:E1,0.33862631666666665,0.0,-2.5242004166666665,-2.862826733333337
noise_s1_r08,noise,5,0.7,15,1.0,2700868119,L405S-030-2025-06-03-E1,L405S-030,True,0.9796424111991957,noise_s1_r08:L405S-030:E2,0.4891995,0.0,0.5257502166666667,0.03655071666667231
noise_s1_r08,noise,5,0.7,15,1.0,2700868119,L405S-030-2025-06-04-E1,L405S-030,True,0.6800360205272193,noise_s1_r08:L405S-030:E3,17.752613049999997,-5.0,-0.3558691333333333,-18.10848218333334
noise_s1_r08,noise,5,0.7,15,1.0,2700868119,L405S-058-2025-06-03-E1,L405S-058,True,0.9747888247477473,noise_s1_r08:L405S-058:E1,-3.0874740833333334,15.0,-1.2432961,1.844177983333335
noise_s1_r08,noise,5,0.7,15,1.0,2700868119,L405S-058-2025-06-04-E1,L405S-058,True,0.9503078359179001,noise_s1_r08:L405S-058:E3,6.096563766666667,0.0,-1.5479875333333333,-7.644551300000035
noise_s1_r08,noise,5,0.7,15,1.0,2700868119,L405S-058-2025-06-04-E2,L405S-058,True,0.995490485875877,noise_s1_r08:L405S-058:E4,-0.03152693333333333,0.0,0.236294,0.26782093333332924
noise_s1_r08,noise,5,0.7,15,1.0,2700868119,L405S-058-2025-06-05-E1,L405S-058,True,0.9726559029449984,noise_s1_r08:L405S-058:E5,3.922913616666667,5.0,0.22898673333333336,-3.693926883333365
noise_s1_r08,noise,5,0.7,15,1.0,2700868119,L405S-115-2025-06-02-E1,L405S-115,True,0.9876362959962106,noise_s1_r08:L405S-115:E1,-0.14646833333333334,0.0,0.8410748333333333,0.9875431666666623
noise_s1_r08,noise,5,0.7,15,1.0,2700868119,L405S-115-2025-06-02-E2,L405S-115,True,0.9929976949953068,noise_s1_r08:L405S-115:E2,-0.16585056666666667,0.0,0.21653936666666668,0.38238993333334026
noise_s1_r08,noise,5,0.7,15,1.0,2700868119,L405S-115-2025-06-03-E1,L405S-115,True,0.9978723215774858,noise_s1_r08:L405S-115:E3,0.07844823333333334,10.0,-0.3791199,-0.45756813333332147
noise_s1_r08,noise,5,0.7,15,1.0,2700868119,L405S-115-2025-06-04-E1,L405S-115,True,0.9954331155258824,noise_s1_r08:L405S-115:E4,0.1844952,0.0,0.6157519833333333,0.4312567833333425
noise_s1_r08,noise,5,0.7,15,1.0,2700868119,L405S-115-2025-06-05-E1,L405S-115,True,0.9970784732550284,noise_s1_r08:L405S-115:E5,0.2741019,10.0,0.18949956666666665,-0.08460233333333456
noise_s1_r09,noise,5,0.7,15,1.0,1598690523,L405S-012-2025-06-02-E1,L405S-012,True,0.8845118860885983,noise_s1_r09:L405S-012:E1,15.829180083333334,0.0,0.19727051666666667,-15.631909566666682
noise_s1_r09,noise,5,0.7,15,1.0,1598690523,L405S-012-2025-06-03-E1,L405S-012,True,0.9926015731382426,noise_s1_r09:L405S-012:E2,-0.5602468166666666,0.0,0.91010835,1.4703551666666481
noise_s1_r09,noise,5,0.7,15,1.0,1598690523,L405S-012-2025-06-03-E2,L405S-012,True,0.9586168232393458,noise_s1_r09:L405S-012:E3,-0.7586254333333333,0.0,-0.33530598333333334,0.42331944999999593
noise_s1_r09,noise,5,0.7,15,1.0,1598690523,L405S-012-2025-06-04-E1,L405S-012,True,0.9795180703653679,noise_s1_r09:L405S-012:E4,-1.1099690833333333,0.0,1.9903902333333332,3.1003593166666654
noise_s1_r09,noise,5,0.7,15,1.0,1598690523,L405S-012-2025-06-05-E1,L405S-012,True,0.9920225532333181,noise_s1_r09:L405S-012:E5,-0.6986258500000001,-5.0,0.63261765,1.33124350000001
noise_s1_r09,noise,5,0.7,15,1.0,1598690523,L405S-018-2025-06-02-E1,L405S-018,True,0.9630240783282394,noise_s1_r09:L405S-018:E1,0.43179503333333336,-5.0,0.37605431666666667,-0.05574071666666347
noise_s1_r09,noise,5,0.7,15,1.0,1598690523,L405S-018-2025-06-03-E1,L405S-018,True,0.9741609553333771,noise_s1_r09:L405S-018:E2,1.2347553333333332,0.0,1.0895997,-0.1451556333333448
noise_s1_r09,noise,5,0.7,15,1.0,1598690523,L405S-018-2025-06-03-E2,L405S-018,True,0.9987009201645011,noise_s1_r09:L405S-018:E3,0.1049887,0.0,0.07125766666666666,-0.03373103333333738
noise_s1_r09,noise,5,0.7,15,1.0,1598690523,L405S-018-2025-06-04-E1,L405S-018,True,0.9625875337706691,noise_s1_r09:L405S-018:E4,-0.97310675,0.0,-0.28381975,0.6892869999999962
noise_s1_r09,noise,5,0.7,15,1.0,1598690523,L405S-018-2025-06-05-E1,L405S-018,True,0.9926160555983117,noise_s1_r09:L405S-018:E5,0.18457425,0.0,0.76528775,0.5807135000000052
noise_s1_r09,noise,5,0.7,15,1.0,1598690523,L405S-018-2025-06-05-E2,L405S-018,True,0.9715382110083185,noise_s1_r09:L405S-018:E6,0.7862140833333334,0.0,0.05176015,-0.7344539333333278
noise_s1_r09,noise,5,0.7,15,1.0,1598690523,L405S-028-2025-06-03-E1,L405S-028,True,0.9834859746169936,noise_s1_r09:L405S-028:E1,0.38741651666666665,0.0,0.6421831833333334,0.25476666666667036
noise_s1_r09,noise,5,0.7,15,1.0,1598690523,L405S-028-2025-06-03-E2,L405S-028,True,0.9931992903068431,noise_s1_r09:L405S-028:E2,-0.40728365,0.0,0.5952150833333333,1.0024987333333346
noise_s1_r09,noise,5,0.7,15,1.0,1598690523,L405S-028-2025-06-04-E1,L405S-028,True,0.9846647736660081,noise_s1_r09:L405S-028:E3,1.3316413833333334,20.0,-0.20919908333333334,-1.5408404666666664
noise_s1_r09,noise,5,0.7,15,1.0,1598690523,L405S-028-2025-06-04-E2,L405S-028,True,0.9874287446597381,noise_s1_r09:L405S-028:E4,1.03793165,0.0,-0.17223173333333333,-1.2101633833333159
noise_s1_r09,noise,5,0.7,15,1.0,1598690523,L405S-028-2025-06-05-E1,L405S-028,True,0.9710153472552756,noise_s1_r09:L405S-028:E5,0.27830703333333334,0.0,2.180840133333333,1.9025331000000012
noise_s1_r09,noise,5,0.7,15,1.0,1598690523,L405S-030-2025-06-02-E1,L405S-030,True,0.9845759788953411,noise_s1_r09:L405S-030:E1,0.5987515166666667,0.0,-0.07665530000000001,-0.675406816666666
noise_s1_r09,noise,5,0.7,15,1.0,1598690523,L405S-030-2025-06-03-E1,L405S-030,True,0.9523974576531232,noise_s1_r09:L405S-030:E2,-0.6493762166666667,0.0,1.8162429666666666,2.4656191833333407
noise_s1_r09,noise,5,0.7,15,1.0,1598690523,L405S-030-2025-06-04-E1,L405S-030,True,0.9597466210072031,noise_s1_r09:L405S-030:E3,-1.2085287333333334,0.0,1.1651760833333333,2.373704816666662
noise_s1_r09,noise,5,0.7,15,1.0,1598690523,L405S-058-2025-06-03-E1,L405S-058,True,0.9816282862488367,noise_s1_r09:L405S-058:E1,2.07753805,0.0,1.0407490833333333,-1.0367889666666574
noise_s1_r09,noise,5,0.7,15,1.0,1598690523,L405S-058-2025-06-04-E1,L405S-058,True,0.9971635240700683,noise_s1_r09:L405S-058:E2,0.3848623666666667,0.0,-0.05149588333333333,-0.4363582500000174
noise_s1_r09,noise,5,0.7,15,1.0,1598690523,L405S-058-2025-06-04-E2,L405S-058,True,0.9896056894121407,noise_s1_r09:L405S-058:E3,-0.59212,0.0,0.028871116666666665,0.6209911166666626
noise_s1_r09,noise,5,0.7,15,1.0,1598690523,L405S-058-2025-06-05-E1,L405S-058,True,0.9906175840472545,noise_s1_r09:L405S-058:E4,-1.0728022166666666,-35.0,0.3631385833333333,1.4359407999999796
noise_s1_r09,noise,5,0.7,15,1.0,1598690523,L405S-115-2025-06-02-E1,L405S-115,True,0.9737829875024825,noise_s1_r09:L405S-115:E1,-1.4033037833333333,5.0,-0.7016637833333333,0.7016399999999923
noise_s1_r09,noise,5,0.7,15,1.0,1598690523,L405S-115-2025-06-02-E2,L405S-115,True,0.964299484080989,noise_s1_r09:L405S-115:E2,-0.029025066666666665,0.0,-1.9079344999999999,-1.8789094333333334
noise_s1_r09,noise,5,0.7,15,1.0,1598690523,L405S-115-2025-06-03-E1,L405S-115,True,0.9993382387194537,noise_s1_r09:L405S-115:E3,0.07747991666666666,-20.0,-0.06483523333333334,-0.14231515000001416
noise_s1_r09,noise,5,0.7,15,1.0,1598690523,L405S-115-2025-06-04-E1,L405S-115,True,0.9959700764068982,noise_s1_r09:L405S-115:E4,0.33520938333333333,-5.0,-0.36846565000000003,-0.703675033333333
noise_s1_r09,noise,5,0.7,15,1.0,1598690523,L405S-115-2025-06-05-E1,L405S-115,True,0.9944064748545974,noise_s1_r09:L405S-115:E5,-0.3223054166666667,-5.0,-0.56604405,-0.2437386333333169
noise_s1_r10,noise,5,0.7,15,1.0,4114437053,L405S-012-2025-06-02-E1,L405S-012,True,0.8504131541536553,noise_s1_r10:L405S-012:E1,20.445766199999998,0.0,-0.28310508333333334,-20.72887128333333
noise_s1_r10,noise,5,0.7,15,1.0,4114437053,L405S-012-2025-06-03-E1,L405S-012,True,0.9911174589879473,noise_s1_r10:L405S-012:E2,-1.3544487666666667,10.0,0.413501,1.7679497666666588
noise_s1_r10,noise,5,0.7,15,1.0,4114437053,L405S-012-2025-06-03-E2,L405S-012,True,0.9735958477781834,noise_s1_r10:L405S-012:E3,-0.5711581,0.0,0.12516978333333334,0.6963278833333308
noise_s1_r10,noise,5,0.7,15,1.0,4114437053,L405S-012-2025-06-04-E1,L405S-012,True,0.9853659275020134,noise_s1_r10:L405S-012:E4,0.6203219333333333,10.0,-1.5494736166666667,-2.1697955500000177
noise_s1_r10,noise,5,0.7,15,1.0,4114437053,L405S-012-2025-06-05-E1,L405S-012,True,0.9820267345544856,noise_s1_r10:L405S-012:E5,2.5123405666666665,0.0,0.47151185,-2.0408287166666383
noise_s1_r10,noise,5,0.7,15,1.0,4114437053,L405S-018-2025-06-02-E1,L405S-018,True,0.9906281192056399,noise_s1_r10:L405S-018:E1,0.1705701,0.0,-0.030662266666666667,-0.201232366666666
noise_s1_r10,noise,5,0.7,15,1.0,4114437053,L405S-018-2025-06-03-E1,L405S-018,True,0.9666396414634615,noise_s1_r10:L405S-018:E2,0.07466916666666666,40.0,-2.8899173166666667,-2.9645864833333313
noise_s1_r10,noise,5,0.7,15,1.0,4114437053,L405S-018-2025-06-03-E2,L405S-018,True,0.998972586058805,noise_s1_r10:L405S-018:E3,-0.12041603333333332,-10.0,0.01904345,0.1394594833333329
noise_s1_r10,noise,5,0.7,15,1.0,4114437053,L405S-018-2025-06-04-E1,L405S-018,True,0.9261968826254723,noise_s1_r10:L405S-018:E4,1.8884083666666667,0.0,-0.51929695,-2.407705316666666
noise_s1_r10,noise,5,0.7,15,1.0,4114437053,L405S-018-2025-06-05-E1,L405S-018,True,0.9840105257162526,noise_s1_r10:L405S-018:E5,0.09288306666666667,0.0,-1.9517477166666666,-2.0446307833333144
noise_s1_r10,noise,5,0.7,15,1.0,4114437053,L405S-018-2025-06-05-E2,L405S-018,True,0.9503886517987274,noise_s1_r10:L405S-018:E6,-1.1874377166666668,5.0,-0.32956599999999997,0.8578717166666727
noise_s1_r10,noise,5,0.7,15,1.0,4114437053,L405S-028-2025-06-03-E1,L405S-028,True,0.9931891609035687,noise_s1_r10:L405S-028:E1,0.39375485,35.0,0.026688399999999998,-0.3670664499999887
noise_s1_r10,noise,5,0.7,15,1.0,4114437053,L405S-028-2025-06-03-E2,L405S-028,True,0.9914636489275314,noise_s1_r10:L405S-028:E2,-0.21661958333333334,0.0,-1.0350230666666667,-0.8184034833333342
noise_s1_r10,noise,5,0.7,15,1.0,4114437053,L405S-028-2025-06-04-E1,L405S-028,True,0.9805769928124336,noise_s1_r10:L405S-028:E3,1.84567645,-5.0,0.10799025000000001,-1.737686199999997
noise_s1_r10,noise,5,0.7,15,1.0,4114437053,L405S-028-2025-06-04-E2,L405S-028,True,0.9621657879759421,noise_s1_r10:L405S-028:E4,-0.37093271666666666,0.0,-3.2851860333333334,-2.914253316666655
noise_s1_r10,noise,5,0.7,15,1.0,4114437053,L405S-028-2025-06-05-E1,L405S-028,True,0.9816262060614067,noise_s1_r10:L405S-028:E5,0.9169258166666666,-25.0,-0.6018931166666667,-1.5188189333333257
noise_s1_r10,noise,5,0.7,15,1.0,4114437053,L405S-030-2025-06-02-E1,L405S-030,True,0.9685866954527033,noise_s1_r10:L405S-030:E1,-0.16168736666666667,0.0,-1.2189578333333333,-1.0572704666666666
noise_s1_r10,noise,5,0.7,15,1.0,4114437053,L405S-030-2025-06-03-E1,L405S-030,True,0.9851086603266587,noise_s1_r10:L405S-030:E2,0.10757506666666666,0.0,-0.6270197333333333,-0.7345947999999991
noise_s1_r10,noise,5,0.7,15,1.0,4114437053,L405S-030-2025-06-04-E1,L405S-030,True,0.7060283665464002,noise_s1_r10:L405S-030:E3,16.100863266666668,0.0,-0.5365722833333333,-16.63743555
noise_s1_r10,noise,5,0.7,15,1.0,4114437053,L405S-058-2025-06-03-E1,L405S-058,True,0.9429873209328322,noise_s1_r10:L405S-058:E1,9.443464883333332,10.0,-0.17413551666666666,-9.617600400000024
noise_s1_r10,noise,5,0.7,15,1.0,4114437053,L405S-058-2025-06-04-E1,L405S-058,True,0.965824433148313,noise_s1_r10:L405S-058:E2,5.0635269166666665,0.0,-0.19397955,-5.257506466666699
noise_s1_r10,noise,5,0.7,15,1.0,4114437053,L405S-058-2025-06-04-E2,L405S-058,True,0.9971434696901857,noise_s1_r10:L405S-058:E3,-0.09883506666666667,-10.0,0.0705336,0.1693686666666694
noise_s1_r10,noise,5,0.7,15,1.0,4114437053,L405S-058-2025-06-05-E1,L405S-058,True,0.9994120657507122,noise_s1_r10:L405S-058:E4,-0.00935035,-45.0,-0.07979186666666666,-0.0704415166666994
noise_s1_r10,noise,5,0.7,15,1.0,4114437053,L405S-115-2025-06-02-E1,L405S-115,True,0.993152011160262,noise_s1_r10:L405S-115:E1,-0.05916288333333333,0.0,0.4847781833333333,0.54394106666666
noise_s1_r10,noise,5,0.7,15,1.0,4114437053,L405S-115-2025-06-02-E2,L405S-115,True,0.9916567053588489,noise_s1_r10:L405S-115:E2,-0.2836792166666667,0.0,-0.17111745,0.11256176666667228
noise_s1_r10,noise,5,0.7,15,1.0,4114437053,L405S-115-2025-06-03-E1,L405S-115,True,0.9966951222800301,noise_s1_r10:L405S-115:E3,0.40993641666666664,-20.0,-0.30079445,-0.710730866666669
noise_s1_r10,noise,5,0.7,15,1.0,4114437053,L405S-115-2025-06-04-E1,L405S-115,True,0.9997127864270792,noise_s1_r10:L405S-115:E4,-0.029200116666666668,0.0,-0.020959349999999998,0.00824076666668283
noise_s1_r10,noise,5,0.7,15,1.0,4114437053,L405S-115-2025-06-05-E1,L405S-115,True,0.9996462723662312,noise_s1_r10:L405S-115:E5,0.05251633333333334,40.0,-0.0035477833333333337,-0.056064116666689756
noise_s3_r01,noise,5,0.7,15,3.0,505714500,L405S-012-2025-06-02-E1,L405S-012,True,0.9643325532641707,noise_s3_r01:L405S-012:E1,4.77011305,25.0,-0.17247336666666666,-4.942586416666641
noise_s3_r01,noise,5,0.7,15,3.0,505714500,L405S-012-2025-06-03-E1,L405S-012,True,0.9614048900353022,noise_s3_r01:L405S-012:E2,-5.825809583333334,-5.0,-2.0126391,3.81317048333333
noise_s3_r01,noise,5,0.7,15,3.0,505714500,L405S-012-2025-06-03-E2,L405S-012,True,0.8374419469486711,noise_s3_r01:L405S-012:E3,-3.59041275,0.0,-1.1670101333333334,2.423402616666662
noise_s3_r01,noise,5,0.7,15,3.0,505714500,L405S-012-2025-06-04-E1,L405S-012,True,0.9721248949006027,noise_s3_r01:L405S-012:E4,-3.9245531666666666,10.0,0.32700436666666666,4.2515575333333455
noise_s3_r01,noise,5,0.7,15,3.0,505714500,L405S-012-2025-06-05-E1,L405S-012,True,0.9878446766567018,noise_s3_r01:L405S-012:E5,-1.1364527666666668,-50.0,0.9005563999999999,2.0370091666666745
noise_s3_r01,noise,5,0.7,15,3.0,505714500,L405S-018-2025-06-02-E1,L405S-018,False,0.0,,,,,
noise_s3_r01,noise,5,0.7,15,3.0,505714500,L405S-018-2025-06-03-E1,L405S-018,True,0.8812541692461713,noise_s3_r01:L405S-018:E2,-10.3046344,40.0,-1.4714110833333334,8.833223316666658
noise_s3_r01,noise,5,0.7,15,3.0,505714500,L405S-018-2025-06-03-E2,L405S-018,True,0.9864088046742188,noise_s3_r01:L405S-018:E3,-0.18347723333333335,0.0,-1.6619675833333334,-1.4784903500000013
noise_s3_r01,noise,5,0.7,15,3.0,505714500,L405S-018-2025-06-04-E1,L405S-018,True,0.8110406756317112,noise_s3_r01:L405S-018:E5,2.6213242166666664,0.0,-3.54316295,-6.164487166666665
noise_s3_r01,noise,5,0.7,15,3.0,505714500,L405S-018-2025-06-05-E1,L405S-018,True,0.9389294671097705,noise_s3_r01:L405S-018:E6,-1.1659489333333333,-40.0,-6.714561816666667,-5.548612883333313
noise_s3_r01,noise,5,0.7,15,3.0,505714500,L405S-018-2025-06-05-E2,L405S-018,True,0.8349409331918606,noise_s3_r01:L405S-018:E7,0.6985456666666666,0.0,4.973516966666667,4.2749713000000025
noise_s3_r01,noise,5,0.7,15,3.0,505714500,L405S-028-2025-06-03-E1,L405S-028,True,0.9581762468763352,noise_s3_r01:L405S-028:E1,-1.9483661,30.0,0.7450072999999999,2.693373400000003
noise_s3_r01,noise,5,0.7,15,3.0,505714500,L405S-028-2025-06-03-E2,L405S-028,True,0.8828707160701673,noise_s3_r01:L405S-028:E2,3.52030715,5.0,15.436466233333334,11.916159083333353
noise_s3_r01,noise,5,0.7,15,3.0,505714500,L405S-028-2025-06-04-E1,L405S-028,True,0.9745896423910116,noise_s3_r01:L405S-028:E3,-1.2512381833333335,15.0,-1.3337175833333332,-0.08247940000000842
noise_s3_r01,noise,5,0.7,15,3.0,505714500,L405S-028-2025-06-04-E2,L405S-028,True,0.9804511814884865,noise_s3_r01:L405S-028:E4,-1.7962546333333334,0.0,-0.12071380000000001,1.67554083333334
noise_s3_r01,noise,5,0.7,15,3.0,505714500,L405S-028-2025-06-05-E1,L405S-028,True,0.9601949593304628,noise_s3_r01:L405S-028:E5,0.4276241333333333,-5.0,2.9814253833333333,2.5538012500000074
noise_s3_r01,noise,5,0.7,15,3.0,505714500,L405S-030-2025-06-02-E1,L405S-030,True,0.7649613366466674,noise_s3_r01:L405S-030:E1,1.3275563166666666,-5.0,11.719047316666666,10.391490999999993
noise_s3_r01,noise,5,0.7,15,3.0,505714500,L405S-030-2025-06-03-E1,L405S-030,True,0.9620971437814586,noise_s3_r01:L405S-030:E2,-1.9324661166666668,0.0,0.010955783333333333,1.9434218999999953
noise_s3_r01,noise,5,0.7,15,3.0,505714500,L405S-030-2025-06-04-E1,L405S-030,True,0.8718737817081424,noise_s3_r01:L405S-030:E3,4.7628143000000005,-5.0,-2.488537383333333,-7.251351683333336
noise_s3_r01,noise,5,0.7,15,3.0,505714500,L405S-058-2025-06-03-E1,L405S-058,True,0.6689742547954564,noise_s3_r01:L405S-058:E1,19.52922795,-30.0,-36.31226891666667,-55.841496866666674
noise_s3_r01,noise,5,0.7,15,3.0,505714500,L405S-058-2025-06-04-E1,L405S-058,True,0.9261604669935705,noise_s3_r01:L405S-058:E3,7.479890666666666,20.0,4.188742316666667,-3.291148349999995
noise_s3_r01,noise,5,0.7,15,3.0,505714500,L405S-058-2025-06-04-E2,L405S-058,True,0.9534478434708856,noise_s3_r01:L405S-058:E4,2.5798769833333335,0.0,-0.17239713333333334,-2.7522741166666753
noise_s3_r01,noise,5,0.7,15,3.0,505714500,L405S-058-2025-06-05-E1,L405S-058,True,0.9443692359725945,noise_s3_r01:L405S-058:E5,5.4063639000000006,-15.0,-3.0278169666666668,-8.4341808666667
noise_s3_r01,noise,5,0.7,15,3.0,505714500,L405S-115-2025-06-02-E1,L405S-115,True,0.978901119083392,noise_s3_r01:L405S-115:E1,0.5260888,5.0,-1.1383351333333331,-1.6644239333333477
noise_s3_r01,noise,5,0.7,15,3.0,505714500,L405S-115-2025-06-02-E2,L405S-115,True,0.9313664024392846,noise_s3_r01:L405S-115:E2,-1.3184449166666667,-20.0,-2.4938224166666667,-1.1753774999999966
noise_s3_r01,noise,5,0.7,15,3.0,505714500,L405S-115-2025-06-03-E1,L405S-115,True,0.9792044127248741,noise_s3_r01:L405S-115:E3,0.6476676666666666,45.0,-3.8245298,-4.472197466666685
noise_s3_r01,noise,5,0.7,15,3.0,505714500,L405S-115-2025-06-04-E1,L405S-115,True,0.9902386132140443,noise_s3_r01:L405S-115:E4,1.1048450666666667,-5.0,-0.5996150833333334,-1.7044601499999956
noise_s3_r01,noise,5,0.7,15,3.0,505714500,L405S-115-2025-06-05-E1,L405S-115,True,0.9945986139367513,noise_s3_r01:L405S-115:E5,0.10476201666666667,0.0,0.7554117833333333,0.65064976666668
noise_s3_r02,noise,5,0.7,15,3.0,1223170560,L405S-012-2025-06-02-E1,L405S-012,True,0.941892203843934,noise_s3_r02:L405S-012:E1,4.3457858499999995,-5.0,3.9351138999999997,-0.41067194999998335
noise_s3_r02,noise,5,0.7,15,3.0,1223170560,L405S-012-2025-06-03-E1,L405S-012,True,0.9920028522536565,noise_s3_r02:L405S-012:E2,1.4899558166666667,5.0,0.08833626666666668,-1.4016195500000084
noise_s3_r02,noise,5,0.7,15,3.0,1223170560,L405S-012-2025-06-03-E2,L405S-012,True,0.8656826025803,noise_s3_r02:L405S-012:E3,1.7994704333333333,0.0,-1.6492067166666666,-3.4486771500000026
noise_s3_r02,noise,5,0.7,15,3.0,1223170560,L405S-012-2025-06-04-E1,L405S-012,True,0.9750121290675179,noise_s3_r02:L405S-012:E4,-3.4452669666666664,10.0,0.3546389833333333,3.7999059500000065
noise_s3_r02,noise,5,0.7,15,3.0,1223170560,L405S-012-2025-06-05-E1,L405S-012,True,0.9953951984431911,noise_s3_r02:L405S-012:E5,0.64922,-40.0,0.11360334999999999,-0.5356166500000104
noise_s3_r02,noise,5,0.7,15,3.0,1223170560,L405S-018-2025-06-02-E1,L405S-018,False,0.0,,,,,
noise_s3_r02,noise,5,0.7,15,3.0,1223170560,L405S-018-2025-06-03-E1,L405S-018,True,0.28953368340769964,noise_s3_r02:L405S-018:E2,-22.315122716666668,0.0,-56.674997616666666,-34.35987490000001
noise_s3_r02,noise,5,0.7,15,3.0,1223170560,L405S-018-2025-06-03-E2,L405S-018,True,0.9847421879770292,noise_s3_r02:L405S-018:E3,0.46460823333333334,-15.0,-1.6043343,-2.06894253333334
noise_s3_r02,noise,5,0.7,15,3.0,1223170560,L405S-018-2025-06-04-E1,L405S-018,True,0.8592718509540799,noise_s3_r02:L405S-018:E5,1.6142775333333332,-10.0,-2.9767468666666668,-4.591024400000001
noise_s3_r02,noise,5,0.7,15,3.0,1223170560,L405S-018-2025-06-05-E1,L405S-018,True,0.89620065541338,noise_s3_r02:L405S-018:E6,9.865089016666667,-50.0,-3.4081013,-13.273190316666664
noise_s3_r02,noise,5,0.7,15,3.0,1223170560,L405S-018-2025-06-05-E2,L405S-018,True,0.8944824850733429,noise_s3_r02:L405S-018:E7,2.7213190833333334,5.0,-0.3798743,-3.101193383333328
noise_s3_r02,noise,5,0.7,15,3.0,1223170560,L405S-028-2025-06-03-E1,L405S-028,True,0.8248963385989947,noise_s3_r02:L405S-028:E1,2.0882853666666668,35.0,-8.716451433333333,-10.804736799999981
noise_s3_r02,noise,5,0.7,15,3.0,1223170560,L405S-028-2025-06-03-E2,L405S-028,True,0.9910983725025108,noise_s3_r02:L405S-028:E2,-0.16758773333333332,0.0,-1.1371771166666667,-0.9695893833332914
noise_s3_r02,noise,5,0.7,15,3.0,1223170560,L405S-028-2025-06-04-E1,L405S-028,True,0.9985089206000625,noise_s3_r02:L405S-028:E3,-0.023895583333333335,0.0,-0.12595951666666666,-0.10206393333334951
noise_s3_r02,noise,5,0.7,15,3.0,1223170560,L405S-028-2025-06-04-E2,L405S-028,True,0.9349892554434938,noise_s3_r02:L405S-028:E4,-4.07314405,0.0,-2.4498693833333336,1.6232746666666786
noise_s3_r02,noise,5,0.7,15,3.0,1223170560,L405S-028-2025-06-05-E1,L405S-028,True,0.9073756487068768,noise_s3_r02:L405S-028:E5,-2.04489135,0.0,6.393219383333333,8.438110733333346
noise_s3_r02,noise,5,0.7,15,3.0,1223170560,L405S-030-2025-06-02-E1,L405S-030,True,0.9456722425314217,noise_s3_r02:L405S-030:E1,0.9364164166666666,-15.0,-1.4425571,-2.3789735166666715
noise_s3_r02,noise,5,0.7,15,3.0,1223170560,L405S-030-2025-06-03-E1,L405S-030,True,0.9045012910551111,noise_s3_r02:L405S-030:E2,2.3865734833333336,-5.0,-2.324409983333333,-4.710983466666672
noise_s3_r02,noise,5,0.7,15,3.0,1223170560,L405S-030-2025-06-04-E1,L405S-030,True,0.9748130588529044,noise_s3_r02:L405S-030:E3,-0.7032535166666667,-5.0,0.7590416666666666,1.4622951833333286
noise_s3_r02,noise,5,0.7,15,3.0,1223170560,L405S-058-2025-06-03-E1,L405S-058,True,0.9169641932758184,noise_s3_r02:L405S-058:E1,-3.7984213666666666,10.0,11.477531566666666,15.275952933333352
noise_s3_r02,noise,5,0.7,15,3.0,1223170560,L405S-058-2025-06-04-E1,L405S-058,True,0.9644282751508457,noise_s3_r02:L405S-058:E2,2.8180482833333333,5.0,-2.6542405666666666,-5.4722888500000355
noise_s3_r02,noise,5,0.7,15,3.0,1223170560,L405S-058-2025-06-04-E2,L405S-058,True,0.9690533398497804,noise_s3_r02:L405S-058:E3,-1.7158473166666668,-10.0,0.17222221666666665,1.888069533333323
noise_s3_r02,noise,5,0.7,15,3.0,1223170560,L405S-058-2025-06-05-E1,L405S-058,True,0.9660454260709065,noise_s3_r02:L405S-058:E4,-1.2551043333333332,40.0,-3.9353656,-2.6802612666666725
noise_s3_r02,noise,5,0.7,15,3.0,1223170560,L405S-115-2025-06-02-E1,L405S-115,True,0.9965461138009812,noise_s3_r02:L405S-115:E1,0.11328655,-10.0,-0.1591796,-0.27246614999999696
noise_s3_r02,noise,5,0.7,15,3.0,1223170560,L405S-115-2025-06-02-E2,L405S-115,True,0.9174316881299782,noise_s3_r02:L405S-115:E2,-0.7478215333333333,5.0,4.132555066666667,4.880376600000007
noise_s3_r02,noise,5,0.7,15,3.0,1223170560,L405S-115-2025-06-03-E1,L405S-115,True,0.9956032541302646,noise_s3_r02:L405S-115:E3,0.3992388,50.0,-0.5463039,-0.945542700000015
noise_s3_r02,noise,5,0.7,15,3.0,1223170560,L405S-115-2025-06-04-E1,L405S-115,True,0.9921609329157579,noise_s3_r02:L405S-115:E4,0.21890101666666667,0.0,1.1589834333333333,0.9400824166666677
noise_s3_r02,noise,5,0.7,15,3.0,1223170560,L405S-115-2025-06-05-E1,L405S-115,True,0.9853438123461451,noise_s3_r02:L405S-115:E5,1.40057545,0.0,0.93607865,-0.4644967999999938
noise_s3_r03,noise,5,0.7,15,3.0,2336622233,L405S-012-2025-06-02-E1,L405S-012,True,0.8415054882979867,noise_s3_r03:L405S-012:E1,20.233700916666667,25.0,-1.7295426666666667,-21.96324358333333
noise_s3_r03,noise,5,0.7,15,3.0,2336622233,L405S-012-2025-06-03-E1,L405S-012,True,0.9847421030275606,noise_s3_r03:L405S-012:E2,1.70366615,-10.0,1.3264761166666665,-0.37719003333335444
noise_s3_r03,noise,5,0.7,15,3.0,2336622233,L405S-012-2025-06-03-E2,L405S-012,True,0.905290713853288,noise_s3_r03:L405S-012:E3,1.3590648166666666,0.0,1.1848692,-0.17419561666666916
noise_s3_r03,noise,5,0.7,15,3.0,2336622233,L405S-012-2025-06-04-E1,L405S-012,True,0.9421335352439131,noise_s3_r03:L405S-012:E4,-6.091642716666667,0.0,-2.8407262500000003,3.250916466666691
noise_s3_r03,noise,5,0.7,15,3.0,2336622233,L405S-012-2025-06-05-E1,L405S-012,True,0.9243239436219879,noise_s3_r03:L405S-012:E5,7.147109116666667,0.0,5.8211806,-1.325928516666668
noise_s3_r03,noise,5,0.7,15,3.0,2336622233,L405S-018-2025-06-02-E1,L405S-018,False,0.0,,,,,
noise_s3_r03,noise,5,0.7,15,3.0,2336622233,L405S-018-2025-06-03-E1,L405S-018,True,0.9231436536946513,noise_s3_r03:L405S-018:E2,-2.76440245,0.0,-4.277940616666667,-1.5135381666666703
noise_s3_r03,noise,5,0.7,15,3.0,2336622233,L405S-018-2025-06-03-E2,L405S-018,True,0.9257481094279464,noise_s3_r03:L405S-018:E3,7.98761335,-10.0,-2.0808613666666664,-10.068474716666653
noise_s3_r03,noise,5,0.7,15,3.0,2336622233,L405S-018-2025-06-04-E1,L405S-018,True,0.7888817579293869,noise_s3_r03:L405S-018:E4,-5.812019433333333,0.0,2.9185480333333333,8.730567466666667
noise_s3_r03,noise,5,0.7,15,3.0,2336622233,L405S-018-2025-06-05-E1,L405S-018,True,0.9502536854897224,noise_s3_r03:L405S-018:E5,5.094347316666667,5.0,1.3332127666666667,-3.761134549999987
noise_s3_r03,noise,5,0.7,15,3.0,2336622233,L405S-018-2025-06-05-E2,L405S-018,True,0.7981451105023946,noise_s3_r03:L405S-018:E6,5.908802433333333,0.0,-0.023777083333333334,-5.93257951666666
noise_s3_r03,noise,5,0.7,15,3.0,2336622233,L405S-028-2025-06-03-E1,L405S-028,True,0.9765244339000907,noise_s3_r03:L405S-028:E1,-1.4494326833333333,-5.0,-0.03314873333333333,1.4162839500000102
noise_s3_r03,noise,5,0.7,15,3.0,2336622233,L405S-028-2025-06-03-E2,L405S-028,True,0.8542268963144478,noise_s3_r03:L405S-028:E2,-3.9946319,0.0,20.98983895,24.984470849999994
noise_s3_r03,noise,5,0.7,15,3.0,2336622233,L405S-028-2025-06-04-E1,L405S-028,True,0.9517551915310278,noise_s3_r03:L405S-028:E3,-4.1352306500000005,15.0,-0.9117756,3.223455049999999
noise_s3_r03,noise,5,0.7,15,3.0,2336622233,L405S-028-2025-06-04-E2,L405S-028,True,0.9610437172323026,noise_s3_r03:L405S-028:E4,1.6298380833333332,-5.0,-2.1202621,-3.7501001833333225
noise_s3_r03,noise,5,0.7,15,3.0,2336622233,L405S-028-2025-06-05-E1,L405S-028,True,0.937481801784721,noise_s3_r03:L405S-028:E5,2.0483869666666665,-25.0,-3.119507233333333,-5.1678941999999894
noise_s3_r03,noise,5,0.7,15,3.0,2336622233,L405S-030-2025-06-02-E1,L405S-030,True,0.9105871763618227,noise_s3_r03:L405S-030:E1,-2.558956516666667,0.0,-1.5851704,0.9737861166666684
noise_s3_r03,noise,5,0.7,15,3.0,2336622233,L405S-030-2025-06-03-E1,L405S-030,True,0.9176940439432589,noise_s3_r03:L405S-030:E2,-4.24882855,0.0,0.17550061666666666,4.424329166666663
noise_s3_r03,noise,5,0.7,15,3.0,2336622233,L405S-030-2025-06-04-E1,L405S-030,True,0.6684258726706386,noise_s3_r03:L405S-030:E3,16.264736266666667,-5.0,-2.5008266166666666,-18.765562883333335
noise_s3_r03,noise,5,0.7,15,3.0,2336622233,L405S-058-2025-06-03-E1,L405S-058,True,0.8471856155260441,noise_s3_r03:L405S-058:E1,20.888866183333334,15.0,-4.889744983333333,-25.77861116666666
noise_s3_r03,noise,5,0.7,15,3.0,2336622233,L405S-058-2025-06-04-E1,L405S-058,True,0.9427293780483738,noise_s3_r03:L405S-058:E2,8.488690733333334,45.0,0.34126083333333335,-8.1474299
noise_s3_r03,noise,5,0.7,15,3.0,2336622233,L405S-058-2025-06-04-E2,L405S-058,True,0.952824805783814,noise_s3_r03:L405S-058:E3,-2.5301941,0.0,-0.37827788333333334,2.151916216666665
noise_s3_r03,noise,5,0.7,15,3.0,2336622233,L405S-058-2025-06-05-E1,L405S-058,True,0.9440813290873237,noise_s3_r03:L405S-058:E4,5.140460366666667,10.0,-3.3373700666666664,-8.477830433333384
noise_s3_r03,noise,5,0.7,15,3.0,2336622233,L405S-115-2025-06-02-E1,L405S-115,True,0.9675228148541077,noise_s3_r03:L405S-115:E1,-1.9957921333333333,-5.0,-0.6310479166666667,1.3647442166666623
noise_s3_r03,noise,5,0.7,15,3.0,2336622233,L405S-115-2025-06-02-E2,L405S-115,True,0.9595888104831674,noise_s3_r03:L405S-115:E2,-0.21014966666666668,-20.0,2.0735034,2.2836530666666732
noise_s3_r03,noise,5,0.7,15,3.0,2336622233,L405S-115-2025-06-03-E1,L405S-115,True,0.9980402805940625,noise_s3_r03:L405S-115:E3,-0.17745536666666667,45.0,-0.24434008333333335,-0.06688471666667972
noise_s3_r03,noise,5,0.7,15,3.0,2336622233,L405S-115-2025-06-04-E1,L405S-115,True,0.9823704364487321,noise_s3_r03:L405S-115:E4,1.5655944,25.0,1.53989545,-0.02569894999998823
noise_s3_r03,noise,5,0.7,15,3.0,2336622233,L405S-115-2025-06-05-E1,L405S-115,True,0.9836910520906447,noise_s3_r03:L405S-115:E5,0.26037873333333333,5.0,2.3630493666666665,2.102670633333368
noise_s3_r04,noise,5,0.7,15,3.0,2844474174,L405S-012-2025-06-02-E1,L405S-012,True,0.8130004983198612,noise_s3_r04:L405S-012:E1,22.652054033333332,25.0,4.01136845,-18.64068558333333
noise_s3_r04,noise,5,0.7,15,3.0,2844474174,L405S-012-2025-06-03-E1,L405S-012,True,0.9765273103836914,noise_s3_r04:L405S-012:E2,4.02715075,0.0,-0.6032724166666666,-4.630423166666677
noise_s3_r04,noise,5,0.7,15,3.0,2844474174,L405S-012-2025-06-03-E2,L405S-012,True,0.8971789357247152,noise_s3_r04:L405S-012:E3,-2.751231666666667,0.0,0.19131458333333334,2.9425462499999955
noise_s3_r04,noise,5,0.7,15,3.0,2844474174,L405S-012-2025-06-04-E1,L405S-012,True,0.9639306427059514,noise_s3_r04:L405S-012:E4,-2.854664083333333,5.0,2.6934608166666667,5.548124900000024
noise_s3_r04,noise,5,0.7,15,3.0,2844474174,L405S-012-2025-06-05-E1,L405S-012,True,0.9231030478117167,noise_s3_r04:L405S-012:E5,6.535057566666667,-50.0,6.710866066666667,0.17580850000001647
noise_s3_r04,noise,5,0.7,15,3.0,2844474174,L405S-018-2025-06-02-E1,L405S-018,False,0.0,,,,,
noise_s3_r04,noise,5,0.7,15,3.0,2844474174,L405S-018-2025-06-03-E1,L405S-018,True,0.95106474666724,noise_s3_r04:L405S-018:E2,0.6161873833333333,-5.0,-3.7324706333333335,-4.3486580166666755
noise_s3_r04,noise,5,0.7,15,3.0,2844474174,L405S-018-2025-06-03-E2,L405S-018,True,0.980626445237136,noise_s3_r04:L405S-018:E3,0.20978360000000001,-10.0,2.4650050333333335,2.2552214333333076
noise_s3_r04,noise,5,0.7,15,3.0,2844474174,L405S-018-2025-06-04-E1,L405S-018,True,0.9270792622998149,noise_s3_r04:L405S-018:E5,-2.4345420499999997,0.0,-0.12190568333333333,2.312636366666667
noise_s3_r04,noise,5,0.7,15,3.0,2844474174,L405S-018-2025-06-05-E1,L405S-018,True,0.9004616985626134,noise_s3_r04:L405S-018:E6,-5.931830000000001,-50.0,-7.3869299,-1.4550998999999987
noise_s3_r04,noise,5,0.7,15,3.0,2844474174,L405S-018-2025-06-05-E2,L405S-018,True,0.9318615050971104,noise_s3_r04:L405S-018:E7,-0.34394698333333334,0.0,1.8050977666666665,2.149044750000005
noise_s3_r04,noise,5,0.7,15,3.0,2844474174,L405S-028-2025-06-03-E1,L405S-028,True,0.9577149537836888,noise_s3_r04:L405S-028:E1,-2.7094633999999997,-5.0,-0.0142968,2.6951665999999985
noise_s3_r04,noise,5,0.7,15,3.0,2844474174,L405S-028-2025-06-03-E2,L405S-028,True,0.9677125453189488,noise_s3_r04:L405S-028:E2,0.6921951666666666,-25.0,4.169584716666667,3.477389550000014
noise_s3_r04,noise,5,0.7,15,3.0,2844474174,L405S-028-2025-06-04-E1,L405S-028,True,0.9458774819842949,noise_s3_r04:L405S-028:E3,-1.7923630000000002,0.0,-3.7427227833333334,-1.9503597833333375
noise_s3_r04,noise,5,0.7,15,3.0,2844474174,L405S-028-2025-06-04-E2,L405S-028,True,0.9217877528262689,noise_s3_r04:L405S-028:E4,1.5655570333333333,5.0,-5.963491983333333,-7.529049016666662
noise_s3_r04,noise,5,0.7,15,3.0,2844474174,L405S-028-2025-06-05-E1,L405S-028,True,0.9239428920464435,noise_s3_r04:L405S-028:E5,4.100425216666666,-15.0,-2.1866255666666663,-6.287050783333332
noise_s3_r04,noise,5,0.7,15,3.0,2844474174,L405S-030-2025-06-02-E1,L405S-030,True,0.7988647013283171,noise_s3_r04:L405S-030:E1,-2.5284792499999997,0.0,-6.787657583333333,-4.259178333333338
noise_s3_r04,noise,5,0.7,15,3.0,2844474174,L405S-030-2025-06-03-E1,L405S-030,True,0.8639417236142346,noise_s3_r04:L405S-030:E2,-4.5296844,0.0,3.2391273166666665,7.768811716666672
noise_s3_r04,noise,5,0.7,15,3.0,2844474174,L405S-030-2025-06-04-E1,L405S-030,True,0.6518455061715308,noise_s3_r04:L405S-030:E3,17.564096983333332,10.0,-2.1398379999999997,-19.703934983333337
noise_s3_r04,noise,5,0.7,15,3.0,2844474174,L405S-058-2025-06-03-E1,L405S-058,True,0.9590280153333465,noise_s3_r04:L405S-058:E1,-3.0039234500000003,15.0,-4.0308119,-1.026888450000003
noise_s3_r04,noise,5,0.7,15,3.0,2844474174,L405S-058-2025-06-04-E1,L405S-058,True,0.9803775968680563,noise_s3_r04:L405S-058:E3,-1.4227916166666668,-45.0,-1.62380145,-0.2010098333333321
noise_s3_r04,noise,5,0.7,15,3.0,2844474174,L405S-058-2025-06-04-E2,L405S-058,True,0.9819977427888327,noise_s3_r04:L405S-058:E4,0.7574908833333333,0.0,0.3124705166666667,-0.4450203666666708
noise_s3_r04,noise,5,0.7,15,3.0,2844474174,L405S-058-2025-06-05-E1,L405S-058,True,0.9702196969259689,noise_s3_r04:L405S-058:E5,-1.1154517833333335,-45.0,-3.43275885,-2.3173070666666717
noise_s3_r04,noise,5,0.7,15,3.0,2844474174,L405S-115-2025-06-02-E1,L405S-115,True,0.8924900866326205,noise_s3_r04:L405S-115:E1,-3.3557417166666665,5.0,6.147015683333334,9.50275739999999
noise_s3_r04,noise,5,0.7,15,3.0,2844474174,L405S-115-2025-06-02-E2,L405S-115,True,0.9954583609456692,noise_s3_r04:L405S-115:E2,0.21540118333333333,5.0,0.031018066666666667,-0.18438311666665763
noise_s3_r04,noise,5,0.7,15,3.0,2844474174,L405S-115-2025-06-03-E1,L405S-115,True,0.9969418227330638,noise_s3_r04:L405S-115:E3,-0.2311741833333333,10.0,0.42851995,0.6596941333333461
noise_s3_r04,noise,5,0.7,15,3.0,2844474174,L405S-115-2025-06-04-E1,L405S-115,True,0.9850471615706252,noise_s3_r04:L405S-115:E4,2.52853945,25.0,-0.08241305,-2.6109524999999856
noise_s3_r04,noise,5,0.7,15,3.0,2844474174,L405S-115-2025-06-05-E1,L405S-115,True,0.9956604786227248,noise_s3_r04:L405S-115:E5,0.6771019166666666,30.0,0.010737799999999999,-0.6663641166666512
noise_s3_r05,noise,5,0.7,15,3.0,3658734540,L405S-012-2025-06-02-E1,L405S-012,True,0.8620035331314202,noise_s3_r05:L405S-012:E1,18.750600966666664,0.0,0.431719,-18.318881966666652
noise_s3_r05,noise,5,0.7,15,3.0,3658734540,L405S-012-2025-06-03-E1,L405S-012,True,0.9791593549128506,noise_s3_r05:L405S-012:E2,-2.5526118,-5.0,-1.6117898666666666,0.9408219333333179
noise_s3_r05,noise,5,0.7,15,3.0,3658734540,L405S-012-2025-06-03-E2,L405S-012,True,0.9348250397407561,noise_s3_r05:L405S-012:E3,-1.53917695,0.0,0.25089591666666666,1.7900728666666665
noise_s3_r05,noise,5,0.7,15,3.0,3658734540,L405S-012-2025-06-04-E1,L405S-012,True,0.9193864057205371,noise_s3_r05:L405S-012:E4,-10.301999433333332,35.0,2.6986132333333335,13.00061266666666
noise_s3_r05,noise,5,0.7,15,3.0,3658734540,L405S-012-2025-06-05-E1,L405S-012,True,0.9812190729440253,noise_s3_r05:L405S-012:E5,-0.90875465,-50.0,-2.2173944666666667,-1.3086398166666768
noise_s3_r05,noise,5,0.7,15,3.0,3658734540,L405S-018-2025-06-02-E1,L405S-018,True,0.8836894159880715,noise_s3_r05:L405S-018:E2,-2.090209633333333,-5.0,-0.6503165666666667,1.4398930666666665
noise_s3_r05,noise,5,0.7,15,3.0,3658734540,L405S-018-2025-06-03-E1,L405S-018,True,0.8614812418535684,noise_s3_r05:L405S-018:E3,-7.549879116666667,-5.0,-5.805465866666666,1.744413250000001
noise_s3_r05,noise,5,0.7,15,3.0,3658734540,L405S-018-2025-06-03-E2,L405S-018,True,0.9863297211304108,noise_s3_r05:L405S-018:E4,0.00088265,0.0,-1.8527921333333335,-1.8536747833333322
noise_s3_r05,noise,5,0.7,15,3.0,3658734540,L405S-018-2025-06-04-E1,L405S-018,True,0.895488510595505,noise_s3_r05:L405S-018:E6,-3.1014523666666665,0.0,0.7059839166666666,3.807436283333334
noise_s3_r05,noise,5,0.7,15,3.0,3658734540,L405S-018-2025-06-05-E1,L405S-018,True,0.9233200288233168,noise_s3_r05:L405S-018:E7,-4.161108416666667,-50.0,-5.963305116666667,-1.802196699999996
noise_s3_r05,noise,5,0.7,15,3.0,3658734540,L405S-018-2025-06-05-E2,L405S-018,True,0.9276461325523977,noise_s3_r05:L405S-018:E8,-2.2869124333333333,5.0,0.005452233333333333,2.292364666666674
noise_s3_r05,noise,5,0.7,15,3.0,3658734540,L405S-028-2025-06-03-E1,L405S-028,True,0.9057012218290827,noise_s3_r05:L405S-028:E1,3.8115560833333335,25.0,2.2161076166666667,-1.5954484666666602
noise_s3_r05,noise,5,0.7,15,3.0,3658734540,L405S-028-2025-06-03-E2,L405S-028,True,0.9190666566816149,noise_s3_r05:L405S-028:E2,0.8269107000000001,-20.0,11.99304815,11.166137450000004
noise_s3_r05,noise,5,0.7,15,3.0,3658734540,L405S-028-2025-06-04-E1,L405S-028,True,0.9673905022121216,noise_s3_r05:L405S-028:E3,-0.28122153333333333,5.0,-3.0044597,-2.7232381666666683
noise_s3_r05,noise,5,0.7,15,3.0,3658734540,L405S-028-2025-06-04-E2,L405S-028,True,0.9693463435420546,noise_s3_r05:L405S-028:E4,2.525268883333333,0.0,-0.4255846,-2.950853483333322
noise_s3_r05,noise,5,0.7,15,3.0,3658734540,L405S-028-2025-06-05-E1,L405S-028,True,0.9586760002930439,noise_s3_r05:L405S-028:E5,2.8831603666666665,-15.0,0.5557393166666666,-2.3274210499999892
noise_s3_r05,noise,5,0.7,15,3.0,3658734540,L405S-030-2025-06-02-E1,L405S-030,True,0.8952934616134949,noise_s3_r05:L405S-030:E1,-2.3549670666666667,-5.0,-2.4766375666666667,-0.12167050000000179
noise_s3_r05,noise,5,0.7,15,3.0,3658734540,L405S-030-2025-06-03-E1,L405S-030,True,0.9667716612378356,noise_s3_r05:L405S-030:E2,-1.3147791666666668,0.0,-0.3680739,0.9467052666666698
noise_s3_r05,noise,5,0.7,15,3.0,3658734540,L405S-030-2025-06-04-E1,L405S-030,True,0.945942713997125,noise_s3_r05:L405S-030:E3,-2.7646740166666666,-5.0,0.46955196666666665,3.2342259833333364
noise_s3_r05,noise,5,0.7,15,3.0,3658734540,L405S-058-2025-06-03-E1,L405S-058,True,0.9599783122607062,noise_s3_r05:L405S-058:E1,-3.4327172333333333,10.0,-3.4560167666666666,-0.023299533333354105
noise_s3_r05,noise,5,0.7,15,3.0,3658734540,L405S-058-2025-06-04-E1,L405S-058,True,0.9828891224422535,noise_s3_r05:L405S-058:E2,-1.5685495,35.0,1.1095816666666667,2.6781311666666596
noise_s3_r05,noise,5,0.7,15,3.0,3658734540,L405S-058-2025-06-04-E2,L405S-058,True,0.9872817406753794,noise_s3_r05:L405S-058:E3,0.6870023,0.0,0.06576786666666666,-0.6212344333333308
noise_s3_r05,noise,5,0.7,15,3.0,3658734540,L405S-058-2025-06-05-E1,L405S-058,True,0.92958389672665,noise_s3_r05:L405S-058:E4,10.240741266666667,40.0,0.4679998,-9.772741466666695
noise_s3_r05,noise,5,0.7,15,3.0,3658734540,L405S-115-2025-06-02-E1,L405S-115,True,0.977222858908356,noise_s3_r05:L405S-115:E1,-0.3137685333333333,-5.0,-1.4901947833333333,-1.1764262500000067
noise_s3_r05,noise,5,0.7,15,3.0,3658734540,L405S-115-2025-06-02-E2,L405S-115,True,0.9780426260602405,noise_s3_r05:L405S-115:E2,0.10090131666666666,5.0,1.1142417833333333,1.0133404666666745
noise_s3_r05,noise,5,0.7,15,3.0,3658734540,L405S-115-2025-06-03-E1,L405S-115,True,0.9949269724383192,noise_s3_r05:L405S-115:E3,-0.5127582833333333,45.0,0.5837850499999999,1.096543333333324
noise_s3_r05,noise,5,0.7,15,3.0,3658734540,L405S-115-2025-06-04-E1,L405S-115,True,0.9965933416055307,noise_s3_r05:L405S-115:E4,-0.17185836666666668,40.0,0.4250201333333333,0.5968784999999865
noise_s3_r05,noise,5,0.7,15,3.0,3658734540,L405S-115-2025-06-05-E1,L405S-115,True,0.9873508902364792,noise_s3_r05:L405S-115:E5,1.1978814666666666,0.0,0.8172790166666667,-0.3806024500000049
noise_s3_r06,noise,5,0.7,15,3.0,1477842410,L405S-012-2025-06-02-E1,L405S-012,True,0.9360870835963989,noise_s3_r06:L405S-012:E1,-7.4421935333333336,0.0,-1.8901373666666668,5.552056166666652
noise_s3_r06,noise,5,0.7,15,3.0,1477842410,L405S-012-2025-06-03-E1,L405S-012,True,0.9940361304216785,noise_s3_r06:L405S-012:E2,0.0269642,0.0,-1.1495196333333333,-1.1764838333333483
noise_s3_r06,noise,5,0.7,15,3.0,1477842410,L405S-012-2025-06-03-E2,L405S-012,True,0.8804497613591019,noise_s3_r06:L405S-012:E3,-1.2830097666666667,0.0,2.2033013333333336,3.486311099999997
noise_s3_r06,noise,5,0.7,15,3.0,1477842410,L405S-012-2025-06-04-E1,L405S-012,True,0.9491339111466262,noise_s3_r06:L405S-012:E4,-7.006565566666667,10.0,0.9395425,7.946108066666673
noise_s3_r06,noise,5,0.7,15,3.0,1477842410,L405S-012-2025-06-05-E1,L405S-012,True,0.9504605611775606,noise_s3_r06:L405S-012:E5,7.8572823666666665,-10.0,0.36162083333333334,-7.495661533333333
noise_s3_r06,noise,5,0.7,15,3.0,1477842410,L405S-018-2025-06-02-E1,L405S-018,True,0.8479126434575578,noise_s3_r06:L405S-018:E1,1.9222389,-5.0,1.5843261166666667,-0.3379127833333273
noise_s3_r06,noise,5,0.7,15,3.0,1477842410,L405S-018-2025-06-03-E1,L405S-018,True,0.9430807368577185,noise_s3_r06:L405S-018:E2,3.2661620833333336,0.0,1.9001547333333333,-1.3660073500000047
noise_s3_r06,noise,5,0.7,15,3.0,1477842410,L405S-018-2025-06-03-E2,L405S-018,True,0.956176929912462,noise_s3_r06:L405S-018:E3,-0.12327941666666667,0.0,-5.824483183333333,-5.701203766666678
noise_s3_r06,noise,5,0.7,15,3.0,1477842410,L405S-018-2025-06-04-E1,L405S-018,True,0.9892619488466928,noise_s3_r06:L405S-018:E5,0.2694661,0.0,0.0817227,-0.18774339999999778
noise_s3_r06,noise,5,0.7,15,3.0,1477842410,L405S-018-2025-06-05-E1,L405S-018,True,0.9329005132947232,noise_s3_r06:L405S-018:E6,2.8921831166666667,0.0,-5.688066216666667,-8.580249333333327
noise_s3_r06,noise,5,0.7,15,3.0,1477842410,L405S-018-2025-06-05-E2,L405S-018,True,0.9075997736958414,noise_s3_r06:L405S-018:E7,-1.4999694499999998,0.0,1.4921777166666668,2.9921471666666797
noise_s3_r06,noise,5,0.7,15,3.0,1477842410,L405S-028-2025-06-03-E1,L405S-028,True,0.9788377770041197,noise_s3_r06:L405S-028:E1,-1.0170740666666667,-10.0,-0.3102602666666667,0.7068138000000035
noise_s3_r06,noise,5,0.7,15,3.0,1477842410,L405S-028-2025-06-03-E2,L405S-028,True,0.9894728951927366,noise_s3_r06:L405S-028:E2,-0.47775435,0.0,-1.0685316,-0.5907772499999897
noise_s3_r06,noise,5,0.7,15,3.0,1477842410,L405S-028-2025-06-04-E1,L405S-028,True,0.9403067223615426,noise_s3_r06:L405S-028:E3,4.891304483333333,0.0,1.1767526,-3.7145518833333435
noise_s3_r06,noise,5,0.7,15,3.0,1477842410,L405S-028-2025-06-04-E2,L405S-028,True,0.9588919138524695,noise_s3_r06:L405S-028:E4,3.014973866666667,5.0,0.9826636333333333,-2.032310233333332
noise_s3_r06,noise,5,0.7,15,3.0,1477842410,L405S-028-2025-06-05-E1,L405S-028,True,0.9439205858589771,noise_s3_r06:L405S-028:E5,2.8827074833333333,-30.0,1.8570867500000001,-1.0256207333333345
noise_s3_r06,noise,5,0.7,15,3.0,1477842410,L405S-030-2025-06-02-E1,L405S-030,True,0.9699724235246171,noise_s3_r06:L405S-030:E1,1.1366329666666668,-10.0,0.18377126666666665,-0.9528617000000028
noise_s3_r06,noise,5,0.7,15,3.0,1477842410,L405S-030-2025-06-03-E1,L405S-030,True,0.9842559295918007,noise_s3_r06:L405S-030:E2,-0.2656597666666667,-5.0,0.5234239166666667,0.7890836833333359
noise_s3_r06,noise,5,0.7,15,3.0,1477842410,L405S-030-2025-06-04-E1,L405S-030,True,0.807195023241138,noise_s3_r06:L405S-030:E3,10.2018114,-5.0,0.8796623,-9.322149099999999
noise_s3_r06,noise,5,0.7,15,3.0,1477842410,L405S-058-2025-06-03-E1,L405S-058,True,0.8775737980988404,noise_s3_r06:L405S-058:E1,19.650522833333333,20.0,1.1415970833333333,-18.50892575000003
noise_s3_r06,noise,5,0.7,15,3.0,1477842410,L405S-058-2025-06-04-E1,L405S-058,True,0.9796895718395616,noise_s3_r06:L405S-058:E2,1.3597399166666666,-25.0,-1.7647790666666665,-3.124518983333351
noise_s3_r06,noise,5,0.7,15,3.0,1477842410,L405S-058-2025-06-04-E2,L405S-058,True,0.9554941648617129,noise_s3_r06:L405S-058:E3,2.4604985666666668,-10.0,-0.17079216666666666,-2.6312907333333446
noise_s3_r06,noise,5,0.7,15,3.0,1477842410,L405S-058-2025-06-05-E1,L405S-058,True,0.9457827960811283,noise_s3_r06:L405S-058:E4,5.9175417,5.0,-2.3023293,-8.219871000000012
noise_s3_r06,noise,5,0.7,15,3.0,1477842410,L405S-115-2025-06-02-E1,L405S-115,True,0.9358273918747925,noise_s3_r06:L405S-115:E1,-1.0781642333333332,-5.0,4.3313524999999995,5.409516733333333
noise_s3_r06,noise,5,0.7,15,3.0,1477842410,L405S-115-2025-06-02-E2,L405S-115,True,0.9488058233769459,noise_s3_r06:L405S-115:E2,-0.85666355,-20.0,-1.9632870333333334,-1.1066234833333266
noise_s3_r06,noise,5,0.7,15,3.0,1477842410,L405S-115-2025-06-03-E1,L405S-115,True,0.9938921694520584,noise_s3_r06:L405S-115:E3,0.9483487,5.0,-0.3651715166666667,-1.3135202166666726
noise_s3_r06,noise,5,0.7,15,3.0,1477842410,L405S-115-2025-06-04-E1,L405S-115,True,0.978832763697848,noise_s3_r06:L405S-115:E4,1.9682849,-35.0,1.7651423333333334,-0.20314256666665642
noise_s3_r06,noise,5,0.7,15,3.0,1477842410,L405S-115-2025-06-05-E1,L405S-115,True,0.979721958373228,noise_s3_r06:L405S-115:E5,-1.26769815,30.0,-1.9719796666666667,-0.7042815166666472
noise_s3_r07,noise,5,0.7,15,3.0,15090944,L405S-012-2025-06-02-E1,L405S-012,True,0.9856582249955919,noise_s3_r07:L405S-012:E1,-1.7727925833333333,0.0,0.24352438333333334,2.0163169666666914
noise_s3_r07,noise,5,0.7,15,3.0,15090944,L405S-012-2025-06-03-E1,L405S-012,True,0.989833071139374,noise_s3_r07:L405S-012:E2,-0.38580155,0.0,1.6404140333333332,2.0262155833333217
noise_s3_r07,noise,5,0.7,15,3.0,15090944,L405S-012-2025-06-03-E2,L405S-012,True,0.9197622552226763,noise_s3_r07:L405S-012:E3,1.88395415,0.0,0.19156746666666666,-1.6923866833333367
noise_s3_r07,noise,5,0.7,15,3.0,15090944,L405S-012-2025-06-04-E1,L405S-012,True,0.9448022726296527,noise_s3_r07:L405S-012:E4,-1.7345342166666666,-5.0,6.927778933333333,8.662313149999976
noise_s3_r07,noise,5,0.7,15,3.0,15090944,L405S-012-2025-06-05-E1,L405S-012,True,0.9714968784386343,noise_s3_r07:L405S-012:E5,-4.608451666666666,0.0,0.24852645,4.856978116666646
noise_s3_r07,noise,5,0.7,15,3.0,15090944,L405S-018-2025-06-02-E1,L405S-018,True,0.6934021220645491,noise_s3_r07:L405S-018:E1,2.868173683333333,0.0,5.357748866666666,2.4895751833333346
noise_s3_r07,noise,5,0.7,15,3.0,15090944,L405S-018-2025-06-03-E1,L405S-018,True,0.926379418730214,noise_s3_r07:L405S-018:E2,-2.786649183333333,-10.0,-3.9608387166666663,-1.1741895333333252
noise_s3_r07,noise,5,0.7,15,3.0,15090944,L405S-018-2025-06-03-E2,L405S-018,True,0.9917871976608381,noise_s3_r07:L405S-018:E3,0.5683112,0.0,-0.5453357666666666,-1.113646966666657
noise_s3_r07,noise,5,0.7,15,3.0,15090944,L405S-018-2025-06-04-E1,L405S-018,True,0.8606151683114867,noise_s3_r07:L405S-018:E4,-4.985059533333333,0.0,0.2986038833333333,5.283663416666666
noise_s3_r07,noise,5,0.7,15,3.0,15090944,L405S-018-2025-06-05-E1,L405S-018,True,0.990736963697229,noise_s3_r07:L405S-018:E5,0.2759424166666667,-45.0,0.91704955,0.6411071333333407
noise_s3_r07,noise,5,0.7,15,3.0,15090944,L405S-018-2025-06-05-E2,L405S-018,True,0.9265571554989557,noise_s3_r07:L405S-018:E6,1.6426505,0.0,-0.5158581,-2.158508599999994
noise_s3_r07,noise,5,0.7,15,3.0,15090944,L405S-028-2025-06-03-E1,L405S-028,True,0.9585588940072562,noise_s3_r07:L405S-028:E1,1.8072799833333333,35.0,0.7822526833333333,-1.0250272999999943
noise_s3_r07,noise,5,0.7,15,3.0,15090944,L405S-028-2025-06-03-E2,L405S-028,True,0.8948730739334313,noise_s3_r07:L405S-028:E2,1.7064033666666667,0.0,15.292740566666668,13.586337200000012
noise_s3_r07,noise,5,0.7,15,3.0,15090944,L405S-028-2025-06-04-E1,L405S-028,True,0.9863516252371184,noise_s3_r07:L405S-028:E3,-0.9792887333333333,20.0,0.41103731666666665,1.3903260499999925
noise_s3_r07,noise,5,0.7,15,3.0,15090944,L405S-028-2025-06-04-E2,L405S-028,True,0.9470723894313132,noise_s3_r07:L405S-028:E4,-3.0931360333333333,5.0,2.2866434333333334,5.379779466666665
noise_s3_r07,noise,5,0.7,15,3.0,15090944,L405S-028-2025-06-05-E1,L405S-028,True,0.9419540266384742,noise_s3_r07:L405S-028:E5,3.3387264333333335,-25.0,-1.45948365,-4.798210083333334
noise_s3_r07,noise,5,0.7,15,3.0,15090944,L405S-030-2025-06-02-E1,L405S-030,True,0.9001452109599359,noise_s3_r07:L405S-030:E1,0.50681665,-15.0,4.2945881,3.7877714500000037
noise_s3_r07,noise,5,0.7,15,3.0,15090944,L405S-030-2025-06-03-E1,L405S-030,True,0.966318591814589,noise_s3_r07:L405S-030:E2,-1.6097697,0.0,-0.10596481666666667,1.5038048833333373
noise_s3_r07,noise,5,0.7,15,3.0,15090944,L405S-030-2025-06-04-E1,L405S-030,True,0.9338210632901551,noise_s3_r07:L405S-030:E3,-1.3128875,-5.0,-2.5194199000000004,-1.2065323999999933
noise_s3_r07,noise,5,0.7,15,3.0,15090944,L405S-058-2025-06-03-E1,L405S-058,True,0.9760723982694661,noise_s3_r07:L405S-058:E1,-3.5352085833333335,-70.0,-0.5857828333333334,2.949425750000003
noise_s3_r07,noise,5,0.7,15,3.0,15090944,L405S-058-2025-06-04-E1,L405S-058,True,0.9741096068063299,noise_s3_r07:L405S-058:E2,-3.6018626166666667,15.0,-0.47432158333333335,3.1275410333332765
noise_s3_r07,noise,5,0.7,15,3.0,15090944,L405S-058-2025-06-04-E2,L405S-058,True,0.9715753072143275,noise_s3_r07:L405S-058:E3,-1.01994945,0.0,-0.6895776833333334,0.3303717666666617
noise_s3_r07,noise,5,0.7,15,3.0,15090944,L405S-058-2025-06-05-E1,L405S-058,True,0.9187257562546116,noise_s3_r07:L405S-058:E4,-8.881274999999999,35.0,4.5307678000000005,13.412042799999986
noise_s3_r07,noise,5,0.7,15,3.0,15090944,L405S-115-2025-06-02-E1,L405S-115,True,0.9550629539808941,noise_s3_r07:L405S-115:E1,-0.09840481666666667,-20.0,3.61333095,3.7117357666666573
noise_s3_r07,noise,5,0.7,15,3.0,15090944,L405S-115-2025-06-02-E2,L405S-115,True,0.9557133731460911,noise_s3_r07:L405S-115:E2,-0.53720855,-5.0,-1.88810295,-1.3508943999999934
noise_s3_r07,noise,5,0.7,15,3.0,15090944,L405S-115-2025-06-03-E1,L405S-115,True,0.9922539468078204,noise_s3_r07:L405S-115:E3,0.8554479666666667,50.0,0.8167066666666667,-0.03874129999998033
noise_s3_r07,noise,5,0.7,15,3.0,15090944,L405S-115-2025-06-04-E1,L405S-115,True,0.9822402973169482,noise_s3_r07:L405S-115:E4,0.16641835,-10.0,2.9877085500000002,2.821290199999993
noise_s3_r07,noise,5,0.7,15,3.0,15090944,L405S-115-2025-06-05-E1,L405S-115,True,0.9896288323735146,noise_s3_r07:L405S-115:E5,0.6968698,-10.0,0.9568335166666666,0.2599637166666735
noise_s3_r08,noise,5,0.7,15,3.0,3531473329,L405S-012-2025-06-02-E1,L405S-012,True,0.8788196041229938,noise_s3_r08:L405S-012:E1,12.971373416666667,25.0,-3.8210979666666662,-16.792471383333343
noise_s3_r08,noise,5,0.7,15,3.0,3531473329,L405S-012-2025-06-03-E1,L405S-012,True,0.9803424942499228,noise_s3_r08:L405S-012:E2,-3.1354424166666663,0.0,-0.8039999833333333,2.331442433333306
noise_s3_r08,noise,5,0.7,15,3.0,3531473329,L405S-012-2025-06-03-E2,L405S-012,True,0.8924206604131542,noise_s3_r08:L405S-012:E3,-1.5048436833333334,0.0,-1.4192083999999998,0.08563528333333292
noise_s3_r08,noise,5,0.7,15,3.0,3531473329,L405S-012-2025-06-04-E1,L405S-012,True,0.9247814140003976,noise_s3_r08:L405S-012:E4,-11.739651133333332,20.0,0.3201371666666667,12.059788300000047
noise_s3_r08,noise,5,0.7,15,3.0,3531473329,L405S-012-2025-06-05-E1,L405S-012,True,0.9718520450484519,noise_s3_r08:L405S-012:E5,4.215680933333333,5.0,0.45692368333333333,-3.758757250000011
noise_s3_r08,noise,5,0.7,15,3.0,3531473329,L405S-018-2025-06-02-E1,L405S-018,False,0.0,,,,,
noise_s3_r08,noise,5,0.7,15,3.0,3531473329,L405S-018-2025-06-03-E1,L405S-018,True,0.6421669267879581,noise_s3_r08:L405S-018:E2,-47.18558265,-5.0,2.3327437833333335,49.51832643333332
noise_s3_r08,noise,5,0.7,15,3.0,3531473329,L405S-018-2025-06-03-E2,L405S-018,True,0.9923592917787507,noise_s3_r08:L405S-018:E3,0.07899779999999999,-15.0,-0.9570738333333334,-1.0360716333333375
noise_s3_r08,noise,5,0.7,15,3.0,3531473329,L405S-018-2025-06-04-E1,L405S-018,True,0.8433606392965436,noise_s3_r08:L405S-018:E4,-1.6456007,0.0,4.413612016666666,6.059212716666666
noise_s3_r08,noise,5,0.7,15,3.0,3531473329,L405S-018-2025-06-05-E1,L405S-018,True,0.9336814073084455,noise_s3_r08:L405S-018:E5,-7.66563015,-50.0,-1.3231373,6.342492849999992
noise_s3_r08,noise,5,0.7,15,3.0,3531473329,L405S-018-2025-06-05-E2,L405S-018,True,0.9620290416651494,noise_s3_r08:L405S-018:E6,-1.1339469666666666,0.0,-0.02508865,1.1088583166666754
noise_s3_r08,noise,5,0.7,15,3.0,3531473329,L405S-028-2025-06-03-E1,L405S-028,True,0.9459137959203563,noise_s3_r08:L405S-028:E1,-1.3888524333333334,0.0,-2.02364385,-0.6347914166666513
noise_s3_r08,noise,5,0.7,15,3.0,3531473329,L405S-028-2025-06-03-E2,L405S-028,True,0.9264321036221355,noise_s3_r08:L405S-028:E2,0.0812064,5.0,11.53862395,11.45741755000004
noise_s3_r08,noise,5,0.7,15,3.0,3531473329,L405S-028-2025-06-04-E1,L405S-028,True,0.979178869416869,noise_s3_r08:L405S-028:E3,0.22739816666666668,10.0,1.9043002333333334,1.6769020666666723
noise_s3_r08,noise,5,0.7,15,3.0,3531473329,L405S-028-2025-06-04-E2,L405S-028,True,0.9781507357497269,noise_s3_r08:L405S-028:E4,1.2076523,5.0,0.9156588,-0.2919934999999896
noise_s3_r08,noise,5,0.7,15,3.0,3531473329,L405S-028-2025-06-05-E1,L405S-028,True,0.9675201255215806,noise_s3_r08:L405S-028:E5,-1.4659374,-25.0,1.3090530666666667,2.774990466666658
noise_s3_r08,noise,5,0.7,15,3.0,3531473329,L405S-030-2025-06-02-E1,L405S-030,True,0.8529236808012002,noise_s3_r08:L405S-030:E1,-3.1618830333333334,-5.0,4.38904635,7.550929383333333
noise_s3_r08,noise,5,0.7,15,3.0,3531473329,L405S-030-2025-06-03-E1,L405S-030,True,0.9034229423395244,noise_s3_r08:L405S-030:E2,-4.368799433333334,0.0,-0.8173051333333333,3.5514943000000065
noise_s3_r08,noise,5,0.7,15,3.0,3531473329,L405S-030-2025-06-04-E1,L405S-030,True,0.8691419234361109,noise_s3_r08:L405S-030:E3,4.7374194833333325,-5.0,-2.66854275,-7.405962233333336
noise_s3_r08,noise,5,0.7,15,3.0,3531473329,L405S-058-2025-06-03-E1,L405S-058,True,0.8454753091269733,noise_s3_r08:L405S-058:E1,23.114164633333335,-45.0,-2.9529620666666667,-26.06712670000001
noise_s3_r08,noise,5,0.7,15,3.0,3531473329,L405S-058-2025-06-04-E1,L405S-058,True,0.952961333577229,noise_s3_r08:L405S-058:E2,-4.629480566666667,0.0,-2.8246261166666664,1.8048544499999686
noise_s3_r08,noise,5,0.7,15,3.0,3531473329,L405S-058-2025-06-04-E2,L405S-058,True,0.9665457523080128,noise_s3_r08:L405S-058:E3,-0.8220768333333334,0.0,1.2242770166666666,2.0463538499999956
noise_s3_r08,noise,5,0.7,15,3.0,3531473329,L405S-058-2025-06-05-E1,L405S-058,True,0.9551289787885701,noise_s3_r08:L405S-058:E4,6.480566416666666,0.0,-0.3223297,-6.802896116666668
noise_s3_r08,noise,5,0.7,15,3.0,3531473329,L405S-115-2025-06-02-E1,L405S-115,True,0.9697895611581564,noise_s3_r08:L405S-115:E1,-0.9555021,-5.0,1.5019443333333333,2.45744643333333
noise_s3_r08,noise,5,0.7,15,3.0,3531473329,L405S-115-2025-06-02-E2,L405S-115,True,0.8983472209891157,noise_s3_r08:L405S-115:E2,1.3679856833333335,-10.0,4.613266683333333,3.245281000000011
noise_s3_r08,noise,5,0.7,15,3.0,3531473329,L405S-115-2025-06-03-E1,L405S-115,True,0.9937286008271398,noise_s3_r08:L405S-115:E3,-0.47410953333333333,-5.0,-0.8775602833333332,-0.403450749999994
noise_s3_r08,noise,5,0.7,15,3.0,3531473329,L405S-115-2025-06-04-E1,L405S-115,True,0.9808928290813018,noise_s3_r08:L405S-115:E4,-2.2243769833333333,-15.0,1.1769639,3.4013408833333525
noise_s3_r08,noise,5,0.7,15,3.0,3531473329,L405S-115-2025-06-05-E1,L405S-115,True,0.9733907363424796,noise_s3_r08:L405S-115:E5,-0.52933015,-15.0,3.8034000166666666,4.332730166666678
noise_s3_r09,noise,5,0.7,15,3.0,559689430,L405S-012-2025-06-02-E1,L405S-012,True,0.8553138717484754,noise_s3_r09:L405S-012:E1,16.2918907,0.0,-3.7578677666666667,-20.049758466666656
noise_s3_r09,noise,5,0.7,15,3.0,559689430,L405S-012-2025-06-03-E1,L405S-012,True,0.9639932304735429,noise_s3_r09:L405S-012:E2,-2.4776344499999996,0.0,-4.71457995,-2.2369455000000205
noise_s3_r09,noise,5,0.7,15,3.0,559689430,L405S-012-2025-06-03-E2,L405S-012,True,0.9392734320716397,noise_s3_r09:L405S-012:E3,1.2106027833333333,0.0,-0.3485871,-1.559189883333335
noise_s3_r09,noise,5,0.7,15,3.0,559689430,L405S-012-2025-06-04-E1,L405S-012,True,0.9310357424338845,noise_s3_r09:L405S-012:E4,-6.6066744,5.0,4.3760813,10.98275570000002
noise_s3_r09,noise,5,0.7,15,3.0,559689430,L405S-012-2025-06-05-E1,L405S-012,True,0.9470221105167589,noise_s3_r09:L405S-012:E5,0.9230167666666667,-5.0,8.286172983333334,7.363156216666651
noise_s3_r09,noise,5,0.7,15,3.0,559689430,L405S-018-2025-06-02-E1,L405S-018,True,0.8562661821924837,noise_s3_r09:L405S-018:E2,2.3278337333333337,0.0,0.8857160666666667,-1.4421176666666646
noise_s3_r09,noise,5,0.7,15,3.0,559689430,L405S-018-2025-06-03-E1,L405S-018,True,0.933982026957909,noise_s3_r09:L405S-018:E3,-3.8808981166666663,-5.0,2.400511016666667,6.28140913333334
noise_s3_r09,noise,5,0.7,15,3.0,559689430,L405S-018-2025-06-03-E2,L405S-018,True,0.9090364862061383,noise_s3_r09:L405S-018:E4,7.546895233333333,55.0,-4.787657216666667,-12.33455245
noise_s3_r09,noise,5,0.7,15,3.0,559689430,L405S-018-2025-06-04-E1,L405S-018,True,0.8182213371100058,noise_s3_r09:L405S-018:E5,-4.364137266666666,0.0,-2.3593996666666666,2.0047375999999972
noise_s3_r09,noise,5,0.7,15,3.0,559689430,L405S-018-2025-06-05-E1,L405S-018,True,0.9143911562141066,noise_s3_r09:L405S-018:E6,8.052447583333334,-10.0,-2.8946588833333333,-10.947106466666657
noise_s3_r09,noise,5,0.7,15,3.0,559689430,L405S-018-2025-06-05-E2,L405S-018,True,0.8109307584142916,noise_s3_r09:L405S-018:E7,-4.8161228000000005,5.0,2.036256633333333,6.8523794333333345
noise_s3_r09,noise,5,0.7,15,3.0,559689430,L405S-028-2025-06-03-E1,L405S-028,True,0.9435369541390877,noise_s3_r09:L405S-028:E1,0.30262558333333334,0.0,3.3717974500000003,3.0691718666666734
noise_s3_r09,noise,5,0.7,15,3.0,559689430,L405S-028-2025-06-03-E2,L405S-028,True,0.9339712235036691,noise_s3_r09:L405S-028:E2,2.2600711833333333,0.0,7.9307544,5.670683216666683
noise_s3_r09,noise,5,0.7,15,3.0,559689430,L405S-028-2025-06-04-E1,L405S-028,True,0.9316573278354044,noise_s3_r09:L405S-028:E3,6.326080616666667,15.0,0.5804699833333333,-5.745610633333351
noise_s3_r09,noise,5,0.7,15,3.0,559689430,L405S-028-2025-06-04-E2,L405S-028,True,0.966617959949952,noise_s3_r09:L405S-028:E4,2.31220115,20.0,0.9324245666666666,-1.3797765833333209
noise_s3_r09,noise,5,0.7,15,3.0,559689430,L405S-028-2025-06-05-E1,L405S-028,True,0.9469990728845101,noise_s3_r09:L405S-028:E5,2.2386821666666665,-10.0,2.2624025333333337,0.02372036666668187
noise_s3_r09,noise,5,0.7,15,3.0,559689430,L405S-030-2025-06-02-E1,L405S-030,True,0.913351507265868,noise_s3_r09:L405S-030:E1,-1.6658502000000002,-5.0,2.488383183333333,4.154233383333327
noise_s3_r09,noise,5,0.7,15,3.0,559689430,L405S-030-2025-06-03-E1,L405S-030,True,0.9725381337769966,noise_s3_r09:L405S-030:E2,1.0574761,15.0,0.3056199,-0.7518561999999962
noise_s3_r09,noise,5,0.7,15,3.0,559689430,L405S-030-2025-06-04-E1,L405S-030,True,0.9925414712195618,noise_s3_r09:L405S-030:E3,-0.0768045,0.0,-0.3458866,-0.2690821000000021
noise_s3_r09,noise,5,0.7,15,3.0,559689430,L405S-058-2025-06-03-E1,L405S-058,True,0.9568843039198871,noise_s3_r09:L405S-058:E1,-2.657264066666667,-50.0,4.943745000000001,7.601009066666666
noise_s3_r09,noise,5,0.7,15,3.0,559689430,L405S-058-2025-06-04-E1,L405S-058,True,0.9805800407337261,noise_s3_r09:L405S-058:E3,2.052653633333333,20.0,-0.93487725,-2.9875308833333847
noise_s3_r09,noise,5,0.7,15,3.0,559689430,L405S-058-2025-06-04-E2,L405S-058,True,0.9806652008331117,noise_s3_r09:L405S-058:E4,-1.0165703166666666,0.0,0.1490867,1.1656570166666702
noise_s3_r09,noise,5,0.7,15,3.0,559689430,L405S-058-2025-06-05-E1,L405S-058,True,0.9982330445450526,noise_s3_r09:L405S-058:E5,-0.0552326,15.0,-0.21275313333333334,-0.15752053333335958
noise_s3_r09,noise,5,0.7,15,3.0,559689430,L405S-115-2025-06-02-E1,L405S-115,True,0.9941089029533734,noise_s3_r09:L405S-115:E1,-0.17975155,0.0,-0.28603738333333334,-0.10628583333335051
noise_s3_r09,noise,5,0.7,15,3.0,559689430,L405S-115-2025-06-02-E2,L405S-115,True,0.9006001634571495,noise_s3_r09:L405S-115:E2,-1.5805098833333333,-5.0,4.404533683333333,5.985043566666668
noise_s3_r09,noise,5,0.7,15,3.0,559689430,L405S-115-2025-06-03-E1,L405S-115,True,0.9971343512293097,noise_s3_r09:L405S-115:E3,0.2928767666666667,0.0,-0.32339566666666664,-0.6162724333333447
noise_s3_r09,noise,5,0.7,15,3.0,559689430,L405S-115-2025-06-04-E1,L405S-115,True,0.9807103954986048,noise_s3_r09:L405S-115:E4,-2.182985883333333,-35.0,-1.2273291166666667,0.9556567666666727
noise_s3_r09,noise,5,0.7,15,3.0,559689430,L405S-115-2025-06-05-E1,L405S-115,True,0.9881510983928283,noise_s3_r09:L405S-115:E5,-1.1389630166666669,5.0,0.7615494833333333,1.9005125000000156
noise_s3_r10,noise,5,0.7,15,3.0,2212819897,L405S-012-2025-06-02-E1,L405S-012,True,0.9159785201436428,noise_s3_r10:L405S-012:E1,10.851431483333332,25.0,0.8644027833333333,-9.987028700000016
noise_s3_r10,noise,5,0.7,15,3.0,2212819897,L405S-012-2025-06-03-E1,L405S-012,True,0.9965327337197057,noise_s3_r10:L405S-012:E2,0.46986578333333334,-50.0,0.21486175,-0.25500403333336585
noise_s3_r10,noise,5,0.7,15,3.0,2212819897,L405S-012-2025-06-03-E2,L405S-012,True,0.9024704877718568,noise_s3_r10:L405S-012:E3,-0.7597183333333334,0.0,2.0150281833333334,2.774746516666664
noise_s3_r10,noise,5,0.7,15,3.0,2212819897,L405S-012-2025-06-04-E1,L405S-012,True,0.9923146751763026,noise_s3_r10:L405S-012:E4,0.45218835,10.0,0.6926387666666667,0.24045041666668432
noise_s3_r10,noise,5,0.7,15,3.0,2212819897,L405S-012-2025-06-05-E1,L405S-012,True,0.9852702489574012,noise_s3_r10:L405S-012:E5,-2.3023895166666666,-5.0,-0.16995548333333332,2.1324340333333325
noise_s3_r10,noise,5,0.7,15,3.0,2212819897,L405S-018-2025-06-02-E1,L405S-018,True,0.9664952161818147,noise_s3_r10:L405S-018:E1,0.2584519833333333,-5.0,-0.46096038333333333,-0.7194123666666608
noise_s3_r10,noise,5,0.7,15,3.0,2212819897,L405S-018-2025-06-03-E1,L405S-018,True,0.9100026697036454,noise_s3_r10:L405S-018:E2,-6.713755333333333,5.0,2.07485835,8.788613683333327
noise_s3_r10,noise,5,0.7,15,3.0,2212819897,L405S-018-2025-06-03-E2,L405S-018,True,0.9520737807508232,noise_s3_r10:L405S-018:E3,-3.046611283333333,-10.0,3.7792700333333333,6.82588131666666
noise_s3_r10,noise,5,0.7,15,3.0,2212819897,L405S-018-2025-06-04-E1,L405S-018,True,0.9275843284779636,noise_s3_r10:L405S-018:E4,1.6577823666666667,-5.0,0.7596719666666666,-0.8981103999999962
noise_s3_r10,noise,5,0.7,15,3.0,2212819897,L405S-018-2025-06-05-E1,L405S-018,True,0.9800950584452898,noise_s3_r10:L405S-018:E5,1.5449772499999999,0.0,1.0206542833333334,-0.5243229666666593
noise_s3_r10,noise,5,0.7,15,3.0,2212819897,L405S-018-2025-06-05-E2,L405S-018,True,0.889466268411968,noise_s3_r10:L405S-018:E6,-2.663060616666667,0.0,-0.879919,1.7831416166666736
noise_s3_r10,noise,5,0.7,15,3.0,2212819897,L405S-028-2025-06-03-E1,L405S-028,True,0.9153950486682049,noise_s3_r10:L405S-028:E1,-0.10156271666666666,0.0,-5.127561783333333,-5.025999066666655
noise_s3_r10,noise,5,0.7,15,3.0,2212819897,L405S-028-2025-06-03-E2,L405S-028,True,0.9770038836456477,noise_s3_r10:L405S-028:E2,-2.474502833333333,0.0,0.9715680333333334,3.446070866666675
noise_s3_r10,noise,5,0.7,15,3.0,2212819897,L405S-028-2025-06-04-E1,L405S-028,True,0.97196981258961,noise_s3_r10:L405S-028:E3,-0.94993015,35.0,-1.8930910666666667,-0.9431609166666677
noise_s3_r10,noise,5,0.7,15,3.0,2212819897,L405S-028-2025-06-04-E2,L405S-028,True,0.9908727218606969,noise_s3_r10:L405S-028:E4,0.8358274833333332,5.0,-0.042803766666666666,-0.8786312500000015
noise_s3_r10,noise,5,0.7,15,3.0,2212819897,L405S-028-2025-06-05-E1,L405S-028,True,0.9625776780617399,noise_s3_r10:L405S-028:E5,-1.9388049500000002,0.0,1.2748711666666668,3.213676116666666
noise_s3_r10,noise,5,0.7,15,3.0,2212819897,L405S-030-2025-06-02-E1,L405S-030,True,0.937765846705107,noise_s3_r10:L405S-030:E1,1.5241046333333335,-15.0,-1.2010842833333333,-2.72518891666667
noise_s3_r10,noise,5,0.7,15,3.0,2212819897,L405S-030-2025-06-03-E1,L405S-030,True,0.8991612515952659,noise_s3_r10:L405S-030:E2,-4.96641305,0.0,0.5658642833333333,5.532277333333335
noise_s3_r10,noise,5,0.7,15,3.0,2212819897,L405S-030-2025-06-04-E1,L405S-030,True,0.6821126344534865,noise_s3_r10:L405S-030:E3,17.951982383333334,0.0,0.0571358,-17.894846583333337
noise_s3_r10,noise,5,0.7,15,3.0,2212819897,L405S-058-2025-06-03-E1,L405S-058,True,0.9487507917994336,noise_s3_r10:L405S-058:E1,-3.4419823,-45.0,-5.379763766666667,-1.9377814666666637
noise_s3_r10,noise,5,0.7,15,3.0,2212819897,L405S-058-2025-06-04-E1,L405S-058,True,0.9545535448951388,noise_s3_r10:L405S-058:E2,-2.9986158,40.0,-4.129059883333333,-1.130444083333355
noise_s3_r10,noise,5,0.7,15,3.0,2212819897,L405S-058-2025-06-04-E2,L405S-058,True,0.9822469222288748,noise_s3_r10:L405S-058:E3,-1.0285404833333334,-20.0,0.04003415,1.0685746333333324
noise_s3_r10,noise,5,0.7,15,3.0,2212819897,L405S-058-2025-06-05-E1,L405S-058,True,0.850617412911197,noise_s3_r10:L405S-058:E4,19.57024211666667,20.0,3.6181411666666667,-15.952100950000014
noise_s3_r10,noise,5,0.7,15,3.0,2212819897,L405S-115-2025-06-02-E1,L405S-115,True,0.9819748953143936,noise_s3_r10:L405S-115:E1,-0.6737008166666667,-20.0,-0.7603861666666667,-0.08668535000000865
noise_s3_r10,noise,5,0.7,15,3.0,2212819897,L405S-115-2025-06-02-E2,L405S-115,True,0.9899747623898334,noise_s3_r10:L405S-115:E2,0.16774604999999998,5.0,0.3796966666666667,0.21195061666667403
noise_s3_r10,noise,5,0.7,15,3.0,2212819897,L405S-115-2025-06-03-E1,L405S-115,True,0.9901497632908138,noise_s3_r10:L405S-115:E3,-1.2138611,-20.0,0.9255564833333333,2.139417583333323
noise_s3_r10,noise,5,0.7,15,3.0,2212819897,L405S-115-2025-06-04-E1,L405S-115,True,0.9819715632723949,noise_s3_r10:L405S-115:E4,-1.4221796333333332,35.0,-1.75145045,-0.32927081666666247
noise_s3_r10,noise,5,0.7,15,3.0,2212819897,L405S-115-2025-06-05-E1,L405S-115,True,0.9659612648137657,noise_s3_r10:L405S-115:E5,-0.5709052,0.0,5.014178650000001,5.585083850000014
noise_s5_r01,noise,5,0.7,15,5.0,3384425193,L405S-012-2025-06-02-E1,L405S-012,True,0.7882786569269059,noise_s5_r01:L405S-012:E1,25.351233733333334,-10.0,5.058963833333333,-20.292269900000008
noise_s5_r01,noise,5,0.7,15,5.0,3384425193,L405S-012-2025-06-03-E1,L405S-012,True,0.9554621206297718,noise_s5_r01:L405S-012:E2,-8.343179266666667,0.0,-0.8143306,7.528848666666645
noise_s5_r01,noise,5,0.7,15,5.0,3384425193,L405S-012-2025-06-03-E2,L405S-012,True,0.8014571506931185,noise_s5_r01:L405S-012:E3,-2.40070865,0.0,3.95983465,6.360543299999998
noise_s5_r01,noise,5,0.7,15,5.0,3384425193,L405S-012-2025-06-04-E1,L405S-012,True,0.9748671097781136,noise_s5_r01:L405S-012:E4,0.5897408666666667,-55.0,-3.13671555,-3.7264564166666503
noise_s5_r01,noise,5,0.7,15,5.0,3384425193,L405S-012-2025-06-05-E1,L405S-012,True,0.9658710507332627,noise_s5_r01:L405S-012:E5,5.6329801,0.0,0.017481233333333335,-5.615498866666684
noise_s5_r01,noise,5,0.7,15,5.0,3384425193,L405S-018-2025-06-02-E1,L405S-018,False,0.0,,,,,
noise_s5_r01,noise,5,0.7,15,5.0,3384425193,L405S-018-2025-06-03-E1,L405S-018,True,0.9475545954175246,noise_s5_r01:L405S-018:E2,3.0345880500000004,-5.0,1.7159976666666668,-1.318590383333329
noise_s5_r01,noise,5,0.7,15,5.0,3384425193,L405S-018-2025-06-03-E2,L405S-018,True,0.9938016326289222,noise_s5_r01:L405S-018:E3,0.6194210000000001,-10.0,-0.2210708,-0.8404918000000183
noise_s5_r01,noise,5,0.7,15,5.0,3384425193,L405S-018-2025-06-04-E1,L405S-018,True,0.7221181706819261,noise_s5_r01:L405S-018:E5,-8.8683122,-10.0,3.6856408833333334,12.553953083333338
noise_s5_r01,noise,5,0.7,15,5.0,3384425193,L405S-018-2025-06-05-E1,L405S-018,True,0.9111538781973116,noise_s5_r01:L405S-018:E6,-2.3643536666666667,-45.0,10.104526683333335,12.468880349999978
noise_s5_r01,noise,5,0.7,15,5.0,3384425193,L405S-018-2025-06-05-E2,L405S-018,True,0.903035411292774,noise_s5_r01:L405S-018:E7,-0.8650617833333333,5.0,-2.068638733333333,-1.203576949999996
noise_s5_r01,noise,5,0.7,15,5.0,3384425193,L405S-028-2025-06-03-E1,L405S-028,True,0.5711753178158506,noise_s5_r01:L405S-028:E1,24.94619296666667,25.0,2.6512862166666666,-22.294906749999996
noise_s5_r01,noise,5,0.7,15,5.0,3384425193,L405S-028-2025-06-03-E2,L405S-028,True,0.8420425926794765,noise_s5_r01:L405S-028:E2,17.835574883333333,-20.0,6.283193466666666,-11.552381416666657
noise_s5_r01,noise,5,0.7,15,5.0,3384425193,L405S-028-2025-06-04-E1,L405S-028,True,0.9723208787761688,noise_s5_r01:L405S-028:E3,0.5609389333333333,25.0,2.2833834666666664,1.7224445333333271
noise_s5_r01,noise,5,0.7,15,5.0,3384425193,L405S-028-2025-06-04-E2,L405S-028,True,0.9303294767693239,noise_s5_r01:L405S-028:E4,-3.4201943333333333,0.0,3.7888492499999997,7.209043583333341
noise_s5_r01,noise,5,0.7,15,5.0,3384425193,L405S-028-2025-06-05-E1,L405S-028,True,0.954178149660331,noise_s5_r01:L405S-028:E5,-1.7045351333333334,5.0,-2.1613065333333332,-0.45677140000000005
noise_s5_r01,noise,5,0.7,15,5.0,3384425193,L405S-030-2025-06-02-E1,L405S-030,True,0.7093847134581976,noise_s5_r01:L405S-030:E1,5.20868495,0.0,-7.517149916666667,-12.72583486666667
noise_s5_r01,noise,5,0.7,15,5.0,3384425193,L405S-030-2025-06-03-E1,L405S-030,True,0.9437115015975341,noise_s5_r01:L405S-030:E2,0.5734146833333333,0.0,2.3347346,1.7613199166666704
noise_s5_r01,noise,5,0.7,15,5.0,3384425193,L405S-030-2025-06-04-E1,L405S-030,True,0.9693083753350437,noise_s5_r01:L405S-030:E4,-1.2410658666666667,0.0,0.5509377166666667,1.7920035833333392
noise_s5_r01,noise,5,0.7,15,5.0,3384425193,L405S-058-2025-06-03-E1,L405S-058,True,0.6765639842904744,noise_s5_r01:L405S-058:E1,16.45477088333333,15.0,-38.106397,-54.56116788333333
noise_s5_r01,noise,5,0.7,15,5.0,3384425193,L405S-058-2025-06-04-E1,L405S-058,True,0.9342607429950714,noise_s5_r01:L405S-058:E2,9.097124283333333,5.0,1.0875789666666666,-8.00954531666668
noise_s5_r01,noise,5,0.7,15,5.0,3384425193,L405S-058-2025-06-04-E2,L405S-058,True,0.945056721289393,noise_s5_r01:L405S-058:E4,3.0361647,-10.0,-0.2122125,-3.2483772000000033
noise_s5_r01,noise,5,0.7,15,5.0,3384425193,L405S-058-2025-06-05-E1,L405S-058,True,0.9469803297809664,noise_s5_r01:L405S-058:E5,5.996493766666666,-10.0,-2.041819133333333,-8.038312900000024
noise_s5_r01,noise,5,0.7,15,5.0,3384425193,L405S-115-2025-06-02-E1,L405S-115,True,0.9828938893113047,noise_s5_r01:L405S-115:E1,0.26011408333333336,5.0,1.1082914,0.8481773166666562
noise_s5_r01,noise,5,0.7,15,5.0,3384425193,L405S-115-2025-06-02-E2,L405S-115,True,0.7950149715116934,noise_s5_r01:L405S-115:E2,0.6457111833333333,0.0,13.169516816666667,12.523805633333344
noise_s5_r01,noise,5,0.7,15,5.0,3384425193,L405S-115-2025-06-03-E1,L405S-115,True,0.9984964066785164,noise_s5_r01:L405S-115:E3,-0.30093118333333335,-20.0,-0.022876733333333333,0.2780544500000115
noise_s5_r01,noise,5,0.7,15,5.0,3384425193,L405S-115-2025-06-04-E1,L405S-115,True,0.9889450830845478,noise_s5_r01:L405S-115:E4,-1.6382457166666666,5.0,-0.3101916333333333,1.3280540833333454
noise_s5_r01,noise,5,0.7,15,5.0,3384425193,L405S-115-2025-06-05-E1,L405S-115,True,0.9791936943700016,noise_s5_r01:L405S-115:E5,0.4203787333333333,10.0,-2.8773199333333332,-3.297698666666644
noise_s5_r02,noise,5,0.7,15,5.0,1341183672,L405S-012-2025-06-02-E1,L405S-012,True,0.9892940918872608,noise_s5_r02:L405S-012:E1,-0.6121721833333333,0.0,-0.8779438833333334,-0.26577169999998596
noise_s5_r02,noise,5,0.7,15,5.0,1341183672,L405S-012-2025-06-03-E1,L405S-012,True,0.9452757808217637,noise_s5_r02:L405S-012:E2,4.367645283333333,-5.0,6.799837216666666,2.432191933333332
noise_s5_r02,noise,5,0.7,15,5.0,1341183672,L405S-012-2025-06-03-E2,L405S-012,True,0.9239756241019231,noise_s5_r02:L405S-012:E3,1.9106859500000002,0.0,-0.04128403333333333,-1.951969983333336
noise_s5_r02,noise,5,0.7,15,5.0,1341183672,L405S-012-2025-06-04-E1,L405S-012,True,0.9113061858738222,noise_s5_r02:L405S-012:E4,-12.727472016666667,5.0,1.7030693833333332,14.430541400000028
noise_s5_r02,noise,5,0.7,15,5.0,1341183672,L405S-012-2025-06-05-E1,L405S-012,True,0.9753136514975189,noise_s5_r02:L405S-012:E5,-2.7168003833333336,-5.0,1.4733314166666667,4.190131799999985
noise_s5_r02,noise,5,0.7,15,5.0,1341183672,L405S-018-2025-06-02-E1,L405S-018,True,0.6515204324195377,noise_s5_r02:L405S-018:E2,-2.83780815,-5.0,8.646910433333334,11.484718583333335
noise_s5_r02,noise,5,0.7,15,5.0,1341183672,L405S-018-2025-06-03-E1,L405S-018,True,0.8374038661195999,noise_s5_r02:L405S-018:E3,6.211374533333333,0.0,-8.237819716666667,-14.449194250000005
noise_s5_r02,noise,5,0.7,15,5.0,1341183672,L405S-018-2025-06-03-E2,L405S-018,True,0.9252463742333534,noise_s5_r02:L405S-018:E4,-0.21797238333333332,-15.0,-9.9348313,-9.716858916666666
noise_s5_r02,noise,5,0.7,15,5.0,1341183672,L405S-018-2025-06-04-E1,L405S-018,True,0.9167119748256631,noise_s5_r02:L405S-018:E6,1.9665655499999999,0.0,-0.7505692833333334,-2.7171348333333354
noise_s5_r02,noise,5,0.7,15,5.0,1341183672,L405S-018-2025-06-05-E1,L405S-018,True,0.892462312627994,noise_s5_r02:L405S-018:E7,8.260807516666667,-10.0,-5.490417949999999,-13.751225466666654
noise_s5_r02,noise,5,0.7,15,5.0,1341183672,L405S-018-2025-06-05-E2,L405S-018,True,0.728670753775211,noise_s5_r02:L405S-018:E8,-1.2181010833333334,0.0,9.725734600000001,10.943835683333344
noise_s5_r02,noise,5,0.7,15,5.0,1341183672,L405S-028-2025-06-03-E1,L405S-028,True,0.444895400071286,noise_s5_r02:L405S-028:E1,32.85249928333334,25.0,-1.4001202833333333,-34.25261956666665
noise_s5_r02,noise,5,0.7,15,5.0,1341183672,L405S-028-2025-06-03-E2,L405S-028,True,0.9715235126473803,noise_s5_r02:L405S-028:E2,-2.3436135833333336,-20.0,1.9477874166666667,4.291401000000006
noise_s5_r02,noise,5,0.7,15,5.0,1341183672,L405S-028-2025-06-04-E1,L405S-028,True,0.9451720615654138,noise_s5_r02:L405S-028:E3,4.250093116666666,15.0,1.33188885,-2.9182042666666863
noise_s5_r02,noise,5,0.7,15,5.0,1341183672,L405S-028-2025-06-04-E2,L405S-028,True,0.9672496476969158,noise_s5_r02:L405S-028:E4,1.6242715166666666,10.0,1.5801701,-0.04410141666665979
noise_s5_r02,noise,5,0.7,15,5.0,1341183672,L405S-028-2025-06-05-E1,L405S-028,True,0.916106697674532,noise_s5_r02:L405S-028:E5,5.75109855,-5.0,-1.1837096,-6.934808149999996
noise_s5_r02,noise,5,0.7,15,5.0,1341183672,L405S-030-2025-06-02-E1,L405S-030,True,0.7253466263595659,noise_s5_r02:L405S-030:E1,-2.91984075,-15.0,-9.908977516666665,-6.989136766666668
noise_s5_r02,noise,5,0.7,15,5.0,1341183672,L405S-030-2025-06-03-E1,L405S-030,True,0.8161341655212337,noise_s5_r02:L405S-030:E2,-6.0803704000000005,-15.0,-4.1077655,1.9726049000000057
noise_s5_r02,noise,5,0.7,15,5.0,1341183672,L405S-030-2025-06-04-E1,L405S-030,True,0.7872990095787699,noise_s5_r02:L405S-030:E4,4.299314666666667,0.0,-7.738578166666667,-12.03789283333334
noise_s5_r02,noise,5,0.7,15,5.0,1341183672,L405S-058-2025-06-03-E1,L405S-058,True,0.7433048287318754,noise_s5_r02:L405S-058:E1,13.414510166666668,-50.0,-29.88799065,-43.30250081666669
noise_s5_r02,noise,5,0.7,15,5.0,1341183672,L405S-058-2025-06-04-E1,L405S-058,True,0.9132175410974674,noise_s5_r02:L405S-058:E2,9.040776366666668,30.0,-4.3096778,-13.350454166666683
noise_s5_r02,noise,5,0.7,15,5.0,1341183672,L405S-058-2025-06-04-E2,L405S-058,True,0.9233376091698121,noise_s5_r02:L405S-058:E3,4.0056218999999995,-20.0,0.5705830833333334,-3.4350388166666757
noise_s5_r02,noise,5,0.7,15,5.0,1341183672,L405S-058-2025-06-05-E1,L405S-058,True,0.8799071115477836,noise_s5_r02:L405S-058:E4,-16.63269135,-20.0,4.059588733333333,20.692280083333312
noise_s5_r02,noise,5,0.7,15,5.0,1341183672,L405S-115-2025-06-02-E1,L405S-115,True,0.9479363057167557,noise_s5_r02:L405S-115:E1,2.0249873833333334,5.0,-2.0821526666666665,-4.107140050000004
noise_s5_r02,noise,5,0.7,15,5.0,1341183672,L405S-115-2025-06-02-E2,L405S-115,True,0.9467886931680447,noise_s5_r02:L405S-115:E2,-0.9663313,-5.0,2.0813147666666665,3.047646066666676
noise_s5_r02,noise,5,0.7,15,5.0,1341183672,L405S-115-2025-06-03-E1,L405S-115,True,0.970780956304999,noise_s5_r02:L405S-115:E3,0.32789318333333334,55.0,6.13507265,5.807179466666668
noise_s5_r02,noise,5,0.7,15,5.0,1341183672,L405S-115-2025-06-04-E1,L405S-115,True,0.9933548592824671,noise_s5_r02:L405S-115:E4,0.9619194833333334,-30.0,0.19973239999999998,-0.7621870833333144
noise_s5_r02,noise,5,0.7,15,5.0,1341183672,L405S-115-2025-06-05-E1,L405S-115,True,0.980681508079258,noise_s5_r02:L405S-115:E5,0.18458491666666665,0.0,-2.877302483333333,-3.061887400000005
noise_s5_r03,noise,5,0.7,15,5.0,3440811864,L405S-012-2025-06-02-E1,L405S-012,True,0.941320764127031,noise_s5_r03:L405S-012:E1,-8.307305366666666,-5.0,0.3310101166666667,8.638315483333345
noise_s5_r03,noise,5,0.7,15,5.0,3440811864,L405S-012-2025-06-03-E1,L405S-012,True,0.9541646663364266,noise_s5_r03:L405S-012:E2,3.794279566666667,20.0,-5.247589700000001,-9.041869266666671
noise_s5_r03,noise,5,0.7,15,5.0,3440811864,L405S-012-2025-06-03-E2,L405S-012,True,0.8878403007439988,noise_s5_r03:L405S-012:E3,-1.2379361666666666,0.0,2.0056262,3.2435623666666666
noise_s5_r03,noise,5,0.7,15,5.0,3440811864,L405S-012-2025-06-04-E1,L405S-012,True,0.9825077153432062,noise_s5_r03:L405S-012:E4,1.6902669333333333,40.0,-0.90331605,-2.5935829833333024
noise_s5_r03,noise,5,0.7,15,5.0,3440811864,L405S-012-2025-06-05-E1,L405S-012,True,0.9484133994332595,noise_s5_r03:L405S-012:E5,6.129178666666666,-50.0,-2.4107067,-8.53988536666666
noise_s5_r03,noise,5,0.7,15,5.0,3440811864,L405S-018-2025-06-02-E1,L405S-018,False,0.0,,,,,
noise_s5_r03,noise,5,0.7,15,5.0,3440811864,L405S-018-2025-06-03-E1,L405S-018,True,0.9367623544116278,noise_s5_r03:L405S-018:E2,0.4642667166666667,50.0,-5.1553812,-5.619647916666679
noise_s5_r03,noise,5,0.7,15,5.0,3440811864,L405S-018-2025-06-03-E2,L405S-018,True,0.8970248616928683,noise_s5_r03:L405S-018:E3,13.605745299999999,-10.0,0.39861796666666666,-13.207127333333348
noise_s5_r03,noise,5,0.7,15,5.0,3440811864,L405S-018-2025-06-04-E1,L405S-018,True,0.7327308055107562,noise_s5_r03:L405S-018:E5,-7.77720345,-5.0,4.122416183333333,11.899619633333332
noise_s5_r03,noise,5,0.7,15,5.0,3440811864,L405S-018-2025-06-05-E1,L405S-018,True,0.8946839244555297,noise_s5_r03:L405S-018:E6,6.052045433333333,-40.0,-7.41509465,-13.467140083333323
noise_s5_r03,noise,5,0.7,15,5.0,3440811864,L405S-018-2025-06-05-E2,L405S-018,True,0.8694520643931041,noise_s5_r03:L405S-018:E7,-3.3226035,0.0,-0.9480009500000001,2.374602550000003
noise_s5_r03,noise,5,0.7,15,5.0,3440811864,L405S-028-2025-06-03-E1,L405S-028,True,0.8551652473893547,noise_s5_r03:L405S-028:E1,-0.4738175833333333,-10.0,9.976793916666667,10.450611500000004
noise_s5_r03,noise,5,0.7,15,5.0,3440811864,L405S-028-2025-06-03-E2,L405S-028,True,0.8524177556711037,noise_s5_r03:L405S-028:E2,3.276991833333333,5.0,21.503879316666666,18.22688748333336
noise_s5_r03,noise,5,0.7,15,5.0,3440811864,L405S-028-2025-06-04-E1,L405S-028,True,0.9337511567941058,noise_s5_r03:L405S-028:E3,-1.6644910333333334,-5.0,-5.10227725,-3.437786216666665
noise_s5_r03,noise,5,0.7,15,5.0,3440811864,L405S-028-2025-06-04-E2,L405S-028,True,0.9345839573700001,noise_s5_r03:L405S-028:E4,-6.6501196333333334,5.0,0.08788501666666666,6.738004650000016
noise_s5_r03,noise,5,0.7,15,5.0,3440811864,L405S-028-2025-06-05-E1,L405S-028,True,0.5964095194769626,noise_s5_r03:L405S-028:E5,29.677021933333332,-25.0,-3.68467055,-33.36169248333333
noise_s5_r03,noise,5,0.7,15,5.0,3440811864,L405S-030-2025-06-02-E1,L405S-030,True,0.7944981737930594,noise_s5_r03:L405S-030:E1,-0.23052798333333333,0.0,-8.81562345,-8.585095466666665
noise_s5_r03,noise,5,0.7,15,5.0,3440811864,L405S-030-2025-06-03-E1,L405S-030,True,0.9374195841235834,noise_s5_r03:L405S-030:E2,2.0006010666666665,5.0,1.1590454666666665,-0.8415556000000013
noise_s5_r03,noise,5,0.7,15,5.0,3440811864,L405S-030-2025-06-04-E1,L405S-030,True,0.6413197825136754,noise_s5_r03:L405S-030:E4,20.146842183333334,0.0,0.23825883333333334,-19.908583350000004
noise_s5_r03,noise,5,0.7,15,5.0,3440811864,L405S-058-2025-06-03-E1,L405S-058,True,0.6996056288858669,noise_s5_r03:L405S-058:E2,8.178001216666667,10.0,-42.49621846666666,-50.67421968333334
noise_s5_r03,noise,5,0.7,15,5.0,3440811864,L405S-058-2025-06-04-E1,L405S-058,True,0.9262626933655002,noise_s5_r03:L405S-058:E3,10.7994115,10.0,0.5875227333333334,-10.211888766666677
noise_s5_r03,noise,5,0.7,15,5.0,3440811864,L405S-058-2025-06-04-E2,L405S-058,True,0.8796560102406732,noise_s5_r03:L405S-058:E4,7.0353393,0.0,-0.07968335,-7.115022650000005
noise_s5_r03,noise,5,0.7,15,5.0,3440811864,L405S-058-2025-06-05-E1,L405S-058,True,0.9353696688943073,noise_s5_r03:L405S-058:E5,-7.42391,5.0,3.0517400833333337,10.475650083333283
noise_s5_r03,noise,5,0.7,15,5.0,3440811864,L405S-115-2025-06-02-E1,L405S-115,True,0.9131523131734178,noise_s5_r03:L405S-115:E1,4.0886891,0.0,3.0251799,-1.0635092000000013
noise_s5_r03,noise,5,0.7,15,5.0,3440811864,L405S-115-2025-06-02-E2,L405S-115,True,0.8408097390511915,noise_s5_r03:L405S-115:E2,-4.5138935,5.0,5.752843299999999,10.266736799999993
noise_s5_r03,noise,5,0.7,15,5.0,3440811864,L405S-115-2025-06-03-E1,L405S-115,True,0.9825263225125972,noise_s5_r03:L405S-115:E3,3.47098685,25.0,-0.2868169166666667,-3.7578037666666564
noise_s5_r03,noise,5,0.7,15,5.0,3440811864,L405S-115-2025-06-04-E1,L405S-115,True,0.9653712371068223,noise_s5_r03:L405S-115:E4,-2.5324027166666667,10.0,-3.6019061166666666,-1.0695034000000003
noise_s5_r03,noise,5,0.7,15,5.0,3440811864,L405S-115-2025-06-05-E1,L405S-115,True,0.9784130084589874,noise_s5_r03:L405S-115:E5,-1.3099284500000001,5.0,-2.1397825666666668,-0.8298541166666418
noise_s5_r04,noise,5,0.7,15,5.0,4238212258,L405S-012-2025-06-02-E1,L405S-012,True,0.8878848391551967,noise_s5_r04:L405S-012:E1,8.802120416666666,-5.0,7.5844787,-1.2176417166666642
noise_s5_r04,noise,5,0.7,15,5.0,4238212258,L405S-012-2025-06-03-E1,L405S-012,True,0.9587767829086891,noise_s5_r04:L405S-012:E2,-6.3904998,0.0,-2.0049809333333335,4.385518866666676
noise_s5_r04,noise,5,0.7,15,5.0,4238212258,L405S-012-2025-06-03-E2,L405S-012,True,0.7924535589720835,noise_s5_r04:L405S-012:E3,1.5347099666666668,0.0,4.7878709666666674,3.253161
noise_s5_r04,noise,5,0.7,15,5.0,4238212258,L405S-012-2025-06-04-E1,L405S-012,True,0.9424375202427482,noise_s5_r04:L405S-012:E4,-7.556808966666667,5.0,1.49927705,9.056086016666685
noise_s5_r04,noise,5,0.7,15,5.0,4238212258,L405S-012-2025-06-05-E1,L405S-012,True,0.9606589386411374,noise_s5_r04:L405S-012:E5,-4.22650855,-40.0,2.5529026333333333,6.7794111833333215
noise_s5_r04,noise,5,0.7,15,5.0,4238212258,L405S-018-2025-06-02-E1,L405S-018,True,0.8958667071985,noise_s5_r04:L405S-018:E1,-2.43359485,-5.0,0.06224826666666667,2.4958431166666672
noise_s5_r04,noise,5,0.7,15,5.0,4238212258,L405S-018-2025-06-03-E1,L405S-018,True,0.40554817719191827,noise_s5_r04:L405S-018:E3,51.153113383333334,45.0,-1.67317255,-52.82628593333334
noise_s5_r04,noise,5,0.7,15,5.0,4238212258,L405S-018-2025-06-03-E2,L405S-018,True,0.9769430518721038,noise_s5_r04:L405S-018:E4,-1.018813,50.0,2.1814726333333336,3.2002856333333263
noise_s5_r04,noise,5,0.7,15,5.0,4238212258,L405S-018-2025-06-04-E1,L405S-018,True,0.8859090359812085,noise_s5_r04:L405S-018:E6,1.1554840333333334,0.0,-2.5665460166666665,-3.7220300500000016
noise_s5_r04,noise,5,0.7,15,5.0,4238212258,L405S-018-2025-06-05-E1,L405S-018,True,0.9534008283885478,noise_s5_r04:L405S-018:E7,-5.987318666666667,-45.0,0.26272975,6.250048416666667
noise_s5_r04,noise,5,0.7,15,5.0,4238212258,L405S-018-2025-06-05-E2,L405S-018,False,0.0,,,,,
noise_s5_r04,noise,5,0.7,15,5.0,4238212258,L405S-028-2025-06-03-E1,L405S-028,True,0.9202299174912815,noise_s5_r04:L405S-028:E1,0.7067182666666666,-5.0,-4.2154789,-4.922197166666651
noise_s5_r04,noise,5,0.7,15,5.0,4238212258,L405S-028-2025-06-03-E2,L405S-028,True,0.9346443086754895,noise_s5_r04:L405S-028:E2,9.0519062,5.0,-0.51671605,-9.568622249999992
noise_s5_r04,noise,5,0.7,15,5.0,4238212258,L405S-028-2025-06-04-E1,L405S-028,True,0.9525698528139269,noise_s5_r04:L405S-028:E3,-0.3228681666666667,20.0,4.680069883333333,5.002938049999992
noise_s5_r04,noise,5,0.7,15,5.0,4238212258,L405S-028-2025-06-04-E2,L405S-028,True,0.9173004824793941,noise_s5_r04:L405S-028:E4,5.328185866666667,0.0,2.8701905666666665,-2.457995299999993
noise_s5_r04,noise,5,0.7,15,5.0,4238212258,L405S-028-2025-06-05-E1,L405S-028,True,0.961437938875734,noise_s5_r04:L405S-028:E5,-0.3288930333333333,-25.0,2.9865849166666667,3.315477949999992
noise_s5_r04,noise,5,0.7,15,5.0,4238212258,L405S-030-2025-06-02-E1,L405S-030,True,0.9289465585507289,noise_s5_r04:L405S-030:E1,1.0178472333333333,5.0,-2.0935319833333335,-3.1113792166666654
noise_s5_r04,noise,5,0.7,15,5.0,4238212258,L405S-030-2025-06-03-E1,L405S-030,True,0.7476567541349974,noise_s5_r04:L405S-030:E2,-11.270138316666667,10.0,-4.02198225,7.248156066666665
noise_s5_r04,noise,5,0.7,15,5.0,4238212258,L405S-030-2025-06-04-E1,L405S-030,False,0.0,,,,,
noise_s5_r04,noise,5,0.7,15,5.0,4238212258,L405S-058-2025-06-03-E1,L405S-058,True,0.5628289928634123,noise_s5_r04:L405S-058:E1,67.674298,75.0,10.79029,-56.88400800000002
noise_s5_r04,noise,5,0.7,15,5.0,4238212258,L405S-058-2025-06-04-E1,L405S-058,True,0.917356810135713,noise_s5_r04:L405S-058:E3,-9.923654950000001,-35.0,-3.6101441666666667,6.313510783333314
noise_s5_r04,noise,5,0.7,15,5.0,4238212258,L405S-058-2025-06-04-E2,L405S-058,True,0.983851367651143,noise_s5_r04:L405S-058:E5,-0.9200895,-10.0,0.050326916666666666,0.9704164166666551
noise_s5_r04,noise,5,0.7,15,5.0,4238212258,L405S-058-2025-06-05-E1,L405S-058,True,0.9694806475470099,noise_s5_r04:L405S-058:E6,3.6613880666666665,-40.0,0.9960501666666667,-2.6653379000000132
noise_s5_r04,noise,5,0.7,15,5.0,4238212258,L405S-115-2025-06-02-E1,L405S-115,True,0.9712698320466883,noise_s5_r04:L405S-115:E1,1.5530316666666666,5.0,0.7345027333333333,-0.818528933333349
noise_s5_r04,noise,5,0.7,15,5.0,4238212258,L405S-115-2025-06-02-E2,L405S-115,True,0.9018138292339672,noise_s5_r04:L405S-115:E2,2.39134655,-15.0,-2.9329715,-5.324318050000003
noise_s5_r04,noise,5,0.7,15,5.0,4238212258,L405S-115-2025-06-03-E1,L405S-115,True,0.9830048262007368,noise_s5_r04:L405S-115:E3,0.40136183333333336,10.0,3.3097876833333335,2.9084258499999827
noise_s5_r04,noise,5,0.7,15,5.0,4238212258,L405S-115-2025-06-04-E1,L405S-115,True,0.959754607837252,noise_s5_r04:L405S-115:E4,3.70732205,0.0,3.459245166666667,-0.24807688333335243
noise_s5_r04,noise,5,0.7,15,5.0,4238212258,L405S-115-2025-06-05-E1,L405S-115,True,0.9762471635181287,noise_s5_r04:L405S-115:E5,1.1213253833333332,30.0,2.7076997,1.5863743166666744
noise_s5_r05,noise,5,0.7,15,5.0,2060028895,L405S-012-2025-06-02-E1,L405S-012,True,0.8914962389243609,noise_s5_r05:L405S-012:E1,11.887590616666667,-5.0,-3.148226766666667,-15.035817383333328
noise_s5_r05,noise,5,0.7,15,5.0,2060028895,L405S-012-2025-06-03-E1,L405S-012,True,0.9751238790376707,noise_s5_r05:L405S-012:E2,3.15071955,20.0,-1.7565564666666666,-4.907276016666682
noise_s5_r05,noise,5,0.7,15,5.0,2060028895,L405S-012-2025-06-03-E2,L405S-012,True,0.6877236187363103,noise_s5_r05:L405S-012:E3,-2.98632945,0.0,8.672245516666667,11.658574966666663
noise_s5_r05,noise,5,0.7,15,5.0,2060028895,L405S-012-2025-06-04-E1,L405S-012,True,0.9328266700141475,noise_s5_r05:L405S-012:E4,0.5818481833333333,5.0,10.053259833333334,9.471411650000023
noise_s5_r05,noise,5,0.7,15,5.0,2060028895,L405S-012-2025-06-05-E1,L405S-012,True,0.9330315950279431,noise_s5_r05:L405S-012:E5,8.484594466666668,5.0,-2.6016662166666666,-11.086260683333338
noise_s5_r05,noise,5,0.7,15,5.0,2060028895,L405S-018-2025-06-02-E1,L405S-018,False,0.0,,,,,
noise_s5_r05,noise,5,0.7,15,5.0,2060028895,L405S-018-2025-06-03-E1,L405S-018,True,0.860432870090127,noise_s5_r05:L405S-018:E3,1.1398549,-10.0,-11.262854333333333,-12.402709233333336
noise_s5_r05,noise,5,0.7,15,5.0,2060028895,L405S-018-2025-06-03-E2,L405S-018,True,0.963456468240091,noise_s5_r05:L405S-018:E4,-3.7989835333333333,-15.0,-1.2951074666666667,2.5038760666666615
noise_s5_r05,noise,5,0.7,15,5.0,2060028895,L405S-018-2025-06-04-E1,L405S-018,True,0.7504305508244742,noise_s5_r05:L405S-018:E6,7.496684166666666,5.0,-0.6451086333333333,-8.141792799999997
noise_s5_r05,noise,5,0.7,15,5.0,2060028895,L405S-018-2025-06-05-E1,L405S-018,True,0.9263128034775693,noise_s5_r05:L405S-018:E7,4.7987744,-40.0,4.991692583333333,0.19291818333331712
noise_s5_r05,noise,5,0.7,15,5.0,2060028895,L405S-018-2025-06-05-E2,L405S-018,True,0.8140387597941642,noise_s5_r05:L405S-018:E8,4.400355149999999,0.0,-1.06510495,-5.465460099999993
noise_s5_r05,noise,5,0.7,15,5.0,2060028895,L405S-028-2025-06-03-E1,L405S-028,True,0.8565754763979223,noise_s5_r05:L405S-028:E1,4.525089133333334,-5.0,-4.324892733333333,-8.84998186666665
noise_s5_r05,noise,5,0.7,15,5.0,2060028895,L405S-028-2025-06-03-E2,L405S-028,True,0.9253559289636173,noise_s5_r05:L405S-028:E2,-2.2597090166666667,10.0,-8.837483933333335,-6.577774916666677
noise_s5_r05,noise,5,0.7,15,5.0,2060028895,L405S-028-2025-06-04-E1,L405S-028,True,0.9403065888393914,noise_s5_r05:L405S-028:E3,-2.8715981166666666,30.0,-3.29764365,-0.42604553333333683
noise_s5_r05,noise,5,0.7,15,5.0,2060028895,L405S-028-2025-06-04-E2,L405S-028,True,0.9861202926163901,noise_s5_r05:L405S-028:E4,0.20372808333333334,5.0,-1.1323925499999998,-1.3361206333333353
noise_s5_r05,noise,5,0.7,15,5.0,2060028895,L405S-028-2025-06-05-E1,L405S-028,True,0.9002847936297189,noise_s5_r05:L405S-028:E5,-1.7392106333333333,-20.0,-6.676897266666667,-4.937686633333334
noise_s5_r05,noise,5,0.7,15,5.0,2060028895,L405S-030-2025-06-02-E1,L405S-030,True,0.8401167102198036,noise_s5_r05:L405S-030:E1,-4.2656615166666665,0.0,4.0679122,8.333573716666663
noise_s5_r05,noise,5,0.7,15,5.0,2060028895,L405S-030-2025-06-03-E1,L405S-030,True,0.9288572379641632,noise_s5_r05:L405S-030:E2,-1.3280837333333333,-5.0,-2.2758962166666667,-0.9478124833333279
noise_s5_r05,noise,5,0.7,15,5.0,2060028895,L405S-030-2025-06-04-E1,L405S-030,True,0.9664602128699508,noise_s5_r05:L405S-030:E4,-1.2945277333333334,-5.0,0.6695437166666667,1.9640714499999934
noise_s5_r05,noise,5,0.7,15,5.0,2060028895,L405S-058-2025-06-03-E1,L405S-058,True,0.8285109420582302,noise_s5_r05:L405S-058:E2,16.32101525,-40.0,15.217505333333333,-1.1035099166666829
noise_s5_r05,noise,5,0.7,15,5.0,2060028895,L405S-058-2025-06-04-E1,L405S-058,True,0.9676298682525437,noise_s5_r05:L405S-058:E4,4.437174533333334,-70.0,0.5607382833333333,-3.8764362499999905
noise_s5_r05,noise,5,0.7,15,5.0,2060028895,L405S-058-2025-06-04-E2,L405S-058,True,0.9722575279541543,noise_s5_r05:L405S-058:E5,-0.7300128499999999,0.0,-0.9304403833333333,-0.20042753333334717
noise_s5_r05,noise,5,0.7,15,5.0,2060028895,L405S-058-2025-06-05-E1,L405S-058,True,0.9580134012769506,noise_s5_r05:L405S-058:E6,-2.137372816666667,-10.0,-4.3179569833333336,-2.1805841666666925
noise_s5_r05,noise,5,0.7,15,5.0,2060028895,L405S-115-2025-06-02-E1,L405S-115,True,0.9585981526386306,noise_s5_r05:L405S-115:E1,-1.8984963666666668,-10.0,-1.4461655833333333,0.4523307833333412
noise_s5_r05,noise,5,0.7,15,5.0,2060028895,L405S-115-2025-06-02-E2,L405S-115,True,0.8667582150695783,noise_s5_r05:L405S-115:E2,1.7280587666666667,-20.0,6.342266633333334,4.614207866666671
noise_s5_r05,noise,5,0.7,15,5.0,2060028895,L405S-115-2025-06-03-E1,L405S-115,True,0.9821982397209567,noise_s5_r05:L405S-115:E3,2.500657883333333,20.0,-1.3277017666666666,-3.8283596499999994
noise_s5_r05,noise,5,0.7,15,5.0,2060028895,L405S-115-2025-06-04-E1,L405S-115,True,0.9786530855445299,noise_s5_r05:L405S-115:E4,0.6696642833333333,-5.0,-3.057773816666667,-3.727438099999967
noise_s5_r05,noise,5,0.7,15,5.0,2060028895,L405S-115-2025-06-05-E1,L405S-115,True,0.9897433172093364,noise_s5_r05:L405S-115:E5,-0.35771346666666665,-20.0,1.2847674833333333,1.6424809499999782
noise_s5_r06,noise,5,0.7,15,5.0,4148350942,L405S-012-2025-06-02-E1,L405S-012,True,0.8795075808250401,noise_s5_r06:L405S-012:E1,-15.441768466666668,0.0,3.5428724333333337,18.984640900000016
noise_s5_r06,noise,5,0.7,15,5.0,4148350942,L405S-012-2025-06-03-E1,L405S-012,True,0.9855464127167212,noise_s5_r06:L405S-012:E2,1.0156606,0.0,1.8624972,0.846836599999996
noise_s5_r06,noise,5,0.7,15,5.0,4148350942,L405S-012-2025-06-03-E2,L405S-012,True,0.8510372655662807,noise_s5_r06:L405S-012:E3,2.2635958333333335,0.0,1.83436015,-0.4292356833333355
noise_s5_r06,noise,5,0.7,15,5.0,4148350942,L405S-012-2025-06-04-E1,L405S-012,True,0.9717504122707349,noise_s5_r06:L405S-012:E4,-3.83598455,10.0,-0.46094993333333334,3.3750346166666745
noise_s5_r06,noise,5,0.7,15,5.0,4148350942,L405S-012-2025-06-05-E1,L405S-012,True,0.9598915448880327,noise_s5_r06:L405S-012:E5,-4.628867483333334,10.0,2.2883096833333334,6.9171771666666615
noise_s5_r06,noise,5,0.7,15,5.0,4148350942,L405S-018-2025-06-02-E1,L405S-018,True,0.5739017739340344,noise_s5_r06:L405S-018:E2,-3.5941580333333336,-5.0,12.347857866666667,15.942015900000003
noise_s5_r06,noise,5,0.7,15,5.0,4148350942,L405S-018-2025-06-03-E1,L405S-018,True,0.6043068598532009,noise_s5_r06:L405S-018:E3,8.587258816666667,20.0,-26.576228216666667,-35.16348703333333
noise_s5_r06,noise,5,0.7,15,5.0,4148350942,L405S-018-2025-06-03-E2,L405S-018,True,0.9658079995508908,noise_s5_r06:L405S-018:E4,-1.0443591,0.0,3.75617855,4.800537649999992
noise_s5_r06,noise,5,0.7,15,5.0,4148350942,L405S-018-2025-06-04-E1,L405S-018,True,0.8202656300964015,noise_s5_r06:L405S-018:E5,2.389807916666667,0.0,-3.4737302833333334,-5.863538200000003
noise_s5_r06,noise,5,0.7,15,5.0,4148350942,L405S-018-2025-06-05-E1,L405S-018,True,0.9435023662751248,noise_s5_r06:L405S-018:E6,-7.142883766666667,-40.0,0.5142807,7.657164466666648
noise_s5_r06,noise,5,0.7,15,5.0,4148350942,L405S-018-2025-06-05-E2,L405S-018,True,0.7959734734861948,noise_s5_r06:L405S-018:E7,-4.754279833333333,0.0,2.77914285,7.533422683333334
noise_s5_r06,noise,5,0.7,15,5.0,4148350942,L405S-028-2025-06-03-E1,L405S-028,True,0.966101217143295,noise_s5_r06:L405S-028:E1,-0.7110016833333332,-10.0,1.4541106833333333,2.1651123666666727
noise_s5_r06,noise,5,0.7,15,5.0,4148350942,L405S-028-2025-06-03-E2,L405S-028,True,0.9533943070931576,noise_s5_r06:L405S-028:E2,0.3436813666666667,5.0,-6.4797836,-6.82346496666665
noise_s5_r06,noise,5,0.7,15,5.0,4148350942,L405S-028-2025-06-04-E1,L405S-028,True,0.9640092105116166,noise_s5_r06:L405S-028:E3,-3.1185699666666666,35.0,0.6326944333333333,3.751264399999994
noise_s5_r06,noise,5,0.7,15,5.0,4148350942,L405S-028-2025-06-04-E2,L405S-028,True,0.8271389456729595,noise_s5_r06:L405S-028:E4,12.407966416666666,5.0,5.116898383333334,-7.29106803333333
noise_s5_r06,noise,5,0.7,15,5.0,4148350942,L405S-028-2025-06-05-E1,L405S-028,True,0.6379526654558799,noise_s5_r06:L405S-028:E5,24.4112664,0.0,-5.51637665,-29.927643049999997
noise_s5_r06,noise,5,0.7,15,5.0,4148350942,L405S-030-2025-06-02-E1,L405S-030,True,0.9494104224203568,noise_s5_r06:L405S-030:E1,-0.7392351500000001,5.0,1.5940879833333335,2.333323133333327
noise_s5_r06,noise,5,0.7,15,5.0,4148350942,L405S-030-2025-06-03-E1,L405S-030,True,0.9925534439316124,noise_s5_r06:L405S-030:E2,-0.07167186666666667,-10.0,0.2984252,0.3700970666666703
noise_s5_r06,noise,5,0.7,15,5.0,4148350942,L405S-030-2025-06-04-E1,L405S-030,True,0.5939642091723412,noise_s5_r06:L405S-030:E3,22.352821383333332,-5.0,-0.62692745,-22.979748833333336
noise_s5_r06,noise,5,0.7,15,5.0,4148350942,L405S-058-2025-06-03-E1,L405S-058,True,0.7866935551678763,noise_s5_r06:L405S-058:E1,24.992745566666667,75.0,13.97038375,-11.02236181666668
noise_s5_r06,noise,5,0.7,15,5.0,4148350942,L405S-058-2025-06-04-E1,L405S-058,True,0.9481760549761196,noise_s5_r06:L405S-058:E2,5.484893316666667,15.0,-2.4876072500000004,-7.972500566666678
noise_s5_r06,noise,5,0.7,15,5.0,4148350942,L405S-058-2025-06-04-E2,L405S-058,True,0.9803806822269903,noise_s5_r06:L405S-058:E3,-0.6124690833333334,0.0,0.5706842666666667,1.183153349999988
noise_s5_r06,noise,5,0.7,15,5.0,4148350942,L405S-058-2025-06-05-E1,L405S-058,True,0.9280224994901639,noise_s5_r06:L405S-058:E4,8.67905405,-25.0,-2.2334557499999996,-10.912509800000025
noise_s5_r06,noise,5,0.7,15,5.0,4148350942,L405S-115-2025-06-02-E1,L405S-115,True,0.9190489214085047,noise_s5_r06:L405S-115:E1,-4.077636666666667,5.0,-2.6384267833333337,1.4392098833333344
noise_s5_r06,noise,5,0.7,15,5.0,4148350942,L405S-115-2025-06-02-E2,L405S-115,True,0.8870831704820841,noise_s5_r06:L405S-115:E2,3.3716077833333333,0.0,-2.7515061833333334,-6.123113966666662
noise_s5_r06,noise,5,0.7,15,5.0,4148350942,L405S-115-2025-06-03-E1,L405S-115,True,0.9798314896311271,noise_s5_r06:L405S-115:E3,-1.2606532333333333,-15.0,-3.102113633333333,-1.8414603999999812
noise_s5_r06,noise,5,0.7,15,5.0,4148350942,L405S-115-2025-06-04-E1,L405S-115,True,0.9927307610760787,noise_s5_r06:L405S-115:E4,0.1605501,0.0,1.1168686666666665,0.956318566666674
noise_s5_r06,noise,5,0.7,15,5.0,4148350942,L405S-115-2025-06-05-E1,L405S-115,True,0.9814100410676598,noise_s5_r06:L405S-115:E5,1.3593049666666666,25.0,-1.5871134833333334,-2.9464184499999924
noise_s5_r07,noise,5,0.7,15,5.0,1139419834,L405S-012-2025-06-02-E1,L405S-012,True,0.9320707012006278,noise_s5_r07:L405S-012:E1,-6.2208083499999995,0.0,-3.6150122166666665,2.6057961333333246
noise_s5_r07,noise,5,0.7,15,5.0,1139419834,L405S-012-2025-06-03-E1,L405S-012,True,0.9403734947688013,noise_s5_r07:L405S-012:E2,-3.1982358333333334,-10.0,9.31002135,12.508257183333304
noise_s5_r07,noise,5,0.7,15,5.0,1139419834,L405S-012-2025-06-03-E2,L405S-012,True,0.8509475423050441,noise_s5_r07:L405S-012:E3,-0.8874381666666668,5.0,3.6099111833333333,4.497349349999996
noise_s5_r07,noise,5,0.7,15,5.0,1139419834,L405S-012-2025-06-04-E1,L405S-012,True,0.988338485475907,noise_s5_r07:L405S-012:E4,1.4019837,5.0,-0.32707034999999995,-1.7290540499999985
noise_s5_r07,noise,5,0.7,15,5.0,1139419834,L405S-012-2025-06-05-E1,L405S-012,True,0.9372685571469016,noise_s5_r07:L405S-012:E5,-7.820651416666666,30.0,-3.0548036333333335,4.765847783333337
noise_s5_r07,noise,5,0.7,15,5.0,1139419834,L405S-018-2025-06-02-E1,L405S-018,False,0.0,,,,,
noise_s5_r07,noise,5,0.7,15,5.0,1139419834,L405S-018-2025-06-03-E1,L405S-018,True,0.7369085976634517,noise_s5_r07:L405S-018:E2,-4.629771183333333,40.0,-19.96804298333333,-15.338271800000015
noise_s5_r07,noise,5,0.7,15,5.0,1139419834,L405S-018-2025-06-03-E2,L405S-018,True,0.9899798814580394,noise_s5_r07:L405S-018:E3,0.5376434999999999,-15.0,0.8293840833333334,0.2917405833333131
noise_s5_r07,noise,5,0.7,15,5.0,1139419834,L405S-018-2025-06-04-E1,L405S-018,True,0.698117187004041,noise_s5_r07:L405S-018:E5,8.94104135,5.0,1.2997658833333332,-7.641275466666668
noise_s5_r07,noise,5,0.7,15,5.0,1139419834,L405S-018-2025-06-05-E1,L405S-018,True,0.9152533383027827,noise_s5_r07:L405S-018:E6,-5.436821016666667,10.0,-5.8607876,-0.4239665833333195
noise_s5_r07,noise,5,0.7,15,5.0,1139419834,L405S-018-2025-06-05-E2,L405S-018,True,0.8847723573561704,noise_s5_r07:L405S-018:E7,1.1923928833333333,5.0,2.479942133333333,1.287549250000003
noise_s5_r07,noise,5,0.7,15,5.0,1139419834,L405S-028-2025-06-03-E1,L405S-028,True,0.9081923510429302,noise_s5_r07:L405S-028:E1,1.8225935333333332,30.0,4.230799,2.408205466666682
noise_s5_r07,noise,5,0.7,15,5.0,1139419834,L405S-028-2025-06-03-E2,L405S-028,True,0.9707462970381154,noise_s5_r07:L405S-028:E2,-4.2704861,-30.0,-0.1374293,4.1330568000000145
noise_s5_r07,noise,5,0.7,15,5.0,1139419834,L405S-028-2025-06-04-E1,L405S-028,True,0.9600132382351011,noise_s5_r07:L405S-028:E3,3.582262233333333,-5.0,0.45363465,-3.1286275833333432
noise_s5_r07,noise,5,0.7,15,5.0,1139419834,L405S-028-2025-06-04-E2,L405S-028,True,0.9231540104667375,noise_s5_r07:L405S-028:E4,3.9415383999999998,5.0,-3.4559887500000004,-7.397527150000003
noise_s5_r07,noise,5,0.7,15,5.0,1139419834,L405S-028-2025-06-05-E1,L405S-028,True,0.9716818508433799,noise_s5_r07:L405S-028:E5,-1.8649325833333334,0.0,-0.52872045,1.3362121333333388
noise_s5_r07,noise,5,0.7,15,5.0,1139419834,L405S-030-2025-06-02-E1,L405S-030,True,0.7889520696328894,noise_s5_r07:L405S-030:E1,7.721081833333333,-10.0,-1.5205556,-9.24163743333333
noise_s5_r07,noise,5,0.7,15,5.0,1139419834,L405S-030-2025-06-03-E1,L405S-030,True,0.7997641462817477,noise_s5_r07:L405S-030:E2,7.795739116666667,-5.0,-2.0819629666666666,-9.877702083333336
noise_s5_r07,noise,5,0.7,15,5.0,1139419834,L405S-030-2025-06-04-E1,L405S-030,True,0.560719102661662,noise_s5_r07:L405S-030:E4,21.954705233333335,-10.0,5.183634616666667,-16.771070616666673
noise_s5_r07,noise,5,0.7,15,5.0,1139419834,L405S-058-2025-06-03-E1,L405S-058,True,0.5120584796924126,noise_s5_r07:L405S-058:E1,70.45693748333333,40.0,-11.855043599999998,-82.31198108333335
noise_s5_r07,noise,5,0.7,15,5.0,1139419834,L405S-058-2025-06-04-E1,L405S-058,True,0.8790982033575585,noise_s5_r07:L405S-058:E2,11.08789855,-50.0,-7.5114119,-18.599310450000026
noise_s5_r07,noise,5,0.7,15,5.0,1139419834,L405S-058-2025-06-04-E2,L405S-058,True,0.9209240298993788,noise_s5_r07:L405S-058:E3,-4.587174683333333,-15.0,-0.4507198666666667,4.136454816666673
noise_s5_r07,noise,5,0.7,15,5.0,1139419834,L405S-058-2025-06-05-E1,L405S-058,True,0.8387542937614624,noise_s5_r07:L405S-058:E4,17.640904883333334,-10.0,8.113888433333333,-9.527016450000039
noise_s5_r07,noise,5,0.7,15,5.0,1139419834,L405S-115-2025-06-02-E1,L405S-115,True,0.9730356092801526,noise_s5_r07:L405S-115:E1,-1.2045907333333332,0.0,0.9814910666666666,2.1860817999999993
noise_s5_r07,noise,5,0.7,15,5.0,1139419834,L405S-115-2025-06-02-E2,L405S-115,True,0.9639088358135234,noise_s5_r07:L405S-115:E2,-0.6567873333333334,0.0,-1.3240238333333332,-0.6672364999999902
noise_s5_r07,noise,5,0.7,15,5.0,1139419834,L405S-115-2025-06-03-E1,L405S-115,True,0.9547329009298433,noise_s5_r07:L405S-115:E3,6.6874011,50.0,3.1920134,-3.4953877000000055
noise_s5_r07,noise,5,0.7,15,5.0,1139419834,L405S-115-2025-06-04-E1,L405S-115,True,0.9860431222327608,noise_s5_r07:L405S-115:E4,1.3896383666666667,15.0,1.0622324,-0.3274059666666407
noise_s5_r07,noise,5,0.7,15,5.0,1139419834,L405S-115-2025-06-05-E1,L405S-115,True,0.9717013969079941,noise_s5_r07:L405S-115:E5,3.7039866,-20.0,0.80395575,-2.900030849999995
noise_s5_r08,noise,5,0.7,15,5.0,367193859,L405S-012-2025-06-02-E1,L405S-012,True,0.9391886837429008,noise_s5_r08:L405S-012:E1,-6.859811083333333,0.0,2.11269585,8.972506933333335
noise_s5_r08,noise,5,0.7,15,5.0,367193859,L405S-012-2025-06-03-E1,L405S-012,True,0.9780350966876532,noise_s5_r08:L405S-012:E2,4.0192414,0.0,-0.3137429666666666,-4.332984366666688
noise_s5_r08,noise,5,0.7,15,5.0,367193859,L405S-012-2025-06-03-E2,L405S-012,True,0.8482418792537867,noise_s5_r08:L405S-012:E3,-3.6546988,0.0,0.9388940666666666,4.593592866666664
noise_s5_r08,noise,5,0.7,15,5.0,367193859,L405S-012-2025-06-04-E1,L405S-012,True,0.8910417853504761,noise_s5_r08:L405S-012:E4,-11.181677583333334,10.0,6.949061983333333,18.13073956666667
noise_s5_r08,noise,5,0.7,15,5.0,367193859,L405S-012-2025-06-05-E1,L405S-012,True,0.9177512777381848,noise_s5_r08:L405S-012:E5,5.4405691166666665,30.0,8.907932283333334,3.4673631666666704
noise_s5_r08,noise,5,0.7,15,5.0,367193859,L405S-018-2025-06-02-E1,L405S-018,True,0.4704425356535328,noise_s5_r08:L405S-018:E2,4.2662621666666665,15.0,15.101437483333333,10.835175316666673
noise_s5_r08,noise,5,0.7,15,5.0,367193859,L405S-018-2025-06-03-E1,L405S-018,True,0.8333059533632197,noise_s5_r08:L405S-018:E3,-2.8119745166666665,35.0,-12.470122400000001,-9.658147883333342
noise_s5_r08,noise,5,0.7,15,5.0,367193859,L405S-018-2025-06-03-E2,L405S-018,True,0.9851734593301695,noise_s5_r08:L405S-018:E4,0.7618185333333333,0.0,1.2674357666666665,0.5056172333333553
noise_s5_r08,noise,5,0.7,15,5.0,367193859,L405S-018-2025-06-04-E1,L405S-018,True,0.7599545395217024,noise_s5_r08:L405S-018:E6,7.707192333333333,5.0,-0.123896,-7.8310883333333345
noise_s5_r08,noise,5,0.7,15,5.0,367193859,L405S-018-2025-06-05-E1,L405S-018,True,0.9458706882878433,noise_s5_r08:L405S-018:E7,2.0371861,0.0,5.164047283333333,3.126861183333327
noise_s5_r08,noise,5,0.7,15,5.0,367193859,L405S-018-2025-06-05-E2,L405S-018,True,0.8595687957732968,noise_s5_r08:L405S-018:E8,-2.614723016666667,-10.0,2.1868913,4.8016143166666705
noise_s5_r08,noise,5,0.7,15,5.0,367193859,L405S-028-2025-06-03-E1,L405S-028,True,0.8318063103616269,noise_s5_r08:L405S-028:E2,-8.9931853,25.0,3.4837077333333335,12.476893033333333
noise_s5_r08,noise,5,0.7,15,5.0,367193859,L405S-028-2025-06-03-E2,L405S-028,True,0.9384941768806263,noise_s5_r08:L405S-028:E3,4.25983575,0.0,5.0561139,0.7962781500000116
noise_s5_r08,noise,5,0.7,15,5.0,367193859,L405S-028-2025-06-04-E1,L405S-028,True,0.9062252667509666,noise_s5_r08:L405S-028:E4,-3.0886641833333335,10.0,7.308553966666667,10.397218149999992
noise_s5_r08,noise,5,0.7,15,5.0,367193859,L405S-028-2025-06-04-E2,L405S-028,True,0.9447203416512165,noise_s5_r08:L405S-028:E5,-3.6201002,20.0,-1.9014765833333334,1.7186236166666768
noise_s5_r08,noise,5,0.7,15,5.0,367193859,L405S-028-2025-06-05-E1,L405S-028,True,0.9643013602907918,noise_s5_r08:L405S-028:E6,-1.4230095,-35.0,-1.5787194666666666,-0.1557099666666728
noise_s5_r08,noise,5,0.7,15,5.0,367193859,L405S-030-2025-06-02-E1,L405S-030,True,0.5010577608794924,noise_s5_r08:L405S-030:E1,12.970358833333334,0.0,17.718443850000003,4.748085016666663
noise_s5_r08,noise,5,0.7,15,5.0,367193859,L405S-030-2025-06-03-E1,L405S-030,True,0.8333044168050915,noise_s5_r08:L405S-030:E2,-9.564756433333335,5.0,0.30336508333333334,9.868121516666674
noise_s5_r08,noise,5,0.7,15,5.0,367193859,L405S-030-2025-06-04-E1,L405S-030,True,0.565116953633489,noise_s5_r08:L405S-030:E3,23.46203505,0.0,2.0355699666666665,-21.426465083333337
noise_s5_r08,noise,5,0.7,15,5.0,367193859,L405S-058-2025-06-03-E1,L405S-058,True,0.8557533000065776,noise_s5_r08:L405S-058:E1,5.020432583333333,-50.0,-19.312876116666665,-24.333308700000007
noise_s5_r08,noise,5,0.7,15,5.0,367193859,L405S-058-2025-06-04-E1,L405S-058,True,0.8927579761301171,noise_s5_r08:L405S-058:E3,14.006682166666668,-5.0,2.790491916666667,-11.216190250000011
noise_s5_r08,noise,5,0.7,15,5.0,367193859,L405S-058-2025-06-04-E2,L405S-058,True,0.9668548530167925,noise_s5_r08:L405S-058:E4,-1.9571172833333332,-15.0,0.0696811,2.026798383333328
noise_s5_r08,noise,5,0.7,15,5.0,367193859,L405S-058-2025-06-05-E1,L405S-058,True,0.9578318643573233,noise_s5_r08:L405S-058:E5,3.113364433333333,-25.0,-3.2797471666666667,-6.39311160000001
noise_s5_r08,noise,5,0.7,15,5.0,367193859,L405S-115-2025-06-02-E1,L405S-115,True,0.9361298729422245,noise_s5_r08:L405S-115:E1,-0.02918951666666667,-45.0,-5.011186983333333,-4.981997466666668
noise_s5_r08,noise,5,0.7,15,5.0,367193859,L405S-115-2025-06-02-E2,L405S-115,True,0.923711726543359,noise_s5_r08:L405S-115:E2,-4.0447887499999995,-20.0,0.4337361833333333,4.478524933333334
noise_s5_r08,noise,5,0.7,15,5.0,367193859,L405S-115-2025-06-03-E1,L405S-115,True,0.9870213561391069,noise_s5_r08:L405S-115:E3,-0.37259773333333335,60.0,2.4552273833333333,2.8278251166666735
noise_s5_r08,noise,5,0.7,15,5.0,367193859,L405S-115-2025-06-04-E1,L405S-115,True,0.9891025620777124,noise_s5_r08:L405S-115:E4,-0.8145129499999999,-5.0,-1.0971920333333334,-0.2826790833333348
noise_s5_r08,noise,5,0.7,15,5.0,367193859,L405S-115-2025-06-05-E1,L405S-115,True,0.9711221073909703,noise_s5_r08:L405S-115:E5,2.4717208499999996,0.0,2.1678893333333336,-0.30383151666662833
noise_s5_r09,noise,5,0.7,15,5.0,701176657,L405S-012-2025-06-02-E1,L405S-012,True,0.6311782419653154,noise_s5_r09:L405S-012:E1,45.27954135,0.0,-5.8296234,-51.109164750000005
noise_s5_r09,noise,5,0.7,15,5.0,701176657,L405S-012-2025-06-03-E1,L405S-012,True,0.9581533466781047,noise_s5_r09:L405S-012:E2,-4.400176633333333,-55.0,4.2153838666666665,8.61556049999999
noise_s5_r09,noise,5,0.7,15,5.0,701176657,L405S-012-2025-06-03-E2,L405S-012,True,0.9093171323981504,noise_s5_r09:L405S-012:E3,-1.5080170333333334,0.0,1.0525145833333334,2.560531616666666
noise_s5_r09,noise,5,0.7,15,5.0,701176657,L405S-012-2025-06-04-E1,L405S-012,True,0.9017304565517998,noise_s5_r09:L405S-012:E4,-4.092456933333334,20.0,12.06584845,16.15830538333336
noise_s5_r09,noise,5,0.7,15,5.0,701176657,L405S-012-2025-06-05-E1,L405S-012,True,0.9201307248579527,noise_s5_r09:L405S-012:E5,10.259611533333333,-50.0,3.2194545999999997,-7.040156933333339
noise_s5_r09,noise,5,0.7,15,5.0,701176657,L405S-018-2025-06-02-E1,L405S-018,True,0.5923220592447805,noise_s5_r09:L405S-018:E2,0.6562078499999999,0.0,13.670644466666666,13.01443661666667
noise_s5_r09,noise,5,0.7,15,5.0,701176657,L405S-018-2025-06-03-E1,L405S-018,True,0.2907949823675427,noise_s5_r09:L405S-018:E3,-6.2976881166666665,0.0,-61.192555166666665,-54.89486705000001
noise_s5_r09,noise,5,0.7,15,5.0,701176657,L405S-018-2025-06-03-E2,L405S-018,True,0.9819901359179689,noise_s5_r09:L405S-018:E5,0.6356330333333333,-20.0,1.8396159666666667,1.203982933333334
noise_s5_r09,noise,5,0.7,15,5.0,701176657,L405S-018-2025-06-04-E1,L405S-018,True,0.8557505661219663,noise_s5_r09:L405S-018:E7,-4.93988475,-10.0,0.5592650166666666,5.499149766666662
noise_s5_r09,noise,5,0.7,15,5.0,701176657,L405S-018-2025-06-05-E1,L405S-018,True,0.8593069925269231,noise_s5_r09:L405S-018:E8,6.289483166666667,-40.0,-11.701430666666665,-17.99091383333333
noise_s5_r09,noise,5,0.7,15,5.0,701176657,L405S-018-2025-06-05-E2,L405S-018,True,0.7887057075907132,noise_s5_r09:L405S-018:E9,-3.0795934,0.0,4.7940742,7.873667600000004
noise_s5_r09,noise,5,0.7,15,5.0,701176657,L405S-028-2025-06-03-E1,L405S-028,True,0.9377240372926682,noise_s5_r09:L405S-028:E1,-2.9325507333333336,-5.0,1.1653776666666666,4.097928400000006
noise_s5_r09,noise,5,0.7,15,5.0,701176657,L405S-028-2025-06-03-E2,L405S-028,True,0.883091955329003,noise_s5_r09:L405S-028:E2,5.102843916666667,-20.0,13.603878816666667,8.501034900000013
noise_s5_r09,noise,5,0.7,15,5.0,701176657,L405S-028-2025-06-04-E1,L405S-028,True,0.9525273262599271,noise_s5_r09:L405S-028:E3,-4.280511433333333,55.0,-0.6926168,3.587894633333333
noise_s5_r09,noise,5,0.7,15,5.0,701176657,L405S-028-2025-06-04-E2,L405S-028,True,0.8981156404795807,noise_s5_r09:L405S-028:E4,2.501045683333333,5.0,-7.3067832,-9.807828883333322
noise_s5_r09,noise,5,0.7,15,5.0,701176657,L405S-028-2025-06-05-E1,L405S-028,True,0.9762027343713389,noise_s5_r09:L405S-028:E5,-1.72954005,-30.0,-0.2787535166666667,1.4507865333333436
noise_s5_r09,noise,5,0.7,15,5.0,701176657,L405S-030-2025-06-02-E1,L405S-030,True,0.7312874159590518,noise_s5_r09:L405S-030:E1,1.9621452833333335,15.0,13.407294783333333,11.445149499999998
noise_s5_r09,noise,5,0.7,15,5.0,701176657,L405S-030-2025-06-03-E1,L405S-030,True,0.9244434852520151,noise_s5_r09:L405S-030:E2,2.29515875,5.0,1.5491153166666665,-0.7460434333333277
noise_s5_r09,noise,5,0.7,15,5.0,701176657,L405S-030-2025-06-04-E1,L405S-030,True,0.6655977091245632,noise_s5_r09:L405S-030:E3,17.235279933333334,-10.0,-1.6903439333333334,-18.92562386666667
noise_s5_r09,noise,5,0.7,15,5.0,701176657,L405S-058-2025-06-03-E1,L405S-058,True,0.7901713096616886,noise_s5_r09:L405S-058:E1,31.001686933333335,-25.0,5.561830716666666,-25.439856216666648
noise_s5_r09,noise,5,0.7,15,5.0,701176657,L405S-058-2025-06-04-E1,L405S-058,True,0.9365175723154976,noise_s5_r09:L405S-058:E3,9.735697883333334,20.0,0.032377666666666666,-9.70332021666672
noise_s5_r09,noise,5,0.7,15,5.0,701176657,L405S-058-2025-06-04-E2,L405S-058,True,0.8816173178519503,noise_s5_r09:L405S-058:E5,6.300695433333333,-20.0,-0.69837005,-6.999065483333338
noise_s5_r09,noise,5,0.7,15,5.0,701176657,L405S-058-2025-06-05-E1,L405S-058,True,0.7852130810062733,noise_s5_r09:L405S-058:E6,20.02005846666667,30.0,-12.54378915,-32.563847616666685
noise_s5_r09,noise,5,0.7,15,5.0,701176657,L405S-115-2025-06-02-E1,L405S-115,True,0.5018476671793816,noise_s5_r09:L405S-115:E1,-0.48459408333333337,-10.0,77.82136080000001,78.30595488333337
noise_s5_r09,noise,5,0.7,15,5.0,701176657,L405S-115-2025-06-02-E2,L405S-115,False,0.0,,,,,
noise_s5_r09,noise,5,0.7,15,5.0,701176657,L405S-115-2025-06-03-E1,L405S-115,True,0.9612528534840793,noise_s5_r09:L405S-115:E2,4.474789666666666,-5.0,-3.857982483333333,-8.33277214999998
noise_s5_r09,noise,5,0.7,15,5.0,701176657,L405S-115-2025-06-04-E1,L405S-115,True,0.9945704388383851,noise_s5_r09:L405S-115:E3,-0.6667162,0.0,0.28652875000000005,0.9532449500000251
noise_s5_r09,noise,5,0.7,15,5.0,701176657,L405S-115-2025-06-05-E1,L405S-115,True,0.9781980452853276,noise_s5_r09:L405S-115:E4,-0.020161233333333337,-10.0,3.5123588333333333,3.5325200666666756
noise_s5_r10,noise,5,0.7,15,5.0,652523164,L405S-012-2025-06-02-E1,L405S-012,True,0.808549799278236,noise_s5_r10:L405S-012:E1,12.5370307,-10.0,17.306317766666666,4.769287066666692
noise_s5_r10,noise,5,0.7,15,5.0,652523164,L405S-012-2025-06-03-E1,L405S-012,True,0.9809876409141414,noise_s5_r10:L405S-012:E2,1.3010337166666666,0.0,-2.4495065666666664,-3.7505402833333523
noise_s5_r10,noise,5,0.7,15,5.0,652523164,L405S-012-2025-06-03-E2,L405S-012,True,0.8101486998341327,noise_s5_r10:L405S-012:E3,-4.987668533333333,0.0,1.0291804,6.016848933333331
noise_s5_r10,noise,5,0.7,15,5.0,652523164,L405S-012-2025-06-04-E1,L405S-012,True,0.9497344616944541,noise_s5_r10:L405S-012:E4,-3.1648422999999997,10.0,-4.447117133333333,-1.2822748333332967
noise_s5_r10,noise,5,0.7,15,5.0,652523164,L405S-012-2025-06-05-E1,L405S-012,True,0.9330037822077837,noise_s5_r10:L405S-012:E5,-0.5349249500000001,5.0,11.352341916666667,11.887266866666675
noise_s5_r10,noise,5,0.7,15,5.0,652523164,L405S-018-2025-06-02-E1,L405S-018,False,0.0,,,,,
noise_s5_r10,noise,5,0.7,15,5.0,652523164,L405S-018-2025-06-03-E1,L405S-018,True,0.918555399235526,noise_s5_r10:L405S-018:E2,4.0623899,45.0,-3.1752290333333333,-7.237618933333327
noise_s5_r10,noise,5,0.7,15,5.0,652523164,L405S-018-2025-06-03-E2,L405S-018,True,0.9474569491531435,noise_s5_r10:L405S-018:E3,-3.65959805,-10.0,-3.657468316666667,0.0021297333333425428
noise_s5_r10,noise,5,0.7,15,5.0,652523164,L405S-018-2025-06-04-E1,L405S-018,True,0.9244244486185053,noise_s5_r10:L405S-018:E5,2.2042811666666666,0.0,0.2826049166666667,-1.9216762499999995
noise_s5_r10,noise,5,0.7,15,5.0,652523164,L405S-018-2025-06-05-E1,L405S-018,True,0.9351557192725538,noise_s5_r10:L405S-018:E6,5.44155795,-30.0,3.0479524833333334,-2.393605466666653
noise_s5_r10,noise,5,0.7,15,5.0,652523164,L405S-018-2025-06-05-E2,L405S-018,True,0.9216797151188174,noise_s5_r10:L405S-018:E7,1.8846259166666668,5.0,0.4526867666666667,-1.4319391499999934
noise_s5_r10,noise,5,0.7,15,5.0,652523164,L405S-028-2025-06-03-E1,L405S-028,True,0.7602607893469381,noise_s5_r10:L405S-028:E1,-6.666062916666666,0.0,12.791813633333334,19.45787655000002
noise_s5_r10,noise,5,0.7,15,5.0,652523164,L405S-028-2025-06-03-E2,L405S-028,True,0.9173545900990326,noise_s5_r10:L405S-028:E2,-4.341698983333333,15.0,8.848383049999999,13.190082033333352
noise_s5_r10,noise,5,0.7,15,5.0,652523164,L405S-028-2025-06-04-E1,L405S-028,True,0.957571053151115,noise_s5_r10:L405S-028:E3,1.19962525,15.0,-3.06351615,-4.263141400000019
noise_s5_r10,noise,5,0.7,15,5.0,652523164,L405S-028-2025-06-04-E2,L405S-028,True,0.9107723961943475,noise_s5_r10:L405S-028:E4,5.176267433333334,25.0,3.7475525666666667,-1.428714866666665
noise_s5_r10,noise,5,0.7,15,5.0,652523164,L405S-028-2025-06-05-E1,L405S-028,True,0.6227104140684937,noise_s5_r10:L405S-028:E5,25.248692833333333,-5.0,-5.938908833333333,-31.187601666666666
noise_s5_r10,noise,5,0.7,15,5.0,652523164,L405S-030-2025-06-02-E1,L405S-030,True,0.7462995400144995,noise_s5_r10:L405S-030:E1,7.82493515,-10.0,-3.28442595,-11.109361100000005
noise_s5_r10,noise,5,0.7,15,5.0,652523164,L405S-030-2025-06-03-E1,L405S-030,True,0.8375743781426657,noise_s5_r10:L405S-030:E2,-5.2315006833333335,-15.0,-3.630739683333333,1.600761000000006
noise_s5_r10,noise,5,0.7,15,5.0,652523164,L405S-030-2025-06-04-E1,L405S-030,True,0.6474958223352073,noise_s5_r10:L405S-030:E3,18.675866466666665,-5.0,1.9679517166666665,-16.707914750000008
noise_s5_r10,noise,5,0.7,15,5.0,652523164,L405S-058-2025-06-03-E1,L405S-058,True,0.8876006823797253,noise_s5_r10:L405S-058:E2,-11.951849366666666,5.0,9.4101219,21.36197126666664
noise_s5_r10,noise,5,0.7,15,5.0,652523164,L405S-058-2025-06-04-E1,L405S-058,True,0.9407320675088376,noise_s5_r10:L405S-058:E3,7.838601766666667,25.0,-1.2790681666666666,-9.117669933333357
noise_s5_r10,noise,5,0.7,15,5.0,652523164,L405S-058-2025-06-04-E2,L405S-058,True,0.9519424289577747,noise_s5_r10:L405S-058:E4,2.7017528833333335,-15.0,0.14656865,-2.5551842333333408
noise_s5_r10,noise,5,0.7,15,5.0,652523164,L405S-058-2025-06-05-E1,L405S-058,True,0.838088068938991,noise_s5_r10:L405S-058:E5,19.655004533333333,-65.0,-4.892465466666667,-24.54747000000002
noise_s5_r10,noise,5,0.7,15,5.0,652523164,L405S-115-2025-06-02-E1,L405S-115,True,0.8599347013904179,noise_s5_r10:L405S-115:E1,-6.540879633333334,0.0,6.308128616666666,12.849008249999994
noise_s5_r10,noise,5,0.7,15,5.0,652523164,L405S-115-2025-06-02-E2,L405S-115,True,0.9789264812906948,noise_s5_r10:L405S-115:E2,-0.33766138333333334,-20.0,-0.812203,-0.4745416166666705
noise_s5_r10,noise,5,0.7,15,5.0,652523164,L405S-115-2025-06-03-E1,L405S-115,True,0.9926076065367978,noise_s5_r10:L405S-115:E3,-0.8720794666666667,50.0,-0.7241393333333334,0.14794013333331968
noise_s5_r10,noise,5,0.7,15,5.0,652523164,L405S-115-2025-06-04-E1,L405S-115,True,0.9853761435100312,noise_s5_r10:L405S-115:E4,1.3458203333333332,-10.0,1.2256109666666668,-0.12020936666665705
noise_s5_r10,noise,5,0.7,15,5.0,652523164,L405S-115-2025-06-05-E1,L405S-115,True,0.9828286433601253,noise_s5_r10:L405S-115:E5,-0.8566983,30.0,1.9124282166666666,2.7691265166666845
