link_id,tmc_id,time_of_day,speed_mph,flow_vehph
L405S-001,1222782,00:00,65.97999999999999,5167.2
L405S-001,1222782,00:05,65.52000000000001,5160.0
L405S-001,1222782,00:10,65.53999999999999,5385.6
L405S-001,1222782,00:15,65.22,5481.6
L405S-001,1222782,00:20,65.67999999999999,5568.0
L405S-001,1222782,00:25,65.38000000000001,5395.2
L405S-001,1222782,00:30,65.8,5092.8
L405S-001,1222782,00:35,66.47999999999999,5064.0
L405S-001,1222782,00:40,66.14,5155.2
L405S-001,1222782,00:45,65.74000000000001,5378.4
L405S-001,1222782,00:50,65.67999999999999,5188.8
L405S-001,1222782,00:55,65.4,5011.2
L405S-001,1222782,01:00,64.64,5023.2
L405S-001,1222782,01:05,64.38000000000001,5248.8
L405S-001,1222782,01:10,64.67999999999999,5100.0
L405S-001,1222782,01:15,64.56,4934.4
L405S-001,1222782,01:20,64.28,5169.6
L405S-001,1222782,01:25,64.6,5090.4
L405S-001,1222782,01:30,63.88000000000001,5080.8
L405S-001,1222782,01:35,63.760000000000005,5414.4
L405S-001,1222782,01:40,64.1,5049.6
L405S-001,1222782,01:45,63.52,5251.2
L405S-001,1222782,01:50,63.7,4903.2
L405S-001,1222782,01:55,63.720000000000006,5116.8
L405S-001,1222782,02:00,63.36,4747.2
L405S-001,1222782,02:05,62.9,4807.2
L405S-001,1222782,02:10,62.52,4713.6
L405S-001,1222782,02:15,62.52,4970.4
L405S-001,1222782,02:20,62.56,4987.2
L405S-001,1222782,02:25,62.82000000000001,4946.4
L405S-001,1222782,02:30,63.160000000000004,5097.6
L405S-001,1222782,02:35,62.68000000000001,5119.2
L405S-001,1222782,02:40,62.620000000000005,5335.2
L405S-001,1222782,02:45,62.720000000000006,5095.2
L405S-001,1222782,02:50,63.120000000000005,5085.6
L405S-001,1222782,02:55,62.46,5030.4
L405S-001,1222782,03:00,62.220000000000006,5071.2
L405S-001,1222782,03:05,62.02,4692.0
L405S-001,1222782,03:10,62.239999999999995,5080.8
L405S-001,1222782,03:15,61.58,4972.8
L405S-001,1222782,03:20,61.52,5174.4
L405S-001,1222782,03:25,61.760000000000005,4975.2
L405S-001,1222782,03:30,61.720000000000006,5402.4
L405S-001,1222782,03:35,61.74000000000001,5164.8
L405S-001,1222782,03:40,61.620000000000005,5234.4
L405S-001,1222782,03:45,62.04,5371.2
L405S-001,1222782,03:50,62.02,4946.4
L405S-001,1222782,03:55,62.32000000000001,5056.8
L405S-001,1222782,04:00,62.42,5148.0
L405S-001,1222782,04:05,62.18000000000001,5088.0
L405S-001,1222782,04:10,62.14,5016.0
L405S-001,1222782,04:15,61.839999999999996,5352.0
L405S-001,1222782,04:20,62.02,5349.6
L405S-001,1222782,04:25,62.14,5320.8
L405S-001,1222782,04:30,61.96,5229.6
L405S-001,1222782,04:35,61.760000000000005,5359.2
L405S-001,1222782,04:40,62.1,5376.0
L405S-001,1222782,04:45,62.18000000000001,5186.4
L405S-001,1222782,04:50,62.82000000000001,5104.8
L405S-001,1222782,04:55,63.08,5032.8
L405S-001,1222782,05:00,63.11999999999999,5090.4
L405S-001,1222782,05:05,62.660000000000004,4929.6
L405S-001,1222782,05:10,62.839999999999996,5032.8
L405S-001,1222782,05:15,62.82000000000001,5246.4
L405S-001,1222782,05:20,63.1,5162.4
L405S-001,1222782,05:25,62.92,5356.8
L405S-001,1222782,05:30,62.8,5306.4
L405S-001,1222782,05:35,63.1,5268.0
L405S-001,1222782,05:40,63.06,5162.4
L405S-001,1222782,05:45,62.760000000000005,5328.0
L405S-001,1222782,05:50,62.8,5299.2
L405S-001,1222782,05:55,62.74000000000001,5176.8
L405S-001,1222782,06:00,62.94000000000001,4857.6
L405S-001,1222782,06:05,62.88000000000001,5436.0
L405S-001,1222782,06:10,62.46,5464.8
L405S-001,1222782,06:15,62.9,5378.4
L405S-001,1222782,06:20,63.02,5316.0
L405S-001,1222782,06:25,62.86,5148.0
L405S-001,1222782,06:30,62.760000000000005,5193.6
L405S-001,1222782,06:35,62.06,5443.2
L405S-001,1222782,06:40,62.34000000000001,5455.2
L405S-001,1222782,06:45,62.720000000000006,5172.0
L405S-001,1222782,06:50,62.480000000000004,5484.0
L405S-001,1222782,06:55,62.5,5431.2
L405S-001,1222782,07:00,62.120000000000005,5383.2
L405S-001,1222782,07:05,62.18000000000001,5328.0
L405S-001,1222782,07:10,60.44,5284.8
L405S-001,1222782,07:15,59.040000000000006,5570.4
L405S-001,1222782,07:20,60.339999999999996,5491.2
L405S-001,1222782,07:25,61.04,5407.2
L405S-001,1222782,07:30,61.4,5464.8
L405S-001,1222782,07:35,61.56,5448.0
L405S-001,1222782,07:40,61.760000000000005,5416.8
L405S-001,1222782,07:45,61.839999999999996,5356.8
L405S-001,1222782,07:50,61.94,5272.8
L405S-001,1222782,07:55,61.68000000000001,5433.6
L405S-001,1222782,08:00,61.839999999999996,5472.0
L405S-001,1222782,08:05,61.32000000000001,5577.6
L405S-001,1222782,08:10,61.44,5424.0
L405S-001,1222782,08:15,61.86,5364.0
L405S-001,1222782,08:20,61.7,5325.6
L405S-001,1222782,08:25,61.64000000000001,5364.0
L405S-001,1222782,08:30,61.7,5239.2
L405S-001,1222782,08:35,61.48,5409.6
L405S-001,1222782,08:40,61.5,5522.4
L405S-001,1222782,08:45,62.000000000000014,5400.0
L405S-001,1222782,08:50,62.260000000000005,5409.6
L405S-001,1222782,08:55,62.1,5421.6
L405S-001,1222782,09:00,61.9,5498.4
L405S-001,1222782,09:05,61.86,5666.4
L405S-001,1222782,09:10,61.9,5522.4
L405S-001,1222782,09:15,62.38000000000001,5508.0
L405S-001,1222782,09:20,62.660000000000004,5445.6
L405S-001,1222782,09:25,62.24000000000001,5467.2
L405S-001,1222782,09:30,61.84000000000001,5469.6
L405S-001,1222782,09:35,62.14,5632.8
L405S-001,1222782,09:40,62.660000000000004,5443.2
L405S-001,1222782,09:45,62.160000000000004,5608.8
L405S-001,1222782,09:50,62.38000000000001,5608.8
L405S-001,1222782,09:55,62.1,5508.0
L405S-001,1222782,10:00,62.06,5527.2
L405S-001,1222782,10:05,61.879999999999995,5524.8
L405S-001,1222782,10:10,61.92,5572.8
L405S-001,1222782,10:15,62.339999999999996,5656.8
L405S-001,1222782,10:20,62.48,5704.8
L405S-001,1222782,10:25,62.080000000000005,5856.0
L405S-001,1222782,10:30,62.8,5546.4
L405S-001,1222782,10:35,62.64000000000001,5548.8
L405S-001,1222782,10:40,63.04,5618.4
L405S-001,1222782,10:45,63.58,5616.0
L405S-001,1222782,10:50,63.28000000000001,5616.0
L405S-001,1222782,10:55,63.40000000000001,5448.0
L405S-001,1222782,11:00,63.67999999999999,5404.8
L405S-001,1222782,11:05,63.96,5361.6
L405S-001,1222782,11:10,64.14000000000001,5198.4
L405S-001,1222782,11:15,64.52000000000001,5332.8
L405S-001,1222782,11:20,64.46000000000001,5356.8
L405S-001,1222782,11:25,64.98,5313.6
L405S-001,1222782,11:30,64.74,5373.6
L405S-001,1222782,11:35,64.66,5282.4
L405S-001,1222782,11:40,64.0,5097.6
L405S-001,1222782,11:45,64.36,5097.6
L405S-001,1222782,11:50,64.7,5037.6
L405S-001,1222782,11:55,64.84,4939.2
L405S-001,1222782,12:00,64.86,4874.4
L405S-001,1222782,12:05,65.12,5013.6
L405S-001,1222782,12:10,65.22,4960.8
L405S-001,1222782,12:15,65.47999999999999,5068.8
L405S-001,1222782,12:20,66.32000000000001,4929.6
L405S-001,1222782,12:25,66.03999999999999,4812.0
L405S-001,1222782,12:30,66.38,4672.8
L405S-001,1222782,12:35,66.34,4790.4
L405S-001,1222782,12:40,66.72,4987.2
L405S-001,1222782,12:45,66.7,4548.0
L405S-001,1222782,12:50,66.96000000000001,4716.0
L405S-001,1222782,12:55,67.14,4346.4
L405S-001,1222782,13:00,66.67999999999999,4504.8
L405S-001,1222782,13:05,67.08,4228.8
L405S-001,1222782,13:10,66.7,4298.4
L405S-001,1222782,13:15,67.16,3751.2
L405S-001,1222782,13:20,67.52000000000001,3696.0
L405S-001,1222782,13:25,67.06,3902.4
L405S-001,1222782,13:30,66.74,3727.2
L405S-001,1222782,13:35,66.84,3583.2
L405S-001,1222782,13:40,66.26,3602.4
L405S-001,1222782,13:45,66.58000000000001,3564.0
L405S-001,1222782,13:50,66.82000000000001,3511.2
L405S-001,1222782,13:55,66.62,3568.8
L405S-001,1222782,14:00,68.14,3393.6
L405S-001,1222782,14:05,68.64,3501.6
L405S-001,1222782,14:10,69.44,3259.2
L405S-001,1222782,14:15,68.94,3374.4
L405S-001,1222782,14:20,69.36,3415.2
L405S-001,1222782,14:25,69.06,3434.4
L405S-001,1222782,14:30,69.64000000000001,3276.0
L405S-001,1222782,14:35,70.22,3204.0
L405S-001,1222782,14:40,70.02000000000001,3004.8
L405S-001,1222782,14:45,69.28,3391.2
L405S-001,1222782,14:50,69.98,3057.6
L405S-001,1222782,14:55,69.8,3067.2
L405S-001,1222782,15:00,68.44,3163.2
L405S-001,1222782,15:05,68.58000000000001,2832.0
L405S-001,1222782,15:10,68.3,2973.6
L405S-001,1222782,15:15,68.96000000000001,3074.4
L405S-001,1222782,15:20,69.22,2964.0
L405S-001,1222782,15:25,69.0,2887.2
L405S-001,1222782,15:30,69.5,2899.2
L405S-001,1222782,15:35,69.17999999999999,2752.8
L405S-001,1222782,15:40,69.76,2851.2
L405S-001,1222782,15:45,69.24,2832.0
L405S-001,1222782,15:50,69.03999999999999,2572.8
L405S-001,1222782,15:55,68.97999999999999,2733.6
L405S-001,1222782,16:00,69.14,2385.6
L405S-001,1222782,16:05,68.64,2433.6
L405S-001,1222782,16:10,69.08,2414.4
L405S-001,1222782,16:15,68.67999999999999,2347.2
L405S-001,1222782,16:20,69.28,2241.6
L405S-001,1222782,16:25,69.52000000000001,2136.0
L405S-001,1222782,16:30,68.8,2100.0
L405S-001,1222782,16:35,69.22,2013.6
L405S-001,1222782,16:40,68.78,2044.8
L405S-001,1222782,16:45,69.64000000000001,2083.2
L405S-001,1222782,16:50,69.53999999999999,1903.2
L405S-001,1222782,16:55,68.78,1833.6
L405S-001,1222782,17:00,69.5,1862.4
L405S-001,1222782,17:05,68.74,1555.2
L405S-001,1222782,17:10,68.52,1723.2
L405S-001,1222782,17:15,68.16,1773.6
L405S-001,1222782,17:20,68.44,1576.8
L405S-001,1222782,17:25,67.84,1636.8
L405S-001,1222782,17:30,66.82000000000001,1605.6
L405S-001,1222782,17:35,66.58000000000001,1416.0
L405S-001,1222782,17:40,67.18,1286.4
L405S-001,1222782,17:45,67.06,1300.8
L405S-001,1222782,17:50,68.26,1120.8
L405S-001,1222782,17:55,67.88,1118.4
L405S-001,1222782,18:00,67.96,1032.0
L405S-001,1222782,18:05,67.58,979.2
L405S-001,1222782,18:10,68.5,912.0
L405S-001,1222782,18:15,68.16,876.0
L405S-001,1222782,18:20,67.86,693.6
L405S-001,1222782,18:25,68.8,787.2
L405S-001,1222782,18:30,68.53999999999999,789.6
L405S-001,1222782,18:35,68.34,751.2
L405S-001,1222782,18:40,69.2,633.6
L405S-001,1222782,18:45,68.64,693.6
L405S-001,1222782,18:50,68.84,628.8
L405S-001,1222782,18:55,69.14,636.0
L405S-001,1222782,19:00,68.3,600.0
L405S-001,1222782,19:05,68.22,556.8
L405S-001,1222782,19:10,68.16,537.6
L405S-001,1222782,19:15,68.74,724.8
L405S-001,1222782,19:20,68.86,645.6
L405S-001,1222782,19:25,68.91999999999999,648.0
L405S-001,1222782,19:30,69.4,619.2
L405S-001,1222782,19:35,68.36,624.0
L405S-001,1222782,19:40,68.46000000000001,556.8
L405S-001,1222782,19:45,68.76,619.2
L405S-001,1222782,19:50,68.42,535.2
L405S-001,1222782,19:55,68.42,592.8
L405S-001,1222782,20:00,69.5,643.2
L405S-001,1222782,20:05,69.78,602.4
L405S-001,1222782,20:10,69.25999999999999,549.6
L405S-001,1222782,20:15,69.35999999999999,684.0
L405S-001,1222782,20:20,69.17999999999999,655.2
L405S-001,1222782,20:25,69.66,616.8
L405S-001,1222782,20:30,68.86,734.4
L405S-001,1222782,20:35,68.88,667.2
L405S-001,1222782,20:40,68.96000000000001,763.2
L405S-001,1222782,20:45,69.1,775.2
L405S-001,1222782,20:50,69.08,739.2
L405S-001,1222782,20:55,69.4,691.2
L405S-001,1222782,21:00,68.24,676.8
L405S-001,1222782,21:05,68.5,700.8
L405S-001,1222782,21:10,68.47999999999999,871.2
L405S-001,1222782,21:15,68.52,912.0
L405S-001,1222782,21:20,68.67999999999999,1039.2
L405S-001,1222782,21:25,68.72,1231.2
L405S-001,1222782,21:30,68.3,1514.4
L405S-001,1222782,21:35,69.1,1442.4
L405S-001,1222782,21:40,69.12,1586.4
L405S-001,1222782,21:45,69.25999999999999,1761.6
L405S-001,1222782,21:50,68.3,1718.4
L405S-001,1222782,21:55,68.26,1620.0
L405S-001,1222782,22:00,68.96000000000001,1636.8
L405S-001,1222782,22:05,69.02000000000001,1591.2
L405S-001,1222782,22:10,68.54,1833.6
L405S-001,1222782,22:15,69.74,2076.0
L405S-001,1222782,22:20,68.97999999999999,2253.6
L405S-001,1222782,22:25,68.97999999999999,2419.2
L405S-001,1222782,22:30,68.96000000000001,2788.8
L405S-001,1222782,22:35,69.46000000000001,3028.8
L405S-001,1222782,22:40,70.02000000000001,3405.6
L405S-001,1222782,22:45,70.0,3540.0
L405S-001,1222782,22:50,69.24,3220.8
L405S-001,1222782,22:55,66.88000000000001,3192.0
L405S-001,1222782,23:00,67.42,3103.2
L405S-001,1222782,23:05,67.84,3189.6
L405S-001,1222782,23:10,67.96000000000001,3696.0
L405S-001,1222782,23:15,67.64,3890.4
L405S-001,1222782,23:20,67.96000000000001,4392.0
L405S-001,1222782,23:25,67.66,4380.0
L405S-001,1222782,23:30,67.53999999999999,4720.8
L405S-001,1222782,23:35,66.64,4917.6
L405S-001,1222782,23:40,66.52000000000001,5025.6
L405S-001,1222782,23:45,67.02000000000001,4713.6
L405S-001,1222782,23:50,67.02000000000001,4704.0
L405S-001,1222782,23:55,67.46000000000001,4627.2
L405S-001,1223027,00:00,65.96000000000001,6458.4
L405S-001,1223027,00:05,65.35999999999999,6441.6
L405S-001,1223027,00:10,65.28,6799.2
L405S-001,1223027,00:15,65.1,6962.4
L405S-001,1223027,00:20,65.4,7147.2
L405S-001,1223027,00:25,65.14,6758.4
L405S-001,1223027,00:30,66.16,6470.4
L405S-001,1223027,00:35,66.82000000000001,6576.0
L405S-001,1223027,00:40,66.3,6460.8
L405S-001,1223027,00:45,65.62,6739.2
L405S-001,1223027,00:50,65.22,6475.2
L405S-001,1223027,00:55,65.12,6388.8
L405S-001,1223027,01:00,64.46000000000001,6355.2
L405S-001,1223027,01:05,63.86,6549.6
L405S-001,1223027,01:10,63.52,6372.0
L405S-001,1223027,01:15,63.879999999999995,6235.2
L405S-001,1223027,01:20,63.96,6544.8
L405S-001,1223027,01:25,64.16,6458.4
L405S-001,1223027,01:30,63.620000000000005,6386.4
L405S-001,1223027,01:35,63.02,6856.8
L405S-001,1223027,01:40,62.88000000000001,6235.2
L405S-001,1223027,01:45,62.739999999999995,6684.0
L405S-001,1223027,01:50,62.94,6139.2
L405S-001,1223027,01:55,62.64000000000001,6247.2
L405S-001,1223027,02:00,62.120000000000005,5908.8
L405S-001,1223027,02:05,61.36,5925.6
L405S-001,1223027,02:10,61.220000000000006,5685.6
L405S-001,1223027,02:15,61.480000000000004,6014.4
L405S-001,1223027,02:20,62.06,6266.4
L405S-001,1223027,02:25,62.120000000000005,5836.8
L405S-001,1223027,02:30,62.64000000000001,6283.2
L405S-001,1223027,02:35,62.080000000000005,6110.4
L405S-001,1223027,02:40,62.06,6638.4
L405S-001,1223027,02:45,62.220000000000006,6160.8
L405S-001,1223027,02:50,62.52,6288.0
L405S-001,1223027,02:55,61.980000000000004,6134.4
L405S-001,1223027,03:00,61.620000000000005,6084.0
L405S-001,1223027,03:05,61.339999999999996,5844.0
L405S-001,1223027,03:10,61.6,6088.8
L405S-001,1223027,03:15,61.220000000000006,6268.8
L405S-001,1223027,03:20,61.1,6240.0
L405S-001,1223027,03:25,60.94000000000001,6132.0
L405S-001,1223027,03:30,60.88000000000001,6672.0
L405S-001,1223027,03:35,60.64,6403.2
L405S-001,1223027,03:40,60.660000000000004,6501.6
L405S-001,1223027,03:45,60.9,6499.2
L405S-001,1223027,03:50,61.34000000000001,6189.6
L405S-001,1223027,03:55,61.220000000000006,6232.8
L405S-001,1223027,04:00,60.98,6446.4
L405S-001,1223027,04:05,60.64000000000001,6271.2
L405S-001,1223027,04:10,60.80000000000001,6160.8
L405S-001,1223027,04:15,60.660000000000004,6631.2
L405S-001,1223027,04:20,60.38000000000001,6547.2
L405S-001,1223027,04:25,60.24000000000001,6612.0
L405S-001,1223027,04:30,60.540000000000006,6367.2
L405S-001,1223027,04:35,60.279999999999994,6770.4
L405S-001,1223027,04:40,60.2,6907.2
L405S-001,1223027,04:45,60.620000000000005,6516.0
L405S-001,1223027,04:50,61.04,6261.6
L405S-001,1223027,04:55,61.42,5808.0
L405S-001,1223027,05:00,61.78000000000001,6213.6
L405S-001,1223027,05:05,62.06,6096.0
L405S-001,1223027,05:10,61.8,6141.6
L405S-001,1223027,05:15,61.620000000000005,6360.0
L405S-001,1223027,05:20,62.14,6352.8
L405S-001,1223027,05:25,62.06,6765.6
L405S-001,1223027,05:30,61.839999999999996,6494.4
L405S-001,1223027,05:35,61.92,6650.4
L405S-001,1223027,05:40,62.339999999999996,6328.8
L405S-001,1223027,05:45,61.78000000000001,6672.0
L405S-001,1223027,05:50,61.78000000000001,6513.6
L405S-001,1223027,05:55,61.82000000000001,6516.0
L405S-001,1223027,06:00,62.480000000000004,5817.6
L405S-001,1223027,06:05,62.620000000000005,6835.2
L405S-001,1223027,06:10,62.36,6806.4
L405S-001,1223027,06:15,62.8,6621.6
L405S-001,1223027,06:20,62.94000000000001,6715.2
L405S-001,1223027,06:25,62.8,6607.2
L405S-001,1223027,06:30,62.68000000000001,6537.6
L405S-001,1223027,06:35,61.720000000000006,6741.6
L405S-001,1223027,06:40,61.68000000000001,6996.0
L405S-001,1223027,06:45,62.120000000000005,6523.2
L405S-001,1223027,06:50,61.6,7084.8
L405S-001,1223027,06:55,61.46,6741.6
L405S-001,1223027,07:00,61.28000000000001,6902.4
L405S-001,1223027,07:05,59.86,6657.6
L405S-001,1223027,07:10,58.67999999999999,6703.2
L405S-001,1223027,07:15,57.64,7032.0
L405S-001,1223027,07:20,58.52,7125.6
L405S-001,1223027,07:25,59.6,6818.4
L405S-001,1223027,07:30,59.86,7012.8
L405S-001,1223027,07:35,60.32000000000001,7132.8
L405S-001,1223027,07:40,60.92,6844.8
L405S-001,1223027,07:45,61.279999999999994,6885.6
L405S-001,1223027,07:50,61.18000000000001,6885.6
L405S-001,1223027,07:55,60.86,6904.8
L405S-001,1223027,08:00,61.120000000000005,6974.4
L405S-001,1223027,08:05,60.52,7216.8
L405S-001,1223027,08:10,60.92,7048.8
L405S-001,1223027,08:15,60.980000000000004,6897.6
L405S-001,1223027,08:20,61.56,6830.4
L405S-001,1223027,08:25,61.74000000000001,6936.0
L405S-001,1223027,08:30,61.8,6796.8
L405S-001,1223027,08:35,61.839999999999996,6986.4
L405S-001,1223027,08:40,61.48,7077.6
L405S-001,1223027,08:45,61.88000000000001,6986.4
L405S-001,1223027,08:50,62.32000000000001,6936.0
L405S-001,1223027,08:55,62.260000000000005,6984.0
L405S-001,1223027,09:00,61.96,7072.8
L405S-001,1223027,09:05,61.82000000000001,7231.2
L405S-001,1223027,09:10,61.92,7123.2
L405S-001,1223027,09:15,62.24000000000001,7233.6
L405S-001,1223027,09:20,62.620000000000005,6996.0
L405S-001,1223027,09:25,61.839999999999996,7116.0
L405S-001,1223027,09:30,61.94000000000001,7168.8
L405S-001,1223027,09:35,61.82000000000001,7296.0
L405S-001,1223027,09:40,62.080000000000005,7072.8
L405S-001,1223027,09:45,61.720000000000006,7228.8
L405S-001,1223027,09:50,61.92,7274.4
L405S-001,1223027,09:55,61.9,7202.4
L405S-001,1223027,10:00,61.86,7082.4
L405S-001,1223027,10:05,61.540000000000006,7104.0
L405S-001,1223027,10:10,62.02,7140.0
L405S-001,1223027,10:15,62.5,7281.6
L405S-001,1223027,10:20,62.06,7336.8
L405S-001,1223027,10:25,61.2,7351.2
L405S-001,1223027,10:30,62.260000000000005,7224.0
L405S-001,1223027,10:35,62.14,7188.0
L405S-001,1223027,10:40,62.42,7087.2
L405S-001,1223027,10:45,63.14,7096.8
L405S-001,1223027,10:50,63.02,7084.8
L405S-001,1223027,10:55,63.3,6948.0
L405S-001,1223027,11:00,63.82000000000001,6986.4
L405S-001,1223027,11:05,63.86,6835.2
L405S-001,1223027,11:10,63.94000000000001,6592.8
L405S-001,1223027,11:15,65.16,6698.4
L405S-001,1223027,11:20,65.3,6789.6
L405S-001,1223027,11:25,65.78,6667.2
L405S-001,1223027,11:30,65.7,6775.2
L405S-001,1223027,11:35,65.74,6631.2
L405S-001,1223027,11:40,65.22,6535.2
L405S-001,1223027,11:45,65.5,6492.0
L405S-001,1223027,11:50,65.64,6403.2
L405S-001,1223027,11:55,65.84,6302.4
L405S-001,1223027,12:00,65.8,6180.0
L405S-001,1223027,12:05,65.8,6100.8
L405S-001,1223027,12:10,66.22,6158.4
L405S-001,1223027,12:15,66.46000000000001,5971.2
L405S-001,1223027,12:20,66.9,6081.6
L405S-001,1223027,12:25,66.84,5808.0
L405S-001,1223027,12:30,67.08,5796.0
L405S-001,1223027,12:35,67.22,5666.4
L405S-001,1223027,12:40,67.47999999999999,6112.8
L405S-001,1223027,12:45,67.86,5527.2
L405S-001,1223027,12:50,67.75999999999999,5702.4
L405S-001,1223027,12:55,67.62,5253.6
L405S-001,1223027,13:00,67.42,5524.8
L405S-001,1223027,13:05,67.97999999999999,4941.6
L405S-001,1223027,13:10,68.1,5160.0
L405S-001,1223027,13:15,68.28,4507.2
L405S-001,1223027,13:20,68.74,4312.8
L405S-001,1223027,13:25,68.08,4612.8
L405S-001,1223027,13:30,67.78,4524.0
L405S-001,1223027,13:35,67.24,4192.8
L405S-001,1223027,13:40,67.24,4286.4
L405S-001,1223027,13:45,67.47999999999999,4058.4
L405S-001,1223027,13:50,67.92,4152.0
L405S-001,1223027,13:55,67.85999999999999,4152.0
L405S-001,1223027,14:00,69.16,3972.0
L405S-001,1223027,14:05,69.8,4024.8
L405S-001,1223027,14:10,70.1,3864.0
L405S-001,1223027,14:15,69.64,3772.8
L405S-001,1223027,14:20,69.53999999999999,3948.0
L405S-001,1223027,14:25,69.94000000000001,3924.0
L405S-001,1223027,14:30,70.64,3765.6
L405S-001,1223027,14:35,70.72,3604.8
L405S-001,1223027,14:40,70.64,3439.2
L405S-001,1223027,14:45,70.22,3902.4
L405S-001,1223027,14:50,70.86,3504.0
L405S-001,1223027,14:55,70.74,3542.4
L405S-001,1223027,15:00,69.4,3556.8
L405S-001,1223027,15:05,68.94,3304.8
L405S-001,1223027,15:10,68.62,3321.6
L405S-001,1223027,15:15,69.08,3506.4
L405S-001,1223027,15:20,69.14,3405.6
L405S-001,1223027,15:25,69.26,3264.0
L405S-001,1223027,15:30,69.44,3333.6
L405S-001,1223027,15:35,69.26,3177.6
L405S-001,1223027,15:40,69.97999999999999,3218.4
L405S-001,1223027,15:45,69.7,3235.2
L405S-001,1223027,15:50,69.66,2988.0
L405S-001,1223027,15:55,69.46000000000001,3021.6
L405S-001,1223027,16:00,69.53999999999999,2736.0
L405S-001,1223027,16:05,69.32000000000001,2764.8
L405S-001,1223027,16:10,69.38000000000001,2731.2
L405S-001,1223027,16:15,69.3,2652.0
L405S-001,1223027,16:20,69.82000000000001,2431.2
L405S-001,1223027,16:25,70.16,2277.6
L405S-001,1223027,16:30,69.4,2388.0
L405S-001,1223027,16:35,69.6,2188.8
L405S-001,1223027,16:40,69.42,2229.6
L405S-001,1223027,16:45,70.12,2316.0
L405S-001,1223027,16:50,70.6,2152.8
L405S-001,1223027,16:55,69.42,1968.0
L405S-001,1223027,17:00,70.62,2124.0
L405S-001,1223027,17:05,69.64000000000001,1716.0
L405S-001,1223027,17:10,69.34,1905.6
L405S-001,1223027,17:15,68.12,1989.6
L405S-001,1223027,17:20,68.96000000000001,1761.6
L405S-001,1223027,17:25,68.46000000000001,1788.0
L405S-001,1223027,17:30,67.36,1728.0
L405S-001,1223027,17:35,67.4,1564.8
L405S-001,1223027,17:40,68.1,1440.0
L405S-001,1223027,17:45,67.64,1360.8
L405S-001,1223027,17:50,68.08,1207.2
L405S-001,1223027,17:55,68.9,1168.8
L405S-001,1223027,18:00,68.02000000000001,1108.8
L405S-001,1223027,18:05,68.2,1008.0
L405S-001,1223027,18:10,69.52000000000001,979.2
L405S-001,1223027,18:15,68.94,876.0
L405S-001,1223027,18:20,68.06,780.0
L405S-001,1223027,18:25,69.47999999999999,775.2
L405S-001,1223027,18:30,69.06,844.8
L405S-001,1223027,18:35,69.72,760.8
L405S-001,1223027,18:40,69.78,660.0
L405S-001,1223027,18:45,69.8,710.4
L405S-001,1223027,18:50,69.9,643.2
L405S-001,1223027,18:55,69.92,650.4
L405S-001,1223027,19:00,69.66,624.0
L405S-001,1223027,19:05,68.53999999999999,576.0
L405S-001,1223027,19:10,68.58,559.2
L405S-001,1223027,19:15,69.44000000000001,712.8
L405S-001,1223027,19:20,69.64,662.4
L405S-001,1223027,19:25,69.62,662.4
L405S-001,1223027,19:30,70.14,650.4
L405S-001,1223027,19:35,69.17999999999999,628.8
L405S-001,1223027,19:40,69.08,549.6
L405S-001,1223027,19:45,69.6,648.0
L405S-001,1223027,19:50,68.7,554.4
L405S-001,1223027,19:55,69.32000000000001,568.8
L405S-001,1223027,20:00,69.92,650.4
L405S-001,1223027,20:05,70.3,624.0
L405S-001,1223027,20:10,70.12,532.8
L405S-001,1223027,20:15,70.3,703.2
L405S-001,1223027,20:20,69.7,669.6
L405S-001,1223027,20:25,70.56,580.8
L405S-001,1223027,20:30,69.58,758.4
L405S-001,1223027,20:35,70.1,660.0
L405S-001,1223027,20:40,70.0,768.0
L405S-001,1223027,20:45,69.66,811.2
L405S-001,1223027,20:50,69.64,765.6
L405S-001,1223027,20:55,69.97999999999999,688.8
L405S-001,1223027,21:00,69.14000000000001,676.8
L405S-001,1223027,21:05,69.08,712.8
L405S-001,1223027,21:10,68.82000000000001,856.8
L405S-001,1223027,21:15,69.16,936.0
L405S-001,1223027,21:20,68.72,1051.2
L405S-001,1223027,21:25,68.84,1252.8
L405S-001,1223027,21:30,68.67999999999999,1548.0
L405S-001,1223027,21:35,69.38,1495.2
L405S-001,1223027,21:40,69.94,1684.8
L405S-001,1223027,21:45,69.2,1900.8
L405S-001,1223027,21:50,68.26,1807.2
L405S-001,1223027,21:55,68.04,1747.2
L405S-001,1223027,22:00,69.08,1699.2
L405S-001,1223027,22:05,68.88,1639.2
L405S-001,1223027,22:10,68.97999999999999,1994.4
L405S-001,1223027,22:15,69.34,2140.8
L405S-001,1223027,22:20,69.74,2457.6
L405S-001,1223027,22:25,69.66,2695.2
L405S-001,1223027,22:30,69.3,3036.0
L405S-001,1223027,22:35,70.06,3304.8
L405S-001,1223027,22:40,70.62,3895.2
L405S-001,1223027,22:45,70.58,3993.6
L405S-001,1223027,22:50,68.1,3741.6
L405S-001,1223027,22:55,63.4,3590.4
L405S-001,1223027,23:00,65.24,3590.4
L405S-001,1223027,23:05,67.08000000000001,3739.2
L405S-001,1223027,23:10,67.94,4180.8
L405S-001,1223027,23:15,68.08,4826.4
L405S-001,1223027,23:20,68.0,5143.2
L405S-001,1223027,23:25,67.78,5452.8
L405S-001,1223027,23:30,67.67999999999999,5560.8
L405S-001,1223027,23:35,66.52000000000001,6160.8
L405S-001,1223027,23:40,66.42,6139.2
L405S-001,1223027,23:45,66.84,6038.4
L405S-001,1223027,23:50,67.04,5738.4
L405S-001,1223027,23:55,67.46000000000001,5563.2
L405S-004,1201525,00:00,58.9,10123.2
L405S-004,1201525,00:05,58.1,10065.6
L405S-004,1201525,00:10,56.94000000000001,10346.4
L405S-004,1201525,00:15,56.02,10564.8
L405S-004,1201525,00:20,53.98,10281.6
L405S-004,1201525,00:25,52.2,10531.2
L405S-004,1201525,00:30,47.540000000000006,10320.0
L405S-004,1201525,00:35,44.8,10077.6
L405S-004,1201525,00:40,40.52,9700.8
L405S-004,1201525,00:45,40.14,9883.2
L405S-004,1201525,00:50,37.980000000000004,8760.0
L405S-004,1201525,00:55,41.34,9276.0
L405S-004,1201525,01:00,41.220000000000006,8839.2
L405S-004,1201525,01:05,40.82000000000001,9465.6
L405S-004,1201525,01:10,41.3,9319.2
L405S-004,1201525,01:15,37.720000000000006,9206.4
L405S-004,1201525,01:20,36.760000000000005,8618.4
L405S-004,1201525,01:25,34.86,8745.6
L405S-004,1201525,01:30,33.06,8335.2
L405S-004,1201525,01:35,33.540000000000006,8853.6
L405S-004,1201525,01:40,35.1,8863.2
L405S-004,1201525,01:45,36.160000000000004,9100.8
L405S-004,1201525,01:50,39.019999999999996,9477.6
L405S-004,1201525,01:55,40.120000000000005,8860.8
L405S-004,1201525,02:00,44.940000000000005,8973.6
L405S-004,1201525,02:05,48.7,9151.2
L405S-004,1201525,02:10,49.459999999999994,9163.2
L405S-004,1201525,02:15,50.64,9067.2
L405S-004,1201525,02:20,51.480000000000004,9132.0
L405S-004,1201525,02:25,54.839999999999996,9434.4
L405S-004,1201525,02:30,57.120000000000005,9292.8
L405S-004,1201525,02:35,58.480000000000004,9283.2
L405S-004,1201525,02:40,58.78000000000001,9614.4
L405S-004,1201525,02:45,59.4,9693.6
L405S-004,1201525,02:50,60.36,9499.2
L405S-004,1201525,02:55,60.92,9127.2
L405S-004,1201525,03:00,60.84000000000001,8719.2
L405S-004,1201525,03:05,61.480000000000004,8064.0
L405S-004,1201525,03:10,60.86,8469.6
L405S-004,1201525,03:15,60.7,8654.4
L405S-004,1201525,03:20,61.4,8347.2
L405S-004,1201525,03:25,61.3,8577.6
L405S-004,1201525,03:30,61.220000000000006,8644.8
L405S-004,1201525,03:35,61.28000000000001,8508.0
L405S-004,1201525,03:40,60.160000000000004,9417.6
L405S-004,1201525,03:45,60.14,9086.4
L405S-004,1201525,03:50,59.92,9388.8
L405S-004,1201525,03:55,60.220000000000006,8798.4
L405S-004,1201525,04:00,60.5,8308.8
L405S-004,1201525,04:05,61.14000000000001,8035.2
L405S-004,1201525,04:10,61.160000000000004,8752.8
L405S-004,1201525,04:15,61.44,8467.2
L405S-004,1201525,04:20,61.06,8760.0
L405S-004,1201525,04:25,61.04,8445.6
L405S-004,1201525,04:30,61.18000000000001,8750.4
L405S-004,1201525,04:35,61.160000000000004,8352.0
L405S-004,1201525,04:40,61.0,9136.8
L405S-004,1201525,04:45,60.739999999999995,9028.8
L405S-004,1201525,04:50,60.480000000000004,9326.4
L405S-004,1201525,04:55,59.9,8688.0
L405S-004,1201525,05:00,60.86,8095.2
L405S-004,1201525,05:05,60.580000000000005,7953.6
L405S-004,1201525,05:10,61.080000000000005,8157.6
L405S-004,1201525,05:15,61.14000000000001,8383.2
L405S-004,1201525,05:20,61.1,8666.4
L405S-004,1201525,05:25,61.52,8210.4
L405S-004,1201525,05:30,61.42,8584.8
L405S-004,1201525,05:35,61.5,8193.6
L405S-004,1201525,05:40,61.64,8008.8
L405S-004,1201525,05:45,61.56,8419.2
L405S-004,1201525,05:50,61.44000000000001,8608.8
L405S-004,1201525,05:55,61.54,8104.8
L405S-004,1201525,06:00,58.64,7850.4
L405S-004,1201525,06:05,54.54,7118.4
L405S-004,1201525,06:10,53.28000000000001,7540.8
L405S-004,1201525,06:15,55.06,8316.0
L405S-004,1201525,06:20,58.06,8301.6
L405S-004,1201525,06:25,60.44000000000001,8236.8
L405S-004,1201525,06:30,61.24000000000001,8006.4
L405S-004,1201525,06:35,61.8,7317.6
L405S-004,1201525,06:40,61.44000000000001,7382.4
L405S-004,1201525,06:45,61.220000000000006,7720.8
L405S-004,1201525,06:50,61.06,7507.2
L405S-004,1201525,06:55,61.620000000000005,6859.2
L405S-004,1201525,07:00,62.2,7068.0
L405S-004,1201525,07:05,62.28000000000001,6787.2
L405S-004,1201525,07:10,61.82000000000001,7689.6
L405S-004,1201525,07:15,60.92,7538.4
L405S-004,1201525,07:20,60.5,8347.2
L405S-004,1201525,07:25,59.78000000000001,8474.4
L405S-004,1201525,07:30,59.56,8541.6
L405S-004,1201525,07:35,60.46,8323.2
L405S-004,1201525,07:40,59.5,8289.6
L405S-004,1201525,07:45,61.18000000000001,8428.8
L405S-004,1201525,07:50,61.92,8342.4
L405S-004,1201525,07:55,62.67999999999999,7917.6
L405S-004,1201525,08:00,63.4,7430.4
L405S-004,1201525,08:05,63.98,7874.4
L405S-004,1201525,08:10,64.22,7927.2
L405S-004,1201525,08:15,63.9,8064.0
L405S-004,1201525,08:20,63.42,8479.2
L405S-004,1201525,08:25,63.42,8232.0
L405S-004,1201525,08:30,63.44,8040.0
L405S-004,1201525,08:35,63.5,8500.8
L405S-004,1201525,08:40,63.8,8373.6
L405S-004,1201525,08:45,63.720000000000006,8484.0
L405S-004,1201525,08:50,63.52,8587.2
L405S-004,1201525,08:55,63.620000000000005,7872.0
L405S-004,1201525,09:00,64.36,7840.8
L405S-004,1201525,09:05,64.5,7622.4
L405S-004,1201525,09:10,64.3,8059.2
L405S-004,1201525,09:15,64.06,8695.2
L405S-004,1201525,09:20,63.620000000000005,8424.0
L405S-004,1201525,09:25,64.64,8140.8
L405S-004,1201525,09:30,64.44,8484.0
L405S-004,1201525,09:35,64.42,8184.0
L405S-004,1201525,09:40,64.12,8733.6
L405S-004,1201525,09:45,63.879999999999995,8752.8
L405S-004,1201525,09:50,64.38000000000001,8428.8
L405S-004,1201525,09:55,64.6,8035.2
L405S-004,1201525,10:00,64.74,8114.4
L405S-004,1201525,10:05,64.4,8371.2
L405S-004,1201525,10:10,64.3,8467.2
L405S-004,1201525,10:15,64.32000000000001,8611.2
L405S-004,1201525,10:20,64.0,9060.0
L405S-004,1201525,10:25,64.28,8472.0
L405S-004,1201525,10:30,64.76,8092.8
L405S-004,1201525,10:35,65.08,7934.4
L405S-004,1201525,10:40,65.24,8100.0
L405S-004,1201525,10:45,65.68,7881.6
L405S-004,1201525,10:50,65.94000000000001,7742.4
L405S-004,1201525,10:55,65.9,7449.6
L405S-004,1201525,11:00,66.7,7075.2
L405S-004,1201525,11:05,66.58000000000001,7068.0
L405S-004,1201525,11:10,66.86,7564.8
L405S-004,1201525,11:15,66.84,7531.2
L405S-004,1201525,11:20,66.86,7000.8
L405S-004,1201525,11:25,67.2,7082.4
L405S-004,1201525,11:30,67.84,6830.4
L405S-004,1201525,11:35,67.78,6880.8
L405S-004,1201525,11:40,67.72,6895.2
L405S-004,1201525,11:45,68.0,6741.6
L405S-004,1201525,11:50,67.72,6117.6
L405S-004,1201525,11:55,68.28,6508.8
L405S-004,1201525,12:00,68.88,6151.2
L405S-004,1201525,12:05,69.08,5992.8
L405S-004,1201525,12:10,69.12,6076.8
L405S-004,1201525,12:15,68.86,5800.8
L405S-004,1201525,12:20,69.02,6216.0
L405S-004,1201525,12:25,68.8,6012.0
L405S-004,1201525,12:30,68.42,5836.8
L405S-004,1201525,12:35,68.86,5508.0
L405S-004,1201525,12:40,68.92,5966.4
L405S-004,1201525,12:45,69.72,5560.8
L405S-004,1201525,12:50,69.06,5983.2
L405S-004,1201525,12:55,69.82000000000001,5104.8
L405S-004,1201525,13:00,69.42,5383.2
L405S-004,1201525,13:05,69.72,5104.8
L405S-004,1201525,13:10,69.2,5049.6
L405S-004,1201525,13:15,68.88,5160.0
L405S-004,1201525,13:20,68.34,5467.2
L405S-004,1201525,13:25,68.28,5020.8
L405S-004,1201525,13:30,68.52000000000001,4946.4
L405S-004,1201525,13:35,68.02,4953.6
L405S-004,1201525,13:40,67.7,4886.4
L405S-004,1201525,13:45,67.24,4816.8
L405S-004,1201525,13:50,67.62,4591.2
L405S-004,1201525,13:55,67.62,4536.0
L405S-004,1201525,14:00,67.85999999999999,4620.0
L405S-004,1201525,14:05,68.62,4603.2
L405S-004,1201525,14:10,68.72,4653.6
L405S-004,1201525,14:15,68.88000000000001,4492.8
L405S-004,1201525,14:20,68.74,4442.4
L405S-004,1201525,14:25,68.64,4248.0
L405S-004,1201525,14:30,68.82000000000001,4245.6
L405S-004,1201525,14:35,68.78,4262.4
L405S-004,1201525,14:40,68.74,4099.2
L405S-004,1201525,14:45,69.2,4128.0
L405S-004,1201525,14:50,69.56,4123.2
L405S-004,1201525,14:55,69.48,3796.8
L405S-004,1201525,15:00,69.26,3696.0
L405S-004,1201525,15:05,69.0,3465.6
L405S-004,1201525,15:10,68.58,3669.6
L405S-004,1201525,15:15,68.14,3710.4
L405S-004,1201525,15:20,68.44,3537.6
L405S-004,1201525,15:25,69.24,3388.8
L405S-004,1201525,15:30,69.03999999999999,3057.6
L405S-004,1201525,15:35,69.82000000000001,3081.6
L405S-004,1201525,15:40,69.28,3004.8
L405S-004,1201525,15:45,69.66,2757.6
L405S-004,1201525,15:50,69.82000000000001,2798.4
L405S-004,1201525,15:55,70.5,2803.2
L405S-004,1201525,16:00,69.67999999999999,2436.0
L405S-004,1201525,16:05,69.32000000000001,2313.6
L405S-004,1201525,16:10,68.97999999999999,2304.0
L405S-004,1201525,16:15,69.67999999999999,2248.8
L405S-004,1201525,16:20,69.0,2265.6
L405S-004,1201525,16:25,69.34,2133.6
L405S-004,1201525,16:30,69.64,2047.2
L405S-004,1201525,16:35,69.8,2011.2
L405S-004,1201525,16:40,69.42,1884.0
L405S-004,1201525,16:45,70.17999999999999,1713.6
L405S-004,1201525,16:50,69.66,1831.2
L405S-004,1201525,16:55,69.84,1658.4
L405S-004,1201525,17:00,69.96,1574.4
L405S-004,1201525,17:05,70.18,1420.8
L405S-004,1201525,17:10,70.17999999999999,1586.4
L405S-004,1201525,17:15,69.47999999999999,1432.8
L405S-004,1201525,17:20,69.82000000000001,1442.4
L405S-004,1201525,17:25,69.17999999999999,1358.4
L405S-004,1201525,17:30,69.4,1286.4
L405S-004,1201525,17:35,68.9,1353.6
L405S-004,1201525,17:40,68.86,1233.6
L405S-004,1201525,17:45,67.96000000000001,1166.4
L405S-004,1201525,17:50,67.9,1173.6
L405S-004,1201525,17:55,68.62,1058.4
L405S-004,1201525,18:00,68.35999999999999,996.0
L405S-004,1201525,18:05,69.12,919.2
L405S-004,1201525,18:10,68.78,890.4
L405S-004,1201525,18:15,68.34,763.2
L405S-004,1201525,18:20,69.12,782.4
L405S-004,1201525,18:25,69.38,760.8
L405S-004,1201525,18:30,69.08,662.4
L405S-004,1201525,18:35,68.92,715.2
L405S-004,1201525,18:40,68.38,597.6
L405S-004,1201525,18:45,68.22,652.8
L405S-004,1201525,18:50,68.58,580.8
L405S-004,1201525,18:55,69.4,590.4
L405S-004,1201525,19:00,68.88,607.2
L405S-004,1201525,19:05,68.7,568.8
L405S-004,1201525,19:10,69.16,612.0
L405S-004,1201525,19:15,68.86,602.4
L405S-004,1201525,19:20,68.6,604.8
L405S-004,1201525,19:25,68.9,578.4
L405S-004,1201525,19:30,68.9,576.0
L405S-004,1201525,19:35,68.8,588.0
L405S-004,1201525,19:40,69.4,638.4
L405S-004,1201525,19:45,69.08,614.4
L405S-004,1201525,19:50,69.34,609.6
L405S-004,1201525,19:55,69.42,648.0
L405S-004,1201525,20:00,69.44,576.0
L405S-004,1201525,20:05,68.86,561.6
L405S-004,1201525,20:10,69.28,679.2
L405S-004,1201525,20:15,69.84,679.2
L405S-004,1201525,20:20,69.12,693.6
L405S-004,1201525,20:25,69.5,825.6
L405S-004,1201525,20:30,69.18,926.4
L405S-004,1201525,20:35,69.38,907.2
L405S-004,1201525,20:40,69.12,1077.6
L405S-004,1201525,20:45,68.74,1166.4
L405S-004,1201525,20:50,68.86,1072.8
L405S-004,1201525,20:55,68.94,1221.6
L405S-004,1201525,21:00,69.88,1063.2
L405S-004,1201525,21:05,68.9,1029.6
L405S-004,1201525,21:10,69.42,1185.6
L405S-004,1201525,21:15,69.26,1346.4
L405S-004,1201525,21:20,68.6,1696.8
L405S-004,1201525,21:25,68.97999999999999,1701.6
L405S-004,1201525,21:30,69.72,2160.0
L405S-004,1201525,21:35,69.88,2736.0
L405S-004,1201525,21:40,69.66,2868.0
L405S-004,1201525,21:45,70.0,3139.2
L405S-004,1201525,21:50,70.17999999999999,3122.4
L405S-004,1201525,21:55,69.8,2920.8
L405S-004,1201525,22:00,68.78,2628.0
L405S-004,1201525,22:05,68.67999999999999,2692.8
L405S-004,1201525,22:10,69.28,2947.2
L405S-004,1201525,22:15,70.47999999999999,3283.2
L405S-004,1201525,22:20,70.53999999999999,3782.4
L405S-004,1201525,22:25,69.7,4017.6
L405S-004,1201525,22:30,69.32000000000001,4310.4
L405S-004,1201525,22:35,69.6,4651.2
L405S-004,1201525,22:40,69.22,5347.2
L405S-004,1201525,22:45,69.88,4766.4
L405S-004,1201525,22:50,69.7,5277.6
L405S-004,1201525,22:55,70.03999999999999,4881.6
L405S-004,1201525,23:00,67.64000000000001,6088.8
L405S-004,1201525,23:05,67.22,6196.8
L405S-004,1201525,23:10,66.16,6657.6
L405S-004,1201525,23:15,66.24,6945.6
L405S-004,1201525,23:20,65.76,7641.6
L405S-004,1201525,23:25,65.32,7891.2
L405S-004,1201525,23:30,64.46000000000001,8140.8
L405S-004,1201525,23:35,63.620000000000005,7905.6
L405S-004,1201525,23:40,62.720000000000006,9472.8
L405S-004,1201525,23:45,62.36,9571.2
L405S-004,1201525,23:50,62.279999999999994,8803.2
L405S-004,1201525,23:55,61.7,8940.0
L405S-005,1201589,00:00,57.879999999999995,9626.4
L405S-005,1201589,00:05,57.92,9636.0
L405S-005,1201589,00:10,57.24000000000001,10096.8
L405S-005,1201589,00:15,57.46,9780.0
L405S-005,1201589,00:20,57.54,9890.4
L405S-005,1201589,00:25,55.3,9741.6
L405S-005,1201589,00:30,53.260000000000005,9873.6
L405S-005,1201589,00:35,51.56,9259.2
L405S-005,1201589,00:40,45.62,9194.4
L405S-005,1201589,00:45,40.96,8510.4
L405S-005,1201589,00:50,41.86,8572.8
L405S-005,1201589,00:55,38.84,7706.4
L405S-005,1201589,01:00,40.88,8253.6
L405S-005,1201589,01:05,42.42,8724.0
L405S-005,1201589,01:10,43.64,8599.2
L405S-005,1201589,01:15,46.1,8836.8
L405S-005,1201589,01:20,45.720000000000006,8714.4
L405S-005,1201589,01:25,43.760000000000005,8320.8
L405S-005,1201589,01:30,40.14,7816.8
L405S-005,1201589,01:35,36.3,8160.0
L405S-005,1201589,01:40,36.34,7848.0
L405S-005,1201589,01:45,37.2,8140.8
L405S-005,1201589,01:50,39.2,8464.8
L405S-005,1201589,01:55,43.54,8577.6
L405S-005,1201589,02:00,45.6,7908.0
L405S-005,1201589,02:05,49.2,8733.6
L405S-005,1201589,02:10,53.1,8628.0
L405S-005,1201589,02:15,56.17999999999999,8359.2
L405S-005,1201589,02:20,57.4,8966.4
L405S-005,1201589,02:25,57.580000000000005,8846.4
L405S-005,1201589,02:30,58.2,8769.6
L405S-005,1201589,02:35,58.7,8904.0
L405S-005,1201589,02:40,59.36,9108.0
L405S-005,1201589,02:45,60.120000000000005,9453.6
L405S-005,1201589,02:50,60.7,9220.8
L405S-005,1201589,02:55,61.4,8436.0
L405S-005,1201589,03:00,61.56,8258.4
L405S-005,1201589,03:05,61.88000000000001,7747.2
L405S-005,1201589,03:10,61.08,8352.0
L405S-005,1201589,03:15,62.10000000000001,8032.8
L405S-005,1201589,03:20,62.18000000000001,8066.4
L405S-005,1201589,03:25,61.84000000000001,8174.4
L405S-005,1201589,03:30,62.120000000000005,8419.2
L405S-005,1201589,03:35,62.120000000000005,8332.8
L405S-005,1201589,03:40,60.82000000000001,8928.0
L405S-005,1201589,03:45,60.54,8894.4
L405S-005,1201589,03:50,60.44,8841.6
L405S-005,1201589,03:55,61.17999999999999,8253.6
L405S-005,1201589,04:00,61.64,7804.8
L405S-005,1201589,04:05,62.160000000000004,7804.8
L405S-005,1201589,04:10,61.68000000000001,8419.2
L405S-005,1201589,04:15,61.8,8236.8
L405S-005,1201589,04:20,62.34000000000001,8234.4
L405S-005,1201589,04:25,62.2,8227.2
L405S-005,1201589,04:30,62.52,8128.8
L405S-005,1201589,04:35,62.379999999999995,8013.6
L405S-005,1201589,04:40,62.220000000000006,8455.2
L405S-005,1201589,04:45,61.32000000000001,8664.0
L405S-005,1201589,04:50,61.7,8568.0
L405S-005,1201589,04:55,61.839999999999996,8234.4
L405S-005,1201589,05:00,61.980000000000004,7720.8
L405S-005,1201589,05:05,62.660000000000004,7300.8
L405S-005,1201589,05:10,63.04,7598.4
L405S-005,1201589,05:15,62.980000000000004,8138.4
L405S-005,1201589,05:20,62.660000000000004,8054.4
L405S-005,1201589,05:25,63.339999999999996,7689.6
L405S-005,1201589,05:30,63.28000000000001,8092.8
L405S-005,1201589,05:35,62.9,7668.0
L405S-005,1201589,05:40,63.06,7699.2
L405S-005,1201589,05:45,63.36,8392.8
L405S-005,1201589,05:50,63.14000000000001,8078.4
L405S-005,1201589,05:55,63.36,7608.0
L405S-005,1201589,06:00,62.239999999999995,7917.6
L405S-005,1201589,06:05,61.44,7608.0
L405S-005,1201589,06:10,58.5,6684.0
L405S-005,1201589,06:15,56.44000000000001,7591.2
L405S-005,1201589,06:20,57.36,7828.8
L405S-005,1201589,06:25,60.220000000000006,7761.6
L405S-005,1201589,06:30,61.88000000000001,7675.2
L405S-005,1201589,06:35,62.67999999999999,7610.4
L405S-005,1201589,06:40,60.620000000000005,7440.0
L405S-005,1201589,06:45,57.67999999999999,7370.4
L405S-005,1201589,06:50,55.480000000000004,7411.2
L405S-005,1201589,06:55,55.18000000000001,6664.8
L405S-005,1201589,07:00,54.42,6669.6
L405S-005,1201589,07:05,53.46,6753.6
L405S-005,1201589,07:10,53.160000000000004,6811.2
L405S-005,1201589,07:15,54.02,7051.2
L405S-005,1201589,07:20,54.21999999999999,7272.0
L405S-005,1201589,07:25,57.3,7850.4
L405S-005,1201589,07:30,59.919999999999995,7754.4
L405S-005,1201589,07:35,60.52,7800.0
L405S-005,1201589,07:40,60.5,8366.4
L405S-005,1201589,07:45,62.6,7783.2
L405S-005,1201589,07:50,63.96,7900.8
L405S-005,1201589,07:55,64.58000000000001,7555.2
L405S-005,1201589,08:00,65.34,7022.4
L405S-005,1201589,08:05,65.62,7428.0
L405S-005,1201589,08:10,65.52000000000001,7507.2
L405S-005,1201589,08:15,65.06,7790.4
L405S-005,1201589,08:20,65.1,7771.2
L405S-005,1201589,08:25,65.06,7687.2
L405S-005,1201589,08:30,64.85999999999999,7773.6
L405S-005,1201589,08:35,65.3,7744.8
L405S-005,1201589,08:40,65.32000000000001,7807.2
L405S-005,1201589,08:45,65.53999999999999,7939.2
L405S-005,1201589,08:50,65.24000000000001,8191.2
L405S-005,1201589,08:55,65.38,7572.0
L405S-005,1201589,09:00,65.92,7300.8
L405S-005,1201589,09:05,66.14000000000001,7255.2
L405S-005,1201589,09:10,65.88,7692.0
L405S-005,1201589,09:15,66.14,8056.8
L405S-005,1201589,09:20,65.9,7917.6
L405S-005,1201589,09:25,66.3,7624.8
L405S-005,1201589,09:30,66.53999999999999,7754.4
L405S-005,1201589,09:35,66.12,7713.6
L405S-005,1201589,09:40,65.84,8047.2
L405S-005,1201589,09:45,66.44,7992.0
L405S-005,1201589,09:50,66.38,8064.0
L405S-005,1201589,09:55,66.8,7692.0
L405S-005,1201589,10:00,66.64,7584.0
L405S-005,1201589,10:05,66.7,7622.4
L405S-005,1201589,10:10,66.82000000000001,7879.2
L405S-005,1201589,10:15,66.68,8224.8
L405S-005,1201589,10:20,66.62,8095.2
L405S-005,1201589,10:25,66.62,8121.6
L405S-005,1201589,10:30,67.0,7708.8
L405S-005,1201589,10:35,67.46000000000001,7156.8
L405S-005,1201589,10:40,67.6,7708.8
L405S-005,1201589,10:45,67.34,7622.4
L405S-005,1201589,10:50,67.46000000000001,7149.6
L405S-005,1201589,10:55,67.62,7144.8
L405S-005,1201589,11:00,67.82000000000001,6756.0
L405S-005,1201589,11:05,68.06,6705.6
L405S-005,1201589,11:10,68.34,6921.6
L405S-005,1201589,11:15,68.58000000000001,6993.6
L405S-005,1201589,11:20,68.64,6676.8
L405S-005,1201589,11:25,69.08,6787.2
L405S-005,1201589,11:30,69.24,6595.2
L405S-005,1201589,11:35,69.08,6508.8
L405S-005,1201589,11:40,69.52000000000001,6355.2
L405S-005,1201589,11:45,69.08,6384.0
L405S-005,1201589,11:50,69.5,6139.2
L405S-005,1201589,11:55,69.97999999999999,5887.2
L405S-005,1201589,12:00,70.42,6069.6
L405S-005,1201589,12:05,70.46000000000001,5793.6
L405S-005,1201589,12:10,70.38,5568.0
L405S-005,1201589,12:15,70.02000000000001,5570.4
L405S-005,1201589,12:20,69.82000000000001,5956.8
L405S-005,1201589,12:25,70.12,5565.6
L405S-005,1201589,12:30,69.8,5620.8
L405S-005,1201589,12:35,70.2,5460.0
L405S-005,1201589,12:40,70.42,5416.8
L405S-005,1201589,12:45,70.44,5505.6
L405S-005,1201589,12:50,70.08,5433.6
L405S-005,1201589,12:55,70.1,5102.4
L405S-005,1201589,13:00,70.03999999999999,5167.2
L405S-005,1201589,13:05,70.2,4773.6
L405S-005,1201589,13:10,70.24,5112.0
L405S-005,1201589,13:15,69.56,5054.4
L405S-005,1201589,13:20,69.0,5253.6
L405S-005,1201589,13:25,69.24,4629.6
L405S-005,1201589,13:30,69.6,4804.8
L405S-005,1201589,13:35,68.94,4675.2
L405S-005,1201589,13:40,68.97999999999999,4608.0
L405S-005,1201589,13:45,68.24,4680.0
L405S-005,1201589,13:50,68.66,4574.4
L405S-005,1201589,13:55,68.38,4420.8
L405S-005,1201589,14:00,69.03999999999999,4257.6
L405S-005,1201589,14:05,69.36,4509.6
L405S-005,1201589,14:10,70.17999999999999,4360.8
L405S-005,1201589,14:15,69.62,4303.2
L405S-005,1201589,14:20,70.05999999999999,4245.6
L405S-005,1201589,14:25,69.84,4111.2
L405S-005,1201589,14:30,69.64,4101.6
L405S-005,1201589,14:35,69.64000000000001,4029.6
L405S-005,1201589,14:40,69.74,4144.8
L405S-005,1201589,14:45,70.25999999999999,4084.8
L405S-005,1201589,14:50,70.72,3696.0
L405S-005,1201589,14:55,70.32,3746.4
L405S-005,1201589,15:00,70.22,3417.6
L405S-005,1201589,15:05,69.52000000000001,3374.4
L405S-005,1201589,15:10,69.12,3628.8
L405S-005,1201589,15:15,69.38,3343.2
L405S-005,1201589,15:20,69.5,3619.2
L405S-005,1201589,15:25,69.67999999999999,3100.8
L405S-005,1201589,15:30,69.92,3028.8
L405S-005,1201589,15:35,70.32000000000001,3088.8
L405S-005,1201589,15:40,69.88,2911.2
L405S-005,1201589,15:45,70.36,2726.4
L405S-005,1201589,15:50,70.44,2781.6
L405S-005,1201589,15:55,70.78,2798.4
L405S-005,1201589,16:00,70.66,2421.6
L405S-005,1201589,16:05,69.74,2361.6
L405S-005,1201589,16:10,69.67999999999999,2198.4
L405S-005,1201589,16:15,70.44,2280.0
L405S-005,1201589,16:20,69.5,2179.2
L405S-005,1201589,16:25,69.64000000000001,2128.8
L405S-005,1201589,16:30,70.67999999999999,2078.4
L405S-005,1201589,16:35,70.82000000000001,1944.0
L405S-005,1201589,16:40,70.16,1932.0
L405S-005,1201589,16:45,71.04,1728.0
L405S-005,1201589,16:50,70.74000000000001,1756.8
L405S-005,1201589,16:55,70.78,1706.4
L405S-005,1201589,17:00,70.9,1533.6
L405S-005,1201589,17:05,70.64,1500.0
L405S-005,1201589,17:10,70.97999999999999,1560.0
L405S-005,1201589,17:15,70.42,1478.4
L405S-005,1201589,17:20,70.66,1413.6
L405S-005,1201589,17:25,69.72,1430.4
L405S-005,1201589,17:30,69.6,1310.4
L405S-005,1201589,17:35,69.7,1392.0
L405S-005,1201589,17:40,69.64,1257.6
L405S-005,1201589,17:45,69.02000000000001,1178.4
L405S-005,1201589,17:50,68.6,1166.4
L405S-005,1201589,17:55,68.88000000000001,1154.4
L405S-005,1201589,18:00,69.14,948.0
L405S-005,1201589,18:05,69.6,936.0
L405S-005,1201589,18:10,69.38,849.6
L405S-005,1201589,18:15,69.38,751.2
L405S-005,1201589,18:20,69.7,804.0
L405S-005,1201589,18:25,69.5,753.6
L405S-005,1201589,18:30,69.86,648.0
L405S-005,1201589,18:35,69.3,816.0
L405S-005,1201589,18:40,68.17999999999999,616.8
L405S-005,1201589,18:45,69.2,657.6
L405S-005,1201589,18:50,69.4,566.4
L405S-005,1201589,18:55,69.94,636.0
L405S-005,1201589,19:00,69.5,523.2
L405S-005,1201589,19:05,69.55999999999999,638.4
L405S-005,1201589,19:10,70.16,590.4
L405S-005,1201589,19:15,69.2,652.8
L405S-005,1201589,19:20,69.0,537.6
L405S-005,1201589,19:25,69.4,602.4
L405S-005,1201589,19:30,69.08,628.8
L405S-005,1201589,19:35,69.17999999999999,664.8
L405S-005,1201589,19:40,69.94000000000001,624.0
L405S-005,1201589,19:45,69.42,636.0
L405S-005,1201589,19:50,69.9,628.8
L405S-005,1201589,19:55,69.82000000000001,674.4
L405S-005,1201589,20:00,69.6,559.2
L405S-005,1201589,20:05,69.62,552.0
L405S-005,1201589,20:10,69.92,643.2
L405S-005,1201589,20:15,70.16,585.6
L405S-005,1201589,20:20,69.26,756.0
L405S-005,1201589,20:25,70.16,816.0
L405S-005,1201589,20:30,69.7,861.6
L405S-005,1201589,20:35,69.62,892.8
L405S-005,1201589,20:40,69.44,1156.8
L405S-005,1201589,20:45,69.76,1147.2
L405S-005,1201589,20:50,69.16,1012.8
L405S-005,1201589,20:55,70.2,1128.0
L405S-005,1201589,21:00,69.96000000000001,1044.0
L405S-005,1201589,21:05,69.3,938.4
L405S-005,1201589,21:10,69.84,1195.2
L405S-005,1201589,21:15,69.96000000000001,1305.6
L405S-005,1201589,21:20,69.06,1632.0
L405S-005,1201589,21:25,69.36,1687.2
L405S-005,1201589,21:30,69.85999999999999,2251.2
L405S-005,1201589,21:35,69.84,2836.8
L405S-005,1201589,21:40,69.86,2786.4
L405S-005,1201589,21:45,70.32000000000001,2932.8
L405S-005,1201589,21:50,70.76,3103.2
L405S-005,1201589,21:55,70.53999999999999,2824.8
L405S-005,1201589,22:00,69.64,2733.6
L405S-005,1201589,22:05,69.42,2556.0
L405S-005,1201589,22:10,70.14,2829.6
L405S-005,1201589,22:15,70.74,3302.4
L405S-005,1201589,22:20,70.97999999999999,3636.0
L405S-005,1201589,22:25,70.03999999999999,3693.6
L405S-005,1201589,22:30,69.5,4178.4
L405S-005,1201589,22:35,69.94000000000001,4620.0
L405S-005,1201589,22:40,65.58,5212.8
L405S-005,1201589,22:45,62.220000000000006,4862.4
L405S-005,1201589,22:50,64.28,5107.2
L405S-005,1201589,22:55,61.17999999999999,5551.2
L405S-005,1201589,23:00,59.58,5503.2
L405S-005,1201589,23:05,62.02,6360.0
L405S-005,1201589,23:10,63.739999999999995,6446.4
L405S-005,1201589,23:15,64.9,6676.8
L405S-005,1201589,23:20,64.74000000000001,7620.0
L405S-005,1201589,23:25,64.34,7536.0
L405S-005,1201589,23:30,61.160000000000004,7905.6
L405S-005,1201589,23:35,57.260000000000005,7771.2
L405S-005,1201589,23:40,58.84000000000001,8920.8
L405S-005,1201589,23:45,60.220000000000006,8772.0
L405S-005,1201589,23:50,60.6,8472.0
L405S-005,1201589,23:55,61.1,8508.0
L405S-012,1214081,00:00,51.32000000000001,7072.8
L405S-012,1214081,00:05,50.480000000000004,7351.2
L405S-012,1214081,00:10,50.92,7303.2
L405S-012,1214081,00:15,51.120000000000005,7430.4
L405S-012,1214081,00:20,50.6,7483.2
L405S-012,1214081,00:25,49.040000000000006,7389.6
L405S-012,1214081,00:30,46.980000000000004,7512.0
L405S-012,1214081,00:35,46.78,7732.8
L405S-012,1214081,00:40,43.86,7063.2
L405S-012,1214081,00:45,38.7,6609.6
L405S-012,1214081,00:50,38.28,6919.2
L405S-012,1214081,00:55,40.82,6813.6
L405S-012,1214081,01:00,40.839999999999996,6626.4
L405S-012,1214081,01:05,39.68,6396.0
L405S-012,1214081,01:10,37.980000000000004,6180.0
L405S-012,1214081,01:15,36.019999999999996,6218.4
L405S-012,1214081,01:20,33.440000000000005,6175.2
L405S-012,1214081,01:25,32.480000000000004,6201.6
L405S-012,1214081,01:30,34.88,6446.4
L405S-012,1214081,01:35,37.400000000000006,6645.6
L405S-012,1214081,01:40,40.86,7039.2
L405S-012,1214081,01:45,41.620000000000005,6856.8
L405S-012,1214081,01:50,42.14,6741.6
L405S-012,1214081,01:55,45.160000000000004,6650.4
L405S-012,1214081,02:00,45.56,6460.8
L405S-012,1214081,02:05,47.6,6535.2
L405S-012,1214081,02:10,46.9,6583.2
L405S-012,1214081,02:15,47.92,6547.2
L405S-012,1214081,02:20,49.78,6446.4
L405S-012,1214081,02:25,50.74,6700.8
L405S-012,1214081,02:30,52.8,6588.0
L405S-012,1214081,02:35,54.2,6376.8
L405S-012,1214081,02:40,55.24000000000001,6504.0
L405S-012,1214081,02:45,55.56,6564.0
L405S-012,1214081,02:50,57.1,6189.6
L405S-012,1214081,02:55,58.339999999999996,5755.2
L405S-012,1214081,03:00,57.760000000000005,5488.8
L405S-012,1214081,03:05,58.279999999999994,5292.0
L405S-012,1214081,03:10,58.220000000000006,5378.4
L405S-012,1214081,03:15,58.28000000000001,5568.0
L405S-012,1214081,03:20,58.160000000000004,5469.6
L405S-012,1214081,03:25,58.32000000000001,5575.2
L405S-012,1214081,03:30,58.5,5424.0
L405S-012,1214081,03:35,57.88000000000001,5596.8
L405S-012,1214081,03:40,56.32000000000001,5880.0
L405S-012,1214081,03:45,55.760000000000005,6009.6
L405S-012,1214081,03:50,56.239999999999995,5673.6
L405S-012,1214081,03:55,55.92,5755.2
L405S-012,1214081,04:00,56.04,5224.8
L405S-012,1214081,04:05,56.96,5301.6
L405S-012,1214081,04:10,56.9,5512.8
L405S-012,1214081,04:15,57.739999999999995,5424.0
L405S-012,1214081,04:20,57.620000000000005,5368.8
L405S-012,1214081,04:25,57.8,5457.6
L405S-012,1214081,04:30,57.6,5671.2
L405S-012,1214081,04:35,58.2,5649.6
L405S-012,1214081,04:40,58.8,5685.6
L405S-012,1214081,04:45,58.660000000000004,5570.4
L405S-012,1214081,04:50,58.540000000000006,5995.2
L405S-012,1214081,04:55,58.8,5582.4
L405S-012,1214081,05:00,58.86,5160.0
L405S-012,1214081,05:05,58.94,5227.2
L405S-012,1214081,05:10,59.14,5244.0
L405S-012,1214081,05:15,59.52,5102.4
L405S-012,1214081,05:20,59.1,5356.8
L405S-012,1214081,05:25,58.94000000000001,5400.0
L405S-012,1214081,05:30,58.80000000000001,5486.4
L405S-012,1214081,05:35,59.4,5508.0
L405S-012,1214081,05:40,60.32000000000001,5253.6
L405S-012,1214081,05:45,60.279999999999994,5512.8
L405S-012,1214081,05:50,60.88000000000001,5493.6
L405S-012,1214081,05:55,60.279999999999994,5277.6
L405S-012,1214081,06:00,60.54,5090.4
L405S-012,1214081,06:05,60.82000000000001,4447.2
L405S-012,1214081,06:10,61.4,5116.8
L405S-012,1214081,06:15,61.74000000000001,5529.6
L405S-012,1214081,06:20,60.660000000000004,5500.8
L405S-012,1214081,06:25,61.080000000000005,5335.2
L405S-012,1214081,06:30,60.5,5347.2
L405S-012,1214081,06:35,60.480000000000004,5318.4
L405S-012,1214081,06:40,61.44000000000001,5157.6
L405S-012,1214081,06:45,61.9,5284.8
L405S-012,1214081,06:50,62.52,5080.8
L405S-012,1214081,06:55,63.34000000000001,4689.6
L405S-012,1214081,07:00,63.74000000000001,4615.2
L405S-012,1214081,07:05,63.160000000000004,4852.8
L405S-012,1214081,07:10,62.96,5092.8
L405S-012,1214081,07:15,62.220000000000006,5431.2
L405S-012,1214081,07:20,62.160000000000004,5421.6
L405S-012,1214081,07:25,61.08,5733.6
L405S-012,1214081,07:30,60.220000000000006,5618.4
L405S-012,1214081,07:35,60.5,5769.6
L405S-012,1214081,07:40,60.260000000000005,5551.2
L405S-012,1214081,07:45,60.56000000000002,5604.0
L405S-012,1214081,07:50,60.36,5481.6
L405S-012,1214081,07:55,61.6,5083.2
L405S-012,1214081,08:00,62.52,5083.2
L405S-012,1214081,08:05,62.96,4932.0
L405S-012,1214081,08:10,62.760000000000005,5436.0
L405S-012,1214081,08:15,62.660000000000004,5356.8
L405S-012,1214081,08:20,62.279999999999994,5793.6
L405S-012,1214081,08:25,62.540000000000006,5270.4
L405S-012,1214081,08:30,62.52,5205.6
L405S-012,1214081,08:35,61.52,5656.8
L405S-012,1214081,08:40,62.239999999999995,5788.8
L405S-012,1214081,08:45,62.660000000000004,5630.4
L405S-012,1214081,08:50,62.42,5440.8
L405S-012,1214081,08:55,62.580000000000005,5287.2
L405S-012,1214081,09:00,63.36,5277.6
L405S-012,1214081,09:05,63.4,5203.2
L405S-012,1214081,09:10,63.3,5217.6
L405S-012,1214081,09:15,62.620000000000005,5865.6
L405S-012,1214081,09:20,62.1,5529.6
L405S-012,1214081,09:25,62.2,5491.2
L405S-012,1214081,09:30,62.78000000000001,5349.6
L405S-012,1214081,09:35,62.88000000000001,5500.8
L405S-012,1214081,09:40,62.760000000000005,5882.4
L405S-012,1214081,09:45,62.480000000000004,5851.2
L405S-012,1214081,09:50,62.74000000000001,5414.4
L405S-012,1214081,09:55,63.379999999999995,5292.0
L405S-012,1214081,10:00,63.620000000000005,5332.8
L405S-012,1214081,10:05,63.28000000000001,5575.2
L405S-012,1214081,10:10,63.28000000000001,5604.0
L405S-012,1214081,10:15,62.260000000000005,5774.4
L405S-012,1214081,10:20,61.88000000000001,5865.6
L405S-012,1214081,10:25,62.42,5455.2
L405S-012,1214081,10:30,63.52,5232.0
L405S-012,1214081,10:35,63.9,4934.4
L405S-012,1214081,10:40,64.47999999999999,4994.4
L405S-012,1214081,10:45,65.02,5013.6
L405S-012,1214081,10:50,65.06,4761.6
L405S-012,1214081,10:55,65.4,4610.4
L405S-012,1214081,11:00,65.78,4740.0
L405S-012,1214081,11:05,65.38,4552.8
L405S-012,1214081,11:10,65.38000000000001,4869.6
L405S-012,1214081,11:15,65.12,4881.6
L405S-012,1214081,11:20,65.8,4588.8
L405S-012,1214081,11:25,65.94,4728.0
L405S-012,1214081,11:30,66.34,4682.4
L405S-012,1214081,11:35,66.28,4564.8
L405S-012,1214081,11:40,66.28,4670.4
L405S-012,1214081,11:45,66.34,4476.0
L405S-012,1214081,11:50,65.84,4478.4
L405S-012,1214081,11:55,66.0,4173.6
L405S-012,1214081,12:00,66.1,4255.2
L405S-012,1214081,12:05,65.34,4243.2
L405S-012,1214081,12:10,66.08000000000001,4135.2
L405S-012,1214081,12:15,66.46000000000001,4099.2
L405S-012,1214081,12:20,66.5,4264.8
L405S-012,1214081,12:25,66.3,4034.4
L405S-012,1214081,12:30,65.97999999999999,4106.4
L405S-012,1214081,12:35,66.28,3900.0
L405S-012,1214081,12:40,66.22,4154.4
L405S-012,1214081,12:45,66.6,3900.0
L405S-012,1214081,12:50,66.44,4020.0
L405S-012,1214081,12:55,66.7,3729.6
L405S-012,1214081,13:00,67.14,3813.6
L405S-012,1214081,13:05,67.17999999999999,3804.0
L405S-012,1214081,13:10,67.22,3799.2
L405S-012,1214081,13:15,66.7,3900.0
L405S-012,1214081,13:20,67.03999999999999,3837.6
L405S-012,1214081,13:25,66.53999999999999,3698.4
L405S-012,1214081,13:30,66.38,3513.6
L405S-012,1214081,13:35,66.52000000000001,3686.4
L405S-012,1214081,13:40,65.98,3573.6
L405S-012,1214081,13:45,65.58,3631.2
L405S-012,1214081,13:50,65.78,3386.4
L405S-012,1214081,13:55,65.94000000000001,3398.4
L405S-012,1214081,14:00,66.03999999999999,3448.8
L405S-012,1214081,14:05,66.0,3223.2
L405S-012,1214081,14:10,65.86,3552.0
L405S-012,1214081,14:15,66.34,3384.0
L405S-012,1214081,14:20,66.14,3350.4
L405S-012,1214081,14:25,66.67999999999999,3045.6
L405S-012,1214081,14:30,66.84,3127.2
L405S-012,1214081,14:35,66.35999999999999,3115.2
L405S-012,1214081,14:40,66.34,2925.6
L405S-012,1214081,14:45,66.48,2985.6
L405S-012,1214081,14:50,66.82000000000001,2868.0
L405S-012,1214081,14:55,67.2,2673.6
L405S-012,1214081,15:00,66.9,2642.4
L405S-012,1214081,15:05,66.36,2676.0
L405S-012,1214081,15:10,66.56,2762.4
L405S-012,1214081,15:15,66.28,2587.2
L405S-012,1214081,15:20,65.3,2474.4
L405S-012,1214081,15:25,66.28,2520.0
L405S-012,1214081,15:30,67.08,2133.6
L405S-012,1214081,15:35,67.38,2227.2
L405S-012,1214081,15:40,67.0,2128.8
L405S-012,1214081,15:45,66.7,2018.4
L405S-012,1214081,15:50,66.97999999999999,1987.2
L405S-012,1214081,15:55,67.44,2008.8
L405S-012,1214081,16:00,67.52000000000001,1754.4
L405S-012,1214081,16:05,67.03999999999999,1795.2
L405S-012,1214081,16:10,66.44000000000001,1586.4
L405S-012,1214081,16:15,67.06,1624.8
L405S-012,1214081,16:20,67.44,1648.8
L405S-012,1214081,16:25,67.24,1538.4
L405S-012,1214081,16:30,67.62,1435.2
L405S-012,1214081,16:35,67.86,1416.0
L405S-012,1214081,16:40,67.22,1428.0
L405S-012,1214081,16:45,67.82000000000001,1346.4
L405S-012,1214081,16:50,67.66,1219.2
L405S-012,1214081,16:55,67.12,1233.6
L405S-012,1214081,17:00,67.7,1166.4
L405S-012,1214081,17:05,67.66,1094.4
L405S-012,1214081,17:10,67.34,1130.4
L405S-012,1214081,17:15,67.24,1094.4
L405S-012,1214081,17:20,67.86,1087.2
L405S-012,1214081,17:25,66.52000000000001,914.4
L405S-012,1214081,17:30,66.3,1046.4
L405S-012,1214081,17:35,65.82000000000001,914.4
L405S-012,1214081,17:40,66.26,924.0
L405S-012,1214081,17:45,65.14,868.8
L405S-012,1214081,17:50,65.58,861.6
L405S-012,1214081,17:55,64.58000000000001,876.0
L405S-012,1214081,18:00,65.5,775.2
L405S-012,1214081,18:05,64.67999999999999,734.4
L405S-012,1214081,18:10,65.38,691.2
L405S-012,1214081,18:15,65.86,600.0
L405S-012,1214081,18:20,65.76,600.0
L405S-012,1214081,18:25,66.47999999999999,621.6
L405S-012,1214081,18:30,66.32000000000001,556.8
L405S-012,1214081,18:35,66.42,525.6
L405S-012,1214081,18:40,65.08000000000001,544.8
L405S-012,1214081,18:45,65.28,508.8
L405S-012,1214081,18:50,65.46000000000001,436.8
L405S-012,1214081,18:55,66.28,470.4
L405S-012,1214081,19:00,65.94000000000001,448.8
L405S-012,1214081,19:05,64.76,489.6
L405S-012,1214081,19:10,66.26,439.2
L405S-012,1214081,19:15,64.0,511.2
L405S-012,1214081,19:20,65.26,472.8
L405S-012,1214081,19:25,63.620000000000005,458.4
L405S-012,1214081,19:30,65.16,463.2
L405S-012,1214081,19:35,64.84,513.6
L405S-012,1214081,19:40,65.78,552.0
L405S-012,1214081,19:45,66.3,487.2
L405S-012,1214081,19:50,65.97999999999999,492.0
L405S-012,1214081,19:55,66.58000000000001,537.6
L405S-012,1214081,20:00,65.7,516.0
L405S-012,1214081,20:05,64.52,501.6
L405S-012,1214081,20:10,65.86,516.0
L405S-012,1214081,20:15,66.32000000000001,609.6
L405S-012,1214081,20:20,66.0,672.0
L405S-012,1214081,20:25,66.0,640.8
L405S-012,1214081,20:30,66.3,739.2
L405S-012,1214081,20:35,66.04,808.8
L405S-012,1214081,20:40,66.82,876.0
L405S-012,1214081,20:45,66.78,962.4
L405S-012,1214081,20:50,66.22,964.8
L405S-012,1214081,20:55,67.1,945.6
L405S-012,1214081,21:00,67.28,847.2
L405S-012,1214081,21:05,66.46000000000001,830.4
L405S-012,1214081,21:10,66.24,1000.8
L405S-012,1214081,21:15,67.16,1108.8
L405S-012,1214081,21:20,66.26,1344.0
L405S-012,1214081,21:25,66.64,1363.2
L405S-012,1214081,21:30,66.72,1672.8
L405S-012,1214081,21:35,66.24,2224.8
L405S-012,1214081,21:40,66.44,2344.8
L405S-012,1214081,21:45,65.88,2536.8
L405S-012,1214081,21:50,66.47999999999999,2287.2
L405S-012,1214081,21:55,65.92,2119.2
L405S-012,1214081,22:00,64.84,1867.2
L405S-012,1214081,22:05,64.62,2052.0
L405S-012,1214081,22:10,64.96000000000001,2222.4
L405S-012,1214081,22:15,65.61999999999999,2440.8
L405S-012,1214081,22:20,65.92,2971.2
L405S-012,1214081,22:25,65.26,3045.6
L405S-012,1214081,22:30,64.94,3396.0
L405S-012,1214081,22:35,64.06,3655.2
L405S-012,1214081,22:40,63.8,4183.2
L405S-012,1214081,22:45,64.32000000000001,3852.0
L405S-012,1214081,22:50,65.0,4020.0
L405S-012,1214081,22:55,65.26,3804.0
L405S-012,1214081,23:00,63.339999999999996,4260.0
L405S-012,1214081,23:05,61.339999999999996,4540.8
L405S-012,1214081,23:10,59.660000000000004,5004.0
L405S-012,1214081,23:15,59.42,4900.8
L405S-012,1214081,23:20,59.6,5287.2
L405S-012,1214081,23:25,58.9,5692.8
L405S-012,1214081,23:30,58.260000000000005,6060.0
L405S-012,1214081,23:35,57.32000000000001,5832.0
L405S-012,1214081,23:40,56.06,6732.0
L405S-012,1214081,23:45,55.34000000000001,6928.8
L405S-012,1214081,23:50,54.839999999999996,6554.4
L405S-012,1214081,23:55,54.660000000000004,6477.6
L405S-014,1201315,00:00,64.4,5004.0
L405S-014,1201315,00:05,64.2,5196.0
L405S-014,1201315,00:10,62.7,5496.0
L405S-014,1201315,00:15,62.4,6144.0
L405S-014,1201315,00:20,61.20000000000001,7524.0
L405S-014,1201315,00:25,61.0,7440.0
L405S-014,1201315,00:30,62.8,6000.0
L405S-014,1201315,00:35,63.20000000000001,5856.0
L405S-014,1201315,00:40,59.70000000000001,7380.0
L405S-014,1201315,00:45,60.2,7284.0
L405S-014,1201315,00:50,60.4,7716.0
L405S-014,1201315,00:55,61.9,7260.0
L405S-014,1201315,01:00,59.20000000000001,7356.0
L405S-014,1201315,01:05,59.20000000000001,6816.0
L405S-014,1201315,01:10,61.400000000000006,6684.0
L405S-014,1201315,01:15,62.6,6816.0
L405S-014,1201315,01:20,63.10000000000001,6960.0
L405S-014,1201315,01:25,64.3,6924.0
L405S-014,1201315,01:30,63.70000000000001,7080.0
L405S-014,1201315,01:35,62.9,6588.0
L405S-014,1201315,01:40,62.6,7620.0
L405S-014,1201315,01:45,63.9,7332.0
L405S-014,1201315,01:50,57.9,6516.0
L405S-014,1201315,01:55,57.50000000000001,5508.0
L405S-014,1201315,02:00,55.70000000000001,6624.0
L405S-014,1201315,02:05,56.2,6984.0
L405S-014,1201315,02:10,56.9,7020.0
L405S-014,1201315,02:15,57.9,6756.0
L405S-014,1201315,02:20,58.7,6024.0
L405S-014,1201315,02:25,58.4,6720.0
L405S-014,1201315,02:30,60.4,6252.0
L405S-014,1201315,02:35,59.9,6300.0
L405S-014,1201315,02:40,59.8,6708.0
L405S-014,1201315,02:45,58.9,6024.0
L405S-014,1201315,02:50,59.60000000000001,6912.0
L405S-014,1201315,02:55,60.0,6204.0
L405S-014,1201315,03:00,60.3,5652.0
L405S-014,1201315,03:05,60.5,5376.0
L405S-014,1201315,03:10,62.5,6084.0
L405S-014,1201315,03:15,62.7,5628.0
L405S-014,1201315,03:20,61.60000000000001,6588.0
L405S-014,1201315,03:25,62.3,6576.0
L405S-014,1201315,03:30,62.1,5844.0
L405S-014,1201315,03:35,62.1,5172.0
L405S-014,1201315,03:40,62.5,5712.0
L405S-014,1201315,03:45,62.1,5664.0
L405S-014,1201315,03:50,61.9,6072.0
L405S-014,1201315,03:55,61.9,6084.0
L405S-014,1201315,04:00,61.70000000000001,6000.0
L405S-014,1201315,04:05,62.4,5700.0
L405S-014,1201315,04:10,63.70000000000001,5316.0
L405S-014,1201315,04:15,63.20000000000001,5856.0
L405S-014,1201315,04:20,63.400000000000006,6288.0
L405S-014,1201315,04:25,62.4,5448.0
L405S-014,1201315,04:30,62.2,6420.0
L405S-014,1201315,04:35,61.9,5976.0
L405S-014,1201315,04:40,63.20000000000001,5808.0
L405S-014,1201315,04:45,62.1,6348.0
L405S-014,1201315,04:50,62.2,5904.0
L405S-014,1201315,04:55,60.9,6804.0
L405S-014,1201315,05:00,61.10000000000001,6216.0
L405S-014,1201315,05:05,61.10000000000001,6648.0
L405S-014,1201315,05:10,61.10000000000001,6120.0
L405S-014,1201315,05:15,62.7,5916.0
L405S-014,1201315,05:20,61.70000000000001,6108.0
L405S-014,1201315,05:25,62.0,6408.0
L405S-014,1201315,05:30,61.9,6288.0
L405S-014,1201315,05:35,61.300000000000004,6492.0
L405S-014,1201315,05:40,61.20000000000001,6912.0
L405S-014,1201315,05:45,61.9,6636.0
L405S-014,1201315,05:50,62.0,6528.0
L405S-014,1201315,05:55,62.5,6204.0
L405S-014,1201315,06:00,62.0,5808.0
L405S-014,1201315,06:05,61.20000000000001,6948.0
L405S-014,1201315,06:10,60.1,6132.0
L405S-014,1201315,06:15,60.5,6228.0
L405S-014,1201315,06:20,62.8,6804.0
L405S-014,1201315,06:25,62.7,6312.0
L405S-014,1201315,06:30,64.0,5844.0
L405S-014,1201315,06:35,63.300000000000004,6756.0
L405S-014,1201315,06:40,62.0,7176.0
L405S-014,1201315,06:45,61.60000000000001,6696.0
L405S-014,1201315,06:50,61.9,6624.0
L405S-014,1201315,06:55,62.7,6612.0
L405S-014,1201315,07:00,61.10000000000001,7020.0
L405S-014,1201315,07:05,60.5,6468.0
L405S-014,1201315,07:10,61.10000000000001,7200.0
L405S-014,1201315,07:15,60.5,7392.0
L405S-014,1201315,07:20,60.2,5784.0
L405S-014,1201315,07:25,61.10000000000001,5976.0
L405S-014,1201315,07:30,62.7,7188.0
L405S-014,1201315,07:35,64.2,7368.0
L405S-014,1201315,07:40,65.0,7488.0
L405S-014,1201315,07:45,65.4,7956.0
L405S-014,1201315,07:50,66.4,7104.0
L405S-014,1201315,07:55,66.5,7164.0
L405S-014,1201315,08:00,66.6,7320.0
L405S-014,1201315,08:05,65.8,7668.0
L405S-014,1201315,08:10,65.6,8388.0
L405S-014,1201315,08:15,66.5,7800.0
L405S-014,1201315,08:20,65.7,7452.0
L405S-014,1201315,08:25,65.8,7824.0
L405S-014,1201315,08:30,65.9,6732.0
L405S-014,1201315,08:35,66.1,7020.0
L405S-014,1201315,08:40,65.8,7980.0
L405S-014,1201315,08:45,65.1,7704.0
L405S-014,1201315,08:50,65.2,7188.0
L405S-014,1201315,08:55,63.00000000000001,6924.0
L405S-014,1201315,09:00,63.70000000000001,6912.0
L405S-014,1201315,09:05,65.3,7572.0
L405S-014,1201315,09:10,66.3,7548.0
L405S-014,1201315,09:15,64.9,8292.0
L405S-014,1201315,09:20,64.5,8208.0
L405S-014,1201315,09:25,64.0,7236.0
L405S-014,1201315,09:30,62.1,7860.0
L405S-014,1201315,09:35,59.9,7980.0
L405S-014,1201315,09:40,53.9,7812.0
L405S-014,1201315,09:45,41.400000000000006,7608.0
L405S-014,1201315,09:50,27.800000000000004,6768.0
L405S-014,1201315,09:55,19.2,6324.0
L405S-014,1201315,10:00,15.400000000000002,6300.0
L405S-014,1201315,10:05,14.2,7056.0
L405S-014,1201315,10:10,16.6,6996.0
L405S-014,1201315,10:15,19.3,6996.0
L405S-014,1201315,10:20,13.900000000000002,5340.0
L405S-014,1201315,10:25,11.900000000000002,5952.0
L405S-014,1201315,10:30,11.1,6264.0
L405S-014,1201315,10:35,10.5,6108.0
L405S-014,1201315,10:40,9.8,5688.0
L405S-014,1201315,10:45,9.9,5928.0
L405S-014,1201315,10:50,11.1,6468.0
L405S-014,1201315,10:55,10.5,6600.0
L405S-014,1201315,11:00,15.2,6504.0
L405S-014,1201315,11:05,28.800000000000004,5820.0
L405S-014,1201315,11:10,48.0,6252.0
L405S-014,1201315,11:15,55.60000000000001,5856.0
L405S-014,1201315,11:20,59.00000000000001,6144.0
L405S-014,1201315,11:25,62.5,5436.0
L405S-014,1201315,11:30,65.9,5136.0
L405S-014,1201315,11:35,67.7,5028.0
L405S-014,1201315,11:40,68.7,5196.0
L405S-014,1201315,11:45,69.9,5520.0
L405S-014,1201315,11:50,70.5,5928.0
L405S-014,1201315,11:55,70.0,5664.0
L405S-014,1201315,12:00,71.2,5412.0
L405S-014,1201315,12:05,70.8,5604.0
L405S-014,1201315,12:10,70.9,6108.0
L405S-014,1201315,12:15,70.5,5928.0
L405S-014,1201315,12:20,71.0,5808.0
L405S-014,1201315,12:25,70.4,6000.0
L405S-014,1201315,12:30,69.3,5364.0
L405S-014,1201315,12:35,70.2,5172.0
L405S-014,1201315,12:40,70.3,5196.0
L405S-014,1201315,12:45,68.7,5496.0
L405S-014,1201315,12:50,68.4,5184.0
L405S-014,1201315,12:55,67.1,5316.0
L405S-014,1201315,13:00,62.5,3648.0
L405S-014,1201315,13:05,62.5,4872.0
L405S-014,1201315,13:10,60.0,4980.0
L405S-014,1201315,13:15,62.4,5220.0
L405S-014,1201315,13:20,63.50000000000001,4812.0
L405S-014,1201315,13:25,64.6,5184.0
L405S-014,1201315,13:30,63.50000000000001,4776.0
L405S-014,1201315,13:35,65.7,4080.0
L405S-014,1201315,13:40,64.9,4476.0
L405S-014,1201315,13:45,64.9,4620.0
L405S-014,1201315,13:50,65.1,4464.0
L405S-014,1201315,13:55,64.0,4284.0
L405S-014,1201315,14:00,66.1,3816.0
L405S-014,1201315,14:05,65.0,4164.0
L405S-014,1201315,14:10,66.8,4272.0
L405S-014,1201315,14:15,66.8,4716.0
L405S-014,1201315,14:20,67.6,4428.0
L405S-014,1201315,14:25,67.4,4176.0
L405S-014,1201315,14:30,68.0,3912.0
L405S-014,1201315,14:35,67.4,4020.0
L405S-014,1201315,14:40,67.5,3972.0
L405S-014,1201315,14:45,65.8,3888.0
L405S-014,1201315,14:50,66.2,3564.0
L405S-014,1201315,14:55,67.1,3528.0
L405S-014,1201315,15:00,68.1,3588.0
L405S-014,1201315,15:05,65.8,3180.0
L405S-014,1201315,15:10,65.1,3396.0
L405S-014,1201315,15:15,64.3,3132.0
L405S-014,1201315,15:20,64.9,2988.0
L405S-014,1201315,15:25,64.7,3288.0
L405S-014,1201315,15:30,67.1,2688.0
L405S-014,1201315,15:35,66.5,3108.0
L405S-014,1201315,15:40,67.0,2544.0
L405S-014,1201315,15:45,66.3,2568.0
L405S-014,1201315,15:50,69.1,2316.0
L405S-014,1201315,15:55,69.4,1920.0
L405S-014,1201315,16:00,68.0,2088.0
L405S-014,1201315,16:05,67.3,1968.0
L405S-014,1201315,16:10,68.0,1560.0
L405S-014,1201315,16:15,67.2,1824.0
L405S-014,1201315,16:20,68.3,1956.0
L405S-014,1201315,16:25,68.1,1440.0
L405S-014,1201315,16:30,67.7,1344.0
L405S-014,1201315,16:35,68.8,1392.0
L405S-014,1201315,16:40,69.3,1536.0
L405S-014,1201315,16:45,68.0,1152.0
L405S-014,1201315,16:50,67.8,1428.0
L405S-014,1201315,16:55,69.5,1128.0
L405S-014,1201315,17:00,71.1,876.0
L405S-014,1201315,17:05,70.9,876.0
L405S-014,1201315,17:10,70.5,1020.0
L405S-014,1201315,17:15,71.1,780.0
L405S-014,1201315,17:20,70.1,612.0
L405S-014,1201315,17:25,68.8,360.0
L405S-014,1201315,17:30,68.0,504.0
L405S-014,1201315,17:35,67.1,624.0
L405S-014,1201315,17:40,67.7,432.0
L405S-014,1201315,17:45,63.9,456.0
L405S-014,1201315,17:50,62.6,684.0
L405S-014,1201315,17:55,53.60000000000001,480.0
L405S-014,1201315,18:00,62.6,648.0
L405S-014,1201315,18:05,69.0,180.0
L405S-014,1201315,18:10,64.7,288.0
L405S-014,1201315,18:15,69.6,372.0
L405S-014,1201315,18:20,67.8,204.0
L405S-014,1201315,18:25,47.20000000000001,576.0
L405S-014,1201315,18:30,42.3,672.0
L405S-014,1201315,18:35,52.6,312.0
L405S-014,1201315,18:40,41.400000000000006,552.0
L405S-014,1201315,18:45,45.20000000000001,492.0
L405S-014,1201315,18:50,60.2,360.0
L405S-014,1201315,18:55,63.60000000000001,516.0
L405S-014,1201315,19:00,66.9,408.0
L405S-014,1201315,19:05,69.6,312.0
L405S-014,1201315,19:10,62.7,372.0
L405S-014,1201315,19:15,51.60000000000001,276.0
L405S-014,1201315,19:20,61.400000000000006,288.0
L405S-014,1201315,19:25,55.9,240.0
L405S-014,1201315,19:30,46.2,444.0
L405S-014,1201315,19:35,69.1,456.0
L405S-014,1201315,19:40,68.6,348.0
L405S-014,1201315,19:45,69.6,192.0
L405S-014,1201315,19:50,48.6,492.0
L405S-014,1201315,19:55,49.9,408.0
L405S-014,1201315,20:00,60.7,552.0
L405S-014,1201315,20:05,52.5,384.0
L405S-014,1201315,20:10,53.50000000000001,408.0
L405S-014,1201315,20:15,62.3,456.0
L405S-014,1201315,20:20,64.6,432.0
L405S-014,1201315,20:25,63.400000000000006,504.0
L405S-014,1201315,20:30,68.8,408.0
L405S-014,1201315,20:35,65.4,528.0
L405S-014,1201315,20:40,68.2,492.0
L405S-014,1201315,20:45,67.2,480.0
L405S-014,1201315,20:50,68.8,492.0
L405S-014,1201315,20:55,69.2,672.0
L405S-014,1201315,21:00,68.4,480.0
L405S-014,1201315,21:05,67.2,576.0
L405S-014,1201315,21:10,68.6,888.0
L405S-014,1201315,21:15,69.5,816.0
L405S-014,1201315,21:20,72.2,636.0
L405S-014,1201315,21:25,69.9,948.0
L405S-014,1201315,21:30,70.5,1020.0
L405S-014,1201315,21:35,69.3,1332.0
L405S-014,1201315,21:40,69.4,1464.0
L405S-014,1201315,21:45,70.6,1764.0
L405S-014,1201315,21:50,67.3,1620.0
L405S-014,1201315,21:55,70.7,1380.0
L405S-014,1201315,22:00,68.9,1248.0
L405S-014,1201315,22:05,66.8,1440.0
L405S-014,1201315,22:10,65.7,1500.0
L405S-014,1201315,22:15,62.7,2304.0
L405S-014,1201315,22:20,65.5,2388.0
L405S-014,1201315,22:25,65.5,2352.0
L405S-014,1201315,22:30,71.8,2676.0
L405S-014,1201315,22:35,69.0,2592.0
L405S-014,1201315,22:40,68.7,3696.0
L405S-014,1201315,22:45,71.1,3336.0
L405S-014,1201315,22:50,64.9,3972.0
L405S-014,1201315,22:55,64.1,4116.0
L405S-014,1201315,23:00,66.0,4488.0
L405S-014,1201315,23:05,67.4,3744.0
L405S-014,1201315,23:10,68.4,4848.0
L405S-014,1201315,23:15,67.8,5916.0
L405S-014,1201315,23:20,68.2,5244.0
L405S-014,1201315,23:25,67.1,6588.0
L405S-014,1201315,23:30,66.6,7116.0
L405S-014,1201315,23:35,65.8,7596.0
L405S-014,1201315,23:40,65.8,7332.0
L405S-014,1201315,23:45,65.6,7320.0
L405S-014,1201315,23:50,65.0,5736.0
L405S-014,1201315,23:55,64.2,5088.0
L405S-020,1201419,00:00,60.239999999999995,7948.8
L405S-020,1201419,00:05,59.0,8392.8
L405S-020,1201419,00:10,56.0,8731.2
L405S-020,1201419,00:15,53.220000000000006,8464.8
L405S-020,1201419,00:20,52.46,8716.8
L405S-020,1201419,00:25,51.28000000000001,8940.0
L405S-020,1201419,00:30,50.68,8637.6
L405S-020,1201419,00:35,48.480000000000004,8330.4
L405S-020,1201419,00:40,46.34,8030.4
L405S-020,1201419,00:45,45.660000000000004,8661.6
L405S-020,1201419,00:50,45.3,8541.6
L405S-020,1201419,00:55,47.38000000000001,7905.6
L405S-020,1201419,01:00,47.82000000000001,7788.0
L405S-020,1201419,01:05,48.14,7663.2
L405S-020,1201419,01:10,47.239999999999995,7634.4
L405S-020,1201419,01:15,48.2,7713.6
L405S-020,1201419,01:20,47.18,8107.2
L405S-020,1201419,01:25,47.22,8299.2
L405S-020,1201419,01:30,49.14,8092.8
L405S-020,1201419,01:35,48.900000000000006,8383.2
L405S-020,1201419,01:40,49.620000000000005,8306.4
L405S-020,1201419,01:45,49.86,8366.4
L405S-020,1201419,01:50,50.800000000000004,8181.6
L405S-020,1201419,01:55,51.239999999999995,7896.0
L405S-020,1201419,02:00,51.379999999999995,7728.0
L405S-020,1201419,02:05,51.32000000000001,7473.6
L405S-020,1201419,02:10,53.31999999999999,7675.2
L405S-020,1201419,02:15,54.2,7716.0
L405S-020,1201419,02:20,55.720000000000006,7303.2
L405S-020,1201419,02:25,57.3,7363.2
L405S-020,1201419,02:30,59.6,7401.6
L405S-020,1201419,02:35,60.660000000000004,7380.0
L405S-020,1201419,02:40,60.78000000000001,7617.6
L405S-020,1201419,02:45,59.32000000000001,7490.4
L405S-020,1201419,02:50,59.1,7368.0
L405S-020,1201419,02:55,61.14000000000001,6640.8
L405S-020,1201419,03:00,62.02,6336.0
L405S-020,1201419,03:05,62.760000000000005,6316.8
L405S-020,1201419,03:10,61.980000000000004,6364.8
L405S-020,1201419,03:15,62.4,6439.2
L405S-020,1201419,03:20,62.660000000000004,6369.6
L405S-020,1201419,03:25,63.02,6523.2
L405S-020,1201419,03:30,62.78000000000001,6343.2
L405S-020,1201419,03:35,62.760000000000005,6304.8
L405S-020,1201419,03:40,62.760000000000005,6532.8
L405S-020,1201419,03:45,62.02,6916.8
L405S-020,1201419,03:50,62.36,6681.6
L405S-020,1201419,03:55,62.3,6482.4
L405S-020,1201419,04:00,62.68000000000001,6160.8
L405S-020,1201419,04:05,63.48,6067.2
L405S-020,1201419,04:10,63.44000000000001,6480.0
L405S-020,1201419,04:15,63.56,6559.2
L405S-020,1201419,04:20,63.44,6266.4
L405S-020,1201419,04:25,63.92,6360.0
L405S-020,1201419,04:30,63.52,6729.6
L405S-020,1201419,04:35,63.06,6763.2
L405S-020,1201419,04:40,63.02,6753.6
L405S-020,1201419,04:45,62.92,6568.8
L405S-020,1201419,04:50,62.52,6998.4
L405S-020,1201419,04:55,62.6,6832.8
L405S-020,1201419,05:00,62.32000000000001,6525.6
L405S-020,1201419,05:05,61.56,6398.4
L405S-020,1201419,05:10,60.5,6535.2
L405S-020,1201419,05:15,61.28000000000001,6489.6
L405S-020,1201419,05:20,61.52,6739.2
L405S-020,1201419,05:25,62.1,6794.4
L405S-020,1201419,05:30,62.239999999999995,6679.2
L405S-020,1201419,05:35,62.6,6972.0
L405S-020,1201419,05:40,62.46,6674.4
L405S-020,1201419,05:45,62.260000000000005,7068.0
L405S-020,1201419,05:50,62.68000000000001,6943.2
L405S-020,1201419,05:55,62.42,6816.0
L405S-020,1201419,06:00,62.040000000000006,6609.6
L405S-020,1201419,06:05,61.96,6156.0
L405S-020,1201419,06:10,63.260000000000005,6626.4
L405S-020,1201419,06:15,63.2,7123.2
L405S-020,1201419,06:20,62.8,7288.8
L405S-020,1201419,06:25,62.28000000000001,7209.6
L405S-020,1201419,06:30,61.44,7521.6
L405S-020,1201419,06:35,60.620000000000005,7456.8
L405S-020,1201419,06:40,60.980000000000004,7173.6
L405S-020,1201419,06:45,60.86,7423.2
L405S-020,1201419,06:50,61.54,7161.6
L405S-020,1201419,06:55,62.2,6933.6
L405S-020,1201419,07:00,62.6,6784.8
L405S-020,1201419,07:05,62.239999999999995,6796.8
L405S-020,1201419,07:10,63.2,7238.4
L405S-020,1201419,07:15,62.6,7480.8
L405S-020,1201419,07:20,62.08,7509.6
L405S-020,1201419,07:25,60.92,7852.8
L405S-020,1201419,07:30,59.720000000000006,7807.2
L405S-020,1201419,07:35,58.46,7411.2
L405S-020,1201419,07:40,57.32000000000001,7305.6
L405S-020,1201419,07:45,56.46,7689.6
L405S-020,1201419,07:50,55.56,7644.0
L405S-020,1201419,07:55,56.779999999999994,7452.0
L405S-020,1201419,08:00,59.02,7276.8
L405S-020,1201419,08:05,60.720000000000006,7262.4
L405S-020,1201419,08:10,61.660000000000004,7519.2
L405S-020,1201419,08:15,61.620000000000005,7605.6
L405S-020,1201419,08:20,61.86,7905.6
L405S-020,1201419,08:25,61.7,7644.0
L405S-020,1201419,08:30,61.98,7516.8
L405S-020,1201419,08:35,61.620000000000005,7656.0
L405S-020,1201419,08:40,61.779999999999994,8330.4
L405S-020,1201419,08:45,61.44000000000001,7977.6
L405S-020,1201419,08:50,61.279999999999994,7689.6
L405S-020,1201419,08:55,61.839999999999996,7627.2
L405S-020,1201419,09:00,61.839999999999996,7636.8
L405S-020,1201419,09:05,62.080000000000005,7536.0
L405S-020,1201419,09:10,62.4,7483.2
L405S-020,1201419,09:15,62.260000000000005,7958.4
L405S-020,1201419,09:20,62.120000000000005,7891.2
L405S-020,1201419,09:25,62.120000000000005,7608.0
L405S-020,1201419,09:30,62.56,7423.2
L405S-020,1201419,09:35,62.56,7862.4
L405S-020,1201419,09:40,62.34000000000001,7922.4
L405S-020,1201419,09:45,62.1,8148.0
L405S-020,1201419,09:50,61.54,7965.6
L405S-020,1201419,09:55,62.36,7380.0
L405S-020,1201419,10:00,62.58,7317.6
L405S-020,1201419,10:05,62.339999999999996,7670.4
L405S-020,1201419,10:10,62.120000000000005,8004.0
L405S-020,1201419,10:15,62.4,7857.6
L405S-020,1201419,10:20,60.839999999999996,7826.4
L405S-020,1201419,10:25,59.980000000000004,7581.6
L405S-020,1201419,10:30,59.94,7384.8
L405S-020,1201419,10:35,61.64000000000001,7123.2
L405S-020,1201419,10:40,62.7,7029.6
L405S-020,1201419,10:45,62.46,7166.4
L405S-020,1201419,10:50,63.54,7051.2
L405S-020,1201419,10:55,64.16,6652.8
L405S-020,1201419,11:00,64.14,6878.4
L405S-020,1201419,11:05,64.7,6520.8
L405S-020,1201419,11:10,64.58,7152.0
L405S-020,1201419,11:15,64.92,6909.6
L405S-020,1201419,11:20,64.82000000000001,6900.0
L405S-020,1201419,11:25,65.17999999999999,6667.2
L405S-020,1201419,11:30,65.78,6794.4
L405S-020,1201419,11:35,65.9,6616.8
L405S-020,1201419,11:40,66.7,6388.8
L405S-020,1201419,11:45,66.46,6540.0
L405S-020,1201419,11:50,66.3,6367.2
L405S-020,1201419,11:55,66.14,6127.2
L405S-020,1201419,12:00,66.92,5788.8
L405S-020,1201419,12:05,67.16,5966.4
L405S-020,1201419,12:10,67.17999999999999,6069.6
L405S-020,1201419,12:15,68.03999999999999,5700.0
L405S-020,1201419,12:20,67.9,5928.0
L405S-020,1201419,12:25,67.58,5844.0
L405S-020,1201419,12:30,67.8,5820.0
L405S-020,1201419,12:35,68.2,5325.6
L405S-020,1201419,12:40,68.0,5541.6
L405S-020,1201419,12:45,68.8,5541.6
L405S-020,1201419,12:50,69.25999999999999,5503.2
L405S-020,1201419,12:55,69.24,5052.0
L405S-020,1201419,13:00,69.74,5301.6
L405S-020,1201419,13:05,69.9,5121.6
L405S-020,1201419,13:10,69.4,5136.0
L405S-020,1201419,13:15,69.12,5256.0
L405S-020,1201419,13:20,68.64,5426.4
L405S-020,1201419,13:25,67.78,5162.4
L405S-020,1201419,13:30,67.72,4785.6
L405S-020,1201419,13:35,68.56,4792.8
L405S-020,1201419,13:40,67.52000000000001,4876.8
L405S-020,1201419,13:45,68.1,4624.8
L405S-020,1201419,13:50,67.06,4706.4
L405S-020,1201419,13:55,67.74,4509.6
L405S-020,1201419,14:00,68.86,4404.0
L405S-020,1201419,14:05,68.64,4449.6
L405S-020,1201419,14:10,69.2,4540.8
L405S-020,1201419,14:15,69.55999999999999,4502.4
L405S-020,1201419,14:20,69.17999999999999,4660.8
L405S-020,1201419,14:25,69.6,4221.6
L405S-020,1201419,14:30,69.62,3916.8
L405S-020,1201419,14:35,69.84,4024.8
L405S-020,1201419,14:40,69.34,3892.8
L405S-020,1201419,14:45,70.36,3765.6
L405S-020,1201419,14:50,70.2,3849.6
L405S-020,1201419,14:55,70.52000000000001,3369.6
L405S-020,1201419,15:00,69.8,3482.4
L405S-020,1201419,15:05,69.34,3309.6
L405S-020,1201419,15:10,69.5,3283.2
L405S-020,1201419,15:15,68.92,3290.4
L405S-020,1201419,15:20,68.8,3016.8
L405S-020,1201419,15:25,68.62,3321.6
L405S-020,1201419,15:30,68.8,2983.2
L405S-020,1201419,15:35,70.06,2767.2
L405S-020,1201419,15:40,69.2,2690.4
L405S-020,1201419,15:45,69.12,2596.8
L405S-020,1201419,15:50,69.82000000000001,2534.4
L405S-020,1201419,15:55,70.88,2356.8
L405S-020,1201419,16:00,70.44,2133.6
L405S-020,1201419,16:05,70.14,2092.8
L405S-020,1201419,16:10,69.7,1908.0
L405S-020,1201419,16:15,70.02000000000001,1939.2
L405S-020,1201419,16:20,70.26,1792.8
L405S-020,1201419,16:25,70.08,1680.0
L405S-020,1201419,16:30,69.84,1699.2
L405S-020,1201419,16:35,71.03999999999999,1567.2
L405S-020,1201419,16:40,70.58,1593.6
L405S-020,1201419,16:45,70.9,1612.8
L405S-020,1201419,16:50,70.97999999999999,1430.4
L405S-020,1201419,16:55,70.66,1380.0
L405S-020,1201419,17:00,71.78,1351.2
L405S-020,1201419,17:05,70.74000000000001,1245.6
L405S-020,1201419,17:10,71.06,1387.2
L405S-020,1201419,17:15,70.9,1240.8
L405S-020,1201419,17:20,70.58,1312.8
L405S-020,1201419,17:25,70.8,1039.2
L405S-020,1201419,17:30,70.28,1180.8
L405S-020,1201419,17:35,70.02000000000001,1063.2
L405S-020,1201419,17:40,70.26,1063.2
L405S-020,1201419,17:45,68.92,1020.0
L405S-020,1201419,17:50,69.53999999999999,1063.2
L405S-020,1201419,17:55,70.08,948.0
L405S-020,1201419,18:00,69.97999999999999,952.8
L405S-020,1201419,18:05,69.7,825.6
L405S-020,1201419,18:10,70.14,770.4
L405S-020,1201419,18:15,70.12,753.6
L405S-020,1201419,18:20,70.1,705.6
L405S-020,1201419,18:25,70.61999999999999,775.2
L405S-020,1201419,18:30,70.46000000000001,621.6
L405S-020,1201419,18:35,70.44,619.2
L405S-020,1201419,18:40,70.08,626.4
L405S-020,1201419,18:45,69.36,645.6
L405S-020,1201419,18:50,69.53999999999999,583.2
L405S-020,1201419,18:55,70.3,621.6
L405S-020,1201419,19:00,70.42,561.6
L405S-020,1201419,19:05,69.66,580.8
L405S-020,1201419,19:10,69.78,576.0
L405S-020,1201419,19:15,70.7,530.4
L405S-020,1201419,19:20,70.1,607.2
L405S-020,1201419,19:25,69.94,532.8
L405S-020,1201419,19:30,70.32000000000001,549.6
L405S-020,1201419,19:35,70.38,556.8
L405S-020,1201419,19:40,70.32000000000001,604.8
L405S-020,1201419,19:45,70.44000000000001,588.0
L405S-020,1201419,19:50,70.66,554.4
L405S-020,1201419,19:55,70.96000000000001,568.8
L405S-020,1201419,20:00,70.34,573.6
L405S-020,1201419,20:05,70.16,506.4
L405S-020,1201419,20:10,70.08,566.4
L405S-020,1201419,20:15,70.76,645.6
L405S-020,1201419,20:20,70.42,621.6
L405S-020,1201419,20:25,70.62,744.0
L405S-020,1201419,20:30,71.02000000000001,770.4
L405S-020,1201419,20:35,70.3,880.8
L405S-020,1201419,20:40,71.12,880.8
L405S-020,1201419,20:45,70.58,1082.4
L405S-020,1201419,20:50,70.7,988.8
L405S-020,1201419,20:55,70.7,1015.2
L405S-020,1201419,21:00,71.6,902.4
L405S-020,1201419,21:05,71.08,933.6
L405S-020,1201419,21:10,70.66,1029.6
L405S-020,1201419,21:15,70.54,1135.2
L405S-020,1201419,21:20,70.67999999999999,1416.0
L405S-020,1201419,21:25,70.94,1425.6
L405S-020,1201419,21:30,71.03999999999999,1814.4
L405S-020,1201419,21:35,71.26,2325.6
L405S-020,1201419,21:40,71.46000000000001,2553.6
L405S-020,1201419,21:45,71.41999999999999,2714.4
L405S-020,1201419,21:50,71.96000000000001,2534.4
L405S-020,1201419,21:55,71.1,2251.2
L405S-020,1201419,22:00,69.84,1941.6
L405S-020,1201419,22:05,69.06,2280.0
L405S-020,1201419,22:10,69.2,2512.8
L405S-020,1201419,22:15,70.08,2743.2
L405S-020,1201419,22:20,71.0,3117.6
L405S-020,1201419,22:25,70.36,3338.4
L405S-020,1201419,22:30,70.58,3811.2
L405S-020,1201419,22:35,70.44,4089.6
L405S-020,1201419,22:40,70.26,4584.0
L405S-020,1201419,22:45,70.88,4574.4
L405S-020,1201419,22:50,71.74,4274.4
L405S-020,1201419,22:55,72.0,4418.4
L405S-020,1201419,23:00,71.22,4420.8
L405S-020,1201419,23:05,70.96000000000001,4888.8
L405S-020,1201419,23:10,69.06,5424.0
L405S-020,1201419,23:15,68.06,5570.4
L405S-020,1201419,23:20,68.44,5553.6
L405S-020,1201419,23:25,67.62,6285.6
L405S-020,1201419,23:30,66.32000000000001,6684.0
L405S-020,1201419,23:35,65.4,6607.2
L405S-020,1201419,23:40,64.47999999999999,7699.2
L405S-020,1201419,23:45,63.46,7792.8
L405S-020,1201419,23:50,63.160000000000004,7610.4
L405S-020,1201419,23:55,61.720000000000006,7293.6
L405S-023,1222845,00:00,66.3,6996.0
L405S-023,1222845,00:05,65.3,7428.0
L405S-023,1222845,00:10,65.1,6708.0
L405S-023,1222845,00:15,62.4,7968.0
L405S-023,1222845,00:20,62.6,7824.0
L405S-023,1222845,00:25,63.00000000000001,7920.0
L405S-023,1222845,00:30,63.20000000000001,8136.0
L405S-023,1222845,00:35,63.70000000000001,7668.0
L405S-023,1222845,00:40,64.2,7140.0
L405S-023,1222845,00:45,64.1,7764.0
L405S-023,1222845,00:50,64.2,7416.0
L405S-023,1222845,00:55,65.0,7632.0
L405S-023,1222845,01:00,64.3,7332.0
L405S-023,1222845,01:05,64.7,7620.0
L405S-023,1222845,01:10,64.9,7476.0
L405S-023,1222845,01:15,64.6,7140.0
L405S-023,1222845,01:20,64.5,7632.0
L405S-023,1222845,01:25,64.2,7032.0
L405S-023,1222845,01:30,64.1,7788.0
L405S-023,1222845,01:35,65.7,7212.0
L405S-023,1222845,01:40,63.9,7992.0
L405S-023,1222845,01:45,64.6,7920.0
L405S-023,1222845,01:50,64.5,8052.0
L405S-023,1222845,01:55,65.8,6612.0
L405S-023,1222845,02:00,65.8,7056.0
L405S-023,1222845,02:05,65.9,6420.0
L405S-023,1222845,02:10,65.9,6936.0
L405S-023,1222845,02:15,65.3,6480.0
L405S-023,1222845,02:20,65.7,6828.0
L405S-023,1222845,02:25,65.3,7452.0
L405S-023,1222845,02:30,64.7,7140.0
L405S-023,1222845,02:35,63.9,7476.0
L405S-023,1222845,02:40,64.7,7380.0
L405S-023,1222845,02:45,64.7,7608.0
L405S-023,1222845,02:50,64.4,7152.0
L405S-023,1222845,02:55,63.50000000000001,8100.0
L405S-023,1222845,03:00,64.1,6828.0
L405S-023,1222845,03:05,63.300000000000004,7548.0
L405S-023,1222845,03:10,64.2,6276.0
L405S-023,1222845,03:15,63.50000000000001,6948.0
L405S-023,1222845,03:20,63.400000000000006,7548.0
L405S-023,1222845,03:25,63.20000000000001,7272.0
L405S-023,1222845,03:30,60.8,8628.0
L405S-023,1222845,03:35,61.50000000000001,8160.0
L405S-023,1222845,03:40,62.9,8124.0
L405S-023,1222845,03:45,63.400000000000006,7848.0
L405S-023,1222845,03:50,64.5,7560.0
L405S-023,1222845,03:55,65.6,6876.0
L405S-023,1222845,04:00,66.0,7056.0
L405S-023,1222845,04:05,66.8,7428.0
L405S-023,1222845,04:10,65.9,7788.0
L405S-023,1222845,04:15,65.8,7056.0
L405S-023,1222845,04:20,63.8,7632.0
L405S-023,1222845,04:25,63.50000000000001,7932.0
L405S-023,1222845,04:30,64.1,8064.0
L405S-023,1222845,04:35,64.4,7284.0
L405S-023,1222845,04:40,62.3,7824.0
L405S-023,1222845,04:45,62.3,7908.0
L405S-023,1222845,04:50,62.9,7932.0
L405S-023,1222845,04:55,63.400000000000006,8316.0
L405S-023,1222845,05:00,63.60000000000001,7248.0
L405S-023,1222845,05:05,63.60000000000001,6972.0
L405S-023,1222845,05:10,64.9,7116.0
L405S-023,1222845,05:15,64.1,7620.0
L405S-023,1222845,05:20,63.8,7944.0
L405S-023,1222845,05:25,62.7,7692.0
L405S-023,1222845,05:30,59.400000000000006,8088.0
L405S-023,1222845,05:35,62.4,7140.0
L405S-023,1222845,05:40,63.00000000000001,7476.0
L405S-023,1222845,05:45,64.2,6300.0
L405S-023,1222845,05:50,62.7,7740.0
L405S-023,1222845,05:55,62.7,7248.0
L405S-023,1222845,06:00,63.70000000000001,6636.0
L405S-023,1222845,06:05,65.3,5820.0
L405S-023,1222845,06:10,65.2,7488.0
L405S-023,1222845,06:15,63.300000000000004,7488.0
L405S-023,1222845,06:20,64.0,6720.0
L405S-023,1222845,06:25,63.70000000000001,7032.0
L405S-023,1222845,06:30,63.50000000000001,7368.0
L405S-023,1222845,06:35,63.8,7476.0
L405S-023,1222845,06:40,63.50000000000001,7452.0
L405S-023,1222845,06:45,63.60000000000001,7392.0
L405S-023,1222845,06:50,63.400000000000006,7872.0
L405S-023,1222845,06:55,63.10000000000001,8220.0
L405S-023,1222845,07:00,64.3,6900.0
L405S-023,1222845,07:05,63.400000000000006,6888.0
L405S-023,1222845,07:10,63.00000000000001,6900.0
L405S-023,1222845,07:15,63.300000000000004,7068.0
L405S-023,1222845,07:20,64.3,6528.0
L405S-023,1222845,07:25,63.300000000000004,6804.0
L405S-023,1222845,07:30,64.0,6324.0
L405S-023,1222845,07:35,64.8,7560.0
L405S-023,1222845,07:40,65.1,7488.0
L405S-023,1222845,07:45,65.0,6816.0
L405S-023,1222845,07:50,64.4,7296.0
L405S-023,1222845,07:55,64.8,7092.0
L405S-023,1222845,08:00,64.6,7452.0
L405S-023,1222845,08:05,64.7,7680.0
L405S-023,1222845,08:10,64.7,7416.0
L405S-023,1222845,08:15,65.4,7632.0
L405S-023,1222845,08:20,64.8,7032.0
L405S-023,1222845,08:25,65.0,7644.0
L405S-023,1222845,08:30,65.2,7944.0
L405S-023,1222845,08:35,66.8,7404.0
L405S-023,1222845,08:40,65.6,8028.0
L405S-023,1222845,08:45,66.0,7116.0
L405S-023,1222845,08:50,65.6,7620.0
L405S-023,1222845,08:55,65.6,7416.0
L405S-023,1222845,09:00,65.6,7608.0
L405S-023,1222845,09:05,66.3,7104.0
L405S-023,1222845,09:10,64.2,8136.0
L405S-023,1222845,09:15,64.3,7536.0
L405S-023,1222845,09:20,64.4,7476.0
L405S-023,1222845,09:25,63.400000000000006,7956.0
L405S-023,1222845,09:30,60.0,7512.0
L405S-023,1222845,09:35,62.6,7488.0
L405S-023,1222845,09:40,63.10000000000001,7152.0
L405S-023,1222845,09:45,64.4,7236.0
L405S-023,1222845,09:50,64.0,7296.0
L405S-023,1222845,09:55,64.0,7836.0
L405S-023,1222845,10:00,63.400000000000006,7296.0
L405S-023,1222845,10:05,64.9,7464.0
L405S-023,1222845,10:10,64.5,7608.0
L405S-023,1222845,10:15,65.1,7632.0
L405S-023,1222845,10:20,64.3,7920.0
L405S-023,1222845,10:25,64.5,7788.0
L405S-023,1222845,10:30,63.70000000000001,7596.0
L405S-023,1222845,10:35,63.60000000000001,7584.0
L405S-023,1222845,10:40,64.1,7200.0
L405S-023,1222845,10:45,65.3,7224.0
L405S-023,1222845,10:50,65.3,7392.0
L405S-023,1222845,10:55,64.8,7476.0
L405S-023,1222845,11:00,64.5,7260.0
L405S-023,1222845,11:05,64.5,7152.0
L405S-023,1222845,11:10,64.1,7560.0
L405S-023,1222845,11:15,63.400000000000006,7296.0
L405S-023,1222845,11:20,65.3,7212.0
L405S-023,1222845,11:25,65.0,7416.0
L405S-023,1222845,11:30,64.6,7476.0
L405S-023,1222845,11:35,65.4,6900.0
L405S-023,1222845,11:40,66.0,6816.0
L405S-023,1222845,11:45,65.7,6756.0
L405S-023,1222845,11:50,65.5,6816.0
L405S-023,1222845,11:55,64.9,6732.0
L405S-023,1222845,12:00,64.3,6324.0
L405S-023,1222845,12:05,63.20000000000001,6780.0
L405S-023,1222845,12:10,61.70000000000001,6312.0
L405S-023,1222845,12:15,61.70000000000001,6432.0
L405S-023,1222845,12:20,61.300000000000004,5604.0
L405S-023,1222845,12:25,60.7,6180.0
L405S-023,1222845,12:30,61.50000000000001,5304.0
L405S-023,1222845,12:35,63.10000000000001,4620.0
L405S-023,1222845,12:40,59.9,5064.0
L405S-023,1222845,12:45,62.6,4800.0
L405S-023,1222845,12:50,63.300000000000004,4020.0
L405S-023,1222845,12:55,62.0,5124.0
L405S-023,1222845,13:00,55.9,5064.0
L405S-023,1222845,13:05,51.10000000000001,4584.0
L405S-023,1222845,13:10,60.6,3432.0
L405S-023,1222845,13:15,58.8,3144.0
L405S-023,1222845,13:20,66.5,2784.0
L405S-023,1222845,13:25,61.50000000000001,3348.0
L405S-023,1222845,13:30,64.3,2916.0
L405S-023,1222845,13:35,66.9,2928.0
L405S-023,1222845,13:40,57.400000000000006,3216.0
L405S-023,1222845,13:45,53.50000000000001,3384.0
L405S-023,1222845,13:50,53.20000000000001,3408.0
L405S-023,1222845,13:55,53.10000000000001,3768.0
L405S-023,1222845,14:00,69.3,3660.0
L405S-023,1222845,14:05,71.1,3360.0
L405S-023,1222845,14:10,68.9,3624.0
L405S-023,1222845,14:15,71.4,3324.0
L405S-023,1222845,14:20,72.3,3240.0
L405S-023,1222845,14:25,69.8,3672.0
L405S-023,1222845,14:30,70.8,3252.0
L405S-023,1222845,14:35,72.3,3276.0
L405S-023,1222845,14:40,71.9,3336.0
L405S-023,1222845,14:45,72.4,3192.0
L405S-023,1222845,14:50,69.8,3420.0
L405S-023,1222845,14:55,70.1,3324.0
L405S-023,1222845,15:00,70.7,2760.0
L405S-023,1222845,15:05,70.5,2976.0
L405S-023,1222845,15:10,68.3,2904.0
L405S-023,1222845,15:15,69.5,3156.0
L405S-023,1222845,15:20,70.9,2940.0
L405S-023,1222845,15:25,71.7,2856.0
L405S-023,1222845,15:30,72.5,2772.0
L405S-023,1222845,15:35,72.9,2832.0
L405S-023,1222845,15:40,71.6,2568.0
L405S-023,1222845,15:45,71.8,2556.0
L405S-023,1222845,15:50,71.5,3024.0
L405S-023,1222845,15:55,69.9,2448.0
L405S-023,1222845,16:00,71.3,2088.0
L405S-023,1222845,16:05,69.6,2448.0
L405S-023,1222845,16:10,69.9,2292.0
L405S-023,1222845,16:15,70.6,1848.0
L405S-023,1222845,16:20,70.4,2208.0
L405S-023,1222845,16:25,69.1,1872.0
L405S-023,1222845,16:30,68.9,2004.0
L405S-023,1222845,16:35,68.5,2100.0
L405S-023,1222845,16:40,68.6,1800.0
L405S-023,1222845,16:45,69.2,2088.0
L405S-023,1222845,16:50,68.6,1512.0
L405S-023,1222845,16:55,69.6,1704.0
L405S-023,1222845,17:00,67.5,2220.0
L405S-023,1222845,17:05,68.2,2412.0
L405S-023,1222845,17:10,67.2,2496.0
L405S-023,1222845,17:15,67.8,2424.0
L405S-023,1222845,17:20,67.5,2544.0
L405S-023,1222845,17:25,67.8,2352.0
L405S-023,1222845,17:30,67.4,2292.0
L405S-023,1222845,17:35,65.4,2316.0
L405S-023,1222845,17:40,65.4,2160.0
L405S-023,1222845,17:45,65.5,1932.0
L405S-023,1222845,17:50,66.0,2112.0
L405S-023,1222845,17:55,67.1,1668.0
L405S-023,1222845,18:00,69.4,1392.0
L405S-023,1222845,18:05,69.9,1296.0
L405S-023,1222845,18:10,70.0,972.0
L405S-023,1222845,18:15,70.4,1056.0
L405S-023,1222845,18:20,70.2,1056.0
L405S-023,1222845,18:25,70.5,708.0
L405S-023,1222845,18:30,71.0,756.0
L405S-023,1222845,18:35,70.5,576.0
L405S-023,1222845,18:40,70.4,672.0
L405S-023,1222845,18:45,70.6,636.0
L405S-023,1222845,18:50,69.1,780.0
L405S-023,1222845,18:55,69.6,444.0
L405S-023,1222845,19:00,70.4,648.0
L405S-023,1222845,19:05,69.9,564.0
L405S-023,1222845,19:10,68.0,504.0
L405S-023,1222845,19:15,69.7,468.0
L405S-023,1222845,19:20,70.2,576.0
L405S-023,1222845,19:25,69.5,588.0
L405S-023,1222845,19:30,68.3,816.0
L405S-023,1222845,19:35,70.6,600.0
L405S-023,1222845,19:40,69.6,624.0
L405S-023,1222845,19:45,69.8,600.0
L405S-023,1222845,19:50,70.4,576.0
L405S-023,1222845,19:55,71.0,552.0
L405S-023,1222845,20:00,70.9,612.0
L405S-023,1222845,20:05,70.4,756.0
L405S-023,1222845,20:10,70.8,456.0
L405S-023,1222845,20:15,71.1,600.0
L405S-023,1222845,20:20,71.4,528.0
L405S-023,1222845,20:25,71.1,696.0
L405S-023,1222845,20:30,70.8,588.0
L405S-023,1222845,20:35,70.6,1092.0
L405S-023,1222845,20:40,71.2,828.0
L405S-023,1222845,20:45,70.2,924.0
L405S-023,1222845,20:50,69.4,1044.0
L405S-023,1222845,20:55,69.9,972.0
L405S-023,1222845,21:00,70.6,864.0
L405S-023,1222845,21:05,70.4,1176.0
L405S-023,1222845,21:10,67.3,864.0
L405S-023,1222845,21:15,70.4,1344.0
L405S-023,1222845,21:20,69.7,1356.0
L405S-023,1222845,21:25,71.4,1752.0
L405S-023,1222845,21:30,71.5,1956.0
L405S-023,1222845,21:35,71.1,2208.0
L405S-023,1222845,21:40,72.1,2256.0
L405S-023,1222845,21:45,69.4,2856.0
L405S-023,1222845,21:50,69.3,2712.0
L405S-023,1222845,21:55,68.1,2004.0
L405S-023,1222845,22:00,70.2,2256.0
L405S-023,1222845,22:05,70.9,2244.0
L405S-023,1222845,22:10,70.4,2808.0
L405S-023,1222845,22:15,71.2,2976.0
L405S-023,1222845,22:20,72.4,3396.0
L405S-023,1222845,22:25,71.9,3300.0
L405S-023,1222845,22:30,71.3,4164.0
L405S-023,1222845,22:35,70.4,4224.0
L405S-023,1222845,22:40,70.3,4956.0
L405S-023,1222845,22:45,71.7,6036.0
L405S-023,1222845,22:50,71.3,5568.0
L405S-023,1222845,22:55,71.2,4728.0
L405S-023,1222845,23:00,69.7,4968.0
L405S-023,1222845,23:05,70.0,4704.0
L405S-023,1222845,23:10,69.2,5328.0
L405S-023,1222845,23:15,68.0,6048.0
L405S-023,1222845,23:20,68.1,6168.0
L405S-023,1222845,23:25,68.1,7056.0
L405S-023,1222845,23:30,67.5,7536.0
L405S-023,1222845,23:35,66.9,7944.0
L405S-023,1222845,23:40,64.2,8544.0
L405S-023,1222845,23:45,64.1,8424.0
L405S-023,1222845,23:50,64.9,6672.0
L405S-023,1222845,23:55,65.9,7176.0
L405S-024,1222909,00:00,62.32000000000001,7418.4
L405S-024,1222909,00:05,61.3,7118.4
L405S-024,1222909,00:10,58.56,7341.6
L405S-024,1222909,00:15,58.94000000000001,8162.4
L405S-024,1222909,00:20,58.56,7831.2
L405S-024,1222909,00:25,57.56,7960.8
L405S-024,1222909,00:30,57.620000000000005,7768.8
L405S-024,1222909,00:35,60.220000000000006,7404.0
L405S-024,1222909,00:40,59.6,7164.0
L405S-024,1222909,00:45,61.52,7250.4
L405S-024,1222909,00:50,62.74000000000001,6996.0
L405S-024,1222909,00:55,62.96,7051.2
L405S-024,1222909,01:00,63.06,7224.0
L405S-024,1222909,01:05,63.92,6859.2
L405S-024,1222909,01:10,64.1,6960.0
L405S-024,1222909,01:15,64.1,6919.2
L405S-024,1222909,01:20,64.58000000000001,6948.0
L405S-024,1222909,01:25,64.32000000000001,7149.6
L405S-024,1222909,01:30,64.7,6984.0
L405S-024,1222909,01:35,63.86,7480.8
L405S-024,1222909,01:40,63.96,7382.4
L405S-024,1222909,01:45,64.04,7291.2
L405S-024,1222909,01:50,64.2,7200.0
L405S-024,1222909,01:55,64.08000000000001,6734.4
L405S-024,1222909,02:00,63.92,7027.2
L405S-024,1222909,02:05,63.85999999999999,6453.6
L405S-024,1222909,02:10,63.160000000000004,7142.4
L405S-024,1222909,02:15,62.660000000000004,6936.0
L405S-024,1222909,02:20,62.32000000000001,7435.2
L405S-024,1222909,02:25,62.44,7519.2
L405S-024,1222909,02:30,63.02,7068.0
L405S-024,1222909,02:35,63.17999999999999,7404.0
L405S-024,1222909,02:40,62.56,7922.4
L405S-024,1222909,02:45,62.17999999999999,7454.4
L405S-024,1222909,02:50,62.080000000000005,7610.4
L405S-024,1222909,02:55,62.760000000000005,6777.6
L405S-024,1222909,03:00,62.38000000000001,6909.6
L405S-024,1222909,03:05,62.540000000000006,6796.8
L405S-024,1222909,03:10,63.06,6388.8
L405S-024,1222909,03:15,63.040000000000006,6816.0
L405S-024,1222909,03:20,62.52,6892.8
L405S-024,1222909,03:25,62.1,7118.4
L405S-024,1222909,03:30,61.58,7108.8
L405S-024,1222909,03:35,62.18000000000001,7168.8
L405S-024,1222909,03:40,62.31999999999999,7406.4
L405S-024,1222909,03:45,62.52,7432.8
L405S-024,1222909,03:50,62.58,7113.6
L405S-024,1222909,03:55,63.14000000000001,6763.2
L405S-024,1222909,04:00,62.9,7104.0
L405S-024,1222909,04:05,63.68000000000001,6698.4
L405S-024,1222909,04:10,63.3,6864.0
L405S-024,1222909,04:15,63.2,6950.4
L405S-024,1222909,04:20,62.56,7336.8
L405S-024,1222909,04:25,62.92,6981.6
L405S-024,1222909,04:30,62.779999999999994,7300.8
L405S-024,1222909,04:35,62.260000000000005,7188.0
L405S-024,1222909,04:40,61.220000000000006,7708.8
L405S-024,1222909,04:45,62.0,7135.2
L405S-024,1222909,04:50,62.8,6962.4
L405S-024,1222909,04:55,63.339999999999996,6844.8
L405S-024,1222909,05:00,63.82000000000001,6504.0
L405S-024,1222909,05:05,63.92,6696.0
L405S-024,1222909,05:10,63.2,6736.8
L405S-024,1222909,05:15,63.720000000000006,6926.4
L405S-024,1222909,05:20,62.38000000000001,7204.8
L405S-024,1222909,05:25,62.480000000000004,7168.8
L405S-024,1222909,05:30,62.46,7173.6
L405S-024,1222909,05:35,63.52,6847.2
L405S-024,1222909,05:40,63.580000000000005,7063.2
L405S-024,1222909,05:45,63.64,6739.2
L405S-024,1222909,05:50,63.36,7298.4
L405S-024,1222909,05:55,63.92,6763.2
L405S-024,1222909,06:00,64.08,6504.0
L405S-024,1222909,06:05,64.38,6525.6
L405S-024,1222909,06:10,63.64000000000001,6943.2
L405S-024,1222909,06:15,63.339999999999996,7044.0
L405S-024,1222909,06:20,63.58,7003.2
L405S-024,1222909,06:25,63.96,6650.4
L405S-024,1222909,06:30,63.52,7015.2
L405S-024,1222909,06:35,64.12,6811.2
L405S-024,1222909,06:40,63.7,7406.4
L405S-024,1222909,06:45,64.38,6801.6
L405S-024,1222909,06:50,64.47999999999999,6847.2
L405S-024,1222909,06:55,64.2,6993.6
L405S-024,1222909,07:00,64.12,6631.2
L405S-024,1222909,07:05,63.760000000000005,6849.6
L405S-024,1222909,07:10,64.36,6518.4
L405S-024,1222909,07:15,64.06,6962.4
L405S-024,1222909,07:20,64.38,6890.4
L405S-024,1222909,07:25,63.82000000000001,6955.2
L405S-024,1222909,07:30,63.96,7077.6
L405S-024,1222909,07:35,63.98,7245.6
L405S-024,1222909,07:40,63.36,7041.6
L405S-024,1222909,07:45,64.2,6772.8
L405S-024,1222909,07:50,64.7,7017.6
L405S-024,1222909,07:55,65.0,6650.4
L405S-024,1222909,08:00,64.78,6921.6
L405S-024,1222909,08:05,64.6,7005.6
L405S-024,1222909,08:10,64.44,7147.2
L405S-024,1222909,08:15,64.74,7020.0
L405S-024,1222909,08:20,64.74,7089.6
L405S-024,1222909,08:25,64.66,7044.0
L405S-024,1222909,08:30,64.8,7144.8
L405S-024,1222909,08:35,65.16,6895.2
L405S-024,1222909,08:40,64.56,7257.6
L405S-024,1222909,08:45,64.47999999999999,7324.8
L405S-024,1222909,08:50,64.84,7399.2
L405S-024,1222909,08:55,65.16,7125.6
L405S-024,1222909,09:00,65.16,7108.8
L405S-024,1222909,09:05,65.38,6921.6
L405S-024,1222909,09:10,65.22,7296.0
L405S-024,1222909,09:15,65.16,7396.8
L405S-024,1222909,09:20,65.24,7336.8
L405S-024,1222909,09:25,65.17999999999999,7180.8
L405S-024,1222909,09:30,64.62,7279.2
L405S-024,1222909,09:35,64.84,7288.8
L405S-024,1222909,09:40,65.62,7183.2
L405S-024,1222909,09:45,65.7,7456.8
L405S-024,1222909,09:50,65.66,7224.0
L405S-024,1222909,09:55,65.46000000000001,7476.0
L405S-024,1222909,10:00,65.34,6984.0
L405S-024,1222909,10:05,65.66,7221.6
L405S-024,1222909,10:10,65.3,7219.2
L405S-024,1222909,10:15,65.64,7785.6
L405S-024,1222909,10:20,65.82000000000001,7303.2
L405S-024,1222909,10:25,66.04,7368.0
L405S-024,1222909,10:30,65.82000000000001,7392.0
L405S-024,1222909,10:35,66.2,7084.8
L405S-024,1222909,10:40,66.26,7168.8
L405S-024,1222909,10:45,66.28,6991.2
L405S-024,1222909,10:50,66.72,7017.6
L405S-024,1222909,10:55,66.82000000000001,6852.0
L405S-024,1222909,11:00,66.86,6724.8
L405S-024,1222909,11:05,67.2,6585.6
L405S-024,1222909,11:10,67.36,6328.8
L405S-024,1222909,11:15,68.08,6432.0
L405S-024,1222909,11:20,68.17999999999999,6645.6
L405S-024,1222909,11:25,67.78,6585.6
L405S-024,1222909,11:30,67.56,6247.2
L405S-024,1222909,11:35,68.26,6285.6
L405S-024,1222909,11:40,68.53999999999999,6004.8
L405S-024,1222909,11:45,68.6,5973.6
L405S-024,1222909,11:50,68.78,5896.8
L405S-024,1222909,11:55,69.1,5762.4
L405S-024,1222909,12:00,69.9,5596.8
L405S-024,1222909,12:05,69.44,5383.2
L405S-024,1222909,12:10,69.4,5450.4
L405S-024,1222909,12:15,69.3,5476.8
L405S-024,1222909,12:20,69.44,5548.8
L405S-024,1222909,12:25,69.86,5107.2
L405S-024,1222909,12:30,69.56,5491.2
L405S-024,1222909,12:35,69.94,5119.2
L405S-024,1222909,12:40,69.58,5200.8
L405S-024,1222909,12:45,70.64,5049.6
L405S-024,1222909,12:50,70.24,5306.4
L405S-024,1222909,12:55,70.34,5030.4
L405S-024,1222909,13:00,70.42,4720.8
L405S-024,1222909,13:05,70.14,4670.4
L405S-024,1222909,13:10,69.92,4663.2
L405S-024,1222909,13:15,69.9,4444.8
L405S-024,1222909,13:20,70.14,4262.4
L405S-024,1222909,13:25,70.66,4387.2
L405S-024,1222909,13:30,69.56,4363.2
L405S-024,1222909,13:35,69.58,3979.2
L405S-024,1222909,13:40,69.16,4281.6
L405S-024,1222909,13:45,69.22,4087.2
L405S-024,1222909,13:50,68.72,3945.6
L405S-024,1222909,13:55,68.76,4185.6
L405S-024,1222909,14:00,70.0,3962.4
L405S-024,1222909,14:05,70.28,3962.4
L405S-024,1222909,14:10,70.47999999999999,4024.8
L405S-024,1222909,14:15,70.75999999999999,3700.8
L405S-024,1222909,14:20,70.14,3986.4
L405S-024,1222909,14:25,70.14,3897.6
L405S-024,1222909,14:30,70.32000000000001,3900.0
L405S-024,1222909,14:35,70.92,3765.6
L405S-024,1222909,14:40,71.38,3595.2
L405S-024,1222909,14:45,71.22,3496.8
L405S-024,1222909,14:50,71.18,3638.4
L405S-024,1222909,14:55,71.0,3156.0
L405S-024,1222909,15:00,70.22,3194.4
L405S-024,1222909,15:05,69.52000000000001,3441.6
L405S-024,1222909,15:10,69.44,3112.8
L405S-024,1222909,15:15,69.66,3436.8
L405S-024,1222909,15:20,70.74,2944.8
L405S-024,1222909,15:25,71.28,3004.8
L405S-024,1222909,15:30,70.88,3009.6
L405S-024,1222909,15:35,70.94000000000001,2872.8
L405S-024,1222909,15:40,70.64,2776.8
L405S-024,1222909,15:45,71.46000000000001,2776.8
L405S-024,1222909,15:50,71.06,2668.8
L405S-024,1222909,15:55,70.56,2755.2
L405S-024,1222909,16:00,69.94,2241.6
L405S-024,1222909,16:05,70.24,2354.4
L405S-024,1222909,16:10,70.5,2323.2
L405S-024,1222909,16:15,70.78,2280.0
L405S-024,1222909,16:20,70.56,2356.8
L405S-024,1222909,16:25,70.96000000000001,2220.0
L405S-024,1222909,16:30,70.58,2088.0
L405S-024,1222909,16:35,70.96000000000001,1941.6
L405S-024,1222909,16:40,70.74,2042.4
L405S-024,1222909,16:45,70.5,2011.2
L405S-024,1222909,16:50,70.88,1960.8
L405S-024,1222909,16:55,70.94,1725.6
L405S-024,1222909,17:00,71.42,1569.6
L405S-024,1222909,17:05,70.88,1605.6
L405S-024,1222909,17:10,70.1,1615.2
L405S-024,1222909,17:15,70.22,1516.8
L405S-024,1222909,17:20,70.3,1586.4
L405S-024,1222909,17:25,69.86,1456.8
L405S-024,1222909,17:30,70.26,1387.2
L405S-024,1222909,17:35,69.47999999999999,1363.2
L405S-024,1222909,17:40,68.74,1250.4
L405S-024,1222909,17:45,69.6,1192.8
L405S-024,1222909,17:50,69.4,1250.4
L405S-024,1222909,17:55,68.97999999999999,1077.6
L405S-024,1222909,18:00,69.84,1027.2
L405S-024,1222909,18:05,69.4,919.2
L405S-024,1222909,18:10,69.86,936.0
L405S-024,1222909,18:15,69.9,856.8
L405S-024,1222909,18:20,69.6,739.2
L405S-024,1222909,18:25,69.53999999999999,736.8
L405S-024,1222909,18:30,69.92,775.2
L405S-024,1222909,18:35,69.6,672.0
L405S-024,1222909,18:40,70.14,674.4
L405S-024,1222909,18:45,70.38,643.2
L405S-024,1222909,18:50,70.1,640.8
L405S-024,1222909,18:55,69.6,559.2
L405S-024,1222909,19:00,70.08000000000001,602.4
L405S-024,1222909,19:05,69.74,542.4
L405S-024,1222909,19:10,69.9,535.2
L405S-024,1222909,19:15,69.67999999999999,525.6
L405S-024,1222909,19:20,70.46000000000001,612.0
L405S-024,1222909,19:25,70.2,628.8
L405S-024,1222909,19:30,70.02000000000001,614.4
L405S-024,1222909,19:35,70.28,604.8
L405S-024,1222909,19:40,69.28,559.2
L405S-024,1222909,19:45,70.17999999999999,571.2
L405S-024,1222909,19:50,69.97999999999999,648.0
L405S-024,1222909,19:55,69.52000000000001,520.8
L405S-024,1222909,20:00,69.72,549.6
L405S-024,1222909,20:05,70.46000000000001,566.4
L405S-024,1222909,20:10,69.86,525.6
L405S-024,1222909,20:15,70.03999999999999,631.2
L405S-024,1222909,20:20,70.42,746.4
L405S-024,1222909,20:25,69.72,712.8
L405S-024,1222909,20:30,69.78,727.2
L405S-024,1222909,20:35,69.9,856.8
L405S-024,1222909,20:40,70.41999999999999,852.0
L405S-024,1222909,20:45,69.24,916.8
L405S-024,1222909,20:50,70.3,996.0
L405S-024,1222909,20:55,69.72,919.2
L405S-024,1222909,21:00,69.86,739.2
L405S-024,1222909,21:05,69.9,909.6
L405S-024,1222909,21:10,69.3,1034.4
L405S-024,1222909,21:15,69.42,1212.0
L405S-024,1222909,21:20,69.68,1348.8
L405S-024,1222909,21:25,69.91999999999999,1543.2
L405S-024,1222909,21:30,69.32000000000001,1888.8
L405S-024,1222909,21:35,69.42,2004.0
L405S-024,1222909,21:40,70.28,2248.8
L405S-024,1222909,21:45,70.3,2493.6
L405S-024,1222909,21:50,69.28,2498.4
L405S-024,1222909,21:55,69.8,2304.0
L405S-024,1222909,22:00,69.88,2179.2
L405S-024,1222909,22:05,71.24,2320.8
L405S-024,1222909,22:10,70.7,2505.6
L405S-024,1222909,22:15,71.12,2952.0
L405S-024,1222909,22:20,69.97999999999999,3139.2
L405S-024,1222909,22:25,70.42,3415.2
L405S-024,1222909,22:30,70.64000000000001,3943.2
L405S-024,1222909,22:35,71.02000000000001,4418.4
L405S-024,1222909,22:40,71.8,4944.0
L405S-024,1222909,22:45,72.58,5553.6
L405S-024,1222909,22:50,71.84,5460.0
L405S-024,1222909,22:55,72.38,4353.6
L405S-024,1222909,23:00,70.42,5179.2
L405S-024,1222909,23:05,69.28,4975.2
L405S-024,1222909,23:10,68.74,5589.6
L405S-024,1222909,23:15,68.06,6412.8
L405S-024,1222909,23:20,67.66,6746.4
L405S-024,1222909,23:25,66.66,7281.6
L405S-024,1222909,23:30,65.1,7430.4
L405S-024,1222909,23:35,62.24000000000001,7730.4
L405S-024,1222909,23:40,61.040000000000006,7884.0
L405S-024,1222909,23:45,62.260000000000005,7106.4
L405S-024,1222909,23:50,61.5,6787.2
L405S-024,1222909,23:55,63.120000000000005,6540.0
L405S-041,1201497,00:00,65.86666666666666,8920.0
L405S-041,1201497,00:05,64.44999999999999,8766.0
L405S-041,1201497,00:10,64.10000000000001,9800.0
L405S-041,1201497,00:15,67.16666666666667,8776.0
L405S-041,1201497,00:20,65.3,9252.0
L405S-041,1201497,00:25,65.83333333333333,9104.0
L405S-041,1201497,00:30,65.6,9594.0
L405S-041,1201497,00:35,63.36666666666667,9596.0
L405S-041,1201497,00:40,66.26666666666667,9180.0
L405S-041,1201497,00:45,64.96666666666667,8864.0
L405S-041,1201497,00:50,67.03333333333333,7832.0
L405S-041,1201497,00:55,65.76666666666667,8536.0
L405S-041,1201497,01:00,65.8,8764.0
L405S-041,1201497,01:05,64.86666666666667,8440.0
L405S-041,1201497,01:10,64.96666666666667,7524.0
L405S-041,1201497,01:15,65.43333333333334,7900.0
L405S-041,1201497,01:20,66.73333333333333,7024.0
L405S-041,1201497,01:25,65.3,7896.0
L405S-041,1201497,01:30,65.16666666666667,8772.0
L405S-041,1201497,01:35,64.10000000000001,8564.0
L405S-041,1201497,01:40,64.03333333333335,8984.0
L405S-041,1201497,01:45,65.06666666666668,9176.0
L405S-041,1201497,01:50,66.36666666666667,8632.0
L405S-041,1201497,01:55,68.53333333333333,8836.0
L405S-041,1201497,02:00,68.23333333333333,8600.0
L405S-041,1201497,02:05,65.73333333333333,8196.0
L405S-041,1201497,02:10,69.46666666666667,9112.0
L405S-041,1201497,02:15,69.53333333333333,7796.0
L405S-041,1201497,02:20,67.7,8772.0
L405S-041,1201497,02:25,67.53333333333335,8556.0
L405S-041,1201497,02:30,67.39999999999999,8072.0
L405S-041,1201497,02:35,65.10000000000001,9052.0
L405S-041,1201497,02:40,66.76666666666667,8732.0
L405S-041,1201497,02:45,66.66666666666667,8736.0
L405S-041,1201497,02:50,67.83333333333333,8260.0
L405S-041,1201497,02:55,65.13333333333334,8308.0
L405S-041,1201497,03:00,66.13333333333334,7876.0
L405S-041,1201497,03:05,69.96666666666667,7308.0
L405S-041,1201497,03:10,69.43333333333334,7424.0
L405S-041,1201497,03:15,67.60000000000001,7760.0
L405S-041,1201497,03:20,65.05,8076.0
L405S-041,1201497,03:25,69.36666666666666,7428.0
L405S-041,1201497,03:30,68.2,7312.0
L405S-041,1201497,03:35,66.36666666666667,7992.0
L405S-041,1201497,03:40,67.73333333333333,7776.0
L405S-041,1201497,03:45,67.93333333333334,7864.0
L405S-041,1201497,03:50,67.2,7692.0
L405S-041,1201497,03:55,65.39999999999999,7980.0
L405S-041,1201497,04:00,67.30000000000001,7200.0
L405S-041,1201497,04:05,66.3,7228.0
L405S-041,1201497,04:10,67.7,7144.0
L405S-041,1201497,04:15,67.53333333333333,7504.0
L405S-041,1201497,04:20,66.4,7708.0
L405S-041,1201497,04:25,67.3,6904.0
L405S-041,1201497,04:30,66.66666666666667,7592.0
L405S-041,1201497,04:35,68.3,7312.0
L405S-041,1201497,04:40,66.75,8064.0
L405S-041,1201497,04:45,67.05000000000001,7758.0
L405S-041,1201497,04:50,68.45,7716.0
L405S-041,1201497,04:55,67.4,8238.0
L405S-041,1201497,05:00,66.80000000000001,6930.0
L405S-041,1201497,05:05,68.6,7470.0
L405S-041,1201497,05:10,68.9,7488.0
L405S-041,1201497,05:15,71.43333333333334,6328.0
L405S-041,1201497,05:20,69.10000000000001,7480.0
L405S-041,1201497,05:25,67.75,7932.0
L405S-041,1201497,05:30,68.73333333333333,7708.0
L405S-041,1201497,05:35,68.69999999999999,7548.0
L405S-041,1201497,05:40,67.0,6432.0
L405S-041,1201497,05:45,68.55000000000001,7722.0
L405S-041,1201497,05:50,69.4,7914.0
L405S-041,1201497,05:55,68.5,7452.0
L405S-041,1201497,06:00,67.86666666666667,6932.0
L405S-041,1201497,06:05,71.0,5104.0
L405S-041,1201497,06:10,66.1,7278.0
L405S-041,1201497,06:15,68.60000000000001,8000.0
L405S-041,1201497,06:20,68.23333333333333,7480.0
L405S-041,1201497,06:25,67.83333333333333,7236.0
L405S-041,1201497,06:30,66.80000000000001,7488.0
L405S-041,1201497,06:35,66.5,6966.0
L405S-041,1201497,06:40,67.03333333333333,6656.0
L405S-041,1201497,06:45,65.86666666666666,6908.0
L405S-041,1201497,06:50,68.0,6608.0
L405S-041,1201497,06:55,68.55,6342.0
L405S-041,1201497,07:00,68.45,5820.0
L405S-041,1201497,07:05,66.5,6292.0
L405S-041,1201497,07:10,64.73333333333333,7408.0
L405S-041,1201497,07:15,65.85,6774.0
L405S-041,1201497,07:20,67.5,8028.0
L405S-041,1201497,07:25,67.0,8228.0
L405S-041,1201497,07:30,65.5,8268.0
L405S-041,1201497,07:35,65.60000000000001,8704.0
L405S-041,1201497,07:40,65.85,8340.0
L405S-041,1201497,07:45,69.13333333333334,7580.0
L405S-041,1201497,07:50,68.5,6798.0
L405S-041,1201497,07:55,72.85,6240.0
L405S-041,1201497,08:00,67.9,7392.0
L405S-041,1201497,08:05,68.89999999999999,6360.0
L405S-041,1201497,08:10,67.39999999999999,7596.0
L405S-041,1201497,08:15,68.2,6372.0
L405S-041,1201497,08:20,69.33333333333333,7360.0
L405S-041,1201497,08:25,68.5,7020.0
L405S-041,1201497,08:30,67.55000000000001,7632.0
L405S-041,1201497,08:35,68.73333333333333,8508.0
L405S-041,1201497,08:40,67.66666666666667,7540.0
L405S-041,1201497,08:45,68.45,7458.0
L405S-041,1201497,08:50,66.36666666666666,8012.0
L405S-041,1201497,08:55,68.8,6960.0
L405S-041,1201497,09:00,69.7,7228.0
L405S-041,1201497,09:05,67.96666666666665,7108.0
L405S-041,1201497,09:10,67.93333333333334,7316.0
L405S-041,1201497,09:15,68.10000000000001,7584.0
L405S-041,1201497,09:20,68.63333333333334,7860.0
L405S-041,1201497,09:25,68.0,7612.0
L405S-041,1201497,09:30,68.69999999999999,7596.0
L405S-041,1201497,09:35,68.03333333333335,7456.0
L405S-041,1201497,09:40,67.5,7914.0
L405S-041,1201497,09:45,68.95,7692.0
L405S-041,1201497,09:50,68.85,6930.0
L405S-041,1201497,09:55,68.75,7098.0
L405S-041,1201497,10:00,66.05000000000001,7428.0
L405S-041,1201497,10:05,66.9,7914.0
L405S-041,1201497,10:10,67.03333333333335,7092.0
L405S-041,1201497,10:15,66.1,7812.0
L405S-041,1201497,10:20,66.2,7628.0
L405S-041,1201497,10:25,65.2,7820.0
L405S-041,1201497,10:30,69.76666666666667,7472.0
L405S-041,1201497,10:35,69.13333333333334,7440.0
L405S-041,1201497,10:40,69.16666666666667,7144.0
L405S-041,1201497,10:45,68.63333333333334,6492.0
L405S-041,1201497,10:50,66.89999999999999,6976.0
L405S-041,1201497,10:55,66.8,6792.0
L405S-041,1201497,11:00,66.16666666666667,7240.0
L405S-041,1201497,11:05,68.60000000000001,6744.0
L405S-041,1201497,11:10,65.76666666666667,6944.0
L405S-041,1201497,11:15,67.06666666666666,6912.0
L405S-041,1201497,11:20,67.60000000000001,5820.0
L405S-041,1201497,11:25,70.0,6344.0
L405S-041,1201497,11:30,67.86666666666667,6396.0
L405S-041,1201497,11:35,66.69999999999999,7266.0
L405S-041,1201497,11:40,66.95,7296.0
L405S-041,1201497,11:45,68.8,6492.0
L405S-041,1201497,11:50,68.23333333333333,6372.0
L405S-041,1201497,11:55,66.1,6618.0
L405S-041,1201497,12:00,68.45,6450.0
L405S-041,1201497,12:05,67.65,6426.0
L405S-041,1201497,12:10,66.86666666666666,5996.0
L405S-041,1201497,12:15,73.5,7668.0
L405S-041,1201497,12:20,69.7,6090.0
L405S-041,1201497,12:25,64.3,6012.0
L405S-041,1201497,12:30,64.94999999999999,6318.0
L405S-041,1201497,12:35,64.73333333333333,5876.0
L405S-041,1201497,12:40,67.7,5528.0
L405S-041,1201497,12:45,65.89999999999999,5572.0
L405S-041,1201497,12:50,65.66666666666667,6664.0
L405S-041,1201497,12:55,70.19999999999999,5676.0
L405S-041,1201497,13:00,71.3,5000.0
L405S-041,1201497,13:05,70.55000000000001,5958.0
L405S-041,1201497,13:10,68.39999999999999,5300.0
L405S-041,1201497,13:15,67.46666666666667,6172.0
L405S-041,1201497,13:20,64.15,6462.0
L405S-041,1201497,13:25,64.0,6428.0
L405S-041,1201497,13:30,64.46666666666667,5720.0
L405S-041,1201497,13:35,66.03333333333333,5180.0
L405S-041,1201497,13:40,64.33333333333333,5992.0
L405S-041,1201497,13:45,68.43333333333334,5432.0
L405S-041,1201497,13:50,64.45,5718.0
L405S-041,1201497,13:55,67.83333333333333,6212.0
L405S-041,1201497,14:00,68.35,5952.0
L405S-041,1201497,14:05,66.6,6276.0
L405S-041,1201497,14:10,67.15,5448.0
L405S-041,1201497,14:15,68.86666666666667,5068.0
L405S-041,1201497,14:20,68.9,5190.0
L405S-041,1201497,14:25,61.30000000000001,5724.0
L405S-041,1201497,14:30,61.76666666666667,5404.0
L405S-041,1201497,14:35,63.10000000000001,4812.0
L405S-041,1201497,14:40,62.43333333333333,4772.0
L405S-041,1201497,14:45,63.70000000000001,5008.0
L405S-041,1201497,14:50,60.2,5358.0
L405S-041,1201497,14:55,62.85000000000001,5586.0
L405S-041,1201497,15:00,62.1,4472.0
L405S-041,1201497,15:05,64.16666666666667,4524.0
L405S-041,1201497,15:10,64.16666666666667,5760.0
L405S-041,1201497,15:15,66.03333333333333,5148.0
L405S-041,1201497,15:20,68.30000000000001,4140.0
L405S-041,1201497,15:25,69.03333333333333,4564.0
L405S-041,1201497,15:30,69.26666666666667,4872.0
L405S-041,1201497,15:35,66.55,4944.0
L405S-041,1201497,15:40,63.10000000000001,4254.0
L405S-041,1201497,15:45,73.2,3804.0
L405S-041,1201497,15:50,65.13333333333334,3300.0
L405S-041,1201497,15:55,69.65,3576.0
L405S-041,1201497,16:00,64.0,2760.0
L405S-041,1201497,16:05,67.60000000000001,2836.0
L405S-041,1201497,16:10,67.2,3292.0
L405S-041,1201497,16:15,70.33333333333333,3356.0
L405S-041,1201497,16:20,60.650000000000006,4320.0
L405S-041,1201497,16:25,55.400000000000006,5160.0
L405S-041,1201497,16:30,57.46666666666667,3728.0
L405S-041,1201497,16:35,58.06666666666666,3820.0
L405S-041,1201497,16:40,57.96666666666667,3828.0
L405S-041,1201497,16:45,62.6,2800.0
L405S-041,1201497,16:50,59.75,3138.0
L405S-041,1201497,16:55,61.05,3240.0
L405S-041,1201497,17:00,54.70000000000001,4424.0
L405S-041,1201497,17:05,56.166666666666664,3472.0
L405S-041,1201497,17:10,65.125,3144.0
L405S-041,1201497,17:15,62.225,2691.0
L405S-041,1201497,17:20,65.6,2496.0
L405S-041,1201497,17:25,61.23333333333333,3232.0
L405S-041,1201497,17:30,58.5,4194.0
L405S-041,1201497,17:35,58.47500000000001,4074.0
L405S-041,1201497,17:40,58.775000000000006,3798.0
L405S-041,1201497,17:45,59.0,3243.0
L405S-041,1201497,17:50,57.575,3105.0
L405S-041,1201497,17:55,54.199999999999996,3320.0
L405S-041,1201497,18:00,45.150000000000006,4260.0
L405S-041,1201497,18:05,47.53333333333333,2848.0
L405S-041,1201497,18:10,58.46666666666667,2028.0
L405S-041,1201497,18:15,66.0,1368.0
L405S-041,1201497,18:20,64.46666666666665,1924.0
L405S-041,1201497,18:25,65.63333333333333,1932.0
L405S-041,1201497,18:30,68.69999999999999,576.0
L405S-041,1201497,18:35,70.03333333333333,972.0
L405S-041,1201497,18:40,63.333333333333336,1260.0
L405S-041,1201497,18:45,69.94999999999999,636.0
L405S-041,1201497,18:50,64.3,2382.0
L405S-041,1201497,18:55,72.1,2238.0
L405S-041,1201497,19:00,69.7,660.0
L405S-041,1201497,19:05,71.1,528.0
L405S-041,1201497,19:10,71.9,2274.0
L405S-041,1201497,19:15,71.2,396.0
L405S-041,1201497,19:20,70.5,552.0
L405S-041,1201497,19:25,69.6,444.0
L405S-041,1201497,19:30,69.3,516.0
L405S-041,1201497,19:35,59.599999999999994,1722.0
L405S-041,1201497,19:40,71.85,2280.0
L405S-041,1201497,19:45,70.83333333333333,1868.0
L405S-041,1201497,19:50,70.1,534.0
L405S-041,1201497,19:55,71.4,1416.0
L405S-041,1201497,20:00,71.45,1338.0
L405S-041,1201497,20:05,68.3,1398.0
L405S-041,1201497,20:10,69.39999999999999,736.0
L405S-041,1201497,20:15,65.06666666666666,1844.0
L405S-041,1201497,20:20,65.2,2517.0
L405S-041,1201497,20:25,72.0,2442.0
L405S-041,1201497,20:30,54.300000000000004,3068.0
L405S-041,1201497,20:35,60.8,2508.0
L405S-041,1201497,20:40,52.95,2958.0
L405S-041,1201497,20:45,55.866666666666674,2508.0
L405S-041,1201497,20:50,51.20000000000001,3744.0
L405S-041,1201497,20:55,54.366666666666674,3888.0
L405S-041,1201497,21:00,61.86666666666667,3976.0
L405S-041,1201497,21:05,61.15,3708.0
L405S-041,1201497,21:10,66.96666666666667,3168.0
L405S-041,1201497,21:15,66.13333333333334,2672.0
L405S-041,1201497,21:20,65.06666666666666,3244.0
L405S-041,1201497,21:25,68.95,4098.0
L405S-041,1201497,21:30,64.55,3798.0
L405S-041,1201497,21:35,62.150000000000006,4728.0
L405S-041,1201497,21:40,64.825,3543.0
L405S-041,1201497,21:45,63.875,3939.0
L405S-041,1201497,21:50,64.16666666666667,4160.0
L405S-041,1201497,21:55,61.800000000000004,4092.0
L405S-041,1201497,22:00,66.15,3804.0
L405S-041,1201497,22:05,64.92500000000001,3879.0
L405S-041,1201497,22:10,69.7,3584.0
L405S-041,1201497,22:15,68.39999999999999,4512.0
L405S-041,1201497,22:20,71.725,4050.0
L405S-041,1201497,22:25,69.1,4839.0
L405S-041,1201497,22:30,69.92500000000001,4554.0
L405S-041,1201497,22:35,71.15,5643.0
L405S-041,1201497,22:40,72.75,6210.0
L405S-041,1201497,22:45,69.75,5178.0
L405S-041,1201497,22:50,66.375,5589.0
L405S-041,1201497,22:55,65.8,6460.0
L405S-041,1201497,23:00,66.46666666666665,6936.0
L405S-041,1201497,23:05,69.46666666666667,7048.0
L405S-041,1201497,23:10,68.26666666666667,7468.0
L405S-041,1201497,23:15,66.95,6594.0
L405S-041,1201497,23:20,69.46666666666665,5688.0
L405S-041,1201497,23:25,67.325,7371.0
L405S-041,1201497,23:30,66.725,7695.0
L405S-041,1201497,23:35,67.33333333333333,8020.0
L405S-041,1201497,23:40,71.13333333333333,10392.0
L405S-041,1201497,23:45,69.03333333333335,9636.0
L405S-041,1201497,23:50,66.7,9704.0
L405S-041,1201497,23:55,66.625,7683.0
L405S-041,1222412,00:00,69.1,4336.8
L405S-041,1222412,00:05,69.34,4245.6
L405S-041,1222412,00:10,69.34,4296.0
L405S-041,1222412,00:15,69.42,4624.8
L405S-041,1222412,00:20,69.16,4677.6
L405S-041,1222412,00:25,69.26,4826.4
L405S-041,1222412,00:30,69.16,4768.8
L405S-041,1222412,00:35,68.92,4857.6
L405S-041,1222412,00:40,69.03999999999999,4797.6
L405S-041,1222412,00:45,69.24,5102.4
L405S-041,1222412,00:50,69.2,4725.6
L405S-041,1222412,00:55,69.26,4497.6
L405S-041,1222412,01:00,69.42,4375.2
L405S-041,1222412,01:05,69.22,4420.8
L405S-041,1222412,01:10,69.22,4380.0
L405S-041,1222412,01:15,69.22,4576.8
L405S-041,1222412,01:20,69.32000000000001,4639.2
L405S-041,1222412,01:25,69.28,4348.8
L405S-041,1222412,01:30,69.34,4682.4
L405S-041,1222412,01:35,69.42,4675.2
L405S-041,1222412,01:40,69.36,4747.2
L405S-041,1222412,01:45,69.34,4728.0
L405S-041,1222412,01:50,69.32000000000001,4540.8
L405S-041,1222412,01:55,69.24000000000001,4344.0
L405S-041,1222412,02:00,69.38,4425.6
L405S-041,1222412,02:05,69.22,4684.8
L405S-041,1222412,02:10,69.16,4948.8
L405S-041,1222412,02:15,68.84,4922.4
L405S-041,1222412,02:20,69.12,5073.6
L405S-041,1222412,02:25,69.2,5232.0
L405S-041,1222412,02:30,69.14,5244.0
L405S-041,1222412,02:35,69.12,5251.2
L405S-041,1222412,02:40,69.12,5232.0
L405S-041,1222412,02:45,68.96000000000001,5414.4
L405S-041,1222412,02:50,68.86,5388.0
L405S-041,1222412,02:55,69.0,5330.4
L405S-041,1222412,03:00,69.03999999999999,5246.4
L405S-041,1222412,03:05,68.97999999999999,5196.0
L405S-041,1222412,03:10,69.02000000000001,5306.4
L405S-041,1222412,03:15,69.03999999999999,5414.4
L405S-041,1222412,03:20,68.88,5224.8
L405S-041,1222412,03:25,68.8,5191.2
L405S-041,1222412,03:30,68.86,5337.6
L405S-041,1222412,03:35,69.1,5448.0
L405S-041,1222412,03:40,68.92,5481.6
L405S-041,1222412,03:45,68.98,5424.0
L405S-041,1222412,03:50,68.97999999999999,5296.8
L405S-041,1222412,03:55,68.92,5330.4
L405S-041,1222412,04:00,68.86,5342.4
L405S-041,1222412,04:05,68.64,5277.6
L405S-041,1222412,04:10,68.52000000000001,5580.0
L405S-041,1222412,04:15,68.5,5510.4
L405S-041,1222412,04:20,68.62,5745.6
L405S-041,1222412,04:25,68.36,5546.4
L405S-041,1222412,04:30,68.44,5560.8
L405S-041,1222412,04:35,68.67999999999999,5464.8
L405S-041,1222412,04:40,68.47999999999999,5685.6
L405S-041,1222412,04:45,68.62,5724.0
L405S-041,1222412,04:50,68.6,5424.0
L405S-041,1222412,04:55,68.62,5534.4
L405S-041,1222412,05:00,68.44,5340.0
L405S-041,1222412,05:05,68.8,5395.2
L405S-041,1222412,05:10,68.56,5572.8
L405S-041,1222412,05:15,68.53999999999999,5683.2
L405S-041,1222412,05:20,68.66,5632.8
L405S-041,1222412,05:25,68.47999999999999,5892.0
L405S-041,1222412,05:30,68.72,5860.8
L405S-041,1222412,05:35,68.53999999999999,6108.0
L405S-041,1222412,05:40,68.64,6009.6
L405S-041,1222412,05:45,68.53999999999999,6163.2
L405S-041,1222412,05:50,68.47999999999999,6225.6
L405S-041,1222412,05:55,68.66,6194.4
L405S-041,1222412,06:00,68.4,6050.4
L405S-041,1222412,06:05,68.66,6232.8
L405S-041,1222412,06:10,68.6,6132.0
L405S-041,1222412,06:15,68.72,6681.6
L405S-041,1222412,06:20,68.53999999999999,6652.8
L405S-041,1222412,06:25,68.67999999999999,6753.6
L405S-041,1222412,06:30,68.67999999999999,6638.4
L405S-041,1222412,06:35,68.74,6828.0
L405S-041,1222412,06:40,68.75999999999999,7204.8
L405S-041,1222412,06:45,68.92,7219.2
L405S-041,1222412,06:50,68.75999999999999,7044.0
L405S-041,1222412,06:55,68.72,6840.0
L405S-041,1222412,07:00,68.75999999999999,6727.2
L405S-041,1222412,07:05,69.2,6676.8
L405S-041,1222412,07:10,69.2,6883.2
L405S-041,1222412,07:15,69.44,6686.4
L405S-041,1222412,07:20,69.44,7032.0
L405S-041,1222412,07:25,69.3,6592.8
L405S-041,1222412,07:30,69.36,6938.4
L405S-041,1222412,07:35,69.32000000000001,6986.4
L405S-041,1222412,07:40,69.34,6969.6
L405S-041,1222412,07:45,69.64,6770.4
L405S-041,1222412,07:50,69.6,7118.4
L405S-041,1222412,07:55,69.7,6715.2
L405S-041,1222412,08:00,69.97999999999999,6628.8
L405S-041,1222412,08:05,70.0,6861.6
L405S-041,1222412,08:10,70.53999999999999,6806.4
L405S-041,1222412,08:15,70.42,6957.6
L405S-041,1222412,08:20,70.6,6619.2
L405S-041,1222412,08:25,70.67999999999999,6506.4
L405S-041,1222412,08:30,70.6,6568.8
L405S-041,1222412,08:35,70.52000000000001,6708.0
L405S-041,1222412,08:40,70.38,6602.4
L405S-041,1222412,08:45,70.5,6256.8
L405S-041,1222412,08:50,70.62,5937.6
L405S-041,1222412,08:55,70.78,6196.8
L405S-041,1222412,09:00,70.72,6038.4
L405S-041,1222412,09:05,70.78,6100.8
L405S-041,1222412,09:10,70.67999999999999,6396.0
L405S-041,1222412,09:15,71.0,5781.6
L405S-041,1222412,09:20,70.97999999999999,5976.0
L405S-041,1222412,09:25,71.02000000000001,5625.6
L405S-041,1222412,09:30,70.9,6312.0
L405S-041,1222412,09:35,71.03999999999999,5892.0
L405S-041,1222412,09:40,71.0,5964.0
L405S-041,1222412,09:45,71.16,5889.6
L405S-041,1222412,09:50,71.1,5496.0
L405S-041,1222412,09:55,71.0,5364.0
L405S-041,1222412,10:00,70.92,5481.6
L405S-041,1222412,10:05,70.84,5587.2
L405S-041,1222412,10:10,70.84,5990.4
L405S-041,1222412,10:15,70.88,5896.8
L405S-041,1222412,10:20,70.84,5930.4
L405S-041,1222412,10:25,71.0,5656.8
L405S-041,1222412,10:30,71.03999999999999,5419.2
L405S-041,1222412,10:35,70.94000000000001,5582.4
L405S-041,1222412,10:40,70.7,5594.4
L405S-041,1222412,10:45,70.6,5505.6
L405S-041,1222412,10:50,70.62,5757.6
L405S-041,1222412,10:55,70.7,5611.2
L405S-041,1222412,11:00,70.64,5755.2
L405S-041,1222412,11:05,70.56,6064.8
L405S-041,1222412,11:10,70.32000000000001,6036.0
L405S-041,1222412,11:15,70.28,6192.0
L405S-041,1222412,11:20,70.22,6369.6
L405S-041,1222412,11:25,70.4,5959.2
L405S-041,1222412,11:30,70.06,5620.8
L405S-041,1222412,11:35,69.9,5611.2
L405S-041,1222412,11:40,69.56,6021.6
L405S-041,1222412,11:45,69.34,6177.6
L405S-041,1222412,11:50,69.32000000000001,5349.6
L405S-041,1222412,11:55,69.16,5988.0
L405S-041,1222412,12:00,69.08,5378.4
L405S-041,1222412,12:05,69.02000000000001,5659.2
L405S-041,1222412,12:10,68.8,5726.4
L405S-041,1222412,12:15,69.1,5817.6
L405S-041,1222412,12:20,69.08,5568.0
L405S-041,1222412,12:25,69.14,5416.8
L405S-041,1222412,12:30,69.1,5287.2
L405S-041,1222412,12:35,68.97999999999999,4980.0
L405S-041,1222412,12:40,69.06,4951.2
L405S-041,1222412,12:45,68.9,4910.4
L405S-041,1222412,12:50,68.62,5388.0
L405S-041,1222412,12:55,68.84,4495.2
L405S-041,1222412,13:00,68.74,4298.4
L405S-041,1222412,13:05,68.76,4411.2
L405S-041,1222412,13:10,68.82000000000001,4452.0
L405S-041,1222412,13:15,68.84,4574.4
L405S-041,1222412,13:20,68.62,4281.6
L405S-041,1222412,13:25,68.86,4344.0
L405S-041,1222412,13:30,68.84,4135.2
L405S-041,1222412,13:35,68.72,3900.0
L405S-041,1222412,13:40,68.5,3799.2
L405S-041,1222412,13:45,68.84,3835.2
L405S-041,1222412,13:50,68.92,3820.8
L405S-041,1222412,13:55,68.62,3964.8
L405S-041,1222412,14:00,68.66,3700.8
L405S-041,1222412,14:05,68.64,3475.2
L405S-041,1222412,14:10,68.64,3636.0
L405S-041,1222412,14:15,68.5,3540.0
L405S-041,1222412,14:20,68.46000000000001,3508.8
L405S-041,1222412,14:25,68.66,3616.8
L405S-041,1222412,14:30,68.36,3427.2
L405S-041,1222412,14:35,68.28,3376.8
L405S-041,1222412,14:40,68.32000000000001,3268.8
L405S-041,1222412,14:45,68.47999999999999,3115.2
L405S-041,1222412,14:50,68.38,3079.2
L405S-041,1222412,14:55,68.5,2815.2
L405S-041,1222412,15:00,68.62,2676.0
L405S-041,1222412,15:05,68.26,2685.6
L405S-041,1222412,15:10,68.42,2956.8
L405S-041,1222412,15:15,68.38,2750.4
L405S-041,1222412,15:20,68.53999999999999,2719.2
L405S-041,1222412,15:25,68.22,2448.0
L405S-041,1222412,15:30,68.1,2044.8
L405S-041,1222412,15:35,68.08,2054.4
L405S-041,1222412,15:40,67.76,1840.8
L405S-041,1222412,15:45,68.5,2066.4
L405S-041,1222412,15:50,68.36,2337.6
L405S-041,1222412,15:55,68.62,2260.8
L405S-041,1222412,16:00,68.34,1768.8
L405S-041,1222412,16:05,68.0,1884.0
L405S-041,1222412,16:10,67.92,1898.4
L405S-041,1222412,16:15,68.14000000000001,1905.6
L405S-041,1222412,16:20,68.56,1752.0
L405S-041,1222412,16:25,68.11999999999999,1528.8
L405S-041,1222412,16:30,68.3,1447.2
L405S-041,1222412,16:35,68.5,1430.4
L405S-041,1222412,16:40,68.4,1540.8
L405S-041,1222412,16:45,68.5,1464.0
L405S-041,1222412,16:50,68.56,1308.0
L405S-041,1222412,16:55,68.22,1128.0
L405S-041,1222412,17:00,68.26,1041.6
L405S-041,1222412,17:05,68.12,1051.2
L405S-041,1222412,17:10,68.2,1082.4
L405S-041,1222412,17:15,68.16,996.0
L405S-041,1222412,17:20,68.28,1003.2
L405S-041,1222412,17:25,68.14,1017.6
L405S-041,1222412,17:30,67.97999999999999,868.8
L405S-041,1222412,17:35,68.46000000000001,931.2
L405S-041,1222412,17:40,68.4,1034.4
L405S-041,1222412,17:45,68.0,837.6
L405S-041,1222412,17:50,68.06,700.8
L405S-041,1222412,17:55,68.14,705.6
L405S-041,1222412,18:00,68.03999999999999,614.4
L405S-041,1222412,18:05,67.74,655.2
L405S-041,1222412,18:10,67.84,729.6
L405S-041,1222412,18:15,68.03999999999999,592.8
L405S-041,1222412,18:20,67.8,561.6
L405S-041,1222412,18:25,67.84,561.6
L405S-041,1222412,18:30,67.84,518.4
L405S-041,1222412,18:35,67.76,552.0
L405S-041,1222412,18:40,67.82000000000001,542.4
L405S-041,1222412,18:45,67.97999999999999,453.6
L405S-041,1222412,18:50,67.7,465.6
L405S-041,1222412,18:55,67.64,427.2
L405S-041,1222412,19:00,67.66,441.6
L405S-041,1222412,19:05,67.76,376.8
L405S-041,1222412,19:10,67.97999999999999,475.2
L405S-041,1222412,19:15,67.6,458.4
L405S-041,1222412,19:20,67.84,420.0
L405S-041,1222412,19:25,67.34,352.8
L405S-041,1222412,19:30,67.64,333.6
L405S-041,1222412,19:35,67.88,388.8
L405S-041,1222412,19:40,67.94,396.0
L405S-041,1222412,19:45,67.78,357.6
L405S-041,1222412,19:50,67.9,340.8
L405S-041,1222412,19:55,67.86,408.0
L405S-041,1222412,20:00,68.06,374.4
L405S-041,1222412,20:05,68.42,345.6
L405S-041,1222412,20:10,68.38,357.6
L405S-041,1222412,20:15,68.02000000000001,350.4
L405S-041,1222412,20:20,68.08,374.4
L405S-041,1222412,20:25,68.12,350.4
L405S-041,1222412,20:30,68.06,379.2
L405S-041,1222412,20:35,67.84,417.6
L405S-041,1222412,20:40,67.88,532.8
L405S-041,1222412,20:45,67.74,578.4
L405S-041,1222412,20:50,67.84,508.8
L405S-041,1222412,20:55,67.84,602.4
L405S-041,1222412,21:00,68.44,530.4
L405S-041,1222412,21:05,68.28,530.4
L405S-041,1222412,21:10,68.53999999999999,612.0
L405S-041,1222412,21:15,68.2,732.0
L405S-041,1222412,21:20,68.76,794.4
L405S-041,1222412,21:25,68.44,945.6
L405S-041,1222412,21:30,68.44,991.2
L405S-041,1222412,21:35,68.35999999999999,996.0
L405S-041,1222412,21:40,68.66,1012.8
L405S-041,1222412,21:45,68.53999999999999,1339.2
L405S-041,1222412,21:50,68.3,1264.8
L405S-041,1222412,21:55,68.6,1336.8
L405S-041,1222412,22:00,68.74,1375.2
L405S-041,1222412,22:05,69.08,1574.4
L405S-041,1222412,22:10,68.76,1665.6
L405S-041,1222412,22:15,69.16,1802.4
L405S-041,1222412,22:20,69.24000000000001,2260.8
L405S-041,1222412,22:25,69.12,1908.0
L405S-041,1222412,22:30,68.97999999999999,2308.8
L405S-041,1222412,22:35,69.02000000000001,2385.6
L405S-041,1222412,22:40,69.14,2647.2
L405S-041,1222412,22:45,68.97999999999999,2580.0
L405S-041,1222412,22:50,69.14,2630.4
L405S-041,1222412,22:55,69.0,2618.4
L405S-041,1222412,23:00,69.03999999999999,2481.6
L405S-041,1222412,23:05,69.24,2661.6
L405S-041,1222412,23:10,69.0,2997.6
L405S-041,1222412,23:15,69.25999999999999,3165.6
L405S-041,1222412,23:20,68.85999999999999,3134.4
L405S-041,1222412,23:25,69.2,3091.2
L405S-041,1222412,23:30,69.08,3866.4
L405S-041,1222412,23:35,69.28,3828.0
L405S-041,1222412,23:40,69.14000000000001,3818.4
L405S-041,1222412,23:45,69.0,4029.6
L405S-041,1222412,23:50,69.02000000000001,3849.6
L405S-041,1222412,23:55,68.97999999999999,3799.2
L405S-055,1214209,00:00,61.32000000000001,8721.6
L405S-055,1214209,00:05,61.000000000000014,9050.4
L405S-055,1214209,00:10,61.6,9206.4
L405S-055,1214209,00:15,62.02,9254.4
L405S-055,1214209,00:20,58.3,9256.8
L405S-055,1214209,00:25,54.17999999999999,9129.6
L405S-055,1214209,00:30,54.6,9501.6
L405S-055,1214209,00:35,48.940000000000005,9400.8
L405S-055,1214209,00:40,41.1,8659.2
L405S-055,1214209,00:45,37.74,9026.4
L405S-055,1214209,00:50,42.0,9098.4
L405S-055,1214209,00:55,41.040000000000006,8558.4
L405S-055,1214209,01:00,42.58,8143.2
L405S-055,1214209,01:05,39.519999999999996,8030.4
L405S-055,1214209,01:10,33.2,7771.2
L405S-055,1214209,01:15,31.340000000000003,7771.2
L405S-055,1214209,01:20,31.18,7915.2
L405S-055,1214209,01:25,37.68,8392.8
L405S-055,1214209,01:30,38.22,8263.2
L405S-055,1214209,01:35,42.339999999999996,8553.6
L405S-055,1214209,01:40,42.72,8522.4
L405S-055,1214209,01:45,43.739999999999995,8476.8
L405S-055,1214209,01:50,46.78,8784.0
L405S-055,1214209,01:55,46.239999999999995,7960.8
L405S-055,1214209,02:00,48.4,7910.4
L405S-055,1214209,02:05,51.36,7759.2
L405S-055,1214209,02:10,52.92,7972.8
L405S-055,1214209,02:15,56.0,8148.0
L405S-055,1214209,02:20,56.96,7756.8
L405S-055,1214209,02:25,59.6,8076.0
L405S-055,1214209,02:30,61.3,7948.8
L405S-055,1214209,02:35,61.08,7668.0
L405S-055,1214209,02:40,61.42,7740.0
L405S-055,1214209,02:45,62.260000000000005,7857.6
L405S-055,1214209,02:50,62.86,7428.0
L405S-055,1214209,02:55,62.9,6885.6
L405S-055,1214209,03:00,62.8,6609.6
L405S-055,1214209,03:05,62.160000000000004,6566.4
L405S-055,1214209,03:10,61.86,6422.4
L405S-055,1214209,03:15,62.4,6876.0
L405S-055,1214209,03:20,62.2,6631.2
L405S-055,1214209,03:25,62.239999999999995,6837.6
L405S-055,1214209,03:30,62.44,6782.4
L405S-055,1214209,03:35,62.2,6806.4
L405S-055,1214209,03:40,62.02,7118.4
L405S-055,1214209,03:45,61.86,7298.4
L405S-055,1214209,03:50,62.64,7072.8
L405S-055,1214209,03:55,61.78000000000001,6909.6
L405S-055,1214209,04:00,61.68000000000001,6535.2
L405S-055,1214209,04:05,62.339999999999996,6732.0
L405S-055,1214209,04:10,62.52,6868.8
L405S-055,1214209,04:15,63.4,6852.0
L405S-055,1214209,04:20,62.4,6907.2
L405S-055,1214209,04:25,63.04,6799.2
L405S-055,1214209,04:30,63.17999999999999,7072.8
L405S-055,1214209,04:35,64.2,7106.4
L405S-055,1214209,04:40,64.56,7288.8
L405S-055,1214209,04:45,63.220000000000006,6998.4
L405S-055,1214209,04:50,63.68000000000001,7478.4
L405S-055,1214209,04:55,63.760000000000005,7236.0
L405S-055,1214209,05:00,62.2,6823.2
L405S-055,1214209,05:05,61.480000000000004,6780.0
L405S-055,1214209,05:10,62.260000000000005,6854.4
L405S-055,1214209,05:15,62.080000000000005,6868.8
L405S-055,1214209,05:20,61.980000000000004,6840.0
L405S-055,1214209,05:25,62.42,6981.6
L405S-055,1214209,05:30,62.339999999999996,7015.2
L405S-055,1214209,05:35,62.46,7173.6
L405S-055,1214209,05:40,62.64000000000001,6957.6
L405S-055,1214209,05:45,62.879999999999995,7358.4
L405S-055,1214209,05:50,64.08000000000001,7188.0
L405S-055,1214209,05:55,64.02000000000001,6900.0
L405S-055,1214209,06:00,63.739999999999995,6876.0
L405S-055,1214209,06:05,63.480000000000004,6110.4
L405S-055,1214209,06:10,63.94,6864.0
L405S-055,1214209,06:15,63.86,7279.2
L405S-055,1214209,06:20,63.6,7276.8
L405S-055,1214209,06:25,63.1,6902.4
L405S-055,1214209,06:30,63.3,6996.0
L405S-055,1214209,06:35,63.239999999999995,7168.8
L405S-055,1214209,06:40,63.52,6852.0
L405S-055,1214209,06:45,64.08,6981.6
L405S-055,1214209,06:50,63.64,6847.2
L405S-055,1214209,06:55,64.46000000000001,6336.0
L405S-055,1214209,07:00,64.36,6240.0
L405S-055,1214209,07:05,63.94,6571.2
L405S-055,1214209,07:10,64.8,6888.0
L405S-055,1214209,07:15,64.03999999999999,7118.4
L405S-055,1214209,07:20,63.94,7164.0
L405S-055,1214209,07:25,63.4,7488.0
L405S-055,1214209,07:30,62.96,7202.4
L405S-055,1214209,07:35,59.839999999999996,7053.6
L405S-055,1214209,07:40,57.08,7024.8
L405S-055,1214209,07:45,56.67999999999999,7096.8
L405S-055,1214209,07:50,55.14000000000001,6780.0
L405S-055,1214209,07:55,55.8,6763.2
L405S-055,1214209,08:00,60.0,6386.4
L405S-055,1214209,08:05,62.34000000000001,6465.6
L405S-055,1214209,08:10,63.86,7008.0
L405S-055,1214209,08:15,64.6,6818.4
L405S-055,1214209,08:20,64.1,7214.4
L405S-055,1214209,08:25,63.9,6912.0
L405S-055,1214209,08:30,64.26,6866.4
L405S-055,1214209,08:35,63.580000000000005,7094.4
L405S-055,1214209,08:40,64.24000000000001,7521.6
L405S-055,1214209,08:45,64.42,7252.8
L405S-055,1214209,08:50,64.10000000000001,7135.2
L405S-055,1214209,08:55,64.14000000000001,6799.2
L405S-055,1214209,09:00,64.66,6770.4
L405S-055,1214209,09:05,64.8,6744.0
L405S-055,1214209,09:10,65.22,7101.6
L405S-055,1214209,09:15,65.03999999999999,7468.8
L405S-055,1214209,09:20,64.88,7221.6
L405S-055,1214209,09:25,64.5,7137.6
L405S-055,1214209,09:30,64.62,6782.4
L405S-055,1214209,09:35,64.82000000000001,6957.6
L405S-055,1214209,09:40,65.02000000000001,7617.6
L405S-055,1214209,09:45,64.76,7528.8
L405S-055,1214209,09:50,64.96000000000001,6962.4
L405S-055,1214209,09:55,64.74,6868.8
L405S-055,1214209,10:00,64.74,6895.2
L405S-055,1214209,10:05,64.62,7008.0
L405S-055,1214209,10:10,64.32000000000001,7533.6
L405S-055,1214209,10:15,64.42,7533.6
L405S-055,1214209,10:20,64.5,7488.0
L405S-055,1214209,10:25,64.6,7063.2
L405S-055,1214209,10:30,65.12,6885.6
L405S-055,1214209,10:35,64.78,6616.8
L405S-055,1214209,10:40,65.34,6480.0
L405S-055,1214209,10:45,65.26,6844.8
L405S-055,1214209,10:50,65.66,6429.6
L405S-055,1214209,10:55,66.16,6091.2
L405S-055,1214209,11:00,65.92,6463.2
L405S-055,1214209,11:05,65.75999999999999,6235.2
L405S-055,1214209,11:10,65.88,6676.8
L405S-055,1214209,11:15,65.72,6760.8
L405S-055,1214209,11:20,66.3,6523.2
L405S-055,1214209,11:25,66.84,6328.8
L405S-055,1214209,11:30,67.16,6355.2
L405S-055,1214209,11:35,67.36,6470.4
L405S-055,1214209,11:40,66.84,6242.4
L405S-055,1214209,11:45,66.38,6316.8
L405S-055,1214209,11:50,66.8,6225.6
L405S-055,1214209,11:55,66.4,6000.0
L405S-055,1214209,12:00,67.02000000000001,5755.2
L405S-055,1214209,12:05,66.1,5988.0
L405S-055,1214209,12:10,66.53999999999999,5930.4
L405S-055,1214209,12:15,66.22,5733.6
L405S-055,1214209,12:20,67.14000000000001,6124.8
L405S-055,1214209,12:25,66.34,5786.4
L405S-055,1214209,12:30,66.72,5913.6
L405S-055,1214209,12:35,66.52000000000001,5529.6
L405S-055,1214209,12:40,66.28,5896.8
L405S-055,1214209,12:45,66.7,5709.6
L405S-055,1214209,12:50,67.22,5788.8
L405S-055,1214209,12:55,66.22,5344.8
L405S-055,1214209,13:00,65.53999999999999,5584.8
L405S-055,1214209,13:05,64.96000000000001,5508.0
L405S-055,1214209,13:10,64.74,5673.6
L405S-055,1214209,13:15,64.48,6086.4
L405S-055,1214209,13:20,64.66,5872.8
L405S-055,1214209,13:25,65.47999999999999,5644.8
L405S-055,1214209,13:30,65.02000000000001,5212.8
L405S-055,1214209,13:35,64.3,5306.4
L405S-055,1214209,13:40,65.08,5253.6
L405S-055,1214209,13:45,64.28,5203.2
L405S-055,1214209,13:50,64.28,4778.4
L405S-055,1214209,13:55,63.68000000000001,4929.6
L405S-055,1214209,14:00,66.52000000000001,5025.6
L405S-055,1214209,14:05,67.78,4660.8
L405S-055,1214209,14:10,68.64,5198.4
L405S-055,1214209,14:15,68.12,4860.0
L405S-055,1214209,14:20,68.72,4946.4
L405S-055,1214209,14:25,68.76,4461.6
L405S-055,1214209,14:30,69.62,4423.2
L405S-055,1214209,14:35,69.66,4387.2
L405S-055,1214209,14:40,69.46000000000001,4236.0
L405S-055,1214209,14:45,69.3,4089.6
L405S-055,1214209,14:50,69.05999999999999,4104.0
L405S-055,1214209,14:55,69.86,3662.4
L405S-055,1214209,15:00,68.82000000000001,3756.0
L405S-055,1214209,15:05,68.17999999999999,3648.0
L405S-055,1214209,15:10,67.7,3840.0
L405S-055,1214209,15:15,66.94,3662.4
L405S-055,1214209,15:20,66.88,3417.6
L405S-055,1214209,15:25,67.64,3763.2
L405S-055,1214209,15:30,68.26,3177.6
L405S-055,1214209,15:35,68.38,2968.8
L405S-055,1214209,15:40,65.58,3045.6
L405S-055,1214209,15:45,67.4,2844.0
L405S-055,1214209,15:50,68.9,2572.8
L405S-055,1214209,15:55,69.6,2551.2
L405S-055,1214209,16:00,69.14,2335.2
L405S-055,1214209,16:05,69.14,2340.0
L405S-055,1214209,16:10,67.46000000000001,2124.0
L405S-055,1214209,16:15,68.67999999999999,2088.0
L405S-055,1214209,16:20,69.74,2032.8
L405S-055,1214209,16:25,69.96000000000001,1941.6
L405S-055,1214209,16:30,70.02000000000001,1912.8
L405S-055,1214209,16:35,70.7,1862.4
L405S-055,1214209,16:40,69.62,1795.2
L405S-055,1214209,16:45,70.4,1718.4
L405S-055,1214209,16:50,70.28,1507.2
L405S-055,1214209,16:55,70.08,1550.4
L405S-055,1214209,17:00,70.28,1497.6
L405S-055,1214209,17:05,70.06,1430.4
L405S-055,1214209,17:10,69.96000000000001,1425.6
L405S-055,1214209,17:15,69.3,1284.0
L405S-055,1214209,17:20,69.36,1320.0
L405S-055,1214209,17:25,68.92,1188.0
L405S-055,1214209,17:30,69.2,1291.2
L405S-055,1214209,17:35,68.75999999999999,1156.8
L405S-055,1214209,17:40,68.28,1190.4
L405S-055,1214209,17:45,69.24,1068.0
L405S-055,1214209,17:50,68.02000000000001,1089.6
L405S-055,1214209,17:55,68.53999999999999,1046.4
L405S-055,1214209,18:00,68.38,945.6
L405S-055,1214209,18:05,68.62,880.8
L405S-055,1214209,18:10,67.66,904.8
L405S-055,1214209,18:15,68.42,782.4
L405S-055,1214209,18:20,68.62,748.8
L405S-055,1214209,18:25,68.34,801.6
L405S-055,1214209,18:30,68.12,686.4
L405S-055,1214209,18:35,68.56,684.0
L405S-055,1214209,18:40,68.16,686.4
L405S-055,1214209,18:45,68.67999999999999,667.2
L405S-055,1214209,18:50,69.03999999999999,571.2
L405S-055,1214209,18:55,69.14,624.0
L405S-055,1214209,19:00,68.92,592.8
L405S-055,1214209,19:05,68.4,602.4
L405S-055,1214209,19:10,68.42,578.4
L405S-055,1214209,19:15,68.62,621.6
L405S-055,1214209,19:20,68.08,616.8
L405S-055,1214209,19:25,67.17999999999999,576.0
L405S-055,1214209,19:30,67.88,592.8
L405S-055,1214209,19:35,67.96000000000001,597.6
L405S-055,1214209,19:40,68.34,700.8
L405S-055,1214209,19:45,69.53999999999999,633.6
L405S-055,1214209,19:50,69.82000000000001,693.6
L405S-055,1214209,19:55,69.86,693.6
L405S-055,1214209,20:00,68.94,616.8
L405S-055,1214209,20:05,68.03999999999999,614.4
L405S-055,1214209,20:10,68.66,640.8
L405S-055,1214209,20:15,68.28,777.6
L405S-055,1214209,20:20,68.62,792.0
L405S-055,1214209,20:25,68.82000000000001,796.8
L405S-055,1214209,20:30,69.52000000000001,931.2
L405S-055,1214209,20:35,69.76,1022.4
L405S-055,1214209,20:40,68.7,1113.6
L405S-055,1214209,20:45,69.62,1216.8
L405S-055,1214209,20:50,70.03999999999999,1312.8
L405S-055,1214209,20:55,71.42,1190.4
L405S-055,1214209,21:00,69.84,1053.6
L405S-055,1214209,21:05,69.66,1111.2
L405S-055,1214209,21:10,69.02000000000001,1310.4
L405S-055,1214209,21:15,70.05999999999999,1483.2
L405S-055,1214209,21:20,70.08,1665.6
L405S-055,1214209,21:25,69.67999999999999,1756.8
L405S-055,1214209,21:30,69.41999999999999,2215.2
L405S-055,1214209,21:35,69.86,2692.8
L405S-055,1214209,21:40,70.67999999999999,3009.6
L405S-055,1214209,21:45,70.12,3295.2
L405S-055,1214209,21:50,69.72,2911.2
L405S-055,1214209,21:55,68.78,2731.2
L405S-055,1214209,22:00,68.1,2352.0
L405S-055,1214209,22:05,68.22,2611.2
L405S-055,1214209,22:10,68.22,2858.4
L405S-055,1214209,22:15,70.16,3160.8
L405S-055,1214209,22:20,70.34,3609.6
L405S-055,1214209,22:25,68.84,3902.4
L405S-055,1214209,22:30,68.56,4202.4
L405S-055,1214209,22:35,68.12,4617.6
L405S-055,1214209,22:40,68.0,5337.6
L405S-055,1214209,22:45,67.96,4968.0
L405S-055,1214209,22:50,69.53999999999999,5006.4
L405S-055,1214209,22:55,69.94,4881.6
L405S-055,1214209,23:00,67.6,5131.2
L405S-055,1214209,23:05,66.67999999999999,5484.0
L405S-055,1214209,23:10,65.12,6213.6
L405S-055,1214209,23:15,64.9,6043.2
L405S-055,1214209,23:20,64.88,6456.0
L405S-055,1214209,23:25,64.56,7080.0
L405S-055,1214209,23:30,64.7,7545.6
L405S-055,1214209,23:35,63.1,7200.0
L405S-055,1214209,23:40,63.5,8572.8
L405S-055,1214209,23:45,64.32000000000001,8517.6
L405S-055,1214209,23:50,63.54,8277.6
L405S-055,1214209,23:55,63.1,8104.8
L405S-061,1201350,00:00,63.82000000000001,5851.2
L405S-061,1201350,00:05,62.620000000000005,5978.4
L405S-061,1201350,00:10,62.14,6408.0
L405S-061,1201350,00:15,61.9,6698.4
L405S-061,1201350,00:20,61.980000000000004,6588.0
L405S-061,1201350,00:25,61.68000000000001,6712.8
L405S-061,1201350,00:30,61.92,6696.0
L405S-061,1201350,00:35,61.739999999999995,6854.4
L405S-061,1201350,00:40,62.160000000000004,6571.2
L405S-061,1201350,00:45,61.720000000000006,6631.2
L405S-061,1201350,00:50,61.620000000000005,6621.6
L405S-061,1201350,00:55,61.760000000000005,6235.2
L405S-061,1201350,01:00,61.36,5954.4
L405S-061,1201350,01:05,61.94000000000001,5937.6
L405S-061,1201350,01:10,61.98,6040.8
L405S-061,1201350,01:15,62.459999999999994,5803.2
L405S-061,1201350,01:20,62.2,5935.2
L405S-061,1201350,01:25,61.84000000000001,6259.2
L405S-061,1201350,01:30,61.080000000000005,6254.4
L405S-061,1201350,01:35,61.68000000000001,6199.2
L405S-061,1201350,01:40,61.38000000000001,6352.8
L405S-061,1201350,01:45,61.7,6235.2
L405S-061,1201350,01:50,61.6,5952.0
L405S-061,1201350,01:55,62.42,5668.8
L405S-061,1201350,02:00,62.17999999999999,5400.0
L405S-061,1201350,02:05,61.98,5436.0
L405S-061,1201350,02:10,61.94000000000001,5572.8
L405S-061,1201350,02:15,61.56,5841.6
L405S-061,1201350,02:20,62.160000000000004,5457.6
L405S-061,1201350,02:25,62.64,5316.0
L405S-061,1201350,02:30,63.18000000000001,5236.8
L405S-061,1201350,02:35,63.17999999999999,5272.8
L405S-061,1201350,02:40,63.8,5544.0
L405S-061,1201350,02:45,63.98,5527.2
L405S-061,1201350,02:50,64.34,5407.2
L405S-061,1201350,02:55,64.6,5016.0
L405S-061,1201350,03:00,64.64,4754.4
L405S-061,1201350,03:05,64.98,4852.8
L405S-061,1201350,03:10,64.64,5006.4
L405S-061,1201350,03:15,64.5,4965.6
L405S-061,1201350,03:20,64.64000000000001,5018.4
L405S-061,1201350,03:25,64.9,4932.0
L405S-061,1201350,03:30,64.67999999999999,4903.2
L405S-061,1201350,03:35,64.92,4792.8
L405S-061,1201350,03:40,65.26,5076.0
L405S-061,1201350,03:45,64.46000000000001,5289.6
L405S-061,1201350,03:50,65.1,5265.6
L405S-061,1201350,03:55,64.62,5116.8
L405S-061,1201350,04:00,64.84,4963.2
L405S-061,1201350,04:05,65.34,4850.4
L405S-061,1201350,04:10,65.64,5025.6
L405S-061,1201350,04:15,65.4,5366.4
L405S-061,1201350,04:20,64.47999999999999,4980.0
L405S-061,1201350,04:25,65.0,5028.0
L405S-061,1201350,04:30,65.22,5311.2
L405S-061,1201350,04:35,65.72,5496.0
L405S-061,1201350,04:40,65.34,5073.6
L405S-061,1201350,04:45,65.47999999999999,5176.8
L405S-061,1201350,04:50,65.47999999999999,5299.2
L405S-061,1201350,04:55,65.56,5548.8
L405S-061,1201350,05:00,65.0,5116.8
L405S-061,1201350,05:05,65.6,5236.8
L405S-061,1201350,05:10,65.32000000000001,5407.2
L405S-061,1201350,05:15,65.6,5431.2
L405S-061,1201350,05:20,65.8,5325.6
L405S-061,1201350,05:25,65.7,5383.2
L405S-061,1201350,05:30,65.53999999999999,5395.2
L405S-061,1201350,05:35,65.74,5524.8
L405S-061,1201350,05:40,65.64,5656.8
L405S-061,1201350,05:45,66.0,5371.2
L405S-061,1201350,05:50,66.52000000000001,5532.0
L405S-061,1201350,05:55,66.55999999999999,5244.0
L405S-061,1201350,06:00,66.17999999999999,5251.2
L405S-061,1201350,06:05,66.32000000000001,5248.8
L405S-061,1201350,06:10,67.16,4982.4
L405S-061,1201350,06:15,67.08,5575.2
L405S-061,1201350,06:20,66.62,5678.4
L405S-061,1201350,06:25,66.5,5767.2
L405S-061,1201350,06:30,66.22,5601.6
L405S-061,1201350,06:35,66.12,5944.8
L405S-061,1201350,06:40,66.1,5589.6
L405S-061,1201350,06:45,66.4,5719.2
L405S-061,1201350,06:50,66.58,5692.8
L405S-061,1201350,06:55,67.08000000000001,5584.8
L405S-061,1201350,07:00,67.32000000000001,5220.0
L405S-061,1201350,07:05,67.22,5587.2
L405S-061,1201350,07:10,67.26,5776.8
L405S-061,1201350,07:15,66.74,6019.2
L405S-061,1201350,07:20,66.53999999999999,6024.0
L405S-061,1201350,07:25,64.7,6388.8
L405S-061,1201350,07:30,62.34000000000001,6189.6
L405S-061,1201350,07:35,60.4,5985.6
L405S-061,1201350,07:40,57.52,5932.8
L405S-061,1201350,07:45,58.779999999999994,6808.8
L405S-061,1201350,07:50,59.620000000000005,6571.2
L405S-061,1201350,07:55,62.580000000000005,6148.8
L405S-061,1201350,08:00,63.7,6158.4
L405S-061,1201350,08:05,65.62,5817.6
L405S-061,1201350,08:10,66.32000000000001,6261.6
L405S-061,1201350,08:15,66.08,6247.2
L405S-061,1201350,08:20,66.0,6153.6
L405S-061,1201350,08:25,66.4,6304.8
L405S-061,1201350,08:30,66.6,5947.2
L405S-061,1201350,08:35,66.58,5978.4
L405S-061,1201350,08:40,65.76,6492.0
L405S-061,1201350,08:45,65.5,6316.8
L405S-061,1201350,08:50,66.22,6264.0
L405S-061,1201350,08:55,66.12,5983.2
L405S-061,1201350,09:00,66.56,5872.8
L405S-061,1201350,09:05,66.42,6350.4
L405S-061,1201350,09:10,66.34,6441.6
L405S-061,1201350,09:15,65.82000000000001,6660.0
L405S-061,1201350,09:20,65.26,6405.6
L405S-061,1201350,09:25,65.46000000000001,6127.2
L405S-061,1201350,09:30,65.06,6225.6
L405S-061,1201350,09:35,65.24,6396.0
L405S-061,1201350,09:40,64.82000000000001,6633.6
L405S-061,1201350,09:45,63.02,6796.8
L405S-061,1201350,09:50,60.8,6477.6
L405S-061,1201350,09:55,58.739999999999995,6290.4
L405S-061,1201350,10:00,57.46,5961.6
L405S-061,1201350,10:05,57.24000000000001,6036.0
L405S-061,1201350,10:10,54.82000000000001,6537.6
L405S-061,1201350,10:15,52.720000000000006,6679.2
L405S-061,1201350,10:20,50.3,6333.6
L405S-061,1201350,10:25,47.519999999999996,6136.8
L405S-061,1201350,10:30,45.58,5834.4
L405S-061,1201350,10:35,43.46,5752.8
L405S-061,1201350,10:40,40.620000000000005,5673.6
L405S-061,1201350,10:45,41.279999999999994,5616.0
L405S-061,1201350,10:50,46.019999999999996,5731.2
L405S-061,1201350,10:55,50.32000000000001,5620.8
L405S-061,1201350,11:00,53.54,5582.4
L405S-061,1201350,11:05,58.52,5344.8
L405S-061,1201350,11:10,62.7,5649.6
L405S-061,1201350,11:15,65.42,5863.2
L405S-061,1201350,11:20,67.3,5515.2
L405S-061,1201350,11:25,68.3,5344.8
L405S-061,1201350,11:30,69.12,5352.0
L405S-061,1201350,11:35,69.88,5299.2
L405S-061,1201350,11:40,70.08,5330.4
L405S-061,1201350,11:45,70.36,5527.2
L405S-061,1201350,11:50,70.3,5208.0
L405S-061,1201350,11:55,70.2,4800.0
L405S-061,1201350,12:00,70.53999999999999,4857.6
L405S-061,1201350,12:05,70.22,4912.8
L405S-061,1201350,12:10,70.38,5073.6
L405S-061,1201350,12:15,70.94,4764.0
L405S-061,1201350,12:20,70.94,4677.6
L405S-061,1201350,12:25,70.78,4634.4
L405S-061,1201350,12:30,70.58,4711.2
L405S-061,1201350,12:35,70.56,4687.2
L405S-061,1201350,12:40,70.55999999999999,4476.0
L405S-061,1201350,12:45,70.92,4406.4
L405S-061,1201350,12:50,71.06,4329.6
L405S-061,1201350,12:55,70.86,4413.6
L405S-061,1201350,13:00,71.64,4039.2
L405S-061,1201350,13:05,71.06,4120.8
L405S-061,1201350,13:10,70.7,4298.4
L405S-061,1201350,13:15,70.58,4245.6
L405S-061,1201350,13:20,70.02000000000001,4418.4
L405S-061,1201350,13:25,69.4,4305.6
L405S-061,1201350,13:30,69.3,4087.2
L405S-061,1201350,13:35,70.0,4053.6
L405S-061,1201350,13:40,69.5,4084.8
L405S-061,1201350,13:45,70.08,3864.0
L405S-061,1201350,13:50,69.34,3842.4
L405S-061,1201350,13:55,70.16,3789.6
L405S-061,1201350,14:00,69.96000000000001,3818.4
L405S-061,1201350,14:05,70.02000000000001,3660.0
L405S-061,1201350,14:10,70.38,3799.2
L405S-061,1201350,14:15,70.66,4039.2
L405S-061,1201350,14:20,70.62,3876.0
L405S-061,1201350,14:25,70.96000000000001,3537.6
L405S-061,1201350,14:30,70.7,3444.0
L405S-061,1201350,14:35,70.72,3470.4
L405S-061,1201350,14:40,70.54,3199.2
L405S-061,1201350,14:45,71.36,3216.0
L405S-061,1201350,14:50,71.42,3105.6
L405S-061,1201350,14:55,71.52000000000001,2959.2
L405S-061,1201350,15:00,71.26,3028.8
L405S-061,1201350,15:05,71.52000000000001,2812.8
L405S-061,1201350,15:10,71.0,2959.2
L405S-061,1201350,15:15,70.97999999999999,2853.6
L405S-061,1201350,15:20,71.0,2654.4
L405S-061,1201350,15:25,70.1,2752.8
L405S-061,1201350,15:30,70.67999999999999,2570.4
L405S-061,1201350,15:35,70.94,2464.8
L405S-061,1201350,15:40,71.42,2354.4
L405S-061,1201350,15:45,70.4,2496.0
L405S-061,1201350,15:50,70.9,2407.2
L405S-061,1201350,15:55,71.5,2114.4
L405S-061,1201350,16:00,71.74,2030.4
L405S-061,1201350,16:05,71.8,1980.0
L405S-061,1201350,16:10,71.06,1860.0
L405S-061,1201350,16:15,71.5,1713.6
L405S-061,1201350,16:20,72.4,1639.2
L405S-061,1201350,16:25,71.32000000000001,1519.2
L405S-061,1201350,16:30,71.22,1468.8
L405S-061,1201350,16:35,72.34,1411.2
L405S-061,1201350,16:40,71.92,1406.4
L405S-061,1201350,16:45,71.88,1401.6
L405S-061,1201350,16:50,72.03999999999999,1332.0
L405S-061,1201350,16:55,71.86,1183.2
L405S-061,1201350,17:00,72.78,1094.4
L405S-061,1201350,17:05,72.34,1032.0
L405S-061,1201350,17:10,72.2,1070.4
L405S-061,1201350,17:15,72.58,1082.4
L405S-061,1201350,17:20,71.76,1094.4
L405S-061,1201350,17:25,72.52000000000001,945.6
L405S-061,1201350,17:30,71.76,1010.4
L405S-061,1201350,17:35,70.6,914.4
L405S-061,1201350,17:40,70.3,832.8
L405S-061,1201350,17:45,70.53999999999999,854.4
L405S-061,1201350,17:50,70.34,861.6
L405S-061,1201350,17:55,70.76,811.2
L405S-061,1201350,18:00,70.78,780.0
L405S-061,1201350,18:05,70.26,691.2
L405S-061,1201350,18:10,72.0,655.2
L405S-061,1201350,18:15,71.56,684.0
L405S-061,1201350,18:20,71.9,633.6
L405S-061,1201350,18:25,71.92,549.6
L405S-061,1201350,18:30,71.5,571.2
L405S-061,1201350,18:35,72.08,530.4
L405S-061,1201350,18:40,71.56,566.4
L405S-061,1201350,18:45,71.7,566.4
L405S-061,1201350,18:50,71.72,492.0
L405S-061,1201350,18:55,72.02000000000001,544.8
L405S-061,1201350,19:00,72.78,444.0
L405S-061,1201350,19:05,72.0,475.2
L405S-061,1201350,19:10,72.24,513.6
L405S-061,1201350,19:15,72.64000000000001,468.0
L405S-061,1201350,19:20,72.02000000000001,470.4
L405S-061,1201350,19:25,72.22,456.0
L405S-061,1201350,19:30,71.8,434.4
L405S-061,1201350,19:35,72.08,489.6
L405S-061,1201350,19:40,72.02000000000001,496.8
L405S-061,1201350,19:45,72.52,436.8
L405S-061,1201350,19:50,72.47999999999999,482.4
L405S-061,1201350,19:55,72.6,420.0
L405S-061,1201350,20:00,72.26,468.0
L405S-061,1201350,20:05,72.47999999999999,427.2
L405S-061,1201350,20:10,72.44,391.2
L405S-061,1201350,20:15,72.44,463.2
L405S-061,1201350,20:20,73.12,405.6
L405S-061,1201350,20:25,72.86,568.8
L405S-061,1201350,20:30,72.8,576.0
L405S-061,1201350,20:35,71.75999999999999,559.2
L405S-061,1201350,20:40,72.88,614.4
L405S-061,1201350,20:45,72.24,676.8
L405S-061,1201350,20:50,72.76,631.2
L405S-061,1201350,20:55,72.08,662.4
L405S-061,1201350,21:00,72.74,559.2
L405S-061,1201350,21:05,72.94,633.6
L405S-061,1201350,21:10,72.34,652.8
L405S-061,1201350,21:15,72.17999999999999,792.0
L405S-061,1201350,21:20,72.82000000000001,883.2
L405S-061,1201350,21:25,72.1,986.4
L405S-061,1201350,21:30,72.34,1101.6
L405S-061,1201350,21:35,72.38,1449.6
L405S-061,1201350,21:40,72.58,1670.4
L405S-061,1201350,21:45,72.6,1600.8
L405S-061,1201350,21:50,73.41999999999999,1490.4
L405S-061,1201350,21:55,71.88,1404.0
L405S-061,1201350,22:00,71.0,1214.4
L405S-061,1201350,22:05,69.62,1509.6
L405S-061,1201350,22:10,69.7,1677.6
L405S-061,1201350,22:15,70.1,1768.8
L405S-061,1201350,22:20,71.36,1996.8
L405S-061,1201350,22:25,70.53999999999999,2210.4
L405S-061,1201350,22:30,70.72,2524.8
L405S-061,1201350,22:35,70.24,2736.0
L405S-061,1201350,22:40,71.4,3216.0
L405S-061,1201350,22:45,71.74,3103.2
L405S-061,1201350,22:50,73.14,2901.6
L405S-061,1201350,22:55,73.03999999999999,2961.6
L405S-061,1201350,23:00,71.47999999999999,3064.8
L405S-061,1201350,23:05,70.22,3264.0
L405S-061,1201350,23:10,68.64,3681.6
L405S-061,1201350,23:15,67.68,3916.8
L405S-061,1201350,23:20,67.92,4060.8
L405S-061,1201350,23:25,67.53999999999999,4399.2
L405S-061,1201350,23:30,67.03999999999999,4802.4
L405S-061,1201350,23:35,66.44000000000001,5018.4
L405S-061,1201350,23:40,66.92,5539.2
L405S-061,1201350,23:45,66.08,5884.8
L405S-061,1201350,23:50,66.6,5678.4
L405S-061,1201350,23:55,65.92,5251.2
L405S-108,1201620,00:00,58.06,9319.2
L405S-108,1201620,00:05,57.5,9132.0
L405S-108,1201620,00:10,57.580000000000005,9489.6
L405S-108,1201620,00:15,58.720000000000006,9127.2
L405S-108,1201620,00:20,58.239999999999995,9324.0
L405S-108,1201620,00:25,57.18000000000001,9628.8
L405S-108,1201620,00:30,56.739999999999995,9096.0
L405S-108,1201620,00:35,54.160000000000004,8702.4
L405S-108,1201620,00:40,53.660000000000004,8421.6
L405S-108,1201620,00:45,52.82000000000001,8438.4
L405S-108,1201620,00:50,50.36,7233.6
L405S-108,1201620,00:55,49.339999999999996,7800.0
L405S-108,1201620,01:00,50.0,7262.4
L405S-108,1201620,01:05,49.32,7888.8
L405S-108,1201620,01:10,49.28,8092.8
L405S-108,1201620,01:15,49.68000000000001,7869.6
L405S-108,1201620,01:20,50.86,8347.2
L405S-108,1201620,01:25,49.94,7836.0
L405S-108,1201620,01:30,48.4,7845.6
L405S-108,1201620,01:35,46.620000000000005,7704.0
L405S-108,1201620,01:40,44.78,7159.2
L405S-108,1201620,01:45,46.68,7641.6
L405S-108,1201620,01:50,48.08,7459.2
L405S-108,1201620,01:55,48.58,7819.2
L405S-108,1201620,02:00,51.739999999999995,7192.8
L405S-108,1201620,02:05,53.260000000000005,8284.8
L405S-108,1201620,02:10,55.8,7812.0
L405S-108,1201620,02:15,56.160000000000004,7915.2
L405S-108,1201620,02:20,58.06,8239.2
L405S-108,1201620,02:25,59.82000000000001,8136.0
L405S-108,1201620,02:30,57.34000000000001,8090.4
L405S-108,1201620,02:35,58.279999999999994,8428.8
L405S-108,1201620,02:40,59.52,8570.4
L405S-108,1201620,02:45,60.620000000000005,8901.6
L405S-108,1201620,02:50,61.3,8611.2
L405S-108,1201620,02:55,62.160000000000004,7840.8
L405S-108,1201620,03:00,62.720000000000006,7725.6
L405S-108,1201620,03:05,63.04,7156.8
L405S-108,1201620,03:10,62.620000000000005,7876.8
L405S-108,1201620,03:15,63.220000000000006,7219.2
L405S-108,1201620,03:20,63.18000000000001,7639.2
L405S-108,1201620,03:25,62.779999999999994,7718.4
L405S-108,1201620,03:30,62.92,7872.0
L405S-108,1201620,03:35,62.56,7543.2
L405S-108,1201620,03:40,61.839999999999996,8359.2
L405S-108,1201620,03:45,61.7,8380.8
L405S-108,1201620,03:50,60.17999999999999,7934.4
L405S-108,1201620,03:55,61.17999999999999,7538.4
L405S-108,1201620,04:00,61.74000000000001,7334.4
L405S-108,1201620,04:05,62.42,7245.6
L405S-108,1201620,04:10,62.480000000000004,7821.6
L405S-108,1201620,04:15,62.6,7600.8
L405S-108,1201620,04:20,63.120000000000005,7634.4
L405S-108,1201620,04:25,63.24000000000001,7399.2
L405S-108,1201620,04:30,62.980000000000004,7701.6
L405S-108,1201620,04:35,62.2,7665.6
L405S-108,1201620,04:40,61.760000000000005,7584.0
L405S-108,1201620,04:45,61.78000000000001,8119.2
L405S-108,1201620,04:50,62.18000000000001,8078.4
L405S-108,1201620,04:55,62.82000000000001,7332.0
L405S-108,1201620,05:00,63.17999999999999,6960.0
L405S-108,1201620,05:05,63.3,6844.8
L405S-108,1201620,05:10,63.92,7171.2
L405S-108,1201620,05:15,63.58,7310.4
L405S-108,1201620,05:20,63.25999999999999,7701.6
L405S-108,1201620,05:25,63.6,7188.0
L405S-108,1201620,05:30,63.58,7353.6
L405S-108,1201620,05:35,63.42,7125.6
L405S-108,1201620,05:40,63.52,7204.8
L405S-108,1201620,05:45,64.03999999999999,7629.6
L405S-108,1201620,05:50,63.739999999999995,7550.4
L405S-108,1201620,05:55,63.64,7317.6
L405S-108,1201620,06:00,63.8,7308.0
L405S-108,1201620,06:05,63.94,7008.0
L405S-108,1201620,06:10,63.720000000000006,6866.4
L405S-108,1201620,06:15,60.7,6859.2
L405S-108,1201620,06:20,59.339999999999996,7056.0
L405S-108,1201620,06:25,60.36,7252.8
L405S-108,1201620,06:30,62.2,7118.4
L405S-108,1201620,06:35,63.48,7099.2
L405S-108,1201620,06:40,63.96,7591.2
L405S-108,1201620,06:45,61.02,7120.8
L405S-108,1201620,06:50,60.260000000000005,6981.6
L405S-108,1201620,06:55,59.5,6616.8
L405S-108,1201620,07:00,58.239999999999995,6506.4
L405S-108,1201620,07:05,57.8,6348.0
L405S-108,1201620,07:10,57.58,6501.6
L405S-108,1201620,07:15,57.56,6427.2
L405S-108,1201620,07:20,58.46,6772.8
L405S-108,1201620,07:25,58.7,6734.4
L405S-108,1201620,07:30,59.36,7437.6
L405S-108,1201620,07:35,60.96,7389.6
L405S-108,1201620,07:40,63.4,7464.0
L405S-108,1201620,07:45,64.16,7574.4
L405S-108,1201620,07:50,64.86,6957.6
L405S-108,1201620,07:55,65.4,6960.0
L405S-108,1201620,08:00,65.82000000000001,6691.2
L405S-108,1201620,08:05,65.92,6859.2
L405S-108,1201620,08:10,65.78,7034.4
L405S-108,1201620,08:15,65.1,7473.6
L405S-108,1201620,08:20,65.34,7111.2
L405S-108,1201620,08:25,65.5,7140.0
L405S-108,1201620,08:30,65.44000000000001,7209.6
L405S-108,1201620,08:35,66.12,7147.2
L405S-108,1201620,08:40,66.08000000000001,7346.4
L405S-108,1201620,08:45,65.84,7596.0
L405S-108,1201620,08:50,65.32000000000001,7639.2
L405S-108,1201620,08:55,65.72,7046.4
L405S-108,1201620,09:00,66.16,6691.2
L405S-108,1201620,09:05,66.2,6739.2
L405S-108,1201620,09:10,66.08,7296.0
L405S-108,1201620,09:15,66.38000000000001,7576.8
L405S-108,1201620,09:20,65.88,7336.8
L405S-108,1201620,09:25,66.24000000000001,7310.4
L405S-108,1201620,09:30,66.66,7214.4
L405S-108,1201620,09:35,66.2,7125.6
L405S-108,1201620,09:40,65.94,7492.8
L405S-108,1201620,09:45,66.32000000000001,7456.8
L405S-108,1201620,09:50,66.8,7346.4
L405S-108,1201620,09:55,66.82000000000001,7322.4
L405S-108,1201620,10:00,66.72,7204.8
L405S-108,1201620,10:05,66.97999999999999,7128.0
L405S-108,1201620,10:10,67.03999999999999,7219.2
L405S-108,1201620,10:15,66.7,7689.6
L405S-108,1201620,10:20,66.64000000000001,7406.4
L405S-108,1201620,10:25,66.94000000000001,7509.6
L405S-108,1201620,10:30,67.34,7108.8
L405S-108,1201620,10:35,67.5,6924.0
L405S-108,1201620,10:40,67.53999999999999,7080.0
L405S-108,1201620,10:45,67.32000000000001,7077.6
L405S-108,1201620,10:50,67.36,6652.8
L405S-108,1201620,10:55,67.86,6595.2
L405S-108,1201620,11:00,68.03999999999999,6384.0
L405S-108,1201620,11:05,68.12,6429.6
L405S-108,1201620,11:10,68.2,6477.6
L405S-108,1201620,11:15,68.26,6420.0
L405S-108,1201620,11:20,68.72,6235.2
L405S-108,1201620,11:25,68.98,6124.8
L405S-108,1201620,11:30,69.03999999999999,6139.2
L405S-108,1201620,11:35,68.76,6024.0
L405S-108,1201620,11:40,69.1,6117.6
L405S-108,1201620,11:45,69.28,5875.2
L405S-108,1201620,11:50,69.42,5695.2
L405S-108,1201620,11:55,69.76,5299.2
L405S-108,1201620,12:00,69.88,5551.2
L405S-108,1201620,12:05,70.28,5212.8
L405S-108,1201620,12:10,70.32000000000001,5157.6
L405S-108,1201620,12:15,69.84,5395.2
L405S-108,1201620,12:20,69.74,5212.8
L405S-108,1201620,12:25,70.32000000000001,4992.0
L405S-108,1201620,12:30,70.34,4922.4
L405S-108,1201620,12:35,70.38000000000001,5133.6
L405S-108,1201620,12:40,70.94,4855.2
L405S-108,1201620,12:45,70.8,4951.2
L405S-108,1201620,12:50,71.28,4843.2
L405S-108,1201620,12:55,71.03999999999999,4790.4
L405S-108,1201620,13:00,71.36,4588.8
L405S-108,1201620,13:05,71.36,4449.6
L405S-108,1201620,13:10,71.2,4586.4
L405S-108,1201620,13:15,71.0,4610.4
L405S-108,1201620,13:20,70.03999999999999,4646.4
L405S-108,1201620,13:25,70.32000000000001,4180.8
L405S-108,1201620,13:30,70.78,4341.6
L405S-108,1201620,13:35,69.92,4226.4
L405S-108,1201620,13:40,69.64,4250.4
L405S-108,1201620,13:45,69.17999999999999,4188.0
L405S-108,1201620,13:50,69.6,3962.4
L405S-108,1201620,13:55,69.46000000000001,4041.6
L405S-108,1201620,14:00,69.9,3955.2
L405S-108,1201620,14:05,70.44000000000001,3986.4
L405S-108,1201620,14:10,70.88,4027.2
L405S-108,1201620,14:15,70.0,3921.6
L405S-108,1201620,14:20,70.92,3792.0
L405S-108,1201620,14:25,70.46000000000001,3938.4
L405S-108,1201620,14:30,70.97999999999999,3643.2
L405S-108,1201620,14:35,70.42,3772.8
L405S-108,1201620,14:40,70.64,3753.6
L405S-108,1201620,14:45,71.28,3636.0
L405S-108,1201620,14:50,71.46000000000001,3468.0
L405S-108,1201620,14:55,71.32000000000001,3484.8
L405S-108,1201620,15:00,70.72,3076.8
L405S-108,1201620,15:05,70.54,3124.8
L405S-108,1201620,15:10,69.94,3424.8
L405S-108,1201620,15:15,69.88,3110.4
L405S-108,1201620,15:20,70.14,3184.8
L405S-108,1201620,15:25,70.44,2872.8
L405S-108,1201620,15:30,71.1,2784.0
L405S-108,1201620,15:35,70.9,2841.6
L405S-108,1201620,15:40,71.1,2755.2
L405S-108,1201620,15:45,70.8,2515.2
L405S-108,1201620,15:50,71.72,2584.8
L405S-108,1201620,15:55,71.3,2469.6
L405S-108,1201620,16:00,70.66,2263.2
L405S-108,1201620,16:05,70.58,2164.8
L405S-108,1201620,16:10,70.56,2042.4
L405S-108,1201620,16:15,70.53999999999999,2155.2
L405S-108,1201620,16:20,71.02000000000001,1982.4
L405S-108,1201620,16:25,70.64000000000001,2054.4
L405S-108,1201620,16:30,71.34,1903.2
L405S-108,1201620,16:35,71.64,1848.0
L405S-108,1201620,16:40,71.02000000000001,1759.2
L405S-108,1201620,16:45,71.96000000000001,1615.2
L405S-108,1201620,16:50,71.12,1706.4
L405S-108,1201620,16:55,71.46,1593.6
L405S-108,1201620,17:00,71.64,1468.8
L405S-108,1201620,17:05,71.76,1396.8
L405S-108,1201620,17:10,71.53999999999999,1442.4
L405S-108,1201620,17:15,71.14,1399.2
L405S-108,1201620,17:20,70.8,1269.6
L405S-108,1201620,17:25,70.78,1404.0
L405S-108,1201620,17:30,70.24,1281.6
L405S-108,1201620,17:35,70.1,1238.4
L405S-108,1201620,17:40,69.72,1267.2
L405S-108,1201620,17:45,69.28,1120.8
L405S-108,1201620,17:50,69.22,1087.2
L405S-108,1201620,17:55,69.32000000000001,1123.2
L405S-108,1201620,18:00,69.2,916.8
L405S-108,1201620,18:05,70.22,871.2
L405S-108,1201620,18:10,69.44,876.0
L405S-108,1201620,18:15,69.42,804.0
L405S-108,1201620,18:20,69.9,729.6
L405S-108,1201620,18:25,69.5,727.2
L405S-108,1201620,18:30,69.46,633.6
L405S-108,1201620,18:35,69.36,792.0
L405S-108,1201620,18:40,68.82000000000001,628.8
L405S-108,1201620,18:45,69.53999999999999,626.4
L405S-108,1201620,18:50,70.17999999999999,561.6
L405S-108,1201620,18:55,69.78,619.2
L405S-108,1201620,19:00,70.03999999999999,523.2
L405S-108,1201620,19:05,69.78,588.0
L405S-108,1201620,19:10,70.34,602.4
L405S-108,1201620,19:15,69.16,609.6
L405S-108,1201620,19:20,69.64,535.2
L405S-108,1201620,19:25,69.84,607.2
L405S-108,1201620,19:30,70.03999999999999,590.4
L405S-108,1201620,19:35,69.62,643.2
L405S-108,1201620,19:40,69.94,600.0
L405S-108,1201620,19:45,69.78,600.0
L405S-108,1201620,19:50,70.56,640.8
L405S-108,1201620,19:55,69.84,648.0
L405S-108,1201620,20:00,69.96000000000001,568.8
L405S-108,1201620,20:05,69.66,556.8
L405S-108,1201620,20:10,70.3,602.4
L405S-108,1201620,20:15,69.84,607.2
L405S-108,1201620,20:20,69.55999999999999,715.2
L405S-108,1201620,20:25,70.35999999999999,840.0
L405S-108,1201620,20:30,69.62,859.2
L405S-108,1201620,20:35,70.08,895.2
L405S-108,1201620,20:40,69.88,1118.4
L405S-108,1201620,20:45,70.28,1123.2
L405S-108,1201620,20:50,69.4,1039.2
L405S-108,1201620,20:55,70.26,1101.6
L405S-108,1201620,21:00,69.76,1010.4
L405S-108,1201620,21:05,69.92,967.2
L405S-108,1201620,21:10,69.94,1159.2
L405S-108,1201620,21:15,69.8,1360.8
L405S-108,1201620,21:20,69.3,1629.6
L405S-108,1201620,21:25,69.52000000000001,1732.8
L405S-108,1201620,21:30,70.1,2246.4
L405S-108,1201620,21:35,70.64000000000001,2700.0
L405S-108,1201620,21:40,70.12,2834.4
L405S-108,1201620,21:45,71.0,2824.8
L405S-108,1201620,21:50,70.92,3134.4
L405S-108,1201620,21:55,70.14,2695.2
L405S-108,1201620,22:00,70.32000000000001,2652.0
L405S-108,1201620,22:05,70.56,2560.8
L405S-108,1201620,22:10,71.02000000000001,2853.6
L405S-108,1201620,22:15,71.2,3184.8
L405S-108,1201620,22:20,71.24,3506.4
L405S-108,1201620,22:25,70.8,3837.6
L405S-108,1201620,22:30,70.28,4233.6
L405S-108,1201620,22:35,69.96,4648.8
L405S-108,1201620,22:40,70.34,5580.0
L405S-108,1201620,22:45,69.0,5872.8
L405S-108,1201620,22:50,65.0,5666.4
L405S-108,1201620,22:55,62.260000000000005,5157.6
L405S-108,1201620,23:00,62.1,4696.8
L405S-108,1201620,23:05,63.279999999999994,6194.4
L405S-108,1201620,23:10,65.2,6028.8
L405S-108,1201620,23:15,66.48,6633.6
L405S-108,1201620,23:20,65.9,7516.8
L405S-108,1201620,23:25,65.22,7711.2
L405S-108,1201620,23:30,63.34000000000001,7848.0
L405S-108,1201620,23:35,60.260000000000005,7646.4
L405S-108,1201620,23:40,59.82000000000001,8181.6
L405S-108,1201620,23:45,60.86,8450.4
L405S-108,1201620,23:50,59.96,7982.4
L405S-108,1201620,23:55,61.260000000000005,8186.4
L405S-108,1201653,00:00,55.0,7447.2
L405S-108,1201653,00:05,53.760000000000005,7334.4
L405S-108,1201653,00:10,53.2,7488.0
L405S-108,1201653,00:15,54.239999999999995,7152.0
L405S-108,1201653,00:20,53.080000000000005,7300.8
L405S-108,1201653,00:25,51.34000000000001,7466.4
L405S-108,1201653,00:30,50.78,7099.2
L405S-108,1201653,00:35,48.7,6746.4
L405S-108,1201653,00:40,47.660000000000004,6540.0
L405S-108,1201653,00:45,46.5,6252.0
L405S-108,1201653,00:50,44.46,5767.2
L405S-108,1201653,00:55,45.02,5930.4
L405S-108,1201653,01:00,43.8,5623.2
L405S-108,1201653,01:05,44.08,5971.2
L405S-108,1201653,01:10,46.12,6350.4
L405S-108,1201653,01:15,44.72,5988.0
L405S-108,1201653,01:20,45.84,6456.0
L405S-108,1201653,01:25,47.239999999999995,6228.0
L405S-108,1201653,01:30,45.88,6213.6
L405S-108,1201653,01:35,44.260000000000005,5925.6
L405S-108,1201653,01:40,41.5,5546.4
L405S-108,1201653,01:45,40.019999999999996,5968.8
L405S-108,1201653,01:50,40.6,5714.4
L405S-108,1201653,01:55,42.12,5954.4
L405S-108,1201653,02:00,46.4,5654.4
L405S-108,1201653,02:05,48.74000000000001,6523.2
L405S-108,1201653,02:10,53.3,6338.4
L405S-108,1201653,02:15,53.760000000000005,6384.0
L405S-108,1201653,02:20,54.8,6770.4
L405S-108,1201653,02:25,56.879999999999995,6710.4
L405S-108,1201653,02:30,53.760000000000005,6667.2
L405S-108,1201653,02:35,54.14000000000001,6777.6
L405S-108,1201653,02:40,55.68000000000001,6996.0
L405S-108,1201653,02:45,57.720000000000006,7312.8
L405S-108,1201653,02:50,58.760000000000005,7149.6
L405S-108,1201653,02:55,59.64000000000001,6564.0
L405S-108,1201653,03:00,60.32000000000001,6300.0
L405S-108,1201653,03:05,60.56,6124.8
L405S-108,1201653,03:10,60.5,6518.4
L405S-108,1201653,03:15,60.879999999999995,6096.0
L405S-108,1201653,03:20,60.84000000000001,6472.8
L405S-108,1201653,03:25,60.67999999999999,6369.6
L405S-108,1201653,03:30,60.5,6607.2
L405S-108,1201653,03:35,60.46,6328.8
L405S-108,1201653,03:40,59.660000000000004,6986.4
L405S-108,1201653,03:45,59.7,6976.8
L405S-108,1201653,03:50,57.88000000000001,6705.6
L405S-108,1201653,03:55,58.120000000000005,6278.4
L405S-108,1201653,04:00,59.28000000000001,6038.4
L405S-108,1201653,04:05,59.96,6182.4
L405S-108,1201653,04:10,60.220000000000006,6484.8
L405S-108,1201653,04:15,60.52,6249.6
L405S-108,1201653,04:20,61.18000000000001,6314.4
L405S-108,1201653,04:25,60.720000000000006,6336.0
L405S-108,1201653,04:30,60.8,6446.4
L405S-108,1201653,04:35,61.040000000000006,6360.0
L405S-108,1201653,04:40,60.88000000000001,6427.2
L405S-108,1201653,04:45,60.04,6847.2
L405S-108,1201653,04:50,60.64000000000001,6566.4
L405S-108,1201653,04:55,61.14000000000001,6021.6
L405S-108,1201653,05:00,61.68000000000001,5858.4
L405S-108,1201653,05:05,61.779999999999994,5644.8
L405S-108,1201653,05:10,62.0,5822.4
L405S-108,1201653,05:15,61.42,6242.4
L405S-108,1201653,05:20,60.3,6259.2
L405S-108,1201653,05:25,61.04,5889.6
L405S-108,1201653,05:30,61.279999999999994,6134.4
L405S-108,1201653,05:35,60.92,5815.2
L405S-108,1201653,05:40,61.3,5832.0
L405S-108,1201653,05:45,61.78000000000001,6340.8
L405S-108,1201653,05:50,61.480000000000004,6120.0
L405S-108,1201653,05:55,61.260000000000005,6072.0
L405S-108,1201653,06:00,61.540000000000006,5964.0
L405S-108,1201653,06:05,61.78000000000001,5793.6
L405S-108,1201653,06:10,62.32000000000001,5731.2
L405S-108,1201653,06:15,59.92,5793.6
L405S-108,1201653,06:20,57.52,5635.2
L405S-108,1201653,06:25,58.84000000000001,5865.6
L405S-108,1201653,06:30,59.92,5875.2
L405S-108,1201653,06:35,61.04,5916.0
L405S-108,1201653,06:40,61.52,6352.8
L405S-108,1201653,06:45,60.220000000000006,5971.2
L405S-108,1201653,06:50,57.660000000000004,5779.2
L405S-108,1201653,06:55,56.82000000000001,5416.8
L405S-108,1201653,07:00,55.36,5373.6
L405S-108,1201653,07:05,54.42,5176.8
L405S-108,1201653,07:10,53.86,5373.6
L405S-108,1201653,07:15,53.82000000000001,5208.0
L405S-108,1201653,07:20,53.720000000000006,5481.6
L405S-108,1201653,07:25,54.44000000000001,5431.2
L405S-108,1201653,07:30,55.36,6045.6
L405S-108,1201653,07:35,58.160000000000004,6110.4
L405S-108,1201653,07:40,60.7,6170.4
L405S-108,1201653,07:45,61.18000000000001,6357.6
L405S-108,1201653,07:50,62.14000000000001,5750.4
L405S-108,1201653,07:55,62.8,5812.8
L405S-108,1201653,08:00,62.78000000000001,5635.2
L405S-108,1201653,08:05,62.760000000000005,5738.4
L405S-108,1201653,08:10,62.540000000000006,5992.8
L405S-108,1201653,08:15,62.160000000000004,6235.2
L405S-108,1201653,08:20,62.160000000000004,5918.4
L405S-108,1201653,08:25,62.38000000000001,5882.4
L405S-108,1201653,08:30,62.540000000000006,5904.0
L405S-108,1201653,08:35,63.120000000000005,6096.0
L405S-108,1201653,08:40,62.94000000000001,6177.6
L405S-108,1201653,08:45,62.82000000000001,6297.6
L405S-108,1201653,08:50,62.46,6384.0
L405S-108,1201653,08:55,63.080000000000005,5954.4
L405S-108,1201653,09:00,63.44,5635.2
L405S-108,1201653,09:05,63.18000000000001,5599.2
L405S-108,1201653,09:10,63.220000000000006,6069.6
L405S-108,1201653,09:15,63.339999999999996,6396.0
L405S-108,1201653,09:20,63.220000000000006,6132.0
L405S-108,1201653,09:25,63.3,6139.2
L405S-108,1201653,09:30,63.7,5959.2
L405S-108,1201653,09:35,63.3,5992.8
L405S-108,1201653,09:40,62.86,6280.8
L405S-108,1201653,09:45,63.14,6316.8
L405S-108,1201653,09:50,63.7,6192.0
L405S-108,1201653,09:55,63.46,6072.0
L405S-108,1201653,10:00,63.6,6033.6
L405S-108,1201653,10:05,63.92,5961.6
L405S-108,1201653,10:10,63.839999999999996,6122.4
L405S-108,1201653,10:15,63.64,6312.0
L405S-108,1201653,10:20,63.720000000000006,6352.8
L405S-108,1201653,10:25,63.660000000000004,6331.2
L405S-108,1201653,10:30,64.12,5990.4
L405S-108,1201653,10:35,63.86,5904.0
L405S-108,1201653,10:40,63.98,5851.2
L405S-108,1201653,10:45,64.12,5798.4
L405S-108,1201653,10:50,64.04,5589.6
L405S-108,1201653,10:55,64.82000000000001,5613.6
L405S-108,1201653,11:00,65.12,5313.6
L405S-108,1201653,11:05,65.3,5371.2
L405S-108,1201653,11:10,65.52000000000001,5316.0
L405S-108,1201653,11:15,65.6,5251.2
L405S-108,1201653,11:20,65.72,5140.8
L405S-108,1201653,11:25,65.97999999999999,5205.6
L405S-108,1201653,11:30,66.1,5061.6
L405S-108,1201653,11:35,65.94,5047.2
L405S-108,1201653,11:40,66.0,5078.4
L405S-108,1201653,11:45,66.24,4874.4
L405S-108,1201653,11:50,66.64,4766.4
L405S-108,1201653,11:55,66.76,4387.2
L405S-108,1201653,12:00,66.97999999999999,4639.2
L405S-108,1201653,12:05,67.42,4396.8
L405S-108,1201653,12:10,67.32000000000001,4339.2
L405S-108,1201653,12:15,67.16,4447.2
L405S-108,1201653,12:20,67.18,4243.2
L405S-108,1201653,12:25,67.28,4176.0
L405S-108,1201653,12:30,67.44000000000001,4123.2
L405S-108,1201653,12:35,67.34,4296.0
L405S-108,1201653,12:40,68.16,4101.6
L405S-108,1201653,12:45,68.02000000000001,4185.6
L405S-108,1201653,12:50,68.32000000000001,3974.4
L405S-108,1201653,12:55,68.28,4048.8
L405S-108,1201653,13:00,68.52000000000001,3828.0
L405S-108,1201653,13:05,68.67999999999999,3729.6
L405S-108,1201653,13:10,68.64,3780.0
L405S-108,1201653,13:15,68.14,3753.6
L405S-108,1201653,13:20,67.4,3744.0
L405S-108,1201653,13:25,67.76,3396.0
L405S-108,1201653,13:30,68.25999999999999,3595.2
L405S-108,1201653,13:35,67.7,3508.8
L405S-108,1201653,13:40,67.67999999999999,3595.2
L405S-108,1201653,13:45,67.02000000000001,3448.8
L405S-108,1201653,13:50,67.42,3314.4
L405S-108,1201653,13:55,67.32000000000001,3316.8
L405S-108,1201653,14:00,67.66,3184.8
L405S-108,1201653,14:05,67.84,3271.2
L405S-108,1201653,14:10,67.84,3343.2
L405S-108,1201653,14:15,66.92,3259.2
L405S-108,1201653,14:20,67.86,3093.6
L405S-108,1201653,14:25,67.66,3254.4
L405S-108,1201653,14:30,67.94,3067.2
L405S-108,1201653,14:35,67.58,3146.4
L405S-108,1201653,14:40,68.03999999999999,3062.4
L405S-108,1201653,14:45,68.44,3004.8
L405S-108,1201653,14:50,68.86,2846.4
L405S-108,1201653,14:55,68.64,2923.2
L405S-108,1201653,15:00,68.44000000000001,2532.0
L405S-108,1201653,15:05,68.1,2611.2
L405S-108,1201653,15:10,67.25999999999999,2916.0
L405S-108,1201653,15:15,66.74,2587.2
L405S-108,1201653,15:20,67.47999999999999,2692.8
L405S-108,1201653,15:25,67.5,2407.2
L405S-108,1201653,15:30,68.38,2361.6
L405S-108,1201653,15:35,68.14000000000001,2380.8
L405S-108,1201653,15:40,68.38,2359.2
L405S-108,1201653,15:45,67.96000000000001,2092.8
L405S-108,1201653,15:50,68.78,2200.8
L405S-108,1201653,15:55,68.34,2025.6
L405S-108,1201653,16:00,67.36,2025.6
L405S-108,1201653,16:05,67.47999999999999,1747.2
L405S-108,1201653,16:10,67.6,1761.6
L405S-108,1201653,16:15,67.53999999999999,1790.4
L405S-108,1201653,16:20,67.76,1716.0
L405S-108,1201653,16:25,67.92,1684.8
L405S-108,1201653,16:30,68.67999999999999,1615.2
L405S-108,1201653,16:35,68.5,1584.0
L405S-108,1201653,16:40,67.97999999999999,1497.6
L405S-108,1201653,16:45,68.58,1394.4
L405S-108,1201653,16:50,68.17999999999999,1500.0
L405S-108,1201653,16:55,68.35999999999999,1351.2
L405S-108,1201653,17:00,68.46000000000001,1300.8
L405S-108,1201653,17:05,68.44,1180.8
L405S-108,1201653,17:10,67.78,1231.2
L405S-108,1201653,17:15,67.6,1190.4
L405S-108,1201653,17:20,67.08,1142.4
L405S-108,1201653,17:25,67.08,1233.6
L405S-108,1201653,17:30,67.3,1077.6
L405S-108,1201653,17:35,67.34,1058.4
L405S-108,1201653,17:40,66.58,1063.2
L405S-108,1201653,17:45,66.17999999999999,962.4
L405S-108,1201653,17:50,64.24,912.0
L405S-108,1201653,17:55,65.46000000000001,979.2
L405S-108,1201653,18:00,65.8,806.4
L405S-108,1201653,18:05,66.44,741.6
L405S-108,1201653,18:10,66.76,710.4
L405S-108,1201653,18:15,66.88,650.4
L405S-108,1201653,18:20,66.9,640.8
L405S-108,1201653,18:25,66.9,566.4
L405S-108,1201653,18:30,66.6,535.2
L405S-108,1201653,18:35,66.22,650.4
L405S-108,1201653,18:40,66.2,508.8
L405S-108,1201653,18:45,66.66,477.6
L405S-108,1201653,18:50,66.88,470.4
L405S-108,1201653,18:55,67.26,511.2
L405S-108,1201653,19:00,66.47999999999999,453.6
L405S-108,1201653,19:05,66.32000000000001,470.4
L405S-108,1201653,19:10,66.5,494.4
L405S-108,1201653,19:15,65.74000000000001,482.4
L405S-108,1201653,19:20,65.9,415.2
L405S-108,1201653,19:25,66.82000000000001,484.8
L405S-108,1201653,19:30,67.12,456.0
L405S-108,1201653,19:35,66.64,513.6
L405S-108,1201653,19:40,66.82,504.0
L405S-108,1201653,19:45,66.8,463.2
L405S-108,1201653,19:50,67.53999999999999,530.4
L405S-108,1201653,19:55,66.7,518.4
L405S-108,1201653,20:00,66.56,441.6
L405S-108,1201653,20:05,66.74,465.6
L405S-108,1201653,20:10,67.44,484.8
L405S-108,1201653,20:15,67.0,475.2
L405S-108,1201653,20:20,66.25999999999999,564.0
L405S-108,1201653,20:25,67.32000000000001,708.0
L405S-108,1201653,20:30,67.26,715.2
L405S-108,1201653,20:35,67.03999999999999,691.2
L405S-108,1201653,20:40,67.06,902.4
L405S-108,1201653,20:45,67.42,883.2
L405S-108,1201653,20:50,66.47999999999999,792.0
L405S-108,1201653,20:55,67.64,924.0
L405S-108,1201653,21:00,66.74,758.4
L405S-108,1201653,21:05,67.38,746.4
L405S-108,1201653,21:10,67.46000000000001,964.8
L405S-108,1201653,21:15,67.3,1075.2
L405S-108,1201653,21:20,67.17999999999999,1260.0
L405S-108,1201653,21:25,67.16,1394.4
L405S-108,1201653,21:30,67.52000000000001,1809.6
L405S-108,1201653,21:35,67.64,2244.0
L405S-108,1201653,21:40,67.02000000000001,2313.6
L405S-108,1201653,21:45,68.0,2330.4
L405S-108,1201653,21:50,68.52000000000001,2577.6
L405S-108,1201653,21:55,67.47999999999999,2251.2
L405S-108,1201653,22:00,67.78,2162.4
L405S-108,1201653,22:05,68.12,2152.8
L405S-108,1201653,22:10,68.47999999999999,2419.2
L405S-108,1201653,22:15,68.66,2558.4
L405S-108,1201653,22:20,68.97999999999999,2923.2
L405S-108,1201653,22:25,68.52000000000001,3206.4
L405S-108,1201653,22:30,68.03999999999999,3537.6
L405S-108,1201653,22:35,67.88,3864.0
L405S-108,1201653,22:40,68.28,4648.8
L405S-108,1201653,22:45,68.53999999999999,5004.0
L405S-108,1201653,22:50,64.62,5016.0
L405S-108,1201653,22:55,60.86,4375.2
L405S-108,1201653,23:00,59.239999999999995,3619.2
L405S-108,1201653,23:05,59.279999999999994,4989.6
L405S-108,1201653,23:10,62.36,5001.6
L405S-108,1201653,23:15,64.08000000000001,5625.6
L405S-108,1201653,23:20,63.88000000000001,6213.6
L405S-108,1201653,23:25,63.06,6415.2
L405S-108,1201653,23:30,61.8,6580.8
L405S-108,1201653,23:35,59.279999999999994,6283.2
L405S-108,1201653,23:40,56.42,6208.8
L405S-108,1201653,23:45,57.06,6712.8
L405S-108,1201653,23:50,56.14,6451.2
L405S-108,1201653,23:55,56.879999999999995,6511.2
L405S-108,1201719,00:00,45.980000000000004,6722.4
L405S-108,1201719,00:05,44.239999999999995,6350.4
L405S-108,1201719,00:10,45.68,6141.6
L405S-108,1201719,00:15,45.42,6139.2
L405S-108,1201719,00:20,44.52,6074.4
L405S-108,1201719,00:25,45.06,6043.2
L405S-108,1201719,00:30,44.660000000000004,5884.8
L405S-108,1201719,00:35,44.739999999999995,6040.8
L405S-108,1201719,00:40,44.68,5260.8
L405S-108,1201719,00:45,44.18,5126.4
L405S-108,1201719,00:50,43.540000000000006,5172.0
L405S-108,1201719,00:55,43.42,5220.0
L405S-108,1201719,01:00,42.52,4965.6
L405S-108,1201719,01:05,41.84,5258.4
L405S-108,1201719,01:10,43.32000000000001,5097.6
L405S-108,1201719,01:15,43.5,5532.0
L405S-108,1201719,01:20,43.260000000000005,5505.6
L405S-108,1201719,01:25,44.6,5431.2
L405S-108,1201719,01:30,43.980000000000004,5887.2
L405S-108,1201719,01:35,44.7,5589.6
L405S-108,1201719,01:40,44.58,5344.8
L405S-108,1201719,01:45,44.18,5690.4
L405S-108,1201719,01:50,44.36,5289.6
L405S-108,1201719,01:55,45.56,5260.8
L405S-108,1201719,02:00,47.38,5431.2
L405S-108,1201719,02:05,49.2,5760.0
L405S-108,1201719,02:10,51.2,5397.6
L405S-108,1201719,02:15,50.940000000000005,5928.0
L405S-108,1201719,02:20,53.88000000000001,6134.4
L405S-108,1201719,02:25,54.239999999999995,6417.6
L405S-108,1201719,02:30,55.68000000000001,6535.2
L405S-108,1201719,02:35,53.879999999999995,6096.0
L405S-108,1201719,02:40,55.120000000000005,6566.4
L405S-108,1201719,02:45,56.480000000000004,6595.2
L405S-108,1201719,02:50,58.14,6602.4
L405S-108,1201719,02:55,58.760000000000005,6264.0
L405S-108,1201719,03:00,59.96,5877.6
L405S-108,1201719,03:05,60.120000000000005,5786.4
L405S-108,1201719,03:10,60.5,6019.2
L405S-108,1201719,03:15,61.06,5731.2
L405S-108,1201719,03:20,60.839999999999996,6060.0
L405S-108,1201719,03:25,60.8,5956.8
L405S-108,1201719,03:30,60.86,6153.6
L405S-108,1201719,03:35,58.760000000000005,6432.0
L405S-108,1201719,03:40,58.6,6396.0
L405S-108,1201719,03:45,59.5,6520.8
L405S-108,1201719,03:50,59.78000000000001,6477.6
L405S-108,1201719,03:55,60.0,5863.2
L405S-108,1201719,04:00,58.839999999999996,5659.2
L405S-108,1201719,04:05,59.620000000000005,6120.0
L405S-108,1201719,04:10,60.760000000000005,5978.4
L405S-108,1201719,04:15,60.92,5980.8
L405S-108,1201719,04:20,61.36,5997.6
L405S-108,1201719,04:25,61.120000000000005,6076.8
L405S-108,1201719,04:30,61.56,6026.4
L405S-108,1201719,04:35,61.720000000000006,6302.4
L405S-108,1201719,04:40,61.32000000000001,6127.2
L405S-108,1201719,04:45,60.67999999999999,6357.6
L405S-108,1201719,04:50,60.78000000000001,6132.0
L405S-108,1201719,04:55,61.6,5764.8
L405S-108,1201719,05:00,62.2,5572.8
L405S-108,1201719,05:05,62.8,5325.6
L405S-108,1201719,05:10,62.52,5596.8
L405S-108,1201719,05:15,62.06,6134.4
L405S-108,1201719,05:20,61.78000000000001,5923.2
L405S-108,1201719,05:25,61.46,5868.0
L405S-108,1201719,05:30,61.260000000000005,5884.8
L405S-108,1201719,05:35,59.5,5119.2
L405S-108,1201719,05:40,59.18000000000001,5671.2
L405S-108,1201719,05:45,60.34000000000001,5966.4
L405S-108,1201719,05:50,60.18000000000001,5875.2
L405S-108,1201719,05:55,60.3,5834.4
L405S-108,1201719,06:00,60.94000000000001,5817.6
L405S-108,1201719,06:05,62.02,5486.4
L405S-108,1201719,06:10,62.779999999999994,5460.0
L405S-108,1201719,06:15,62.68000000000001,5649.6
L405S-108,1201719,06:20,62.74000000000001,5647.2
L405S-108,1201719,06:25,61.74000000000001,5548.8
L405S-108,1201719,06:30,61.96,5536.8
L405S-108,1201719,06:35,62.4,5918.4
L405S-108,1201719,06:40,62.260000000000005,5817.6
L405S-108,1201719,06:45,62.419999999999995,6086.4
L405S-108,1201719,06:50,62.34000000000001,5716.8
L405S-108,1201719,06:55,62.42,5800.8
L405S-108,1201719,07:00,61.46,5563.2
L405S-108,1201719,07:05,61.720000000000006,5438.4
L405S-108,1201719,07:10,61.98,5580.0
L405S-108,1201719,07:15,62.3,5404.8
L405S-108,1201719,07:20,60.660000000000004,5635.2
L405S-108,1201719,07:25,60.0,5594.4
L405S-108,1201719,07:30,59.279999999999994,5745.6
L405S-108,1201719,07:35,61.0,5851.2
L405S-108,1201719,07:40,62.0,6223.2
L405S-108,1201719,07:45,62.46,5964.0
L405S-108,1201719,07:50,63.080000000000005,5880.0
L405S-108,1201719,07:55,63.220000000000006,5515.2
L405S-108,1201719,08:00,62.86,5426.4
L405S-108,1201719,08:05,63.080000000000005,5606.4
L405S-108,1201719,08:10,63.02,5863.2
L405S-108,1201719,08:15,63.1,6000.0
L405S-108,1201719,08:20,63.1,5786.4
L405S-108,1201719,08:25,63.519999999999996,5666.4
L405S-108,1201719,08:30,63.120000000000005,5817.6
L405S-108,1201719,08:35,63.58,5820.0
L405S-108,1201719,08:40,63.7,6060.0
L405S-108,1201719,08:45,63.239999999999995,6273.6
L405S-108,1201719,08:50,63.2,6064.8
L405S-108,1201719,08:55,63.620000000000005,5836.8
L405S-108,1201719,09:00,63.980000000000004,5620.8
L405S-108,1201719,09:05,63.6,5649.6
L405S-108,1201719,09:10,63.94,6103.2
L405S-108,1201719,09:15,63.82000000000001,6115.2
L405S-108,1201719,09:20,63.96,6225.6
L405S-108,1201719,09:25,63.720000000000006,6074.4
L405S-108,1201719,09:30,64.26,5815.2
L405S-108,1201719,09:35,63.82000000000001,6069.6
L405S-108,1201719,09:40,64.0,6103.2
L405S-108,1201719,09:45,64.14,6218.4
L405S-108,1201719,09:50,64.42,6064.8
L405S-108,1201719,09:55,64.22,5750.4
L405S-108,1201719,10:00,64.03999999999999,6069.6
L405S-108,1201719,10:05,64.35999999999999,5793.6
L405S-108,1201719,10:10,64.64000000000001,6079.2
L405S-108,1201719,10:15,64.26,6336.0
L405S-108,1201719,10:20,64.2,6285.6
L405S-108,1201719,10:25,64.3,6031.2
L405S-108,1201719,10:30,64.44000000000001,5964.0
L405S-108,1201719,10:35,63.9,5983.2
L405S-108,1201719,10:40,64.53999999999999,5688.0
L405S-108,1201719,10:45,64.44,5834.4
L405S-108,1201719,10:50,64.84,5395.2
L405S-108,1201719,10:55,65.36,5510.4
L405S-108,1201719,11:00,65.34,5296.8
L405S-108,1201719,11:05,65.66,5304.0
L405S-108,1201719,11:10,65.74000000000001,5102.4
L405S-108,1201719,11:15,65.94,5088.0
L405S-108,1201719,11:20,66.03999999999999,5155.2
L405S-108,1201719,11:25,66.42,4843.2
L405S-108,1201719,11:30,66.2,5179.2
L405S-108,1201719,11:35,66.8,4905.6
L405S-108,1201719,11:40,66.8,4797.6
L405S-108,1201719,11:45,66.96000000000001,4749.6
L405S-108,1201719,11:50,66.94,4600.8
L405S-108,1201719,11:55,67.52000000000001,4536.0
L405S-108,1201719,12:00,67.62,4375.2
L405S-108,1201719,12:05,68.12,4231.2
L405S-108,1201719,12:10,67.74,4096.8
L405S-108,1201719,12:15,67.6,4276.8
L405S-108,1201719,12:20,67.56,4060.8
L405S-108,1201719,12:25,67.76,4070.4
L405S-108,1201719,12:30,67.96000000000001,3940.8
L405S-108,1201719,12:35,68.06,4260.0
L405S-108,1201719,12:40,68.24,4120.8
L405S-108,1201719,12:45,67.9,4255.2
L405S-108,1201719,12:50,68.82000000000001,3669.6
L405S-108,1201719,12:55,68.26,3960.0
L405S-108,1201719,13:00,68.14,3813.6
L405S-108,1201719,13:05,68.28,3712.8
L405S-108,1201719,13:10,68.02000000000001,3710.4
L405S-108,1201719,13:15,67.9,3722.4
L405S-108,1201719,13:20,67.56,3441.6
L405S-108,1201719,13:25,67.22,3307.2
L405S-108,1201719,13:30,67.88,3480.0
L405S-108,1201719,13:35,67.22,3412.8
L405S-108,1201719,13:40,66.9,3302.4
L405S-108,1201719,13:45,67.17999999999999,3271.2
L405S-108,1201719,13:50,67.17999999999999,3261.6
L405S-108,1201719,13:55,67.16,3170.4
L405S-108,1201719,14:00,67.44,3237.6
L405S-108,1201719,14:05,68.16,3199.2
L405S-108,1201719,14:10,67.86,3208.8
L405S-108,1201719,14:15,67.76,3105.6
L405S-108,1201719,14:20,68.16,2947.2
L405S-108,1201719,14:25,67.9,3067.2
L405S-108,1201719,14:30,67.94,3093.6
L405S-108,1201719,14:35,67.9,3028.8
L405S-108,1201719,14:40,68.28,2937.6
L405S-108,1201719,14:45,68.76,2918.4
L405S-108,1201719,14:50,68.88,2793.6
L405S-108,1201719,14:55,68.28,2752.8
L405S-108,1201719,15:00,68.3,2493.6
L405S-108,1201719,15:05,67.84,2618.4
L405S-108,1201719,15:10,67.46000000000001,2738.4
L405S-108,1201719,15:15,67.06,2457.6
L405S-108,1201719,15:20,67.64,2659.2
L405S-108,1201719,15:25,67.84,2282.4
L405S-108,1201719,15:30,68.42,2277.6
L405S-108,1201719,15:35,68.16,2277.6
L405S-108,1201719,15:40,68.44,2256.0
L405S-108,1201719,15:45,68.32000000000001,2131.2
L405S-108,1201719,15:50,68.86,2179.2
L405S-108,1201719,15:55,67.96000000000001,2054.4
L405S-108,1201719,16:00,67.86,1992.0
L405S-108,1201719,16:05,67.42,1689.6
L405S-108,1201719,16:10,67.7,1725.6
L405S-108,1201719,16:15,67.86,1740.0
L405S-108,1201719,16:20,68.0,1735.2
L405S-108,1201719,16:25,68.03999999999999,1670.4
L405S-108,1201719,16:30,68.58,1675.2
L405S-108,1201719,16:35,67.96000000000001,1509.6
L405S-108,1201719,16:40,68.32000000000001,1492.8
L405S-108,1201719,16:45,68.1,1428.0
L405S-108,1201719,16:50,67.86,1567.2
L405S-108,1201719,16:55,68.17999999999999,1332.0
L405S-108,1201719,17:00,68.52000000000001,1224.0
L405S-108,1201719,17:05,68.66,1312.8
L405S-108,1201719,17:10,68.34,1116.0
L405S-108,1201719,17:15,67.86,1209.6
L405S-108,1201719,17:20,67.6,1106.4
L405S-108,1201719,17:25,67.32000000000001,1132.8
L405S-108,1201719,17:30,67.1,1118.4
L405S-108,1201719,17:35,67.06,1015.2
L405S-108,1201719,17:40,66.32000000000001,1082.4
L405S-108,1201719,17:45,66.1,976.8
L405S-108,1201719,17:50,65.52000000000001,938.4
L405S-108,1201719,17:55,66.53999999999999,931.2
L405S-108,1201719,18:00,65.94,787.2
L405S-108,1201719,18:05,66.7,688.8
L405S-108,1201719,18:10,66.4,679.2
L405S-108,1201719,18:15,66.78,636.0
L405S-108,1201719,18:20,67.12,655.2
L405S-108,1201719,18:25,66.14000000000001,576.0
L405S-108,1201719,18:30,65.91999999999999,530.4
L405S-108,1201719,18:35,65.7,573.6
L405S-108,1201719,18:40,65.32000000000001,513.6
L405S-108,1201719,18:45,66.62,489.6
L405S-108,1201719,18:50,66.96000000000001,451.2
L405S-108,1201719,18:55,66.66,480.0
L405S-108,1201719,19:00,65.94,444.0
L405S-108,1201719,19:05,66.53999999999999,429.6
L405S-108,1201719,19:10,66.85999999999999,451.2
L405S-108,1201719,19:15,66.47999999999999,384.0
L405S-108,1201719,19:20,66.72,420.0
L405S-108,1201719,19:25,67.22,477.6
L405S-108,1201719,19:30,66.78,456.0
L405S-108,1201719,19:35,67.02000000000001,472.8
L405S-108,1201719,19:40,66.82000000000001,451.2
L405S-108,1201719,19:45,66.62,424.8
L405S-108,1201719,19:50,66.9,535.2
L405S-108,1201719,19:55,66.42,496.8
L405S-108,1201719,20:00,65.3,400.8
L405S-108,1201719,20:05,67.17999999999999,439.2
L405S-108,1201719,20:10,67.1,456.0
L405S-108,1201719,20:15,66.82000000000001,415.2
L405S-108,1201719,20:20,66.84,528.0
L405S-108,1201719,20:25,67.0,621.6
L405S-108,1201719,20:30,67.08,595.2
L405S-108,1201719,20:35,67.17999999999999,669.6
L405S-108,1201719,20:40,67.14,768.0
L405S-108,1201719,20:45,67.42,808.8
L405S-108,1201719,20:50,66.84,811.2
L405S-108,1201719,20:55,67.64,782.4
L405S-108,1201719,21:00,67.17999999999999,686.4
L405S-108,1201719,21:05,67.08,705.6
L405S-108,1201719,21:10,67.3,859.2
L405S-108,1201719,21:15,67.03999999999999,1044.0
L405S-108,1201719,21:20,66.92,1113.6
L405S-108,1201719,21:25,67.02000000000001,1344.0
L405S-108,1201719,21:30,67.46000000000001,1732.8
L405S-108,1201719,21:35,67.25999999999999,1927.2
L405S-108,1201719,21:40,67.12,2047.2
L405S-108,1201719,21:45,67.96000000000001,2248.8
L405S-108,1201719,21:50,67.98,2352.0
L405S-108,1201719,21:55,66.4,2023.2
L405S-108,1201719,22:00,67.52000000000001,1936.8
L405S-108,1201719,22:05,67.94,2001.6
L405S-108,1201719,22:10,69.28,2198.4
L405S-108,1201719,22:15,69.03999999999999,2464.8
L405S-108,1201719,22:20,68.91999999999999,2858.4
L405S-108,1201719,22:25,68.82000000000001,3019.2
L405S-108,1201719,22:30,68.1,3364.8
L405S-108,1201719,22:35,68.32000000000001,3876.0
L405S-108,1201719,22:40,68.67999999999999,4372.8
L405S-108,1201719,22:45,69.12,4891.2
L405S-108,1201719,22:50,69.3,4984.8
L405S-108,1201719,22:55,68.5,4507.2
L405S-108,1201719,23:00,68.12,3950.4
L405S-108,1201719,23:05,66.85999999999999,4862.4
L405S-108,1201719,23:10,66.32000000000001,4785.6
L405S-108,1201719,23:15,65.42,5582.4
L405S-108,1201719,23:20,63.46,5884.8
L405S-108,1201719,23:25,61.6,6276.0
L405S-108,1201719,23:30,60.86,6201.6
L405S-108,1201719,23:35,60.46,6266.4
L405S-108,1201719,23:40,54.08,6199.2
L405S-108,1201719,23:45,50.18,5049.6
L405S-108,1201719,23:50,49.86,5884.8
L405S-108,1201719,23:55,49.84,5604.0
L405S-108,1222696,00:00,70.42,9816.0
L405S-108,1222696,00:05,70.4,9820.8
L405S-108,1222696,00:10,70.35999999999999,9662.4
L405S-108,1222696,00:15,70.4,9520.8
L405S-108,1222696,00:20,70.56,9667.2
L405S-108,1222696,00:25,70.28,9904.8
L405S-108,1222696,00:30,70.275,10158.0
L405S-108,1222696,00:35,69.95,9018.0
L405S-108,1222696,00:40,68.16,9187.2
L405S-108,1222696,00:45,68.46,8877.6
L405S-108,1222696,00:50,69.02000000000001,8560.8
L405S-108,1222696,00:55,69.38,7711.2
L405S-108,1222696,01:00,69.8,8097.6
L405S-108,1222696,01:05,69.8,8232.0
L405S-108,1222696,01:10,69.94,8373.6
L405S-108,1222696,01:15,70.12,8484.0
L405S-108,1222696,01:20,70.1,8659.2
L405S-108,1222696,01:25,70.22,8620.8
L405S-108,1222696,01:30,70.17999999999999,8508.0
L405S-108,1222696,01:35,69.88,8390.4
L405S-108,1222696,01:40,69.97999999999999,8126.4
L405S-108,1222696,01:45,69.96000000000001,8119.2
L405S-108,1222696,01:50,69.26,8114.4
L405S-108,1222696,01:55,69.76,8008.8
L405S-108,1222696,02:00,69.94,7831.2
L405S-108,1222696,02:05,70.24,8467.2
L405S-108,1222696,02:10,70.56,8232.0
L405S-108,1222696,02:15,70.5,8572.8
L405S-108,1222696,02:20,70.58000000000001,8740.8
L405S-108,1222696,02:25,70.8,8865.6
L405S-108,1222696,02:30,70.78,8942.4
L405S-108,1222696,02:35,70.725,8481.0
L405S-108,1222696,02:40,70.725,8856.0
L405S-108,1222696,02:45,70.9,9306.0
L405S-108,1222696,02:50,70.8,9273.0
L405S-108,1222696,02:55,70.95,8262.0
L405S-108,1222696,03:00,70.775,8112.0
L405S-108,1222696,03:05,70.56,8270.4
L405S-108,1222696,03:10,70.66,8414.4
L405S-108,1222696,03:15,70.8,7864.8
L405S-108,1222696,03:20,70.75999999999999,8445.6
L405S-108,1222696,03:25,70.74,8102.4
L405S-108,1222696,03:30,70.82000000000001,8193.6
L405S-108,1222696,03:35,70.92,8282.4
L405S-108,1222696,03:40,70.7,8913.6
L405S-108,1222696,03:45,70.66,8968.8
L405S-108,1222696,03:50,70.62,8848.8
L405S-108,1222696,03:55,70.58,8128.8
L405S-108,1222696,04:00,70.64,7742.4
L405S-108,1222696,04:05,70.52000000000001,8092.8
L405S-108,1222696,04:10,70.53999999999999,8320.8
L405S-108,1222696,04:15,70.67999999999999,7934.4
L405S-108,1222696,04:20,70.62,8114.4
L405S-108,1222696,04:25,70.62,8128.8
L405S-108,1222696,04:30,70.5,8102.4
L405S-108,1222696,04:35,70.67999999999999,8150.4
L405S-108,1222696,04:40,70.53999999999999,8212.8
L405S-108,1222696,04:45,70.26,8868.0
L405S-108,1222696,04:50,70.34,8498.4
L405S-108,1222696,04:55,70.38,7780.8
L405S-108,1222696,05:00,70.34,7632.0
L405S-108,1222696,05:05,70.52000000000001,7264.8
L405S-108,1222696,05:10,70.52000000000001,7622.4
L405S-108,1222696,05:15,70.6,8052.0
L405S-108,1222696,05:20,70.53999999999999,8169.6
L405S-108,1222696,05:25,70.46000000000001,7740.0
L405S-108,1222696,05:30,70.32000000000001,8044.8
L405S-108,1222696,05:35,70.24,7495.2
L405S-108,1222696,05:40,70.4,7610.4
L405S-108,1222696,05:45,70.47999999999999,8272.8
L405S-108,1222696,05:50,70.46000000000001,7932.0
L405S-108,1222696,05:55,70.47999999999999,7994.4
L405S-108,1222696,06:00,70.28,7812.0
L405S-108,1222696,06:05,70.36,7550.4
L405S-108,1222696,06:10,70.3,7634.4
L405S-108,1222696,06:15,70.38,7718.4
L405S-108,1222696,06:20,70.14,7574.4
L405S-108,1222696,06:25,70.38,7752.0
L405S-108,1222696,06:30,70.4,7653.6
L405S-108,1222696,06:35,70.46000000000001,7956.0
L405S-108,1222696,06:40,69.975,8415.0
L405S-108,1222696,06:45,69.95,8208.0
L405S-108,1222696,06:50,68.47999999999999,8268.0
L405S-108,1222696,06:55,68.32000000000001,8044.8
L405S-108,1222696,07:00,68.96000000000001,7600.8
L405S-108,1222696,07:05,69.03999999999999,7344.0
L405S-108,1222696,07:10,69.42,7488.0
L405S-108,1222696,07:15,69.24,7188.0
L405S-108,1222696,07:20,69.52000000000001,7526.4
L405S-108,1222696,07:25,69.5,7521.6
L405S-108,1222696,07:30,69.28,8052.0
L405S-108,1222696,07:35,69.8,8044.8
L405S-108,1222696,07:40,69.9,8392.8
L405S-108,1222696,07:45,69.9,8652.0
L405S-108,1222696,07:50,69.78,8131.2
L405S-108,1222696,07:55,70.4,7623.0
L405S-108,1222696,08:00,70.525,7347.0
L405S-108,1222696,08:05,70.45,7413.0
L405S-108,1222696,08:10,70.25,8043.0
L405S-108,1222696,08:15,70.275,7878.0
L405S-108,1222696,08:20,70.15,7866.0
L405S-108,1222696,08:25,70.325,8067.0
L405S-108,1222696,08:30,70.1,7992.0
L405S-108,1222696,08:35,70.1,8463.0
L405S-108,1222696,08:40,69.85,8403.0
L405S-108,1222696,08:45,69.525,8853.0
L405S-108,1222696,08:50,70.13333333333333,8024.0
L405S-108,1222696,08:55,70.0,7924.0
L405S-108,1222696,09:00,70.16666666666667,7308.0
L405S-108,1222696,09:05,70.36666666666666,7636.0
L405S-108,1222696,09:10,70.275,8334.0
L405S-108,1222696,09:15,70.45,8196.0
L405S-108,1222696,09:20,66.22,8575.2
L405S-108,1222696,09:25,65.92,8551.2
L405S-108,1222696,09:30,70.175,8181.0
L405S-108,1222696,09:35,70.125,8313.0
L405S-108,1222696,09:40,69.675,8883.0
L405S-108,1222696,09:45,69.0,9417.0
L405S-108,1222696,09:50,68.75,9396.0
L405S-108,1222696,09:55,69.05000000000001,8982.0
L405S-108,1222696,10:00,68.46666666666667,8608.0
L405S-108,1222696,10:05,68.83333333333333,8276.0
L405S-108,1222696,10:10,68.73333333333333,9184.0
L405S-108,1222696,10:15,68.4,8820.0
L405S-108,1222696,10:20,66.6,9366.0
L405S-108,1222696,10:25,68.15,9048.0
L405S-108,1222696,10:30,68.1,8808.0
L405S-108,1222696,10:35,70.44999999999999,8190.0
L405S-108,1222696,10:40,70.15,8688.0
L405S-108,1222696,10:45,70.0,6848.0
L405S-108,1222696,10:50,70.0,7716.0
L405S-108,1222696,10:55,69.8,6771.0
L405S-108,1222696,11:00,69.3,7848.0
L405S-108,1222696,11:05,68.96666666666667,7840.0
L405S-108,1222696,11:10,68.5,7936.0
L405S-108,1222696,11:15,68.7,8092.0
L405S-108,1222696,11:20,69.66666666666667,7904.0
L405S-108,1222696,11:25,69.46666666666665,7904.0
L405S-108,1222696,11:30,68.6,7923.0
L405S-108,1222696,11:35,69.9,7254.0
L405S-108,1222696,11:40,69.35,7245.0
L405S-108,1222696,11:45,69.06666666666666,6892.0
L405S-108,1222696,11:50,71.0,6624.0
L405S-108,1222696,11:55,68.53333333333333,6840.0
L405S-108,1222696,12:00,70.9,6420.0
L405S-108,1222696,12:05,66.89999999999999,7964.0
L405S-108,1222696,12:10,61.15,8388.0
L405S-108,1222696,12:15,68.6,7398.0
L405S-108,1222696,12:25,69.15,4254.0
L405S-108,1222696,12:30,70.6,5088.0
L405S-108,1222696,12:35,70.1,3156.0
L405S-108,1222696,12:40,68.1,5718.0
L405S-108,1222696,12:45,68.2,8712.0
L405S-108,1222696,12:50,69.55,4632.0
L405S-108,1222696,12:55,69.8,6384.0
L405S-108,1222696,13:00,69.86666666666666,6208.0
L405S-108,1222696,13:05,68.925,5223.0
L405S-108,1222696,13:10,69.7,5396.0
L405S-108,1222696,13:15,69.2,5556.0
L405S-108,1222696,13:20,69.9,5419.2
L405S-108,1222696,13:25,70.075,5538.0
L405S-108,1222696,13:30,71.75,4230.0
L405S-108,1222696,13:35,70.6,4776.0
L405S-108,1222696,13:40,70.46666666666665,4448.0
L405S-108,1222696,13:45,70.325,4509.0
L405S-108,1222696,13:50,69.725,5472.0
L405S-108,1222696,13:55,69.5,6420.0
L405S-108,1222696,14:00,70.80000000000001,3870.0
L405S-108,1222696,14:05,65.7,4322.4
L405S-108,1222696,14:10,59.900000000000006,5728.0
L405S-108,1222696,14:15,55.650000000000006,5946.0
L405S-108,1222696,14:20,56.6,6456.0
L405S-108,1222696,14:25,64.0,5184.0
L405S-108,1222696,14:30,65.3,6336.0
L405S-108,1222696,14:35,72.5,3576.0
L405S-108,1222696,14:40,41.2,7458.0
L405S-108,1222696,14:50,53.5,4140.0
L405S-108,1222696,14:55,72.6,2460.0
L405S-108,1222696,15:00,56.699999999999996,3680.0
L405S-108,1222696,15:05,72.8,2304.0
L405S-108,1222696,15:10,63.55,3252.0
L405S-108,1222696,15:15,69.86666666666666,2752.0
L405S-108,1222696,15:20,69.73333333333333,2936.0
L405S-108,1222696,15:25,69.53333333333335,3328.0
L405S-108,1222696,15:30,70.325,3414.0
L405S-108,1222696,15:35,69.6,3438.0
L405S-108,1222696,15:40,71.76666666666667,2468.0
L405S-108,1222696,15:45,71.7,2296.0
L405S-108,1222696,15:50,71.89999999999999,2288.0
L405S-108,1222696,15:55,68.9,2958.0
L405S-108,1222696,16:00,70.94999999999999,2502.0
L405S-108,1222696,16:05,71.15,1758.0
L405S-108,1222696,16:10,68.95,2496.0
L405S-108,1222696,16:15,69.83333333333333,2180.0
L405S-108,1222696,16:20,70.96666666666667,2048.0
L405S-108,1222696,16:25,70.8,1860.0
L405S-108,1222696,16:30,70.83333333333333,1708.0
L405S-108,1222696,16:35,71.06666666666666,1600.0
L405S-108,1222696,16:40,71.13333333333333,1516.0
L405S-108,1222696,16:45,69.525,2391.0
L405S-108,1222696,16:50,69.725,2631.0
L405S-108,1222696,16:55,70.075,2325.0
L405S-108,1222696,17:00,69.75,2085.0
L405S-108,1222696,17:05,69.95,2019.0
L405S-108,1222696,17:10,69.82499999999999,1887.0
L405S-108,1222696,17:15,65.24,2486.4
L405S-108,1222696,17:20,66.76,2136.0
L405S-108,1222696,17:25,67.66,2169.6
L405S-108,1222696,17:30,68.03999999999999,1999.2
L405S-108,1222696,17:35,68.53999999999999,1845.6
L405S-108,1222696,17:40,69.08000000000001,1802.4
L405S-108,1222696,17:45,69.0,1648.8
L405S-108,1222696,17:50,69.36,1480.8
L405S-108,1222696,17:55,69.84,1536.0
L405S-108,1222696,18:00,69.6,1375.2
L405S-108,1222696,18:05,69.08,1296.0
L405S-108,1222696,18:10,68.94,1260.0
L405S-108,1222696,18:15,67.92,1240.8
L405S-108,1222696,18:20,67.97999999999999,1219.2
L405S-108,1222696,18:25,67.38,1140.0
L405S-108,1222696,18:30,66.52000000000001,1108.8
L405S-108,1222696,18:35,66.22,1149.6
L405S-108,1222696,18:40,64.88,1008.0
L405S-108,1222696,18:45,64.86,1029.6
L405S-108,1222696,18:50,64.66,950.4
L405S-108,1222696,18:55,64.66,1104.0
L405S-108,1222696,19:00,64.86,969.6
L405S-108,1222696,19:05,64.88,964.8
L405S-108,1222696,19:10,65.36,1027.2
L405S-108,1222696,19:15,65.06,952.8
L405S-108,1222696,19:20,65.56,960.0
L405S-108,1222696,19:25,66.82000000000001,895.2
L405S-108,1222696,19:30,66.26,852.0
L405S-108,1222696,19:35,66.7,914.4
L405S-108,1222696,19:40,67.26,753.6
L405S-108,1222696,19:45,67.36,808.8
L405S-108,1222696,19:50,67.5,823.2
L405S-108,1222696,19:55,67.32000000000001,859.2
L405S-108,1222696,20:00,67.56,679.2
L405S-108,1222696,20:05,67.44,760.8
L405S-108,1222696,20:10,70.46000000000001,621.6
L405S-108,1222696,20:15,70.2,619.2
L405S-108,1222696,20:20,70.44,770.4
L405S-108,1222696,20:25,70.82000000000001,885.6
L405S-108,1222696,20:30,71.12,878.4
L405S-108,1222696,20:35,70.44,876.0
L405S-108,1222696,20:40,70.94,1108.8
L405S-108,1222696,20:45,70.96000000000001,1144.8
L405S-108,1222696,20:50,70.36,1072.8
L405S-108,1222696,20:55,70.7,1190.4
L405S-108,1222696,21:00,70.5,1005.6
L405S-108,1222696,21:05,70.86,1003.2
L405S-108,1222696,21:10,71.12,1195.2
L405S-108,1222696,21:15,71.05999999999999,1389.6
L405S-108,1222696,21:20,70.96000000000001,1622.4
L405S-108,1222696,21:25,71.11999999999999,1792.8
L405S-108,1222696,21:30,71.1,2222.4
L405S-108,1222696,21:35,71.24,2822.4
L405S-108,1222696,21:40,71.02000000000001,2865.6
L405S-108,1222696,21:45,70.94000000000001,2956.8
L405S-108,1222696,21:50,71.12,3151.2
L405S-108,1222696,21:55,71.06,2865.6
L405S-108,1222696,22:00,71.34,2740.8
L405S-108,1222696,22:05,71.46,2707.2
L405S-108,1222696,22:10,71.42,3079.2
L405S-108,1222696,22:15,71.47999999999999,3249.6
L405S-108,1222696,22:20,71.74,3638.4
L405S-108,1222696,22:25,71.56,3991.2
L405S-108,1222696,22:30,71.62,4495.2
L405S-108,1222696,22:35,71.64,4929.6
L405S-108,1222696,22:40,71.6,5704.8
L405S-108,1222696,22:45,71.56,6285.6
L405S-108,1222696,22:50,71.53999999999999,6808.8
L405S-108,1222696,22:55,71.32000000000001,6153.6
L405S-108,1222696,23:00,70.92,4860.0
L405S-108,1222696,23:05,71.24,6453.6
L405S-108,1222696,23:10,71.22,6456.0
L405S-108,1222696,23:15,71.42,6657.6
L405S-108,1222696,23:20,71.11999999999999,7788.0
L405S-108,1222696,23:25,71.0,8304.0
L405S-108,1222696,23:30,70.96000000000001,8510.4
L405S-108,1222696,23:35,70.82000000000001,8376.0
L405S-108,1222696,23:40,70.26,8294.4
L405S-108,1222696,23:45,70.52000000000001,8774.4
L405S-108,1222696,23:50,70.52000000000001,8755.2
L405S-108,1222696,23:55,70.52000000000001,8510.4
L405S-108,1222728,00:00,69.32000000000001,4958.4
L405S-108,1222728,00:05,69.55999999999999,5193.6
L405S-108,1222728,00:10,68.9,5438.4
L405S-108,1222728,00:15,68.8,5680.8
L405S-108,1222728,00:20,68.53999999999999,5714.4
L405S-108,1222728,00:25,68.4,5942.4
L405S-108,1222728,00:30,67.62,6204.0
L405S-108,1222728,00:35,67.92,6333.6
L405S-108,1222728,00:40,67.8,6511.2
L405S-108,1222728,00:45,67.6,6734.4
L405S-108,1222728,00:50,67.58,6391.2
L405S-108,1222728,00:55,67.24,6033.6
L405S-108,1222728,01:00,66.76,5940.0
L405S-108,1222728,01:05,66.53999999999999,5894.4
L405S-108,1222728,01:10,66.56,6124.8
L405S-108,1222728,01:15,66.4,6405.6
L405S-108,1222728,01:20,66.62,6348.0
L405S-108,1222728,01:25,66.16,6254.4
L405S-108,1222728,01:30,66.76,5841.6
L405S-108,1222728,01:35,66.5,6199.2
L405S-108,1222728,01:40,66.03999999999999,6518.4
L405S-108,1222728,01:45,65.72,6441.6
L405S-108,1222728,01:50,65.52000000000001,6328.8
L405S-108,1222728,01:55,65.88,6177.6
L405S-108,1222728,02:00,65.53999999999999,5985.6
L405S-108,1222728,02:05,64.84,6256.8
L405S-108,1222728,02:10,64.44000000000001,5985.6
L405S-108,1222728,02:15,64.74,6194.4
L405S-108,1222728,02:20,65.03999999999999,6244.8
L405S-108,1222728,02:25,64.44,6163.2
L405S-108,1222728,02:30,64.02000000000001,6304.8
L405S-108,1222728,02:35,63.46,6609.6
L405S-108,1222728,02:40,63.08,6880.8
L405S-108,1222728,02:45,62.760000000000005,6549.6
L405S-108,1222728,02:50,62.54,6674.4
L405S-108,1222728,02:55,63.32000000000001,6374.4
L405S-108,1222728,03:00,62.92,6259.2
L405S-108,1222728,03:05,62.94,6134.4
L405S-108,1222728,03:10,62.3,6621.6
L405S-108,1222728,03:15,62.36,6604.8
L405S-108,1222728,03:20,61.64,6775.2
L405S-108,1222728,03:25,62.14000000000001,6607.2
L405S-108,1222728,03:30,62.58,6542.4
L405S-108,1222728,03:35,61.84000000000001,6652.8
L405S-108,1222728,03:40,61.08,6952.8
L405S-108,1222728,03:45,61.94000000000001,6595.2
L405S-108,1222728,03:50,62.080000000000005,6991.2
L405S-108,1222728,03:55,62.120000000000005,6492.0
L405S-108,1222728,04:00,62.260000000000005,6624.0
L405S-108,1222728,04:05,62.0,6693.6
L405S-108,1222728,04:10,61.78000000000001,7034.4
L405S-108,1222728,04:15,61.720000000000006,6912.0
L405S-108,1222728,04:20,61.6,6926.4
L405S-108,1222728,04:25,60.739999999999995,7022.4
L405S-108,1222728,04:30,60.8,6883.2
L405S-108,1222728,04:35,61.14,7094.4
L405S-108,1222728,04:40,61.28000000000001,6864.0
L405S-108,1222728,04:45,61.02,7142.4
L405S-108,1222728,04:50,60.760000000000005,7024.8
L405S-108,1222728,04:55,61.040000000000006,6969.6
L405S-108,1222728,05:00,61.56,6794.4
L405S-108,1222728,05:05,61.78000000000001,6835.2
L405S-108,1222728,05:10,62.260000000000005,7269.6
L405S-108,1222728,05:15,62.34000000000001,7207.2
L405S-108,1222728,05:20,61.94000000000001,7159.2
L405S-108,1222728,05:25,61.56,7269.6
L405S-108,1222728,05:30,61.379999999999995,7370.4
L405S-108,1222728,05:35,61.160000000000004,7036.8
L405S-108,1222728,05:40,59.839999999999996,7620.0
L405S-108,1222728,05:45,60.42,7500.0
L405S-108,1222728,05:50,60.3,7392.0
L405S-108,1222728,05:55,60.120000000000005,7574.4
L405S-108,1222728,06:00,60.260000000000005,7557.6
L405S-108,1222728,06:05,60.739999999999995,7528.8
L405S-108,1222728,06:10,59.720000000000006,7543.2
L405S-108,1222728,06:15,59.720000000000006,7855.2
L405S-108,1222728,06:20,60.080000000000005,8229.6
L405S-108,1222728,06:25,60.24000000000001,8068.8
L405S-108,1222728,06:30,59.779999999999994,8205.6
L405S-108,1222728,06:35,58.260000000000005,8361.6
L405S-108,1222728,06:40,56.260000000000005,8652.0
L405S-108,1222728,06:45,54.42,8340.0
L405S-108,1222728,06:50,50.760000000000005,8073.6
L405S-108,1222728,06:55,49.84000000000001,8085.6
L405S-108,1222728,07:00,52.18000000000001,7972.8
L405S-108,1222728,07:05,52.620000000000005,8121.6
L405S-108,1222728,07:10,53.739999999999995,8440.8
L405S-108,1222728,07:15,53.620000000000005,8757.6
L405S-108,1222728,07:20,52.7,8546.4
L405S-108,1222728,07:25,52.44,8378.4
L405S-108,1222728,07:30,53.06,8148.0
L405S-108,1222728,07:35,53.56,8419.2
L405S-108,1222728,07:40,53.74000000000001,8937.6
L405S-108,1222728,07:45,53.580000000000005,8467.2
L405S-108,1222728,07:50,52.720000000000006,8697.6
L405S-108,1222728,07:55,52.54,8488.8
L405S-108,1222728,08:00,52.739999999999995,8582.4
L405S-108,1222728,08:05,52.02,8558.4
L405S-108,1222728,08:10,51.839999999999996,8349.6
L405S-108,1222728,08:15,51.839999999999996,8673.6
L405S-108,1222728,08:20,51.84000000000001,8616.0
L405S-108,1222728,08:25,51.92,8575.2
L405S-108,1222728,08:30,52.480000000000004,8263.2
L405S-108,1222728,08:35,51.220000000000006,8448.0
L405S-108,1222728,08:40,51.220000000000006,8464.8
L405S-108,1222728,08:45,51.46,8508.0
L405S-108,1222728,08:50,51.480000000000004,8575.2
L405S-108,1222728,08:55,50.839999999999996,8414.4
L405S-108,1222728,09:00,48.88,8210.4
L405S-108,1222728,09:05,46.72,8198.4
L405S-108,1222728,09:10,46.32000000000001,8352.0
L405S-108,1222728,09:15,46.620000000000005,8479.2
L405S-108,1222728,09:20,46.9,8493.6
L405S-108,1222728,09:25,46.3,8438.4
L405S-108,1222728,09:30,45.620000000000005,8191.2
L405S-108,1222728,09:35,44.0,8157.6
L405S-108,1222728,09:40,42.94,8085.6
L405S-108,1222728,09:45,43.38,8308.8
L405S-108,1222728,09:50,43.980000000000004,8258.4
L405S-108,1222728,09:55,45.660000000000004,8244.0
L405S-108,1222728,10:00,47.720000000000006,8522.4
L405S-108,1222728,10:05,43.839999999999996,7886.4
L405S-108,1222728,10:10,42.54,7860.0
L405S-108,1222728,10:15,42.4,8181.6
L405S-108,1222728,10:20,42.32,8164.8
L405S-108,1222728,10:25,43.220000000000006,8282.4
L405S-108,1222728,10:30,42.96,8270.4
L405S-108,1222728,10:35,40.760000000000005,7807.2
L405S-108,1222728,10:40,39.28,7879.2
L405S-108,1222728,10:45,40.82,7848.0
L405S-108,1222728,10:50,41.36,8112.0
L405S-108,1222728,10:55,42.02,7896.0
L405S-108,1222728,11:00,40.68,7850.4
L405S-108,1222728,11:05,41.8,8011.2
L405S-108,1222728,11:10,42.660000000000004,7903.2
L405S-108,1222728,11:15,43.1,8004.0
L405S-108,1222728,11:20,44.0,8167.2
L405S-108,1222728,11:25,45.44,8342.4
L405S-108,1222728,11:30,45.86,8188.8
L405S-108,1222728,11:35,48.06,8325.6
L405S-108,1222728,11:40,50.68,8126.4
L405S-108,1222728,11:45,51.720000000000006,7819.2
L405S-108,1222728,11:50,54.220000000000006,8114.4
L405S-108,1222728,11:55,57.44000000000001,7490.4
L405S-108,1222728,12:00,59.64,7543.2
L405S-108,1222728,12:05,61.4,7236.0
L405S-108,1222728,12:10,63.0,7327.2
L405S-108,1222728,12:15,63.34000000000001,7262.4
L405S-108,1222728,12:20,62.080000000000005,7368.0
L405S-108,1222728,12:25,63.2,7288.8
L405S-108,1222728,12:30,64.46000000000001,6820.8
L405S-108,1222728,12:35,64.84,6960.0
L405S-108,1222728,12:40,65.9,6472.8
L405S-108,1222728,12:45,65.84,6177.6
L405S-108,1222728,12:50,66.3,6278.4
L405S-108,1222728,12:55,66.28,5918.4
L405S-108,1222728,13:00,66.47999999999999,5728.8
L405S-108,1222728,13:05,66.8,5733.6
L405S-108,1222728,13:10,66.52000000000001,6115.2
L405S-108,1222728,13:15,66.42,5976.0
L405S-108,1222728,13:20,66.24000000000001,6040.8
L405S-108,1222728,13:25,66.82000000000001,6045.6
L405S-108,1222728,13:30,66.82000000000001,5712.0
L405S-108,1222728,13:35,66.88,5779.2
L405S-108,1222728,13:40,66.9,5563.2
L405S-108,1222728,13:45,67.28,5265.6
L405S-108,1222728,13:50,67.4,5589.6
L405S-108,1222728,13:55,67.53999999999999,5337.6
L405S-108,1222728,14:00,68.3,5016.0
L405S-108,1222728,14:05,68.82000000000001,4982.4
L405S-108,1222728,14:10,69.38,5042.4
L405S-108,1222728,14:15,69.28,4884.0
L405S-108,1222728,14:20,69.62,5023.2
L405S-108,1222728,14:25,69.97999999999999,4816.8
L405S-108,1222728,14:30,70.4,4735.2
L405S-108,1222728,14:35,70.3,4648.8
L405S-108,1222728,14:40,70.14,4437.6
L405S-108,1222728,14:45,70.92,4332.0
L405S-108,1222728,14:50,71.12,4048.8
L405S-108,1222728,14:55,71.5,3818.4
L405S-108,1222728,15:00,71.16,3806.4
L405S-108,1222728,15:05,70.74,3729.6
L405S-108,1222728,15:10,70.78,3960.0
L405S-108,1222728,15:15,71.0,3892.8
L405S-108,1222728,15:20,71.02000000000001,3405.6
L405S-108,1222728,15:25,71.12,3667.2
L405S-108,1222728,15:30,70.32000000000001,3187.2
L405S-108,1222728,15:35,70.62,2911.2
L405S-108,1222728,15:40,70.2,2865.6
L405S-108,1222728,15:45,70.7,2589.6
L405S-108,1222728,15:50,70.78,3007.2
L405S-108,1222728,15:55,70.26,2834.4
L405S-108,1222728,16:00,69.72,2748.0
L405S-108,1222728,16:05,69.16,2416.8
L405S-108,1222728,16:10,69.42,2534.4
L405S-108,1222728,16:15,69.4,2589.6
L405S-108,1222728,16:20,69.52000000000001,2424.0
L405S-108,1222728,16:25,70.22,2138.4
L405S-108,1222728,16:30,69.36,2083.2
L405S-108,1222728,16:35,69.47999999999999,1936.8
L405S-108,1222728,16:40,69.6,2056.8
L405S-108,1222728,16:45,70.02000000000001,2030.4
L405S-108,1222728,16:50,69.46000000000001,1807.2
L405S-108,1222728,16:55,69.38,1603.2
L405S-108,1222728,17:00,69.66,1461.6
L405S-108,1222728,17:05,70.08,1305.6
L405S-108,1222728,17:10,69.02000000000001,1444.8
L405S-108,1222728,17:15,69.3,1399.2
L405S-108,1222728,17:20,68.94,1293.6
L405S-108,1222728,17:25,69.56,1267.2
L405S-108,1222728,17:30,69.08000000000001,1164.0
L405S-108,1222728,17:35,69.94,1118.4
L405S-108,1222728,17:40,69.2,1166.4
L405S-108,1222728,17:45,68.86,1075.2
L405S-108,1222728,17:50,69.06,1020.0
L405S-108,1222728,17:55,69.02000000000001,859.2
L405S-108,1222728,18:00,69.36,847.2
L405S-108,1222728,18:05,69.46000000000001,823.2
L405S-108,1222728,18:10,69.88,885.6
L405S-108,1222728,18:15,69.53999999999999,849.6
L405S-108,1222728,18:20,68.97999999999999,698.4
L405S-108,1222728,18:25,69.62,756.0
L405S-108,1222728,18:30,69.12,717.6
L405S-108,1222728,18:35,69.42,782.4
L405S-108,1222728,18:40,69.4,753.6
L405S-108,1222728,18:45,69.56,768.0
L405S-108,1222728,18:50,68.78,652.8
L405S-108,1222728,18:55,68.94,667.2
L405S-108,1222728,19:00,68.91999999999999,592.8
L405S-108,1222728,19:05,69.03999999999999,602.4
L405S-108,1222728,19:10,69.34,684.0
L405S-108,1222728,19:15,69.53999999999999,578.4
L405S-108,1222728,19:20,68.82000000000001,542.4
L405S-108,1222728,19:25,69.3,535.2
L405S-108,1222728,19:30,69.52000000000001,480.0
L405S-108,1222728,19:35,69.76,626.4
L405S-108,1222728,19:40,69.6,535.2
L405S-108,1222728,19:45,69.78,520.8
L405S-108,1222728,19:50,69.46000000000001,482.4
L405S-108,1222728,19:55,69.67999999999999,506.4
L405S-108,1222728,20:00,69.34,532.8
L405S-108,1222728,20:05,69.76,460.8
L405S-108,1222728,20:10,69.67999999999999,501.6
L405S-108,1222728,20:15,70.1,561.6
L405S-108,1222728,20:20,69.52000000000001,511.2
L405S-108,1222728,20:25,69.97999999999999,506.4
L405S-108,1222728,20:30,69.74,480.0
L405S-108,1222728,20:35,69.9,499.2
L405S-108,1222728,20:40,70.1,571.2
L405S-108,1222728,20:45,69.44,693.6
L405S-108,1222728,20:50,69.35999999999999,765.6
L405S-108,1222728,20:55,69.64,674.4
L405S-108,1222728,21:00,70.03999999999999,732.0
L405S-108,1222728,21:05,70.38,780.0
L405S-108,1222728,21:10,70.34,943.2
L405S-108,1222728,21:15,70.47999999999999,993.6
L405S-108,1222728,21:20,71.06,1012.8
L405S-108,1222728,21:25,70.46000000000001,1116.0
L405S-108,1222728,21:30,70.44,1332.0
L405S-108,1222728,21:35,70.44,1339.2
L405S-108,1222728,21:40,70.22,1358.4
L405S-108,1222728,21:45,70.64,1483.2
L405S-108,1222728,21:50,70.58,1744.8
L405S-108,1222728,21:55,70.2,1694.4
L405S-108,1222728,22:00,70.44,1706.4
L405S-108,1222728,22:05,71.38,1977.6
L405S-108,1222728,22:10,71.02000000000001,2313.6
L405S-108,1222728,22:15,71.16,2450.4
L405S-108,1222728,22:20,71.84,2697.6
L405S-108,1222728,22:25,71.3,2781.6
L405S-108,1222728,22:30,71.44,2752.8
L405S-108,1222728,22:35,71.72,2904.0
L405S-108,1222728,22:40,71.22,3367.2
L405S-108,1222728,22:45,71.14,3458.4
L405S-108,1222728,22:50,71.56,3408.0
L405S-108,1222728,22:55,71.94,3300.0
L405S-108,1222728,23:00,71.32000000000001,3338.4
L405S-108,1222728,23:05,71.28,3264.0
L405S-108,1222728,23:10,70.75999999999999,3638.4
L405S-108,1222728,23:15,69.94,4190.4
L405S-108,1222728,23:20,70.42,4154.4
L405S-108,1222728,23:25,69.76,4010.4
L405S-108,1222728,23:30,70.3,4262.4
L405S-108,1222728,23:35,70.28,4507.2
L405S-108,1222728,23:40,69.86,4677.6
L405S-108,1222728,23:45,69.72,4723.2
L405S-108,1222728,23:50,69.78,4766.4
L405S-108,1222728,23:55,69.72,4509.6
L405S-109,1222978,00:00,60.5,8880.0
L405S-109,1222978,00:05,59.96,9252.0
L405S-109,1222978,00:10,59.8,9883.2
L405S-109,1222978,00:15,59.9,9588.0
L405S-109,1222978,00:20,59.9,9955.2
L405S-109,1222978,00:25,60.06,9616.8
L405S-109,1222978,00:30,60.32000000000001,9110.4
L405S-109,1222978,00:35,61.239999999999995,9196.8
L405S-109,1222978,00:40,60.86,9156.0
L405S-109,1222978,00:45,60.2,9393.6
L405S-109,1222978,00:50,59.67999999999999,9194.4
L405S-109,1222978,00:55,59.260000000000005,9213.6
L405S-109,1222978,01:00,59.260000000000005,9064.8
L405S-109,1222978,01:05,58.88000000000001,9076.8
L405S-109,1222978,01:10,59.040000000000006,8925.6
L405S-109,1222978,01:15,59.54,8949.6
L405S-109,1222978,01:20,59.9,9105.6
L405S-109,1222978,01:25,60.06,9158.4
L405S-109,1222978,01:30,59.220000000000006,8997.6
L405S-109,1222978,01:35,58.48,9590.4
L405S-109,1222978,01:40,58.68000000000001,9134.4
L405S-109,1222978,01:45,58.36,9578.4
L405S-109,1222978,01:50,58.7,8784.0
L405S-109,1222978,01:55,59.2,8971.2
L405S-109,1222978,02:00,59.02,8450.4
L405S-109,1222978,02:05,58.06,8671.2
L405S-109,1222978,02:10,57.96,8467.2
L405S-109,1222978,02:15,57.739999999999995,8762.4
L405S-109,1222978,02:20,58.04,9158.4
L405S-109,1222978,02:25,58.94000000000001,8620.8
L405S-109,1222978,02:30,58.980000000000004,8959.2
L405S-109,1222978,02:35,58.52,8971.2
L405S-109,1222978,02:40,58.839999999999996,9580.8
L405S-109,1222978,02:45,58.68000000000001,9148.8
L405S-109,1222978,02:50,58.4,8944.8
L405S-109,1222978,02:55,57.74000000000001,8750.4
L405S-109,1222978,03:00,58.52,8498.4
L405S-109,1222978,03:05,58.220000000000006,8344.8
L405S-109,1222978,03:10,58.8,8596.8
L405S-109,1222978,03:15,58.260000000000005,8860.8
L405S-109,1222978,03:20,57.46,8971.2
L405S-109,1222978,03:25,57.18000000000001,8884.8
L405S-109,1222978,03:30,57.120000000000005,9321.6
L405S-109,1222978,03:35,57.3,9163.2
L405S-109,1222978,03:40,57.42,9254.4
L405S-109,1222978,03:45,57.82000000000001,9364.8
L405S-109,1222978,03:50,58.44000000000001,8692.8
L405S-109,1222978,03:55,58.84000000000001,8728.8
L405S-109,1222978,04:00,58.56,9100.8
L405S-109,1222978,04:05,58.3,8815.2
L405S-109,1222978,04:10,58.14000000000001,8690.4
L405S-109,1222978,04:15,57.660000000000004,9432.0
L405S-109,1222978,04:20,56.96,9244.8
L405S-109,1222978,04:25,56.86,9309.6
L405S-109,1222978,04:30,57.02,9096.0
L405S-109,1222978,04:35,57.0,9542.4
L405S-109,1222978,04:40,57.34000000000001,9434.4
L405S-109,1222978,04:45,57.3,9220.8
L405S-109,1222978,04:50,57.92,9000.0
L405S-109,1222978,04:55,58.36,8820.0
L405S-109,1222978,05:00,58.96,8779.2
L405S-109,1222978,05:05,59.17999999999999,8798.4
L405S-109,1222978,05:10,58.48,8707.2
L405S-109,1222978,05:15,59.0,9033.6
L405S-109,1222978,05:20,59.339999999999996,9326.4
L405S-109,1222978,05:25,59.06,9396.0
L405S-109,1222978,05:30,58.32000000000001,9084.0
L405S-109,1222978,05:35,58.06,9201.6
L405S-109,1222978,05:40,58.160000000000004,8755.2
L405S-109,1222978,05:45,57.760000000000005,9326.4
L405S-109,1222978,05:50,58.6,9223.2
L405S-109,1222978,05:55,58.739999999999995,9043.2
L405S-109,1222978,06:00,59.3,8438.4
L405S-109,1222978,06:05,59.6,9472.8
L405S-109,1222978,06:10,59.42,9285.6
L405S-109,1222978,06:15,60.06,9151.2
L405S-109,1222978,06:20,60.34000000000001,9177.6
L405S-109,1222978,06:25,59.74000000000001,9340.8
L405S-109,1222978,06:30,59.96,9132.0
L405S-109,1222978,06:35,59.32000000000001,9338.4
L405S-109,1222978,06:40,58.86,9794.4
L405S-109,1222978,06:45,58.96,9408.0
L405S-109,1222978,06:50,58.540000000000006,9597.6
L405S-109,1222978,06:55,58.86,9283.2
L405S-109,1222978,07:00,58.18000000000001,9338.4
L405S-109,1222978,07:05,57.720000000000006,9175.2
L405S-109,1222978,07:10,57.580000000000005,9458.4
L405S-109,1222978,07:15,57.42,9444.0
L405S-109,1222978,07:20,57.1,9626.4
L405S-109,1222978,07:25,57.78000000000001,9300.0
L405S-109,1222978,07:30,57.52,9268.8
L405S-109,1222978,07:35,57.32000000000001,9756.0
L405S-109,1222978,07:40,57.42,9468.0
L405S-109,1222978,07:45,58.24000000000001,9588.0
L405S-109,1222978,07:50,58.02,9415.2
L405S-109,1222978,07:55,57.98,9321.6
L405S-109,1222978,08:00,57.980000000000004,9528.0
L405S-109,1222978,08:05,57.64000000000001,9688.8
L405S-109,1222978,08:10,57.86,9643.2
L405S-109,1222978,08:15,58.040000000000006,9453.6
L405S-109,1222978,08:20,58.339999999999996,9436.8
L405S-109,1222978,08:25,59.080000000000005,9672.0
L405S-109,1222978,08:30,59.64000000000001,9232.8
L405S-109,1222978,08:35,59.660000000000004,9736.8
L405S-109,1222978,08:40,58.78000000000001,9799.2
L405S-109,1222978,08:45,59.120000000000005,9722.4
L405S-109,1222978,08:50,59.220000000000006,9520.8
L405S-109,1222978,08:55,58.74000000000001,9578.4
L405S-109,1222978,09:00,59.1,9508.8
L405S-109,1222978,09:05,59.160000000000004,9669.6
L405S-109,1222978,09:10,58.48,9657.6
L405S-109,1222978,09:15,58.120000000000005,9756.0
L405S-109,1222978,09:20,58.660000000000004,9880.8
L405S-109,1222978,09:25,58.04,9854.4
L405S-109,1222978,09:30,58.04,9712.8
L405S-109,1222978,09:35,58.220000000000006,10111.2
L405S-109,1222978,09:40,58.580000000000005,9892.8
L405S-109,1222978,09:45,58.6,9864.0
L405S-109,1222978,09:50,58.620000000000005,9967.2
L405S-109,1222978,09:55,58.839999999999996,9909.6
L405S-109,1222978,10:00,58.660000000000004,9808.8
L405S-109,1222978,10:05,58.4,9571.2
L405S-109,1222978,10:10,58.82000000000001,9847.2
L405S-109,1222978,10:15,59.24000000000001,10003.2
L405S-109,1222978,10:20,58.48,10008.0
L405S-109,1222978,10:25,57.94,10075.2
L405S-109,1222978,10:30,58.38000000000001,10022.4
L405S-109,1222978,10:35,59.0,9806.4
L405S-109,1222978,10:40,59.64,9808.8
L405S-109,1222978,10:45,59.88000000000001,9751.2
L405S-109,1222978,10:50,60.04,9638.4
L405S-109,1222978,10:55,60.739999999999995,9633.6
L405S-109,1222978,11:00,61.08,9602.4
L405S-109,1222978,11:05,61.779999999999994,9280.8
L405S-109,1222978,11:10,61.54,9307.2
L405S-109,1222978,11:15,62.739999999999995,9324.0
L405S-109,1222978,11:20,63.2,9290.4
L405S-109,1222978,11:25,63.779999999999994,8985.6
L405S-109,1222978,11:30,63.620000000000005,9187.2
L405S-109,1222978,11:35,64.06,8848.8
L405S-109,1222978,11:40,63.4,8688.0
L405S-109,1222978,11:45,63.3,8798.4
L405S-109,1222978,11:50,63.56,8632.8
L405S-109,1222978,11:55,63.660000000000004,8443.2
L405S-109,1222978,12:00,63.8,8275.2
L405S-109,1222978,12:05,63.660000000000004,8284.8
L405S-109,1222978,12:10,64.46000000000001,7977.6
L405S-109,1222978,12:15,64.6,8008.8
L405S-109,1222978,12:20,65.16,8205.6
L405S-109,1222978,12:25,65.0,8128.8
L405S-109,1222978,12:30,65.17999999999999,7744.8
L405S-109,1222978,12:35,65.84,7802.4
L405S-109,1222978,12:40,65.6,8215.2
L405S-109,1222978,12:45,66.44,7341.6
L405S-109,1222978,12:50,66.96,7886.4
L405S-109,1222978,12:55,66.7,7300.8
L405S-109,1222978,13:00,66.36,7420.8
L405S-109,1222978,13:05,66.52000000000001,6914.4
L405S-109,1222978,13:10,67.1,7132.8
L405S-109,1222978,13:15,67.34,6568.8
L405S-109,1222978,13:20,67.9,6259.2
L405S-109,1222978,13:25,67.53999999999999,6556.8
L405S-109,1222978,13:30,67.24,6393.6
L405S-109,1222978,13:35,66.74,6038.4
L405S-109,1222978,13:40,66.34,6062.4
L405S-109,1222978,13:45,65.62,5716.8
L405S-109,1222978,13:50,66.46000000000001,5656.8
L405S-109,1222978,13:55,65.82000000000001,5832.0
L405S-109,1222978,14:00,66.62,5740.8
L405S-109,1222978,14:05,67.28,5748.0
L405S-109,1222978,14:10,67.52000000000001,5500.8
L405S-109,1222978,14:15,68.12,5368.8
L405S-109,1222978,14:20,68.02000000000001,5738.4
L405S-109,1222978,14:25,68.34,5553.6
L405S-109,1222978,14:30,68.72,5383.2
L405S-109,1222978,14:35,69.14,5210.4
L405S-109,1222978,14:40,69.3,4951.2
L405S-109,1222978,14:45,69.1,5440.8
L405S-109,1222978,14:50,69.72,4821.6
L405S-109,1222978,14:55,69.56,4828.8
L405S-109,1222978,15:00,68.14,4840.8
L405S-109,1222978,15:05,67.26,4593.6
L405S-109,1222978,15:10,67.46000000000001,4562.4
L405S-109,1222978,15:15,67.46,4874.4
L405S-109,1222978,15:20,67.92,4627.2
L405S-109,1222978,15:25,68.08,4572.0
L405S-109,1222978,15:30,68.08,4497.6
L405S-109,1222978,15:35,68.16,4332.0
L405S-109,1222978,15:40,68.4,4368.0
L405S-109,1222978,15:45,68.16,4272.0
L405S-109,1222978,15:50,67.2,4317.6
L405S-109,1222978,15:55,67.78,4135.2
L405S-109,1222978,16:00,67.72,3624.0
L405S-109,1222978,16:05,67.86,3763.2
L405S-109,1222978,16:10,67.42,3669.6
L405S-109,1222978,16:15,67.53999999999999,3590.4
L405S-109,1222978,16:20,67.74,3537.6
L405S-109,1222978,16:25,68.42,3292.8
L405S-109,1222978,16:30,68.42,3319.2
L405S-109,1222978,16:35,68.68,3086.4
L405S-109,1222978,16:40,68.47999999999999,3177.6
L405S-109,1222978,16:45,68.4,3199.2
L405S-109,1222978,16:50,68.38,2971.2
L405S-109,1222978,16:55,67.88,2793.6
L405S-109,1222978,17:00,69.53999999999999,2786.4
L405S-109,1222978,17:05,68.12,2359.2
L405S-109,1222978,17:10,68.3,2440.8
L405S-109,1222978,17:15,67.0,2522.4
L405S-109,1222978,17:20,67.08,2428.8
L405S-109,1222978,17:25,67.16,2284.8
L405S-109,1222978,17:30,66.64,2244.0
L405S-109,1222978,17:35,66.26,1965.6
L405S-109,1222978,17:40,66.84,1980.0
L405S-109,1222978,17:45,66.34,1864.8
L405S-109,1222978,17:50,66.92,1706.4
L405S-109,1222978,17:55,67.64,1665.6
L405S-109,1222978,18:00,66.58,1531.2
L405S-109,1222978,18:05,66.62,1437.6
L405S-109,1222978,18:10,67.8,1408.8
L405S-109,1222978,18:15,67.3,1288.8
L405S-109,1222978,18:20,67.12,1149.6
L405S-109,1222978,18:25,67.02000000000001,1128.0
L405S-109,1222978,18:30,66.62,1173.6
L405S-109,1222978,18:35,66.67999999999999,1070.4
L405S-109,1222978,18:40,66.78,1027.2
L405S-109,1222978,18:45,67.42,1072.8
L405S-109,1222978,18:50,68.52000000000001,878.4
L405S-109,1222978,18:55,68.05999999999999,1032.0
L405S-109,1222978,19:00,67.9,928.8
L405S-109,1222978,19:05,66.62,832.8
L405S-109,1222978,19:10,66.1,796.8
L405S-109,1222978,19:15,67.66,1012.8
L405S-109,1222978,19:20,67.76,1010.4
L405S-109,1222978,19:25,67.5,890.4
L405S-109,1222978,19:30,68.32000000000001,948.0
L405S-109,1222978,19:35,67.26,933.6
L405S-109,1222978,19:40,67.22,849.6
L405S-109,1222978,19:45,67.74,904.8
L405S-109,1222978,19:50,67.44,883.2
L405S-109,1222978,19:55,67.96000000000001,842.4
L405S-109,1222978,20:00,68.76,955.2
L405S-109,1222978,20:05,68.38,984.0
L405S-109,1222978,20:10,68.35999999999999,832.8
L405S-109,1222978,20:15,68.74,1012.8
L405S-109,1222978,20:20,67.72,1036.8
L405S-109,1222978,20:25,68.32000000000001,909.6
L405S-109,1222978,20:30,68.14,1161.6
L405S-109,1222978,20:35,67.76,1075.2
L405S-109,1222978,20:40,67.58,1248.0
L405S-109,1222978,20:45,67.53999999999999,1399.2
L405S-109,1222978,20:50,67.97999999999999,1305.6
L405S-109,1222978,20:55,67.6,1149.6
L405S-109,1222978,21:00,67.61999999999999,1113.6
L405S-109,1222978,21:05,67.17999999999999,1209.6
L405S-109,1222978,21:10,66.67999999999999,1428.0
L405S-109,1222978,21:15,66.02000000000001,1598.4
L405S-109,1222978,21:20,66.7,1677.6
L405S-109,1222978,21:25,66.58,2008.8
L405S-109,1222978,21:30,66.14,2409.6
L405S-109,1222978,21:35,66.97999999999999,2476.8
L405S-109,1222978,21:40,67.82000000000001,2784.0
L405S-109,1222978,21:45,66.84,3134.4
L405S-109,1222978,21:50,66.82000000000001,2966.4
L405S-109,1222978,21:55,66.72,2899.2
L405S-109,1222978,22:00,68.02000000000001,2740.8
L405S-109,1222978,22:05,68.28,2788.8
L405S-109,1222978,22:10,68.22,3165.6
L405S-109,1222978,22:15,68.64,3669.6
L405S-109,1222978,22:20,68.68,4135.2
L405S-109,1222978,22:25,68.67999999999999,4413.6
L405S-109,1222978,22:30,68.2,5032.8
L405S-109,1222978,22:35,67.58,5692.8
L405S-109,1222978,22:40,68.0,6518.4
L405S-109,1222978,22:45,68.0,6993.6
L405S-109,1222978,22:50,64.84,6086.4
L405S-109,1222978,22:55,61.779999999999994,6508.8
L405S-109,1222978,23:00,63.46,6261.6
L405S-109,1222978,23:05,64.84,6180.0
L405S-109,1222978,23:10,65.44000000000001,7015.2
L405S-109,1222978,23:15,65.52000000000001,7684.8
L405S-109,1222978,23:20,65.0,8100.0
L405S-109,1222978,23:25,64.76,8500.8
L405S-109,1222978,23:30,64.42,8515.2
L405S-109,1222978,23:35,63.17999999999999,9043.2
L405S-109,1222978,23:40,62.540000000000006,8932.8
L405S-109,1222978,23:45,63.08,8421.6
L405S-109,1222978,23:50,63.120000000000005,8265.6
L405S-109,1222978,23:55,63.17999999999999,8174.4
L405S-110,1201941,00:00,60.76666666666667,8552.0
L405S-110,1201941,00:05,62.73333333333334,8832.0
L405S-110,1201941,00:10,59.5,9960.0
L405S-110,1201941,00:15,53.6,9132.0
L405S-110,1201941,00:20,56.400000000000006,9768.0
L405S-110,1201941,00:25,59.79999999999999,8916.0
L405S-110,1201941,00:30,57.73333333333333,8940.0
L405S-110,1201941,00:35,59.03333333333333,9380.0
L405S-110,1201941,00:40,60.43333333333334,9172.0
L405S-110,1201941,00:45,62.03333333333333,8384.0
L405S-110,1201941,00:50,60.93333333333334,8204.0
L405S-110,1201941,00:55,61.53333333333333,8160.0
L405S-110,1201941,01:00,61.43333333333334,7680.0
L405S-110,1201941,01:05,58.33333333333334,8804.0
L405S-110,1201941,01:10,61.06666666666666,8288.0
L405S-110,1201941,01:15,54.23333333333334,8332.0
L405S-110,1201941,01:20,50.5,7896.0
L405S-110,1201941,01:25,41.70000000000001,8568.0
L405S-110,1201941,01:30,57.95,8772.0
L405S-110,1201941,01:35,49.03333333333333,8576.0
L405S-110,1201941,01:40,51.76666666666667,8716.0
L405S-110,1201941,01:45,57.63333333333335,8372.0
L405S-110,1201941,01:50,51.300000000000004,7984.0
L405S-110,1201941,01:55,52.333333333333336,8072.0
L405S-110,1201941,02:00,53.699999999999996,7688.0
L405S-110,1201941,02:05,52.800000000000004,7640.0
L405S-110,1201941,02:10,52.93333333333334,6660.0
L405S-110,1201941,02:15,55.23333333333334,8716.0
L405S-110,1201941,02:20,54.900000000000006,7928.0
L405S-110,1201941,02:25,52.06666666666667,7792.0
L405S-110,1201941,02:30,55.53333333333333,8764.0
L405S-110,1201941,02:35,59.23333333333333,8212.0
L405S-110,1201941,02:40,61.93333333333334,9208.0
L405S-110,1201941,02:45,53.366666666666674,7700.0
L405S-110,1201941,02:50,49.6,8552.0
L405S-110,1201941,02:55,51.53333333333334,7748.0
L405S-110,1201941,03:00,53.6,7776.0
L405S-110,1201941,03:05,50.06666666666667,7132.0
L405S-110,1201941,03:10,53.03333333333334,7060.0
L405S-110,1201941,03:15,46.76666666666667,7944.0
L405S-110,1201941,03:20,51.833333333333336,7972.0
L405S-110,1201941,03:25,53.23333333333334,7488.0
L405S-110,1201941,03:30,55.900000000000006,9032.0
L405S-110,1201941,03:35,54.23333333333333,8272.0
L405S-110,1201941,03:40,52.96666666666667,8016.0
L405S-110,1201941,03:45,50.63333333333333,8368.0
L405S-110,1201941,03:50,56.833333333333336,7856.0
L405S-110,1201941,03:55,50.0,7716.0
L405S-110,1201941,04:00,51.13333333333335,8116.0
L405S-110,1201941,04:05,54.20000000000001,8132.0
L405S-110,1201941,04:10,56.366666666666674,7856.0
L405S-110,1201941,04:15,52.300000000000004,7780.0
L405S-110,1201941,04:20,54.23333333333334,8600.0
L405S-110,1201941,04:25,44.0,8104.0
L405S-110,1201941,04:30,49.03333333333333,8348.0
L405S-110,1201941,04:35,45.70000000000001,8200.0
L405S-110,1201941,04:40,47.333333333333336,7960.0
L405S-110,1201941,04:45,51.199999999999996,8292.0
L405S-110,1201941,04:50,56.13333333333333,8556.0
L405S-110,1201941,04:55,59.699999999999996,7748.0
L405S-110,1201941,05:00,56.56666666666666,8064.0
L405S-110,1201941,05:05,54.900000000000006,7364.0
L405S-110,1201941,05:10,50.03333333333334,8144.0
L405S-110,1201941,05:15,51.66666666666668,8188.0
L405S-110,1201941,05:20,57.43333333333334,8460.0
L405S-110,1201941,05:25,58.13333333333335,8484.0
L405S-110,1201941,05:30,55.333333333333336,8344.0
L405S-110,1201941,05:35,47.53333333333333,8348.0
L405S-110,1201941,05:40,50.26666666666667,8272.0
L405S-110,1201941,05:45,54.23333333333334,8164.0
L405S-110,1201941,05:50,50.900000000000006,8452.0
L405S-110,1201941,05:55,56.866666666666674,8060.0
L405S-110,1201941,06:00,53.4,7252.0
L405S-110,1201941,06:05,55.4,8192.0
L405S-110,1201941,06:10,47.199999999999996,8156.0
L405S-110,1201941,06:15,55.46666666666667,8360.0
L405S-110,1201941,06:20,53.93333333333334,8456.0
L405S-110,1201941,06:25,56.43333333333334,8368.0
L405S-110,1201941,06:30,61.166666666666664,8340.0
L405S-110,1201941,06:35,59.96666666666667,8372.0
L405S-110,1201941,06:40,57.03333333333333,8808.0
L405S-110,1201941,06:45,61.400000000000006,9100.0
L405S-110,1201941,06:50,51.26666666666667,8968.0
L405S-110,1201941,06:55,46.800000000000004,8072.0
L405S-110,1201941,07:00,46.56666666666667,8768.0
L405S-110,1201941,07:05,47.0,8668.0
L405S-110,1201941,07:10,46.6,9180.0
L405S-110,1201941,07:15,42.900000000000006,8884.0
L405S-110,1201941,07:20,48.650000000000006,7782.0
L405S-110,1201941,07:25,46.6,8460.0
L405S-110,1201941,07:30,51.13333333333333,9016.0
L405S-110,1201941,07:35,52.73333333333333,9220.0
L405S-110,1201941,07:40,53.800000000000004,8652.0
L405S-110,1201941,07:45,51.06666666666667,8932.0
L405S-110,1201941,07:50,51.333333333333336,8944.0
L405S-110,1201941,07:55,50.93333333333334,8724.0
L405S-110,1201941,08:00,50.56666666666666,7316.0
L405S-110,1201941,08:05,42.833333333333336,7804.0
L405S-110,1201941,08:10,50.03333333333334,9068.0
L405S-110,1201941,08:15,54.70000000000001,8964.0
L405S-110,1201941,08:20,52.5,8972.0
L405S-110,1201941,08:25,54.666666666666664,8540.0
L405S-110,1201941,08:30,56.96666666666667,8080.0
L405S-110,1201941,08:35,54.46666666666667,7992.0
L405S-110,1201941,08:40,54.166666666666664,8868.0
L405S-110,1201941,08:45,57.03333333333334,8856.0
L405S-110,1201941,08:50,55.333333333333336,9044.0
L405S-110,1201941,08:55,54.56666666666666,9324.0
L405S-110,1201941,09:00,55.900000000000006,8224.0
L405S-110,1201941,09:05,58.13333333333333,9584.0
L405S-110,1201941,09:10,58.63333333333333,8824.0
L405S-110,1201941,09:15,53.400000000000006,9068.0
L405S-110,1201941,09:20,52.699999999999996,9160.0
L405S-110,1201941,09:25,58.26666666666667,8980.0
L405S-110,1201941,09:30,56.800000000000004,9456.0
L405S-110,1201941,09:35,54.0,9320.0
L405S-110,1201941,09:40,57.03333333333333,9108.0
L405S-110,1201941,09:45,54.866666666666674,9380.0
L405S-110,1201941,09:50,57.03333333333333,9756.0
L405S-110,1201941,09:55,52.1,8988.0
L405S-110,1201941,10:00,51.93333333333334,9352.0
L405S-110,1201941,10:05,55.06666666666666,9248.0
L405S-110,1201941,10:10,54.96666666666667,9388.0
L405S-110,1201941,10:15,52.9,9392.0
L405S-110,1201941,10:20,46.5,9332.0
L405S-110,1201941,10:25,47.16666666666668,9528.0
L405S-110,1201941,10:30,47.56666666666667,9752.0
L405S-110,1201941,10:35,54.5,9192.0
L405S-110,1201941,10:40,54.6,8908.0
L405S-110,1201941,10:45,60.1,9156.0
L405S-110,1201941,10:50,58.43333333333334,8504.0
L405S-110,1201941,10:55,50.73333333333334,8864.0
L405S-110,1201941,11:00,44.833333333333336,8544.0
L405S-110,1201941,11:05,53.800000000000004,9116.0
L405S-110,1201941,11:10,52.833333333333336,8868.0
L405S-110,1201941,11:15,47.300000000000004,8960.0
L405S-110,1201941,11:20,52.20000000000001,8744.0
L405S-110,1201941,11:25,48.800000000000004,8616.0
L405S-110,1201941,11:30,51.43333333333334,8172.0
L405S-110,1201941,11:35,52.0,8136.0
L405S-110,1201941,11:40,45.76666666666667,8048.0
L405S-110,1201941,11:45,42.00000000000001,7900.0
L405S-110,1201941,11:50,51.866666666666674,7896.0
L405S-110,1201941,11:55,53.03333333333334,7400.0
L405S-110,1201941,12:00,54.06666666666667,7588.0
L405S-110,1201941,12:05,49.56666666666666,7540.0
L405S-110,1201941,12:10,46.333333333333336,7468.0
L405S-110,1201941,12:15,47.13333333333333,6956.0
L405S-110,1201941,12:20,56.0,7464.0
L405S-110,1201941,12:25,50.800000000000004,6892.0
L405S-110,1201941,12:30,50.1,7436.0
L405S-110,1201941,12:35,56.93333333333334,6712.0
L405S-110,1201941,12:40,59.03333333333334,6972.0
L405S-110,1201941,12:45,55.70000000000001,6976.0
L405S-110,1201941,12:50,61.96666666666667,7264.0
L405S-110,1201941,12:55,62.93333333333334,6272.0
L405S-110,1201941,13:00,56.13333333333333,6400.0
L405S-110,1201941,13:05,59.03333333333333,5980.0
L405S-110,1201941,13:10,52.333333333333336,6320.0
L405S-110,1201941,13:15,52.0,5536.0
L405S-110,1201941,13:20,60.56666666666666,5652.0
L405S-110,1201941,13:25,56.70000000000001,5888.0
L405S-110,1201941,13:30,54.1,5772.0
L405S-110,1201941,13:35,46.333333333333336,5592.0
L405S-110,1201941,13:40,49.4,5388.0
L405S-110,1201941,13:45,57.833333333333336,4988.0
L405S-110,1201941,13:50,58.20000000000001,5020.0
L405S-110,1201941,13:55,53.06666666666667,5192.0
L405S-110,1201941,14:00,65.16666666666667,5008.0
L405S-110,1201941,14:05,65.7,5336.0
L405S-110,1201941,14:10,69.56666666666668,4840.0
L405S-110,1201941,14:15,66.66666666666667,4648.0
L405S-110,1201941,14:20,59.300000000000004,4996.0
L405S-110,1201941,14:25,59.73333333333334,5140.0
L405S-110,1201941,14:30,62.03333333333333,4920.0
L405S-110,1201941,14:35,71.76666666666667,4304.0
L405S-110,1201941,14:40,55.93333333333333,4492.0
L405S-110,1201941,14:45,55.966666666666676,4952.0
L405S-110,1201941,14:50,52.96666666666666,4056.0
L405S-110,1201941,14:55,61.20000000000001,3800.0
L405S-110,1201941,15:00,54.6,4408.0
L405S-110,1201941,15:05,50.26666666666667,4356.0
L405S-110,1201941,15:10,44.03333333333334,4020.0
L405S-110,1201941,15:15,57.166666666666664,4588.0
L405S-110,1201941,15:20,69.63333333333334,4364.0
L405S-110,1201941,15:25,65.33333333333333,4168.0
L405S-110,1201941,15:30,67.66666666666667,4112.0
L405S-110,1201941,15:35,58.9,3608.0
L405S-110,1201941,15:40,57.1,3460.0
L405S-110,1201941,15:45,66.89999999999999,3684.0
L405S-110,1201941,15:50,68.3,4236.0
L405S-110,1201941,15:55,65.3,3628.0
L405S-110,1201941,16:00,70.26666666666667,3256.0
L405S-110,1201941,16:05,67.5,3284.0
L405S-110,1201941,16:10,67.7,3452.0
L405S-110,1201941,16:15,72.16666666666667,3232.0
L405S-110,1201941,16:20,58.333333333333336,3320.0
L405S-110,1201941,16:25,68.36666666666667,2996.0
L405S-110,1201941,16:30,66.26666666666667,2868.0
L405S-110,1201941,16:35,65.93333333333334,2736.0
L405S-110,1201941,16:40,64.23333333333333,2792.0
L405S-110,1201941,16:45,70.60000000000001,2720.0
L405S-110,1201941,16:50,71.3,2648.0
L405S-110,1201941,16:55,73.39999999999999,2196.0
L405S-110,1201941,17:00,71.55,2736.0
L405S-110,1201941,17:05,68.35000000000001,2388.0
L405S-110,1201941,17:10,57.5,2556.0
L405S-110,1201941,17:15,47.9,2526.0
L405S-110,1201941,17:20,60.95,2664.0
L405S-110,1201941,17:25,66.6,2334.0
L405S-110,1201941,17:30,69.0,2520.0
L405S-110,1201941,17:35,69.30000000000001,2334.0
L405S-110,1201941,17:40,57.0,2112.0
L405S-110,1201941,17:45,46.8,2202.0
L405S-110,1201941,17:50,57.8,1740.0
L405S-110,1201941,17:55,49.150000000000006,1590.0
L405S-110,1201941,18:00,59.1,1506.0
L405S-110,1201941,18:05,64.55,1392.0
L405S-110,1201941,18:10,66.25,1176.0
L405S-110,1201941,18:15,68.8,1236.0
L405S-110,1201941,18:20,56.8,1164.0
L405S-110,1201941,18:25,61.650000000000006,1068.0
L405S-110,1201941,18:30,63.900000000000006,942.0
L405S-110,1201941,18:35,52.95,906.0
L405S-110,1201941,18:40,59.150000000000006,870.0
L405S-110,1201941,18:45,64.55000000000001,918.0
L405S-110,1201941,18:50,55.300000000000004,972.0
L405S-110,1201941,18:55,59.7,888.0
L405S-110,1201941,19:00,62.5,756.0
L405S-110,1201941,19:05,63.10000000000001,696.0
L405S-110,1201941,19:10,65.55000000000001,612.0
L405S-110,1201941,19:15,56.1,900.0
L405S-110,1201941,19:20,64.15,894.0
L405S-110,1201941,19:25,65.7,948.0
L405S-110,1201941,19:30,67.25,948.0
L405S-110,1201941,19:35,66.15,912.0
L405S-110,1201941,19:40,62.85,792.0
L405S-110,1201941,19:45,64.15,912.0
L405S-110,1201941,19:50,66.4,954.0
L405S-110,1201941,19:55,67.65,804.0
L405S-110,1201941,20:00,67.05,1062.0
L405S-110,1201941,20:05,65.55000000000001,924.0
L405S-110,1201941,20:10,66.55,906.0
L405S-110,1201941,20:15,67.85,864.0
L405S-110,1201941,20:20,67.0,1038.0
L405S-110,1201941,20:25,66.8,936.0
L405S-110,1201941,20:30,68.5,1152.0
L405S-110,1201941,20:35,67.1,1014.0
L405S-110,1201941,20:40,69.3,1302.0
L405S-110,1201941,20:45,57.85000000000001,1350.0
L405S-110,1201941,20:50,63.85000000000001,1254.0
L405S-110,1201941,20:55,55.7,1284.0
L405S-110,1201941,21:00,62.75,930.0
L405S-110,1201941,21:05,57.150000000000006,1260.0
L405S-110,1201941,21:10,42.7,1446.0
L405S-110,1201941,21:15,57.800000000000004,1692.0
L405S-110,1201941,21:20,46.8,1686.0
L405S-110,1201941,21:25,56.95,2142.0
L405S-110,1201941,21:30,62.199999999999996,2610.0
L405S-110,1201941,21:35,53.35000000000001,2760.0
L405S-110,1201941,21:40,64.7,3174.0
L405S-110,1201941,21:45,55.4,3486.0
L405S-110,1201941,21:50,49.95,2820.0
L405S-110,1201941,21:55,61.2,2694.0
L405S-110,1201941,22:00,66.30000000000001,2826.0
L405S-110,1201941,22:05,57.20000000000001,2952.0
L405S-110,1201941,22:10,56.55,3246.0
L405S-110,1201941,22:15,37.1,4008.0
L405S-110,1201941,22:20,37.599999999999994,4338.0
L405S-110,1201941,22:25,58.25,4680.0
L405S-110,1201941,22:30,57.800000000000004,5688.0
L405S-110,1201941,22:35,69.1,5700.0
L405S-110,1201941,22:40,67.75,7224.0
L405S-110,1201941,22:45,67.6,7350.0
L405S-110,1201941,22:50,72.25,6276.0
L405S-110,1201941,22:55,72.15,6096.0
L405S-110,1201941,23:00,55.55000000000001,7152.0
L405S-110,1201941,23:05,39.45,5958.0
L405S-110,1201941,23:10,33.800000000000004,6864.0
L405S-110,1201941,23:15,41.7,8274.0
L405S-110,1201941,23:20,48.2,8640.0
L405S-110,1201941,23:25,57.75,9642.0
L405S-110,1201941,23:30,59.300000000000004,9504.0
L405S-110,1201941,23:35,53.6,9384.0
L405S-110,1201941,23:40,58.50000000000001,9552.0
L405S-110,1201941,23:45,51.10000000000001,9018.0
L405S-110,1201941,23:50,56.05000000000001,9480.0
L405S-110,1201941,23:55,59.55000000000001,8736.0
L405S-110,1223081,00:00,63.54,6693.6
L405S-110,1223081,00:05,63.760000000000005,6876.0
L405S-110,1223081,00:10,64.0,7132.8
L405S-110,1223081,00:15,62.84000000000001,7372.8
L405S-110,1223081,00:20,63.3,7665.6
L405S-110,1223081,00:25,64.3,7264.8
L405S-110,1223081,00:30,64.5,7096.8
L405S-110,1223081,00:35,64.88,7060.8
L405S-110,1223081,00:40,65.56,6621.6
L405S-110,1223081,00:45,65.12,6744.0
L405S-110,1223081,00:50,64.67999999999999,6789.6
L405S-110,1223081,00:55,64.64000000000001,6751.2
L405S-110,1223081,01:00,64.54,6712.8
L405S-110,1223081,01:05,64.8,6698.4
L405S-110,1223081,01:10,64.74000000000001,6607.2
L405S-110,1223081,01:15,64.86,6547.2
L405S-110,1223081,01:20,65.46000000000001,6559.2
L405S-110,1223081,01:25,65.0,6823.2
L405S-110,1223081,01:30,65.5,6672.0
L405S-110,1223081,01:35,64.86,6890.4
L405S-110,1223081,01:40,65.0,6950.4
L405S-110,1223081,01:45,65.06,6888.0
L405S-110,1223081,01:50,65.18,6672.0
L405S-110,1223081,01:55,65.17999999999999,6477.6
L405S-110,1223081,02:00,64.64,6624.0
L405S-110,1223081,02:05,64.03999999999999,6021.6
L405S-110,1223081,02:10,63.28000000000001,6727.2
L405S-110,1223081,02:15,63.6,6537.6
L405S-110,1223081,02:20,63.8,7216.8
L405S-110,1223081,02:25,63.580000000000005,6868.8
L405S-110,1223081,02:30,63.94000000000001,6698.4
L405S-110,1223081,02:35,63.64000000000001,7236.0
L405S-110,1223081,02:40,63.379999999999995,7255.2
L405S-110,1223081,02:45,63.68000000000001,6974.4
L405S-110,1223081,02:50,63.8,7125.6
L405S-110,1223081,02:55,64.0,6600.0
L405S-110,1223081,03:00,63.52,6609.6
L405S-110,1223081,03:05,63.94,6326.4
L405S-110,1223081,03:10,64.28,6012.0
L405S-110,1223081,03:15,64.03999999999999,6655.2
L405S-110,1223081,03:20,63.720000000000006,6686.4
L405S-110,1223081,03:25,63.84000000000001,6664.8
L405S-110,1223081,03:30,63.540000000000006,6787.2
L405S-110,1223081,03:35,63.64,6799.2
L405S-110,1223081,03:40,64.0,6940.8
L405S-110,1223081,03:45,64.0,7116.0
L405S-110,1223081,03:50,64.24000000000001,6619.2
L405S-110,1223081,03:55,64.68,6468.0
L405S-110,1223081,04:00,64.8,6684.0
L405S-110,1223081,04:05,65.3,6444.0
L405S-110,1223081,04:10,64.74000000000001,6636.0
L405S-110,1223081,04:15,64.3,6861.6
L405S-110,1223081,04:20,64.5,6804.0
L405S-110,1223081,04:25,64.44,6847.2
L405S-110,1223081,04:30,64.52000000000001,7039.2
L405S-110,1223081,04:35,64.38,6840.0
L405S-110,1223081,04:40,63.96,7320.0
L405S-110,1223081,04:45,64.46000000000001,6804.0
L405S-110,1223081,04:50,64.47999999999999,6708.0
L405S-110,1223081,04:55,65.08,6441.6
L405S-110,1223081,05:00,65.56,6312.0
L405S-110,1223081,05:05,65.36,6391.2
L405S-110,1223081,05:10,65.06,6732.0
L405S-110,1223081,05:15,65.22,6614.4
L405S-110,1223081,05:20,64.82000000000001,6993.6
L405S-110,1223081,05:25,64.9,6902.4
L405S-110,1223081,05:30,65.14000000000001,6885.6
L405S-110,1223081,05:35,65.64,6460.8
L405S-110,1223081,05:40,65.66,6681.6
L405S-110,1223081,05:45,65.18,6583.2
L405S-110,1223081,05:50,65.02000000000001,6835.2
L405S-110,1223081,05:55,65.38000000000001,6667.2
L405S-110,1223081,06:00,65.76,6146.4
L405S-110,1223081,06:05,65.74,6417.6
L405S-110,1223081,06:10,65.46000000000001,6648.0
L405S-110,1223081,06:15,65.66,6736.8
L405S-110,1223081,06:20,65.96000000000001,6607.2
L405S-110,1223081,06:25,65.47999999999999,6549.6
L405S-110,1223081,06:30,65.86,6672.0
L405S-110,1223081,06:35,65.5,6650.4
L405S-110,1223081,06:40,65.16,7070.4
L405S-110,1223081,06:45,65.55999999999999,6621.6
L405S-110,1223081,06:50,65.64,6708.0
L405S-110,1223081,06:55,65.48,6787.2
L405S-110,1223081,07:00,65.16,6662.4
L405S-110,1223081,07:05,65.24,6571.2
L405S-110,1223081,07:10,65.5,6376.8
L405S-110,1223081,07:15,65.6,6537.6
L405S-110,1223081,07:20,65.67999999999999,6722.4
L405S-110,1223081,07:25,65.17999999999999,6700.8
L405S-110,1223081,07:30,65.2,6832.8
L405S-110,1223081,07:35,65.8,6847.2
L405S-110,1223081,07:40,65.53999999999999,6662.4
L405S-110,1223081,07:45,66.16,6592.8
L405S-110,1223081,07:50,66.28,6436.8
L405S-110,1223081,07:55,66.4,6580.8
L405S-110,1223081,08:00,65.9,6722.4
L405S-110,1223081,08:05,65.2,6756.0
L405S-110,1223081,08:10,65.34,6840.0
L405S-110,1223081,08:15,65.64,6693.6
L405S-110,1223081,08:20,65.66,6828.0
L405S-110,1223081,08:25,65.84,6830.4
L405S-110,1223081,08:30,65.8,6722.4
L405S-110,1223081,08:35,65.96000000000001,6780.0
L405S-110,1223081,08:40,65.52000000000001,7041.6
L405S-110,1223081,08:45,65.3,7015.2
L405S-110,1223081,08:50,65.66,6991.2
L405S-110,1223081,08:55,65.92,7032.0
L405S-110,1223081,09:00,65.94,6777.6
L405S-110,1223081,09:05,65.96000000000001,6964.8
L405S-110,1223081,09:10,66.0,6890.4
L405S-110,1223081,09:15,66.03999999999999,6945.6
L405S-110,1223081,09:20,66.1,7173.6
L405S-110,1223081,09:25,66.12,6710.4
L405S-110,1223081,09:30,65.2,7180.8
L405S-110,1223081,09:35,65.5,7068.0
L405S-110,1223081,09:40,66.26,6938.4
L405S-110,1223081,09:45,66.16,7075.2
L405S-110,1223081,09:50,65.84,6974.4
L405S-110,1223081,09:55,66.03999999999999,7101.6
L405S-110,1223081,10:00,66.03999999999999,6828.0
L405S-110,1223081,10:05,66.17999999999999,6895.2
L405S-110,1223081,10:10,65.94000000000001,7041.6
L405S-110,1223081,10:15,66.12,7281.6
L405S-110,1223081,10:20,66.72,6902.4
L405S-110,1223081,10:25,66.5,7065.6
L405S-110,1223081,10:30,66.26,7027.2
L405S-110,1223081,10:35,66.56,6645.6
L405S-110,1223081,10:40,66.6,6897.6
L405S-110,1223081,10:45,66.88,6602.4
L405S-110,1223081,10:50,66.9,6660.0
L405S-110,1223081,10:55,67.03999999999999,6554.4
L405S-110,1223081,11:00,67.3,6696.0
L405S-110,1223081,11:05,67.47999999999999,6328.8
L405S-110,1223081,11:10,67.42,6170.4
L405S-110,1223081,11:15,67.92,6276.0
L405S-110,1223081,11:20,68.44,6333.6
L405S-110,1223081,11:25,68.35999999999999,6249.6
L405S-110,1223081,11:30,68.4,6084.0
L405S-110,1223081,11:35,68.86,6000.0
L405S-110,1223081,11:40,68.58,5880.0
L405S-110,1223081,11:45,68.66,5808.0
L405S-110,1223081,11:50,69.03999999999999,5860.8
L405S-110,1223081,11:55,69.4,5496.0
L405S-110,1223081,12:00,69.8,5464.8
L405S-110,1223081,12:05,69.12,5229.6
L405S-110,1223081,12:10,69.22,5464.8
L405S-110,1223081,12:15,69.26,5215.2
L405S-110,1223081,12:20,69.46000000000001,5426.4
L405S-110,1223081,12:25,69.78,5052.0
L405S-110,1223081,12:30,69.9,5443.2
L405S-110,1223081,12:35,70.02000000000001,4934.4
L405S-110,1223081,12:40,69.96000000000001,5330.4
L405S-110,1223081,12:45,70.78,4668.0
L405S-110,1223081,12:50,70.47999999999999,5227.2
L405S-110,1223081,12:55,70.8,4992.0
L405S-110,1223081,13:00,70.7,4624.8
L405S-110,1223081,13:05,70.62,4540.8
L405S-110,1223081,13:10,70.41999999999999,4778.4
L405S-110,1223081,13:15,70.32000000000001,4183.2
L405S-110,1223081,13:20,70.4,4125.6
L405S-110,1223081,13:25,70.64,4442.4
L405S-110,1223081,13:30,69.4,4255.2
L405S-110,1223081,13:35,69.03999999999999,4036.8
L405S-110,1223081,13:40,68.7,3993.6
L405S-110,1223081,13:45,68.46000000000001,3888.0
L405S-110,1223081,13:50,68.0,4003.2
L405S-110,1223081,13:55,67.92,4092.0
L405S-110,1223081,14:00,69.34,3938.4
L405S-110,1223081,14:05,69.66,3888.0
L405S-110,1223081,14:10,70.12,3864.0
L405S-110,1223081,14:15,70.05999999999999,3696.0
L405S-110,1223081,14:20,69.62,4024.8
L405S-110,1223081,14:25,69.78,3892.8
L405S-110,1223081,14:30,70.0,3816.0
L405S-110,1223081,14:35,70.4,3686.4
L405S-110,1223081,14:40,70.8,3660.0
L405S-110,1223081,14:45,70.36,3381.6
L405S-110,1223081,14:50,70.6,3448.8
L405S-110,1223081,14:55,70.78,3254.4
L405S-110,1223081,15:00,70.03999999999999,3199.2
L405S-110,1223081,15:05,69.67999999999999,3372.0
L405S-110,1223081,15:10,69.67999999999999,3043.2
L405S-110,1223081,15:15,69.6,3384.0
L405S-110,1223081,15:20,70.36,2952.0
L405S-110,1223081,15:25,70.42,2928.0
L405S-110,1223081,15:30,70.32000000000001,2997.6
L405S-110,1223081,15:35,70.58,2880.0
L405S-110,1223081,15:40,70.9,2793.6
L405S-110,1223081,15:45,71.55999999999999,2757.6
L405S-110,1223081,15:50,70.8,2690.4
L405S-110,1223081,15:55,70.47999999999999,2673.6
L405S-110,1223081,16:00,70.36,2320.8
L405S-110,1223081,16:05,70.7,2344.8
L405S-110,1223081,16:10,70.38,2414.4
L405S-110,1223081,16:15,70.5,2299.2
L405S-110,1223081,16:20,70.92,2364.0
L405S-110,1223081,16:25,70.8,2217.6
L405S-110,1223081,16:30,70.66,2155.2
L405S-110,1223081,16:35,71.42,1946.4
L405S-110,1223081,16:40,70.6,2018.4
L405S-110,1223081,16:45,70.96000000000001,2073.6
L405S-110,1223081,16:50,70.9,1958.4
L405S-110,1223081,16:55,70.74,1747.2
L405S-110,1223081,17:00,71.38,1771.2
L405S-110,1223081,17:05,71.16,1519.2
L405S-110,1223081,17:10,70.46000000000001,1665.6
L405S-110,1223081,17:15,70.14000000000001,1495.2
L405S-110,1223081,17:20,70.56,1552.8
L405S-110,1223081,17:25,70.18,1500.0
L405S-110,1223081,17:30,70.08,1384.8
L405S-110,1223081,17:35,69.42,1430.4
L405S-110,1223081,17:40,69.58,1147.2
L405S-110,1223081,17:45,69.42,1192.8
L405S-110,1223081,17:50,69.53999999999999,1288.8
L405S-110,1223081,17:55,70.17999999999999,1089.6
L405S-110,1223081,18:00,70.03999999999999,1000.8
L405S-110,1223081,18:05,69.7,950.4
L405S-110,1223081,18:10,69.86,912.0
L405S-110,1223081,18:15,69.88,873.6
L405S-110,1223081,18:20,69.82000000000001,777.6
L405S-110,1223081,18:25,68.84,732.0
L405S-110,1223081,18:30,69.96000000000001,792.0
L405S-110,1223081,18:35,69.82000000000001,655.2
L405S-110,1223081,18:40,70.16,667.2
L405S-110,1223081,18:45,70.3,631.2
L405S-110,1223081,18:50,69.92,638.4
L405S-110,1223081,18:55,69.9,585.6
L405S-110,1223081,19:00,68.2,607.2
L405S-110,1223081,19:05,69.6,530.4
L405S-110,1223081,19:10,69.26,518.4
L405S-110,1223081,19:15,69.84,518.4
L405S-110,1223081,19:20,69.86,648.0
L405S-110,1223081,19:25,70.04,626.4
L405S-110,1223081,19:30,70.17999999999999,614.4
L405S-110,1223081,19:35,70.36,573.6
L405S-110,1223081,19:40,69.86,552.0
L405S-110,1223081,19:45,70.08,619.2
L405S-110,1223081,19:50,70.02000000000001,643.2
L405S-110,1223081,19:55,69.42,513.6
L405S-110,1223081,20:00,69.55999999999999,602.4
L405S-110,1223081,20:05,69.9,633.6
L405S-110,1223081,20:10,69.64,537.6
L405S-110,1223081,20:15,70.08,652.8
L405S-110,1223081,20:20,70.38,744.0
L405S-110,1223081,20:25,70.17999999999999,686.4
L405S-110,1223081,20:30,70.02000000000001,727.2
L405S-110,1223081,20:35,69.9,820.8
L405S-110,1223081,20:40,70.1,880.8
L405S-110,1223081,20:45,69.8,924.0
L405S-110,1223081,20:50,70.3,981.6
L405S-110,1223081,20:55,69.74,864.0
L405S-110,1223081,21:00,69.76,724.8
L405S-110,1223081,21:05,70.17999999999999,924.0
L405S-110,1223081,21:10,69.14,1053.6
L405S-110,1223081,21:15,69.78,1118.4
L405S-110,1223081,21:20,70.4,1303.2
L405S-110,1223081,21:25,69.8,1552.8
L405S-110,1223081,21:30,69.44,1785.6
L405S-110,1223081,21:35,69.74,1944.0
L405S-110,1223081,21:40,70.38,2205.6
L405S-110,1223081,21:45,69.64,2498.4
L405S-110,1223081,21:50,69.22,2402.4
L405S-110,1223081,21:55,69.26,2366.4
L405S-110,1223081,22:00,69.8,2239.2
L405S-110,1223081,22:05,70.78,2239.2
L405S-110,1223081,22:10,69.38000000000001,2395.2
L405S-110,1223081,22:15,69.94,2872.8
L405S-110,1223081,22:20,70.36,3096.0
L405S-110,1223081,22:25,70.67999999999999,3362.4
L405S-110,1223081,22:30,70.72,3842.4
L405S-110,1223081,22:35,70.92,4327.2
L405S-110,1223081,22:40,71.2,5078.4
L405S-110,1223081,22:45,71.74,5205.6
L405S-110,1223081,22:50,70.9,5318.4
L405S-110,1223081,22:55,71.22,4341.6
L405S-110,1223081,23:00,69.97999999999999,5061.6
L405S-110,1223081,23:05,69.0,4828.8
L405S-110,1223081,23:10,68.46000000000001,5308.8
L405S-110,1223081,23:15,68.0,6211.2
L405S-110,1223081,23:20,67.67999999999999,6420.0
L405S-110,1223081,23:25,66.94,6842.4
L405S-110,1223081,23:30,66.67999999999999,7149.6
L405S-110,1223081,23:35,65.86,7257.6
L405S-110,1223081,23:40,62.67999999999999,6981.6
L405S-110,1223081,23:45,63.94,6638.4
L405S-110,1223081,23:50,63.760000000000005,6328.8
L405S-110,1223081,23:55,64.28,6307.2
L405S-114,1201805,00:00,38.5,6408.0
L405S-114,1201805,00:05,49.7,5292.0
L405S-114,1201805,00:10,55.60000000000001,5496.0
L405S-114,1201805,00:15,57.9,5700.0
L405S-114,1201805,00:20,58.5,6384.0
L405S-114,1201805,00:25,59.60000000000001,5988.0
L405S-114,1201805,00:30,59.10000000000001,6420.0
L405S-114,1201805,00:35,59.50000000000001,5820.0
L405S-114,1201805,00:40,59.8,5580.0
L405S-114,1201805,00:45,61.10000000000001,5496.0
L405S-114,1201805,00:50,58.8,5160.0
L405S-114,1201805,00:55,59.8,5424.0
L405S-114,1201805,01:00,61.0,5664.0
L405S-114,1201805,01:05,60.7,5712.0
L405S-114,1201805,01:10,61.70000000000001,5436.0
L405S-114,1201805,01:15,61.400000000000006,5304.0
L405S-114,1201805,01:20,61.20000000000001,5376.0
L405S-114,1201805,01:25,61.400000000000006,5460.0
L405S-114,1201805,01:30,60.7,5460.0
L405S-114,1201805,01:35,61.9,5076.0
L405S-114,1201805,01:40,62.0,5496.0
L405S-114,1201805,01:45,61.20000000000001,5988.0
L405S-114,1201805,01:50,61.400000000000006,5508.0
L405S-114,1201805,01:55,62.3,4980.0
L405S-114,1201805,02:00,62.3,5016.0
L405S-114,1201805,02:05,62.0,5148.0
L405S-114,1201805,02:10,63.400000000000006,4812.0
L405S-114,1201805,02:15,62.3,5004.0
L405S-114,1201805,02:20,62.4,5364.0
L405S-114,1201805,02:25,62.3,5460.0
L405S-114,1201805,02:30,61.400000000000006,5760.0
L405S-114,1201805,02:35,61.400000000000006,5592.0
L405S-114,1201805,02:40,62.3,5748.0
L405S-114,1201805,02:45,62.5,6228.0
L405S-114,1201805,02:50,63.00000000000001,5364.0
L405S-114,1201805,02:55,61.10000000000001,5964.0
L405S-114,1201805,03:00,61.9,4944.0
L405S-114,1201805,03:05,61.400000000000006,5748.0
L405S-114,1201805,03:10,60.9,5556.0
L405S-114,1201805,03:15,61.10000000000001,5316.0
L405S-114,1201805,03:20,61.10000000000001,6012.0
L405S-114,1201805,03:25,61.10000000000001,5652.0
L405S-114,1201805,03:30,59.70000000000001,5676.0
L405S-114,1201805,03:35,58.8,6768.0
L405S-114,1201805,03:40,60.3,6168.0
L405S-114,1201805,03:45,60.9,6612.0
L405S-114,1201805,03:50,60.8,6108.0
L405S-114,1201805,03:55,61.9,5388.0
L405S-114,1201805,04:00,62.6,5268.0
L405S-114,1201805,04:05,62.6,5808.0
L405S-114,1201805,04:10,63.400000000000006,5424.0
L405S-114,1201805,04:15,62.7,5976.0
L405S-114,1201805,04:20,62.1,5940.0
L405S-114,1201805,04:25,62.5,6000.0
L405S-114,1201805,04:30,61.9,6216.0
L405S-114,1201805,04:35,62.1,5784.0
L405S-114,1201805,04:40,61.8,5556.0
L405S-114,1201805,04:45,61.10000000000001,6216.0
L405S-114,1201805,04:50,61.70000000000001,6144.0
L405S-114,1201805,04:55,61.8,6240.0
L405S-114,1201805,05:00,62.6,5652.0
L405S-114,1201805,05:05,62.7,5472.0
L405S-114,1201805,05:10,62.5,5808.0
L405S-114,1201805,05:15,62.8,6312.0
L405S-114,1201805,05:20,63.00000000000001,6096.0
L405S-114,1201805,05:25,62.4,5796.0
L405S-114,1201805,05:30,60.6,6384.0
L405S-114,1201805,05:35,60.4,5892.0
L405S-114,1201805,05:40,40.5,3300.0
L405S-114,1201805,05:45,32.3,4020.0
L405S-114,1201805,05:50,31.500000000000004,5796.0
L405S-114,1201805,05:55,31.500000000000004,5592.0
L405S-114,1201805,06:00,44.8,5556.0
L405S-114,1201805,06:05,55.00000000000001,4272.0
L405S-114,1201805,06:10,59.9,5616.0
L405S-114,1201805,06:15,62.4,5376.0
L405S-114,1201805,06:20,62.3,5364.0
L405S-114,1201805,06:25,62.6,5244.0
L405S-114,1201805,06:30,62.9,5304.0
L405S-114,1201805,06:35,62.8,5712.0
L405S-114,1201805,06:40,62.6,5652.0
L405S-114,1201805,06:45,62.6,5772.0
L405S-114,1201805,06:50,62.0,5604.0
L405S-114,1201805,06:55,61.60000000000001,5988.0
L405S-114,1201805,07:00,63.00000000000001,5628.0
L405S-114,1201805,07:05,64.7,4620.0
L405S-114,1201805,07:10,63.9,5328.0
L405S-114,1201805,07:15,64.4,4968.0
L405S-114,1201805,07:20,64.7,5064.0
L405S-114,1201805,07:25,64.1,4764.0
L405S-114,1201805,07:30,63.400000000000006,4860.0
L405S-114,1201805,07:35,64.1,4956.0
L405S-114,1201805,07:40,63.8,5652.0
L405S-114,1201805,07:45,64.0,5868.0
L405S-114,1201805,07:50,62.8,5052.0
L405S-114,1201805,07:55,62.4,5316.0
L405S-114,1201805,08:00,61.9,5280.0
L405S-114,1201805,08:05,62.2,5532.0
L405S-114,1201805,08:10,62.1,5628.0
L405S-114,1201805,08:15,62.0,6156.0
L405S-114,1201805,08:20,61.10000000000001,5460.0
L405S-114,1201805,08:25,61.50000000000001,5628.0
L405S-114,1201805,08:30,60.9,6000.0
L405S-114,1201805,08:35,61.70000000000001,5964.0
L405S-114,1201805,08:40,62.5,5856.0
L405S-114,1201805,08:45,61.10000000000001,6300.0
L405S-114,1201805,08:50,61.9,5532.0
L405S-114,1201805,08:55,61.70000000000001,5952.0
L405S-114,1201805,09:00,62.0,5184.0
L405S-114,1201805,09:05,61.10000000000001,5832.0
L405S-114,1201805,09:10,61.70000000000001,5832.0
L405S-114,1201805,09:15,62.4,6084.0
L405S-114,1201805,09:20,61.8,6024.0
L405S-114,1201805,09:25,61.0,6036.0
L405S-114,1201805,09:30,60.0,5844.0
L405S-114,1201805,09:35,59.8,5640.0
L405S-114,1201805,09:40,59.70000000000001,5544.0
L405S-114,1201805,09:45,60.8,5796.0
L405S-114,1201805,09:50,60.3,5832.0
L405S-114,1201805,09:55,59.300000000000004,5604.0
L405S-114,1201805,10:00,58.7,5820.0
L405S-114,1201805,10:05,59.8,5424.0
L405S-114,1201805,10:10,60.1,5592.0
L405S-114,1201805,10:15,58.9,5808.0
L405S-114,1201805,10:20,59.20000000000001,6120.0
L405S-114,1201805,10:25,57.60000000000001,6060.0
L405S-114,1201805,10:30,56.7,5484.0
L405S-114,1201805,10:35,54.6,5484.0
L405S-114,1201805,10:40,55.9,4476.0
L405S-114,1201805,10:45,55.400000000000006,5040.0
L405S-114,1201805,10:50,52.7,5616.0
L405S-114,1201805,10:55,54.1,5736.0
L405S-114,1201805,11:00,53.20000000000001,5412.0
L405S-114,1201805,11:05,54.3,4596.0
L405S-114,1201805,11:10,50.3,5484.0
L405S-114,1201805,11:15,51.300000000000004,5592.0
L405S-114,1201805,11:20,54.3,4884.0
L405S-114,1201805,11:25,53.20000000000001,4716.0
L405S-114,1201805,11:30,53.300000000000004,5988.0
L405S-114,1201805,11:35,53.9,5028.0
L405S-114,1201805,11:40,55.10000000000001,4920.0
L405S-114,1201805,11:45,56.1,5256.0
L405S-114,1201805,11:50,57.400000000000006,7020.0
L405S-114,1201805,12:05,66.3,6300.0
L405S-114,1201805,12:10,57.300000000000004,4020.0
L405S-114,1201805,12:15,54.2,4188.0
L405S-114,1201805,12:20,56.9,5628.0
L405S-114,1201805,12:25,50.9,3636.0
L405S-114,1201805,12:30,53.400000000000006,2988.0
L405S-114,1201805,12:35,52.3,6144.0
L405S-114,1201805,12:40,52.6,3636.0
L405S-114,1201805,12:45,68.8,4824.0
L405S-114,1201805,12:50,62.5,4488.0
L405S-114,1201805,12:55,59.70000000000001,4464.0
L405S-114,1201805,13:00,60.0,4176.0
L405S-114,1201805,13:05,58.4,3960.0
L405S-114,1201805,13:10,61.60000000000001,3228.0
L405S-114,1201805,13:15,55.60000000000001,3840.0
L405S-114,1201805,13:20,58.0,3240.0
L405S-114,1201805,13:25,57.50000000000001,3744.0
L405S-114,1201805,13:30,55.8,3732.0
L405S-114,1201805,13:35,56.7,4104.0
L405S-114,1201805,13:40,56.9,3960.0
L405S-114,1201805,13:45,53.70000000000001,3660.0
L405S-114,1201805,13:50,54.0,4032.0
L405S-114,1201805,13:55,52.1,3588.0
L405S-114,1201805,14:00,63.50000000000001,4344.0
L405S-114,1201805,14:05,65.8,3096.0
L405S-114,1201805,14:10,67.1,2580.0
L405S-114,1201805,14:15,73.3,4896.0
L405S-114,1201805,14:20,73.8,5052.0
L405S-114,1201805,14:25,73.3,5400.0
L405S-114,1201805,14:30,73.7,4788.0
L405S-114,1201805,14:35,73.6,4092.0
L405S-114,1201805,14:40,68.7,2604.0
L405S-114,1201805,14:45,73.6,4236.0
L405S-114,1201805,14:50,74.4,5592.0
L405S-114,1201805,14:55,74.0,5724.0
L405S-114,1201805,15:00,74.9,5244.0
L405S-114,1201805,15:05,74.0,5436.0
L405S-114,1201805,15:10,73.0,5004.0
L405S-114,1201805,15:15,64.2,3348.0
L405S-114,1201805,15:20,65.4,2436.0
L405S-114,1201805,15:25,57.10000000000001,3504.0
L405S-114,1201805,15:30,74.8,5400.0
L405S-114,1201805,15:35,74.0,5676.0
L405S-114,1201805,15:40,74.9,5400.0
L405S-114,1201805,15:45,74.1,5472.0
L405S-114,1201805,15:55,74.5,5568.0
L405S-114,1201805,16:00,74.4,5244.0
L405S-114,1201805,16:15,57.10000000000001,4572.0
L405S-114,1201805,16:35,68.7,4980.0
L405S-114,1201805,16:40,68.3,4752.0
L405S-114,1201805,16:45,62.3,3636.0
L405S-114,1201805,16:50,63.400000000000006,2208.0
L405S-114,1201805,16:55,58.8,1356.0
L405S-114,1201805,17:00,69.1,1812.0
L405S-114,1201805,17:05,69.2,1752.0
L405S-114,1201805,17:10,68.2,1884.0
L405S-114,1201805,17:15,68.7,1848.0
L405S-114,1201805,17:20,68.4,1884.0
L405S-114,1201805,17:25,69.0,1920.0
L405S-114,1201805,17:30,68.5,1884.0
L405S-114,1201805,17:35,68.1,1800.0
L405S-114,1201805,17:40,67.4,1800.0
L405S-114,1201805,17:45,65.7,1608.0
L405S-114,1201805,17:50,66.9,1596.0
L405S-114,1201805,17:55,67.1,1332.0
L405S-114,1201805,18:00,68.2,1320.0
L405S-114,1201805,18:05,68.0,1032.0
L405S-114,1201805,18:10,67.6,912.0
L405S-114,1201805,18:15,67.9,828.0
L405S-114,1201805,18:20,67.0,876.0
L405S-114,1201805,18:25,68.3,564.0
L405S-114,1201805,18:30,68.1,528.0
L405S-114,1201805,18:35,67.3,492.0
L405S-114,1201805,18:40,67.4,456.0
L405S-114,1201805,18:45,65.6,504.0
L405S-114,1201805,18:50,67.1,528.0
L405S-114,1201805,18:55,65.1,564.0
L405S-114,1201805,19:00,67.7,396.0
L405S-114,1201805,19:05,66.5,492.0
L405S-114,1201805,19:10,66.7,336.0
L405S-114,1201805,19:15,66.7,336.0
L405S-114,1201805,19:20,68.5,408.0
L405S-114,1201805,19:25,65.7,372.0
L405S-114,1201805,19:30,66.0,480.0
L405S-114,1201805,19:35,68.0,468.0
L405S-114,1201805,19:40,66.3,528.0
L405S-114,1201805,19:45,66.6,360.0
L405S-114,1201805,19:50,66.4,516.0
L405S-114,1201805,19:55,67.3,468.0
L405S-114,1201805,20:00,68.4,420.0
L405S-114,1201805,20:05,67.4,600.0
L405S-114,1201805,20:10,67.0,480.0
L405S-114,1201805,20:15,67.6,456.0
L405S-114,1201805,20:20,67.5,528.0
L405S-114,1201805,20:25,66.7,480.0
L405S-114,1201805,20:30,67.6,588.0
L405S-114,1201805,20:35,67.2,888.0
L405S-114,1201805,20:40,67.8,648.0
L405S-114,1201805,20:45,68.6,696.0
L405S-114,1201805,20:50,66.9,828.0
L405S-114,1201805,20:55,67.1,864.0
L405S-114,1201805,21:00,65.0,684.0
L405S-114,1201805,21:05,66.9,900.0
L405S-114,1201805,21:10,67.4,768.0
L405S-114,1201805,21:15,67.9,1164.0
L405S-114,1201805,21:20,66.3,1260.0
L405S-114,1201805,21:25,67.8,1368.0
L405S-114,1201805,21:30,68.5,1812.0
L405S-114,1201805,21:35,67.7,1944.0
L405S-114,1201805,21:40,68.6,1968.0
L405S-114,1201805,21:45,66.3,2232.0
L405S-114,1201805,21:50,66.7,2220.0
L405S-114,1201805,21:55,66.1,1848.0
L405S-114,1201805,22:00,66.9,1920.0
L405S-114,1201805,22:05,68.1,1776.0
L405S-114,1201805,22:10,67.6,2364.0
L405S-114,1201805,22:15,67.8,2412.0
L405S-114,1201805,22:20,68.7,2916.0
L405S-114,1201805,22:25,68.3,2916.0
L405S-114,1201805,22:30,68.4,3300.0
L405S-114,1201805,22:35,68.6,3672.0
L405S-114,1201805,22:40,68.5,4176.0
L405S-114,1201805,22:45,69.0,5004.0
L405S-114,1201805,22:50,69.2,4272.0
L405S-114,1201805,22:55,68.8,3996.0
L405S-114,1201805,23:00,67.6,3948.0
L405S-114,1201805,23:05,67.9,3780.0
L405S-114,1201805,23:10,67.1,4344.0
L405S-114,1201805,23:15,65.9,4452.0
L405S-114,1201805,23:20,65.3,5448.0
L405S-114,1201805,23:25,64.9,5244.0
L405S-114,1201805,23:30,63.60000000000001,6708.0
L405S-114,1201805,23:35,62.4,5952.0
L405S-114,1201805,23:40,60.2,6744.0
L405S-114,1201805,23:45,54.2,6552.0
L405S-114,1201805,23:50,41.6,3624.0
L405S-114,1201805,23:55,35.4,4824.0
L405S-117,1201558,00:00,60.06,8678.4
L405S-117,1201558,00:05,58.94000000000001,8656.8
L405S-117,1201558,00:10,57.2,8822.4
L405S-117,1201558,00:15,56.239999999999995,9014.4
L405S-117,1201558,00:20,54.2,8743.2
L405S-117,1201558,00:25,51.58,8860.8
L405S-117,1201558,00:30,48.50000000000001,8803.2
L405S-117,1201558,00:35,46.34,8409.6
L405S-117,1201558,00:40,42.120000000000005,8289.6
L405S-117,1201558,00:45,40.980000000000004,8328.0
L405S-117,1201558,00:50,38.92,7173.6
L405S-117,1201558,00:55,41.08,7708.8
L405S-117,1201558,01:00,40.24,7377.6
L405S-117,1201558,01:05,42.18,7972.8
L405S-117,1201558,01:10,42.52,7766.4
L405S-117,1201558,01:15,39.44,7684.8
L405S-117,1201558,01:20,37.60000000000001,7204.8
L405S-117,1201558,01:25,35.18,7269.6
L405S-117,1201558,01:30,33.519999999999996,6837.6
L405S-117,1201558,01:35,34.6,7286.4
L405S-117,1201558,01:40,36.54,7461.6
L405S-117,1201558,01:45,36.58,7658.4
L405S-117,1201558,01:50,39.96,8054.4
L405S-117,1201558,01:55,40.52,7418.4
L405S-117,1201558,02:00,44.32000000000001,7495.2
L405S-117,1201558,02:05,49.3,7840.8
L405S-117,1201558,02:10,50.0,7831.2
L405S-117,1201558,02:15,52.040000000000006,7826.4
L405S-117,1201558,02:20,53.42,7840.8
L405S-117,1201558,02:25,56.4,8128.8
L405S-117,1201558,02:30,58.4,8049.6
L405S-117,1201558,02:35,59.46,8088.0
L405S-117,1201558,02:40,59.760000000000005,8354.4
L405S-117,1201558,02:45,60.4,8361.6
L405S-117,1201558,02:50,61.5,8227.2
L405S-117,1201558,02:55,62.17999999999999,7908.0
L405S-117,1201558,03:00,61.720000000000006,7644.0
L405S-117,1201558,03:05,62.339999999999996,7010.4
L405S-117,1201558,03:10,61.540000000000006,7432.8
L405S-117,1201558,03:15,61.44000000000001,7449.6
L405S-117,1201558,03:20,62.0,7197.6
L405S-117,1201558,03:25,61.86,7490.4
L405S-117,1201558,03:30,61.92,7519.2
L405S-117,1201558,03:35,62.080000000000005,7461.6
L405S-117,1201558,03:40,61.02,8152.8
L405S-117,1201558,03:45,60.8,7922.4
L405S-117,1201558,03:50,60.74000000000001,8071.2
L405S-117,1201558,03:55,61.04,7574.4
L405S-117,1201558,04:00,61.6,7219.2
L405S-117,1201558,04:05,62.0,6988.8
L405S-117,1201558,04:10,61.92,7740.0
L405S-117,1201558,04:15,62.32000000000001,7344.0
L405S-117,1201558,04:20,61.839999999999996,7629.6
L405S-117,1201558,04:25,62.0,7380.0
L405S-117,1201558,04:30,62.28000000000001,7735.2
L405S-117,1201558,04:35,62.220000000000006,7312.8
L405S-117,1201558,04:40,62.14,7900.8
L405S-117,1201558,04:45,61.9,7675.2
L405S-117,1201558,04:50,61.54,8011.2
L405S-117,1201558,04:55,60.980000000000004,7485.6
L405S-117,1201558,05:00,61.94,7046.4
L405S-117,1201558,05:05,61.4,6878.4
L405S-117,1201558,05:10,62.02,7068.0
L405S-117,1201558,05:15,62.3,7106.4
L405S-117,1201558,05:20,62.040000000000006,7478.4
L405S-117,1201558,05:25,62.540000000000006,7039.2
L405S-117,1201558,05:30,62.5,7406.4
L405S-117,1201558,05:35,62.6,7092.0
L405S-117,1201558,05:40,62.96,6976.8
L405S-117,1201558,05:45,63.05999999999999,7255.2
L405S-117,1201558,05:50,62.760000000000005,7483.2
L405S-117,1201558,05:55,62.67999999999999,6962.4
L405S-117,1201558,06:00,60.68000000000001,6777.6
L405S-117,1201558,06:05,56.260000000000005,6288.0
L405S-117,1201558,06:10,55.17999999999999,6446.4
L405S-117,1201558,06:15,56.74000000000001,7204.8
L405S-117,1201558,06:20,59.5,7096.8
L405S-117,1201558,06:25,61.5,7125.6
L405S-117,1201558,06:30,62.220000000000006,7017.6
L405S-117,1201558,06:35,62.7,6360.0
L405S-117,1201558,06:40,62.1,6302.4
L405S-117,1201558,06:45,61.44,6595.2
L405S-117,1201558,06:50,61.4,6396.0
L405S-117,1201558,06:55,61.9,5851.2
L405S-117,1201558,07:00,62.339999999999996,6045.6
L405S-117,1201558,07:05,62.5,5824.8
L405S-117,1201558,07:10,61.82000000000001,6602.4
L405S-117,1201558,07:15,61.14000000000001,6453.6
L405S-117,1201558,07:20,60.8,7219.2
L405S-117,1201558,07:25,59.92,7296.0
L405S-117,1201558,07:30,59.92,7396.8
L405S-117,1201558,07:35,61.44000000000001,7185.6
L405S-117,1201558,07:40,60.67999999999999,7188.0
L405S-117,1201558,07:45,62.5,7240.8
L405S-117,1201558,07:50,63.239999999999995,7260.0
L405S-117,1201558,07:55,64.17999999999999,6799.2
L405S-117,1201558,08:00,64.82000000000001,6460.8
L405S-117,1201558,08:05,65.4,6840.0
L405S-117,1201558,08:10,65.38,6888.0
L405S-117,1201558,08:15,65.42,6883.2
L405S-117,1201558,08:20,64.92,7317.6
L405S-117,1201558,08:25,65.1,7084.8
L405S-117,1201558,08:30,65.02000000000001,6964.8
L405S-117,1201558,08:35,65.08,7305.6
L405S-117,1201558,08:40,65.32000000000001,7238.4
L405S-117,1201558,08:45,65.38,7252.8
L405S-117,1201558,08:50,65.32000000000001,7413.6
L405S-117,1201558,08:55,65.36,6684.0
L405S-117,1201558,09:00,65.92,6739.2
L405S-117,1201558,09:05,66.5,6530.4
L405S-117,1201558,09:10,66.1,6864.0
L405S-117,1201558,09:15,65.72,7401.6
L405S-117,1201558,09:20,65.6,7221.6
L405S-117,1201558,09:25,66.32000000000001,6972.0
L405S-117,1201558,09:30,66.2,7274.4
L405S-117,1201558,09:35,66.38000000000001,6976.8
L405S-117,1201558,09:40,65.84,7519.2
L405S-117,1201558,09:45,65.82000000000001,7473.6
L405S-117,1201558,09:50,66.42,7113.6
L405S-117,1201558,09:55,66.76,6876.0
L405S-117,1201558,10:00,66.58,7008.0
L405S-117,1201558,10:05,66.26,7142.4
L405S-117,1201558,10:10,66.52000000000001,7161.6
L405S-117,1201558,10:15,66.22,7293.6
L405S-117,1201558,10:20,65.9,7627.2
L405S-117,1201558,10:25,66.24000000000001,7240.8
L405S-117,1201558,10:30,66.74,6907.2
L405S-117,1201558,10:35,67.06,6607.2
L405S-117,1201558,10:40,67.22,6866.4
L405S-117,1201558,10:45,67.9,6686.4
L405S-117,1201558,10:50,67.96000000000001,6592.8
L405S-117,1201558,10:55,68.08,6201.6
L405S-117,1201558,11:00,68.38,6060.0
L405S-117,1201558,11:05,68.46000000000001,6021.6
L405S-117,1201558,11:10,68.94,6448.8
L405S-117,1201558,11:15,68.86,6372.0
L405S-117,1201558,11:20,68.74,5973.6
L405S-117,1201558,11:25,68.78,6060.0
L405S-117,1201558,11:30,69.58,5918.4
L405S-117,1201558,11:35,69.24,5937.6
L405S-117,1201558,11:40,69.26,5916.0
L405S-117,1201558,11:45,69.52000000000001,5832.0
L405S-117,1201558,11:50,69.28,5224.8
L405S-117,1201558,11:55,69.78,5563.2
L405S-117,1201558,12:00,69.64000000000001,5275.2
L405S-117,1201558,12:05,69.9,5212.8
L405S-117,1201558,12:10,70.1,5143.2
L405S-117,1201558,12:15,69.78,4948.8
L405S-117,1201558,12:20,69.85999999999999,5373.6
L405S-117,1201558,12:25,69.6,5138.4
L405S-117,1201558,12:30,69.08,5018.4
L405S-117,1201558,12:35,69.36,4735.2
L405S-117,1201558,12:40,69.74,5131.2
L405S-117,1201558,12:45,70.24,4886.4
L405S-117,1201558,12:50,69.72,5193.6
L405S-117,1201558,12:55,70.53999999999999,4502.4
L405S-117,1201558,13:00,70.14,4754.4
L405S-117,1201558,13:05,70.17999999999999,4548.0
L405S-117,1201558,13:10,69.94,4437.6
L405S-117,1201558,13:15,69.67999999999999,4524.0
L405S-117,1201558,13:20,69.1,4807.2
L405S-117,1201558,13:25,69.02000000000001,4353.6
L405S-117,1201558,13:30,69.28,4312.8
L405S-117,1201558,13:35,69.0,4291.2
L405S-117,1201558,13:40,69.06,4255.2
L405S-117,1201558,13:45,68.5,4209.6
L405S-117,1201558,13:50,69.2,3931.2
L405S-117,1201558,13:55,69.08,3976.8
L405S-117,1201558,14:00,69.28,3969.6
L405S-117,1201558,14:05,69.64000000000001,4089.6
L405S-117,1201558,14:10,69.9,4029.6
L405S-117,1201558,14:15,69.88,3926.4
L405S-117,1201558,14:20,69.9,3888.0
L405S-117,1201558,14:25,69.84,3664.8
L405S-117,1201558,14:30,69.7,3698.4
L405S-117,1201558,14:35,69.74,3681.6
L405S-117,1201558,14:40,70.14000000000001,3513.6
L405S-117,1201558,14:45,70.24,3559.2
L405S-117,1201558,14:50,70.38,3578.4
L405S-117,1201558,14:55,70.22,3283.2
L405S-117,1201558,15:00,70.14,3259.2
L405S-117,1201558,15:05,69.97999999999999,2997.6
L405S-117,1201558,15:10,69.47999999999999,3235.2
L405S-117,1201558,15:15,68.92,3206.4
L405S-117,1201558,15:20,69.0,3098.4
L405S-117,1201558,15:25,69.96000000000001,3021.6
L405S-117,1201558,15:30,69.76,2702.4
L405S-117,1201558,15:35,70.66,2733.6
L405S-117,1201558,15:40,70.28,2668.8
L405S-117,1201558,15:45,70.28,2407.2
L405S-117,1201558,15:50,70.67999999999999,2421.6
L405S-117,1201558,15:55,71.03999999999999,2484.0
L405S-117,1201558,16:00,70.28,2124.0
L405S-117,1201558,16:05,69.67999999999999,2152.8
L405S-117,1201558,16:10,69.66,1975.2
L405S-117,1201558,16:15,70.38,2018.4
L405S-117,1201558,16:20,69.56,2052.0
L405S-117,1201558,16:25,69.86,1903.2
L405S-117,1201558,16:30,70.14,1821.6
L405S-117,1201558,16:35,70.28,1773.6
L405S-117,1201558,16:40,70.2,1668.0
L405S-117,1201558,16:45,70.82000000000001,1550.4
L405S-117,1201558,16:50,70.12,1620.0
L405S-117,1201558,16:55,70.36,1516.8
L405S-117,1201558,17:00,70.58,1425.6
L405S-117,1201558,17:05,70.74,1267.2
L405S-117,1201558,17:10,70.76,1485.6
L405S-117,1201558,17:15,70.4,1231.2
L405S-117,1201558,17:20,70.4,1348.8
L405S-117,1201558,17:25,69.66,1240.8
L405S-117,1201558,17:30,69.76,1188.0
L405S-117,1201558,17:35,69.1,1238.4
L405S-117,1201558,17:40,69.17999999999999,1120.8
L405S-117,1201558,17:45,68.24,1075.2
L405S-117,1201558,17:50,68.02000000000001,1063.2
L405S-117,1201558,17:55,68.82000000000001,962.4
L405S-117,1201558,18:00,68.8,902.4
L405S-117,1201558,18:05,69.32000000000001,823.2
L405S-117,1201558,18:10,69.28,804.0
L405S-117,1201558,18:15,68.42,676.8
L405S-117,1201558,18:20,69.46000000000001,720.0
L405S-117,1201558,18:25,69.76,691.2
L405S-117,1201558,18:30,69.9,552.0
L405S-117,1201558,18:35,69.38,662.4
L405S-117,1201558,18:40,69.02000000000001,504.0
L405S-117,1201558,18:45,68.76,580.8
L405S-117,1201558,18:50,69.28,508.8
L405S-117,1201558,18:55,69.8,549.6
L405S-117,1201558,19:00,69.12,540.0
L405S-117,1201558,19:05,69.22,525.6
L405S-117,1201558,19:10,69.38,568.8
L405S-117,1201558,19:15,69.03999999999999,561.6
L405S-117,1201558,19:20,69.08,520.8
L405S-117,1201558,19:25,69.38,525.6
L405S-117,1201558,19:30,69.1,540.0
L405S-117,1201558,19:35,68.88,549.6
L405S-117,1201558,19:40,69.88,573.6
L405S-117,1201558,19:45,69.53999999999999,544.8
L405S-117,1201558,19:50,69.88,556.8
L405S-117,1201558,19:55,69.72,578.4
L405S-117,1201558,20:00,69.96000000000001,544.8
L405S-117,1201558,20:05,69.32000000000001,528.0
L405S-117,1201558,20:10,69.82,628.8
L405S-117,1201558,20:15,70.1,604.8
L405S-117,1201558,20:20,69.64,633.6
L405S-117,1201558,20:25,69.53999999999999,777.6
L405S-117,1201558,20:30,69.46000000000001,873.6
L405S-117,1201558,20:35,69.67999999999999,806.4
L405S-117,1201558,20:40,69.46000000000001,1022.4
L405S-117,1201558,20:45,69.03999999999999,1056.0
L405S-117,1201558,20:50,69.06,979.2
L405S-117,1201558,20:55,69.82000000000001,1111.2
L405S-117,1201558,21:00,70.28,981.6
L405S-117,1201558,21:05,69.4,962.4
L405S-117,1201558,21:10,69.78,1053.6
L405S-117,1201558,21:15,69.76,1224.0
L405S-117,1201558,21:20,69.2,1564.8
L405S-117,1201558,21:25,69.32000000000001,1519.2
L405S-117,1201558,21:30,70.22,1968.0
L405S-117,1201558,21:35,70.24000000000001,2558.4
L405S-117,1201558,21:40,70.32000000000001,2635.2
L405S-117,1201558,21:45,71.12,2786.4
L405S-117,1201558,21:50,71.3,2738.4
L405S-117,1201558,21:55,70.58,2618.4
L405S-117,1201558,22:00,69.2,2340.0
L405S-117,1201558,22:05,69.67999999999999,2270.4
L405S-117,1201558,22:10,69.72,2649.6
L405S-117,1201558,22:15,71.2,2925.6
L405S-117,1201558,22:20,71.24,3424.8
L405S-117,1201558,22:25,70.44,3549.6
L405S-117,1201558,22:30,70.02000000000001,3955.2
L405S-117,1201558,22:35,70.56,4118.4
L405S-117,1201558,22:40,69.9,4800.0
L405S-117,1201558,22:45,70.92,4231.2
L405S-117,1201558,22:50,70.9,4711.2
L405S-117,1201558,22:55,70.94,4370.4
L405S-117,1201558,23:00,68.2,5354.4
L405S-117,1201558,23:05,67.72,5529.6
L405S-117,1201558,23:10,66.9,5846.4
L405S-117,1201558,23:15,67.0,6165.6
L405S-117,1201558,23:20,66.52000000000001,6592.8
L405S-117,1201558,23:25,65.6,6876.0
L405S-117,1201558,23:30,64.92,7092.0
L405S-117,1201558,23:35,64.2,6871.2
L405S-117,1201558,23:40,63.32000000000001,8143.2
L405S-117,1201558,23:45,63.06,8157.6
L405S-117,1201558,23:50,62.64000000000001,7567.2
L405S-117,1201558,23:55,62.4,7675.2
L405S-123,1201469,00:00,60.08,7984.8
L405S-123,1201469,00:05,58.7,8354.4
L405S-123,1201469,00:10,59.2,8356.8
L405S-123,1201469,00:15,59.040000000000006,8491.2
L405S-123,1201469,00:20,58.7,8503.2
L405S-123,1201469,00:25,56.580000000000005,8236.8
L405S-123,1201469,00:30,54.17999999999999,8481.6
L405S-123,1201469,00:35,53.239999999999995,8630.4
L405S-123,1201469,00:40,48.220000000000006,7828.8
L405S-123,1201469,00:45,45.480000000000004,7761.6
L405S-123,1201469,00:50,45.739999999999995,7855.2
L405S-123,1201469,00:55,49.52,7812.0
L405S-123,1201469,01:00,48.38000000000001,7180.8
L405S-123,1201469,01:05,48.88000000000001,7149.6
L405S-123,1201469,01:10,45.8,6996.0
L405S-123,1201469,01:15,43.56,7029.6
L405S-123,1201469,01:20,41.4,6840.0
L405S-123,1201469,01:25,40.78,7404.0
L405S-123,1201469,01:30,43.14,7425.6
L405S-123,1201469,01:35,45.58,7552.8
L405S-123,1201469,01:40,47.46,7838.4
L405S-123,1201469,01:45,47.56,7509.6
L405S-123,1201469,01:50,49.78,7862.4
L405S-123,1201469,01:55,52.0,7375.2
L405S-123,1201469,02:00,52.0,7274.4
L405S-123,1201469,02:05,55.18000000000001,7324.8
L405S-123,1201469,02:10,53.58,7250.4
L405S-123,1201469,02:15,54.620000000000005,7555.2
L405S-123,1201469,02:20,56.739999999999995,7166.4
L405S-123,1201469,02:25,57.339999999999996,7483.2
L405S-123,1201469,02:30,59.160000000000004,7408.8
L405S-123,1201469,02:35,60.42,7128.0
L405S-123,1201469,02:40,61.3,7267.2
L405S-123,1201469,02:45,61.86,7332.0
L405S-123,1201469,02:50,62.779999999999994,6914.4
L405S-123,1201469,02:55,63.8,6434.4
L405S-123,1201469,03:00,63.06,6148.8
L405S-123,1201469,03:05,63.38000000000001,5997.6
L405S-123,1201469,03:10,63.120000000000005,5952.0
L405S-123,1201469,03:15,62.86,6242.4
L405S-123,1201469,03:20,62.96,6057.6
L405S-123,1201469,03:25,63.14,6276.0
L405S-123,1201469,03:30,62.98,6117.6
L405S-123,1201469,03:35,63.040000000000006,6292.8
L405S-123,1201469,03:40,62.260000000000005,6501.6
L405S-123,1201469,03:45,61.980000000000004,6619.2
L405S-123,1201469,03:50,62.4,6376.8
L405S-123,1201469,03:55,61.760000000000005,6292.8
L405S-123,1201469,04:00,61.46,5836.8
L405S-123,1201469,04:05,62.720000000000006,5961.6
L405S-123,1201469,04:10,62.52,6132.0
L405S-123,1201469,04:15,62.620000000000005,6052.8
L405S-123,1201469,04:20,62.56,6033.6
L405S-123,1201469,04:25,62.879999999999995,6024.0
L405S-123,1201469,04:30,63.1,6314.4
L405S-123,1201469,04:35,63.18000000000001,6304.8
L405S-123,1201469,04:40,63.220000000000006,6441.6
L405S-123,1201469,04:45,63.120000000000005,6204.0
L405S-123,1201469,04:50,62.9,6612.0
L405S-123,1201469,04:55,62.5,6280.8
L405S-123,1201469,05:00,62.779999999999994,5836.8
L405S-123,1201469,05:05,62.64000000000001,5875.2
L405S-123,1201469,05:10,62.67999999999999,5892.0
L405S-123,1201469,05:15,62.96,5834.4
L405S-123,1201469,05:20,63.04,5997.6
L405S-123,1201469,05:25,63.28000000000001,5988.0
L405S-123,1201469,05:30,62.8,6074.4
L405S-123,1201469,05:35,62.78000000000001,6254.4
L405S-123,1201469,05:40,63.480000000000004,5863.2
L405S-123,1201469,05:45,63.46,6168.0
L405S-123,1201469,05:50,64.12,6158.4
L405S-123,1201469,05:55,63.779999999999994,5880.0
L405S-123,1201469,06:00,63.8,5671.2
L405S-123,1201469,06:05,63.96,5054.4
L405S-123,1201469,06:10,64.5,5832.0
L405S-123,1201469,06:15,65.17999999999999,6165.6
L405S-123,1201469,06:20,64.6,6134.4
L405S-123,1201469,06:25,64.52000000000001,5827.2
L405S-123,1201469,06:30,64.18,5930.4
L405S-123,1201469,06:35,64.06,5800.8
L405S-123,1201469,06:40,64.74,5716.8
L405S-123,1201469,06:45,65.24000000000001,5764.8
L405S-123,1201469,06:50,65.56,5616.0
L405S-123,1201469,06:55,66.16,5136.0
L405S-123,1201469,07:00,66.12,5128.8
L405S-123,1201469,07:05,66.0,5388.0
L405S-123,1201469,07:10,66.22,5611.2
L405S-123,1201469,07:15,65.58,6004.8
L405S-123,1201469,07:20,65.46000000000001,6000.0
L405S-123,1201469,07:25,64.67999999999999,6307.2
L405S-123,1201469,07:30,63.879999999999995,6136.8
L405S-123,1201469,07:35,61.92,6160.8
L405S-123,1201469,07:40,61.0,5997.6
L405S-123,1201469,07:45,60.44000000000001,6064.8
L405S-123,1201469,07:50,61.08,5916.0
L405S-123,1201469,07:55,62.480000000000004,5474.4
L405S-123,1201469,08:00,64.36,5479.2
L405S-123,1201469,08:05,65.4,5354.4
L405S-123,1201469,08:10,65.47999999999999,5853.6
L405S-123,1201469,08:15,65.52000000000001,5726.4
L405S-123,1201469,08:20,65.03999999999999,6182.4
L405S-123,1201469,08:25,65.26,5745.6
L405S-123,1201469,08:30,65.14,5649.6
L405S-123,1201469,08:35,64.9,6141.6
L405S-123,1201469,08:40,65.6,6391.2
L405S-123,1201469,08:45,66.16,6067.2
L405S-123,1201469,08:50,66.1,5889.6
L405S-123,1201469,08:55,66.16,5733.6
L405S-123,1201469,09:00,66.4,5642.4
L405S-123,1201469,09:05,66.32000000000001,5616.0
L405S-123,1201469,09:10,66.46000000000001,5721.6
L405S-123,1201469,09:15,66.34,6264.0
L405S-123,1201469,09:20,66.0,6084.0
L405S-123,1201469,09:25,66.24,5930.4
L405S-123,1201469,09:30,66.56,5709.6
L405S-123,1201469,09:35,66.82000000000001,5901.6
L405S-123,1201469,09:40,66.46000000000001,6314.4
L405S-123,1201469,09:45,66.17999999999999,6297.6
L405S-123,1201469,09:50,66.42,5860.8
L405S-123,1201469,09:55,66.76,5736.0
L405S-123,1201469,10:00,67.03999999999999,5779.2
L405S-123,1201469,10:05,66.6,6031.2
L405S-123,1201469,10:10,66.62,6088.8
L405S-123,1201469,10:15,66.64,6199.2
L405S-123,1201469,10:20,66.17999999999999,6355.2
L405S-123,1201469,10:25,66.44000000000001,5894.4
L405S-123,1201469,10:30,67.3,5695.2
L405S-123,1201469,10:35,67.76,5438.4
L405S-123,1201469,10:40,68.2,5433.6
L405S-123,1201469,10:45,68.36,5445.6
L405S-123,1201469,10:50,68.36,5176.8
L405S-123,1201469,10:55,68.62,5112.0
L405S-123,1201469,11:00,68.67999999999999,5224.8
L405S-123,1201469,11:05,68.78,4939.2
L405S-123,1201469,11:10,69.0,5426.4
L405S-123,1201469,11:15,68.88,5488.8
L405S-123,1201469,11:20,69.17999999999999,5174.4
L405S-123,1201469,11:25,69.28,5212.8
L405S-123,1201469,11:30,70.02000000000001,5227.2
L405S-123,1201469,11:35,69.67999999999999,5150.4
L405S-123,1201469,11:40,69.82000000000001,5155.2
L405S-123,1201469,11:45,69.6,5035.2
L405S-123,1201469,11:50,69.24,4932.0
L405S-123,1201469,11:55,69.56,4708.8
L405S-123,1201469,12:00,69.67999999999999,4747.2
L405S-123,1201469,12:05,69.16,4742.4
L405S-123,1201469,12:10,70.17999999999999,4752.0
L405S-123,1201469,12:15,70.56,4555.2
L405S-123,1201469,12:20,70.47999999999999,4845.6
L405S-123,1201469,12:25,70.02000000000001,4507.2
L405S-123,1201469,12:30,69.44,4629.6
L405S-123,1201469,12:35,69.56,4380.0
L405S-123,1201469,12:40,69.62,4713.6
L405S-123,1201469,12:45,70.24,4442.4
L405S-123,1201469,12:50,70.1,4497.6
L405S-123,1201469,12:55,70.2,4204.8
L405S-123,1201469,13:00,70.6,4300.8
L405S-123,1201469,13:05,70.53999999999999,4288.8
L405S-123,1201469,13:10,70.08,4262.4
L405S-123,1201469,13:15,69.44,4334.4
L405S-123,1201469,13:20,69.74,4322.4
L405S-123,1201469,13:25,68.88,4264.8
L405S-123,1201469,13:30,69.38,4022.4
L405S-123,1201469,13:35,69.26,4111.2
L405S-123,1201469,13:40,68.92,4027.2
L405S-123,1201469,13:45,68.36,4046.4
L405S-123,1201469,13:50,68.72,3873.6
L405S-123,1201469,13:55,68.66,3919.2
L405S-123,1201469,14:00,69.12,3974.4
L405S-123,1201469,14:05,69.08000000000001,3628.8
L405S-123,1201469,14:10,69.16,4041.6
L405S-123,1201469,14:15,69.4,3854.4
L405S-123,1201469,14:20,69.41999999999999,3792.0
L405S-123,1201469,14:25,70.06,3525.6
L405S-123,1201469,14:30,70.34,3552.0
L405S-123,1201469,14:35,70.02000000000001,3523.2
L405S-123,1201469,14:40,70.1,3420.0
L405S-123,1201469,14:45,70.4,3424.8
L405S-123,1201469,14:50,70.7,3312.0
L405S-123,1201469,14:55,71.14,3045.6
L405S-123,1201469,15:00,70.58,3028.8
L405S-123,1201469,15:05,69.96000000000001,3033.6
L405S-123,1201469,15:10,69.6,3158.4
L405S-123,1201469,15:15,69.2,2954.4
L405S-123,1201469,15:20,68.78,2815.2
L405S-123,1201469,15:25,69.17999999999999,2918.4
L405S-123,1201469,15:30,70.26,2488.8
L405S-123,1201469,15:35,70.36,2505.6
L405S-123,1201469,15:40,69.38,2455.2
L405S-123,1201469,15:45,69.58,2330.4
L405S-123,1201469,15:50,70.82000000000001,2196.0
L405S-123,1201469,15:55,71.2,2227.2
L405S-123,1201469,16:00,70.62,1934.4
L405S-123,1201469,16:05,70.17999999999999,2035.2
L405S-123,1201469,16:10,69.12,1833.6
L405S-123,1201469,16:15,70.22,1824.0
L405S-123,1201469,16:20,70.85999999999999,1821.6
L405S-123,1201469,16:25,70.44,1720.8
L405S-123,1201469,16:30,70.5,1620.0
L405S-123,1201469,16:35,70.94,1624.8
L405S-123,1201469,16:40,70.76,1593.6
L405S-123,1201469,16:45,70.72,1524.0
L405S-123,1201469,16:50,70.64,1351.2
L405S-123,1201469,16:55,70.28,1401.6
L405S-123,1201469,17:00,71.08000000000001,1264.8
L405S-123,1201469,17:05,70.96000000000001,1274.4
L405S-123,1201469,17:10,70.72,1219.2
L405S-123,1201469,17:15,70.7,1185.6
L405S-123,1201469,17:20,70.67999999999999,1164.0
L405S-123,1201469,17:25,69.38,1024.8
L405S-123,1201469,17:30,69.8,1192.8
L405S-123,1201469,17:35,69.0,1024.8
L405S-123,1201469,17:40,69.74,1046.4
L405S-123,1201469,17:45,68.86,945.6
L405S-123,1201469,17:50,69.16,964.8
L405S-123,1201469,17:55,68.22,952.8
L405S-123,1201469,18:00,69.16,859.2
L405S-123,1201469,18:05,69.26,792.0
L405S-123,1201469,18:10,69.38,816.0
L405S-123,1201469,18:15,69.42,672.0
L405S-123,1201469,18:20,69.34,681.6
L405S-123,1201469,18:25,70.0,698.4
L405S-123,1201469,18:30,69.8,592.8
L405S-123,1201469,18:35,69.96000000000001,580.8
L405S-123,1201469,18:40,68.94,609.6
L405S-123,1201469,18:45,68.97999999999999,580.8
L405S-123,1201469,18:50,69.14,501.6
L405S-123,1201469,18:55,69.84,518.4
L405S-123,1201469,19:00,69.41999999999999,520.8
L405S-123,1201469,19:05,68.94,528.0
L405S-123,1201469,19:10,69.06,492.0
L405S-123,1201469,19:15,68.14,564.0
L405S-123,1201469,19:20,68.6,549.6
L405S-123,1201469,19:25,67.62,499.2
L405S-123,1201469,19:30,68.06,525.6
L405S-123,1201469,19:35,69.03999999999999,554.4
L405S-123,1201469,19:40,69.16,604.8
L405S-123,1201469,19:45,69.8,554.4
L405S-123,1201469,19:50,68.58,602.4
L405S-123,1201469,19:55,69.4,607.2
L405S-123,1201469,20:00,68.82000000000001,573.6
L405S-123,1201469,20:05,68.1,571.2
L405S-123,1201469,20:10,69.03999999999999,588.0
L405S-123,1201469,20:15,69.36,696.0
L405S-123,1201469,20:20,69.11999999999999,741.6
L405S-123,1201469,20:25,69.61999999999999,708.0
L405S-123,1201469,20:30,69.92,849.6
L405S-123,1201469,20:35,69.47999999999999,914.4
L405S-123,1201469,20:40,70.26,1012.8
L405S-123,1201469,20:45,70.22,1142.4
L405S-123,1201469,20:50,69.56,1159.2
L405S-123,1201469,20:55,70.16,1080.0
L405S-123,1201469,21:00,69.74,981.6
L405S-123,1201469,21:05,69.0,972.0
L405S-123,1201469,21:10,68.88,1166.4
L405S-123,1201469,21:15,69.62,1248.0
L405S-123,1201469,21:20,68.76,1521.6
L405S-123,1201469,21:25,69.53999999999999,1555.2
L405S-123,1201469,21:30,70.02000000000001,1963.2
L405S-123,1201469,21:35,70.24,2503.2
L405S-123,1201469,21:40,71.22,2702.4
L405S-123,1201469,21:45,70.36,2892.0
L405S-123,1201469,21:50,70.8,2671.2
L405S-123,1201469,21:55,70.32000000000001,2460.0
L405S-123,1201469,22:00,68.66,2143.2
L405S-123,1201469,22:05,68.22,2383.2
L405S-123,1201469,22:10,68.58,2546.4
L405S-123,1201469,22:15,69.96000000000001,2793.6
L405S-123,1201469,22:20,70.52000000000001,3343.2
L405S-123,1201469,22:25,70.12,3504.0
L405S-123,1201469,22:30,70.1,3842.4
L405S-123,1201469,22:35,69.84,4245.6
L405S-123,1201469,22:40,69.8,4908.0
L405S-123,1201469,22:45,70.56,4392.0
L405S-123,1201469,22:50,71.6,4636.8
L405S-123,1201469,22:55,71.78,4348.8
L405S-123,1201469,23:00,70.05999999999999,4821.6
L405S-123,1201469,23:05,69.0,5102.4
L405S-123,1201469,23:10,67.72,5779.2
L405S-123,1201469,23:15,67.96000000000001,5508.0
L405S-123,1201469,23:20,67.42,5916.0
L405S-123,1201469,23:25,66.78,6487.2
L405S-123,1201469,23:30,65.82000000000001,6950.4
L405S-123,1201469,23:35,64.66,6664.8
L405S-123,1201469,23:40,63.64,7725.6
L405S-123,1201469,23:45,63.339999999999996,7879.2
L405S-123,1201469,23:50,62.6,7557.6
L405S-123,1201469,23:55,62.32000000000001,7339.2
L405S-132,1222749,00:00,43.7,8030.4
L405S-132,1222749,00:05,43.220000000000006,7941.6
L405S-132,1222749,00:10,44.42,7411.2
L405S-132,1222749,00:15,44.660000000000004,7704.0
L405S-132,1222749,00:20,42.9,7632.0
L405S-132,1222749,00:25,39.8,7500.0
L405S-132,1222749,00:30,37.68,7128.0
L405S-132,1222749,00:35,38.279999999999994,7507.2
L405S-132,1222749,00:40,37.96,6679.2
L405S-132,1222749,00:45,37.5,6278.4
L405S-132,1222749,00:50,38.1,6564.0
L405S-132,1222749,00:55,38.64,6868.8
L405S-132,1222749,01:00,36.34,6052.8
L405S-132,1222749,01:05,36.84,6650.4
L405S-132,1222749,01:10,37.34,6398.4
L405S-132,1222749,01:15,37.46,6679.2
L405S-132,1222749,01:20,39.82,7120.8
L405S-132,1222749,01:25,39.14,6777.6
L405S-132,1222749,01:30,40.38,7024.8
L405S-132,1222749,01:35,42.56,7128.0
L405S-132,1222749,01:40,43.02,6981.6
L405S-132,1222749,01:45,42.940000000000005,7183.2
L405S-132,1222749,01:50,43.64,6823.2
L405S-132,1222749,01:55,45.24,6664.8
L405S-132,1222749,02:00,46.94,6732.0
L405S-132,1222749,02:05,48.8,7228.8
L405S-132,1222749,02:10,50.260000000000005,6708.0
L405S-132,1222749,02:15,50.78,7200.0
L405S-132,1222749,02:20,53.220000000000006,7557.6
L405S-132,1222749,02:25,55.260000000000005,7814.4
L405S-132,1222749,02:30,57.42,7951.2
L405S-132,1222749,02:35,57.24000000000001,7581.6
L405S-132,1222749,02:40,55.64,7987.2
L405S-132,1222749,02:45,56.7,8140.8
L405S-132,1222749,02:50,57.980000000000004,7922.4
L405S-132,1222749,02:55,58.92,7804.8
L405S-132,1222749,03:00,60.720000000000006,7152.0
L405S-132,1222749,03:05,61.06,7154.4
L405S-132,1222749,03:10,61.760000000000005,7262.4
L405S-132,1222749,03:15,62.38000000000001,7128.0
L405S-132,1222749,03:20,61.96,7483.2
L405S-132,1222749,03:25,61.94000000000001,7418.4
L405S-132,1222749,03:30,62.2,7476.0
L405S-132,1222749,03:35,61.52,7881.6
L405S-132,1222749,03:40,59.660000000000004,7879.2
L405S-132,1222749,03:45,60.620000000000005,8035.2
L405S-132,1222749,03:50,60.9,7968.0
L405S-132,1222749,03:55,61.14000000000001,7320.0
L405S-132,1222749,04:00,60.4,7053.6
L405S-132,1222749,04:05,61.220000000000006,7617.6
L405S-132,1222749,04:10,62.4,7353.6
L405S-132,1222749,04:15,62.580000000000005,7437.6
L405S-132,1222749,04:20,62.6,7425.6
L405S-132,1222749,04:25,62.3,7629.6
L405S-132,1222749,04:30,62.8,7384.8
L405S-132,1222749,04:35,62.74000000000001,7740.0
L405S-132,1222749,04:40,62.720000000000006,7677.6
L405S-132,1222749,04:45,61.5,8044.8
L405S-132,1222749,04:50,61.620000000000005,7605.6
L405S-132,1222749,04:55,62.239999999999995,7372.8
L405S-132,1222749,05:00,62.660000000000004,6979.2
L405S-132,1222749,05:05,63.46,6782.4
L405S-132,1222749,05:10,63.2,7180.8
L405S-132,1222749,05:15,62.5,7711.2
L405S-132,1222749,05:20,62.74000000000001,7435.2
L405S-132,1222749,05:25,62.52,7550.4
L405S-132,1222749,05:30,62.5,7579.2
L405S-132,1222749,05:35,57.46,7041.6
L405S-132,1222749,05:40,55.80000000000001,6837.6
L405S-132,1222749,05:45,58.260000000000005,7610.4
L405S-132,1222749,05:50,58.84000000000001,7442.4
L405S-132,1222749,05:55,59.64,7615.2
L405S-132,1222749,06:00,60.84000000000001,7353.6
L405S-132,1222749,06:05,62.2,7082.4
L405S-132,1222749,06:10,63.239999999999995,7024.8
L405S-132,1222749,06:15,62.96,7118.4
L405S-132,1222749,06:20,62.94,7317.6
L405S-132,1222749,06:25,63.44,7236.0
L405S-132,1222749,06:30,63.620000000000005,7008.0
L405S-132,1222749,06:35,63.540000000000006,7538.4
L405S-132,1222749,06:40,63.260000000000005,7399.2
L405S-132,1222749,06:45,62.760000000000005,7800.0
L405S-132,1222749,06:50,63.260000000000005,7243.2
L405S-132,1222749,06:55,63.36,7504.8
L405S-132,1222749,07:00,63.44,7178.4
L405S-132,1222749,07:05,63.9,7094.4
L405S-132,1222749,07:10,63.620000000000005,7243.2
L405S-132,1222749,07:15,63.68000000000001,7216.8
L405S-132,1222749,07:20,63.839999999999996,7392.0
L405S-132,1222749,07:25,64.17999999999999,7212.0
L405S-132,1222749,07:30,63.96,7389.6
L405S-132,1222749,07:35,64.2,7593.6
L405S-132,1222749,07:40,64.06,7958.4
L405S-132,1222749,07:45,63.779999999999994,7812.0
L405S-132,1222749,07:50,63.64000000000001,7665.6
L405S-132,1222749,07:55,64.18,7248.0
L405S-132,1222749,08:00,64.67999999999999,7015.2
L405S-132,1222749,08:05,64.72,7260.0
L405S-132,1222749,08:10,64.46000000000001,7394.4
L405S-132,1222749,08:15,64.06,7944.0
L405S-132,1222749,08:20,64.12,7353.6
L405S-132,1222749,08:25,64.44,7389.6
L405S-132,1222749,08:30,64.53999999999999,7442.4
L405S-132,1222749,08:35,64.52000000000001,7533.6
L405S-132,1222749,08:40,64.92,7809.6
L405S-132,1222749,08:45,64.38,8152.8
L405S-132,1222749,08:50,64.16,7886.4
L405S-132,1222749,08:55,64.67999999999999,7617.6
L405S-132,1222749,09:00,64.74000000000001,7356.0
L405S-132,1222749,09:05,64.38,7461.6
L405S-132,1222749,09:10,64.78,7735.2
L405S-132,1222749,09:15,64.46000000000001,7879.2
L405S-132,1222749,09:20,64.52000000000001,8049.6
L405S-132,1222749,09:25,64.47999999999999,7893.6
L405S-132,1222749,09:30,64.86,7545.6
L405S-132,1222749,09:35,64.8,7768.8
L405S-132,1222749,09:40,64.78,7816.8
L405S-132,1222749,09:45,64.82000000000001,8040.0
L405S-132,1222749,09:50,64.96000000000001,7946.4
L405S-132,1222749,09:55,64.67999999999999,7588.8
L405S-132,1222749,10:00,64.72,7948.8
L405S-132,1222749,10:05,65.2,7552.8
L405S-132,1222749,10:10,65.41999999999999,7960.8
L405S-132,1222749,10:15,65.08,8236.8
L405S-132,1222749,10:20,65.2,8121.6
L405S-132,1222749,10:25,65.05999999999999,7975.2
L405S-132,1222749,10:30,65.4,7915.2
L405S-132,1222749,10:35,65.67999999999999,7696.8
L405S-132,1222749,10:40,65.94,7514.4
L405S-132,1222749,10:45,65.84,7656.0
L405S-132,1222749,10:50,66.28,7226.4
L405S-132,1222749,10:55,66.3,7389.6
L405S-132,1222749,11:00,66.82,7015.2
L405S-132,1222749,11:05,67.3,6967.2
L405S-132,1222749,11:10,67.32000000000001,6825.6
L405S-132,1222749,11:15,67.46000000000001,6710.4
L405S-132,1222749,11:20,67.62,6732.0
L405S-132,1222749,11:25,68.03999999999999,6477.6
L405S-132,1222749,11:30,67.84,6698.4
L405S-132,1222749,11:35,68.2,6326.4
L405S-132,1222749,11:40,68.7,6319.2
L405S-132,1222749,11:45,68.4,6283.2
L405S-132,1222749,11:50,68.6,6033.6
L405S-132,1222749,11:55,68.86,5973.6
L405S-132,1222749,12:00,69.22,5505.6
L405S-132,1222749,12:05,69.92,5515.2
L405S-132,1222749,12:10,69.62,5328.0
L405S-132,1222749,12:15,69.7,5565.6
L405S-132,1222749,12:20,69.38,5256.0
L405S-132,1222749,12:25,69.72,5280.0
L405S-132,1222749,12:30,70.08,5100.0
L405S-132,1222749,12:35,69.97999999999999,5426.4
L405S-132,1222749,12:40,69.84,5248.8
L405S-132,1222749,12:45,69.7,5546.4
L405S-132,1222749,12:50,70.62,4838.4
L405S-132,1222749,12:55,70.17999999999999,5107.2
L405S-132,1222749,13:00,70.24000000000001,4860.0
L405S-132,1222749,13:05,70.2,4766.4
L405S-132,1222749,13:10,70.12,4807.2
L405S-132,1222749,13:15,69.74,4771.2
L405S-132,1222749,13:20,69.3,4509.6
L405S-132,1222749,13:25,69.53999999999999,4300.8
L405S-132,1222749,13:30,70.03999999999999,4490.4
L405S-132,1222749,13:35,69.36,4480.8
L405S-132,1222749,13:40,69.02000000000001,4257.6
L405S-132,1222749,13:45,69.18,4262.4
L405S-132,1222749,13:50,69.2,4132.8
L405S-132,1222749,13:55,69.2,4075.2
L405S-132,1222749,14:00,68.98,4188.0
L405S-132,1222749,14:05,69.6,4044.0
L405S-132,1222749,14:10,69.47999999999999,4183.2
L405S-132,1222749,14:15,69.94,3960.0
L405S-132,1222749,14:20,70.0,3840.0
L405S-132,1222749,14:25,69.86,3981.6
L405S-132,1222749,14:30,69.96000000000001,3924.0
L405S-132,1222749,14:35,69.64,3960.0
L405S-132,1222749,14:40,70.24,3710.4
L405S-132,1222749,14:45,70.96000000000001,3712.8
L405S-132,1222749,14:50,70.84,3566.4
L405S-132,1222749,14:55,70.58,3612.0
L405S-132,1222749,15:00,70.44000000000001,3156.0
L405S-132,1222749,15:05,70.0,3261.6
L405S-132,1222749,15:10,69.3,3319.2
L405S-132,1222749,15:15,69.0,3235.2
L405S-132,1222749,15:20,69.66,3285.6
L405S-132,1222749,15:25,69.92,2841.6
L405S-132,1222749,15:30,70.46000000000001,2906.4
L405S-132,1222749,15:35,70.12,2858.4
L405S-132,1222749,15:40,70.1,2808.0
L405S-132,1222749,15:45,70.12,2728.8
L405S-132,1222749,15:50,70.96,2748.0
L405S-132,1222749,15:55,70.44,2565.6
L405S-132,1222749,16:00,70.0,2469.6
L405S-132,1222749,16:05,69.66,2114.4
L405S-132,1222749,16:10,70.17999999999999,2196.0
L405S-132,1222749,16:15,70.38,2172.0
L405S-132,1222749,16:20,70.24,2172.0
L405S-132,1222749,16:25,70.12,2104.8
L405S-132,1222749,16:30,70.52000000000001,2104.8
L405S-132,1222749,16:35,70.32000000000001,1939.2
L405S-132,1222749,16:40,70.88000000000001,1848.0
L405S-132,1222749,16:45,70.55999999999999,1725.6
L405S-132,1222749,16:50,70.06,1963.2
L405S-132,1222749,16:55,70.53999999999999,1648.8
L405S-132,1222749,17:00,71.26,1497.6
L405S-132,1222749,17:05,71.17999999999999,1608.0
L405S-132,1222749,17:10,71.02000000000001,1372.8
L405S-132,1222749,17:15,70.67999999999999,1490.4
L405S-132,1222749,17:20,70.26,1320.0
L405S-132,1222749,17:25,69.97999999999999,1449.6
L405S-132,1222749,17:30,69.62,1303.2
L405S-132,1222749,17:35,69.92,1279.2
L405S-132,1222749,17:40,69.17999999999999,1262.4
L405S-132,1222749,17:45,68.44,1204.8
L405S-132,1222749,17:50,68.82000000000001,1101.6
L405S-132,1222749,17:55,69.36,1137.6
L405S-132,1222749,18:00,69.3,974.4
L405S-132,1222749,18:05,69.36,897.6
L405S-132,1222749,18:10,69.52000000000001,816.0
L405S-132,1222749,18:15,69.46000000000001,818.4
L405S-132,1222749,18:20,69.26,818.4
L405S-132,1222749,18:25,69.32000000000001,698.4
L405S-132,1222749,18:30,68.64,686.4
L405S-132,1222749,18:35,67.0,717.6
L405S-132,1222749,18:40,67.6,650.4
L405S-132,1222749,18:45,69.2,636.0
L405S-132,1222749,18:50,69.86,552.0
L405S-132,1222749,18:55,69.66,595.2
L405S-132,1222749,19:00,69.42,554.4
L405S-132,1222749,19:05,69.56,573.6
L405S-132,1222749,19:10,69.72,537.6
L405S-132,1222749,19:15,69.55999999999999,487.2
L405S-132,1222749,19:20,69.62,513.6
L405S-132,1222749,19:25,70.25999999999999,614.4
L405S-132,1222749,19:30,69.8,566.4
L405S-132,1222749,19:35,69.76,573.6
L405S-132,1222749,19:40,70.02000000000001,564.0
L405S-132,1222749,19:45,69.56,554.4
L405S-132,1222749,19:50,69.94,643.2
L405S-132,1222749,19:55,70.02000000000001,600.0
L405S-132,1222749,20:00,68.94,513.6
L405S-132,1222749,20:05,70.06,552.0
L405S-132,1222749,20:10,69.78,549.6
L405S-132,1222749,20:15,69.56,532.8
L405S-132,1222749,20:20,69.74,705.6
L405S-132,1222749,20:25,69.78,765.6
L405S-132,1222749,20:30,69.6,751.2
L405S-132,1222749,20:35,70.12,842.4
L405S-132,1222749,20:40,69.94,921.6
L405S-132,1222749,20:45,69.88,1017.6
L405S-132,1222749,20:50,69.6,1029.6
L405S-132,1222749,20:55,70.2,1008.0
L405S-132,1222749,21:00,69.42,859.2
L405S-132,1222749,21:05,69.56,868.8
L405S-132,1222749,21:10,70.24,1032.0
L405S-132,1222749,21:15,69.26,1267.2
L405S-132,1222749,21:20,69.56,1356.0
L405S-132,1222749,21:25,70.3,1644.0
L405S-132,1222749,21:30,69.86,2004.0
L405S-132,1222749,21:35,70.1,2268.0
L405S-132,1222749,21:40,70.7,2421.6
L405S-132,1222749,21:45,71.08,2668.8
L405S-132,1222749,21:50,70.53999999999999,2752.8
L405S-132,1222749,21:55,68.9,2476.8
L405S-132,1222749,22:00,70.2,2299.2
L405S-132,1222749,22:05,70.67999999999999,2359.2
L405S-132,1222749,22:10,71.88,2640.0
L405S-132,1222749,22:15,71.5,2901.6
L405S-132,1222749,22:20,70.96000000000001,3316.8
L405S-132,1222749,22:25,70.92,3516.0
L405S-132,1222749,22:30,70.24,3895.2
L405S-132,1222749,22:35,70.5,4466.4
L405S-132,1222749,22:40,71.02000000000001,5056.8
L405S-132,1222749,22:45,71.32000000000001,5767.2
L405S-132,1222749,22:50,71.4,5853.6
L405S-132,1222749,22:55,70.44000000000001,5349.6
L405S-132,1222749,23:00,69.7,4778.4
L405S-132,1222749,23:05,68.44,5563.2
L405S-132,1222749,23:10,67.84,5635.2
L405S-132,1222749,23:15,66.3,6664.8
L405S-132,1222749,23:20,65.34,7058.4
L405S-132,1222749,23:25,63.6,7444.8
L405S-132,1222749,23:30,61.279999999999994,7413.6
L405S-132,1222749,23:35,59.88000000000001,7552.8
L405S-132,1222749,23:40,55.06,7941.6
L405S-132,1222749,23:45,47.18,6616.8
L405S-132,1222749,23:50,44.8,6952.8
L405S-132,1222749,23:55,46.78,7056.0
