link_id,minute_of_day,average_speed_mph,speed_std_across_days_mph,average_observed_flow_veh_h,flow_std_across_days_veh_h,contributing_weekdays,max_mapped_station_count,clock_la
L405S-012,0,67.78,0.7694153624668484,1029.6,318.78017504230087,5,1,00:00
L405S-012,5,68.0,1.5858751527153687,1106.4,389.25158959213,5,1,00:05
L405S-012,10,66.72,1.5514509338035862,948.0,412.38816665855,5,1,00:10
L405S-012,15,65.34,3.840963420809939,972.0,437.7122342361474,5,1,00:15
L405S-012,20,65.86,2.5500980373311126,919.2,432.96558754709366,5,1,00:20
L405S-012,25,66.46000000000001,2.138457387931779,933.6,383.0049608033817,5,1,00:25
L405S-012,30,66.3,2.710166046573528,885.6,341.77887588322363,5,1,00:30
L405S-012,35,66.42,2.296083622170585,859.2,366.50129604136464,5,1,00:35
L405S-012,40,66.1,2.736786436680801,770.4,215.23196788581384,5,1,00:40
L405S-012,45,64.9,4.5271403777660755,640.8,192.48688266996274,5,1,00:45
L405S-012,50,65.6,2.692582403567252,559.2,77.1180912626862,5,1,00:50
L405S-012,55,65.4,3.354847239443247,734.4,256.72709245422465,5,1,00:55
L405S-012,60,64.9,5.072967573324316,628.8,99.17257685469306,5,1,01:00
L405S-012,65,66.3,2.989983277545212,602.4,102.3171539870026,5,1,01:05
L405S-012,70,66.38,2.8968948893599875,636.0,154.8418548067673,5,1,01:10
L405S-012,75,65.44,4.194997020261159,475.2,81.6529240137792,5,1,01:15
L405S-012,80,65.41999999999999,5.356024645200952,520.8,116.52982450857806,5,1,01:20
L405S-012,85,65.55999999999999,3.0916015267171826,494.4,53.26161845081315,5,1,01:25
L405S-012,90,66.3,2.737699764400764,470.4,129.91073858615383,5,1,01:30
L405S-012,95,65.78,2.0092287077383735,458.4,64.2868571326986,5,1,01:35
L405S-012,100,66.38,1.31605471010897,460.8,84.2567504714014,5,1,01:40
L405S-012,105,65.86,1.357571360923616,424.8,44.5780214904161,5,1,01:45
L405S-012,110,65.58,2.741714791877519,439.2,78.96328260653809,5,1,01:50
L405S-012,115,65.97999999999999,2.7662248643232124,369.6,77.4906445966221,5,1,01:55
L405S-012,120,64.78,2.6901672810440576,350.4,67.56330364924439,5,1,02:00
L405S-012,125,65.3,2.113054660911544,362.4,55.899910554490155,5,1,02:05
L405S-012,130,65.1,2.7748873851023217,463.2,68.19970674423755,5,1,02:10
L405S-012,135,65.8,1.56204993518133,403.2,75.2276544895559,5,1,02:15
L405S-012,140,64.96,2.905684084686426,393.6,57.79965397820302,5,1,02:20
L405S-012,145,64.67999999999999,3.0144651266849998,441.6,83.74246234736593,5,1,02:25
L405S-012,150,64.24,1.8311198759229295,384.0,58.172158288995945,5,1,02:30
L405S-012,155,66.0,0.9797958971132704,463.2,38.51233568611491,5,1,02:35
L405S-012,160,65.25999999999999,1.1545561917897327,381.6,79.77969666525438,5,1,02:40
L405S-012,165,66.1,0.6519202405202658,408.0,76.83749084919418,5,1,02:45
L405S-012,170,65.32,2.126499470961606,446.4,67.56330364924439,5,1,02:50
L405S-012,175,66.03999999999999,0.7368853370776236,432.0,62.353829072479584,5,1,02:55
L405S-012,180,66.28,0.9679876032264018,388.8,79.41788211731662,5,1,03:00
L405S-012,185,65.22,0.8584870412533969,480.0,36.98648401781386,5,1,03:05
L405S-012,190,65.24,0.35071355833501144,537.6,90.75681792570737,5,1,03:10
L405S-012,195,65.72,0.9984988733093293,607.2,69.24738262201684,5,1,03:15
L405S-012,200,65.34,1.5993748778819776,588.0,75.8946638440411,5,1,03:20
L405S-012,205,65.66,1.908664454533587,763.2,60.35892643180459,5,1,03:25
L405S-012,210,65.2,0.8154753215150032,768.0,125.85706178041819,5,1,03:30
L405S-012,215,65.08,1.2735776379946369,813.6,92.71893010599292,5,1,03:35
L405S-012,220,66.17999999999999,1.6177144370994514,902.4,64.2868571326986,5,1,03:40
L405S-012,225,66.56,1.0310189135025534,1017.6,137.1889208354669,5,1,03:45
L405S-012,230,66.0,1.4611639196202468,955.2,62.69928229254303,5,1,03:50
L405S-012,235,66.7,1.7291616465790547,880.8,115.28746679496433,5,1,03:55
L405S-012,240,66.2,0.8154753215150088,890.4,82.00487790369547,5,1,04:00
L405S-012,245,66.75999999999999,1.0382677881933908,842.4,111.73540173105388,5,1,04:05
L405S-012,250,66.44,1.7008821240756296,1190.4,67.02835221009092,5,1,04:10
L405S-012,255,66.9,1.7277152543170984,1286.4,82.00487790369546,5,1,04:15
L405S-012,260,66.14,2.19385505446464,1392.0,153.44054223053305,5,1,04:20
L405S-012,265,66.52000000000001,2.2241852440837806,1648.8,182.1076604649019,5,1,04:25
L405S-012,270,66.72,1.6513630733427493,2076.0,127.27922061357856,5,1,04:30
L405S-012,275,65.47999999999999,2.3123581037546934,2505.6,152.35747438179723,5,1,04:35
L405S-012,280,65.94,1.5290519938837952,2796.0,150.11995203836165,5,1,04:40
L405S-012,285,65.62,2.7371518043396867,2872.8,304.8330690722383,5,1,04:45
L405S-012,290,65.8,2.4114311103574946,2904.0,197.9090700296477,5,1,04:50
L405S-012,295,64.82000000000001,3.3670461832294434,2563.2,234.01538410967765,5,1,04:55
L405S-012,300,65.61999999999999,3.447752891377224,2232.0,268.7303481187043,5,1,05:00
L405S-012,305,65.5,3.880721582386449,2366.4,73.19016327348912,5,1,05:05
L405S-012,310,65.78,4.008989897717378,2498.4,203.36371357742266,5,1,05:10
L405S-012,315,65.91999999999999,2.941428224519511,2834.4,79.32717062898438,5,1,05:15
L405S-012,320,64.67999999999999,3.136399209284432,3314.4,135.07331342645003,5,1,05:20
L405S-012,325,64.66,3.7839133182460714,3561.6,285.28722368868887,5,1,05:25
L405S-012,330,63.9,4.148493702538308,3820.8,338.30637002575054,5,1,05:30
L405S-012,335,64.03999999999999,3.3515667977827976,4248.0,120.8966500776593,5,1,05:35
L405S-012,340,63.1,3.7483329627982664,4958.4,352.9713869423412,5,1,05:40
L405S-012,345,63.14,3.963962663799949,5352.0,234.99787233079365,5,1,05:45
L405S-012,350,62.82000000000001,3.5681928199019732,5596.8,385.1794387035736,5,1,05:50
L405S-012,355,62.84000000000001,4.271182506051453,5488.8,214.93068650148587,5,1,05:55
L405S-012,360,62.08,3.1260198335903113,4872.0,335.5711548986295,5,1,06:00
L405S-012,365,60.58,2.1764650238402656,4857.6,312.27680029102396,5,1,06:05
L405S-012,370,60.5,2.667395733669825,5272.8,369.7285490735061,5,1,06:10
L405S-012,375,60.14,2.287575135378069,5805.6,298.7252918652856,5,1,06:15
L405S-012,380,59.2,2.241651177145987,6547.2,508.8764093569282,5,1,06:20
L405S-012,385,58.239999999999995,2.9330871108782293,6595.2,696.8580917231284,5,1,06:25
L405S-012,390,57.260000000000005,3.068061277093401,7140.0,529.497875349845,5,1,06:30
L405S-012,395,56.04,2.9159903977894,7600.8,294.01224464297405,5,1,06:35
L405S-012,400,55.160000000000004,3.799078835717941,7855.2,349.30101631687245,5,1,06:40
L405S-012,405,52.86,5.556797638928376,7922.4,206.0019417384215,5,1,06:45
L405S-012,410,50.52,4.286257108480542,7989.6,288.1749468638798,5,1,06:50
L405S-012,415,47.120000000000005,7.105068613321057,7404.0,446.7482512556708,5,1,06:55
L405S-012,420,47.120000000000005,6.199758059795561,7478.4,150.21584470354645,5,1,07:00
L405S-012,425,46.86,6.818944199801019,7420.8,431.716573691583,5,1,07:05
L405S-012,430,44.92,7.824768367178673,7332.0,366.04917702407147,5,1,07:10
L405S-012,435,44.44,7.720297921712606,7447.2,154.51601858707076,5,1,07:15
L405S-012,440,42.88,8.261476865548923,7490.4,294.2325610805168,5,1,07:20
L405S-012,445,40.12,9.599322892787805,7171.2,310.1019187299557,5,1,07:25
L405S-012,450,38.239999999999995,10.18788496205174,7284.0,644.7138900318497,5,1,07:30
L405S-012,455,37.32000000000001,9.662660089230085,7140.0,609.6425182022658,5,1,07:35
L405S-012,460,36.8,8.519389649499546,7312.8,621.549032659532,5,1,07:40
L405S-012,465,35.08,9.63156269771422,6856.8,671.0672097487702,5,1,07:45
L405S-012,470,34.839999999999996,9.494630061250415,6924.0,524.8542654870969,5,1,07:50
L405S-012,475,33.82,9.366803083229623,6816.0,735.0918309980053,5,1,07:55
L405S-012,480,37.239999999999995,7.141288399161598,6940.8,295.35605631169983,5,1,08:00
L405S-012,485,36.480000000000004,10.39119819847548,6796.8,574.6609435136513,5,1,08:05
L405S-012,490,36.339999999999996,10.567308077273044,6708.0,418.02392276040854,5,1,08:10
L405S-012,495,35.019999999999996,11.467650151622172,6595.2,379.34048030759914,5,1,08:15
L405S-012,500,32.84,13.424343559370048,6345.6,594.1151403558067,5,1,08:20
L405S-012,505,32.779999999999994,13.67779221950677,6588.0,519.4073545878996,5,1,08:25
L405S-012,510,32.32000000000001,12.8828180147047,6508.8,527.2221543144786,5,1,08:30
L405S-012,515,33.82000000000001,12.981024612872437,6576.0,670.820393249937,5,1,08:35
L405S-012,520,33.78,14.261556717273187,6417.6,700.1976863714989,5,1,08:40
L405S-012,525,35.160000000000004,13.489736839538418,6739.2,382.92975857198667,5,1,08:45
L405S-012,530,35.48,12.455199717387112,6648.0,506.84908996662904,5,1,08:50
L405S-012,535,37.4,10.702102597153512,6650.4,250.76841906428325,5,1,08:55
L405S-012,540,38.519999999999996,10.843292857799241,6662.4,614.313275129229,5,1,09:00
L405S-012,545,41.059999999999995,10.173396679575607,6544.8,452.003539809148,5,1,09:05
L405S-012,550,43.86,10.304513574157685,6619.2,565.2496793453314,5,1,09:10
L405S-012,555,44.82000000000001,11.634302729429038,6403.2,822.1795424358356,5,1,09:15
L405S-012,560,46.56,10.515845187144969,6429.6,797.90525753375,5,1,09:20
L405S-012,565,48.120000000000005,9.313270102386165,6535.2,948.060757546688,5,1,09:25
L405S-012,570,49.42,8.095492573030995,6367.2,994.9367819112931,5,1,09:30
L405S-012,575,50.58,8.316068782784331,6508.8,534.1415542718989,5,1,09:35
L405S-012,580,52.8,6.421448434738067,6600.0,485.14740028160514,5,1,09:40
L405S-012,585,54.160000000000004,5.689288180431713,6338.4,532.0345853419682,5,1,09:45
L405S-012,590,54.96,5.521141186385288,6180.0,316.46800786177425,5,1,09:50
L405S-012,595,55.08,3.8925570002249184,6079.2,283.28642748991695,5,1,09:55
L405S-012,600,56.67999999999999,2.7188232748746257,5457.6,433.447574684644,5,1,10:00
L405S-012,605,58.019999999999996,1.9979989989987432,5385.6,289.17261281110285,5,1,10:05
L405S-012,610,57.720000000000006,1.7512852423291885,5140.8,265.0343373980059,5,1,10:10
L405S-012,615,58.31999999999999,0.8167006795638211,5558.4,288.29984391254885,5,1,10:15
L405S-012,620,59.36,0.4827007354458856,5287.2,398.5915202309251,5,1,10:20
L405S-012,625,59.239999999999995,0.7127411872482166,5361.6,326.3691161859528,5,1,10:25
L405S-012,630,59.239999999999995,0.9762171889492643,5364.0,422.98936156834964,5,1,10:30
L405S-012,635,59.64,0.6024948132556822,5083.2,224.9159843141434,5,1,10:35
L405S-012,640,59.279999999999994,0.8074651695274551,5611.2,316.8772633055266,5,1,10:40
L405S-012,645,58.5,1.8721645226848997,5572.8,403.7068243168549,5,1,10:45
L405S-012,650,57.67999999999999,1.617714437099448,5846.4,661.5472772221196,5,1,10:50
L405S-012,655,57.98,1.7991664736760733,5227.2,308.8222789890652,5,1,10:55
L405S-012,660,57.85999999999999,1.6379865689315036,5215.2,375.9084995048662,5,1,11:00
L405S-012,665,57.879999999999995,1.2557866060760476,5301.6,350.10398455316096,5,1,11:05
L405S-012,670,58.58,1.0545141061171242,5164.8,212.57281105541222,5,1,11:10
L405S-012,675,58.919999999999995,1.1519548602267358,5467.2,519.5875287186943,5,1,11:15
L405S-012,680,59.02,1.5959323293924452,5083.2,187.94467270981644,5,1,11:20
L405S-012,685,57.88000000000001,1.5089731607951165,5414.4,422.68285983701776,5,1,11:25
L405S-012,690,57.879999999999995,2.1947665023869862,5289.6,511.8953017952011,5,1,11:30
L405S-012,695,58.02,1.783816134022787,5272.8,479.2193652180596,5,1,11:35
L405S-012,700,58.160000000000004,1.9243180610283699,5764.8,388.06597377250165,5,1,11:40
L405S-012,705,57.96,1.3794926603646722,5488.8,231.69635301402568,5,1,11:45
L405S-012,710,58.5,1.0908712114635781,5481.6,666.3728685953532,5,1,11:50
L405S-012,715,58.339999999999996,1.3221195104830672,5364.0,293.2030013488948,5,1,11:55
L405S-012,720,58.64,1.3685759021698456,5116.8,618.3552377072583,5,1,12:00
L405S-012,725,58.660000000000004,1.7601136326953475,5018.4,382.1580824737324,5,1,12:05
L405S-012,730,59.4,1.2708265027138792,5215.2,400.5735887449396,5,1,12:10
L405S-012,735,59.2,2.102379604162867,5565.6,314.230488654427,5,1,12:15
L405S-012,740,59.44,2.1489532335534856,5354.4,200.15194228385602,5,1,12:20
L405S-012,745,59.620000000000005,2.051097267318153,5368.8,264.89847111676573,5,1,12:25
L405S-012,750,59.8,1.901315334183156,5450.4,619.0999919237603,5,1,12:30
L405S-012,755,59.86,1.5339491516996253,5455.2,315.85313042615235,5,1,12:35
L405S-012,760,59.739999999999995,1.9243180610283714,5716.8,493.72380943195355,5,1,12:40
L405S-012,765,60.160000000000004,1.781291666179346,5656.8,170.46759222796567,5,1,12:45
L405S-012,770,59.54,1.848783383741867,5500.8,403.4392147523589,5,1,12:50
L405S-012,775,59.85999999999999,1.8105247858010676,5356.8,359.8599727671862,5,1,12:55
L405S-012,780,60.279999999999994,1.9562719647329214,5068.8,475.5998317913916,5,1,13:00
L405S-012,785,60.019999999999996,1.6053037095827063,5191.2,206.5604027881433,5,1,13:05
L405S-012,790,60.9,1.3546217184144105,5527.2,373.7956661064973,5,1,13:10
L405S-012,795,61.36,1.3867227552759096,5416.8,347.44093023131285,5,1,13:15
L405S-012,800,61.2,1.647725705328406,5553.6,336.7919238936705,5,1,13:20
L405S-012,805,61.220000000000006,2.1288494545176273,5604.0,233.30666514268296,5,1,13:25
L405S-012,810,61.52,2.0656718035544728,5577.6,437.0867190844398,5,1,13:30
L405S-012,815,61.239999999999995,2.187007087322764,5479.2,341.06187121987125,5,1,13:35
L405S-012,820,61.32000000000001,2.6281171967779473,5889.6,218.22190540823348,5,1,13:40
L405S-012,825,60.739999999999995,2.4744696401451347,5786.4,322.038507014301,5,1,13:45
L405S-012,830,60.7,2.3140872930812275,5532.0,183.76071397336264,5,1,13:50
L405S-012,835,61.760000000000005,2.2478878975607306,5311.2,351.1512494638173,5,1,13:55
L405S-012,840,61.94,1.585244460643209,5131.2,304.2420089336777,5,1,14:00
L405S-012,845,62.17999999999999,1.864671552847845,5277.6,488.9466228536608,5,1,14:05
L405S-012,850,62.779999999999994,1.7166828478201823,5301.6,552.6127034370454,5,1,14:10
L405S-012,855,62.18000000000001,2.0339616515558983,5253.6,395.0351883060547,5,1,14:15
L405S-012,860,61.3,2.7358728040608935,5779.2,838.8248923345087,5,1,14:20
L405S-012,865,61.48,2.667770604830931,5414.4,404.22370044320763,5,1,14:25
L405S-012,870,61.56,2.6847718711279773,5452.8,204.45830870864606,5,1,14:30
L405S-012,875,61.9,2.060339777803653,5349.6,328.7868610513504,5,1,14:35
L405S-012,880,62.1,2.187464285422738,5745.6,278.51894011000394,5,1,14:40
L405S-012,885,62.0,2.396872962841379,5719.2,211.04312355535302,5,1,14:45
L405S-012,890,61.46,2.046460358765841,5812.8,71.29656373206217,5,1,14:50
L405S-012,895,61.760000000000005,2.050121947592386,5637.6,246.42402480277767,5,1,14:55
L405S-012,900,61.81999999999999,1.813008549345534,5287.2,375.9084995048662,5,1,15:00
L405S-012,905,62.17999999999999,1.9136352839556485,5563.2,485.34029299039247,5,1,15:05
L405S-012,910,62.4,2.040833163195855,5371.2,291.306024654486,5,1,15:10
L405S-012,915,62.05999999999999,1.8716303053755032,5865.6,298.24285406359695,5,1,15:15
L405S-012,920,61.56,1.5582040944625979,5632.8,215.09811714657104,5,1,15:20
L405S-012,925,61.21999999999999,1.962651268055534,5572.8,327.82190286800545,5,1,15:25
L405S-012,930,61.2,1.6309506430300067,5740.8,358.85818926144066,5,1,15:30
L405S-012,935,61.419999999999995,1.5754364474646403,5601.6,206.35115701153694,5,1,15:35
L405S-012,940,60.660000000000004,1.8146625030566976,5980.8,242.1800982739911,5,1,15:40
L405S-012,945,60.75999999999999,2.5451915448547275,5815.2,271.87349999586206,5,1,15:45
L405S-012,950,61.1,2.4413111231467406,5484.0,330.59945553494185,5,1,15:50
L405S-012,955,61.6,1.8343936327844188,5539.2,458.6449607267042,5,1,15:55
L405S-012,960,61.660000000000004,0.9316651759081688,5404.8,252.37115524560247,5,1,16:00
L405S-012,965,61.44,1.9007893097342508,5064.0,235.91523901605,5,1,16:05
L405S-012,970,61.14,2.114946807841753,5704.8,193.04714450102597,5,1,16:10
L405S-012,975,61.52,1.8130085493455401,5577.6,152.1210044668389,5,1,16:15
L405S-012,980,60.58,1.5122830422906965,5779.2,457.38736318354927,5,1,16:20
L405S-012,985,60.58,0.9984988733093288,5239.2,385.73980867937394,5,1,16:25
L405S-012,990,61.5,1.3729530217745962,5246.4,642.7789666751706,5,1,16:30
L405S-012,995,60.98,1.6679328523654668,5484.0,410.1121797752415,5,1,16:35
L405S-012,1000,61.080000000000005,1.4855975228843106,5553.6,446.2160911486721,5,1,16:40
L405S-012,1005,59.88000000000001,2.662141994710271,5625.6,443.30215429208107,5,1,16:45
L405S-012,1010,59.5,3.8307962618755886,5294.4,437.74513132643756,5,1,16:50
L405S-012,1015,59.17999999999999,2.755358415887121,5520.0,460.47801250439744,5,1,16:55
L405S-012,1020,60.52,3.369272918598308,5282.4,129.91073858615385,5,1,17:00
L405S-012,1025,60.879999999999995,3.250692233971094,5469.6,335.82852767446656,5,1,17:05
L405S-012,1030,60.36,3.455141096974187,5704.8,279.70555947281423,5,1,17:10
L405S-012,1035,60.260000000000005,3.6363443181305017,5587.2,470.041700277752,5,1,17:15
L405S-012,1040,59.68000000000001,4.044378815096332,5594.4,511.0506824180945,5,1,17:20
L405S-012,1045,58.3,7.725283166331185,5239.2,553.9270710120602,5,1,17:25
L405S-012,1050,54.86,14.240891826005841,4862.4,917.0151579990377,5,1,17:30
L405S-012,1055,54.220000000000006,17.311181357723683,4783.2,383.39953051614447,5,1,17:35
L405S-012,1060,57.02,12.578433924777757,5047.2,642.4540450491381,5,1,17:40
L405S-012,1065,58.88000000000001,7.690383605516697,5011.2,540.772780380078,5,1,17:45
L405S-012,1070,60.9,4.618441295502199,4752.0,280.0142853498728,5,1,17:50
L405S-012,1075,61.7,2.7793884219374543,4694.4,618.8673525077891,5,1,17:55
L405S-012,1080,62.96,2.3733941939762095,4665.6,575.0867760607957,5,1,18:00
L405S-012,1085,63.4,1.6294170736800264,4615.2,441.03877380565984,5,1,18:05
L405S-012,1090,64.12,1.2949903474543711,4814.4,309.14850800222223,5,1,18:10
L405S-012,1095,63.42,1.0401922899156688,5052.0,436.39431710323635,5,1,18:15
L405S-012,1100,62.04,1.7444196742756621,5138.4,517.0733023469691,5,1,18:20
L405S-012,1105,62.54,2.1255587500702053,4730.4,672.3427697238963,5,1,18:25
L405S-012,1110,63.3,1.7277152543170966,4807.2,691.7768426306276,5,1,18:30
L405S-012,1115,64.12,1.6452963258939097,4514.4,459.4918932908393,5,1,18:35
L405S-012,1120,64.06,1.8514858897652935,4663.2,644.2446740175661,5,1,18:40
L405S-012,1125,64.26,1.9565275362232912,4521.6,424.5524702554443,5,1,18:45
L405S-012,1130,64.8,1.3982131454109594,4646.4,423.1935727300216,5,1,18:50
L405S-012,1135,64.2,1.539480431834063,4550.4,616.419337788814,5,1,18:55
L405S-012,1140,64.78,2.0608250774871726,4411.2,541.3715914231186,5,1,19:00
L405S-012,1145,65.26,2.2656124999655174,4500.0,357.39054268405033,5,1,19:05
L405S-012,1150,64.8,1.298075498574713,4240.8,257.3153707029566,5,1,19:10
L405S-012,1155,65.22,1.3809417076763226,4310.4,469.1831199009615,5,1,19:15
L405S-012,1160,65.7,1.2469963913339974,4300.8,607.9039397799622,5,1,19:20
L405S-012,1165,65.47999999999999,1.7079227148791025,4473.6,391.6488222885394,5,1,19:25
L405S-012,1170,66.58,1.681368490248346,3924.0,450.03999822238023,5,1,19:30
L405S-012,1175,65.91999999999999,2.1672563300172905,4221.6,379.7957345732044,5,1,19:35
L405S-012,1180,65.66,2.944146735473625,4358.4,514.3508530176654,5,1,19:40
L405S-012,1185,66.12,2.4014578905323343,3844.8,400.12398078595584,5,1,19:45
L405S-012,1190,66.08,1.9136352839556436,3914.4,322.15027549266506,5,1,19:50
L405S-012,1195,66.28,2.3015212360523623,3686.4,400.37582344592187,5,1,19:55
L405S-012,1200,65.74,1.921717981390606,3859.2,437.0208233025058,5,1,20:00
L405S-012,1205,65.03999999999999,1.882285844392403,3871.2,547.257891674483,5,1,20:05
L405S-012,1210,64.9,1.6201851746019655,3806.4,441.26726595114667,5,1,20:10
L405S-012,1215,65.3,1.4949916387726123,3552.0,243.57339756221327,5,1,20:15
L405S-012,1220,65.7,1.9685019685029577,3643.2,388.06597377250176,5,1,20:20
L405S-012,1225,64.86,2.1824298385056933,3777.6,338.8167646383514,5,1,20:25
L405S-012,1230,65.1,2.5268557536986513,3693.6,382.53470430798825,5,1,20:30
L405S-012,1235,65.0,1.6294170736800329,3547.2,528.9264599166883,5,1,20:35
L405S-012,1240,64.8,0.7615773105863906,3508.8,422.4443158571316,5,1,20:40
L405S-012,1245,65.14,2.062280291328024,3403.2,407.5232508704258,5,1,20:45
L405S-012,1250,65.08,2.1844907873461,3307.2,404.95333064440894,5,1,20:50
L405S-012,1255,64.96,1.6592166826548047,3475.2,509.7246315413843,5,1,20:55
L405S-012,1260,65.42,1.5006665185843258,3261.6,498.57075726520503,5,1,21:00
L405S-012,1265,65.62,1.6346253393362078,3225.6,438.48466335779636,5,1,21:05
L405S-012,1270,65.46,1.4673104647619744,3232.8,303.8868210370433,5,1,21:10
L405S-012,1275,65.02000000000001,0.8408329203831197,3285.6,458.9431337322741,5,1,21:15
L405S-012,1280,65.42,1.617714437099458,3172.8,470.65401304992605,5,1,21:20
L405S-012,1285,65.64,2.417229819442081,3112.8,521.1095854040683,5,1,21:25
L405S-012,1290,65.55999999999999,1.6592166826548014,3175.2,422.01800909439874,5,1,21:30
L405S-012,1295,65.67999999999999,1.0425929215182668,3079.2,731.2422307279579,5,1,21:35
L405S-012,1300,66.02000000000001,2.052315765178448,2918.4,505.0988022159625,5,1,21:40
L405S-012,1305,66.26,2.030517175499876,2966.4,649.520438477497,5,1,21:45
L405S-012,1310,66.46,1.301153334545928,2685.6,548.9524569577952,5,1,21:50
L405S-012,1315,66.32,0.739594483484025,2354.4,479.5047445020748,5,1,21:55
L405S-012,1320,65.88,0.6058052492344355,2380.8,295.9648627793509,5,1,22:00
L405S-012,1325,65.17999999999999,1.461848145328374,2916.0,975.3276372583728,5,1,22:05
L405S-012,1330,65.28,0.7049822692805862,2551.2,352.37934105165704,5,1,22:10
L405S-012,1335,66.2,1.2083045973594624,2416.8,277.76824872544375,5,1,22:15
L405S-012,1340,65.47999999999999,1.4956603892595404,2186.4,341.6735283863823,5,1,22:20
L405S-012,1345,66.0,1.3266499161421612,2162.4,432.11665091731885,5,1,22:25
L405S-012,1350,66.28,0.8584870412533857,2090.4,390.54423565071346,5,1,22:30
L405S-012,1355,65.84,1.6622274212634072,2121.6,300.88668963581625,5,1,22:35
L405S-012,1360,66.78,1.5056560032092325,2097.6,444.9233641875868,5,1,22:40
L405S-012,1365,66.96000000000001,1.2720062892926243,1924.8,514.0848179045944,5,1,22:45
L405S-012,1370,66.74,0.9343446901438472,1795.2,419.0217178142441,5,1,22:50
L405S-012,1375,65.8,1.0344080432788618,1720.8,374.853571411558,5,1,22:55
L405S-012,1380,66.78,1.3535139452550888,1612.8,411.39178406963845,5,1,23:00
L405S-012,1385,67.24,1.2581732790041293,1507.2,326.5014548206485,5,1,23:05
L405S-012,1390,67.78,0.8786353054595503,1461.6,332.7052749807253,5,1,23:10
L405S-012,1395,67.46000000000001,1.0644247272588072,1507.2,282.26795779896804,5,1,23:15
L405S-012,1400,66.9,1.0222524150130456,1548.0,349.5482799271082,5,1,23:20
L405S-012,1405,66.85999999999999,1.3315404612703279,1512.0,551.6738166706845,5,1,23:25
L405S-012,1410,66.46000000000001,1.1823705003085985,1356.0,470.6081172270619,5,1,23:30
L405S-012,1415,66.24,2.0181674856165914,1348.8,324.39975339078177,5,1,23:35
L405S-012,1420,66.64,1.2177848742696669,1221.6,332.7052749807253,5,1,23:40
L405S-012,1425,65.78,1.0592450141492318,1144.8,370.11781907927644,5,1,23:45
L405S-012,1430,65.84,1.0784247771634332,1135.2,345.36241833760664,5,1,23:50
L405S-012,1435,65.61999999999999,2.7179036038829687,1039.2,345.36241833760664,5,1,23:55
L405S-018,0,68.16,0.43931765272977524,1219.2,322.06086381303766,5,1,00:00
L405S-018,5,68.08,0.6260990336999404,1382.4,300.88668963581625,5,1,00:05
L405S-018,10,68.0,0.29154759474226727,1296.0,295.6484398741181,5,1,00:10
L405S-018,15,67.86,0.2880972058177578,1372.8,280.73332541755707,5,1,00:15
L405S-018,20,67.22,1.0256705123966432,1195.2,365.1235407365567,5,1,00:20
L405S-018,25,67.9,0.787400787401182,1204.8,235.54872107485534,5,1,00:25
L405S-018,30,67.92,1.0616025621672147,1212.0,339.4112549695428,5,1,00:30
L405S-018,35,67.74,0.39115214431215856,1096.8,388.8999871432243,5,1,00:35
L405S-018,40,67.6,1.14673449411797,1087.2,254.07715363644957,5,1,00:40
L405S-018,45,67.12,0.516720427310553,876.0,241.19701490690136,5,1,00:45
L405S-018,50,67.66,1.1610340218959965,849.6,179.07763679477122,5,1,00:50
L405S-018,55,67.47999999999999,0.42661458015403325,828.0,68.41052550594829,5,1,00:55
L405S-018,60,66.85999999999999,0.698569967862917,950.4,291.0340186301251,5,1,01:00
L405S-018,65,66.66,0.38470768123342247,864.0,151.55197128378106,5,1,01:05
L405S-018,70,67.53999999999999,0.3507135583350048,878.4,158.60895308903594,5,1,01:10
L405S-018,75,67.08,0.8927485648266241,854.4,98.73601166747622,5,1,01:15
L405S-018,80,67.16,0.9181503144910449,794.4,158.3818171382056,5,1,01:20
L405S-018,85,66.52000000000001,1.0848963084092405,715.2,139.0654522158541,5,1,01:25
L405S-018,90,66.16,0.9607288899580405,756.0,134.43213901444847,5,1,01:30
L405S-018,95,66.9,0.7106335201775933,784.8,154.98128919324424,5,1,01:35
L405S-018,100,66.66,0.6387487769068503,717.6,31.06122985330748,5,1,01:40
L405S-018,105,66.55999999999999,0.6618156843109665,746.4,103.71499409439312,5,1,01:45
L405S-018,110,66.74,0.26076809620811214,715.2,117.75907608333209,5,1,01:50
L405S-018,115,66.08,0.7085195833567299,696.0,150.83766107971843,5,1,01:55
L405S-018,120,66.47999999999999,0.3563705936241016,698.4,74.6511888719798,5,1,02:00
L405S-018,125,65.82000000000001,0.6016643582596559,628.8,84.68293806901129,5,1,02:05
L405S-018,130,66.47999999999999,0.580517010948001,669.6,73.68039087844201,5,1,02:10
L405S-018,135,66.52,0.7854934754662167,717.6,108.46566276937601,5,1,02:15
L405S-018,140,66.36,0.6985699678629178,679.2,86.78248671246982,5,1,02:20
L405S-018,145,66.36,0.5029910535983678,717.6,99.82384484681003,5,1,02:25
L405S-018,150,66.32000000000001,0.08366600265341236,784.8,78.5060507222214,5,1,02:30
L405S-018,155,66.41999999999999,0.5718391382198347,712.8,54.72842040475863,5,1,02:35
L405S-018,160,66.26,0.7162401831787972,664.8,55.38230764422876,5,1,02:40
L405S-018,165,66.78,0.5585696017507613,679.2,112.12136281726156,5,1,02:45
L405S-018,170,66.5,0.46368092477478207,753.6,127.6745863513957,5,1,02:50
L405S-018,175,66.84,0.39115214431216494,734.4,163.3058480275584,5,1,02:55
L405S-018,180,66.7,0.6123724356957987,715.2,80.76632961822644,5,1,03:00
L405S-018,185,66.46000000000001,0.512835256198323,669.6,57.79965397820302,5,1,03:05
L405S-018,190,66.36,0.11401754250991111,806.4,132.38126755700748,5,1,03:10
L405S-018,195,66.32000000000001,0.2167948338867821,700.8,63.83729317569786,5,1,03:15
L405S-018,200,66.3,0.15811388300842139,799.2,131.3438236081164,5,1,03:20
L405S-018,205,65.92,0.36331804249169886,823.2,66.05452293370985,5,1,03:25
L405S-018,210,66.38,0.5932958789676528,837.6,55.899910554490155,5,1,03:30
L405S-018,215,66.38,0.5403702434442531,871.2,77.11809126268622,5,1,03:35
L405S-018,220,66.56,0.9476286192385732,873.6,116.77671000674749,5,1,03:40
L405S-018,225,66.86,0.6228964600959017,1036.8,74.26439254447585,5,1,03:45
L405S-018,230,66.82000000000001,1.2397580409095925,1147.2,156.82856882596357,5,1,03:50
L405S-018,235,66.94,0.7469939758793269,991.2,98.44389264956969,5,1,03:55
L405S-018,240,66.82000000000001,0.5630275304103721,914.4,132.6529306121806,5,1,04:00
L405S-018,245,67.7,1.0124228365658292,1024.8,160.90742680187265,5,1,04:05
L405S-018,250,66.88,0.6260990336999456,1183.2,60.35892643180461,5,1,04:10
L405S-018,255,66.96,0.48270073544588743,1394.4,143.59944289585528,5,1,04:15
L405S-018,260,67.38,0.9338094023942954,1521.6,197.79989888773954,5,1,04:20
L405S-018,265,66.94,1.4741099009232606,1711.2,237.8301915232799,5,1,04:25
L405S-018,270,66.72,2.2049943310584723,2222.4,248.46086210910562,5,1,04:30
L405S-018,275,67.02000000000001,1.9728152473052238,2678.4,601.8810513714484,5,1,04:35
L405S-018,280,67.32000000000001,1.996747355075245,3213.6,123.95483048272058,5,1,04:40
L405S-018,285,67.46000000000001,2.3082460874005695,3232.8,260.5133393897518,5,1,04:45
L405S-018,290,67.41999999999999,1.9613770672667696,3321.6,166.1469229326863,5,1,04:50
L405S-018,295,66.92,1.4289856542316994,2940.0,346.8602023870712,5,1,04:55
L405S-018,300,67.5,1.5748015748023592,2436.0,309.56744014834635,5,1,05:00
L405S-018,305,68.22,1.2214745187682035,2332.8,356.84618535161616,5,1,05:05
L405S-018,310,66.74,1.256184699795377,2625.6,150.4553089791118,5,1,05:10
L405S-018,315,66.91999999999999,1.957549488518748,3084.0,147.21412975662358,5,1,05:15
L405S-018,320,67.24,1.9488458122694048,3552.0,219.1437884129961,5,1,05:20
L405S-018,325,67.16,1.9603571103245483,3652.8,344.6319776225068,5,1,05:25
L405S-018,330,67.03999999999999,2.8728035087697834,4375.2,409.98926815222853,5,1,05:30
L405S-018,335,67.02000000000001,2.253219918250324,4948.8,464.02930941913576,5,1,05:35
L405S-018,340,66.84,2.5254702532399746,5733.6,409.70818883688435,5,1,05:40
L405S-018,345,65.14,2.8840943119114533,6444.0,476.99056594444295,5,1,05:45
L405S-018,350,66.06,1.6180234856144735,6628.8,139.32408262751994,5,1,05:50
L405S-018,355,66.36,1.6682325976913395,6446.4,673.1989304804338,5,1,05:55
L405S-018,360,66.32000000000001,2.133541656495134,6057.6,539.0257878803203,5,1,06:00
L405S-018,365,65.82000000000001,2.4314604664686614,5858.4,411.28676127490405,5,1,06:05
L405S-018,370,65.1,2.8513154858766527,6117.6,457.76500521555823,5,1,06:10
L405S-018,375,64.85999999999999,2.6396969523034204,6916.8,644.5798631666987,5,1,06:15
L405S-018,380,63.779999999999994,2.1580083410404085,7533.6,786.3159670259787,5,1,06:20
L405S-018,385,63.42,2.6640195194480123,7951.2,595.2169352429414,5,1,06:25
L405S-018,390,62.260000000000005,3.46309110477908,9264.0,826.0411612020312,5,1,06:30
L405S-018,395,61.04,3.215276037916498,9991.2,246.59927007191237,5,1,06:35
L405S-018,400,58.98,3.00782313309809,10843.2,457.4660643151578,5,1,06:40
L405S-018,405,56.739999999999995,3.0426961728046362,11232.0,594.5149283239236,5,1,06:45
L405S-018,410,56.5,3.3391615714127982,11179.2,388.25146490386874,5,1,06:50
L405S-018,415,55.260000000000005,3.1253799768988086,10778.4,414.42586791849754,5,1,06:55
L405S-018,420,54.480000000000004,3.2790242451070752,10965.6,593.3875630648153,5,1,07:00
L405S-018,425,54.42,3.1260198335903153,10596.0,671.5176840560492,5,1,07:05
L405S-018,430,53.78000000000001,3.950569579187283,10790.4,892.8677393656911,5,1,07:10
L405S-018,435,53.080000000000005,3.3921969282457636,10838.4,433.4475746846439,5,1,07:15
L405S-018,440,52.839999999999996,2.948389390836968,10987.2,225.5553147234621,5,1,07:20
L405S-018,445,51.720000000000006,2.2753021777337645,11001.6,326.8100365655865,5,1,07:25
L405S-018,450,51.779999999999994,2.9819456735494057,11340.0,571.2932696960468,5,1,07:30
L405S-018,455,50.58,4.353389484068705,11109.6,489.3146227122178,5,1,07:35
L405S-018,460,48.6,4.455894971832262,11529.6,411.28676127490405,5,1,07:40
L405S-018,465,49.540000000000006,4.26415290532598,11445.6,812.4363359673175,5,1,07:45
L405S-018,470,48.86,4.904895513667951,11368.8,275.03308891840624,5,1,07:50
L405S-018,475,47.86,5.541479946729035,10783.2,767.6999413833507,5,1,07:55
L405S-018,480,46.940000000000005,5.206534355979991,10500.0,552.0652135391252,5,1,08:00
L405S-018,485,47.7,5.166236541235793,10557.6,367.8543189905482,5,1,08:05
L405S-018,490,47.3,5.2697248505021586,10641.6,405.468617774545,5,1,08:10
L405S-018,495,47.52,5.283180860050126,10497.6,831.271796706709,5,1,08:15
L405S-018,500,48.92,5.334510286802344,10646.4,631.934173787112,5,1,08:20
L405S-018,505,49.980000000000004,5.970510865914243,10303.2,520.4874638259793,5,1,08:25
L405S-018,510,49.14,5.166526879829426,9964.8,635.467701775629,5,1,08:30
L405S-018,515,48.78,4.5974993202827115,10392.0,288.12497288503124,5,1,08:35
L405S-018,520,48.92,5.77382022581237,10214.4,682.1765167462157,5,1,08:40
L405S-018,525,48.0,6.153454314448102,10341.6,637.7748819136734,5,1,08:45
L405S-018,530,49.739999999999995,6.337428500582863,10039.2,874.4204938129026,5,1,08:50
L405S-018,535,49.720000000000006,6.276304645251056,10233.6,808.6165964163735,5,1,08:55
L405S-018,540,51.18000000000001,5.52829087512587,9621.6,1023.7132410983069,5,1,09:00
L405S-018,545,51.0,5.966154540405399,9504.0,1338.1210707555576,5,1,09:05
L405S-018,550,51.879999999999995,6.085803151597988,9556.8,1411.9671384278033,5,1,09:10
L405S-018,555,54.64000000000001,5.9998333310184515,9012.0,1273.3577659087018,5,1,09:15
L405S-018,560,54.720000000000006,6.920404612448607,8858.4,1656.986662589654,5,1,09:20
L405S-018,565,54.839999999999996,8.260326870045759,8606.4,1370.4294217507152,5,1,09:25
L405S-018,570,57.17999999999999,6.4433686841589255,8241.6,1600.9412231559284,5,1,09:30
L405S-018,575,58.4,5.543013620766233,8088.0,1514.6405514180583,5,1,09:35
L405S-018,580,57.64,4.89826499895626,8277.6,1279.5736790040658,5,1,09:40
L405S-018,585,59.04,3.8455168703309517,7977.6,993.9883299113728,5,1,09:45
L405S-018,590,60.720000000000006,3.0094850057775706,7404.0,708.3558427796019,5,1,09:50
L405S-018,595,60.9,2.4413111231467406,6986.4,870.285470406119,5,1,09:55
L405S-018,600,61.04,2.091171920239941,6871.2,260.37511401821797,5,1,10:00
L405S-018,605,61.8,2.040833163195855,6127.2,391.20736189391937,5,1,10:05
L405S-018,610,61.8,2.0137030565602227,6523.2,294.37934710166064,5,1,10:10
L405S-018,615,61.82000000000001,2.1347130954767706,6252.0,247.9677398372619,5,1,10:15
L405S-018,620,62.4,2.5189283435620013,6120.0,379.7578175627198,5,1,10:20
L405S-018,625,62.2,2.0,6136.8,513.2438017161045,5,1,10:25
L405S-018,630,62.02,2.3605084198112953,6045.6,639.240799699143,5,1,10:30
L405S-018,635,62.339999999999996,2.2086194783167126,6057.6,401.8118962897937,5,1,10:35
L405S-018,640,62.25999999999999,2.0695410119154416,6340.8,292.7852455298934,5,1,10:40
L405S-018,645,62.04,2.5520579930714766,6225.6,442.40795652881286,5,1,10:45
L405S-018,650,62.279999999999994,2.001749235044187,6535.2,580.8917282936641,5,1,10:50
L405S-018,655,62.160000000000004,2.0415680248279724,5940.0,547.4157469419381,5,1,10:55
L405S-018,660,62.5,2.0408331631958556,5769.6,527.6180436641642,5,1,11:00
L405S-018,665,62.58,2.1936271333113986,6093.6,708.7318251637921,5,1,11:05
L405S-018,670,62.58,1.2833549781724474,5743.2,623.0531277507561,5,1,11:10
L405S-018,675,62.64,1.4293355099485872,5860.8,530.0822577676034,5,1,11:15
L405S-018,680,62.660000000000004,2.584182656082962,6165.6,377.2277826459763,5,1,11:20
L405S-018,685,62.42,2.8630403420140667,5932.8,300.31183792851056,5,1,11:25
L405S-018,690,62.919999999999995,3.1107876816009163,5676.0,403.92078431296403,5,1,11:30
L405S-018,695,62.379999999999995,2.688308018066385,6052.8,913.4435943176787,5,1,11:35
L405S-018,700,62.239999999999995,1.744419674275657,6530.4,574.5857638333899,5,1,11:40
L405S-018,705,62.54,2.230022421411948,6628.8,626.4528713319143,5,1,11:45
L405S-018,710,62.48,1.8458060569843104,6676.8,476.6583682261332,5,1,11:50
L405S-018,715,62.339999999999996,3.0590848304680938,6336.0,801.9376534369738,5,1,11:55
L405S-018,720,62.1,2.7982137159266447,5978.4,592.8412941082968,5,1,12:00
L405S-018,725,62.14,2.0243517480912248,6348.0,407.3818847224309,5,1,12:05
L405S-018,730,63.04,2.8307242889409068,6156.0,637.582935781691,5,1,12:10
L405S-018,735,62.54,2.47648945081541,6321.6,461.13425376998396,5,1,12:15
L405S-018,740,62.779999999999994,2.301521236052361,6444.0,404.72212689696124,5,1,12:20
L405S-018,745,62.6,2.2282279955157205,6422.4,216.23320744048547,5,1,12:25
L405S-018,750,62.14,2.0427922067601463,6777.6,534.7343265585256,5,1,12:30
L405S-018,755,61.86,1.7728508115461967,6732.0,724.8834389058699,5,1,12:35
L405S-018,760,61.919999999999995,1.9626512680555328,7200.0,386.52296180175375,5,1,12:40
L405S-018,765,61.779999999999994,1.4289856542317074,7207.2,439.6489508687585,5,1,12:45
L405S-018,770,61.61999999999999,1.125610945220419,6703.2,485.1177176727315,5,1,12:50
L405S-018,775,61.98,1.249799983997442,6931.2,582.3771973558031,5,1,12:55
L405S-018,780,61.919999999999995,1.6513630733427476,6590.4,450.31189191492604,5,1,13:00
L405S-018,785,61.81999999999999,2.2095248357961483,6703.2,570.8898317539033,5,1,13:05
L405S-018,790,61.75999999999999,1.4099645385611679,7104.0,654.6327214553211,5,1,13:10
L405S-018,795,62.04,1.4859340496805358,7300.8,432.88243207596213,5,1,13:15
L405S-018,800,62.85999999999999,1.855532268649615,6585.6,497.99277103186944,5,1,13:20
L405S-018,805,62.239999999999995,2.6197328108034252,7113.6,287.04842796991585,5,1,13:25
L405S-018,810,61.879999999999995,2.098094373473226,7190.4,783.4263207219936,5,1,13:30
L405S-018,815,61.48,1.8978935691971754,7087.2,669.2407638510971,5,1,13:35
L405S-018,820,61.720000000000006,2.3402991261802377,7377.6,355.00535207233133,5,1,13:40
L405S-018,825,61.52,2.665895721891609,7694.4,479.57981608904265,5,1,13:45
L405S-018,830,61.9,1.9836834424877334,7336.8,562.9522182210494,5,1,13:50
L405S-018,835,62.32000000000001,2.1533694527414435,7320.0,500.0559968643512,5,1,13:55
L405S-018,840,61.82000000000001,2.221936092690334,7024.8,481.5425214869399,5,1,14:00
L405S-018,845,61.379999999999995,1.9227584351654812,7358.4,331.1869562648868,5,1,14:05
L405S-018,850,61.379999999999995,2.4159884105682297,7238.4,358.5370273765319,5,1,14:10
L405S-018,855,61.86,2.6159128425847817,7459.2,407.87645188218454,5,1,14:15
L405S-018,860,61.459999999999994,2.763693181234124,7864.8,349.71302520781234,5,1,14:20
L405S-018,865,60.82000000000001,2.7508180601413805,7516.8,685.9236109072204,5,1,14:25
L405S-018,870,60.96,3.728002145922126,7557.6,234.44572932770603,5,1,14:30
L405S-018,875,61.779999999999994,3.1822947695020347,7161.6,452.5448044116737,5,1,14:35
L405S-018,880,61.02,2.635716221447221,7737.6,437.90957970795745,5,1,14:40
L405S-018,885,60.720000000000006,2.7160633276858657,8364.0,426.0422514258416,5,1,14:45
L405S-018,890,60.5,2.511971337416094,8109.6,629.1365511556295,5,1,14:50
L405S-018,895,59.86,2.0791825316695967,8102.4,454.60840291398046,5,1,14:55
L405S-018,900,60.14,1.6149303390549066,7596.0,716.6421701239748,5,1,15:00
L405S-018,905,60.3,1.4764823060233423,7644.0,520.3076013282912,5,1,15:05
L405S-018,910,60.379999999999995,2.187921387984493,8395.2,414.3563683594112,5,1,15:10
L405S-018,915,60.58,2.0216330032921332,7864.8,730.799014777661,5,1,15:15
L405S-018,920,60.120000000000005,2.1016660058153867,8210.4,313.6571376519272,5,1,15:20
L405S-018,925,60.419999999999995,2.7761484110184043,8145.6,588.9421024175467,5,1,15:25
L405S-018,930,60.419999999999995,2.267597847943943,8140.8,452.6402545068213,5,1,15:30
L405S-018,935,60.58,1.8417383093154154,8011.2,375.42935420662036,5,1,15:35
L405S-018,940,59.8,1.6046806535881146,8193.6,592.4768349901959,5,1,15:40
L405S-018,945,59.239999999999995,2.460284536390053,8716.8,544.6202346589779,5,1,15:45
L405S-018,950,60.120000000000005,2.6071056748816313,8220.0,526.4294824570524,5,1,15:50
L405S-018,955,59.879999999999995,1.7555625878902756,7946.4,150.93309776188926,5,1,15:55
L405S-018,960,58.58,2.5013996082193635,8104.8,625.8779433723479,5,1,16:00
L405S-018,965,58.86,2.414125100321021,8056.8,355.734732630931,5,1,16:05
L405S-018,970,59.279999999999994,1.9357169214531351,8208.0,538.0631933146886,5,1,16:10
L405S-018,975,57.32000000000001,3.122018577779446,8294.4,351.33573686717386,5,1,16:15
L405S-018,980,55.120000000000005,5.972185529603041,8548.8,662.0477324181392,5,1,16:20
L405S-018,985,54.2,7.4215901261117905,8352.0,370.44837697039515,5,1,16:25
L405S-018,990,55.06,5.7378567427219656,7675.2,625.6478242589836,5,1,16:30
L405S-018,995,54.660000000000004,7.468132296632138,7848.0,755.0470184034899,5,1,16:35
L405S-018,1000,53.54,8.954496077390395,8212.8,747.6972649408316,5,1,16:40
L405S-018,1005,52.8,10.267180723061225,8349.6,536.481872946328,5,1,16:45
L405S-018,1010,51.94000000000001,10.024619693534513,8032.8,303.4125903781845,5,1,16:50
L405S-018,1015,51.14,11.683449832990258,7888.8,198.56283640198131,5,1,16:55
L405S-018,1020,52.06,9.526436899491856,8023.2,571.4570850028898,5,1,17:00
L405S-018,1025,49.86,12.391650414694565,7658.4,858.8345591556036,5,1,17:05
L405S-018,1030,48.88000000000001,13.294622973217404,7749.6,1479.4690939658049,5,1,17:10
L405S-018,1035,47.519999999999996,10.766940141005705,8227.2,1440.3399598705855,5,1,17:15
L405S-018,1040,45.14,11.63456058474062,8239.2,404.8644217512819,5,1,17:20
L405S-018,1045,45.36,7.584062236031559,8450.4,574.7110578368926,5,1,17:25
L405S-018,1050,44.32,7.952483888697919,7771.2,606.7183860738028,5,1,17:30
L405S-018,1055,43.739999999999995,9.436524784050535,8126.4,508.36679671276727,5,1,17:35
L405S-018,1060,48.36,7.5500331125101665,7641.6,886.514974492817,5,1,17:40
L405S-018,1065,47.8,9.252567211320327,7500.0,835.3586056299414,5,1,17:45
L405S-018,1070,51.48,6.477808271321403,7562.4,433.1983379469502,5,1,17:50
L405S-018,1075,53.21999999999999,8.393271114410636,6729.6,393.5743894106932,5,1,17:55
L405S-018,1080,53.02,10.65115017263394,7281.6,508.6499778826299,5,1,18:00
L405S-018,1085,54.58,13.973081263629725,6873.6,585.8778029589447,5,1,18:05
L405S-018,1090,54.65999999999999,15.168487070238745,7329.6,285.9174706099646,5,1,18:10
L405S-018,1095,55.239999999999995,13.767461639677805,7728.0,526.2926942301214,5,1,18:15
L405S-018,1100,56.839999999999996,9.15467093892511,7572.0,666.1891623255365,5,1,18:20
L405S-018,1105,58.0,7.427987614421552,7593.6,586.2463645942718,5,1,18:25
L405S-018,1110,58.7,6.692159591641545,7228.8,913.6406295694167,5,1,18:30
L405S-018,1115,60.260000000000005,4.343731115066861,6837.6,697.1576579225103,5,1,18:35
L405S-018,1120,61.839999999999996,2.693139431964111,6448.8,640.2087159669103,5,1,18:40
L405S-018,1125,62.31999999999999,1.6376812876747413,6844.8,923.7116433173287,5,1,18:45
L405S-018,1130,62.839999999999996,1.7615334229017598,6864.0,459.06862232132573,5,1,18:50
L405S-018,1135,63.620000000000005,2.376341726267502,6225.6,671.110125091255,5,1,18:55
L405S-018,1140,64.55999999999999,2.2963013739489893,6302.4,819.2757777451986,5,1,19:00
L405S-018,1145,65.02,2.316678657043309,5868.0,556.9991023332084,5,1,19:05
L405S-018,1150,65.53999999999999,2.4480604567698028,5920.8,450.32788054927266,5,1,19:10
L405S-018,1155,66.52000000000001,2.354145280138846,5743.2,783.7571052309511,5,1,19:15
L405S-018,1160,66.25999999999999,1.625730604989646,5719.2,699.6421942678987,5,1,19:20
L405S-018,1165,66.02000000000001,1.8047160441465608,6019.2,547.9810215691781,5,1,19:25
L405S-018,1170,66.76,1.7386776584519623,5388.0,751.2709231695314,5,1,19:30
L405S-018,1175,66.72,1.8130085493455363,5392.8,540.5064291939551,5,1,19:35
L405S-018,1180,65.82000000000001,1.645296325893911,5733.6,1133.7110743042074,5,1,19:40
L405S-018,1185,65.66,1.3202272531651535,5419.2,505.96758789471886,5,1,19:45
L405S-018,1190,65.36,1.1148990985734948,5452.8,549.0311466574551,5,1,19:50
L405S-018,1195,66.44,2.0815859338494733,5073.6,493.12554182479727,5,1,19:55
L405S-018,1200,65.36,2.0767763480933596,5124.0,984.3292132208613,5,1,20:00
L405S-018,1205,65.66,1.8270194306574792,5275.2,541.1055349929438,5,1,20:05
L405S-018,1210,66.46,1.3520355024924482,4936.8,502.18243696887686,5,1,20:10
L405S-018,1215,66.02000000000001,1.611521020650975,4987.2,446.63542179276374,5,1,20:15
L405S-018,1220,65.94,1.4484474446799858,5328.0,655.6218422230913,5,1,20:20
L405S-018,1225,65.94,1.0261578825892257,5112.0,765.699680031277,5,1,20:25
L405S-018,1230,66.25999999999999,0.9939818911831353,4946.4,649.4095780014336,5,1,20:30
L405S-018,1235,66.06,1.627267648544637,4687.2,536.5623915259064,5,1,20:35
L405S-018,1240,66.42,2.060825077487173,4593.6,604.2688143533472,5,1,20:40
L405S-018,1245,66.42,2.005492458225654,4490.4,621.3057218471434,5,1,20:45
L405S-018,1250,66.46000000000001,1.3011533345459294,4380.0,582.5873325090411,5,1,20:50
L405S-018,1255,66.72,1.77679486716954,4368.0,863.4164696135927,5,1,20:55
L405S-018,1260,65.9,3.4942810419312273,4144.8,521.4548877899218,5,1,21:00
L405S-018,1265,66.5,2.325940669922602,4245.6,497.1245316819518,5,1,21:05
L405S-018,1270,66.7,1.0319883720275151,4389.6,553.7190623411839,5,1,21:10
L405S-018,1275,66.61999999999999,1.0848963084092473,4068.0,834.9706581670999,5,1,21:15
L405S-018,1280,66.46000000000001,1.217784874269677,3986.4,677.8884864046594,5,1,21:20
L405S-018,1285,67.06,1.0737783756436876,4137.6,889.0291333809033,5,1,21:25
L405S-018,1290,67.35999999999999,1.1523888232710338,3907.2,658.449086870048,5,1,21:30
L405S-018,1295,67.9,0.5916079783099626,4005.6,1175.0016170201638,5,1,21:35
L405S-018,1300,67.76,0.6107372593840983,3988.8,1038.2115391383395,5,1,21:40
L405S-018,1305,68.0,0.7416198487095735,3624.0,1090.5814962670145,5,1,21:45
L405S-018,1310,68.41999999999999,0.4969909455915676,3494.4,1044.8754949753582,5,1,21:50
L405S-018,1315,68.41999999999999,0.6457553716385118,3367.2,621.549032659532,5,1,21:55
L405S-018,1320,67.66,0.7503332592921651,3230.4,633.0156396172215,5,1,22:00
L405S-018,1325,66.75999999999999,1.5678010077812816,3777.6,1431.9122878165408,5,1,22:05
L405S-018,1330,66.0,1.521512405470294,3542.4,796.2793479677845,5,1,22:10
L405S-018,1335,66.36,1.9781304304822775,3235.2,586.8110428408792,5,1,22:15
L405S-018,1340,66.2,2.2923786772695274,3175.2,762.1936761742386,5,1,22:20
L405S-018,1345,66.9,1.7392527130926103,2676.0,704.4316858290803,5,1,22:25
L405S-018,1350,67.47999999999999,1.3627178724886508,2774.4,432.7826244201585,5,1,22:30
L405S-018,1355,67.67999999999999,1.3809417076763228,2584.8,449.68789176494397,5,1,22:35
L405S-018,1360,67.17999999999999,1.588080602488432,2522.4,579.6385080375527,5,1,22:40
L405S-018,1365,67.9,1.246996391333987,2404.8,644.9148781040797,5,1,22:45
L405S-018,1370,68.2,1.1726039399558514,2464.8,685.5036104937741,5,1,22:50
L405S-018,1375,68.0,1.1000000000000048,2270.4,480.5546795110833,5,1,22:55
L405S-018,1380,68.16,0.712741187248218,2030.4,357.12854828478777,5,1,23:00
L405S-018,1385,67.9,0.9137833441248577,2025.6,393.57438941069324,5,1,23:05
L405S-018,1390,67.35999999999999,1.211610498468875,1800.0,304.7622023808071,5,1,23:10
L405S-018,1395,67.14,0.5549774770204648,1982.4,511.1915492259237,5,1,23:15
L405S-018,1400,67.7,1.0392304845413292,1898.4,497.2693435151618,5,1,23:20
L405S-018,1405,67.44,0.9787747442593666,1680.0,498.5418738681837,5,1,23:25
L405S-018,1410,67.53999999999999,1.1349008767288902,1948.8,282.6503139923959,5,1,23:30
L405S-018,1415,67.82000000000001,0.5357238094391602,1735.2,444.5348130349298,5,1,23:35
L405S-018,1420,67.64,0.912688336728368,1605.6,334.53968374469423,5,1,23:40
L405S-018,1425,67.84,0.9659192512834612,1615.2,385.36631923405037,5,1,23:45
L405S-018,1430,67.22,0.9230384607371417,1555.2,277.2493462571192,5,1,23:50
L405S-018,1435,67.74,1.188696765369531,1540.8,466.11929803431224,5,1,23:55
L405S-028,0,67.88,0.7120393247567124,1562.4,334.75483566335527,5,1,00:00
L405S-028,5,67.22,2.6602631448787175,1629.6,315.2598927868878,5,1,00:05
L405S-028,10,67.84,2.189292123038861,1485.6,344.6110851380147,5,1,00:10
L405S-028,15,67.2,1.2020815280171262,1500.0,228.15784010197854,5,1,00:15
L405S-028,20,67.3,1.726267650163209,1466.4,308.2155090192575,5,1,00:20
L405S-028,25,67.08,2.0873428084528913,1300.8,173.19122379612656,5,1,00:25
L405S-028,30,66.46000000000001,2.214271889357767,1346.4,162.64316770156685,5,1,00:30
L405S-028,35,66.6,2.3430749027719946,1363.2,104.81984544922777,5,1,00:35
L405S-028,40,66.67999999999999,1.7224981857755328,1195.2,200.5472512900638,5,1,00:40
L405S-028,45,66.35999999999999,2.3362362894193742,1152.0,147.70240350109404,5,1,00:45
L405S-028,50,66.32000000000001,2.367910471280527,1377.6,297.2756296772408,5,1,00:50
L405S-028,55,66.4,2.436185543015967,1192.8,114.03157457476415,5,1,00:55
L405S-028,60,66.46,2.33944437847964,1200.0,137.34627770711518,5,1,01:00
L405S-028,65,66.47999999999999,2.4843510218968703,1108.8,102.03528801351031,5,1,01:05
L405S-028,70,66.32,3.0605555051330082,1192.8,126.31389472263136,5,1,01:10
L405S-028,75,66.24,2.2131425620596614,969.6,220.84564745541172,5,1,01:15
L405S-028,80,66.97999999999999,1.4024977718342324,1039.2,222.66387223795422,5,1,01:20
L405S-028,85,66.75999999999999,2.1042813500100204,1032.0,111.28342194594845,5,1,01:25
L405S-028,90,66.7,0.9949874371066159,993.6,155.8614769595104,5,1,01:30
L405S-028,95,66.47999999999999,0.9338094023943018,1053.6,69.66204131375999,5,1,01:35
L405S-028,100,66.66,1.4328293687665712,1029.6,75.13188404399293,5,1,01:40
L405S-028,105,66.36,1.9768662069042513,1094.4,100.18383103076064,5,1,01:45
L405S-028,110,66.96000000000001,1.7896927110540466,1046.4,179.87995997331106,5,1,01:50
L405S-028,115,67.2,1.5524174696260018,967.2,236.92023974325198,5,1,01:55
L405S-028,120,67.34,1.2054044964243333,1034.4,165.27794771233093,5,1,02:00
L405S-028,125,67.44000000000001,1.1949895397031722,991.2,220.7152011076718,5,1,02:05
L405S-028,130,67.14,1.6772000476985423,1036.8,213.4178999053266,5,1,02:10
L405S-028,135,67.06,1.306904740216361,1000.8,225.71486437538846,5,1,02:15
L405S-028,140,67.32000000000001,1.4515508947329359,960.0,217.1635328502463,5,1,02:20
L405S-028,145,67.92,1.1300442469213356,1017.6,173.3574342218989,5,1,02:25
L405S-028,150,67.53999999999999,1.0039920318408853,969.6,203.18661373230276,5,1,02:30
L405S-028,155,67.11999999999999,1.0545141061171168,1020.0,140.4563989286355,5,1,02:35
L405S-028,160,67.34,1.0382677881933915,969.6,162.64316770156685,5,1,02:40
L405S-028,165,67.34,0.9939818911831371,1046.4,93.10639075809993,5,1,02:45
L405S-028,170,67.6,0.7874007874011766,909.6,160.6387250945425,5,1,02:50
L405S-028,175,67.7,1.2708265027138843,964.8,187.5611900154187,5,1,02:55
L405S-028,180,67.47999999999999,1.0084641788382982,1063.2,197.65424356689132,5,1,03:00
L405S-028,185,67.55999999999999,0.993981891183141,972.0,235.60984699286234,5,1,03:05
L405S-028,190,67.16,0.9607288899580338,972.0,142.492105044455,5,1,03:10
L405S-028,195,67.34,0.7924645102463584,1051.2,175.0519922765805,5,1,03:15
L405S-028,200,67.03999999999999,0.9099450532861809,1056.0,112.24972160321825,5,1,03:20
L405S-028,205,66.97999999999999,1.0425929215182688,1178.4,85.44471897080591,5,1,03:25
L405S-028,210,66.84,0.5128352561983277,1252.8,182.30523854239624,5,1,03:30
L405S-028,215,67.12,0.7791020472312955,1286.4,151.40937883764005,5,1,03:35
L405S-028,220,66.96,0.3781534080237864,1296.0,191.81240835774938,5,1,03:40
L405S-028,225,66.76,1.3446189051177222,1238.4,85.8650103359919,5,1,03:45
L405S-028,230,67.4,0.9797958971132741,1387.2,197.65424356689132,5,1,03:50
L405S-028,235,67.72,0.8871302046486782,1394.4,146.33113134258207,5,1,03:55
L405S-028,240,66.9,0.15811388300841842,1180.8,92.0173896608679,5,1,04:00
L405S-028,245,66.88,0.5805170109480029,1240.8,122.55284574419314,5,1,04:05
L405S-028,250,66.47999999999999,0.5167204273105481,1346.4,163.3058480275584,5,1,04:10
L405S-028,255,66.34,1.033440854621106,1569.6,199.97199803972555,5,1,04:15
L405S-028,260,66.42,1.4635573101180535,1656.0,165.62608490210712,5,1,04:20
L405S-028,265,66.82000000000001,1.030533842239066,1912.8,228.09471716810978,5,1,04:25
L405S-028,270,66.9,1.5411035007422436,2102.4,286.1691807305602,5,1,04:30
L405S-028,275,65.8,1.488287606613721,2248.8,319.2541307485308,5,1,04:35
L405S-028,280,66.35999999999999,1.6009372255026115,2424.0,142.74452704044384,5,1,04:40
L405S-028,285,66.64,2.0378910667648578,2558.4,256.165571457212,5,1,04:45
L405S-028,290,66.66,1.0922453936730534,2496.0,203.292892153169,5,1,04:50
L405S-028,295,65.38,2.6799253720952745,2092.8,146.62605498341694,5,1,04:55
L405S-028,300,66.08,1.6679328523654646,2232.0,194.79219696897513,5,1,05:00
L405S-028,305,67.6,2.1714050750608456,2342.4,269.45277879435577,5,1,05:05
L405S-028,310,66.32,3.1284181306212866,2373.6,263.91816913581374,5,1,05:10
L405S-028,315,66.94,3.8102493356734524,2700.0,319.52464693666434,5,1,05:15
L405S-028,320,68.12,2.5547994050414204,2944.8,477.7899119906154,5,1,05:20
L405S-028,325,67.56,4.106458328048642,3055.2,294.25703050224644,5,1,05:25
L405S-028,330,68.03999999999999,4.398067757549899,3436.8,534.2763329963251,5,1,05:30
L405S-028,335,66.88,5.614445653846863,3883.2,616.8980466819456,5,1,05:35
L405S-028,340,69.0,5.16381641811558,4332.0,675.1533159216505,5,1,05:40
L405S-028,345,69.22,5.217949788949677,4675.2,884.042532913434,5,1,05:45
L405S-028,350,68.88,3.3093806066996914,4596.0,747.4275884659329,5,1,05:50
L405S-028,355,68.55999999999999,4.416220103210438,4368.0,945.6426386325862,5,1,05:55
L405S-028,360,65.52000000000001,3.660191251833701,4507.2,796.1075304253817,5,1,06:00
L405S-028,365,64.84,3.19734264663642,4276.8,642.1177462117054,5,1,06:05
L405S-028,370,62.81999999999999,3.2927192409921604,4656.0,1286.0730927906081,5,1,06:10
L405S-028,375,63.019999999999996,1.0802777420645104,5764.8,1223.7529162375877,5,1,06:15
L405S-028,380,63.779999999999994,1.7020575783445093,5817.6,1268.411920473787,5,1,06:20
L405S-028,385,62.92,0.9364827814754566,6499.2,1235.8718380155767,5,1,06:25
L405S-028,390,61.31999999999999,2.4221890925359206,6684.0,1014.1242527422368,5,1,06:30
L405S-028,395,60.879999999999995,2.3047776465420635,6782.4,1068.8221554589893,5,1,06:35
L405S-028,400,57.64,5.240515241844072,6684.0,1419.3266008921273,5,1,06:40
L405S-028,405,53.4,7.1815736437079005,6525.6,1099.9621811680618,5,1,06:45
L405S-028,410,53.52,6.990135907119407,6122.4,1091.254690711568,5,1,06:50
L405S-028,415,51.24000000000001,7.969190674089811,5810.4,986.6817115970073,5,1,06:55
L405S-028,420,48.839999999999996,9.633950383928696,5757.6,1012.6108828172844,5,1,07:00
L405S-028,425,48.78,8.747399613599457,6182.4,711.7729975209792,5,1,07:05
L405S-028,430,48.260000000000005,8.948072418124477,5452.8,1353.464886873686,5,1,07:10
L405S-028,435,46.96,9.533782040722343,4970.4,989.778156962458,5,1,07:15
L405S-028,440,48.540000000000006,8.508701428537728,5342.4,1041.3552707889849,5,1,07:20
L405S-028,445,48.5,9.449074028707784,5342.4,1235.5746841045263,5,1,07:25
L405S-028,450,48.28,8.6169600207962,5421.6,1268.6673322821866,5,1,07:30
L405S-028,455,48.839999999999996,10.337214324952347,5068.8,657.1903833745591,5,1,07:35
L405S-028,460,49.480000000000004,9.429581114768562,5078.4,1197.038345250477,5,1,07:40
L405S-028,465,49.239999999999995,9.710715730573103,5109.6,752.965337847633,5,1,07:45
L405S-028,470,48.8,11.206694427885504,5114.4,886.8397825988637,5,1,07:50
L405S-028,475,51.0,9.237694517573093,5196.0,1037.3928860369151,5,1,07:55
L405S-028,480,53.779999999999994,7.965676368017972,4960.8,853.291978164567,5,1,08:00
L405S-028,485,54.1,9.709016428042542,5330.4,962.7485653066433,5,1,08:05
L405S-028,490,55.54,8.585336335869433,5592.0,1239.4902177911692,5,1,08:10
L405S-028,495,56.17999999999999,7.264089757154711,5484.0,1013.4495547386658,5,1,08:15
L405S-028,500,58.1,5.182663407939972,5455.2,938.9031898976592,5,1,08:20
L405S-028,505,60.08,4.055490106016781,5227.2,794.1606890296194,5,1,08:25
L405S-028,510,60.279999999999994,3.252230004166368,5558.4,1004.6157474377952,5,1,08:30
L405S-028,515,60.2,4.890296514527518,5512.8,671.924995814265,5,1,08:35
L405S-028,520,59.98,5.934812549693542,5347.2,846.1744500987961,5,1,08:40
L405S-028,525,61.04,5.0490593183285135,5676.0,573.9965156688671,5,1,08:45
L405S-028,530,62.58,2.3317375495539783,5390.4,698.4474210704768,5,1,08:50
L405S-028,535,63.2,1.469693845669903,5080.8,539.5731646403478,5,1,08:55
L405S-028,540,63.06,1.4432601983010485,5320.8,637.6168128272654,5,1,09:00
L405S-028,545,63.38000000000001,0.725947656515261,4864.8,772.8875726779413,5,1,09:05
L405S-028,550,62.720000000000006,1.2637246535539246,5104.8,522.9715097402534,5,1,09:10
L405S-028,555,62.720000000000006,2.04621601987669,5328.0,540.5996670365234,5,1,09:15
L405S-028,560,62.7,2.518928343561992,5100.0,656.883551323977,5,1,09:20
L405S-028,565,62.5,1.2288205727444517,5395.2,567.4109621782081,5,1,09:25
L405S-028,570,62.92,0.5540758070878052,5476.8,481.2433895649893,5,1,09:30
L405S-028,575,63.519999999999996,0.5848076606885397,5640.0,958.2734474042364,5,1,09:35
L405S-028,580,62.82000000000001,2.0980943734732254,5618.4,664.9667660868473,5,1,09:40
L405S-028,585,62.75999999999999,2.77722883464795,6045.6,709.3411027143429,5,1,09:45
L405S-028,590,63.17999999999999,1.9070920271449943,5623.2,522.2826820793506,5,1,09:50
L405S-028,595,62.64,2.384952829722217,5376.0,548.270006474912,5,1,09:55
L405S-028,600,62.82000000000001,2.024104740372888,5354.4,569.4249731088372,5,1,10:00
L405S-028,605,62.98,1.4923136399564232,5407.2,355.8359172427651,5,1,10:05
L405S-028,610,63.06,1.3011533345459323,5296.8,385.1794387035736,5,1,10:10
L405S-028,615,62.71999999999999,1.5770225109363536,5248.8,608.31833771472,5,1,10:15
L405S-028,620,62.48,2.8604195496465232,5244.0,482.6178612525649,5,1,10:20
L405S-028,625,63.17999999999999,1.9266551326067678,5260.8,721.2788642404545,5,1,10:25
L405S-028,630,62.519999999999996,1.6709278859364338,5407.2,688.124407356693,5,1,10:30
L405S-028,635,62.779999999999994,1.3736811857195983,5548.8,535.0842924250347,5,1,10:35
L405S-028,640,63.419999999999995,1.0497618777608533,5762.4,623.8499819668186,5,1,10:40
L405S-028,645,62.339999999999996,1.4909728367747015,5781.6,383.3807506904853,5,1,10:45
L405S-028,650,62.4,1.671825349730049,5692.8,357.2494926518441,5,1,10:50
L405S-028,655,61.88000000000001,1.1966620241321222,5486.4,662.6890673611568,5,1,10:55
L405S-028,660,61.879999999999995,1.6407315441594972,5500.8,621.8964544037858,5,1,11:00
L405S-028,665,62.32000000000001,2.3145193885556417,5383.2,639.0830931889843,5,1,11:05
L405S-028,670,61.660000000000004,2.2689204481426852,5359.2,345.7791202487507,5,1,11:10
L405S-028,675,61.94,3.102901867607163,5632.8,484.74653170497265,5,1,11:15
L405S-028,680,61.92,3.5772894766848267,5270.4,369.0268282930117,5,1,11:20
L405S-028,685,61.14,3.3960270905868803,5359.2,222.66387223795422,5,1,11:25
L405S-028,690,61.36,2.5402755756019895,5287.2,445.82866664224275,5,1,11:30
L405S-028,695,61.54,2.3870483866063594,5815.2,365.9114647015039,5,1,11:35
L405S-028,700,62.120000000000005,1.7020575783445127,5784.0,697.4983870949094,5,1,11:40
L405S-028,705,62.48,2.060825077487175,5534.4,497.052109944219,5,1,11:45
L405S-028,710,61.779999999999994,2.2117866081518813,5527.2,385.08596442872334,5,1,11:50
L405S-028,715,61.64,1.9165072397463048,5551.2,135.12660729848875,5,1,11:55
L405S-028,720,62.17999999999999,2.0462160198766854,5191.2,220.8782470049959,5,1,12:00
L405S-028,725,62.260000000000005,1.5436968614336173,5121.6,333.7855599033607,5,1,12:05
L405S-028,730,62.94,2.2501111083677516,5289.6,603.1954906993254,5,1,12:10
L405S-028,735,63.779999999999994,1.3405222862750192,5488.8,784.9504442956893,5,1,12:15
L405S-028,740,63.1,1.521512405470291,5529.6,299.80793852064687,5,1,12:20
L405S-028,745,63.839999999999996,2.455198566307824,5167.2,701.8512662950748,5,1,12:25
L405S-028,750,63.5,1.8721645226849075,5534.4,586.0621127491522,5,1,12:30
L405S-028,755,62.879999999999995,2.818155425096349,5623.2,582.129882414569,5,1,12:35
L405S-028,760,63.3,1.9196353820452492,5656.8,777.2536265595677,5,1,12:40
L405S-028,765,63.42,2.0897368255356956,5668.8,469.5052715359009,5,1,12:45
L405S-028,770,63.64,2.7969626382917605,5594.4,519.4350777527447,5,1,12:50
L405S-028,775,63.54,2.9577018105278947,5642.4,517.003675035294,5,1,12:55
L405S-028,780,63.17999999999999,1.6513630733427458,5359.2,521.3858456076459,5,1,13:00
L405S-028,785,63.839999999999996,2.369177072318573,5344.8,466.1192980343123,5,1,13:05
L405S-028,790,63.2,1.8533752992850636,5392.8,457.9379870681182,5,1,13:10
L405S-028,795,63.8,2.0688160865577214,5853.6,722.4159466678459,5,1,13:15
L405S-028,800,63.82000000000001,2.907232360854563,5568.0,300.9584688956269,5,1,13:20
L405S-028,805,62.959999999999994,3.074573141104305,5640.0,391.88773902739035,5,1,13:25
L405S-028,810,62.7,3.905764969887459,5640.0,610.2327424843737,5,1,13:30
L405S-028,815,62.86,3.595552808679082,5836.8,450.6475341106395,5,1,13:35
L405S-028,820,62.82000000000001,3.255303365279488,5841.6,702.507508856667,5,1,13:40
L405S-028,825,62.92,3.2314083616899874,5707.2,339.05043872556774,5,1,13:45
L405S-028,830,64.76,2.7772288346479517,5572.8,634.7875235068818,5,1,13:50
L405S-028,835,64.46000000000001,1.9692638218379972,5733.6,475.6603830465598,5,1,13:55
L405S-028,840,65.03999999999999,1.8582249594707307,5424.0,699.1995423339463,5,1,14:00
L405S-028,845,64.74,2.147789561386308,5172.0,758.0923426601802,5,1,14:05
L405S-028,850,64.17999999999999,1.9485892332659587,5671.2,849.7406663212017,5,1,14:10
L405S-028,855,64.74,1.3501851724856129,5493.6,587.8407947735509,5,1,14:15
L405S-028,860,64.86,2.2567675999092183,5637.6,568.4758570071381,5,1,14:20
L405S-028,865,65.1,2.198863342729603,5632.8,433.96221033633793,5,1,14:25
L405S-028,870,64.67999999999999,2.401457890532332,5709.6,776.0391742689283,5,1,14:30
L405S-028,875,65.03999999999999,2.098332671432252,5762.4,588.4528868142291,5,1,14:35
L405S-028,880,64.46,1.5693947878083425,6055.2,812.755313732245,5,1,14:40
L405S-028,885,65.12,0.949736805646701,6352.8,610.2091444742532,5,1,14:45
L405S-028,890,64.94,1.4570518178843224,5997.6,443.62687024119725,5,1,14:50
L405S-028,895,64.66,0.8203657720797457,5870.4,472.8517738150085,5,1,14:55
L405S-028,900,65.17999999999999,1.0986355173577873,5733.6,711.3176505612665,5,1,15:00
L405S-028,905,64.03999999999999,1.092245393673055,5548.8,548.0467133374673,5,1,15:05
L405S-028,910,63.58,0.739594483484022,6088.8,616.6061952332299,5,1,15:10
L405S-028,915,64.28,1.3160547101089723,6352.8,687.4439613524873,5,1,15:15
L405S-028,920,64.72,1.5959323293924434,6057.6,639.9162445195465,5,1,15:20
L405S-028,925,64.28,0.8408329203831183,5810.4,466.87557228880576,5,1,15:25
L405S-028,930,63.839999999999996,1.006479011206888,5930.4,527.890897818858,5,1,15:30
L405S-028,935,63.379999999999995,2.046216019876689,5824.8,611.3290439689579,5,1,15:35
L405S-028,940,62.8,2.6182054923172067,6084.0,378.3331864904267,5,1,15:40
L405S-028,945,62.660000000000004,3.2462285809843983,6002.4,386.5602152317281,5,1,15:45
L405S-028,950,62.2,4.57820925690384,6120.0,514.3228558016841,5,1,15:50
L405S-028,955,61.540000000000006,5.5396750807245,5623.2,401.6505944225652,5,1,15:55
L405S-028,960,60.339999999999996,7.685245604403283,5971.2,227.93683335520834,5,1,16:00
L405S-028,965,61.25999999999999,8.279673906622167,5793.6,536.8843450874685,5,1,16:05
L405S-028,970,59.980000000000004,10.43513296513274,5731.2,577.7847350008478,5,1,16:10
L405S-028,975,59.8,9.819623210693983,5500.8,184.4646307561425,5,1,16:15
L405S-028,980,58.739999999999995,11.409776509642944,5433.6,639.3534233895991,5,1,16:20
L405S-028,985,58.32000000000001,11.572899377424827,5426.4,790.6989313259503,5,1,16:25
L405S-028,990,57.839999999999996,11.636923992189686,5779.2,721.02926431595,5,1,16:30
L405S-028,995,57.85999999999999,11.421164564088897,5757.6,1108.731166694614,5,1,16:35
L405S-028,1000,58.9,8.77610391916595,5846.4,849.4779573361512,5,1,16:40
L405S-028,1005,57.0,12.059643444148753,5966.4,931.1953608131862,5,1,16:45
L405S-028,1010,58.48,9.711179125111425,5565.6,1215.5413608758856,5,1,16:50
L405S-028,1015,57.02,12.0071645278975,5580.0,1068.606569322873,5,1,16:55
L405S-028,1020,57.54,12.060597000148869,5817.6,459.8051761344145,5,1,17:00
L405S-028,1025,58.4,10.2817800015367,5796.0,667.5926901936539,5,1,17:05
L405S-028,1030,57.86,11.464859353694658,5678.4,528.3680535384402,5,1,17:10
L405S-028,1035,59.21999999999999,8.75111421477288,6206.4,402.7068412629713,5,1,17:15
L405S-028,1040,58.720000000000006,9.623253088223338,5851.2,1006.5561087192308,5,1,17:20
L405S-028,1045,58.379999999999995,10.71153583759117,6153.6,442.16377056470833,5,1,17:25
L405S-028,1050,60.31999999999999,6.2239055262752805,5796.0,357.1890255872932,5,1,17:30
L405S-028,1055,59.3,8.246211251235316,6112.8,696.9614049572616,5,1,17:35
L405S-028,1060,58.48,8.294998493067977,6165.6,834.8154287026564,5,1,17:40
L405S-028,1065,58.17999999999999,8.478915024930958,5901.6,715.9083740256151,5,1,17:45
L405S-028,1070,57.7,7.959899496852962,5992.8,361.85521966665067,5,1,17:50
L405S-028,1075,58.160000000000004,8.14420039046191,6012.0,418.5403206382869,5,1,17:55
L405S-028,1080,58.32000000000001,6.745887636182506,5822.4,702.5587519916039,5,1,18:00
L405S-028,1085,56.55999999999999,8.795055429046476,5323.2,651.0262667511964,5,1,18:05
L405S-028,1090,55.21999999999999,9.757407442553578,5313.6,1048.6585717000553,5,1,18:10
L405S-028,1095,56.32000000000001,10.37988439241979,5323.2,884.6124575202409,5,1,18:15
L405S-028,1100,56.260000000000005,10.341808352507794,5268.0,973.0364844136113,5,1,18:20
L405S-028,1105,56.25999999999999,10.169218259040367,5316.0,419.3995708152311,5,1,18:25
L405S-028,1110,55.839999999999996,12.70641570231354,4917.6,1241.504248885198,5,1,18:30
L405S-028,1115,55.739999999999995,12.604086638864395,4977.6,1161.6904923429474,5,1,18:35
L405S-028,1120,55.760000000000005,11.527705756133782,4960.8,655.325262751254,5,1,18:40
L405S-028,1125,55.839999999999996,10.380895915093262,4975.2,499.7391319478594,5,1,18:45
L405S-028,1130,56.4,10.930462021342006,5001.6,487.84095769010617,5,1,18:50
L405S-028,1135,56.54,11.128926273455136,4665.6,748.746151909978,5,1,18:55
L405S-028,1140,56.64,10.64509276615286,4396.8,907.1158691148556,5,1,19:00
L405S-028,1145,57.75999999999999,8.504880951547761,4747.2,458.4879496780695,5,1,19:05
L405S-028,1150,59.6,6.964194138592056,4538.4,649.2432517939636,5,1,19:10
L405S-028,1155,60.6,6.8774995456197585,4608.0,93.72299611087985,5,1,19:15
L405S-028,1160,61.0,7.821125238736427,4624.8,507.8850263593129,5,1,19:20
L405S-028,1165,60.56,9.345212678157727,4336.8,1049.7291079130844,5,1,19:25
L405S-028,1170,61.0,9.41966029111453,4075.2,845.1527672557194,5,1,19:30
L405S-028,1175,62.339999999999996,8.106355531309989,4581.6,151.17142587142584,5,1,19:35
L405S-028,1180,62.32000000000001,8.23996359215257,4341.6,206.0019417384214,5,1,19:40
L405S-028,1185,64.66,5.559946042903659,4192.8,397.05314505743434,5,1,19:45
L405S-028,1190,64.88,4.187123117368295,4147.2,414.1825684405369,5,1,19:50
L405S-028,1195,66.53999999999999,3.378313188560231,4245.6,759.0130433661861,5,1,19:55
L405S-028,1200,67.38,2.3252956801232827,4080.0,461.25914625078167,5,1,20:00
L405S-028,1205,67.1,1.9999999999999973,3948.0,213.65392577717827,5,1,20:05
L405S-028,1210,68.08,2.9735500668393025,3976.8,301.38878545825156,5,1,20:10
L405S-028,1215,67.82000000000001,2.920958746713139,4053.6,548.493208709096,5,1,20:15
L405S-028,1220,67.36,2.8395422166257744,4051.2,176.28159291315697,5,1,20:20
L405S-028,1225,67.08,2.5449950884039056,4041.6,618.401811122833,5,1,20:25
L405S-028,1230,65.94,2.6688949023893755,3880.8,209.3303609130792,5,1,20:30
L405S-028,1235,66.14,1.9398453546610315,3760.8,371.8644914481618,5,1,20:35
L405S-028,1240,66.78,1.7908098726553865,3914.4,376.8458570821762,5,1,20:40
L405S-028,1245,65.84,2.1173096136370892,3669.6,524.9502833602436,5,1,20:45
L405S-028,1250,66.78,2.2004544985070655,3511.2,347.33730004132866,5,1,20:50
L405S-028,1255,67.24,2.8147824072208425,3343.2,289.4463680891505,5,1,20:55
L405S-028,1260,67.7,2.941938136671131,3556.8,286.82259325234475,5,1,21:00
L405S-028,1265,67.5,2.178302091079197,3350.4,397.0350110506629,5,1,21:05
L405S-028,1270,67.91999999999999,1.22759928315391,3460.8,670.5305362174045,5,1,21:10
L405S-028,1275,67.74,1.3126309458488297,3379.2,477.3376163681216,5,1,21:15
L405S-028,1280,67.36,0.9607288899580388,3283.2,468.58425069564595,5,1,21:20
L405S-028,1285,67.06,2.138457387931777,3518.4,557.6708706755267,5,1,21:25
L405S-028,1290,67.06,2.4089416763383875,3595.2,474.46306494815803,5,1,21:30
L405S-028,1295,67.38,1.8047160441465562,3472.8,460.36854801343674,5,1,21:35
L405S-028,1300,66.8,2.695366394388712,3300.0,391.70396985478715,5,1,21:40
L405S-028,1305,66.72,1.7977764043395377,3160.8,465.88754007807506,5,1,21:45
L405S-028,1310,67.05999999999999,2.710719461692789,3026.4,317.30868251593745,5,1,21:50
L405S-028,1315,66.66,2.784420945187709,2884.8,277.6386140291008,5,1,21:55
L405S-028,1320,66.86,1.5009996668887056,2851.2,499.01823613972266,5,1,22:00
L405S-028,1325,67.08,2.3794957449005865,2774.4,548.4275704229319,5,1,22:05
L405S-028,1330,67.82000000000001,1.3122499761859328,2702.4,315.14568059867173,5,1,22:10
L405S-028,1335,68.0,1.3247641299491748,2611.2,394.0497430528283,5,1,22:15
L405S-028,1340,68.16,2.4151604501564674,2887.2,518.3388852864505,5,1,22:20
L405S-028,1345,67.0,2.6124700955226254,2757.6,366.97247853211013,5,1,22:25
L405S-028,1350,66.94,1.8338484124921566,2409.6,234.75263576795044,5,1,22:30
L405S-028,1355,67.88,1.2988456413292573,2568.0,414.47798494009305,5,1,22:35
L405S-028,1360,67.94,0.9659192512834655,2604.0,366.63878681885257,5,1,22:40
L405S-028,1365,66.46,1.862256695517566,2450.4,328.01951161478183,5,1,22:45
L405S-028,1370,67.8,1.0124228365658323,2383.2,416.95467379560574,5,1,22:50
L405S-028,1375,67.14,1.3164345787011238,2284.8,264.0818055073087,5,1,22:55
L405S-028,1380,67.14,1.7008821240756191,2220.0,389.861513873837,5,1,23:00
L405S-028,1385,66.78,2.7224988521577003,2176.8,477.4130287287937,5,1,23:05
L405S-028,1390,67.4,1.4106735979665936,2020.8,266.52429532783685,5,1,23:10
L405S-028,1395,66.9,1.3490737563232071,2071.2,368.75357625384464,5,1,23:15
L405S-028,1400,67.16,0.7266360849834058,2196.0,251.2846990964631,5,1,23:20
L405S-028,1405,66.42,1.7064583206161246,1944.0,393.81213795412657,5,1,23:25
L405S-028,1410,67.47999999999999,1.4166862743741109,1975.2,237.37565165787328,5,1,23:30
L405S-028,1415,66.64,1.085357084097211,1929.6,342.3051270431105,5,1,23:35
L405S-028,1420,66.38,1.527088733505689,1915.2,422.2738447974253,5,1,23:40
L405S-028,1425,66.67999999999999,1.4463747785411625,1960.8,468.96822920108355,5,1,23:45
L405S-028,1430,65.7,2.52685575369866,1711.2,193.79164068658895,5,1,23:50
L405S-028,1435,66.14,1.8338484124921557,1720.8,298.5082913421334,5,1,23:55
L405S-030,0,67.94,0.5848610946199092,1484.4,229.54803418892527,5,4,00:00
L405S-030,5,66.80499999999999,1.5291337416982167,1381.2,316.0738837677039,5,4,00:05
L405S-030,10,66.885,1.4858288932444381,1336.2,237.06264994722386,5,4,00:10
L405S-030,15,66.95,1.3511569116871602,1346.4,248.397463755168,5,4,00:15
L405S-030,20,66.99,1.3886369215889347,1312.8,201.6772173548614,5,4,00:20
L405S-030,25,66.47999999999999,2.136395913682668,1246.8,135.92350790058356,5,4,00:25
L405S-030,30,66.58,1.7081056758877617,1231.8,128.0652177603271,5,4,00:30
L405S-030,35,66.025,2.084466358567586,1180.8,183.6823344799385,5,4,00:35
L405S-030,40,65.8,2.3249327947276255,1075.8,192.52194680087774,5,4,00:40
L405S-030,45,65.71000000000001,2.9958617291190155,1027.8,140.25762011384623,5,4,00:45
L405S-030,50,65.765,2.6001562453052705,1231.8,234.63951073934672,5,4,00:50
L405S-030,55,65.9,2.461008431517454,1075.8,120.1798652021211,5,4,00:55
L405S-030,60,66.815,1.2288968630442516,1090.2,194.22075069363726,5,4,01:00
L405S-030,65,66.155,2.0836716391984607,967.8,135.3761426544574,5,4,01:05
L405S-030,70,66.595,1.800902551500217,911.4,88.8526870724797,5,4,01:10
L405S-030,75,66.845,1.172523986961464,947.4,200.45523190977082,5,4,01:15
L405S-030,80,67.03999999999999,1.0497916459945735,900.0,199.2234925906079,5,4,01:20
L405S-030,85,66.23499999999999,2.0883306730496423,945.0,190.824526725471,5,4,01:25
L405S-030,90,66.22,1.384783376561115,906.0,82.48636250920512,5,4,01:30
L405S-030,95,66.02,1.339006161300243,874.8,105.26965374693697,5,4,01:35
L405S-030,100,66.25,1.6310464432382044,889.8,119.2212229428972,5,4,01:40
L405S-030,105,65.84,1.5079580564458563,867.0,95.365087951514,5,4,01:45
L405S-030,110,65.995,1.3932201907810475,835.8,136.50164834169587,5,4,01:50
L405S-030,115,66.335,1.3115591866172167,774.0,84.13382197428095,5,4,01:55
L405S-030,120,66.28,1.4720733677368154,888.6,60.4632119557008,5,4,02:00
L405S-030,125,66.17,1.344711865047674,760.8,94.2401188454259,5,4,02:05
L405S-030,130,66.05499999999999,1.2878518936585834,792.6,124.94918967324278,5,4,02:10
L405S-030,135,66.185,1.4558717319874033,800.4,153.63690962786254,5,4,02:15
L405S-030,140,66.39,1.318213753531654,742.2,147.17744392399266,5,4,02:20
L405S-030,145,66.755,1.3638639961521053,804.6,77.43255129465902,5,4,02:25
L405S-030,150,66.5,1.455700003434775,797.4,110.92700302451158,5,4,02:30
L405S-030,155,66.35999999999999,1.2762983585353367,844.2,137.6015988279206,5,4,02:35
L405S-030,160,66.33500000000001,1.3222376866509271,795.0,67.98161516174795,5,4,02:40
L405S-030,165,66.42,1.273209527139973,828.6,95.68071906084317,5,4,02:45
L405S-030,170,66.625,1.373294396697226,800.4,111.63467203337859,5,4,02:50
L405S-030,175,66.525,1.1422291801560738,780.0,165.10905486980417,5,4,02:55
L405S-030,180,66.37,1.1225528940767107,859.2,86.52282935734361,5,4,03:00
L405S-030,185,66.61,1.3775657879027012,780.6,164.9099754411479,5,4,03:05
L405S-030,190,65.78,2.067561970050716,815.4,96.00937454228102,5,4,03:10
L405S-030,195,65.92999999999999,2.240005580350193,871.2,62.91422732578062,5,4,03:15
L405S-030,200,66.10999999999999,1.9675968845269107,908.4,118.55505050397474,5,4,03:20
L405S-030,205,65.86,2.0526355010083988,1014.0,112.58996402877123,5,4,03:25
L405S-030,210,65.77000000000001,2.2374930167488793,1078.8,124.42949811037573,5,4,03:30
L405S-030,215,65.96000000000001,2.5238611293016886,1105.8,81.293911211111,5,4,03:35
L405S-030,220,65.78999999999999,3.278843164898259,1160.4,184.43779439149665,5,4,03:40
L405S-030,225,65.735,3.5061820403396076,1105.2,139.1301548910228,5,4,03:45
L405S-030,230,65.545,3.484806307386392,1224.6,136.58074534867643,5,4,03:50
L405S-030,235,65.64,4.301111774878672,1231.8,143.44580858289308,5,4,03:55
L405S-030,240,67.34,0.9169582869465764,1120.8,276.6725501382455,5,4,04:00
L405S-030,245,67.47999999999999,0.5251190341246448,1272.6,378.032141490641,5,4,04:05
L405S-030,250,67.61999999999999,1.0284089653440427,1476.0,496.1849453580792,5,4,04:10
L405S-030,255,67.505,0.9416408551034783,1599.0,519.6455522757797,5,4,04:15
L405S-030,260,67.66499999999999,1.001966815817763,1906.8,665.9614853728405,5,4,04:20
L405S-030,265,68.265,0.7666077875941514,2049.0,686.00036443139,5,4,04:25
L405S-030,270,68.33,1.2807956511481384,2238.6,572.4083332726734,5,4,04:30
L405S-030,275,67.74,0.7761282110579338,2293.2,530.0780131263699,5,4,04:35
L405S-030,280,68.16,0.7351870510285162,2484.0,314.94999603111603,5,4,04:40
L405S-030,285,67.64,1.1412164562430736,2635.8,73.71702652711924,5,4,04:45
L405S-030,290,68.31,0.9040879382007019,2530.2,107.38575324501845,5,4,04:50
L405S-030,295,67.66499999999999,1.135589054191696,2322.6,215.7748826902705,5,4,04:55
L405S-030,300,68.33500000000001,0.8797371766613036,2366.4,189.61091740719996,5,4,05:00
L405S-030,305,68.275,1.1740687799273073,2336.4,258.26498020444046,5,4,05:05
L405S-030,310,69.035,1.322592151798882,2728.2,218.82115985434314,5,4,05:10
L405S-030,315,69.15,1.2854960132182451,2814.6,357.39306092872033,5,4,05:15
L405S-030,320,69.435,0.9046062679420244,3355.8,266.0934046533285,5,4,05:20
L405S-030,325,68.89500000000001,1.5282138266617,3358.2,249.92538886635745,5,4,05:25
L405S-030,330,68.69500000000001,1.8619881847100979,3687.0,293.11857668868413,5,4,05:30
L405S-030,335,68.615,1.874216502968636,4296.0,397.0837443159818,5,4,05:35
L405S-030,340,69.51,1.9286977471859086,4655.4,376.93540560684926,5,4,05:40
L405S-030,345,68.685,1.9099738218101263,5016.6,637.4325846707242,5,4,05:45
L405S-030,350,68.47,2.1470473911863186,4774.2,509.8746904877707,5,4,05:50
L405S-030,355,68.46,1.0226497445362217,4858.2,522.0887855528023,5,4,05:55
L405S-030,360,66.815,1.9849905541336974,4591.8,587.1905142285594,5,4,06:00
L405S-030,365,65.86999999999999,1.5126962682574447,4748.4,356.40328281316374,5,4,06:05
L405S-030,370,64.935,1.5709869509324408,5456.4,781.2952706883614,5,4,06:10
L405S-030,375,64.91,1.1468162450889867,5887.2,734.0890272984606,5,4,06:15
L405S-030,380,64.215,0.7173301192616972,6360.6,781.7098566603853,5,4,06:20
L405S-030,385,62.785000000000004,1.0660382263314978,6777.0,964.3425221361962,5,4,06:25
L405S-030,390,60.415,3.470797818945956,6583.2,601.4517437001908,5,4,06:30
L405S-030,395,60.089999999999996,3.0179980947641405,7064.4,532.6896845256157,5,4,06:35
L405S-030,400,59.25500000000001,3.0935113544320494,7270.8,649.6008004921176,5,4,06:40
L405S-030,405,57.205,4.793074430884625,7047.6,299.680329684816,5,4,06:45
L405S-030,410,56.07000000000001,6.02990982519639,6811.8,315.54666849770416,5,4,06:50
L405S-030,415,54.83,7.13040146134844,6578.4,466.92858126270227,5,4,06:55
L405S-030,420,53.495000000000005,8.167224895887216,6307.2,285.3440029157788,5,4,07:00
L405S-030,425,52.114999999999995,8.46947828971773,6649.8,185.69248773173354,5,4,07:05
L405S-030,430,51.470000000000006,9.246255999051725,6624.0,300.0599940011997,5,4,07:10
L405S-030,435,52.03000000000001,9.402366723330887,6644.4,314.2376489219584,5,4,07:15
L405S-030,440,50.315,11.417949137213743,5973.0,382.94386011529156,5,4,07:20
L405S-030,445,49.24,11.47295188693825,6439.2,662.7644377906829,5,4,07:25
L405S-030,450,50.435,9.274083512671211,6674.4,534.0227523242806,5,4,07:30
L405S-030,455,50.875,7.583308150141335,6160.2,398.8285345859797,5,4,07:35
L405S-030,460,50.94,8.748206959143113,5904.0,495.80389268338746,5,4,07:40
L405S-030,465,53.160000000000004,8.927076089067455,5932.2,145.65610182893124,5,4,07:45
L405S-030,470,55.970000000000006,8.522825969125496,5901.6,706.1652072992551,5,4,07:50
L405S-030,475,58.654999999999994,8.74461262721225,6069.0,444.13680324872877,5,4,07:55
L405S-030,480,59.205,10.08164173138482,5973.0,321.04906167126546,5,4,08:00
L405S-030,485,59.345000000000006,10.619283756449867,6024.6,507.1038355208922,5,4,08:05
L405S-030,490,60.425,9.165526444236578,6293.4,616.5981673667219,5,4,08:10
L405S-030,495,61.48499999999999,7.4269694357793075,6162.0,770.3869157767414,5,4,08:15
L405S-030,500,62.120000000000005,6.255132892273349,6077.4,599.6676579573056,5,4,08:20
L405S-030,505,62.765,4.693499493981006,5865.0,699.093341407283,5,4,08:25
L405S-030,510,63.325,3.9384721022244165,6282.6,593.1979433544928,5,4,08:30
L405S-030,515,62.94,4.163667253755992,5895.6,640.7876403302423,5,4,08:35
L405S-030,520,62.92,3.975880405646024,6081.6,317.4008506604858,5,4,08:40
L405S-030,525,63.69,3.4243886315662255,6051.6,320.5187982006671,5,4,08:45
L405S-030,530,63.67,3.1153551161946202,5788.2,431.2368258857307,5,4,08:50
L405S-030,535,63.525,3.046309242345559,5559.0,351.13458958069054,5,4,08:55
L405S-030,540,63.035000000000004,2.8754130138121,5419.8,499.495945929494,5,4,09:00
L405S-030,545,63.410000000000004,2.3282638381420595,5426.4,376.8518276458269,5,4,09:05
L405S-030,550,63.14,2.592091337125293,5359.2,224.1644485639951,5,4,09:10
L405S-030,555,62.61999999999999,1.482965778431858,5455.2,315.1399689027084,5,4,09:15
L405S-030,560,62.614999999999995,2.3704957287453605,5773.2,332.76748639252605,5,4,09:20
L405S-030,565,62.455,2.4954583747279777,5730.0,393.89211720977613,5,4,09:25
L405S-030,570,62.75,2.65859455351883,5874.6,451.5891938476828,5,4,09:30
L405S-030,575,62.98,3.332716609614447,6004.8,482.7977837563052,5,4,09:35
L405S-030,580,62.295,4.727063041678199,6099.0,325.2406801124361,5,4,09:40
L405S-030,585,62.36999999999999,5.4018920296503445,6154.8,467.4159817550102,5,4,09:45
L405S-030,590,62.754999999999995,4.166885827569553,6111.0,518.0844525750604,5,4,09:50
L405S-030,595,62.185,4.392699910078085,5467.2,197.3238454926317,5,4,09:55
L405S-030,600,62.30499999999999,3.9043805526613298,5665.8,187.09275774331832,5,4,10:00
L405S-030,605,62.065,3.1095417668846332,5395.2,431.20551944519445,5,4,10:05
L405S-030,610,62.775,3.0236050502669807,5682.6,528.6447767641329,5,4,10:10
L405S-030,615,62.54,2.9374521272694785,5313.0,285.2919557225545,5,4,10:15
L405S-030,620,62.455,3.846402540036598,5733.6,284.07798225135286,5,4,10:20
L405S-030,625,62.739999999999995,2.830834682562722,5567.4,386.1175986665203,5,4,10:25
L405S-030,630,62.425,2.8161920211519686,5880.6,463.4946601634154,5,4,10:30
L405S-030,635,62.260000000000005,2.414836951017603,5653.2,373.3379166385327,5,4,10:35
L405S-030,640,62.105000000000004,2.3836290609069186,5889.6,620.5592638902427,5,4,10:40
L405S-030,645,61.955,3.14351515027365,6048.0,370.57590315615505,5,4,10:45
L405S-030,650,61.970000000000006,3.087292503148996,5961.6,312.87425589204366,5,4,10:50
L405S-030,655,61.675,2.245551157288557,6124.2,264.34579625936937,5,4,10:55
L405S-030,660,61.63499999999999,3.235428874198902,5778.6,525.1174154415372,5,4,11:00
L405S-030,665,61.21999999999999,4.355937040408179,6035.4,593.091729836119,5,4,11:05
L405S-030,670,60.915,5.1769501156569,5651.4,313.6786572274244,5,4,11:10
L405S-030,675,60.86999999999999,6.343633619622114,5814.6,194.02139057330766,5,4,11:15
L405S-030,680,61.21,6.327879779199352,5635.2,582.6089597663257,5,4,11:20
L405S-030,685,60.785000000000004,6.257510487406313,5332.8,823.7188233857473,5,4,11:25
L405S-030,690,60.815,5.035052134784705,5710.8,1029.9170840412348,5,4,11:30
L405S-030,695,61.2,5.133072910060791,5581.2,880.9907491001254,5,4,11:35
L405S-030,700,61.79,4.829421549212702,5582.4,777.2993631799784,5,4,11:40
L405S-030,705,62.065,4.893669379923409,5350.8,881.1797206018758,5,4,11:45
L405S-030,710,61.595000000000006,5.159015167645855,5440.2,962.082740724518,5,4,11:50
L405S-030,715,61.379999999999995,4.137987131444467,5297.4,973.5298146435989,5,4,11:55
L405S-030,720,61.8,3.999257743631933,5125.2,691.2302076732469,5,4,12:00
L405S-030,725,61.989999999999995,4.195741889106145,5182.8,1087.256041601977,5,4,12:05
L405S-030,730,61.745000000000005,4.831679314689665,5279.4,901.9863081000731,5,4,12:10
L405S-030,735,62.29,3.913781738932306,5373.0,713.7825299066936,5,4,12:15
L405S-030,740,61.725,3.951581961695845,5550.6,993.8276007437105,5,4,12:20
L405S-030,745,61.92999999999999,3.8927175597518016,5619.0,987.7816054169059,5,4,12:25
L405S-030,750,61.75,4.083465133927312,5517.0,847.6473323263632,5,4,12:30
L405S-030,755,61.42,4.1550195547072954,5511.0,801.0365160215856,5,4,12:35
L405S-030,760,61.545,4.069221362865383,5661.0,1158.8099499055054,5,4,12:40
L405S-030,765,61.4,3.968941924493226,5420.4,1029.510223358661,5,4,12:45
L405S-030,770,61.7,4.038796231552171,5436.6,581.1504108232223,5,4,12:50
L405S-030,775,61.645,3.1632854755775703,5545.2,986.7893392208897,5,4,12:55
L405S-030,780,61.785000000000004,3.254592908491018,5338.8,883.7345189591724,5,4,13:00
L405S-030,785,62.419999999999995,3.098053824580841,5256.0,774.5201740432589,5,4,13:05
L405S-030,790,62.010000000000005,3.434139266249985,5695.8,802.3825147646227,5,4,13:10
L405S-030,795,62.67,3.953771933230342,5651.4,847.948288517643,5,4,13:15
L405S-030,800,62.71,3.6115093797469195,5655.6,891.7204158254984,5,4,13:20
L405S-030,805,62.05,3.9318809112179336,5620.2,822.1795424358356,5,4,13:25
L405S-030,810,62.10999999999999,3.80663893743549,5673.6,917.8073327229413,5,4,13:30
L405S-030,815,62.14,3.1910323564639733,5825.4,706.2002548852556,5,4,13:35
L405S-030,820,61.83,2.8850584916081,5841.0,1034.1191904224581,5,4,13:40
L405S-030,825,61.65,2.801283188112193,5503.2,898.0844615068229,5,4,13:45
L405S-030,830,62.30499999999999,3.3746018283643475,5562.0,974.7992100940583,5,4,13:50
L405S-030,835,62.575,2.723795605400665,5317.8,928.7158876642523,5,4,13:55
L405S-030,840,62.98,2.600444673512592,5401.2,917.5528322663497,5,4,14:00
L405S-030,845,62.629999999999995,4.097003478153266,5115.0,792.3720716935952,5,4,14:05
L405S-030,850,62.714999999999996,3.2690594977760794,5599.8,763.898029844298,5,4,14:10
L405S-030,855,62.839999999999996,3.3421830440596785,5419.2,1002.2887308555355,5,4,14:15
L405S-030,860,62.94,3.716962805840273,5575.2,869.2408757070735,5,4,14:20
L405S-030,865,62.265,3.678680130155379,5426.4,1024.3789826036066,5,4,14:25
L405S-030,870,62.339999999999996,3.708419474654937,5305.8,822.2671098858326,5,4,14:30
L405S-030,875,62.14,3.3043342748577977,5750.4,1013.892154028228,5,4,14:35
L405S-030,880,61.835,3.196609531988541,5936.4,1028.2790477297492,5,4,14:40
L405S-030,885,61.915,2.6175847646255868,5919.0,1030.53384223906,5,4,14:45
L405S-030,890,61.875,3.153272110046958,5697.6,822.9339584681143,5,4,14:50
L405S-030,895,61.89,2.931115402027018,5821.8,945.4870173619519,5,4,14:55
L405S-030,900,62.135000000000005,3.133618116490904,5514.0,1052.4015393375287,5,4,15:00
L405S-030,905,61.629999999999995,2.601766227008108,5414.4,811.2335052252218,5,4,15:05
L405S-030,910,61.71999999999999,2.8451383973367625,5922.0,800.0949943600448,5,4,15:10
L405S-030,915,62.220000000000006,2.8136608715337363,5940.6,768.5166231123436,5,4,15:15
L405S-030,920,62.35,2.9816627072826334,6114.6,879.3823400546545,5,4,15:20
L405S-030,925,62.245000000000005,2.373644349939558,5548.8,957.8615244386842,5,4,15:25
L405S-030,930,62.15999999999999,2.3312148120668805,5754.0,927.2572458600688,5,4,15:30
L405S-030,935,61.58,2.3577929298392615,5518.2,627.375246563012,5,4,15:35
L405S-030,940,61.685,2.4458255252572703,5708.4,835.3058122627904,5,4,15:40
L405S-030,945,61.885000000000005,2.3937810050211326,5648.4,1038.4061344194765,5,4,15:45
L405S-030,950,61.239999999999995,2.18722141083156,5809.8,807.7541086246482,5,4,15:50
L405S-030,955,60.635000000000005,2.2121539277364985,5625.6,762.7596607057822,5,4,15:55
L405S-030,960,60.129999999999995,3.682916643096879,5628.0,988.9039387119459,5,4,16:00
L405S-030,965,60.214999999999996,4.253770386374893,5343.0,982.9636310667858,5,4,16:05
L405S-030,970,60.125,5.263168009858703,5481.6,884.7467434243541,5,4,16:10
L405S-030,975,59.31999999999999,6.085520725459735,5487.0,890.3103391514669,5,4,16:15
L405S-030,980,59.339999999999996,5.867298143097896,5393.4,1179.418627968882,5,4,16:20
L405S-030,985,58.754999999999995,6.650972673226074,5564.4,1140.6696717279722,5,4,16:25
L405S-030,990,58.795,6.419730329227231,5645.4,1059.869473095626,5,4,16:30
L405S-030,995,58.65,6.499062432382077,5696.4,999.2801409014392,5,4,16:35
L405S-030,1000,58.404999999999994,5.9439938172915365,5556.6,1184.2106231578907,5,4,16:40
L405S-030,1005,58.815,5.2083946663055345,5434.8,938.2007780853734,5,4,16:45
L405S-030,1010,59.095000000000006,4.796365811737043,5481.6,1018.9017617022752,5,4,16:50
L405S-030,1015,58.44500000000001,5.371434864168047,5684.4,839.1863916913811,5,4,16:55
L405S-030,1020,59.084999999999994,4.355154991501451,5669.4,907.1848213015912,5,4,17:00
L405S-030,1025,59.239999999999995,3.8406379678381524,5425.2,1156.2161130169393,5,4,17:05
L405S-030,1030,58.985,3.315522206229359,5395.2,918.8956415175774,5,4,17:10
L405S-030,1035,59.105,2.631622598322182,5574.6,1093.7137651140722,5,4,17:15
L405S-030,1040,58.86999999999999,2.9881746100253253,5642.4,734.3611509332449,5,4,17:20
L405S-030,1045,58.55499999999999,3.3943151002816436,5503.2,830.1266168482974,5,4,17:25
L405S-030,1050,58.925,2.875380409615397,5794.2,831.9162818457156,5,4,17:30
L405S-030,1055,58.735,2.0463840059969134,5847.6,815.9045900103761,5,4,17:35
L405S-030,1060,58.735,2.6600399433091226,5675.4,750.8796841039183,5,4,17:40
L405S-030,1065,58.765,2.4997874909679814,5601.0,1039.1590349893513,5,4,17:45
L405S-030,1070,58.57000000000001,2.636190433181941,5458.2,851.8906619983577,5,4,17:50
L405S-030,1075,58.605,2.7837362482821493,5097.6,849.2978276199698,5,4,17:55
L405S-030,1080,58.485,3.831065452325241,5049.6,770.5662203860223,5,4,18:00
L405S-030,1085,58.105,3.3478257869847385,5484.6,1014.5953873342811,5,4,18:05
L405S-030,1090,58.94500000000001,2.6304942501362714,5474.4,965.6631400234763,5,4,18:10
L405S-030,1095,59.89,2.535904670921209,5376.6,880.1265818051401,5,4,18:15
L405S-030,1100,59.86,2.875358673278865,5510.4,1035.8027321840777,5,4,18:20
L405S-030,1105,59.49000000000001,2.9097143330574586,5357.4,814.4057956571774,5,4,18:25
L405S-030,1110,59.705,1.7868792628490606,4704.0,982.201099571773,5,4,18:30
L405S-030,1115,59.34499999999999,1.829993169386158,5124.0,915.4646361274695,5,4,18:35
L405S-030,1120,60.175,1.8157298807917412,4776.6,781.5486549153545,5,4,18:40
L405S-030,1125,60.815,1.8036941259537345,5002.8,870.9889207102465,5,4,18:45
L405S-030,1130,61.9,1.7284386017443585,4732.2,729.9580124911296,5,4,18:50
L405S-030,1135,61.21,2.8493200943382972,4830.6,630.840154080255,5,4,18:55
L405S-030,1140,61.335,2.478381528336584,4558.2,667.9990269453991,5,4,19:00
L405S-030,1145,61.870000000000005,2.8719766712144468,4562.4,662.0674436943717,5,4,19:05
L405S-030,1150,62.825,3.10292200997705,4284.0,810.3249348255304,5,4,19:10
L405S-030,1155,63.075,3.353403122202872,4635.6,836.2399775184155,5,4,19:15
L405S-030,1160,63.635000000000005,3.7046676639072516,4521.0,1243.707160066227,5,4,19:20
L405S-030,1165,63.17,4.234693023112772,4371.0,906.7918724823244,5,4,19:25
L405S-030,1170,63.955,4.458993720560732,4488.6,612.8207731466027,5,4,19:30
L405S-030,1175,64.03999999999999,4.306521217874117,4416.6,814.1046001589722,5,4,19:35
L405S-030,1180,64.14,4.013165832606472,4123.8,740.6950789629967,5,4,19:40
L405S-030,1185,63.575,3.45737436503483,3954.6,504.81808604684517,5,4,19:45
L405S-030,1190,64.405,3.052580875259489,4175.4,670.5063758086123,5,4,19:50
L405S-030,1195,64.365,3.258575225462804,4178.4,1075.9745814841538,5,4,19:55
L405S-030,1200,64.675,2.53167434714657,3803.4,740.0410799408369,5,4,20:00
L405S-030,1205,64.37,2.552780346994233,3755.4,533.7530327782691,5,4,20:05
L405S-030,1210,65.125,2.7536907052172674,3697.2,520.3707332277634,5,4,20:10
L405S-030,1215,64.945,2.2904284533684955,3693.6,667.3209872317818,5,4,20:15
L405S-030,1220,64.58,2.7934297914928843,3804.6,502.5488036002076,5,4,20:20
L405S-030,1225,63.910000000000004,2.6420635874255622,3808.2,672.9856610656724,5,4,20:25
L405S-030,1230,63.60999999999999,2.8704093784685134,3682.2,640.5987043383712,5,4,20:30
L405S-030,1235,64.06,2.583456986287943,3619.2,633.897231418469,5,4,20:35
L405S-030,1240,63.94499999999999,2.9946514822262684,3650.4,573.2331986198985,5,4,20:40
L405S-030,1245,64.025,2.372959649888725,3609.6,617.3530594400582,5,4,20:45
L405S-030,1250,64.215,2.6459048546763677,3446.4,633.1755680693941,5,4,20:50
L405S-030,1255,64.87,2.298328196755193,3330.0,685.3769036085182,5,4,20:55
L405S-030,1260,65.74,2.138968793601248,3393.0,498.81259005762877,5,4,21:00
L405S-030,1265,66.46000000000001,2.932287929245694,3379.2,820.3823498832725,5,4,21:05
L405S-030,1270,66.945,2.8632040618859103,3348.6,603.4304433818368,5,4,21:10
L405S-030,1275,67.005,3.7378720550602065,3349.8,764.5957755572548,5,4,21:15
L405S-030,1280,66.95,3.092986016780543,3297.0,731.89855854483,5,4,21:20
L405S-030,1285,67.205,2.6862729757044477,3547.2,811.3727256939317,5,4,21:25
L405S-030,1290,67.72999999999999,2.7866534589001257,3546.6,715.8958024740751,5,4,21:30
L405S-030,1295,67.33,2.7117452867111185,3495.6,836.4955469098446,5,4,21:35
L405S-030,1300,67.36,3.212748044898632,3207.0,779.7778529812192,5,4,21:40
L405S-030,1305,67.175,4.843003974807376,3038.4,524.3284276100238,5,4,21:45
L405S-030,1310,66.705,4.357371627483702,2997.6,628.1522904519254,5,4,21:50
L405S-030,1315,66.36,3.7348276399320044,2780.4,455.85885973621265,5,4,21:55
L405S-030,1320,66.725,3.25806691152898,2836.8,674.5285019923176,5,4,22:00
L405S-030,1325,66.75,2.8343870589600226,2743.8,450.72741207962935,5,4,22:05
L405S-030,1330,67.03,2.7778926365142307,2651.4,389.8811357324178,5,4,22:10
L405S-030,1335,66.905,4.365432395536552,2650.2,474.5673819385399,5,4,22:15
L405S-030,1340,66.92999999999999,3.776878671601727,2649.0,477.5421447369855,5,4,22:20
L405S-030,1345,66.425,3.7786406285858902,2670.6,515.1289159035823,5,4,22:25
L405S-030,1350,67.13499999999999,3.566449565043642,2357.4,442.5452519234615,5,4,22:30
L405S-030,1355,67.19500000000001,3.0706982105052236,2533.2,558.1798097387616,5,4,22:35
L405S-030,1360,66.89,2.9430320249701665,2479.2,474.1926823560229,5,4,22:40
L405S-030,1365,66.48499999999999,3.2163449752786115,2376.6,485.42744050990774,5,4,22:45
L405S-030,1370,66.78,2.9891679444286807,2334.6,416.1758041981778,5,4,22:50
L405S-030,1375,67.145,3.318292105888212,2235.6,394.6077799537156,5,4,22:55
L405S-030,1380,66.67,3.7461813890947653,2106.6,453.3644229535441,5,4,23:00
L405S-030,1385,66.965,3.4041151566890337,2031.0,318.9960814806351,5,4,23:05
L405S-030,1390,67.05499999999999,2.9212261980202756,1847.4,291.92173608691763,5,4,23:10
L405S-030,1395,66.62,3.1121937600348697,2010.0,555.1013420989,5,4,23:15
L405S-030,1400,66.84,3.420508003206545,1999.8,275.80917316144513,5,4,23:20
L405S-030,1405,66.28999999999999,3.8054073369351644,1864.8,404.43627433750305,5,4,23:25
L405S-030,1410,66.875,3.312051856478094,1802.4,270.0199992593141,5,4,23:30
L405S-030,1415,66.175,3.4308799891572934,1815.0,416.0763151153884,5,4,23:35
L405S-030,1420,66.535,3.291732066860851,1720.8,420.67766757934754,5,4,23:40
L405S-030,1425,66.21000000000001,3.6307110185196487,1801.2,338.83137399007194,5,4,23:45
L405S-030,1430,66.17999999999999,2.9427559361931444,1641.0,223.8369942614491,5,4,23:50
L405S-030,1435,66.295,2.842885857715713,1604.4,216.7632348900523,5,4,23:55
L405S-058,0,65.4,1.266885945931996,1819.2,350.8435548788092,5,1,00:00
L405S-058,5,65.75999999999999,0.6730527468185536,1845.6,398.483123858464,5,1,00:05
L405S-058,10,65.08,0.7259476565152694,1725.6,446.21609114867204,5,1,00:10
L405S-058,15,64.44,2.198408515267348,1728.0,482.6178612525649,5,1,00:15
L405S-058,20,64.62,1.4446452851824958,1639.2,346.6110211750342,5,1,00:20
L405S-058,25,65.14,1.4328293687665696,1735.2,397.32505584219075,5,1,00:25
L405S-058,30,65.16,1.0358571330062856,1639.2,444.5348130349298,5,1,00:30
L405S-058,35,65.26,0.9762171889492613,1684.8,362.2529502985449,5,1,00:35
L405S-058,40,65.06,0.8473488065725902,1449.6,294.72156351376805,5,1,00:40
L405S-058,45,65.3,0.7176350047203713,1322.4,199.97199803972555,5,1,00:45
L405S-058,50,65.53999999999999,0.6308724118235007,1200.0,64.62197768561404,5,1,00:50
L405S-058,55,65.28,0.7395944834840212,1437.6,294.23256108051675,5,1,00:55
L405S-058,60,65.26,0.6188699378706335,1365.6,51.892195945055185,5,1,01:00
L405S-058,65,65.67999999999999,0.24899799195977865,1329.6,170.4253502270129,5,1,01:05
L405S-058,70,65.78,0.6760177512462214,1392.0,129.24395537122808,5,1,01:10
L405S-058,75,64.67999999999999,0.7918333157931609,1156.8,71.79972144792762,5,1,01:15
L405S-058,80,65.28,0.9731392500562253,1135.2,211.21363592344127,5,1,01:20
L405S-058,85,65.3,0.815475321515,1132.8,115.28746679496432,5,1,01:25
L405S-058,90,65.72,0.7014271166700056,1125.6,151.40937883764005,5,1,01:30
L405S-058,95,65.32000000000001,0.7049822692805845,1144.8,108.53202292411213,5,1,01:35
L405S-058,100,65.28,0.9731392500562327,1132.8,212.40338980345865,5,1,01:40
L405S-058,105,65.53999999999999,1.114899098573498,1065.6,148.77096490915153,5,1,01:45
L405S-058,110,65.66,0.723187389270576,1058.4,160.6387250945425,5,1,01:50
L405S-058,115,65.35999999999999,0.691375440697753,1005.6,123.9548304827206,5,1,01:55
L405S-058,120,65.82000000000001,0.6016643582596514,1022.4,171.89764396291184,5,1,02:00
L405S-058,125,65.84,1.0526157893552586,996.0,54.99090833947008,5,1,02:05
L405S-058,130,65.64,0.5727128425310556,1108.8,128.01249938970804,5,1,02:10
L405S-058,135,65.97999999999999,0.6418722614352513,1048.8,90.03999111505954,5,1,02:15
L405S-058,140,66.06,0.7368853370776184,1036.8,154.28285711640163,5,1,02:20
L405S-058,145,65.94,0.6767569726275473,1065.6,150.9330977618892,5,1,02:25
L405S-058,150,65.86,0.8848728722251568,1008.0,82.26785520481253,5,1,02:30
L405S-058,155,66.24,0.743639697703133,1111.2,85.10699148718628,5,1,02:35
L405S-058,160,65.7,0.6819090848492908,1065.6,101.9646997739904,5,1,02:40
L405S-058,165,65.6,1.3133925536563744,1104.0,121.49074038789952,5,1,02:45
L405S-058,170,65.64,1.1436782764396656,1058.4,101.25611092669914,5,1,02:50
L405S-058,175,65.76,0.8590692637965853,1044.0,106.65833300778706,5,1,02:55
L405S-058,180,66.03999999999999,0.49295030175464855,1005.6,140.8147719523772,5,1,03:00
L405S-058,185,65.58,0.9418067742376897,1142.4,143.3485263265723,5,1,03:05
L405S-058,190,66.02000000000001,0.8671793355471548,1243.2,132.97819370107266,5,1,03:10
L405S-058,195,65.35999999999999,1.3427583550289297,1272.0,75.41883053985921,5,1,03:15
L405S-058,200,65.6,1.0677078252031322,1336.8,103.78439189011034,5,1,03:20
L405S-058,205,65.2,0.9486832980505107,1466.4,127.9562425206367,5,1,03:25
L405S-058,210,65.34,0.5983310120660618,1564.8,164.00975580739095,5,1,03:30
L405S-058,215,65.14,1.0549881515922348,1514.4,172.10694349734993,5,1,03:35
L405S-058,220,65.74,0.6693280212272568,1725.6,70.68804708011109,5,1,03:40
L405S-058,225,65.61999999999999,0.7190271204898971,1833.6,136.92625752572076,5,1,03:45
L405S-058,230,65.46000000000001,1.2521980673998814,1735.2,151.6944296933806,5,1,03:50
L405S-058,235,65.67999999999999,1.3682105101189646,1737.6,150.2158447035465,5,1,03:55
L405S-058,240,65.58,1.1734564329364785,1752.0,106.3202708800161,5,1,04:00
L405S-058,245,65.44,1.379492660364671,1708.8,247.4736349593629,5,1,04:05
L405S-058,250,65.5,1.1467344941179691,1912.8,57.92408825350642,5,1,04:10
L405S-058,255,65.84,0.9289779329994853,2143.2,186.40600848685108,5,1,04:15
L405S-058,260,65.58,1.1584472366059697,2347.2,227.30420145699023,5,1,04:20
L405S-058,265,65.4,1.7131841699011872,2536.8,88.83242651194438,5,1,04:25
L405S-058,270,66.08,1.9370080020485163,3100.8,143.39874476438072,5,1,04:30
L405S-058,275,65.94,1.887591057406248,3559.2,298.86987134871924,5,1,04:35
L405S-058,280,66.4,1.6477257053284082,3765.6,251.77132481678686,5,1,04:40
L405S-058,285,66.34,1.8283872675119952,3792.0,531.0593187206115,5,1,04:45
L405S-058,290,66.52000000000001,1.9485892332659531,3981.6,283.00671370128305,5,1,04:50
L405S-058,295,65.98,1.281405478371304,3487.2,381.2337865404901,5,1,04:55
L405S-058,300,65.86,1.851485889765295,3156.0,313.7259950976329,5,1,05:00
L405S-058,305,65.6,1.0124228365658328,3328.8,149.78384425564724,5,1,05:05
L405S-058,310,65.88000000000001,1.2296340919151503,3487.2,364.0373607200228,5,1,05:10
L405S-058,315,65.52000000000001,0.6610597552415339,3835.2,193.97731826169783,5,1,05:15
L405S-058,320,65.1,1.2349089035228487,4377.6,234.44572932770612,5,1,05:20
L405S-058,325,65.14,1.583666631586331,4680.0,404.00990086877823,5,1,05:25
L405S-058,330,64.78,1.6604216332004371,4785.6,514.4908162445663,5,1,05:30
L405S-058,335,64.97999999999999,1.863330351816335,5474.4,242.74430992301336,5,1,05:35
L405S-058,340,65.2,1.78605710994918,6019.2,538.7051141394519,5,1,05:40
L405S-058,345,65.02000000000001,2.2398660674245643,6482.4,555.471691447908,5,1,05:45
L405S-058,350,64.84,1.6056151469141033,6993.6,638.5646404241313,5,1,05:50
L405S-058,355,64.67999999999999,1.9344249791604704,6662.4,414.1651844373208,5,1,05:55
L405S-058,360,64.47999999999999,2.181054790691881,6184.8,480.7943427287805,5,1,06:00
L405S-058,365,64.94,1.596245595138794,6064.8,725.1614992537869,5,1,06:05
L405S-058,370,64.42,2.0729206448872994,6487.2,546.8630541552427,5,1,06:10
L405S-058,375,64.28,2.1856349191939604,6909.6,447.74635676909764,5,1,06:15
L405S-058,380,63.739999999999995,2.2733235581412568,7653.6,773.2508001935724,5,1,06:20
L405S-058,385,62.7,2.5189283435619982,7929.6,833.9093475912116,5,1,06:25
L405S-058,390,62.239999999999995,2.8579713084634015,8433.6,730.444248385871,5,1,06:30
L405S-058,395,62.21999999999999,3.9877311845208445,8752.8,602.072420893035,5,1,06:35
L405S-058,400,60.459999999999994,3.2485381327606415,9175.2,439.8126874022623,5,1,06:40
L405S-058,405,57.760000000000005,2.5510782034269357,9184.8,577.2237001371304,5,1,06:45
L405S-058,410,55.739999999999995,5.401203569575953,9292.8,358.85818926144077,5,1,06:50
L405S-058,415,52.879999999999995,7.279903845518842,8688.0,543.323108288245,5,1,06:55
L405S-058,420,50.14,5.144706016868213,8702.4,427.3415495830004,5,1,07:00
L405S-058,425,50.72,6.959669532384422,8712.0,623.5960230790444,5,1,07:05
L405S-058,430,50.72,8.841210324384322,8592.0,181.3945974939717,5,1,07:10
L405S-058,435,49.32,7.721528346124232,8476.8,266.9292040972661,5,1,07:15
L405S-058,440,49.1,8.3925562256085,8853.6,373.4873491833424,5,1,07:20
L405S-058,445,46.92,7.003713300814074,8436.0,374.0267370122088,5,1,07:25
L405S-058,450,47.14,8.215412345098692,8479.2,538.3708758839019,5,1,07:30
L405S-058,455,46.74,8.165659801877613,8356.8,519.6568098274092,5,1,07:35
L405S-058,460,46.36,7.974835421499308,8544.0,546.8893855250803,5,1,07:40
L405S-058,465,45.72,7.402499577845311,8292.0,531.4658973066852,5,1,07:45
L405S-058,470,45.58,6.995498552640836,8018.4,395.3084871337827,5,1,07:50
L405S-058,475,46.18,7.964734772734115,8054.4,681.0673975459404,5,1,07:55
L405S-058,480,46.7,7.994998436522677,7864.8,612.5056734431118,5,1,08:00
L405S-058,485,46.58,8.710453489916583,8174.4,683.9157842892647,5,1,08:05
L405S-058,490,47.1,9.572878355019453,7922.4,448.8705826850318,5,1,08:10
L405S-058,495,46.160000000000004,9.60900619210957,7905.6,426.1605331327621,5,1,08:15
L405S-058,500,46.260000000000005,11.910205707711349,7579.2,541.6375171643856,5,1,08:20
L405S-058,505,46.3,11.404385121522335,7680.0,590.5048687352205,5,1,08:25
L405S-058,510,46.24,11.205043507278317,7819.2,674.9186617659939,5,1,08:30
L405S-058,515,45.06,9.845455804583146,7800.0,554.0830262695293,5,1,08:35
L405S-058,520,45.48,8.995943530280742,7531.2,425.3318704259064,5,1,08:40
L405S-058,525,46.6,9.835649444749443,7833.6,613.2575315477177,5,1,08:45
L405S-058,530,46.08,9.093239246825082,7884.0,479.77494724089127,5,1,08:50
L405S-058,535,46.7,8.842510955605313,7869.6,334.53968374469423,5,1,08:55
L405S-058,540,46.379999999999995,9.037256220778515,7776.0,466.53617223105005,5,1,09:00
L405S-058,545,47.4,9.745511787484535,7809.6,736.1880194624197,5,1,09:05
L405S-058,550,48.34,9.33691597905861,8006.4,914.3023569913838,5,1,09:10
L405S-058,555,49.480000000000004,9.801122384706765,7689.6,911.4629997975782,5,1,09:15
L405S-058,560,50.18,9.505366905069996,7809.6,1225.2464241939251,5,1,09:20
L405S-058,565,52.17999999999999,9.946707998126817,7804.8,1214.184170544156,5,1,09:25
L405S-058,570,53.279999999999994,8.989827584553558,7780.8,917.7685982860821,5,1,09:30
L405S-058,575,54.379999999999995,8.4123124050406,7946.4,653.2785011004112,5,1,09:35
L405S-058,580,55.720000000000006,5.6193415984437145,7960.8,766.902340588422,5,1,09:40
L405S-058,585,58.14,5.553647450099797,7752.0,598.6785447967883,5,1,09:45
L405S-058,590,59.32000000000001,5.189123240008849,7629.6,320.58197079686187,5,1,09:50
L405S-058,595,58.7,4.462062303464615,7744.8,649.7531839090902,5,1,09:55
L405S-058,600,60.120000000000005,3.5024277294471022,7123.2,711.4795850901135,5,1,10:00
L405S-058,605,62.54,3.6983780228635372,6885.6,616.068827323701,5,1,10:05
L405S-058,610,61.82000000000001,2.3177575369308965,6552.0,726.8177213029412,5,1,10:10
L405S-058,615,61.720000000000006,1.344247001112523,7065.6,583.1679003511767,5,1,10:15
L405S-058,620,62.86,1.8215378118501913,6895.2,996.5275711188326,5,1,10:20
L405S-058,625,61.779999999999994,1.6694310408040214,7154.4,655.094497000242,5,1,10:25
L405S-058,630,63.17999999999999,1.7369513522260778,7147.2,503.89999007739624,5,1,10:30
L405S-058,635,63.06,1.2441864811996615,6619.2,527.7681309059878,5,1,10:35
L405S-058,640,62.339999999999996,2.43474844696531,7214.4,759.4397935320482,5,1,10:40
L405S-058,645,61.17999999999999,2.7797481900344865,7132.8,512.331142914424,5,1,10:45
L405S-058,650,61.379999999999995,2.614765763887847,7380.0,890.0247187578557,5,1,10:50
L405S-058,655,62.2,1.8179658962697856,7034.4,187.90635965820843,5,1,10:55
L405S-058,660,61.24000000000001,2.4429490375363887,6578.4,684.2315397582897,5,1,11:00
L405S-058,665,61.46,2.2864820139244455,6856.8,738.9798373433473,5,1,11:05
L405S-058,670,61.71999999999999,1.4652644812456208,6717.6,263.0984606568423,5,1,11:10
L405S-058,675,63.15999999999999,1.7742604092973477,7120.8,808.7145355439087,5,1,11:15
L405S-058,680,62.379999999999995,1.8673510650116094,6808.8,340.0047058497868,5,1,11:20
L405S-058,685,60.8,2.156385865284783,7236.0,694.7575116542462,5,1,11:25
L405S-058,690,61.44,2.1372880011828075,6928.8,561.8640404937835,5,1,11:30
L405S-058,695,61.94,1.8689569283426535,7087.2,840.8823936794015,5,1,11:35
L405S-058,700,60.64,1.4152738250953432,7226.4,437.662883964359,5,1,11:40
L405S-058,705,60.54,2.359660992600414,7044.0,800.1399877521433,5,1,11:45
L405S-058,710,61.720000000000006,1.788015659886684,7070.4,830.0583112047009,5,1,11:50
L405S-058,715,61.339999999999996,2.796962638291757,7096.8,725.756984120718,5,1,11:55
L405S-058,720,61.61999999999999,3.6547229717175544,6739.2,620.911587909261,5,1,12:00
L405S-058,725,62.42,2.1672563300172816,6506.4,469.18311990096146,5,1,12:05
L405S-058,730,62.8,1.4882876066137207,6938.4,421.14700521314404,5,1,12:10
L405S-058,735,62.6,1.5329709716755873,7214.4,418.57472451164557,5,1,12:15
L405S-058,740,62.75999999999999,1.5614096195425484,7164.0,387.9175170058707,5,1,12:20
L405S-058,745,63.160000000000004,1.6471186963907611,6938.4,200.15194228385596,5,1,12:25
L405S-058,750,62.839999999999996,2.1102132593650325,6780.0,1076.9289670168594,5,1,12:30
L405S-058,755,62.74000000000001,3.053358806298401,6964.8,683.9263118202135,5,1,12:35
L405S-058,760,62.7,2.0310096011589875,7305.6,826.929743085832,5,1,12:40
L405S-058,765,62.92,1.8198901065723723,7389.6,568.4758570071381,5,1,12:45
L405S-058,770,62.2,1.528070678993614,7010.4,410.4105261807986,5,1,12:50
L405S-058,775,61.85999999999999,1.735799527595283,6885.6,260.6238669040117,5,1,12:55
L405S-058,780,62.160000000000004,1.2421755109484292,6376.8,818.0973047260331,5,1,13:00
L405S-058,785,63.0,1.9811612756158952,6777.6,847.9084856280188,5,1,13:05
L405S-058,790,63.42,1.8005554698481179,6864.0,677.761019829261,5,1,13:10
L405S-058,795,63.879999999999995,1.870026737776761,6895.2,666.5457223626898,5,1,13:15
L405S-058,800,61.92,2.0029977533686867,6962.4,432.3665111916047,5,1,13:20
L405S-058,805,61.54,2.160555484129022,7123.2,309.520920133034,5,1,13:25
L405S-058,810,62.28000000000001,1.1882760622010329,7128.0,549.3851108284607,5,1,13:30
L405S-058,815,62.760000000000005,1.7952715672009076,7003.2,540.5064291939551,5,1,13:35
L405S-058,820,63.279999999999994,2.697591518373383,7214.4,700.7630127225608,5,1,13:40
L405S-058,825,63.11999999999999,2.5351528553521194,7288.8,310.44999597358674,5,1,13:45
L405S-058,830,62.36,2.278815481779952,6885.6,649.9083012241035,5,1,13:50
L405S-058,835,63.379999999999995,1.9331321734428835,6796.8,467.5844308785313,5,1,13:55
L405S-058,840,63.620000000000005,1.942163741809634,6511.2,397.95879183654176,5,1,14:00
L405S-058,845,63.6,2.1365860619221495,6626.4,550.131620614558,5,1,14:05
L405S-058,850,63.44000000000001,1.671227094083863,6933.6,823.614472918003,5,1,14:10
L405S-058,855,62.760000000000005,2.1778429695457846,6789.6,730.049861310856,5,1,14:15
L405S-058,860,62.519999999999996,1.2577758146824078,7320.0,624.576656624309,5,1,14:20
L405S-058,865,62.779999999999994,1.4567086187704148,6952.8,546.4020497765358,5,1,14:25
L405S-058,870,62.379999999999995,2.1147103820618063,6912.0,789.3592338092967,5,1,14:30
L405S-058,875,63.459999999999994,1.3446189051177246,6729.6,757.2560993481663,5,1,14:35
L405S-058,880,63.879999999999995,2.0203960007879656,7048.8,392.40183485809547,5,1,14:40
L405S-058,885,63.36,2.110213259365034,7152.0,444.6481755275737,5,1,14:45
L405S-058,890,63.519999999999996,2.341367122003722,7276.8,327.6021977948256,5,1,14:50
L405S-058,895,63.08,2.1111608181282637,7140.0,487.516153578525,5,1,14:55
L405S-058,900,62.879999999999995,2.1753160689886,6631.2,622.5907162815713,5,1,15:00
L405S-058,905,62.459999999999994,2.360720229082639,6878.4,793.9702765217347,5,1,15:05
L405S-058,910,63.3,2.869668970456351,6691.2,124.30285596075414,5,1,15:10
L405S-058,915,64.2,2.21020361053004,7346.4,467.18390383231304,5,1,15:15
L405S-058,920,63.52,2.2185580902919844,7312.8,697.1163461001327,5,1,15:20
L405S-058,925,62.739999999999995,1.920416621465247,7015.2,363.24537161538615,5,1,15:25
L405S-058,930,63.459999999999994,1.599374877881981,7171.2,599.4357346705316,5,1,15:30
L405S-058,935,62.56,1.1148990985734968,6972.0,331.6865990660461,5,1,15:35
L405S-058,940,62.46,0.9939818911831328,7468.8,229.9808687695566,5,1,15:40
L405S-058,945,62.2,0.4123105625617677,7236.0,502.4261139709997,5,1,15:45
L405S-058,950,61.879999999999995,1.231665539016176,6964.8,343.7952879258237,5,1,15:50
L405S-058,955,62.239999999999995,1.597811002590728,7058.4,647.4108432826871,5,1,15:55
L405S-058,960,60.75999999999999,1.2340988615179873,6760.8,327.82190286800545,5,1,16:00
L405S-058,965,60.44,3.3328666339954256,6259.2,367.77601879404807,5,1,16:05
L405S-058,970,60.58,3.5492252675760114,7245.6,613.4922982401654,5,1,16:10
L405S-058,975,59.739999999999995,1.796663574518059,7003.2,586.1972364315615,5,1,16:15
L405S-058,980,58.6,3.172538415843053,6967.2,474.463064948158,5,1,16:20
L405S-058,985,59.56,1.6905620367203316,6609.6,579.7627100805984,5,1,16:25
L405S-058,990,61.779999999999994,1.9123284236762197,6727.2,576.2874282855735,5,1,16:30
L405S-058,995,61.04,2.2512218904408323,6847.2,558.5867882433311,5,1,16:35
L405S-058,1000,60.4,1.6294170736800344,6945.6,580.6933786431529,5,1,16:40
L405S-058,1005,59.17999999999999,3.0293563672833193,7286.4,659.4761557478784,5,1,16:45
L405S-058,1010,57.96,4.641443740906485,6897.6,589.4309119820575,5,1,16:50
L405S-058,1015,59.720000000000006,4.196665342864494,6758.4,791.3360853644929,5,1,16:55
L405S-058,1020,60.06,3.6066605052319534,6391.2,756.0285708886933,5,1,17:00
L405S-058,1025,60.1,2.264950330581225,6739.2,646.9213244282491,5,1,17:05
L405S-058,1030,58.739999999999995,4.441058432400994,7156.8,461.14986717985727,5,1,17:10
L405S-058,1035,58.379999999999995,5.111457717716151,6888.0,397.27068857392436,5,1,17:15
L405S-058,1040,56.86,5.145677797919338,7118.4,337.00563793503517,5,1,17:20
L405S-058,1045,56.46,4.473030292765746,6657.6,318.8930855318126,5,1,17:25
L405S-058,1050,56.0,7.138977517824243,6177.6,301.84234295406594,5,1,17:30
L405S-058,1055,57.379999999999995,8.039091988527058,5716.8,408.31752350346164,5,1,17:35
L405S-058,1060,57.1,7.13267130884355,6220.8,773.7720594593733,5,1,17:40
L405S-058,1065,55.46,6.330718758561307,6499.2,704.1556646083308,5,1,17:45
L405S-058,1070,57.02,5.076613044146657,6324.0,669.1546906358798,5,1,17:50
L405S-058,1075,59.08,5.113902619330954,6355.2,692.9207746921721,5,1,17:55
L405S-058,1080,59.92,4.557082399957236,5844.0,582.5255359209585,5,1,18:00
L405S-058,1085,60.779999999999994,2.5103784575238803,5572.8,398.23008424778754,5,1,18:05
L405S-058,1090,59.779999999999994,4.002749055336841,6151.2,189.66074976125137,5,1,18:10
L405S-058,1095,60.160000000000004,6.007745001246306,6520.8,732.7668114755198,5,1,18:15
L405S-058,1100,58.25999999999999,4.448932456219131,7072.8,944.2177714913016,5,1,18:20
L405S-058,1105,57.4,5.54075807087803,6686.4,1184.7652932121198,5,1,18:25
L405S-058,1110,59.14,5.168945733899711,6369.6,911.1074579872562,5,1,18:30
L405S-058,1115,60.5,3.1717503054307405,5712.0,762.590322519241,5,1,18:35
L405S-058,1120,58.92,5.515160922402898,6163.2,783.1137848358948,5,1,18:40
L405S-058,1125,58.98,6.3251086947182165,5896.8,586.4428360889065,5,1,18:45
L405S-058,1130,59.24000000000001,7.596907265460069,5959.2,801.9645877468656,5,1,18:50
L405S-058,1135,59.779999999999994,5.947856756849475,5709.6,592.476834990196,5,1,18:55
L405S-058,1140,60.14,5.60963456920324,5524.8,497.42858783950084,5,1,19:00
L405S-058,1145,60.17999999999999,5.741689646785168,5889.6,1023.2559797040035,5,1,19:05
L405S-058,1150,59.56,6.829568068333453,5935.2,1119.626366249027,5,1,19:10
L405S-058,1155,60.120000000000005,6.395858034697146,5618.4,965.6980894668892,5,1,19:15
L405S-058,1160,61.779999999999994,3.86354759256308,5354.4,635.6263053083943,5,1,19:20
L405S-058,1165,61.839999999999996,4.091821110459255,5536.8,607.7262541638299,5,1,19:25
L405S-058,1170,61.06,4.879856555268813,5385.6,824.0514547041344,5,1,19:30
L405S-058,1175,61.2,5.2478567053607685,5930.4,971.0143150335118,5,1,19:35
L405S-058,1180,60.660000000000004,6.00191636063016,6108.0,1248.2884282088014,5,1,19:40
L405S-058,1185,60.68000000000001,7.1026051558565495,5421.6,1186.1015133621574,5,1,19:45
L405S-058,1190,61.779999999999994,5.700175435896691,5220.0,557.3867597996924,5,1,19:50
L405S-058,1195,63.02,3.879046274537077,4824.0,476.4619607062037,5,1,19:55
L405S-058,1200,63.42,2.9609120216581912,4980.0,701.410008482913,5,1,20:00
L405S-058,1205,62.279999999999994,4.623526792395608,5196.0,712.2078348347483,5,1,20:05
L405S-058,1210,61.879999999999995,5.338258142877692,5095.2,1024.001562498808,5,1,20:10
L405S-058,1215,61.220000000000006,6.833886156499825,5155.2,1360.1511680691967,5,1,20:15
L405S-058,1220,61.42,7.417344538310191,5220.0,1315.8480155397888,5,1,20:20
L405S-058,1225,60.959999999999994,8.114369969381478,5076.0,1459.9369849414734,5,1,20:25
L405S-058,1230,60.86,8.052515135037002,5107.2,1309.6118508932332,5,1,20:30
L405S-058,1235,60.54,6.738916826909201,4939.2,978.0404899593881,5,1,20:35
L405S-058,1240,62.06,4.738459665334295,4692.0,511.233801699379,5,1,20:40
L405S-058,1245,62.85999999999999,2.2886677347312836,4346.4,576.2124608163208,5,1,20:45
L405S-058,1250,63.4,2.9487285395573415,4344.0,525.1971058564584,5,1,20:50
L405S-058,1255,63.14,2.4419254697881336,4418.4,409.35656828735506,5,1,20:55
L405S-058,1260,64.11999999999999,0.5167204273105579,4200.0,678.18581524535,5,1,21:00
L405S-058,1265,66.22,2.6780589986032792,4483.2,807.2887959088742,5,1,21:05
L405S-058,1270,66.32000000000001,3.1697003012903266,4485.6,981.3769917824649,5,1,21:10
L405S-058,1275,65.85999999999999,3.9323021247101564,4845.6,1035.8092488484547,5,1,21:15
L405S-058,1280,65.84,4.078357512528791,4634.4,1251.8709198635456,5,1,21:20
L405S-058,1285,66.11999999999999,4.346492839060017,4507.2,1338.4869069213937,5,1,21:25
L405S-058,1290,66.12,4.3882798452240985,4840.8,1327.6849023770662,5,1,21:30
L405S-058,1295,66.4,4.164732884591765,4550.4,1591.2651570370035,5,1,21:35
L405S-058,1300,66.52000000000001,4.261103143553324,4584.0,1363.1228851427886,5,1,21:40
L405S-058,1305,66.67999999999999,3.866781607487032,4639.2,1483.1194152865778,5,1,21:45
L405S-058,1310,66.58,3.966358531449214,4353.6,1466.5649661709501,5,1,21:50
L405S-058,1315,66.84,3.5795251081672848,4034.4,1822.546789522837,5,1,21:55
L405S-058,1320,65.28,1.1777096416349853,3991.2,1358.1646439220835,5,1,22:00
L405S-058,1325,63.86,1.443260198301054,4521.6,1385.2179611887798,5,1,22:05
L405S-058,1330,63.379999999999995,1.9954949260772363,4226.4,1593.2773769811708,5,1,22:10
L405S-058,1335,63.9,2.8600699292150145,3950.4,1397.7398899652253,5,1,22:15
L405S-058,1340,63.42,3.810118108405563,3720.0,1441.5991120973958,5,1,22:20
L405S-058,1345,63.220000000000006,4.572964027848893,3700.8,1373.2425859985553,5,1,22:25
L405S-058,1350,63.68000000000001,4.629470812090728,3780.0,1474.0963333513857,5,1,22:30
L405S-058,1355,63.56,4.396930747692079,3619.2,1465.2437339910382,5,1,22:35
L405S-058,1360,63.239999999999995,4.804477078725633,3525.6,1267.7021732252415,5,1,22:40
L405S-058,1365,63.720000000000006,5.110968597046943,3420.0,1380.860601219399,5,1,22:45
L405S-058,1370,63.17999999999999,5.97009212659235,3225.6,1365.587346162815,5,1,22:50
L405S-058,1375,62.86,6.4360702295733185,3302.4,1199.4418702046382,5,1,22:55
L405S-058,1380,61.339999999999996,9.484091943881605,3112.8,1364.959779627224,5,1,23:00
L405S-058,1385,61.02,10.791524452087389,2988.0,1370.6290526615871,5,1,23:05
L405S-058,1390,60.54,12.448815204669076,2992.8,1429.8290806946122,5,1,23:10
L405S-058,1395,60.379999999999995,12.087472854157728,3055.2,1429.1743070738432,5,1,23:15
L405S-058,1400,59.54,13.091905896392625,2971.2,1219.893110071534,5,1,23:20
L405S-058,1405,58.98,13.804962875719731,3009.6,1348.956930372501,5,1,23:25
L405S-058,1410,59.0,14.008033409440452,2817.6,1380.1669464235115,5,1,23:30
L405S-058,1415,58.839999999999996,14.41468001726018,2851.2,1241.104024649022,5,1,23:35
L405S-058,1420,59.339999999999996,14.299930069759082,2712.0,1265.9573452529908,5,1,23:40
L405S-058,1425,58.71999999999999,14.746084225990302,2498.4,1125.6166310072003,5,1,23:45
L405S-058,1430,59.0,13.655584938039087,2544.0,1293.247076161396,5,1,23:50
L405S-058,1435,58.620000000000005,15.343956465006018,2464.8,1128.6572553259914,5,1,23:55
L405S-098,0,72.35999999999999,0.4335896677735689,849.6,67.56330364924439,5,1,00:00
L405S-098,5,71.58,0.9859006035092961,919.2,121.96392909381035,5,1,00:05
L405S-098,10,71.7,1.1832159566199287,931.2,206.03688990081363,5,1,00:10
L405S-098,15,71.53999999999999,0.9235799911215029,897.6,220.19264292886808,5,1,00:15
L405S-098,20,71.38,1.3754999091239484,796.8,176.281592913157,5,1,00:20
L405S-098,25,71.03999999999999,1.7896927110540581,777.6,91.93911028501418,5,1,00:25
L405S-098,30,70.82000000000001,1.4872793954062604,724.8,121.0751832540426,5,1,00:30
L405S-098,35,71.17999999999999,1.4584238067173794,698.4,92.71893010599292,5,1,00:35
L405S-098,40,70.94,2.512568407028949,734.4,192.2623208015549,5,1,00:40
L405S-098,45,70.52000000000001,2.773445510551814,686.4,198.88891371818593,5,1,00:45
L405S-098,50,70.0,3.33166624979153,710.4,222.14589800399196,5,1,00:50
L405S-098,55,69.76,4.281705267764241,662.4,195.41954866389392,5,1,00:55
L405S-098,60,70.56,2.3340951137432273,607.2,150.50315611308622,5,1,01:00
L405S-098,65,71.17999999999999,1.070980858839223,564.0,147.4584687293341,5,1,01:05
L405S-098,70,71.34,1.3126309458488368,549.6,99.46255576849008,5,1,01:10
L405S-098,75,71.28,1.7711578134090662,564.0,106.3202708800161,5,1,01:15
L405S-098,80,71.4,1.7161002301730575,511.2,135.39276199265603,5,1,01:20
L405S-098,85,71.7,1.1022703842524284,439.2,67.13568350735696,5,1,01:25
L405S-098,90,71.53999999999999,1.006479011206896,427.2,77.58350340117416,5,1,01:30
L405S-098,95,71.32000000000001,0.6797058187186538,379.2,115.28746679496432,5,1,01:35
L405S-098,100,71.16,1.1674759098157008,405.6,54.59670319717116,5,1,01:40
L405S-098,105,71.5,0.6633249580710816,436.8,85.94882198145592,5,1,01:45
L405S-098,110,71.88,0.6760177512462259,367.2,69.24738262201684,5,1,01:50
L405S-098,115,71.16,0.939680796866688,386.4,23.08246087400562,5,1,01:55
L405S-098,120,70.62,1.5722595205626857,398.4,51.892195945055164,5,1,02:00
L405S-098,125,71.14,0.7300684899377615,302.4,67.56330364924439,5,1,02:05
L405S-098,130,71.12,0.6760177512462247,345.6,26.015380066414558,5,1,02:10
L405S-098,135,70.97999999999999,1.4166862743741162,321.6,53.261618450813145,5,1,02:15
L405S-098,140,71.5,1.336038921588741,319.2,98.44389264956969,5,1,02:20
L405S-098,145,71.17999999999999,1.0425929215182672,352.8,70.27944222886235,5,1,02:25
L405S-098,150,70.66,1.0830512453249803,352.8,45.37840896285368,5,1,02:30
L405S-098,155,70.76,0.6107372593841037,388.8,88.83242651194439,5,1,02:35
L405S-098,160,71.26,0.1516575088810288,362.4,46.78461285508302,5,1,02:40
L405S-098,165,71.72,0.5932958789676568,372.0,106.3202708800161,5,1,02:45
L405S-098,170,71.42,1.089495295997189,400.8,56.02856414365801,5,1,02:50
L405S-098,175,71.4,0.6041522986797325,379.2,35.597752738059185,5,1,02:55
L405S-098,180,71.75999999999999,0.5899152481501009,350.4,70.68804708011108,5,1,03:00
L405S-098,185,71.1,0.4123105625617658,362.4,73.68039087844201,5,1,03:05
L405S-098,190,71.05999999999999,0.3286335345031037,364.8,35.597752738059185,5,1,03:10
L405S-098,195,71.14,0.8706319543871567,417.6,34.36277055186324,5,1,03:15
L405S-098,200,71.2,0.4636809247747841,422.4,60.23952191045344,5,1,03:20
L405S-098,205,70.53999999999999,0.38470768123342,501.6,96.14988299524862,5,1,03:25
L405S-098,210,70.38,0.4658325879540818,516.0,69.45502141674135,5,1,03:30
L405S-098,215,69.72,0.47644516998286485,525.6,47.54787061478147,5,1,03:35
L405S-098,220,69.92,0.46583258795408394,619.2,103.78439189011033,5,1,03:40
L405S-098,225,70.4,1.009950493836213,609.6,91.93911028501418,5,1,03:45
L405S-098,230,70.14,0.4615192303685702,621.6,95.01999789517994,5,1,03:50
L405S-098,235,70.17999999999999,0.37013511046643266,674.4,33.29864862122786,5,1,03:55
L405S-098,240,70.38,0.2167948338867873,633.6,46.00869483043395,5,1,04:00
L405S-098,245,70.82000000000001,0.6058052492344413,566.4,52.58136552049595,5,1,04:05
L405S-098,250,70.72,0.26832815729997594,600.0,103.57605900979242,5,1,04:10
L405S-098,255,70.62,0.39623225512318133,792.0,89.39798655450804,5,1,04:15
L405S-098,260,69.58,0.7596051605933197,940.8,81.6529240137792,5,1,04:20
L405S-098,265,69.84,0.9914635646356347,979.2,95.09574122956295,5,1,04:25
L405S-098,270,69.7,1.3874436925511568,1188.0,214.49475518063372,5,1,04:30
L405S-098,275,70.0,0.771362431027075,1339.2,87.60821879253109,5,1,04:35
L405S-098,280,69.28,0.5310367218940694,1584.0,158.0632784678339,5,1,04:40
L405S-098,285,69.82000000000001,0.408656334834047,1711.2,74.26439254447584,5,1,04:45
L405S-098,290,69.8,0.339116499156264,1687.2,88.4262404493146,5,1,04:50
L405S-098,295,69.72,0.6418722614352524,1605.6,148.0432369275949,5,1,04:55
L405S-098,300,70.02000000000001,0.8871302046486719,1245.6,259.3777168532409,5,1,05:00
L405S-098,305,70.46000000000001,1.0667708282475714,1267.2,123.72226962030723,5,1,05:05
L405S-098,310,69.46,1.331540461270319,1425.6,197.25313685718663,5,1,05:10
L405S-098,315,70.0,1.060660171779812,1576.8,41.2213536895624,5,1,05:15
L405S-098,320,70.25999999999999,0.5128352561983185,1706.4,368.44104005932894,5,1,05:20
L405S-098,325,69.62,0.6180614856145016,2076.0,220.78043391568917,5,1,05:25
L405S-098,330,69.8,0.5049752469181035,2140.8,93.56922571016608,5,1,05:30
L405S-098,335,69.24,0.9316651759081722,2582.4,87.93634061069403,5,1,05:35
L405S-098,340,69.7,0.9273618495495615,2822.4,120.11994005992511,5,1,05:40
L405S-098,345,69.72,0.8555699854482999,3170.4,251.7713248167869,5,1,05:45
L405S-098,350,70.61999999999999,1.3754999091239541,3204.0,40.69397989875161,5,1,05:50
L405S-098,355,71.7,0.9823441352194191,3033.6,87.52599613829024,5,1,05:55
L405S-098,360,71.16,0.7765307463326903,2892.0,144.0,5,1,06:00
L405S-098,365,70.32000000000001,0.5357238094391525,3062.4,87.1137187818314,5,1,06:05
L405S-098,370,70.44,0.8502940667792521,3060.0,231.2920232087566,5,1,06:10
L405S-098,375,70.53999999999999,0.5128352561983243,3388.8,141.12122448448358,5,1,06:15
L405S-098,380,69.97999999999999,0.3962322551231791,3609.6,226.63803740766906,5,1,06:20
L405S-098,385,69.78,0.28635642126552685,3823.2,184.4646307561425,5,1,06:25
L405S-098,390,69.03999999999999,0.8018728078691802,4288.8,336.9201685859723,5,1,06:30
L405S-098,395,68.46000000000001,0.6107372593840995,4874.4,260.2091466493827,5,1,06:35
L405S-098,400,67.03999999999999,0.6877499545619832,5174.4,255.60281688588643,5,1,06:40
L405S-098,405,66.78,1.4394443372357204,5409.6,42.764471234893186,5,1,06:45
L405S-098,410,67.12,1.3535139452550895,5469.6,148.5287850889517,5,1,06:50
L405S-098,415,67.34,0.7300684899377637,5008.8,192.48688266996277,5,1,06:55
L405S-098,420,66.4,1.0653637876331241,4958.4,106.45562455784105,5,1,07:00
L405S-098,425,65.78,0.749666592559652,4992.0,84.42748367682174,5,1,07:05
L405S-098,430,65.44,0.6107372593840996,5306.4,106.79325821417756,5,1,07:10
L405S-098,435,65.02000000000001,0.5069516742254652,5589.6,283.13389058888737,5,1,07:15
L405S-098,440,64.7,0.9486832980505179,5856.0,145.4922678357857,5,1,07:20
L405S-098,445,63.94,0.8502940667792537,6004.8,118.97562775627618,5,1,07:25
L405S-098,450,64.0,0.5099019513592727,5863.2,93.56922571016602,5,1,07:30
L405S-098,455,64.22,0.3633180424916989,6069.6,345.1330178351529,5,1,07:35
L405S-098,460,64.08,0.5890670590009269,6156.0,238.94769302087852,5,1,07:40
L405S-098,465,63.7,0.33911649915625514,6261.6,253.4813602614599,5,1,07:45
L405S-098,470,63.92,0.5932958789676507,5920.8,160.23482767488477,5,1,07:50
L405S-098,475,64.66,0.5683308895353124,5810.4,245.98536541835165,5,1,07:55
L405S-098,480,64.85999999999999,0.4722287581247043,5568.0,126.99606293110035,5,1,08:00
L405S-098,485,64.8,0.6708203932499422,5404.8,256.3341569124177,5,1,08:05
L405S-098,490,64.2,0.6204836822995435,5460.0,201.69283576765935,5,1,08:10
L405S-098,495,63.760000000000005,0.6228964600958898,5546.4,62.006451277266386,5,1,08:15
L405S-098,500,64.26,1.303073290340955,5644.8,156.82856882596357,5,1,08:20
L405S-098,505,64.17999999999999,0.779102047231293,5517.6,148.5287850889518,5,1,08:25
L405S-098,510,63.94,0.6308724118235028,5440.8,384.3373518147826,5,1,08:30
L405S-098,515,63.85999999999999,0.40373258476373153,5491.2,100.61411431802205,5,1,08:35
L405S-098,520,63.58,0.739594483484025,5438.4,117.08458480944454,5,1,08:40
L405S-098,525,63.3,0.9460443964212237,5364.0,339.4112549695428,5,1,08:45
L405S-098,530,63.160000000000004,0.43358966777357427,5546.4,252.77025141420424,5,1,08:50
L405S-098,535,63.379999999999995,0.6300793600809317,5328.0,94.10632284814874,5,1,08:55
L405S-098,540,63.779999999999994,0.35637059362410406,5066.4,122.49408148967844,5,1,09:00
L405S-098,545,63.339999999999996,0.6228964600958968,5102.4,64.28685713269859,5,1,09:05
L405S-098,550,63.14,0.9343446901438457,5107.2,276.07824977712386,5,1,09:10
L405S-098,555,63.0,1.0074720839804954,5128.8,395.6907883688979,5,1,09:15
L405S-098,560,63.25999999999999,1.6622274212634056,4917.6,323.48848511191244,5,1,09:20
L405S-098,565,62.779999999999994,1.003493896344166,5020.8,239.18862849224251,5,1,09:25
L405S-098,570,62.75999999999999,1.8769656363396756,4944.0,418.62632502029777,5,1,09:30
L405S-098,575,62.8,1.529705854077838,5030.4,267.7102911731261,5,1,09:35
L405S-098,580,62.52,1.591225942473287,5016.0,253.9921258622007,5,1,09:40
L405S-098,585,62.879999999999995,1.3122499761859396,5044.8,277.89782294937106,5,1,09:45
L405S-098,590,63.04,1.4397916515940825,5126.4,355.3094425989831,5,1,09:50
L405S-098,595,63.339999999999996,1.368575902169844,4934.4,229.0082967929328,5,1,09:55
L405S-098,600,63.71999999999999,0.8258329128825029,4756.8,185.04918265153182,5,1,10:00
L405S-098,605,63.7,0.8888194417315624,4656.0,236.8290522718866,5,1,10:05
L405S-098,610,64.28,0.7190271204898988,4204.8,806.4410703827032,5,1,10:10
L405S-098,615,64.5,0.5196152422706655,4646.4,457.922264145346,5,1,10:15
L405S-098,620,63.879999999999995,0.4147288270665551,4766.4,283.26101037735503,5,1,10:20
L405S-098,625,64.28,1.0497618777608535,4394.4,367.85431899054834,5,1,10:25
L405S-098,630,64.92,0.6942621983083959,4389.6,410.58592279813973,5,1,10:30
L405S-098,635,65.35999999999999,0.7092249290598912,4478.4,290.41487565205756,5,1,10:35
L405S-098,640,65.08,0.6870225614927126,4605.6,203.54065932879354,5,1,10:40
L405S-098,645,65.08,0.6906518659932819,4800.0,195.8979326077741,5,1,10:45
L405S-098,650,65.22,0.7224956747275383,4658.4,392.38348589103504,5,1,10:50
L405S-098,655,65.34,0.7300684899377601,4629.6,321.3670798323935,5,1,10:55
L405S-098,660,64.94,0.9396807968666818,4600.8,384.43100811459,5,1,11:00
L405S-098,665,65.1,0.6782329983125245,4557.6,335.93570813475594,5,1,11:05
L405S-098,670,65.56,0.9964938534682429,4656.0,315.8987179461164,5,1,11:10
L405S-098,675,65.47999999999999,1.044988038209047,4658.4,421.65957833304356,5,1,11:15
L405S-098,680,65.56,0.9502631214563719,4713.6,225.3637060398146,5,1,11:20
L405S-098,685,65.53999999999999,0.971081870904818,4867.2,356.13929858975126,5,1,11:25
L405S-098,690,65.58,0.9444575162494091,4771.2,371.1862066402791,5,1,11:30
L405S-098,695,65.53999999999999,0.9235799911215037,4831.2,266.5242953278369,5,1,11:35
L405S-098,700,65.78,0.5449770637375502,4932.0,393.6292672045614,5,1,11:40
L405S-098,705,66.0,0.4183300132670358,5056.8,381.9884815017332,5,1,11:45
L405S-098,710,66.08,0.6058052492344396,4996.8,191.36143812168635,5,1,11:50
L405S-098,715,66.22,0.50199601592044,4920.0,319.1864658784893,5,1,11:55
L405S-098,720,66.28,0.7496665925596533,4876.8,237.98151188695306,5,1,12:00
L405S-098,725,65.8,1.2864680330268605,5061.6,398.0311545595394,5,1,12:05
L405S-098,730,65.5,0.7176350047203734,5246.4,347.83444337788063,5,1,12:10
L405S-098,735,65.82,0.766159252375129,5335.2,471.95253998680846,5,1,12:15
L405S-098,740,65.53999999999999,0.7893034904268472,5395.2,286.06852325972534,5,1,12:20
L405S-098,745,65.82000000000001,0.6496152707564672,5296.8,322.7308476114423,5,1,12:25
L405S-098,750,65.3,0.46904157598234236,5275.2,556.9732489087785,5,1,12:30
L405S-098,755,65.42,0.4764451699828697,5174.4,389.621354650897,5,1,12:35
L405S-098,760,65.78,0.6906518659932842,5200.8,287.6998435870273,5,1,12:40
L405S-098,765,66.22,0.4711687595755881,5184.0,301.43656048993125,5,1,12:45
L405S-098,770,65.97999999999999,0.3420526275297439,5244.0,288.0,5,1,12:50
L405S-098,775,66.3,0.4242640687119185,5126.4,259.3777168532409,5,1,12:55
L405S-098,780,66.12,0.5932958789676489,5160.0,250.71098898931416,5,1,13:00
L405S-098,785,66.5,0.5830951894845339,5128.8,407.34653551981995,5,1,13:05
L405S-098,790,66.35999999999999,0.3911521443121514,5313.6,222.9547039198769,5,1,13:10
L405S-098,795,66.28,0.5805170109479995,5469.6,334.21669617181,5,1,13:15
L405S-098,800,66.26,0.5983310120660655,5455.2,317.21790617807187,5,1,13:20
L405S-098,805,66.14,0.7503332592921607,5527.2,472.0288126799041,5,1,13:25
L405S-098,810,66.75999999999999,0.47749345545252936,5515.2,402.00895512413655,5,1,13:30
L405S-098,815,66.35999999999999,0.9449867723941955,5517.6,435.5190007336074,5,1,13:35
L405S-098,820,66.84,1.006479011206895,5844.0,302.50950398293276,5,1,13:40
L405S-098,825,66.67999999999999,0.6833739825307988,5733.6,178.06964929487555,5,1,13:45
L405S-098,830,66.64,0.2302172886644241,5865.6,232.9051309009743,5,1,13:50
L405S-098,835,66.24,0.8384509526501803,5661.6,325.81712662166785,5,1,13:55
L405S-098,840,66.28,0.5718391382198351,5503.2,236.76824111354125,5,1,14:00
L405S-098,845,66.53999999999999,0.9289779329994847,5596.8,326.9421967259656,5,1,14:05
L405S-098,850,66.46,0.7162401831788004,5875.2,239.78990804452135,5,1,14:10
L405S-098,855,66.52,1.194571052721437,5940.0,188.21264569629747,5,1,14:15
L405S-098,860,66.82,0.9859006035092939,6091.2,225.07598716877817,5,1,14:20
L405S-098,865,66.24,0.5941380311005164,5942.4,225.04399569861886,5,1,14:25
L405S-098,870,66.34,0.6877499545619732,5736.0,141.47791347061914,5,1,14:30
L405S-098,875,66.08,0.5805170109479958,5952.0,232.22402976436354,5,1,14:35
L405S-098,880,66.22,0.36331804249169297,6012.0,116.65333257134148,5,1,14:40
L405S-098,885,66.72,0.6016643582596524,6151.2,248.9240848130208,5,1,14:45
L405S-098,890,66.82000000000001,0.5540758070877975,6036.0,247.9677398372619,5,1,14:50
L405S-098,895,66.67999999999999,0.48166378315169345,5964.0,181.79108889051741,5,1,14:55
L405S-098,900,66.44,0.6426507605223818,5959.2,39.43602414037193,5,1,15:00
L405S-098,905,66.2,0.4415880433163884,5968.8,172.56650891757644,5,1,15:05
L405S-098,910,65.47999999999999,0.8136338242723212,6093.6,179.27855421103783,5,1,15:10
L405S-098,915,66.17999999999999,0.7259476565152605,6093.6,275.6606609583602,5,1,15:15
L405S-098,920,66.17999999999999,0.4868264577855186,5908.8,57.29921465430393,5,1,15:20
L405S-098,925,66.5,0.6928203230275511,6115.2,298.38766730547025,5,1,15:25
L405S-098,930,66.28,0.7328028384224528,5966.4,26.0153800664145,5,1,15:30
L405S-098,935,66.46,0.304959013639545,5995.2,288.5744271414222,5,1,15:35
L405S-098,940,66.16,0.856154191720158,6247.2,181.5136358514147,5,1,15:40
L405S-098,945,66.44,0.47222875812470344,6177.6,123.0804614875977,5,1,15:45
L405S-098,950,66.3,0.5244044240850718,6230.4,99.09994954590032,5,1,15:50
L405S-098,955,66.78,0.690651865993285,6012.0,103.22790320451152,5,1,15:55
L405S-098,960,66.7,0.9407443861113346,6086.4,140.30253026941452,5,1,16:00
L405S-098,965,66.55999999999999,0.6877499545619757,6225.6,116.77671000674752,5,1,16:05
L405S-098,970,66.58,0.887130204648678,6252.0,204.88045294756648,5,1,16:10
L405S-098,975,66.36,0.7893034904268416,6379.2,168.1285222679364,5,1,16:15
L405S-098,980,66.2,1.428285685708573,6369.6,257.0073928897767,5,1,16:20
L405S-098,985,66.82,1.275539101713467,6338.4,91.93911028501415,5,1,16:25
L405S-098,990,66.22,0.8167006795638091,6249.6,134.27136701471395,5,1,16:30
L405S-098,995,65.97999999999999,0.8526429498916913,6192.0,226.4155471693585,5,1,16:35
L405S-098,1000,66.22,0.45497252664309035,6266.4,256.5868274093586,5,1,16:40
L405S-098,1005,65.82000000000001,0.5019960159204391,6199.2,149.54330476487402,5,1,16:45
L405S-098,1010,65.46000000000001,0.7700649323271389,6386.4,216.5659252975869,5,1,16:50
L405S-098,1015,65.72,0.5540758070877979,6139.2,268.00597008275764,5,1,16:55
L405S-098,1020,66.3,0.845576726264386,6165.6,110.43912350249802,5,1,17:00
L405S-098,1025,66.03999999999999,0.45055521304275664,6259.2,337.13380133116283,5,1,17:05
L405S-098,1030,66.14,0.39115214431215933,6477.6,242.29898885467935,5,1,17:10
L405S-098,1035,65.74000000000001,0.8080841540334741,6453.6,362.5311021140118,5,1,17:15
L405S-098,1040,65.85999999999999,0.8080841540334734,6410.4,298.8457796255453,5,1,17:20
L405S-098,1045,66.0,0.9192388155425141,6367.2,306.7168074951224,5,1,17:25
L405S-098,1050,66.66,0.4979959839195488,6333.6,267.9791036629536,5,1,17:30
L405S-098,1055,66.88,0.4207136793592531,6259.2,292.04657162856745,5,1,17:35
L405S-098,1060,66.4,0.9643650760992947,6158.4,322.931571699021,5,1,17:40
L405S-098,1065,66.26,0.743639697703124,6156.0,247.38633753705963,5,1,17:45
L405S-098,1070,66.4,0.8803408430829457,6074.4,306.928004587395,5,1,17:50
L405S-098,1075,66.16,0.4929503017546493,6033.6,206.87387461929558,5,1,17:55
L405S-098,1080,66.14,0.6228964600958968,5892.0,334.1736075754637,5,1,18:00
L405S-098,1085,66.4,0.6928203230275481,5704.8,197.47202333495247,5,1,18:05
L405S-098,1090,66.92,0.9934787365615803,6014.4,274.6139107911323,5,1,18:10
L405S-098,1095,67.2,0.9165151389911685,5856.0,186.86893802876924,5,1,18:15
L405S-098,1100,67.52000000000001,1.370036495864252,5836.8,284.1745942198212,5,1,18:20
L405S-098,1105,67.82,0.9833615815151643,5685.6,239.45939112926857,5,1,18:25
L405S-098,1110,68.16,1.0714476188783084,5604.0,377.76182972873266,5,1,18:30
L405S-098,1115,68.9,0.9407443861113363,5440.8,406.01871878030454,5,1,18:35
L405S-098,1120,69.46,0.7300684899377607,5400.0,383.437087408091,5,1,18:40
L405S-098,1125,69.16,0.8354639429682199,5364.0,300.5994011970084,5,1,18:45
L405S-098,1130,69.66,1.137101578575984,5080.8,433.7132693381654,5,1,18:50
L405S-098,1135,69.78,0.5449770637375516,4968.0,379.94736477570154,5,1,18:55
L405S-098,1140,70.16,0.6730527468185514,4756.8,264.76253511401495,5,1,19:00
L405S-098,1145,70.88,0.6379655163094639,4620.0,271.9264606469918,5,1,19:05
L405S-098,1150,70.96,0.5176871642218,4711.2,370.89513342722626,5,1,19:10
L405S-098,1155,70.94,0.31304951684996646,4665.6,203.89409015466833,5,1,19:15
L405S-098,1160,71.53999999999999,0.41593268686170953,4543.2,298.50829134213336,5,1,19:20
L405S-098,1165,71.3,0.45276925690687453,4545.6,309.4976575032515,5,1,19:25
L405S-098,1170,71.3,0.9974968671629899,4346.4,383.94374587952336,5,1,19:30
L405S-098,1175,71.44,0.9633275663033819,4329.6,309.1485080022221,5,1,19:35
L405S-098,1180,71.55999999999999,1.0285912696499047,4221.6,411.63673305476516,5,1,19:40
L405S-098,1185,71.36,0.9710818709048178,4044.0,292.09587467131405,5,1,19:45
L405S-098,1190,71.06,0.7162401831788009,4128.0,418.02392276040854,5,1,19:50
L405S-098,1195,71.38,1.1144505372604077,3967.2,462.63073827838116,5,1,19:55
L405S-098,1200,71.58,1.164903429473875,3945.6,446.3774187837015,5,1,20:00
L405S-098,1205,70.88000000000001,0.8584870412533974,3967.2,351.9704533053876,5,1,20:05
L405S-098,1210,70.7,0.5567764362830002,3720.0,328.74306076326536,5,1,20:10
L405S-098,1215,70.24,0.7503332592921598,3840.0,307.1156134096735,5,1,20:15
L405S-098,1220,69.52000000000001,0.9121403400793046,3878.4,283.8957555159992,5,1,20:20
L405S-098,1225,69.74,0.8142481194328911,4051.2,408.93422453983965,5,1,20:25
L405S-098,1230,69.38,0.6140032573203501,3943.2,370.8951334272263,5,1,20:30
L405S-098,1235,69.32000000000001,0.7823042886243183,3926.4,474.1442818383451,5,1,20:35
L405S-098,1240,69.32,1.1476062042355784,4003.2,624.265328205884,5,1,20:40
L405S-098,1245,69.96,0.9343446901438461,3832.8,493.8696184217045,5,1,20:45
L405S-098,1250,70.17999999999999,0.7918333157931673,3748.8,519.1023020561554,5,1,20:50
L405S-098,1255,70.12,1.327403480483616,3734.4,637.0971668434886,5,1,20:55
L405S-098,1260,70.5,0.5830951894845323,3746.4,342.3051270431105,5,1,21:00
L405S-098,1265,70.2,0.5522680508593619,3333.6,404.57978199608544,5,1,21:05
L405S-098,1270,70.17999999999999,0.5718391382198285,3261.6,538.7585730176365,5,1,21:10
L405S-098,1275,70.8,0.5612486080160902,3504.0,544.3160846420028,5,1,21:15
L405S-098,1280,71.11999999999999,0.5674504383644425,3573.6,495.38348781524803,5,1,21:20
L405S-098,1285,70.9,1.1768602295939867,3405.6,416.6782931711226,5,1,21:25
L405S-098,1290,70.61999999999999,0.7463243262818091,3264.0,617.9126151811436,5,1,21:30
L405S-098,1295,70.5,0.7681145747868526,3302.4,542.7529824883508,5,1,21:35
L405S-098,1300,70.72,1.366382084191677,3163.2,670.4768452377756,5,1,21:40
L405S-098,1305,70.94,1.0334408546211071,2973.6,569.6146065542913,5,1,21:45
L405S-098,1310,71.6,1.0488088481701519,2920.8,740.39124792234,5,1,21:50
L405S-098,1315,71.52000000000001,1.0084641788382926,2848.8,661.9933534409541,5,1,21:55
L405S-098,1320,71.66,0.8080841540334729,2800.8,562.31236870622,5,1,22:00
L405S-098,1325,71.26,0.554977477020465,2743.2,373.6029978466447,5,1,22:05
L405S-098,1330,71.24,0.6580273550544836,2654.4,513.2999123319621,5,1,22:10
L405S-098,1335,71.2,0.9848857801796134,2824.8,578.2829757134477,5,1,22:15
L405S-098,1340,71.28,0.6379655163094686,2685.6,780.7565561684385,5,1,22:20
L405S-098,1345,71.46000000000001,0.6913754406977477,2512.8,641.612967450004,5,1,22:25
L405S-098,1350,71.47999999999999,1.0871982339941497,2356.8,604.2807294627224,5,1,22:30
L405S-098,1355,70.41999999999999,1.4652644812456246,2491.2,471.57099147424236,5,1,22:35
L405S-098,1360,69.96,0.7956129712366458,2407.2,890.1703207813661,5,1,22:40
L405S-098,1365,69.74,1.4621901381147346,2416.8,828.938598449849,5,1,22:45
L405S-098,1370,70.3,1.0295630140986987,2184.0,644.4904964388536,5,1,22:50
L405S-098,1375,70.62,0.3563705936241046,1977.6,631.5352721740885,5,1,22:55
L405S-098,1380,70.32,1.7253985046939129,1790.4,382.4405836205148,5,1,23:00
L405S-098,1385,70.16,2.53830652207332,1646.4,413.1208055762866,5,1,23:05
L405S-098,1390,69.25999999999999,1.8091434437324172,1836.0,654.6877118138082,5,1,23:10
L405S-098,1395,69.46,2.9330871108782293,1581.6,481.30323082231644,5,1,23:15
L405S-098,1400,69.91999999999999,1.6724233913695405,1708.8,369.1438743904604,5,1,23:20
L405S-098,1405,70.6,1.6232683080747898,1521.6,514.3508530176654,5,1,23:25
L405S-098,1410,70.47999999999999,1.7796066981218044,1380.0,318.5090265596879,5,1,23:30
L405S-098,1415,70.58,2.11471038206181,1286.4,313.7718916665417,5,1,23:35
L405S-098,1420,70.56,2.609214441168072,1276.8,390.83909732778784,5,1,23:40
L405S-098,1425,69.84,2.6387497039317678,1228.8,324.066659809367,5,1,23:45
L405S-098,1430,70.8,1.5508062419270805,1190.4,397.8502230739603,5,1,23:50
L405S-098,1435,70.94,1.4570518178843261,1128.0,356.583790994487,5,1,23:55
L405S-115,0,69.9,0.7176350047203696,1430.4,580.5073642943731,5,1,00:00
L405S-115,5,69.3,1.431782106327637,1399.2,560.5811270458541,5,1,00:05
L405S-115,10,68.92,2.471234509309065,1303.2,635.9207497794046,5,1,00:10
L405S-115,15,68.97999999999999,1.7137677789012145,1255.2,513.384066757043,5,1,00:15
L405S-115,20,68.85999999999999,1.7784824992110482,1159.2,536.0925293267945,5,1,00:20
L405S-115,25,69.2,1.343502884254444,1159.2,498.15178409797954,5,1,00:25
L405S-115,30,68.61999999999999,1.2716131487209483,1238.4,468.18457898568164,5,1,00:30
L405S-115,35,68.86,0.820365772079746,964.8,289.4463680891505,5,1,00:35
L405S-115,40,68.32000000000001,1.7282939564784734,888.0,383.7186469276676,5,1,00:40
L405S-115,45,67.88,1.4939879517586478,789.6,126.82586486990735,5,1,00:45
L405S-115,50,68.64,0.9126883367283668,1034.4,450.2319402263682,5,1,00:50
L405S-115,55,67.82,2.507389080298474,890.4,113.0168129085226,5,1,00:55
L405S-115,60,68.08,2.0692993983471837,837.6,166.1469229326863,5,1,01:00
L405S-115,65,68.22,1.7824140933015586,746.4,165.27794771233093,5,1,01:05
L405S-115,70,67.1,2.39895810717903,720.0,159.1979899370592,5,1,01:10
L405S-115,75,67.24,2.5706030420895405,708.0,309.56744014834635,5,1,01:15
L405S-115,80,67.94000000000001,1.3612494260788524,667.2,201.08505663027276,5,1,01:20
L405S-115,85,67.9,1.3892443989449779,626.4,167.65679228710061,5,1,01:25
L405S-115,90,67.42,1.6437761404765512,588.0,147.70240350109404,5,1,01:30
L405S-115,95,67.72,0.7694153624668524,612.0,118.79393923933998,5,1,01:35
L405S-115,100,68.1,1.1532562594670868,616.8,106.8606569322873,5,1,01:40
L405S-115,105,68.74,1.6592166826548025,691.2,175.0519922765805,5,1,01:45
L405S-115,110,67.17999999999999,1.1122050170719429,720.0,385.96372886580934,5,1,01:50
L405S-115,115,66.66,1.9982492337043427,650.4,444.11349900672917,5,1,01:55
L405S-115,120,67.6,1.8506755523321778,679.2,334.66879149391866,5,1,02:00
L405S-115,125,68.1,1.055935604097144,691.2,334.5612051628222,5,1,02:05
L405S-115,130,67.75999999999999,0.792464510246363,664.8,313.3356028286604,5,1,02:10
L405S-115,135,67.2,0.6442049363362574,636.0,338.8805099146305,5,1,02:15
L405S-115,140,67.66,0.9044335243675972,619.2,326.5014548206485,5,1,02:20
L405S-115,145,67.66,0.9099450532861821,648.0,333.8502658378453,5,1,02:25
L405S-115,150,68.64,1.1126544836560839,583.2,51.33419912689786,5,1,02:30
L405S-115,155,68.38,0.7918333157931681,499.2,104.8198454492278,5,1,02:35
L405S-115,160,68.1,0.7681145747868625,508.8,146.87137229562472,5,1,02:40
L405S-115,165,67.58,1.2497999839974376,547.2,52.030760132829116,5,1,02:45
L405S-115,170,68.44,0.9476286192385653,501.6,102.6683982537957,5,1,02:50
L405S-115,175,68.58,0.7563068160475541,496.8,65.50725150698966,5,1,02:55
L405S-115,180,68.2,0.8336666000266593,525.6,87.93634061069406,5,1,03:00
L405S-115,185,68.24,0.850294066779253,525.6,76.55586195713558,5,1,03:05
L405S-115,190,67.72,1.3663820841916807,460.8,72.79560426289488,5,1,03:10
L405S-115,195,67.9,1.339776100697429,566.4,67.56330364924439,5,1,03:15
L405S-115,200,67.74,0.9964938534682507,705.6,96.52357225051298,5,1,03:20
L405S-115,205,67.5,0.9823441352194283,727.2,86.3666602341436,5,1,03:25
L405S-115,210,67.88,0.49193495504995716,892.8,91.62532401034115,5,1,03:30
L405S-115,215,68.7,1.0606601717798199,897.6,72.6966299081326,5,1,03:35
L405S-115,220,68.47999999999999,1.0521406750050117,972.0,167.78557744931476,5,1,03:40
L405S-115,225,68.86,1.1104053313993045,912.0,155.76905982896602,5,1,03:45
L405S-115,230,68.46,1.145862120850501,1024.8,141.12122448448355,5,1,03:50
L405S-115,235,69.16,1.0261578825892217,1022.4,126.54169273405505,5,1,03:55
L405S-115,240,68.64,1.3296616110875783,907.2,136.18810520746663,5,1,04:00
L405S-115,245,68.64,1.110405331399312,931.2,41.2213536895624,5,1,04:05
L405S-115,250,68.66,1.2680693987317904,1065.6,145.09583040184168,5,1,04:10
L405S-115,255,68.38,1.391761473816535,1272.0,116.96153213770756,5,1,04:15
L405S-115,260,68.74,1.494322589001458,1480.8,89.2367637243754,5,1,04:20
L405S-115,265,69.16,1.9269146322554123,1814.4,95.01999789517996,5,1,04:25
L405S-115,270,68.97999999999999,1.8376615575235895,2181.6,178.87649370445519,5,1,04:30
L405S-115,275,69.02000000000001,1.9460215826141254,2253.6,102.6683982537957,5,1,04:35
L405S-115,280,69.62,1.9136352839556428,2647.2,150.5031561130862,5,1,04:40
L405S-115,285,69.52,2.264287967551824,2810.4,320.3573005255226,5,1,04:45
L405S-115,290,69.2,2.4566236993076473,2884.8,134.32497906197497,5,1,04:50
L405S-115,295,69.34,3.24853813276064,2364.0,163.21764610482532,5,1,04:55
L405S-115,300,69.34,2.9228410836034273,2220.0,58.172158288995945,5,1,05:00
L405S-115,305,69.48,3.705671329192584,2397.6,230.10606250162118,5,1,05:05
L405S-115,310,69.61999999999999,3.4339481650135597,2724.0,130.90454537562857,5,1,05:10
L405S-115,315,69.64,3.878530649614618,3206.4,127.67458635139572,5,1,05:15
L405S-115,320,70.1,3.870400496072726,3453.6,321.81485360374523,5,1,05:20
L405S-115,325,69.92,3.7831204051681984,3820.8,114.34684079588732,5,1,05:25
L405S-115,330,70.35999999999999,3.4573110938994214,4104.0,180.3995565404749,5,1,05:30
L405S-115,335,68.8,4.260281680828157,4886.4,226.00176990457396,5,1,05:35
L405S-115,340,69.4,3.950316443020734,5596.8,434.4596644108634,5,1,05:40
L405S-115,345,69.06,3.5599157293396724,6076.8,445.66714036374725,5,1,05:45
L405S-115,350,69.1,3.503569608270974,6196.8,432.96558754709366,5,1,05:50
L405S-115,355,68.92,4.146926572776518,5467.2,347.6480979381305,5,1,05:55
L405S-115,360,67.66,3.0859358386071394,5728.8,502.9703768613019,5,1,06:00
L405S-115,365,67.26,2.4582514110643796,5810.4,339.45367872509496,5,1,06:05
L405S-115,370,65.24,1.4081903280451864,6494.4,540.4931081891793,5,1,06:10
L405S-115,375,63.84000000000001,1.7657859439920771,7147.2,592.5497447472237,5,1,06:15
L405S-115,380,62.65999999999999,2.6838405317753113,7720.8,790.2070614718651,5,1,06:20
L405S-115,385,58.44,7.161564074976919,7826.4,640.1974695357676,5,1,06:25
L405S-115,390,54.739999999999995,6.964050545479976,8220.0,205.58210038814178,5,1,06:30
L405S-115,395,48.160000000000004,8.282692798842655,7790.4,686.1754877580516,5,1,06:35
L405S-115,400,39.54,10.944542018741581,7020.0,889.781995771998,5,1,06:40
L405S-115,405,35.839999999999996,13.183057308530522,6763.2,767.4185298779279,5,1,06:45
L405S-115,410,32.28,15.912008044241304,6127.2,791.8454394640409,5,1,06:50
L405S-115,415,33.0,16.449468076506307,6446.4,731.7737355221217,5,1,06:55
L405S-115,420,32.160000000000004,17.299075119786025,6278.4,526.525213071511,5,1,07:00
L405S-115,425,30.9,18.313383084509535,5940.0,1153.2493225664605,5,1,07:05
L405S-115,430,27.7,18.792684746996635,5241.6,1309.6338419573617,5,1,07:10
L405S-115,435,28.119999999999997,18.191124209350008,5952.0,1051.798459782101,5,1,07:15
L405S-115,440,27.080000000000002,19.03265614673895,5553.6,1109.4777149632164,5,1,07:20
L405S-115,445,25.920000000000005,19.755682726749786,5092.8,1279.6355731222855,5,1,07:25
L405S-115,450,25.22,20.176273194026688,5205.6,1414.8402029911363,5,1,07:30
L405S-115,455,25.44,19.61346476275928,5469.6,1472.5911856316402,5,1,07:35
L405S-115,460,24.94,20.069205265779708,4833.6,1239.9954838627436,5,1,07:40
L405S-115,465,27.920000000000005,21.40074765049109,4677.6,1104.4368700835732,5,1,07:45
L405S-115,470,29.140000000000004,23.9205560136047,4348.8,887.33488604923,5,1,07:50
L405S-115,475,30.340000000000003,25.28256316119867,4749.6,1131.1042392281977,5,1,07:55
L405S-115,480,30.48,26.936165280158196,4341.6,1344.6801850254208,5,1,08:00
L405S-115,485,30.72,26.383460728266865,4651.2,968.3115201214948,5,1,08:05
L405S-115,490,31.639999999999997,26.378172794945446,5328.0,1180.7963414577468,5,1,08:10
L405S-115,495,31.139999999999997,25.938157220589126,4852.8,1136.8250525036822,5,1,08:15
L405S-115,500,28.4,23.17531013816212,4761.6,1423.540937240654,5,1,08:20
L405S-115,505,26.68,21.925601474075915,4756.8,957.3563599830525,5,1,08:25
L405S-115,510,25.759999999999998,20.81977425429968,5064.0,1118.481112938435,5,1,08:30
L405S-115,515,26.2,21.476498783554078,5102.4,625.9239570427067,5,1,08:35
L405S-115,520,26.0,21.382118697640795,5042.4,1425.4616094444634,5,1,08:40
L405S-115,525,25.860000000000003,21.101611312883193,4980.0,1384.8436734880945,5,1,08:45
L405S-115,530,25.98,20.809781353969097,4629.6,1087.2887381004182,5,1,08:50
L405S-115,535,27.04,20.628814798722686,5028.0,1226.5268036206955,5,1,08:55
L405S-115,540,30.079999999999995,19.56494313817446,4886.4,541.5577531528841,5,1,09:00
L405S-115,545,36.5,19.974734040782618,4948.8,953.8150764168073,5,1,09:05
L405S-115,550,41.56,20.568009140410258,4922.4,595.0838596366062,5,1,09:10
L405S-115,555,43.260000000000005,21.71642235728528,5546.4,830.708613173115,5,1,09:15
L405S-115,560,46.86,20.28381127894854,5464.8,1143.8335543251037,5,1,09:20
L405S-115,565,50.54,18.477905725487396,5851.2,941.5451130986768,5,1,09:25
L405S-115,570,52.56,17.56738455206124,6175.2,436.69119523983994,5,1,09:30
L405S-115,575,54.06,15.776659976053232,6590.4,420.2056639313658,5,1,09:35
L405S-115,580,53.419999999999995,18.631881279140863,6273.6,969.7900803782228,5,1,09:40
L405S-115,585,54.04,17.354192577011467,6648.0,204.88045294756648,5,1,09:45
L405S-115,590,54.8,14.623952953972465,6679.2,340.42796594874517,5,1,09:50
L405S-115,595,58.660000000000004,7.510525946962697,6242.4,212.53893760908844,5,1,09:55
L405S-115,600,60.18000000000001,4.253469172334507,6012.0,419.14198071775155,5,1,10:00
L405S-115,605,61.3,3.147220996371245,5808.0,166.4932431061393,5,1,10:05
L405S-115,610,61.660000000000004,2.7153268679847753,5997.6,346.9017151874576,5,1,10:10
L405S-115,615,61.85999999999999,2.375499947379498,6391.2,575.0366944813175,5,1,10:15
L405S-115,620,61.75999999999999,3.211385993617087,6160.8,322.3960297522288,5,1,10:20
L405S-115,625,61.94,2.557928849675063,6480.0,245.92681838303037,5,1,10:25
L405S-115,630,61.919999999999995,2.5203174403237387,6122.4,608.779763132777,5,1,10:30
L405S-115,635,61.620000000000005,2.6612027356065937,6496.8,227.14576817541635,5,1,10:35
L405S-115,640,60.9,1.9157244060668022,6926.4,891.1323134080595,5,1,10:40
L405S-115,645,61.11999999999999,2.0849460424672905,6854.4,548.9524569577952,5,1,10:45
L405S-115,650,61.11999999999999,1.7239489551607967,6336.0,606.4453808876773,5,1,10:50
L405S-115,655,60.61999999999999,1.8673510650116132,6376.8,499.01823613972266,5,1,10:55
L405S-115,660,60.7,1.9811612756158967,5786.4,436.7571407544472,5,1,11:00
L405S-115,665,60.760000000000005,2.7862160720231266,6081.6,383.84997069167525,5,1,11:05
L405S-115,670,60.760000000000005,2.440901472816953,6165.6,560.7609116192033,5,1,11:10
L405S-115,675,61.160000000000004,2.181284025522586,6228.0,389.30707674020005,5,1,11:15
L405S-115,680,61.14,2.5696303236068823,6163.2,560.0028571355685,5,1,11:20
L405S-115,685,60.44,2.6311594402468255,6607.2,627.3142753038544,5,1,11:25
L405S-115,690,60.32000000000001,2.6051871333936854,6182.4,707.1554284596846,5,1,11:30
L405S-115,695,60.0,2.818687637891077,6664.8,395.59979777547915,5,1,11:35
L405S-115,700,60.3,3.1670175244226266,6264.0,446.183818621877,5,1,11:40
L405S-115,705,60.32000000000001,3.0744105126023786,6165.6,754.6368663138581,5,1,11:45
L405S-115,710,60.08,3.1300159744001252,6319.2,711.1759276016027,5,1,11:50
L405S-115,715,60.1,2.7504545078950122,6326.4,791.381576737796,5,1,11:55
L405S-115,720,60.48,3.081720298794168,5640.0,532.278122789205,5,1,12:00
L405S-115,725,60.67999999999999,3.4795114599610057,5911.2,616.2557910478408,5,1,12:05
L405S-115,730,60.519999999999996,3.4672755875470846,6004.8,725.0125516154875,5,1,12:10
L405S-115,735,60.019999999999996,3.217452408350432,6412.8,310.91349279180537,5,1,12:15
L405S-115,740,60.06,3.824003138074025,6225.6,514.7006897217061,5,1,12:20
L405S-115,745,59.8,3.9025632602175717,6396.0,778.7066199795659,5,1,12:25
L405S-115,750,59.58,3.577289476684828,6458.4,536.3476484520093,5,1,12:30
L405S-115,755,59.86,2.851841510322758,6211.2,716.7225404576028,5,1,12:35
L405S-115,760,59.46,3.036939248651511,6643.2,497.9349355086466,5,1,12:40
L405S-115,765,59.379999999999995,3.745263675630859,6496.8,756.4094129504206,5,1,12:45
L405S-115,770,59.9,4.41361529814278,5868.0,667.4308952992811,5,1,12:50
L405S-115,775,59.56,4.982268559602137,6074.4,555.9251748212164,5,1,12:55
L405S-115,780,59.86,4.093042877859937,5709.6,725.8462647145054,5,1,13:00
L405S-115,785,60.64,3.587199464763563,5877.6,536.6160638668954,5,1,13:05
L405S-115,790,60.14,3.600416642556804,5952.0,666.6753332770007,5,1,13:10
L405S-115,795,60.56,2.772724292099736,6648.0,264.27258654654287,5,1,13:15
L405S-115,800,60.279999999999994,2.8021420377989434,6381.6,277.2233756377697,5,1,13:20
L405S-115,805,60.8,2.323790007724448,6552.0,567.3728932545156,5,1,13:25
L405S-115,810,60.839999999999996,2.1870070873227605,6424.8,705.1263716526279,5,1,13:30
L405S-115,815,60.5,2.471841418861653,6540.0,253.56655930938527,5,1,13:35
L405S-115,820,60.260000000000005,2.626404386228447,6628.8,698.3030860593414,5,1,13:40
L405S-115,825,60.260000000000005,2.820106380972179,6506.4,564.7909347714427,5,1,13:45
L405S-115,830,60.3,3.05286750449475,6309.6,528.3680535384401,5,1,13:50
L405S-115,835,59.6,3.8865151485617506,6211.2,591.0898408871532,5,1,13:55
L405S-115,840,59.82000000000001,4.025170803829323,5882.4,330.6430099064549,5,1,14:00
L405S-115,845,61.160000000000004,1.843366485536725,5457.6,357.9340721417842,5,1,14:05
L405S-115,850,58.06,5.6932416073797505,6103.2,470.5010095632102,5,1,14:10
L405S-115,855,60.02,3.3282127335854006,6136.8,693.6477492214618,5,1,14:15
L405S-115,860,60.98,2.5173398658107313,6213.6,258.5436133421206,5,1,14:20
L405S-115,865,61.4,2.5109759058979453,6036.0,508.8339611307406,5,1,14:25
L405S-115,870,61.839999999999996,1.8849403173575523,6036.0,443.9189115142539,5,1,14:30
L405S-115,875,61.52,1.9447364860052336,6705.6,636.5884070574957,5,1,14:35
L405S-115,880,61.120000000000005,1.6513630733427467,6734.4,596.7753346109405,5,1,14:40
L405S-115,885,60.220000000000006,1.3255187663703587,7236.0,614.2898338732296,5,1,14:45
L405S-115,890,59.779999999999994,1.8226354544998877,6775.2,565.1859870874366,5,1,14:50
L405S-115,895,59.05999999999999,2.5025986494042534,6309.6,768.3467967005523,5,1,14:55
L405S-115,900,60.17999999999999,3.0128060010561573,6597.6,491.3703287745404,5,1,15:00
L405S-115,905,61.55999999999999,2.6197328108034204,6405.6,609.193565297599,5,1,15:05
L405S-115,910,62.17999999999999,2.2196846622887656,6573.6,435.1882351350964,5,1,15:10
L405S-115,915,62.879999999999995,2.9269437985721556,6849.6,574.5857638333897,5,1,15:15
L405S-115,920,63.2,2.7413500323745636,6864.0,740.1189093652451,5,1,15:20
L405S-115,925,63.8,2.5573423705088847,6638.4,637.6055206787345,5,1,15:25
L405S-115,930,63.46,2.5045957757690127,6504.0,441.316213162399,5,1,15:30
L405S-115,935,63.7,2.2461077445216215,6559.2,503.6856162329832,5,1,15:35
L405S-115,940,63.56,2.5996153561632926,6960.0,263.59059163786554,5,1,15:40
L405S-115,945,63.4,2.3832750575626016,7039.2,538.2371224655543,5,1,15:45
L405S-115,950,63.7,2.431049156228645,6537.6,526.4568358374692,5,1,15:50
L405S-115,955,63.239999999999995,2.3511699215496877,6578.4,435.10550444691006,5,1,15:55
L405S-115,960,63.279999999999994,2.6071056748816326,6549.6,519.7122280647242,5,1,16:00
L405S-115,965,63.879999999999995,2.410808992848667,6518.4,562.8115137415012,5,1,16:05
L405S-115,970,64.0,2.4698178070456938,6506.4,441.593478212711,5,1,16:10
L405S-115,975,63.46,2.64064386087939,6580.8,491.75115658226974,5,1,16:15
L405S-115,980,62.7,3.0454884665682167,6494.4,459.3351717428136,5,1,16:20
L405S-115,985,62.82000000000001,2.4873680869545596,6549.6,779.5106157070601,5,1,16:25
L405S-115,990,62.48,2.440696621868442,6638.4,537.0854680588557,5,1,16:30
L405S-115,995,61.94,2.917704577231905,6684.0,724.0386730002756,5,1,16:35
L405S-115,1000,60.98,3.7585901612173696,6955.2,663.9481907498506,5,1,16:40
L405S-115,1005,60.4,3.847726601514193,6772.8,470.04170027775194,5,1,16:45
L405S-115,1010,60.98,3.625879203724252,6614.4,484.50882344906785,5,1,16:50
L405S-115,1015,61.35999999999999,3.7286726860908574,6511.2,365.02493065542797,5,1,16:55
L405S-115,1020,61.6,3.3068111527572897,6626.4,389.2515895921301,5,1,17:00
L405S-115,1025,62.04,3.236973895477074,6338.4,341.2518131819961,5,1,17:05
L405S-115,1030,61.8,2.7739863013360417,6552.0,660.1636160831647,5,1,17:10
L405S-115,1035,61.3,2.774887385102324,6871.2,597.269788286667,5,1,17:15
L405S-115,1040,61.339999999999996,3.3834893231692074,6796.8,732.9633005819596,5,1,17:20
L405S-115,1045,60.48,4.2180564244685,6729.6,214.8971847186463,5,1,17:25
L405S-115,1050,60.4,4.005621050473943,6556.8,604.5189823322341,5,1,17:30
L405S-115,1055,59.94,4.065464303127014,6832.8,493.79671930866454,5,1,17:35
L405S-115,1060,60.2,2.7064737205448792,6799.2,470.73049614402504,5,1,17:40
L405S-115,1065,60.96,2.5764316408552337,6496.8,293.2766611921242,5,1,17:45
L405S-115,1070,60.6,2.57778975093005,6662.4,590.4682887336119,5,1,17:50
L405S-115,1075,61.620000000000005,2.7480902459708303,6160.8,311.953842739595,5,1,17:55
L405S-115,1080,61.78000000000001,3.158638947394908,6098.4,232.28603057437616,5,1,18:00
L405S-115,1085,62.160000000000004,3.370163200796067,6148.8,537.5678561818963,5,1,18:05
L405S-115,1090,61.1,2.5884358211089573,6369.6,564.7909347714425,5,1,18:10
L405S-115,1095,61.239999999999995,2.9415982050579195,6076.8,747.7935543985385,5,1,18:15
L405S-115,1100,62.0,2.593260495977991,5952.0,715.2342273689088,5,1,18:20
L405S-115,1105,61.78000000000001,3.4952825350749483,5896.8,677.4209917030915,5,1,18:25
L405S-115,1110,62.339999999999996,4.221137287509131,5925.6,690.3077574531521,5,1,18:30
L405S-115,1115,62.71999999999999,3.0540137524248334,5932.8,611.7411217173486,5,1,18:35
L405S-115,1120,62.55999999999999,3.6370317568038915,5762.4,244.66466847503756,5,1,18:40
L405S-115,1125,62.67999999999999,3.6410163416277053,5640.0,678.1327303706848,5,1,18:45
L405S-115,1130,63.0,4.223150482755735,5368.8,778.641894583126,5,1,18:50
L405S-115,1135,63.220000000000006,4.803332176728979,5222.4,641.882232189052,5,1,18:55
L405S-115,1140,63.14,4.516414507106276,5152.8,571.64604433163,5,1,19:00
L405S-115,1145,64.64,3.5302974378938683,5138.4,573.3941053062894,5,1,19:05
L405S-115,1150,65.14000000000001,3.049262205845866,5011.2,773.3532181351546,5,1,19:10
L405S-115,1155,65.24,3.441366007852116,4956.0,567.2459783903277,5,1,19:15
L405S-115,1160,65.67999999999999,2.669644171046026,5210.4,526.4568358374693,5,1,19:20
L405S-115,1165,66.06,3.0745731411043,4569.6,576.4623144664358,5,1,19:25
L405S-115,1170,64.32,4.629470812090729,4960.8,807.5117336608799,5,1,19:30
L405S-115,1175,66.02000000000001,3.1252199922565507,4956.0,288.62432329933665,5,1,19:35
L405S-115,1180,66.03999999999999,2.2367386973001584,4783.2,535.8910336999492,5,1,19:40
L405S-115,1185,66.36,3.16670175419158,4476.0,576.5622256096908,5,1,19:45
L405S-115,1190,66.44,2.4016660883644905,4389.6,543.2170836783393,5,1,19:50
L405S-115,1195,66.6,2.425901894141638,4452.0,778.8452991448302,5,1,19:55
L405S-115,1200,66.85999999999999,2.9466930617219003,4281.6,687.4858543999287,5,1,20:00
L405S-115,1205,66.92,1.9136352839556443,4228.8,475.2212116477967,5,1,20:05
L405S-115,1210,67.64,1.9539703170723992,4000.8,454.9408752794147,5,1,20:10
L405S-115,1215,67.44,2.1102132593650396,4245.6,525.2245234183188,5,1,20:15
L405S-115,1220,67.28,2.581085043155304,4017.6,366.48165029097976,5,1,20:20
L405S-115,1225,67.56,2.503597411725776,4080.0,435.73386372876735,5,1,20:25
L405S-115,1230,67.28,2.070507184242545,4065.6,531.5607208964936,5,1,20:30
L405S-115,1235,66.85999999999999,1.9346834366376293,4003.2,284.55438847433015,5,1,20:35
L405S-115,1240,67.1,2.0432816741702555,3967.2,604.6380735613662,5,1,20:40
L405S-115,1245,66.74,1.7980545041794456,3758.4,443.22093813356787,5,1,20:45
L405S-115,1250,67.35999999999999,1.6786899654194616,3667.2,645.6401474505749,5,1,20:50
L405S-115,1255,67.76,1.6334013591276346,3451.2,750.3407226054042,5,1,20:55
L405S-115,1260,68.66,1.7896927110540484,3482.4,424.21315396861513,5,1,21:00
L405S-115,1265,69.53999999999999,2.454180107490076,3588.0,410.19995124329307,5,1,21:05
L405S-115,1270,69.46000000000001,2.1337759957408813,3650.4,824.575527165341,5,1,21:10
L405S-115,1275,69.14,2.372340616353395,3422.4,855.4746051169491,5,1,21:15
L405S-115,1280,69.38,2.6808580715882724,3585.6,572.703064423441,5,1,21:20
L405S-115,1285,69.42,2.382645588416364,3655.2,602.6700589875028,5,1,21:25
L405S-115,1290,69.47999999999999,2.193627133311398,3616.8,902.3808508606552,5,1,21:30
L405S-115,1295,69.78,1.9070920271449943,3628.8,664.5443551787946,5,1,21:35
L405S-115,1300,69.6,1.815213486067135,3405.6,835.7205274492186,5,1,21:40
L405S-115,1305,70.26,1.8392933425639317,3300.0,653.2564580622224,5,1,21:45
L405S-115,1310,69.78,1.2696456198483113,3172.8,528.586038408129,5,1,21:50
L405S-115,1315,70.1,1.62326830807479,2767.2,498.15178409797954,5,1,21:55
L405S-115,1320,69.32,1.1541230437002807,2889.6,680.1152843452351,5,1,22:00
L405S-115,1325,68.9,1.9962464777677085,2788.8,465.1915734404483,5,1,22:05
L405S-115,1330,69.24,2.5165452509342936,2666.4,391.0048593048429,5,1,22:10
L405S-115,1335,69.61999999999999,2.2664950915455417,2748.0,419.22786166952216,5,1,22:15
L405S-115,1340,69.62,1.9537144110642146,2654.4,375.41017567455464,5,1,22:20
L405S-115,1345,69.02,1.8061007723823221,2632.8,448.72619714030515,5,1,22:25
L405S-115,1350,69.03999999999999,1.4275853739794409,2505.6,374.4499966617706,5,1,22:30
L405S-115,1355,70.11999999999999,0.9148770409186098,2493.6,404.49079099529575,5,1,22:35
L405S-115,1360,70.02000000000001,2.144061566280216,2476.8,480.0449978908227,5,1,22:40
L405S-115,1365,69.7,2.498999799919956,2383.2,491.01853325511047,5,1,22:45
L405S-115,1370,69.74,1.6876018487783222,2234.4,432.61622715751196,5,1,22:50
L405S-115,1375,70.02000000000001,1.5172343260024221,2174.4,599.7239364907824,5,1,22:55
L405S-115,1380,69.92,2.2095248357961585,1944.0,320.3123475609393,5,1,23:00
L405S-115,1385,70.42,1.4720733677368154,1936.8,404.6865453656694,5,1,23:05
L405S-115,1390,70.14,1.6979399282660121,1898.4,444.1134990067291,5,1,23:10
L405S-115,1395,70.1,1.6941074346097376,1747.2,222.17830677183585,5,1,23:15
L405S-115,1400,69.91999999999999,0.7395944834840301,1948.8,556.5206195640912,5,1,23:20
L405S-115,1405,69.53999999999999,1.2054044964243336,1814.4,362.53110211401173,5,1,23:25
L405S-115,1410,69.75999999999999,1.277888884058389,1725.6,384.2249341206268,5,1,23:30
L405S-115,1415,70.02000000000001,1.6315636671610398,1759.2,262.98897315286814,5,1,23:35
L405S-115,1420,69.35999999999999,1.4638989036132275,1699.2,587.4242078770674,5,1,23:40
L405S-115,1425,69.36,1.0691117808723327,1509.6,425.23029054854504,5,1,23:45
L405S-115,1430,69.38,1.2316655390161728,1495.2,382.45940961100695,5,1,23:50
L405S-115,1435,68.88,1.2316655390161746,1428.0,289.2472990366548,5,1,23:55
