period,link_id,corridor,tmc_code,lanes,period_hours,V_assign_veh,lower_bound_veh,upper_bound_veh,inside_window,below_lower,above_upper,V_over_lower,V_over_upper,queued_bins,pinned_by_queue_veh,absorbed_by_free_bins_veh,share_pinned,mu_free_vph,bins_clipped_at_mu_free,volume_not_placed_veh,share_not_placed,V_assign_vphpl
AM,25785,I66_WB,110P04171,4,3.0,0.0,0.0,24000.0,True,False,False,,0.0,0,0.0,0.0,,8000.0,0,0.0,,0.0
AM,25946,I66_WB,110+04164,3,3.0,4790.2311,0.0,17100.0,True,False,False,,0.2801304736842105,0,0.0,4790.2311,0.0,5700.0,0,0.0,0.0,532.2479
AM,25947,I66_EB,110N04162,2,3.0,5110.3786,0.0,11400.0,True,False,False,,0.4482788245614035,0,0.0,5110.3786,0.0,3800.0,0,0.0,0.0,851.7297666666667
AM,25966,I66_WB,110+04166,2,3.0,0.0,0.0,12000.0,True,False,False,,0.0,0,0.0,0.0,,4000.0,0,0.0,,0.0
AM,25972,I66_WB,110+04165,2,3.0,0.0,0.0,12000.0,True,False,False,,0.0,0,0.0,0.0,,4000.0,0,0.0,,0.0
AM,26055,I66_WB,110P04167,2,3.0,0.0,4491.672788592321,11491.672788592321,False,True,False,0.0,0.0,5,4485.161569592347,-4485.161569592347,,4000.0,0,0.0,,0.0
AM,26101,I66_WB,110P04168,3,3.0,0.0,7733.136637858684,16733.136637858683,False,True,False,0.0,0.0,6,7694.603725029461,-7694.603725029461,,6000.0,0,0.0,,0.0
AM,26177,I66_WB,110P04170,3,3.0,0.0,0.0,18000.0,True,False,False,,0.0,0,0.0,0.0,,6000.0,0,0.0,,0.0
AM,26269,I395_NB,110P04127,3,3.0,19515.4687,0.0,17100.0,False,False,True,,1.1412554795321639,0,0.0,19515.4687,0.0,5700.0,12,2415.468700000004,0.1237720055373307,2168.3854111111114
AM,26271,I395_NB,110P04127,3,3.0,20879.6243,0.0,17100.0,False,False,True,,1.2210306608187134,0,0.0,20879.6243,0.0,5700.0,12,3779.624300000002,0.18101974660530662,2319.9582555555558
AM,26274,I395_NB,110+04670,3,3.0,14006.3108,0.0,17100.0,True,False,False,,0.8190825029239766,0,0.0,14006.3108,0.0,5700.0,0,0.0,0.0,1556.2567555555554
AM,26297,I395_NB,110P04128,3,3.0,10549.4845,8567.133247776828,15692.133247776828,True,False,False,1.231390267302962,0.6722785445053872,7,8562.648937565367,1986.8355624346332,0.8116651517489188,5700.0,0,0.0,0.0,1172.1649444444445
AM,26299,I66_WB,110P04166,3,3.0,0.0,7243.3048418970775,17743.30484189708,False,True,False,0.0,0.0,5,7239.2511683658195,-7239.2511683658195,,6000.0,0,0.0,,0.0
AM,26304,I66_WB,110P04164,2,3.0,0.0,0.0,12000.0,True,False,False,,0.0,0,0.0,0.0,,4000.0,0,0.0,,0.0
AM,26313,I66_WB,110P04162,2,3.0,4782.5354,0.0,11400.0,True,False,False,,0.419520649122807,0,0.0,4782.5354,0.0,3800.0,0,0.0,0.0,797.0892333333333
AM,26354,I66_WB,110P04165,2,3.0,0.0,0.0,12000.0,True,False,False,,0.0,0,0.0,0.0,,4000.0,0,0.0,,0.0
AM,26359,I66_WB,110+04167,3,3.0,0.0,8571.326743956746,17571.326743956746,False,True,False,0.0,0.0,6,8487.86173724447,-8487.86173724447,,6000.0,0,0.0,,0.0
AM,26370,I66_WB,110+04169,3,3.0,0.0,8775.625825701298,16275.625825701298,False,True,False,0.0,0.0,7,9042.854295982404,-9042.854295982404,,6000.0,0,0.0,,0.0
AM,26380,I66_WB,110+04166,2,3.0,0.0,0.0,12000.0,True,False,False,,0.0,0,0.0,0.0,,4000.0,0,0.0,,0.0
AM,26423,I395_NB,110+04126,4,3.0,20783.8675,0.0,22800.0,True,False,False,,0.9115731359649123,0,0.0,20783.8675,0.0,7600.0,0,0.0,0.0,1731.9889583333334
AM,26424,I395_NB,110+04127,4,3.0,17654.8321,0.0,22800.0,True,False,False,,0.7743347412280701,0,0.0,17654.8321,0.0,7600.0,0,0.0,0.0,1471.2360083333333
AM,26469,I395_NB,110P04130,6,3.0,18826.7118,28463.097160463072,28463.097160463072,False,True,False,0.6614428392617588,0.6614428392617588,12,30045.47474141931,-11218.76294141931,1.5958960364719297,11400.0,0,0.0,0.0,1045.9284333333333
AM,26471,I395_SB,110N04129,3,3.0,8896.3266,0.0,17100.0,True,False,False,,0.5202530175438597,0,0.0,8896.3266,0.0,5700.0,0,0.0,0.0,988.4807333333333
AM,26501,I395_NB,110+04130,3,3.0,10677.7245,13081.48197661338,14506.48197661338,False,True,False,0.8162473119704071,0.7360657475199079,11,13596.434302924315,-2918.709802924315,1.273345674251505,5700.0,0,0.0,0.0,1186.4138333333333
AM,26684,I395_SB,110-04127,3,3.0,6088.4824,0.0,17100.0,True,False,False,,0.35605160233918126,0,0.0,6088.4824,0.0,5700.0,0,0.0,0.0,676.4980444444444
AM,26699,I395_SB,110N04127,3,3.0,8531.1348,0.0,17100.0,True,False,False,,0.49889677192982457,0,0.0,8531.1348,0.0,5700.0,0,0.0,0.0,947.9038666666667
AM,26708,I395_NB,110+04125,4,3.0,21048.796,0.0,22800.0,True,False,False,,0.9231928070175438,0,0.0,21048.796,0.0,7600.0,0,0.0,0.0,1754.0663333333332
AM,26712,I395_SB,110N04130,6,3.0,14023.747,0.0,34200.0,True,False,False,,0.41005108187134504,0,0.0,14023.747,0.0,11400.0,0,0.0,0.0,779.0970555555555
AM,26756,I395_NB,110P04124,4,3.0,21048.796,16552.473283693766,22252.473283693766,True,False,False,1.2716405360844574,0.9459081573383664,9,16709.216375473152,4339.579624526847,0.7938324061610532,7600.0,0,0.0,0.0,1754.0663333333332
AM,26759,I395_SB,110N04124,4,3.0,11440.7239,0.0,22800.0,True,False,False,,0.5017861359649123,0,0.0,11440.7239,0.0,7600.0,0,0.0,0.0,953.3936583333334
AM,26761,I395_NB,110P04125,4,3.0,19563.1224,0.0,22800.0,True,False,False,,0.8580316842105263,0,0.0,19563.1224,0.0,7600.0,0,0.0,0.0,1630.2602
AM,26764,I395_SB,110-04124,4,3.0,11440.7239,0.0,22800.0,True,False,False,,0.5017861359649123,0,0.0,11440.7239,0.0,7600.0,0,0.0,0.0,953.3936583333334
AM,26768,I395_NB,110P04125,4,3.0,20783.8675,0.0,22800.0,True,False,False,,0.9115731359649123,0,0.0,20783.8675,0.0,7600.0,0,0.0,0.0,1731.9889583333334
AM,26772,I395_SB,110N04125,4,3.0,10051.0644,0.0,22800.0,True,False,False,,0.4408361578947368,0,0.0,10051.0644,0.0,7600.0,0,0.0,0.0,837.5886999999999
AM,26776,I395_SB,110N04125,4,3.0,11157.4341,0.0,22800.0,True,False,False,,0.4893611447368421,0,0.0,11157.4341,0.0,7600.0,0,0.0,0.0,929.7861750000001
AM,26778,I395_NB,110P04126,4,3.0,17263.8016,0.0,22800.0,True,False,False,,0.7571842807017544,0,0.0,17263.8016,0.0,7600.0,0,0.0,0.0,1438.6501333333333
AM,26781,I395_SB,110-04125,4,3.0,11157.4341,0.0,22800.0,True,False,False,,0.4893611447368421,0,0.0,11157.4341,0.0,7600.0,0,0.0,0.0,929.7861750000001
AM,26785,I395_NB,110+04127,4,3.0,17654.8321,0.0,24000.0,True,False,False,,0.7356180041666667,0,0.0,17654.8321,0.0,8000.0,0,0.0,0.0,1471.2360083333333
AM,26788,I395_SB,110N04126,4,3.0,9694.4775,0.0,22800.0,True,False,False,,0.4251963815789474,0,0.0,9694.4775,0.0,7600.0,0,0.0,0.0,807.8731250000001
AM,26792,I395_SB,110N04126,4,3.0,10003.9372,0.0,22800.0,True,False,False,,0.4387691754385965,0,0.0,10003.9372,0.0,7600.0,0,0.0,0.0,833.6614333333333
AM,26796,I395_SB,110-04126,4,3.0,10003.9372,0.0,22800.0,True,False,False,,0.4387691754385965,0,0.0,10003.9372,0.0,7600.0,0,0.0,0.0,833.6614333333333
AM,26799,I395_SB,110N04127,3,3.0,11577.5026,0.0,17100.0,True,False,False,,0.6770469356725146,0,0.0,11577.5026,0.0,5700.0,0,0.0,0.0,1286.3891777777778
AM,26810,I395_SB,110N04127,4,3.0,11850.7967,0.0,22800.0,True,False,False,,0.5197717850877194,0,0.0,11850.7967,0.0,7600.0,0,0.0,0.0,987.5663916666667
AM,26814,I395_SB,110N04127,4,3.0,11850.7967,0.0,22800.0,True,False,False,,0.5197717850877194,0,0.0,11850.7967,0.0,7600.0,0,0.0,0.0,987.5663916666667
AM,26821,I395_SB,110N04127,3,3.0,8531.1348,0.0,17100.0,True,False,False,,0.49889677192982457,0,0.0,8531.1348,0.0,5700.0,0,0.0,0.0,947.9038666666667
AM,26824,I395_SB,110N04670,3,3.0,6107.9833,0.0,17100.0,True,False,False,,0.3571920058479532,0,0.0,6107.9833,0.0,5700.0,0,0.0,0.0,678.6648111111111
AM,26825,I395_NB,110+04129,3,3.0,10549.4845,9846.119655292889,15546.119655292889,True,False,False,1.071435740101839,0.6785927764558459,8,10387.913413673608,161.5710863263921,0.9846844567309054,5700.0,0,0.0,0.0,1172.1649444444445
AM,26829,I395_SB,110N04128,3,3.0,6107.9833,0.0,17100.0,True,False,False,,0.3571920058479532,0,0.0,6107.9833,0.0,5700.0,0,0.0,0.0,678.6648111111111
AM,26833,I395_SB,110-04128,3,3.0,8343.271,0.0,17100.0,True,False,False,,0.4879105847953217,0,0.0,8343.271,0.0,5700.0,0,0.0,0.0,927.0301111111112
AM,27878,I395_NB,110+04124,4,3.0,20103.025,15923.37640031551,21623.37640031551,True,False,False,1.2624850719224143,0.9296894540348785,9,16073.181147657255,4029.8438523427467,0.7995404247697674,7600.0,0,0.0,0.0,1675.2520833333335
AM,28025,I395_NB,110+04123,4,3.0,20739.0721,15402.722206646513,21102.72220664651,True,False,False,1.3464549851487142,0.9827676210165921,9,15691.453479206943,5047.618620793059,0.756613092598629,7600.0,0,0.0,0.0,1728.2560083333335
AM,28270,I395_NB,110P04122,4,3.0,17341.5865,14653.689601901131,22253.689601901133,True,False,False,1.1834279946635522,0.7792679241162108,8,14693.8401787753,2647.746321224702,0.8473181031490572,7600.0,0,0.0,0.0,1445.1322083333334
AM,28275,I395_NB,110P04122,4,3.0,20739.0721,14653.689601901131,22253.689601901133,True,False,False,1.4152798826385247,0.9319385895554264,8,14677.856316763382,6061.215783236619,0.707739297399105,7600.0,0,0.0,0.0,1728.2560083333335
AM,28279,I395_SB,110N04122,4,3.0,10093.0049,0.0,22800.0,True,False,False,,0.4426756535087719,0,0.0,10093.0049,0.0,7600.0,0,0.0,0.0,841.0837416666667
AM,28283,I395_SB,110N04122,4,3.0,11900.946,0.0,22800.0,True,False,False,,0.5219713157894736,0,0.0,11900.946,0.0,7600.0,0,0.0,0.0,991.7455
AM,28285,I395_NB,110P04123,4,3.0,18598.3248,15818.598899808014,21518.598899808014,True,False,False,1.1757251649022924,0.8642906950677877,9,16146.85634590633,2451.4684540936687,0.8681887492311313,7600.0,0,0.0,0.0,1549.8603999999998
AM,28289,I395_SB,110-04122,4,3.0,12129.4074,0.0,22800.0,True,False,False,,0.5319915526315789,0,0.0,12129.4074,0.0,7600.0,0,0.0,0.0,1010.78395
AM,28294,I395_NB,110+04124,4,3.0,20103.025,15923.37640031551,21623.37640031551,True,False,False,1.2624850719224143,0.9296894540348785,9,16057.91944457491,4045.1055554250906,0.7987812503130702,7600.0,0,0.0,0.0,1675.2520833333335
AM,28298,I395_SB,110N04123,4,3.0,10164.0538,0.0,22800.0,True,False,False,,0.44579183333333333,0,0.0,10164.0538,0.0,7600.0,0,0.0,0.0,847.0044833333333
AM,28302,I395_SB,110N04123,4,3.0,11406.365,0.0,22800.0,True,False,False,,0.5002791666666666,0,0.0,11406.365,0.0,7600.0,0,0.0,0.0,950.5304166666666
AM,28303,I395_NB,110P04124,4,3.0,20050.9313,16552.473283693766,22252.473283693766,True,False,False,1.211355605675718,0.9010652903330517,9,16706.575455385457,3344.3558446145435,0.8332069570945793,7600.0,0,0.0,0.0,1670.9109416666668
AM,28307,I395_SB,110-04123,4,3.0,11406.365,0.0,22800.0,True,False,False,,0.5002791666666666,0,0.0,11406.365,0.0,7600.0,0,0.0,0.0,950.5304166666666
AM,28312,I395_SB,110N04124,4,3.0,10873.3907,0.0,22800.0,True,False,False,,0.47690310087719295,0,0.0,10873.3907,0.0,7600.0,0,0.0,0.0,906.1158916666667
AM,28705,I66_WB,110+04173,4,3.0,0.0,0.0,24000.0,True,False,False,,0.0,0,0.0,0.0,,8000.0,0,0.0,,0.0
AM,28712,I395_NB,110+04122,4,3.0,17616.3295,0.0,22800.0,True,False,False,,0.7726460307017544,0,0.0,17616.3295,0.0,7600.0,0,0.0,0.0,1468.0274583333332
AM,28724,I395_NB,110+04122,3,3.0,15379.2514,0.0,17100.0,True,False,False,,0.8993714269005848,0,0.0,15379.2514,0.0,5700.0,0,0.0,0.0,1708.8057111111111
AM,29007,I395_NB,110+04121,4,3.0,18404.501,17084.43771427529,21084.43771427529,True,False,False,1.0772670021572734,0.872895035163265,10,18689.88828657388,-285.3872865738813,1.015506385452878,8000.0,0,0.0,0.0,1533.7084166666666
AM,29361,I395_NB,110P04120,4,3.0,30148.9948,14001.490653787854,19701.490653787856,False,False,True,2.1532703585274136,1.5302900338763699,9,15384.624558153379,14764.370241846622,0.510286484183326,7600.0,3,9064.370241846622,0.3006524861600567,2512.4162333333334
AM,30296,I66_WB,110P04174,2,3.0,0.0,0.0,12000.0,True,False,False,,0.0,0,0.0,0.0,,4000.0,0,0.0,,0.0
AM,30317,I66_WB,110N58636,2,3.0,0.0,0.0,12000.0,True,False,False,,0.0,0,0.0,0.0,,4000.0,0,0.0,,0.0
AM,30949,I66_EB,110+58629,3,3.0,14016.1928,0.0,18000.0,True,False,False,,0.7786773777777778,0,0.0,14016.1928,0.0,6000.0,0,0.0,0.0,1557.3547555555558
AM,31338,I66_EB,110N04175,2,3.0,1678.3167,0.0,12000.0,True,False,False,,0.13985972500000002,0,0.0,1678.3167,0.0,4000.0,0,0.0,0.0,279.71945
AM,31343,I66_EB,110-04175,2,3.0,1102.6066,0.0,12000.0,True,False,False,,0.09188388333333333,0,0.0,1102.6066,0.0,4000.0,0,0.0,0.0,183.7677666666667
AM,31344,I66_EB,110+58635,4,3.0,15261.8913,0.0,22800.0,True,False,False,,0.669381197368421,0,0.0,15261.8913,0.0,7600.0,0,0.0,0.0,1271.824275
AM,31346,I66_WB,110-58634,2,3.0,4170.7384,0.0,12000.0,True,False,False,,0.34756153333333334,0,0.0,4170.7384,0.0,4000.0,0,0.0,0.0,695.1230666666667
AM,31347,I66_EB,110-04175,2,3.0,1102.6066,0.0,12000.0,True,False,False,,0.09188388333333333,0,0.0,1102.6066,0.0,4000.0,0,0.0,0.0,183.7677666666667
AM,31348,I66_EB,110+58635,4,3.0,15261.8913,0.0,22800.0,True,False,False,,0.669381197368421,0,0.0,15261.8913,0.0,7600.0,0,0.0,0.0,1271.824275
AM,31350,I66_WB,110-58634,2,3.0,4170.7384,0.0,12000.0,True,False,False,,0.34756153333333334,0,0.0,4170.7384,0.0,4000.0,0,0.0,0.0,695.1230666666667
AM,31351,I66_EB,110-04175,2,3.0,1102.6066,0.0,12000.0,True,False,False,,0.09188388333333333,0,0.0,1102.6066,0.0,4000.0,0,0.0,0.0,183.7677666666667
AM,31352,I66_WB,110-58633,2,3.0,4920.7948,0.0,12000.0,True,False,False,,0.4100662333333333,0,0.0,4920.7948,0.0,4000.0,0,0.0,0.0,820.1324666666666
AM,31353,I66_EB,110-04176,2,3.0,1441.2275,0.0,12000.0,True,False,False,,0.12010229166666667,0,0.0,1441.2275,0.0,4000.0,0,0.0,0.0,240.20458333333332
AM,31354,I66_WB,110+04178,4,3.0,9363.7247,0.0,22800.0,True,False,False,,0.41068967982456145,0,0.0,9363.7247,0.0,7600.0,0,0.0,0.0,780.3103916666668
AM,31355,I66_WB,110-58633,2,3.0,4920.7948,0.0,12000.0,True,False,False,,0.4100662333333333,0,0.0,4920.7948,0.0,4000.0,0,0.0,0.0,820.1324666666666
AM,31357,I66_EB,110-04177,4,3.0,15292.876,0.0,22800.0,True,False,False,,0.6707401754385965,0,0.0,15292.876,0.0,7600.0,0,0.0,0.0,1274.4063333333334
AM,31358,I66_WB,110+04178,4,3.0,9363.7247,0.0,22800.0,True,False,False,,0.41068967982456145,0,0.0,9363.7247,0.0,7600.0,0,0.0,0.0,780.3103916666668
AM,31359,I66_WB,110-58633,2,3.0,4920.7948,0.0,12000.0,True,False,False,,0.4100662333333333,0,0.0,4920.7948,0.0,4000.0,0,0.0,0.0,820.1324666666666
AM,31361,I66_EB,110-04177,4,3.0,15292.876,0.0,22800.0,True,False,False,,0.6707401754385965,0,0.0,15292.876,0.0,7600.0,0,0.0,0.0,1274.4063333333334
AM,31362,I66_WB,110-58633,2,3.0,4332.6488,0.0,12000.0,True,False,False,,0.3610540666666667,0,0.0,4332.6488,0.0,4000.0,0,0.0,0.0,722.1081333333333
AM,31365,I66_WB,110-58632,2,3.0,4936.431,0.0,12000.0,True,False,False,,0.41136924999999996,0,0.0,4936.431,0.0,4000.0,0,0.0,0.0,822.7384999999999
AM,31368,I66_WB,110+04179,4,3.0,9684.1039,0.0,24000.0,True,False,False,,0.4035043291666667,0,0.0,9684.1039,0.0,8000.0,0,0.0,0.0,807.0086583333333
AM,31369,I66_WB,110-58632,2,3.0,4936.431,0.0,12000.0,True,False,False,,0.41136924999999996,0,0.0,4936.431,0.0,4000.0,0,0.0,0.0,822.7384999999999
AM,31371,I66_EB,110-04178,4,3.0,17047.0493,17152.179988948054,21152.179988948054,False,True,False,0.9938707097864065,0.8059239902888037,10,18465.010975112764,-1417.961675112765,1.083179302773106,8000.0,0,0.0,0.0,1420.5874416666666
AM,31372,I66_WB,110+04179,4,3.0,9684.1039,0.0,22800.0,True,False,False,,0.424741399122807,0,0.0,9684.1039,0.0,7600.0,0,0.0,0.0,807.0086583333333
AM,31373,I66_WB,110-58632,2,3.0,4936.431,0.0,12000.0,True,False,False,,0.41136924999999996,0,0.0,4936.431,0.0,4000.0,0,0.0,0.0,822.7384999999999
AM,31375,I66_EB,110+58633,4,3.0,17047.0493,0.0,24000.0,True,False,False,,0.7102937208333333,0,0.0,17047.0493,0.0,8000.0,0,0.0,0.0,1420.5874416666666
AM,31376,I66_WB,110-58631,2,3.0,4486.4877,0.0,12000.0,True,False,False,,0.37387397499999997,0,0.0,4486.4877,0.0,4000.0,0,0.0,0.0,747.74795
AM,31379,I66_WB,110N58631,2,3.0,4486.4877,0.0,12000.0,True,False,False,,0.37387397499999997,0,0.0,4486.4877,0.0,4000.0,0,0.0,0.0,747.74795
AM,31381,I66_WB,110P04180,4,3.0,8823.9543,0.0,22800.0,True,False,False,,0.38701553947368417,0,0.0,8823.9543,0.0,7600.0,0,0.0,0.0,735.329525
AM,31382,I66_EB,110+58632,4,3.0,15076.5661,0.0,22800.0,True,False,False,,0.661252899122807,0,0.0,15076.5661,0.0,7600.0,0,0.0,0.0,1256.3805083333334
AM,31383,I66_WB,110-58630,2,3.0,3382.8998,0.0,12000.0,True,False,False,,0.28190831666666666,0,0.0,3382.8998,0.0,4000.0,0,0.0,0.0,563.8166333333334
AM,31386,I66_WB,110-58629,2,3.0,2942.8383,0.0,12000.0,True,False,False,,0.24523652499999998,0,0.0,2942.8383,0.0,4000.0,0,0.0,0.0,490.47305
AM,31388,I66_WB,110P04182,5,3.0,10125.9346,0.0,28500.0,True,False,False,,0.355295950877193,0,0.0,10125.9346,0.0,9500.0,0,0.0,0.0,675.0623066666667
AM,31392,I66_EB,110+58630,5,3.0,16017.373,0.0,30000.0,True,False,False,,0.5339124333333333,0,0.0,16017.373,0.0,10000.0,0,0.0,0.0,1067.8248666666666
AM,31393,I66_EB,110+58631,4,3.0,14724.534,0.0,22800.0,True,False,False,,0.6458128947368421,0,0.0,14724.534,0.0,7600.0,0,0.0,0.0,1227.0445
AM,31395,I66_EB,110-04180,4,3.0,15076.5661,0.0,22800.0,True,False,False,,0.661252899122807,0,0.0,15076.5661,0.0,7600.0,0,0.0,0.0,1256.3805083333334
AM,31397,I66_WB,110-58630,2,3.0,3382.8998,0.0,12000.0,True,False,False,,0.28190831666666666,0,0.0,3382.8998,0.0,4000.0,0,0.0,0.0,563.8166333333334
AM,31398,I66_WB,110+04181,4,3.0,8823.9543,0.0,22800.0,True,False,False,,0.38701553947368417,0,0.0,8823.9543,0.0,7600.0,0,0.0,0.0,735.329525
AM,31399,I66_EB,110N04182,2,3.0,7273.1812,0.0,12000.0,True,False,False,,0.6060984333333334,0,0.0,7273.1812,0.0,4000.0,0,0.0,0.0,1212.1968666666667
AM,31403,I66_EB,110N04182,2,3.0,87.3784,0.0,12000.0,True,False,False,,0.007281533333333333,0,0.0,87.3784,0.0,4000.0,0,0.0,0.0,14.563066666666666
AM,31404,I66_WB,110+04183,2,3.0,3209.9114,0.0,12000.0,True,False,False,,0.2674926166666667,0,0.0,3209.9114,0.0,4000.0,0,0.0,0.0,534.9852333333333
AM,31405,I66_WB,110-58628,4,3.0,7546.2355,0.0,22800.0,True,False,False,,0.33097524122807015,0,0.0,7546.2355,0.0,7600.0,0,0.0,0.0,628.8529583333333
AM,31406,I66_WB,110+04183,2,3.0,3209.9114,0.0,12000.0,True,False,False,,0.2674926166666667,0,0.0,3209.9114,0.0,4000.0,0,0.0,0.0,534.9852333333333
AM,31407,I66_EB,110N04182,2,3.0,121.4594,0.0,12000.0,True,False,False,,0.010121616666666666,0,0.0,121.4594,0.0,4000.0,0,0.0,0.0,20.243233333333333
AM,31408,I66_EB,110P58629,4,3.0,15203.449,0.0,22800.0,True,False,False,,0.6668179385964913,0,0.0,15203.449,0.0,7600.0,0,0.0,0.0,1266.9540833333333
AM,31409,I66_EB,110+58629,4,3.0,15203.449,0.0,22800.0,True,False,False,,0.6668179385964913,0,0.0,15203.449,0.0,7600.0,0,0.0,0.0,1266.9540833333333
AM,31410,I66_EB,110-04182,2,3.0,121.4594,8814.938611026279,11814.938611026279,False,True,False,0.013778814051872234,0.010280154979954628,9,8929.987881729998,-8808.528481729998,73.5224106304658,4000.0,0,0.0,0.0,20.243233333333333
AM,31411,I66_WB,110+04183,2,3.0,3209.9114,0.0,12000.0,True,False,False,,0.2674926166666667,0,0.0,3209.9114,0.0,4000.0,0,0.0,0.0,534.9852333333333
AM,31412,I66_WB,110-58628,4,3.0,7546.2355,0.0,22800.0,True,False,False,,0.33097524122807015,0,0.0,7546.2355,0.0,7600.0,0,0.0,0.0,628.8529583333333
AM,31413,I66_EB,110-04182,2,3.0,121.4594,8814.938611026279,11814.938611026279,False,True,False,0.013778814051872234,0.010280154979954628,9,8928.891281291233,-8807.431881291233,73.51338209550873,4000.0,0,0.0,0.0,20.243233333333333
AM,31414,I66_WB,110P04183,2,3.0,3209.9114,0.0,12000.0,True,False,False,,0.2674926166666667,0,0.0,3209.9114,0.0,4000.0,0,0.0,0.0,534.9852333333333
AM,31415,I66_EB,110N04183,2,3.0,121.4594,8695.561740495545,11695.561740495545,False,True,False,0.013967976264760354,0.010385084760781548,9,8863.4951439042,-8742.0357439042,72.97496236523645,4000.0,0,0.0,0.0,20.243233333333333
AM,31416,I66_WB,110+04184,2,3.0,3209.9114,0.0,12000.0,True,False,False,,0.2674926166666667,0,0.0,3209.9114,0.0,4000.0,0,0.0,0.0,534.9852333333333
AM,31417,I66_WB,110-58628,3,3.0,8440.1469,0.0,17100.0,True,False,False,,0.4935758421052631,0,0.0,8440.1469,0.0,5700.0,0,0.0,0.0,937.7941
AM,31418,I66_WB,110+04184,2,3.0,3209.9114,0.0,12000.0,True,False,False,,0.2674926166666667,0,0.0,3209.9114,0.0,4000.0,0,0.0,0.0,534.9852333333333
AM,31419,I66_EB,110-04183,2,3.0,121.4594,9434.815516767118,11434.815516767118,False,True,False,0.012873532056259922,0.010621894146162783,10,9615.736933610606,-9494.277533610606,79.16832236624424,4000.0,0,0.0,0.0,20.243233333333333
AM,31420,I66_EB,110+58629,3,3.0,14016.1928,0.0,18000.0,True,False,False,,0.7786773777777778,0,0.0,14016.1928,0.0,6000.0,0,0.0,0.0,1557.3547555555558
AM,31421,I66_EB,110+58629,3,3.0,14016.1928,0.0,17100.0,True,False,False,,0.8196603976608188,0,0.0,14016.1928,0.0,5700.0,0,0.0,0.0,1557.3547555555558
AM,31422,I66_EB,110-04183,2,3.0,121.4594,9434.815516767118,11434.815516767118,False,True,False,0.012873532056259922,0.010621894146162783,10,9621.335349380633,-9499.875949380634,79.21441526452982,4000.0,0,0.0,0.0,20.243233333333333
AM,31423,I66_WB,110+04184,2,3.0,3209.9114,0.0,12000.0,True,False,False,,0.2674926166666667,0,0.0,3209.9114,0.0,4000.0,0,0.0,0.0,534.9852333333333
AM,31424,I66_WB,110-58628,3,3.0,8440.1469,0.0,18000.0,True,False,False,,0.46889705,0,0.0,8440.1469,0.0,6000.0,0,0.0,0.0,937.7941
AM,31425,I66_WB,110-58628,3,3.0,8440.1469,0.0,18000.0,True,False,False,,0.46889705,0,0.0,8440.1469,0.0,6000.0,0,0.0,0.0,937.7941
AM,31426,I66_WB,110+04184,2,3.0,3209.9114,0.0,12000.0,True,False,False,,0.2674926166666667,0,0.0,3209.9114,0.0,4000.0,0,0.0,0.0,534.9852333333333
AM,31427,I66_EB,110-04183,2,3.0,121.4594,9434.815516767118,11434.815516767118,False,True,False,0.012873532056259922,0.010621894146162783,10,9624.25169680599,-9502.79229680599,79.23842614738744,4000.0,0,0.0,0.0,20.243233333333333
AM,31428,I66_EB,110+58629,3,3.0,14016.1928,0.0,18000.0,True,False,False,,0.7786773777777778,0,0.0,14016.1928,0.0,6000.0,0,0.0,0.0,1557.3547555555558
AM,31429,I66_EB,110-04183,2,3.0,121.4594,9434.815516767118,11434.815516767118,False,True,False,0.012873532056259922,0.010621894146162783,10,9624.158341951028,-9502.698941951028,79.23765753783591,4000.0,0,0.0,0.0,20.243233333333333
AM,31720,I66_EB,110P58636,3,3.0,0.0,0.0,18000.0,True,False,False,,0.0,0,0.0,0.0,,6000.0,0,0.0,,0.0
AM,31724,I66_EB,110+58636,3,3.0,6193.5253,0.0,18000.0,True,False,False,,0.3440847388888889,0,0.0,6193.5253,0.0,6000.0,0,0.0,0.0,688.1694777777778
AM,31781,I66_EB,110+58635,4,3.0,15261.8913,0.0,22800.0,True,False,False,,0.669381197368421,0,0.0,15261.8913,0.0,7600.0,0,0.0,0.0,1271.824275
AM,31785,I66_EB,110+58635,4,3.0,14038.3054,0.0,22800.0,True,False,False,,0.615715149122807,0,0.0,14038.3054,0.0,7600.0,0,0.0,0.0,1169.8587833333333
AM,31790,I66_EB,110+58634,4,3.0,15292.876,0.0,22800.0,True,False,False,,0.6707401754385965,0,0.0,15292.876,0.0,7600.0,0,0.0,0.0,1274.4063333333334
AM,31795,I66_EB,110N04178,4,3.0,14687.3084,14890.068874590685,22490.068874590685,False,True,False,0.9863828383670752,0.6530575109351374,8,15071.979125862017,-384.6707258620172,1.0261906889530568,7600.0,0,0.0,0.0,1223.9423666666667
AM,31800,I66_EB,110+58633,4,3.0,17047.0493,0.0,24000.0,True,False,False,,0.7102937208333333,0,0.0,17047.0493,0.0,8000.0,0,0.0,0.0,1420.5874416666666
AM,31804,I66_EB,110N04179,4,3.0,14288.5327,13454.209872875072,19154.20987287507,True,False,False,1.0620120270910147,0.7459734854547291,9,15526.975015867833,-1238.4423158678328,1.0866738623111267,7600.0,0,0.0,0.0,1190.7110583333333
AM,31809,I66_EB,110+58631,4,3.0,15076.5661,0.0,22800.0,True,False,False,,0.661252899122807,0,0.0,15076.5661,0.0,7600.0,0,0.0,0.0,1256.3805083333334
AM,31818,I66_EB,110+58630,5,3.0,13182.2915,0.0,28500.0,True,False,False,,0.4625365438596491,0,0.0,13182.2915,0.0,9500.0,0,0.0,0.0,878.8194333333332
AM,31823,I66_EB,110+58630,4,3.0,10406.8251,0.0,22800.0,True,False,False,,0.45643969736842105,0,0.0,10406.8251,0.0,7600.0,0,0.0,0.0,867.235425
AM,31829,I66_EB,110+58629,4,3.0,15203.449,0.0,22800.0,True,False,False,,0.6668179385964913,0,0.0,15203.449,0.0,7600.0,0,0.0,0.0,1266.9540833333333
AM,31833,I66_EB,110+58629,3,3.0,12823.8315,0.0,17100.0,True,False,False,,0.7499316666666667,0,0.0,12823.8315,0.0,5700.0,0,0.0,0.0,1424.8701666666666
AM,32029,I66_WB,110+04178,4,3.0,9363.7247,0.0,22800.0,True,False,False,,0.41068967982456145,0,0.0,9363.7247,0.0,7600.0,0,0.0,0.0,780.3103916666668
AM,32031,I66_WB,110P04178,4,3.0,8397.6361,0.0,22800.0,True,False,False,,0.36831737280701754,0,0.0,8397.6361,0.0,7600.0,0,0.0,0.0,699.8030083333333
AM,32032,I66_WB,110+04179,4,3.0,9684.1039,0.0,24000.0,True,False,False,,0.4035043291666667,0,0.0,9684.1039,0.0,8000.0,0,0.0,0.0,807.0086583333333
AM,32034,I66_WB,110P04179,4,3.0,8100.0619,0.0,22800.0,True,False,False,,0.35526587280701755,0,0.0,8100.0619,0.0,7600.0,0,0.0,0.0,675.0051583333333
AM,32035,I66_WB,110+04180,4,3.0,8823.9543,0.0,22800.0,True,False,False,,0.38701553947368417,0,0.0,8823.9543,0.0,7600.0,0,0.0,0.0,735.329525
AM,32037,I66_WB,110P04181,4,3.0,8507.7619,0.0,22800.0,True,False,False,,0.37314745175438596,0,0.0,8507.7619,0.0,7600.0,0,0.0,0.0,708.9801583333333
AM,32038,I66_WB,110P04181,5,3.0,9929.8559,0.0,28500.0,True,False,False,,0.34841599649122806,0,0.0,9929.8559,0.0,9500.0,0,0.0,0.0,661.9903933333334
AM,32041,I66_WB,110-58629,3,3.0,5575.6803,0.0,17100.0,True,False,False,,0.3260631754385965,0,0.0,5575.6803,0.0,5700.0,0,0.0,0.0,619.5200333333333
AM,32042,I66_WB,110N58629,4,3.0,7546.2355,0.0,22800.0,True,False,False,,0.33097524122807015,0,0.0,7546.2355,0.0,7600.0,0,0.0,0.0,628.8529583333333
AM,32044,I66_WB,110-58628,3,3.0,6746.5451,0.0,18000.0,True,False,False,,0.37480806111111115,0,0.0,6746.5451,0.0,6000.0,0,0.0,0.0,749.6161222222222
AM,32045,I66_WB,110-58628,3,3.0,8440.1469,0.0,18000.0,True,False,False,,0.46889705,0,0.0,8440.1469,0.0,6000.0,0,0.0,0.0,937.7941
AM,32130,I66_WB,110+04174,2,3.0,0.0,0.0,12000.0,True,False,False,,0.0,0,0.0,0.0,,4000.0,0,0.0,,0.0
AM,32133,I66_WB,110+04173,4,3.0,0.0,0.0,24000.0,True,False,False,,0.0,0,0.0,0.0,,8000.0,0,0.0,,0.0
AM,32134,I66_WB,110P04173,4,3.0,0.0,0.0,24000.0,True,False,False,,0.0,0,0.0,0.0,,8000.0,0,0.0,,0.0
AM,32136,I66_WB,110+04174,2,3.0,0.0,0.0,12000.0,True,False,False,,0.0,0,0.0,0.0,,4000.0,0,0.0,,0.0
AM,32140,I66_WB,110+04173,4,3.0,0.0,0.0,24000.0,True,False,False,,0.0,0,0.0,0.0,,8000.0,0,0.0,,0.0
AM,32141,I395_NB,110+04122,4,3.0,17265.7552,0.0,24000.0,True,False,False,,0.7194064666666666,0,0.0,17265.7552,0.0,8000.0,0,0.0,0.0,1438.8129333333334
AM,32367,I66_EB,110+58629,3,3.0,14016.1928,0.0,18000.0,True,False,False,,0.7786773777777778,0,0.0,14016.1928,0.0,6000.0,0,0.0,0.0,1557.3547555555558
AM,32368,I66_WB,110-58628,3,3.0,8440.1469,0.0,18000.0,True,False,False,,0.46889705,0,0.0,8440.1469,0.0,6000.0,0,0.0,0.0,937.7941
AM,32369,I66_WB,110-58628,3,3.0,8440.1469,0.0,18000.0,True,False,False,,0.46889705,0,0.0,8440.1469,0.0,6000.0,0,0.0,0.0,937.7941
AM,32370,I66_EB,110+58629,3,3.0,14016.1928,0.0,18000.0,True,False,False,,0.7786773777777778,0,0.0,14016.1928,0.0,6000.0,0,0.0,0.0,1557.3547555555558
AM,32551,I66_WB,110P04174,2,3.0,0.0,0.0,12000.0,True,False,False,,0.0,0,0.0,0.0,,4000.0,0,0.0,,0.0
AM,32552,I66_WB,110+04175,2,3.0,0.0,0.0,12000.0,True,False,False,,0.0,0,0.0,0.0,,4000.0,0,0.0,,0.0
AM,32573,I66_WB,110P04175,2,3.0,0.0,0.0,12000.0,True,False,False,,0.0,0,0.0,0.0,,4000.0,0,0.0,,0.0
AM,32581,I395_NB,110P04120,3,3.0,15020.3429,10501.11799034089,14776.11799034089,False,False,True,1.4303565500183857,1.0165283540520424,9,11605.468811220191,3414.8740887798085,0.772650057890502,5700.0,0,0.0,0.0,1668.9269888888887
AM,32590,I395_SB,110N04120,3,3.0,9714.614,0.0,17100.0,True,False,False,,0.568106081871345,0,0.0,9714.614,0.0,5700.0,0,0.0,0.0,1079.4015555555554
AM,32611,I395_SB,110N04121,4,3.0,9985.2165,0.0,24000.0,True,False,False,,0.4160506875,0,0.0,9985.2165,0.0,8000.0,0,0.0,0.0,832.1013750000001
AM,32616,I395_SB,110-04121,4,3.0,11545.7173,0.0,22800.0,True,False,False,,0.5063911096491228,0,0.0,11545.7173,0.0,7600.0,0,0.0,0.0,962.1431083333333
AM,32619,I395_SB,110-04121,4,3.0,11545.7173,0.0,22800.0,True,False,False,,0.5063911096491228,0,0.0,11545.7173,0.0,7600.0,0,0.0,0.0,962.1431083333333
AM,32622,I395_NB,110+04122,4,3.0,17616.3295,0.0,22800.0,True,False,False,,0.7726460307017544,0,0.0,17616.3295,0.0,7600.0,0,0.0,0.0,1468.0274583333332
AM,32624,I395_SB,110N04122,4,3.0,11545.7173,0.0,22800.0,True,False,False,,0.5063911096491228,0,0.0,11545.7173,0.0,7600.0,0,0.0,0.0,962.1431083333333
AM,32627,I395_SB,110-04121,4,3.0,11545.7173,0.0,24000.0,True,False,False,,0.4810715541666667,0,0.0,11545.7173,0.0,8000.0,0,0.0,0.0,962.1431083333333
AM,32843,I66_EB,110+58630,5,3.0,17579.67,0.0,30000.0,True,False,False,,0.585989,0,0.0,17579.67,0.0,10000.0,0,0.0,0.0,1171.9779999999998
AM,32847,I66_WB,110-58629,1,3.0,1311.4953,0.0,6000.0,True,False,False,,0.21858255000000001,0,0.0,1311.4953,0.0,2000.0,0,0.0,0.0,437.1651
AM,32848,I66_WB,110-58629,5,3.0,10125.9346,0.0,30000.0,True,False,False,,0.33753115333333333,0,0.0,10125.9346,0.0,10000.0,0,0.0,0.0,675.0623066666667
AM,32854,I66_WB,110N58631,2,3.0,3382.8998,0.0,12000.0,True,False,False,,0.28190831666666666,0,0.0,3382.8998,0.0,4000.0,0,0.0,0.0,563.8166333333334
AM,32866,I66_EB,110N04182,2,3.0,3920.4768,0.0,12000.0,True,False,False,,0.3267064,0,0.0,3920.4768,0.0,4000.0,0,0.0,0.0,653.4128
AM,32867,I66_WB,110P04182,2,3.0,2500.1315,0.0,12000.0,True,False,False,,0.20834429166666665,0,0.0,2500.1315,0.0,4000.0,0,0.0,0.0,416.6885833333333
AM,32868,I66_WB,110+04182,5,3.0,9929.8559,0.0,30000.0,True,False,False,,0.33099519666666666,0,0.0,9929.8559,0.0,10000.0,0,0.0,0.0,661.9903933333334
AM,32869,I66_EB,110N04181,5,3.0,17579.67,0.0,28500.0,True,False,False,,0.6168305263157894,0,0.0,17579.67,0.0,9500.0,0,0.0,0.0,1171.9779999999998
AM,35757,I66_WB,110-58629,4,3.0,6181.1805,0.0,22800.0,True,False,False,,0.27110440789473683,0,0.0,6181.1805,0.0,7600.0,0,0.0,0.0,515.098375
AM,35760,I66_EB,110-04181,1,3.0,2835.0815,0.0,5700.0,True,False,False,,0.49738271929824557,0,0.0,2835.0815,0.0,1900.0,0,0.0,0.0,945.0271666666666
AM,35765,I66_WB,110N58631,2,3.0,2419.1041,0.0,12000.0,True,False,False,,0.20159200833333332,0,0.0,2419.1041,0.0,4000.0,0,0.0,0.0,403.18401666666665
AM,35779,I66_EB,110N04176,2,3.0,1102.6066,0.0,12000.0,True,False,False,,0.09188388333333333,0,0.0,1102.6066,0.0,4000.0,0,0.0,0.0,183.7677666666667
AM,35786,I66_WB,110+04181,4,3.0,8823.9543,0.0,22800.0,True,False,False,,0.38701553947368417,0,0.0,8823.9543,0.0,7600.0,0,0.0,0.0,735.329525
AM,35787,I66_EB,110N04180,4,3.0,15076.5661,13513.44586331669,21113.44586331669,True,False,False,1.1156714765792286,0.7140741590738916,8,14205.41070551913,871.1553944808693,0.9422179169512035,7600.0,0,0.0,0.0,1256.3805083333334
AM,38163,I66_EB,110+58628,3,3.0,14016.1928,0.0,18000.0,True,False,False,,0.7786773777777778,0,0.0,14016.1928,0.0,6000.0,0,0.0,0.0,1557.3547555555558
AM,38167,I66_EB,110+58628,3,3.0,8783.6244,0.0,18000.0,True,False,False,,0.48797913333333337,0,0.0,8783.6244,0.0,6000.0,0,0.0,0.0,975.9582666666666
AM,38189,I66_EB,110P58625,3,3.0,9100.796,0.0,18000.0,True,False,False,,0.5055997777777778,0,0.0,9100.796,0.0,6000.0,0,0.0,0.0,1011.1995555555555
AM,38500,I66_EB,110+58626,4,3.0,10260.257,0.0,24000.0,True,False,False,,0.4275107083333333,0,0.0,10260.257,0.0,8000.0,0,0.0,0.0,855.0214166666666
AM,38749,I66_WB,110-58627,3,3.0,5651.5642,0.0,18000.0,True,False,False,,0.3139757888888889,0,0.0,5651.5642,0.0,6000.0,0,0.0,0.0,627.9515777777777
AM,38801,I66_WB,110-58627,3,3.0,6620.021,0.0,18000.0,True,False,False,,0.3677789444444444,0,0.0,6620.021,0.0,6000.0,0,0.0,0.0,735.5578888888889
AM,38954,I66_WB,110+04184,2,3.0,3209.9114,0.0,12000.0,True,False,False,,0.2674926166666667,0,0.0,3209.9114,0.0,4000.0,0,0.0,0.0,534.9852333333333
AM,38959,I66_WB,110N58625,3,3.0,3665.6791,0.0,18000.0,True,False,False,,0.20364883888888888,0,0.0,3665.6791,0.0,6000.0,0,0.0,0.0,407.2976777777778
AM,39007,I66_WB,110-58625,4,3.0,6717.0154,0.0,24000.0,True,False,False,,0.2798756416666667,0,0.0,6717.0154,0.0,8000.0,0,0.0,0.0,559.7512833333334
AM,39080,I66_WB,110-58628,3,3.0,8440.1469,0.0,18000.0,True,False,False,,0.46889705,0,0.0,8440.1469,0.0,6000.0,0,0.0,0.0,937.7941
AM,39139,I66_WB,110-58627,3,3.0,9285.5041,0.0,18000.0,True,False,False,,0.5158613388888889,0,0.0,9285.5041,0.0,6000.0,0,0.0,0.0,1031.7226777777778
AM,39141,I66_WB,110+04184,2,3.0,2364.5542,0.0,12000.0,True,False,False,,0.19704618333333335,0,0.0,2364.5542,0.0,4000.0,0,0.0,0.0,394.0923666666667
AM,39142,I66_EB,110-04183,2,3.0,121.4594,9434.815516767118,11434.815516767118,False,True,False,0.012873532056259922,0.010621894146162783,10,9624.568954310163,-9503.109554310164,79.24103819309303,4000.0,0,0.0,0.0,20.243233333333333
AM,39143,I66_EB,110+58629,3,3.0,14016.1928,0.0,18000.0,True,False,False,,0.7786773777777778,0,0.0,14016.1928,0.0,6000.0,0,0.0,0.0,1557.3547555555558
AM,39145,I66_WB,110P04184,2,3.0,2364.5542,0.0,12000.0,True,False,False,,0.19704618333333335,0,0.0,2364.5542,0.0,4000.0,0,0.0,0.0,394.0923666666667
AM,39146,I66_EB,110-04183,2,3.0,121.4594,9434.815516767118,11434.815516767118,False,True,False,0.012873532056259922,0.010621894146162783,10,9616.598099372828,-9495.138699372828,79.17541251951539,4000.0,0,0.0,0.0,20.243233333333333
AM,39147,I66_EB,110N04184,2,3.0,121.4594,9294.873814310693,10294.873814310693,False,True,False,0.01306735329886858,0.0117980465026353,11,9521.021046414844,-9399.561646414844,78.38850715889296,4000.0,0,0.0,0.0,20.243233333333333
AM,39148,I66_WB,110+04185,2,3.0,2364.5542,0.0,12000.0,True,False,False,,0.19704618333333335,0,0.0,2364.5542,0.0,4000.0,0,0.0,0.0,394.0923666666667
AM,39149,I66_WB,110-58626,3,3.0,6620.021,0.0,18000.0,True,False,False,,0.3677789444444444,0,0.0,6620.021,0.0,6000.0,0,0.0,0.0,735.5578888888889
AM,39150,I66_WB,110+04185,2,3.0,2364.5542,0.0,12000.0,True,False,False,,0.19704618333333335,0,0.0,2364.5542,0.0,4000.0,0,0.0,0.0,394.0923666666667
AM,39151,I66_EB,110-04184,2,3.0,121.4594,8540.811237692029,11540.811237692029,False,True,False,0.014221061280921342,0.010524338150797957,9,8658.075022500849,-8536.615622500849,71.28369663032132,4000.0,0,0.0,0.0,20.243233333333333
AM,39152,I66_EB,110+58628,3,3.0,10258.2186,0.0,18000.0,True,False,False,,0.5699010333333333,0,0.0,10258.2186,0.0,6000.0,0,0.0,0.0,1139.8020666666666
AM,39153,I66_WB,110-58626,3,3.0,6620.021,0.0,18000.0,True,False,False,,0.3677789444444444,0,0.0,6620.021,0.0,6000.0,0,0.0,0.0,735.5578888888889
AM,39154,I66_WB,110+04185,2,3.0,1157.4056,0.0,12000.0,True,False,False,,0.09645046666666666,0,0.0,1157.4056,0.0,4000.0,0,0.0,0.0,192.90093333333334
AM,39156,I66_EB,110-04184,2,3.0,111.5994,8540.811237692029,11540.811237692029,False,True,False,0.013066604201190301,0.009669978799715472,9,8645.090299975813,-8533.490899975814,77.46538332621692,4000.0,0,0.0,0.0,18.5999
AM,39157,I66_EB,110+58627,3,3.0,10258.2186,0.0,18000.0,True,False,False,,0.5699010333333333,0,0.0,10258.2186,0.0,6000.0,0,0.0,0.0,1139.8020666666666
AM,39158,I66_WB,110P04185,2,3.0,2982.682,0.0,12000.0,True,False,False,,0.2485568333333333,0,0.0,2982.682,0.0,4000.0,0,0.0,0.0,497.11366666666663
AM,39159,I66_EB,110N04185,2,3.0,111.5972,0.0,12000.0,True,False,False,,0.009299766666666667,0,0.0,111.5972,0.0,4000.0,0,0.0,0.0,18.599533333333333
AM,39161,I66_WB,110P04185,2,3.0,2982.682,0.0,12000.0,True,False,False,,0.2485568333333333,0,0.0,2982.682,0.0,4000.0,0,0.0,0.0,497.11366666666663
AM,39162,I66_EB,110N04185,2,3.0,4096.5822,0.0,12000.0,True,False,False,,0.34138185,0,0.0,4096.5822,0.0,4000.0,0,0.0,0.0,682.7637
AM,39163,I66_WB,110-58625,4,3.0,6717.0154,0.0,24000.0,True,False,False,,0.2798756416666667,0,0.0,6717.0154,0.0,8000.0,0,0.0,0.0,559.7512833333334
AM,39164,I66_WB,110+04186,2,3.0,2982.682,0.0,12000.0,True,False,False,,0.2485568333333333,0,0.0,2982.682,0.0,4000.0,0,0.0,0.0,497.11366666666663
AM,39165,I66_EB,110-04185,2,3.0,4096.5822,0.0,12000.0,True,False,False,,0.34138185,0,0.0,4096.5822,0.0,4000.0,0,0.0,0.0,682.7637
AM,39166,I66_EB,110+58626,4,3.0,10260.257,0.0,24000.0,True,False,False,,0.4275107083333333,0,0.0,10260.257,0.0,8000.0,0,0.0,0.0,855.0214166666666
AM,39167,I66_EB,110P58625,3,3.0,9100.796,0.0,18000.0,True,False,False,,0.5055997777777778,0,0.0,9100.796,0.0,6000.0,0,0.0,0.0,1011.1995555555555
AM,39168,I66_EB,110N04186,2,3.0,2398.878,0.0,12000.0,True,False,False,,0.19990650000000001,0,0.0,2398.878,0.0,4000.0,0,0.0,0.0,399.81300000000005
AM,39170,I66_WB,110+04186,2,3.0,672.3772,0.0,12000.0,True,False,False,,0.05603143333333333,0,0.0,672.3772,0.0,4000.0,0,0.0,0.0,112.06286666666666
AM,39171,I66_WB,110N58625,3,3.0,6819.1245,0.0,18000.0,True,False,False,,0.37884025,0,0.0,6819.1245,0.0,6000.0,0,0.0,0.0,757.6804999999999
AM,39173,I66_WB,110P04186,2,3.0,672.3772,0.0,12000.0,True,False,False,,0.05603143333333333,0,0.0,672.3772,0.0,4000.0,0,0.0,0.0,112.06286666666666
AM,39174,I66_EB,110N04186,2,3.0,2398.878,0.0,12000.0,True,False,False,,0.19990650000000001,0,0.0,2398.878,0.0,4000.0,0,0.0,0.0,399.81300000000005
AM,39175,I66_EB,110N04186,2,3.0,2398.878,0.0,12000.0,True,False,False,,0.19990650000000001,0,0.0,2398.878,0.0,4000.0,0,0.0,0.0,399.81300000000005
AM,39177,I66_WB,110+04187,2,3.0,618.4479,0.0,12000.0,True,False,False,,0.051537325,0,0.0,618.4479,0.0,4000.0,0,0.0,0.0,103.07465
AM,39179,I66_WB,110+04187,2,3.0,618.4479,0.0,12000.0,True,False,False,,0.051537325,0,0.0,618.4479,0.0,4000.0,0,0.0,0.0,103.07465
AM,39180,I66_EB,110N04186,2,3.0,2150.224,0.0,12000.0,True,False,False,,0.17918533333333334,0,0.0,2150.224,0.0,4000.0,0,0.0,0.0,358.3706666666667
AM,39183,I66_EB,110-04186,2,3.0,2150.224,0.0,12000.0,True,False,False,,0.17918533333333334,0,0.0,2150.224,0.0,4000.0,0,0.0,0.0,358.3706666666667
AM,39184,I66_WB,110+04187,2,3.0,618.4479,0.0,12000.0,True,False,False,,0.051537325,0,0.0,618.4479,0.0,4000.0,0,0.0,0.0,103.07465
AM,39208,I66_EB,110+58627,3,3.0,8853.8275,0.0,18000.0,True,False,False,,0.49187930555555553,0,0.0,8853.8275,0.0,6000.0,0,0.0,0.0,983.758611111111
AM,39209,I66_EB,110P58626,4,3.0,8853.8275,0.0,24000.0,True,False,False,,0.36890947916666667,0,0.0,8853.8275,0.0,8000.0,0,0.0,0.0,737.8189583333333
AM,39211,I66_WB,110N58626,3,3.0,5962.5029,0.0,18000.0,True,False,False,,0.3312501611111111,0,0.0,5962.5029,0.0,6000.0,0,0.0,0.0,662.5003222222223
AM,39213,I66_WB,110-58625,4,3.0,6717.0154,0.0,24000.0,True,False,False,,0.2798756416666667,0,0.0,6717.0154,0.0,8000.0,0,0.0,0.0,559.7512833333334
AM,40894,I66_WB,110P04187,2,3.0,618.4479,0.0,12000.0,True,False,False,,0.051537325,0,0.0,618.4479,0.0,4000.0,0,0.0,0.0,103.07465
AM,40899,I66_EB,110N04187,2,3.0,2150.224,0.0,12000.0,True,False,False,,0.17918533333333334,0,0.0,2150.224,0.0,4000.0,0,0.0,0.0,358.3706666666667
AM,40900,I66_EB,110-04186,2,3.0,2150.224,0.0,12000.0,True,False,False,,0.17918533333333334,0,0.0,2150.224,0.0,4000.0,0,0.0,0.0,358.3706666666667
AM,40944,I66_EB,110-04185,2,3.0,1239.4169,0.0,12000.0,True,False,False,,0.10328474166666667,0,0.0,1239.4169,0.0,4000.0,0,0.0,0.0,206.56948333333332
AM,40960,I66_WB,110+04186,2,3.0,774.4863,0.0,12000.0,True,False,False,,0.064540525,0,0.0,774.4863,0.0,4000.0,0,0.0,0.0,129.08105
AM,40962,I66_EB,110-04185,2,3.0,4096.5822,0.0,12000.0,True,False,False,,0.34138185,0,0.0,4096.5822,0.0,4000.0,0,0.0,0.0,682.7637
AM,40966,I66_EB,110-04184,2,3.0,121.4594,8540.811237692029,11540.811237692029,False,True,False,0.014221061280921342,0.010524338150797957,9,8619.79458724335,-8498.33518724335,70.96852600328464,4000.0,0,0.0,0.0,20.243233333333333
AM,40967,I66_WB,110+04185,2,3.0,1162.4826,0.0,12000.0,True,False,False,,0.09687355,0,0.0,1162.4826,0.0,4000.0,0,0.0,0.0,193.74710000000002
MD,25785,I66_WB,110P04171,4,6.0,0.0,0.0,48000.0,True,False,False,,0.0,0,0.0,0.0,,8000.0,0,0.0,,0.0
MD,25946,I66_WB,110+04164,3,6.0,10525.6085,0.0,34200.0,True,False,False,,0.30776633040935675,0,0.0,10525.6085,0.0,5700.0,0,0.0,0.0,584.7560277777778
MD,25947,I66_EB,110N04162,2,6.0,11289.1824,0.0,22800.0,True,False,False,,0.49513957894736843,0,0.0,11289.1824,0.0,3800.0,0,0.0,0.0,940.7651999999999
MD,25966,I66_WB,110+04166,2,6.0,0.0,2730.0887659152936,23730.088765915294,False,True,False,0.0,0.0,3,2740.924941159462,-2740.924941159462,,4000.0,0,0.0,,0.0
MD,25972,I66_WB,110+04165,2,6.0,0.0,0.0,24000.0,True,False,False,,0.0,0,0.0,0.0,,4000.0,0,0.0,,0.0
MD,26055,I66_WB,110P04167,2,6.0,0.0,999.686337516186,23999.686337516185,False,True,False,0.0,0.0,1,801.9462654553203,-801.9462654553203,,4000.0,0,0.0,,0.0
MD,26101,I66_WB,110P04168,3,6.0,0.0,2908.0860010971346,35908.08600109714,False,True,False,0.0,0.0,2,2533.846944898606,-2533.846944898606,,6000.0,0,0.0,,0.0
MD,26177,I66_WB,110P04170,3,6.0,0.0,0.0,36000.0,True,False,False,,0.0,0,0.0,0.0,,6000.0,0,0.0,,0.0
MD,26269,I395_NB,110P04127,3,6.0,23499.3819,0.0,34200.0,True,False,False,,0.6871164298245614,0,0.0,23499.3819,0.0,5700.0,0,0.0,0.0,1305.5212166666668
MD,26271,I395_NB,110P04127,3,6.0,24788.544,0.0,34200.0,True,False,False,,0.7248112280701755,0,0.0,24788.544,0.0,5700.0,0,0.0,0.0,1377.1413333333333
MD,26274,I395_NB,110+04670,3,6.0,17367.6488,0.0,34200.0,True,False,False,,0.5078259883040935,0,0.0,17367.6488,0.0,5700.0,0,0.0,0.0,964.8693777777777
MD,26297,I395_NB,110P04128,3,6.0,14844.0064,9519.731664582101,33744.7316645821,True,False,False,1.5592883206179766,0.4398910783332742,7,8625.873249804179,6218.133150195821,0.5811014235216295,5700.0,0,0.0,0.0,824.6670222222223
MD,26299,I66_WB,110P04166,3,6.0,0.0,5054.0456574551445,35054.04565745514,False,True,False,0.0,0.0,4,5389.844409546137,-5389.844409546137,,6000.0,0,0.0,,0.0
MD,26304,I66_WB,110P04164,2,6.0,0.0,0.0,24000.0,True,False,False,,0.0,0,0.0,0.0,,4000.0,0,0.0,,0.0
MD,26313,I66_WB,110P04162,2,6.0,10509.3451,0.0,22800.0,True,False,False,,0.46093618859649127,0,0.0,10509.3451,0.0,3800.0,0,0.0,0.0,875.7787583333334
MD,26354,I66_WB,110P04165,2,6.0,0.0,0.0,24000.0,True,False,False,,0.0,0,0.0,0.0,,4000.0,0,0.0,,0.0
MD,26359,I66_WB,110+04167,3,6.0,0.0,6915.7889518445045,35415.7889518445,False,True,False,0.0,0.0,5,7172.743210606906,-7172.743210606906,,6000.0,0,0.0,,0.0
MD,26370,I66_WB,110+04169,3,6.0,0.0,14078.451945024872,35078.45194502487,False,True,False,0.0,0.0,10,13670.678885429843,-13670.678885429843,,6000.0,0,0.0,,0.0
MD,26380,I66_WB,110+04166,2,6.0,0.0,2730.0887659152936,23730.088765915294,False,True,False,0.0,0.0,3,2731.56348885028,-2731.56348885028,,4000.0,0,0.0,,0.0
MD,26423,I395_NB,110+04126,4,6.0,27045.4028,0.0,45600.0,True,False,False,,0.5931009385964913,0,0.0,27045.4028,0.0,7600.0,0,0.0,0.0,1126.8917833333333
MD,26424,I395_NB,110+04127,4,6.0,21234.3931,0.0,45600.0,True,False,False,,0.4656665153508772,0,0.0,21234.3931,0.0,7600.0,0,0.0,0.0,884.7663791666668
MD,26469,I395_NB,110P04130,6,6.0,26864.8373,61194.64746889423,61194.64746889423,False,True,False,0.43900632508187304,0.43900632508187304,24,59989.42384574066,-33124.58654574066,2.233009013821225,11400.0,0,0.0,0.0,746.2454805555554
MD,26471,I395_SB,110N04129,3,6.0,16916.8197,0.0,34200.0,True,False,False,,0.494643850877193,0,0.0,16916.8197,0.0,5700.0,0,0.0,0.0,939.8233166666668
MD,26501,I395_NB,110+04130,3,6.0,15204.1296,31615.299751190072,31615.299751190072,False,True,False,0.48091049965223504,0.48091049965223504,24,29618.722530869556,-14414.592930869556,1.948070906398322,5700.0,0,0.0,0.0,844.6738666666666
MD,26684,I395_SB,110-04127,3,6.0,11901.8514,0.0,34200.0,True,False,False,,0.348007350877193,0,0.0,11901.8514,0.0,5700.0,0,0.0,0.0,661.2139666666666
MD,26699,I395_SB,110N04127,3,6.0,17235.6809,0.0,34200.0,True,False,False,,0.5039672777777777,0,0.0,17235.6809,0.0,5700.0,0,0.0,0.0,957.5378277777777
MD,26708,I395_NB,110+04125,4,6.0,29356.2811,0.0,45600.0,True,False,False,,0.6437780942982456,0,0.0,29356.2811,0.0,7600.0,0,0.0,0.0,1223.1783791666667
MD,26712,I395_SB,110N04130,6,6.0,27832.8343,0.0,68400.0,True,False,False,,0.40691278216374266,0,0.0,27832.8343,0.0,11400.0,0,0.0,0.0,773.1342861111111
MD,26756,I395_NB,110P04124,4,6.0,29356.2811,3785.425593660111,45585.42559366011,True,False,False,7.755080736276088,0.6439839206872029,2,3685.882302304768,25670.398797695234,0.1255568540766142,7600.0,0,0.0,0.0,1223.1783791666667
MD,26759,I395_SB,110N04124,4,6.0,23035.7813,0.0,45600.0,True,False,False,,0.5051706425438596,0,0.0,23035.7813,0.0,7600.0,0,0.0,0.0,959.8242208333332
MD,26761,I395_NB,110P04125,4,6.0,25441.6731,0.0,45600.0,True,False,False,,0.557931427631579,0,0.0,25441.6731,0.0,7600.0,0,0.0,0.0,1060.0697125
MD,26764,I395_SB,110-04124,4,6.0,23035.7813,0.0,45600.0,True,False,False,,0.5051706425438596,0,0.0,23035.7813,0.0,7600.0,0,0.0,0.0,959.8242208333332
MD,26768,I395_NB,110P04125,4,6.0,27045.4028,0.0,45600.0,True,False,False,,0.5931009385964913,0,0.0,27045.4028,0.0,7600.0,0,0.0,0.0,1126.8917833333333
MD,26772,I395_SB,110N04125,4,6.0,19558.6565,0.0,45600.0,True,False,False,,0.4289179057017544,0,0.0,19558.6565,0.0,7600.0,0,0.0,0.0,814.9440208333334
MD,26776,I395_SB,110N04125,4,6.0,21754.1559,0.0,45600.0,True,False,False,,0.47706482236842107,0,0.0,21754.1559,0.0,7600.0,0,0.0,0.0,906.4231625000001
MD,26778,I395_NB,110P04126,4,6.0,20524.3619,0.0,45600.0,True,False,False,,0.45009565570175436,0,0.0,20524.3619,0.0,7600.0,0,0.0,0.0,855.1817458333334
MD,26781,I395_SB,110-04125,4,6.0,21754.1559,0.0,45600.0,True,False,False,,0.47706482236842107,0,0.0,21754.1559,0.0,7600.0,0,0.0,0.0,906.4231625000001
MD,26785,I395_NB,110+04127,4,6.0,21234.3931,0.0,48000.0,True,False,False,,0.44238318958333334,0,0.0,21234.3931,0.0,8000.0,0,0.0,0.0,884.7663791666668
MD,26788,I395_SB,110N04126,4,6.0,18816.7679,1896.6575109379623,45596.65751093796,True,False,False,9.921015149801326,0.4126786682880458,1,1764.2106079703526,17052.557292029647,0.09375736669262699,7600.0,0,0.0,0.0,784.0319958333333
MD,26792,I395_SB,110N04126,4,6.0,19775.4015,1896.6575109379623,45596.65751093796,True,False,False,10.426448310227808,0.4337028760333183,1,1737.8851058394168,18037.516394160582,0.0878811540609892,7600.0,0,0.0,0.0,823.9750625
MD,26796,I395_SB,110-04126,4,6.0,19775.4015,3745.361079182346,45545.361079182345,True,False,False,5.279971965831713,0.4341913431231715,2,3208.845726631469,16566.55577336853,0.1622645045478075,7600.0,0,0.0,0.0,823.9750625
MD,26799,I395_SB,110N04127,3,6.0,22630.4836,0.0,34200.0,True,False,False,,0.6617100467836258,0,0.0,22630.4836,0.0,5700.0,0,0.0,0.0,1257.249088888889
MD,26810,I395_SB,110N04127,4,6.0,22647.4039,0.0,45600.0,True,False,False,,0.4966535942982456,0,0.0,22647.4039,0.0,7600.0,0,0.0,0.0,943.6418291666668
MD,26814,I395_SB,110N04127,4,6.0,22647.4039,0.0,45600.0,True,False,False,,0.4966535942982456,0,0.0,22647.4039,0.0,7600.0,0,0.0,0.0,943.6418291666668
MD,26821,I395_SB,110N04127,3,6.0,17235.6809,0.0,34200.0,True,False,False,,0.5039672777777777,0,0.0,17235.6809,0.0,5700.0,0,0.0,0.0,957.5378277777777
MD,26824,I395_SB,110N04670,3,6.0,12144.3179,0.0,34200.0,True,False,False,,0.355097014619883,0,0.0,12144.3179,0.0,5700.0,0,0.0,0.0,674.6843277777778
MD,26825,I395_NB,110+04129,3,6.0,14844.0064,11967.986136284017,33342.98613628402,True,False,False,1.2403094581632736,0.44519127169136996,9,10966.694935074007,3877.3114649259933,0.7387961605213271,5700.0,0,0.0,0.0,824.6670222222223
MD,26829,I395_SB,110N04128,3,6.0,12144.3179,0.0,34200.0,True,False,False,,0.355097014619883,0,0.0,12144.3179,0.0,5700.0,0,0.0,0.0,674.6843277777778
MD,26833,I395_SB,110-04128,3,6.0,16237.1373,0.0,34200.0,True,False,False,,0.4747700964912281,0,0.0,16237.1373,0.0,5700.0,0,0.0,0.0,902.0631833333333
MD,27878,I395_NB,110+04124,4,6.0,28483.7779,3772.6824075658856,45572.68240756589,True,False,False,7.550006818193207,0.6250186821408428,2,3547.2901406607034,24936.487759339296,0.1245372068661125,7600.0,0,0.0,0.0,1186.8240791666667
MD,28025,I395_NB,110+04123,4,6.0,30988.7661,5617.362944530876,45517.362944530876,True,False,False,5.516603859497986,0.6808119824024965,3,5112.813759331151,25875.95234066885,0.16498926555617685,7600.0,0,0.0,0.0,1291.1985875
MD,28270,I395_NB,110P04122,4,6.0,24175.5627,1891.4059770101792,45591.40597701018,True,False,False,12.78179459822543,0.5302657854462903,1,1757.5446277512592,22418.01807224874,0.07269922316022284,7600.0,0,0.0,0.0,1007.3151124999999
MD,28275,I395_NB,110P04122,4,6.0,30988.7661,1891.4059770101792,45591.40597701018,True,False,False,16.383984441555576,0.6797063050792144,1,1785.0670987125027,29203.6990012875,0.05760368428197929,7600.0,0,0.0,0.0,1291.1985875
MD,28279,I395_SB,110N04122,4,6.0,18628.919,0.0,45600.0,True,False,False,,0.40852892543859654,0,0.0,18628.919,0.0,7600.0,0,0.0,0.0,776.2049583333334
MD,28283,I395_SB,110N04122,4,6.0,22768.5197,0.0,45600.0,True,False,False,,0.4993096425438597,0,0.0,22768.5197,0.0,7600.0,0,0.0,0.0,948.6883208333334
MD,28285,I395_NB,110P04123,4,6.0,27092.2273,5666.914933205427,45566.91493320543,True,False,False,4.780771834292488,0.594559173903112,3,5326.128150940678,21766.099149059322,0.19659247990070858,7600.0,0,0.0,0.0,1128.8428041666666
MD,28289,I395_SB,110-04122,4,6.0,23492.9749,0.0,45600.0,True,False,False,,0.5151968179824562,0,0.0,23492.9749,0.0,7600.0,0,0.0,0.0,978.8739541666667
MD,28294,I395_NB,110+04124,4,6.0,28483.7779,3772.6824075658856,45572.68240756589,True,False,False,7.550006818193207,0.6250186821408428,2,3562.11013486011,24921.66776513989,0.1250575028132104,7600.0,0,0.0,0.0,1186.8240791666667
MD,28298,I395_SB,110N04123,4,6.0,20467.5045,0.0,45600.0,True,False,False,,0.44884878289473684,0,0.0,20467.5045,0.0,7600.0,0,0.0,0.0,852.8126874999999
MD,28302,I395_SB,110N04123,4,6.0,22210.9662,0.0,45600.0,True,False,False,,0.4870825921052631,0,0.0,22210.9662,0.0,7600.0,0,0.0,0.0,925.456925
MD,28303,I395_NB,110P04124,4,6.0,27562.7522,3785.425593660111,45585.42559366011,True,False,False,7.281282254276116,0.604639571552741,2,3688.4538182190095,23874.29838178099,0.13382022925196163,7600.0,0,0.0,0.0,1148.4480083333333
MD,28307,I395_SB,110-04123,4,6.0,22210.9662,0.0,45600.0,True,False,False,,0.4870825921052631,0,0.0,22210.9662,0.0,7600.0,0,0.0,0.0,925.456925
MD,28312,I395_SB,110N04124,4,6.0,21396.9931,0.0,45600.0,True,False,False,,0.4692323048245614,0,0.0,21396.9931,0.0,7600.0,0,0.0,0.0,891.5413791666666
MD,28705,I66_WB,110+04173,4,6.0,0.0,0.0,48000.0,True,False,False,,0.0,0,0.0,0.0,,8000.0,0,0.0,,0.0
MD,28712,I395_NB,110+04122,4,6.0,25948.539,0.0,45600.0,True,False,False,,0.5690469078947369,0,0.0,25948.539,0.0,7600.0,0,0.0,0.0,1081.189125
MD,28724,I395_NB,110+04122,3,6.0,19579.8286,0.0,34200.0,True,False,False,,0.5725096081871345,0,0.0,19579.8286,0.0,5700.0,0,0.0,0.0,1087.7682555555555
MD,29007,I395_NB,110+04121,4,6.0,25896.2813,46640.611958852525,46640.611958852525,False,True,False,0.5552303070732932,0.5552303070732932,24,44632.55585496028,-18736.27455496028,1.723512165237419,8000.0,0,0.0,0.0,1079.0117208333334
MD,29361,I395_NB,110P04120,4,6.0,45402.4867,10588.42075285321,44788.42075285321,False,False,True,4.287937527205425,1.0137103728335335,6,10160.969516817535,35241.51718318247,0.22379764315458814,7600.0,18,1041.5171831824714,0.0229396506421414,1891.7702791666668
MD,30296,I66_WB,110P04174,2,6.0,0.0,0.0,24000.0,True,False,False,,0.0,0,0.0,0.0,,4000.0,0,0.0,,0.0
MD,30317,I66_WB,110N58636,2,6.0,0.0,0.0,24000.0,True,False,False,,0.0,0,0.0,0.0,,4000.0,0,0.0,,0.0
MD,30949,I66_EB,110+58629,3,6.0,15397.8275,0.0,36000.0,True,False,False,,0.42771743055555556,0,0.0,15397.8275,0.0,6000.0,0,0.0,0.0,855.434861111111
MD,31338,I66_EB,110N04175,2,6.0,3585.2134,0.0,24000.0,True,False,False,,0.14938389166666666,0,0.0,3585.2134,0.0,4000.0,0,0.0,0.0,298.76778333333334
MD,31343,I66_EB,110-04175,2,6.0,20879.7541,0.0,24000.0,True,False,False,,0.8699897541666666,0,0.0,20879.7541,0.0,4000.0,0,0.0,0.0,1739.9795083333331
MD,31344,I66_EB,110+58635,4,6.0,18712.0558,0.0,45600.0,True,False,False,,0.4103521008771929,0,0.0,18712.0558,0.0,7600.0,0,0.0,0.0,779.6689916666666
MD,31346,I66_WB,110-58634,2,6.0,12314.7078,0.0,24000.0,True,False,False,,0.513112825,0,0.0,12314.7078,0.0,4000.0,0,0.0,0.0,1026.22565
MD,31347,I66_EB,110-04175,2,6.0,20879.7541,0.0,24000.0,True,False,False,,0.8699897541666666,0,0.0,20879.7541,0.0,4000.0,0,0.0,0.0,1739.9795083333331
MD,31348,I66_EB,110+58635,4,6.0,18712.0558,0.0,45600.0,True,False,False,,0.4103521008771929,0,0.0,18712.0558,0.0,7600.0,0,0.0,0.0,779.6689916666666
MD,31350,I66_WB,110-58634,2,6.0,12314.7078,0.0,24000.0,True,False,False,,0.513112825,0,0.0,12314.7078,0.0,4000.0,0,0.0,0.0,1026.22565
MD,31351,I66_EB,110-04175,2,6.0,11752.8597,0.0,24000.0,True,False,False,,0.48970248750000006,0,0.0,11752.8597,0.0,4000.0,0,0.0,0.0,979.404975
MD,31352,I66_WB,110-58633,2,6.0,13906.1981,0.0,24000.0,True,False,False,,0.5794249208333333,0,0.0,13906.1981,0.0,4000.0,0,0.0,0.0,1158.8498416666666
MD,31353,I66_EB,110-04176,2,6.0,13288.2324,0.0,24000.0,True,False,False,,0.55367635,0,0.0,13288.2324,0.0,4000.0,0,0.0,0.0,1107.3527000000001
MD,31354,I66_WB,110+04178,4,6.0,21148.0482,10681.563361615128,44881.56336161513,True,False,False,1.9798645089722398,0.47119678139569504,6,10169.660791366372,10978.38740863363,0.4808794029212763,7600.0,0,0.0,0.0,881.168675
MD,31355,I66_WB,110-58633,2,6.0,13906.1981,0.0,24000.0,True,False,False,,0.5794249208333333,0,0.0,13906.1981,0.0,4000.0,0,0.0,0.0,1158.8498416666666
MD,31357,I66_EB,110-04177,4,6.0,25182.8843,0.0,45600.0,True,False,False,,0.5522562346491229,0,0.0,25182.8843,0.0,7600.0,0,0.0,0.0,1049.2868458333335
MD,31358,I66_WB,110+04178,4,6.0,21148.0482,10681.563361615128,44881.56336161513,True,False,False,1.9798645089722398,0.47119678139569504,6,10270.030462239585,10878.017737760416,0.485625451820163,7600.0,0,0.0,0.0,881.168675
MD,31359,I66_WB,110-58633,2,6.0,13906.1981,0.0,24000.0,True,False,False,,0.5794249208333333,0,0.0,13906.1981,0.0,4000.0,0,0.0,0.0,1158.8498416666666
MD,31361,I66_EB,110-04177,4,6.0,25182.8843,0.0,45600.0,True,False,False,,0.5522562346491229,0,0.0,25182.8843,0.0,7600.0,0,0.0,0.0,1049.2868458333335
MD,31362,I66_WB,110-58633,2,6.0,12220.94,0.0,24000.0,True,False,False,,0.5092058333333334,0,0.0,12220.94,0.0,4000.0,0,0.0,0.0,1018.4116666666667
MD,31365,I66_WB,110-58632,2,6.0,13926.7166,0.0,24000.0,True,False,False,,0.5802798583333333,0,0.0,13926.7166,0.0,4000.0,0,0.0,0.0,1160.5597166666666
MD,31368,I66_WB,110+04179,4,6.0,21502.9707,0.0,48000.0,True,False,False,,0.44797855625000005,0,0.0,21502.9707,0.0,8000.0,0,0.0,0.0,895.9571125000001
MD,31369,I66_WB,110-58632,2,6.0,13926.7166,0.0,24000.0,True,False,False,,0.5802798583333333,0,0.0,13926.7166,0.0,4000.0,0,0.0,0.0,1160.5597166666666
MD,31371,I66_EB,110-04178,4,6.0,25874.175,32473.665325743692,46473.66532574369,False,True,False,0.7967740857231811,0.5567491786723183,17,31600.529761929924,-5726.354761929924,1.22131545303106,8000.0,0,0.0,0.0,1078.090625
MD,31372,I66_WB,110+04179,4,6.0,21502.9707,0.0,45600.0,True,False,False,,0.471556375,0,0.0,21502.9707,0.0,7600.0,0,0.0,0.0,895.9571125000001
MD,31373,I66_WB,110-58632,2,6.0,13926.7166,0.0,24000.0,True,False,False,,0.5802798583333333,0,0.0,13926.7166,0.0,4000.0,0,0.0,0.0,1160.5597166666666
MD,31375,I66_EB,110+58633,4,6.0,25874.175,0.0,48000.0,True,False,False,,0.5390453125,0,0.0,25874.175,0.0,8000.0,0,0.0,0.0,1078.090625
MD,31376,I66_WB,110-58631,2,6.0,12511.1481,0.0,24000.0,True,False,False,,0.5212978375,0,0.0,12511.1481,0.0,4000.0,0,0.0,0.0,1042.595675
MD,31379,I66_WB,110N58631,2,6.0,12511.1481,0.0,24000.0,True,False,False,,0.5212978375,0,0.0,12511.1481,0.0,4000.0,0,0.0,0.0,1042.595675
MD,31381,I66_WB,110P04180,4,6.0,19403.1607,0.0,45600.0,True,False,False,,0.4255079100877193,0,0.0,19403.1607,0.0,7600.0,0,0.0,0.0,808.4650291666667
MD,31382,I66_EB,110+58632,4,6.0,23317.1972,0.0,45600.0,True,False,False,,0.5113420438596491,0,0.0,23317.1972,0.0,7600.0,0,0.0,0.0,971.5498833333332
MD,31383,I66_WB,110-58630,2,6.0,9777.1033,0.0,24000.0,True,False,False,,0.4073793041666667,0,0.0,9777.1033,0.0,4000.0,0,0.0,0.0,814.7586083333334
MD,31386,I66_WB,110-58629,2,6.0,8379.6485,0.0,24000.0,True,False,False,,0.3491520208333333,0,0.0,8379.6485,0.0,4000.0,0,0.0,0.0,698.3040416666666
MD,31388,I66_WB,110P04182,5,6.0,26706.669,2346.922595698175,56971.922595698175,True,False,False,11.379441762993109,0.4687689616782665,1,2011.973706827544,24694.69529317246,0.07533600340901907,9500.0,0,0.0,0.0,890.2223
MD,31392,I66_EB,110+58630,5,6.0,26914.1782,0.0,60000.0,True,False,False,,0.44856963666666666,0,0.0,26914.1782,0.0,10000.0,0,0.0,0.0,897.1392733333332
MD,31393,I66_EB,110+58631,4,6.0,22374.3979,0.0,45600.0,True,False,False,,0.4906666206140351,0,0.0,22374.3979,0.0,7600.0,0,0.0,0.0,932.2665791666667
MD,31395,I66_EB,110-04180,4,6.0,23317.1972,0.0,45600.0,True,False,False,,0.5113420438596491,0,0.0,23317.1972,0.0,7600.0,0,0.0,0.0,971.5498833333332
MD,31397,I66_WB,110-58630,2,6.0,9777.1033,0.0,24000.0,True,False,False,,0.4073793041666667,0,0.0,9777.1033,0.0,4000.0,0,0.0,0.0,814.7586083333334
MD,31398,I66_WB,110+04181,4,6.0,19403.1607,0.0,45600.0,True,False,False,,0.4255079100877193,0,0.0,19403.1607,0.0,7600.0,0,0.0,0.0,808.4650291666667
MD,31399,I66_EB,110N04182,2,6.0,15860.7548,0.0,24000.0,True,False,False,,0.6608647833333333,0,0.0,15860.7548,0.0,4000.0,0,0.0,0.0,1321.7295666666666
MD,31403,I66_EB,110N04182,2,6.0,6783.6857,0.0,24000.0,True,False,False,,0.2826535708333333,0,0.0,6783.6857,0.0,4000.0,0,0.0,0.0,565.3071416666667
MD,31404,I66_WB,110+04183,2,6.0,8373.7351,2742.605183179775,23742.605183179774,True,False,False,3.053204723507266,0.3526881332269423,3,2176.585457164772,6197.1496428352275,0.25993005882939524,4000.0,0,0.0,0.0,697.8112583333333
MD,31405,I66_WB,110-58628,4,6.0,16200.4583,0.0,45600.0,True,False,False,,0.3552732083333333,0,0.0,16200.4583,0.0,7600.0,0,0.0,0.0,675.0190958333334
MD,31406,I66_WB,110+04183,2,6.0,8373.7351,2742.605183179775,23742.605183179774,True,False,False,3.053204723507266,0.3526881332269423,3,2190.6864358175626,6183.048664182437,0.2616140121052507,4000.0,0,0.0,0.0,697.8112583333333
MD,31407,I66_EB,110N04182,2,6.0,10995.7105,0.0,24000.0,True,False,False,,0.45815460416666665,0,0.0,10995.7105,0.0,4000.0,0,0.0,0.0,916.3092083333332
MD,31408,I66_EB,110P58629,4,6.0,18235.495,0.0,45600.0,True,False,False,,0.39990120614035085,0,0.0,18235.495,0.0,7600.0,0,0.0,0.0,759.8122916666666
MD,31409,I66_EB,110+58629,4,6.0,18235.495,0.0,45600.0,True,False,False,,0.39990120614035085,0,0.0,18235.495,0.0,7600.0,0,0.0,0.0,759.8122916666666
MD,31410,I66_EB,110-04182,2,6.0,10995.7105,2990.4599060675605,23990.45990606756,True,False,False,3.676929584539825,0.4583367948364763,3,2961.1437327332087,8034.5667672667905,0.26929989951383393,4000.0,0,0.0,0.0,916.3092083333332
MD,31411,I66_WB,110+04183,2,6.0,8373.7351,2742.605183179775,23742.605183179774,True,False,False,3.053204723507266,0.3526881332269423,3,2177.5255224363636,6196.209577563636,0.2600423223844714,4000.0,0,0.0,0.0,697.8112583333333
MD,31412,I66_WB,110-58628,4,6.0,16200.4583,0.0,45600.0,True,False,False,,0.3552732083333333,0,0.0,16200.4583,0.0,7600.0,0,0.0,0.0,675.0190958333334
MD,31413,I66_EB,110-04182,2,6.0,10995.7105,2990.4599060675605,23990.45990606756,True,False,False,3.676929584539825,0.4583367948364763,3,2967.5119846395896,8028.198515360409,0.2698790573505541,4000.0,0,0.0,0.0,916.3092083333332
MD,31414,I66_WB,110P04183,2,6.0,8373.7351,2862.4048572597767,23862.404857259775,True,False,False,2.925419539713995,0.35091748506028797,3,2384.4933311274976,5989.241768872502,0.28475862953050635,4000.0,0,0.0,0.0,697.8112583333333
MD,31415,I66_EB,110N04183,2,6.0,10995.7105,2979.557525956186,23979.557525956185,True,False,False,3.690383690937904,0.4585451790800525,3,2931.3921102191553,8064.318389780844,0.26659415143925036,4000.0,0,0.0,0.0,916.3092083333332
MD,31416,I66_WB,110+04184,2,6.0,8373.7351,0.0,24000.0,True,False,False,,0.3489056291666667,0,0.0,8373.7351,0.0,4000.0,0,0.0,0.0,697.8112583333333
MD,31417,I66_WB,110-58628,3,6.0,16040.7939,0.0,34200.0,True,False,False,,0.4690290614035088,0,0.0,16040.7939,0.0,5700.0,0,0.0,0.0,891.1552166666667
MD,31418,I66_WB,110+04184,2,6.0,8373.7351,0.0,24000.0,True,False,False,,0.3489056291666667,0,0.0,8373.7351,0.0,4000.0,0,0.0,0.0,697.8112583333333
MD,31419,I66_EB,110-04183,2,6.0,10995.7105,1984.9424419785328,23984.942441978532,True,False,False,5.5395613834725586,0.4584422300199173,2,1908.2218725515886,9087.48862744841,0.17354238933005636,4000.0,0,0.0,0.0,916.3092083333332
MD,31420,I66_EB,110+58629,3,6.0,15397.8275,0.0,36000.0,True,False,False,,0.42771743055555556,0,0.0,15397.8275,0.0,6000.0,0,0.0,0.0,855.434861111111
MD,31421,I66_EB,110+58629,3,6.0,15397.8275,0.0,34200.0,True,False,False,,0.4502288742690058,0,0.0,15397.8275,0.0,5700.0,0,0.0,0.0,855.434861111111
MD,31422,I66_EB,110-04183,2,6.0,10995.7105,1984.9424419785328,23984.942441978532,True,False,False,5.5395613834725586,0.4584422300199173,2,1903.88785365262,9091.82264634738,0.17314823390927037,4000.0,0,0.0,0.0,916.3092083333332
MD,31423,I66_WB,110+04184,2,6.0,8373.7351,0.0,24000.0,True,False,False,,0.3489056291666667,0,0.0,8373.7351,0.0,4000.0,0,0.0,0.0,697.8112583333333
MD,31424,I66_WB,110-58628,3,6.0,16040.7939,0.0,36000.0,True,False,False,,0.4455776083333334,0,0.0,16040.7939,0.0,6000.0,0,0.0,0.0,891.1552166666667
MD,31425,I66_WB,110-58628,3,6.0,16040.7939,0.0,36000.0,True,False,False,,0.4455776083333334,0,0.0,16040.7939,0.0,6000.0,0,0.0,0.0,891.1552166666667
MD,31426,I66_WB,110+04184,2,6.0,8373.7351,0.0,24000.0,True,False,False,,0.3489056291666667,0,0.0,8373.7351,0.0,4000.0,0,0.0,0.0,697.8112583333333
MD,31427,I66_EB,110-04183,2,6.0,10995.7105,1984.9424419785328,23984.942441978532,True,False,False,5.5395613834725586,0.4584422300199173,2,1886.919577959419,9108.79092204058,0.17160506162465983,4000.0,0,0.0,0.0,916.3092083333332
MD,31428,I66_EB,110+58629,3,6.0,15397.8275,0.0,36000.0,True,False,False,,0.42771743055555556,0,0.0,15397.8275,0.0,6000.0,0,0.0,0.0,855.434861111111
MD,31429,I66_EB,110-04183,2,6.0,10995.7105,1984.9424419785328,23984.942441978532,True,False,False,5.5395613834725586,0.4584422300199173,2,1898.541570995465,9097.168929004534,0.17266201861129984,4000.0,0,0.0,0.0,916.3092083333332
MD,31720,I66_EB,110P58636,3,6.0,18253.3525,0.0,36000.0,True,False,False,,0.5070375694444444,0,0.0,18253.3525,0.0,6000.0,0,0.0,0.0,1014.0751388888889
MD,31724,I66_EB,110+58636,3,6.0,12036.9284,0.0,36000.0,True,False,False,,0.33435912222222225,0,0.0,12036.9284,0.0,6000.0,0,0.0,0.0,668.7182444444445
MD,31781,I66_EB,110+58635,4,6.0,27838.9502,0.0,45600.0,True,False,False,,0.6105032938596491,0,0.0,27838.9502,0.0,7600.0,0,0.0,0.0,1159.9562583333334
MD,31785,I66_EB,110+58635,4,6.0,23502.6181,0.0,45600.0,True,False,False,,0.5154082916666667,0,0.0,23502.6181,0.0,7600.0,0,0.0,0.0,979.2757541666666
MD,31790,I66_EB,110+58634,4,6.0,25182.8843,0.0,45600.0,True,False,False,,0.5522562346491229,0,0.0,25182.8843,0.0,7600.0,0,0.0,0.0,1049.2868458333335
MD,31795,I66_EB,110N04178,4,6.0,23332.4633,11384.868020444206,45584.868020444206,True,False,False,2.0494276488845613,0.5118466788043721,6,11210.761700876985,12121.701599123015,0.4804791314458849,7600.0,0,0.0,0.0,972.1859708333333
MD,31800,I66_EB,110+58633,4,6.0,25874.175,0.0,48000.0,True,False,False,,0.5390453125,0,0.0,25874.175,0.0,8000.0,0,0.0,0.0,1078.090625
MD,31804,I66_EB,110N04179,4,6.0,21832.1747,23331.909931907765,44231.909931907765,False,True,False,0.9357217117550763,0.49358426379528386,13,22693.754281743473,-861.5795817434737,1.0394637544625123,7600.0,0,0.0,0.0,909.6739458333333
MD,31809,I66_EB,110+58631,4,6.0,23317.1972,0.0,45600.0,True,False,False,,0.5113420438596491,0,0.0,23317.1972,0.0,7600.0,0,0.0,0.0,971.5498833333332
MD,31818,I66_EB,110+58630,5,6.0,20067.2226,0.0,57000.0,True,False,False,,0.3520565368421053,0,0.0,20067.2226,0.0,9500.0,0,0.0,0.0,668.90742
MD,31823,I66_EB,110+58630,4,6.0,16088.7625,0.0,45600.0,True,False,False,,0.35282373903508774,0,0.0,16088.7625,0.0,7600.0,0,0.0,0.0,670.3651041666667
MD,31829,I66_EB,110+58629,4,6.0,18235.495,0.0,45600.0,True,False,False,,0.39990120614035085,0,0.0,18235.495,0.0,7600.0,0,0.0,0.0,759.8122916666666
MD,31833,I66_EB,110+58629,3,6.0,13722.4707,0.0,34200.0,True,False,False,,0.40124183333333335,0,0.0,13722.4707,0.0,5700.0,0,0.0,0.0,762.3594833333333
MD,32029,I66_WB,110+04178,4,6.0,21148.0482,10681.563361615128,44881.56336161513,True,False,False,1.9798645089722398,0.47119678139569504,6,10174.72384106775,10973.324358932252,0.4811188127076308,7600.0,0,0.0,0.0,881.168675
MD,32031,I66_WB,110P04178,4,6.0,19205.2447,9405.253776468347,45505.25377646835,True,False,False,2.0419698560448123,0.4220445576315279,5,9288.010450391535,9917.234249608464,0.48361843837332286,7600.0,0,0.0,0.0,800.2185291666666
MD,32032,I66_WB,110+04179,4,6.0,21502.9707,0.0,48000.0,True,False,False,,0.44797855625000005,0,0.0,21502.9707,0.0,8000.0,0,0.0,0.0,895.9571125000001
MD,32034,I66_WB,110P04179,4,6.0,17680.2577,0.0,45600.0,True,False,False,,0.38772494956140346,0,0.0,17680.2577,0.0,7600.0,0,0.0,0.0,736.6774041666666
MD,32035,I66_WB,110+04180,4,6.0,19403.1607,0.0,45600.0,True,False,False,,0.4255079100877193,0,0.0,19403.1607,0.0,7600.0,0,0.0,0.0,808.4650291666667
MD,32037,I66_WB,110P04181,4,6.0,18424.9041,0.0,45600.0,True,False,False,,0.4040549144736842,0,0.0,18424.9041,0.0,7600.0,0,0.0,0.0,767.7043375
MD,32038,I66_WB,110P04181,5,6.0,22002.7391,0.0,57000.0,True,False,False,,0.3860129666666666,0,0.0,22002.7391,0.0,9500.0,0,0.0,0.0,733.4246366666666
MD,32041,I66_WB,110-58629,3,6.0,13276.281,0.0,34200.0,True,False,False,,0.38819535087719304,0,0.0,13276.281,0.0,5700.0,0,0.0,0.0,737.5711666666667
MD,32042,I66_WB,110N58629,4,6.0,16200.4583,0.0,45600.0,True,False,False,,0.3552732083333333,0,0.0,16200.4583,0.0,7600.0,0,0.0,0.0,675.0190958333334
MD,32044,I66_WB,110-58628,3,6.0,13442.7135,0.0,36000.0,True,False,False,,0.37340870833333334,0,0.0,13442.7135,0.0,6000.0,0,0.0,0.0,746.8174166666666
MD,32045,I66_WB,110-58628,3,6.0,16040.7939,0.0,36000.0,True,False,False,,0.4455776083333334,0,0.0,16040.7939,0.0,6000.0,0,0.0,0.0,891.1552166666667
MD,32130,I66_WB,110+04174,2,6.0,0.0,0.0,24000.0,True,False,False,,0.0,0,0.0,0.0,,4000.0,0,0.0,,0.0
MD,32133,I66_WB,110+04173,4,6.0,0.0,0.0,48000.0,True,False,False,,0.0,0,0.0,0.0,,8000.0,0,0.0,,0.0
MD,32134,I66_WB,110P04173,4,6.0,0.0,0.0,48000.0,True,False,False,,0.0,0,0.0,0.0,,8000.0,0,0.0,,0.0
MD,32136,I66_WB,110+04174,2,6.0,0.0,0.0,24000.0,True,False,False,,0.0,0,0.0,0.0,,4000.0,0,0.0,,0.0
MD,32140,I66_WB,110+04173,4,6.0,0.0,0.0,48000.0,True,False,False,,0.0,0,0.0,0.0,,8000.0,0,0.0,,0.0
MD,32141,I395_NB,110+04122,4,6.0,24028.2957,0.0,48000.0,True,False,False,,0.50058949375,0,0.0,24028.2957,0.0,8000.0,0,0.0,0.0,1001.1789875
MD,32367,I66_EB,110+58629,3,6.0,15397.8275,0.0,36000.0,True,False,False,,0.42771743055555556,0,0.0,15397.8275,0.0,6000.0,0,0.0,0.0,855.434861111111
MD,32368,I66_WB,110-58628,3,6.0,16040.7939,0.0,36000.0,True,False,False,,0.4455776083333334,0,0.0,16040.7939,0.0,6000.0,0,0.0,0.0,891.1552166666667
MD,32369,I66_WB,110-58628,3,6.0,16040.7939,0.0,36000.0,True,False,False,,0.4455776083333334,0,0.0,16040.7939,0.0,6000.0,0,0.0,0.0,891.1552166666667
MD,32370,I66_EB,110+58629,3,6.0,15397.8275,0.0,36000.0,True,False,False,,0.42771743055555556,0,0.0,15397.8275,0.0,6000.0,0,0.0,0.0,855.434861111111
MD,32551,I66_WB,110P04174,2,6.0,0.0,0.0,24000.0,True,False,False,,0.0,0,0.0,0.0,,4000.0,0,0.0,,0.0
MD,32552,I66_WB,110+04175,2,6.0,0.0,0.0,24000.0,True,False,False,,0.0,0,0.0,0.0,,4000.0,0,0.0,,0.0
MD,32573,I66_WB,110P04175,2,6.0,0.0,0.0,24000.0,True,False,False,,0.0,0,0.0,0.0,,4000.0,0,0.0,,0.0
MD,32581,I395_NB,110P04120,3,6.0,18825.2518,7941.315564639908,33591.31556463991,True,False,False,2.3705457422977516,0.5604202003870461,6,7499.043463699718,11326.20833630028,0.39835023421571014,5700.0,0,0.0,0.0,1045.8473222222221
MD,32590,I395_SB,110N04120,3,6.0,16200.5006,0.0,34200.0,True,False,False,,0.4736988479532164,0,0.0,16200.5006,0.0,5700.0,0,0.0,0.0,900.0278111111111
MD,32611,I395_SB,110N04121,4,6.0,19903.237,0.0,48000.0,True,False,False,,0.41465077083333335,0,0.0,19903.237,0.0,8000.0,0,0.0,0.0,829.3015416666667
MD,32616,I395_SB,110-04121,4,6.0,18573.7016,0.0,45600.0,True,False,False,,0.40731801754385966,0,0.0,18573.7016,0.0,7600.0,0,0.0,0.0,773.9042333333333
MD,32619,I395_SB,110-04121,4,6.0,22660.5059,0.0,45600.0,True,False,False,,0.49694091885964914,0,0.0,22660.5059,0.0,7600.0,0,0.0,0.0,944.1877458333333
MD,32622,I395_NB,110+04122,4,6.0,25948.539,0.0,45600.0,True,False,False,,0.5690469078947369,0,0.0,25948.539,0.0,7600.0,0,0.0,0.0,1081.189125
MD,32624,I395_SB,110N04122,4,6.0,22660.5059,0.0,45600.0,True,False,False,,0.49694091885964914,0,0.0,22660.5059,0.0,7600.0,0,0.0,0.0,944.1877458333333
MD,32627,I395_SB,110-04121,4,6.0,22952.5131,0.0,48000.0,True,False,False,,0.47817735625,0,0.0,22952.5131,0.0,8000.0,0,0.0,0.0,956.3547125
MD,32843,I66_EB,110+58630,5,6.0,28102.7302,0.0,60000.0,True,False,False,,0.4683788366666667,0,0.0,28102.7302,0.0,10000.0,0,0.0,0.0,936.7576733333334
MD,32847,I66_WB,110-58629,1,6.0,6188.217,0.0,12000.0,True,False,False,,0.51568475,0,0.0,6188.217,0.0,2000.0,0,0.0,0.0,1031.3695
MD,32848,I66_WB,110-58629,5,6.0,26706.669,0.0,60000.0,True,False,False,,0.44511115,0,0.0,26706.669,0.0,10000.0,0,0.0,0.0,890.2223
MD,32854,I66_WB,110N58631,2,6.0,9777.1033,0.0,24000.0,True,False,False,,0.4073793041666667,0,0.0,9777.1033,0.0,4000.0,0,0.0,0.0,814.7586083333334
MD,32866,I66_EB,110N04182,2,6.0,7758.2835,0.0,24000.0,True,False,False,,0.32326181249999997,0,0.0,7758.2835,0.0,4000.0,0,0.0,0.0,646.5236249999999
MD,32867,I66_WB,110P04182,2,6.0,6200.1109,988.1779350308104,23988.17793503081,True,False,False,6.274285915731043,0.2584652705508638,1,852.559881627881,5347.551018372119,0.1375071987225069,4000.0,0,0.0,0.0,516.6759083333333
MD,32868,I66_WB,110+04182,5,6.0,22002.7391,0.0,60000.0,True,False,False,,0.3667123183333333,0,0.0,22002.7391,0.0,10000.0,0,0.0,0.0,733.4246366666666
MD,32869,I66_EB,110N04181,5,6.0,28102.7302,0.0,57000.0,True,False,False,,0.49303035438596493,0,0.0,28102.7302,0.0,9500.0,0,0.0,0.0,936.7576733333334
MD,35757,I66_WB,110-58629,4,6.0,13281.5927,0.0,45600.0,True,False,False,,0.29126299780701753,0,0.0,13281.5927,0.0,7600.0,0,0.0,0.0,553.3996958333333
MD,35760,I66_EB,110-04181,1,6.0,6846.9556,0.0,11400.0,True,False,False,,0.6006101403508772,0,0.0,6846.9556,0.0,1900.0,0,0.0,0.0,1141.1592666666668
MD,35765,I66_WB,110N58631,2,6.0,7118.7067,0.0,24000.0,True,False,False,,0.2966127791666667,0,0.0,7118.7067,0.0,4000.0,0,0.0,0.0,593.2255583333333
MD,35779,I66_EB,110N04176,2,6.0,11752.8597,0.0,24000.0,True,False,False,,0.48970248750000006,0,0.0,11752.8597,0.0,4000.0,0,0.0,0.0,979.404975
MD,35786,I66_WB,110+04181,4,6.0,19403.1607,0.0,45600.0,True,False,False,,0.4255079100877193,0,0.0,19403.1607,0.0,7600.0,0,0.0,0.0,808.4650291666667
MD,35787,I66_EB,110N04180,4,6.0,23317.1972,11034.401609347366,45234.40160934736,True,False,False,2.113136536579178,0.5154748680301249,6,10572.159685427872,12745.037514572126,0.4534061102947602,7600.0,0,0.0,0.0,971.5498833333332
MD,38163,I66_EB,110+58628,3,6.0,20410.7732,0.0,36000.0,True,False,False,,0.5669659222222222,0,0.0,20410.7732,0.0,6000.0,0,0.0,0.0,1133.9318444444446
MD,38167,I66_EB,110+58628,3,6.0,12028.9516,0.0,36000.0,True,False,False,,0.33413754444444443,0,0.0,12028.9516,0.0,6000.0,0,0.0,0.0,668.275088888889
MD,38189,I66_EB,110P58625,3,6.0,14603.0415,0.0,36000.0,True,False,False,,0.4056400416666667,0,0.0,14603.0415,0.0,6000.0,0,0.0,0.0,811.2800833333332
MD,38500,I66_EB,110+58626,4,6.0,15143.4253,0.0,48000.0,True,False,False,,0.31548802708333334,0,0.0,15143.4253,0.0,8000.0,0,0.0,0.0,630.9760541666667
MD,38749,I66_WB,110-58627,3,6.0,12011.2803,0.0,36000.0,True,False,False,,0.333646675,0,0.0,12011.2803,0.0,6000.0,0,0.0,0.0,667.29335
MD,38801,I66_WB,110-58627,3,6.0,15083.785,0.0,36000.0,True,False,False,,0.4189940277777778,0,0.0,15083.785,0.0,6000.0,0,0.0,0.0,837.9880555555555
MD,38954,I66_WB,110+04184,2,6.0,8373.7351,0.0,24000.0,True,False,False,,0.3489056291666667,0,0.0,8373.7351,0.0,4000.0,0,0.0,0.0,697.8112583333333
MD,38959,I66_WB,110N58625,3,6.0,8847.8761,0.0,36000.0,True,False,False,,0.2457743361111111,0,0.0,8847.8761,0.0,6000.0,0,0.0,0.0,491.5486722222222
MD,39007,I66_WB,110-58625,4,6.0,16107.5018,0.0,48000.0,True,False,False,,0.33557295416666666,0,0.0,16107.5018,0.0,8000.0,0,0.0,0.0,671.1459083333333
MD,39080,I66_WB,110-58628,3,6.0,16040.7939,0.0,36000.0,True,False,False,,0.4455776083333334,0,0.0,16040.7939,0.0,6000.0,0,0.0,0.0,891.1552166666667
MD,39139,I66_WB,110-58627,3,6.0,18605.6413,0.0,36000.0,True,False,False,,0.5168233694444444,0,0.0,18605.6413,0.0,6000.0,0,0.0,0.0,1033.6467388888889
MD,39141,I66_WB,110+04184,2,6.0,5808.8876,0.0,24000.0,True,False,False,,0.24203698333333334,0,0.0,5808.8876,0.0,4000.0,0,0.0,0.0,484.07396666666665
MD,39142,I66_EB,110-04183,2,6.0,10995.7105,1984.9424419785328,23984.942441978532,True,False,False,5.5395613834725586,0.4584422300199173,2,1885.9504817606517,9109.760018239347,0.1715169276019637,4000.0,0,0.0,0.0,916.3092083333332
MD,39143,I66_EB,110+58629,3,6.0,15397.8275,0.0,36000.0,True,False,False,,0.42771743055555556,0,0.0,15397.8275,0.0,6000.0,0,0.0,0.0,855.434861111111
MD,39145,I66_WB,110P04184,2,6.0,5808.8876,0.0,24000.0,True,False,False,,0.24203698333333334,0,0.0,5808.8876,0.0,4000.0,0,0.0,0.0,484.07396666666665
MD,39146,I66_EB,110-04183,2,6.0,5982.7648,1984.9424419785328,23984.942441978532,True,False,False,3.01407470235588,0.24943836385985832,2,1905.8737500612892,4076.8910499387107,0.3185607012432261,4000.0,0,0.0,0.0,498.56373333333335
MD,39147,I66_EB,110N04184,2,6.0,5982.7648,1992.6828184134852,23992.682818413487,True,False,False,3.0023668316482497,0.249357891540518,2,1719.4902564881309,4263.274543511869,0.2874072964539958,4000.0,0,0.0,0.0,498.56373333333335
MD,39148,I66_WB,110+04185,2,6.0,5808.8876,0.0,24000.0,True,False,False,,0.24203698333333334,0,0.0,5808.8876,0.0,4000.0,0,0.0,0.0,484.07396666666665
MD,39149,I66_WB,110-58626,3,6.0,15083.785,0.0,36000.0,True,False,False,,0.4189940277777778,0,0.0,15083.785,0.0,6000.0,0,0.0,0.0,837.9880555555555
MD,39150,I66_WB,110+04185,2,6.0,5808.8876,0.0,24000.0,True,False,False,,0.24203698333333334,0,0.0,5808.8876,0.0,4000.0,0,0.0,0.0,484.07396666666665
MD,39151,I66_EB,110-04184,2,6.0,5982.7648,0.0,24000.0,True,False,False,,0.24928186666666666,0,0.0,5982.7648,0.0,4000.0,0,0.0,0.0,498.56373333333335
MD,39152,I66_EB,110+58628,3,6.0,15747.2277,0.0,36000.0,True,False,False,,0.43742299166666665,0,0.0,15747.2277,0.0,6000.0,0,0.0,0.0,874.8459833333333
MD,39153,I66_WB,110-58626,3,6.0,15083.785,0.0,36000.0,True,False,False,,0.4189940277777778,0,0.0,15083.785,0.0,6000.0,0,0.0,0.0,837.9880555555555
MD,39154,I66_WB,110+04185,2,6.0,2915.8977,0.0,24000.0,True,False,False,,0.1214957375,0,0.0,2915.8977,0.0,4000.0,0,0.0,0.0,242.991475
MD,39156,I66_EB,110-04184,2,6.0,3798.562,0.0,24000.0,True,False,False,,0.15827341666666667,0,0.0,3798.562,0.0,4000.0,0,0.0,0.0,316.5468333333333
MD,39157,I66_EB,110+58627,3,6.0,15747.2277,0.0,36000.0,True,False,False,,0.43742299166666665,0,0.0,15747.2277,0.0,6000.0,0,0.0,0.0,874.8459833333333
MD,39158,I66_WB,110P04185,2,6.0,7679.3538,0.0,24000.0,True,False,False,,0.319973075,0,0.0,7679.3538,0.0,4000.0,0,0.0,0.0,639.94615
MD,39159,I66_EB,110N04185,2,6.0,3789.3265,0.0,24000.0,True,False,False,,0.15788860416666667,0,0.0,3789.3265,0.0,4000.0,0,0.0,0.0,315.77720833333336
MD,39161,I66_WB,110P04185,2,6.0,7679.3538,0.0,24000.0,True,False,False,,0.319973075,0,0.0,7679.3538,0.0,4000.0,0,0.0,0.0,639.94615
MD,39162,I66_EB,110N04185,2,6.0,10508.3666,0.0,24000.0,True,False,False,,0.43784860833333333,0,0.0,10508.3666,0.0,4000.0,0,0.0,0.0,875.6972166666666
MD,39163,I66_WB,110-58625,4,6.0,16107.5018,0.0,48000.0,True,False,False,,0.33557295416666666,0,0.0,16107.5018,0.0,8000.0,0,0.0,0.0,671.1459083333333
MD,39164,I66_WB,110+04186,2,6.0,7679.3538,0.0,24000.0,True,False,False,,0.319973075,0,0.0,7679.3538,0.0,4000.0,0,0.0,0.0,639.94615
MD,39165,I66_EB,110-04185,2,6.0,10508.3666,0.0,24000.0,True,False,False,,0.43784860833333333,0,0.0,10508.3666,0.0,4000.0,0,0.0,0.0,875.6972166666666
MD,39166,I66_EB,110+58626,4,6.0,15143.4253,0.0,48000.0,True,False,False,,0.31548802708333334,0,0.0,15143.4253,0.0,8000.0,0,0.0,0.0,630.9760541666667
MD,39167,I66_EB,110P58625,3,6.0,14603.0415,0.0,36000.0,True,False,False,,0.4056400416666667,0,0.0,14603.0415,0.0,6000.0,0,0.0,0.0,811.2800833333332
MD,39168,I66_EB,110N04186,2,6.0,3981.2154,0.0,24000.0,True,False,False,,0.165883975,0,0.0,3981.2154,0.0,4000.0,0,0.0,0.0,331.76795
MD,39170,I66_WB,110+04186,2,6.0,1733.1712,0.0,24000.0,True,False,False,,0.07221546666666667,0,0.0,1733.1712,0.0,4000.0,0,0.0,0.0,144.43093333333334
MD,39171,I66_WB,110N58625,3,6.0,15756.6101,0.0,36000.0,True,False,False,,0.4376836138888889,0,0.0,15756.6101,0.0,6000.0,0,0.0,0.0,875.3672277777778
MD,39173,I66_WB,110P04186,2,6.0,1733.1712,0.0,24000.0,True,False,False,,0.07221546666666667,0,0.0,1733.1712,0.0,4000.0,0,0.0,0.0,144.43093333333334
MD,39174,I66_EB,110N04186,2,6.0,3981.2154,0.0,24000.0,True,False,False,,0.165883975,0,0.0,3981.2154,0.0,4000.0,0,0.0,0.0,331.76795
MD,39175,I66_EB,110N04186,2,6.0,3981.2154,0.0,24000.0,True,False,False,,0.165883975,0,0.0,3981.2154,0.0,4000.0,0,0.0,0.0,331.76795
MD,39177,I66_WB,110+04187,2,6.0,1419.1549,0.0,24000.0,True,False,False,,0.05913145416666667,0,0.0,1419.1549,0.0,4000.0,0,0.0,0.0,118.26290833333333
MD,39179,I66_WB,110+04187,2,6.0,1419.1549,0.0,24000.0,True,False,False,,0.05913145416666667,0,0.0,1419.1549,0.0,4000.0,0,0.0,0.0,118.26290833333333
MD,39180,I66_EB,110N04186,2,6.0,3179.0544,0.0,24000.0,True,False,False,,0.1324606,0,0.0,3179.0544,0.0,4000.0,0,0.0,0.0,264.9212
MD,39183,I66_EB,110-04186,2,6.0,3179.0544,0.0,24000.0,True,False,False,,0.1324606,0,0.0,3179.0544,0.0,4000.0,0,0.0,0.0,264.9212
MD,39184,I66_WB,110+04187,2,6.0,1419.1549,0.0,24000.0,True,False,False,,0.05913145416666667,0,0.0,1419.1549,0.0,4000.0,0,0.0,0.0,118.26290833333333
MD,39208,I66_EB,110+58627,3,6.0,14026.6892,0.0,36000.0,True,False,False,,0.3896302555555556,0,0.0,14026.6892,0.0,6000.0,0,0.0,0.0,779.2605111111111
MD,39209,I66_EB,110P58626,4,6.0,14026.6892,0.0,48000.0,True,False,False,,0.2922226916666667,0,0.0,14026.6892,0.0,8000.0,0,0.0,0.0,584.4453833333333
MD,39211,I66_WB,110N58626,3,6.0,13479.3618,0.0,36000.0,True,False,False,,0.37442671666666666,0,0.0,13479.3618,0.0,6000.0,0,0.0,0.0,748.8534333333333
MD,39213,I66_WB,110-58625,4,6.0,16107.5018,0.0,48000.0,True,False,False,,0.33557295416666666,0,0.0,16107.5018,0.0,8000.0,0,0.0,0.0,671.1459083333333
MD,40894,I66_WB,110P04187,2,6.0,1419.1549,0.0,24000.0,True,False,False,,0.05913145416666667,0,0.0,1419.1549,0.0,4000.0,0,0.0,0.0,118.26290833333333
MD,40899,I66_EB,110N04187,2,6.0,3179.0544,0.0,24000.0,True,False,False,,0.1324606,0,0.0,3179.0544,0.0,4000.0,0,0.0,0.0,264.9212
MD,40900,I66_EB,110-04186,2,6.0,3179.0544,0.0,24000.0,True,False,False,,0.1324606,0,0.0,3179.0544,0.0,4000.0,0,0.0,0.0,264.9212
MD,40944,I66_EB,110-04185,2,6.0,3440.8315,0.0,24000.0,True,False,False,,0.14336797916666666,0,0.0,3440.8315,0.0,4000.0,0,0.0,0.0,286.7359583333333
MD,40960,I66_WB,110+04186,2,6.0,1382.2796,0.0,24000.0,True,False,False,,0.057594983333333336,0,0.0,1382.2796,0.0,4000.0,0,0.0,0.0,115.18996666666668
MD,40962,I66_EB,110-04185,2,6.0,10508.3666,0.0,24000.0,True,False,False,,0.43784860833333333,0,0.0,10508.3666,0.0,4000.0,0,0.0,0.0,875.6972166666666
MD,40966,I66_EB,110-04184,2,6.0,5982.7648,0.0,24000.0,True,False,False,,0.24928186666666666,0,0.0,5982.7648,0.0,4000.0,0,0.0,0.0,498.56373333333335
MD,40967,I66_WB,110+04185,2,6.0,2931.3222,0.0,24000.0,True,False,False,,0.12213842500000001,0,0.0,2931.3222,0.0,4000.0,0,0.0,0.0,244.27685
PM,25785,I66_WB,110P04171,4,4.0,13422.6055,0.0,32000.0,True,False,False,,0.419456421875,0,0.0,13422.6055,0.0,8000.0,0,0.0,0.0,838.91284375
PM,25946,I66_WB,110+04164,3,4.0,6005.0065,0.0,22800.0,True,False,False,,0.2633774780701755,0,0.0,6005.0065,0.0,5700.0,0,0.0,0.0,500.41720833333335
PM,25947,I66_EB,110N04162,2,4.0,7592.0683,0.0,15200.0,True,False,False,,0.4994781776315789,0,0.0,7592.0683,0.0,3800.0,0,0.0,0.0,949.0085375
PM,25966,I66_WB,110+04166,2,4.0,4375.8469,954.689419288613,15954.689419288614,True,False,False,4.583529273070464,0.2742671314372166,1,907.1113725266255,3468.735527473374,0.20729961382484052,4000.0,0,0.0,0.0,546.9808625
PM,25972,I66_WB,110+04165,2,4.0,3916.9394,0.0,16000.0,True,False,False,,0.24480871250000003,0,0.0,3916.9394,0.0,4000.0,0,0.0,0.0,489.617425
PM,26055,I66_WB,110P04167,2,4.0,4509.6121,0.0,16000.0,True,False,False,,0.28185075625,0,0.0,4509.6121,0.0,4000.0,0,0.0,0.0,563.7015125
PM,26101,I66_WB,110P04168,3,4.0,8059.6433,0.0,24000.0,True,False,False,,0.3358184708333333,0,0.0,8059.6433,0.0,6000.0,0,0.0,0.0,671.6369416666666
PM,26177,I66_WB,110P04170,3,4.0,7443.6912,0.0,24000.0,True,False,False,,0.31015380000000004,0,0.0,7443.6912,0.0,6000.0,0,0.0,0.0,620.3076
PM,26269,I395_NB,110P04127,3,4.0,18451.2718,0.0,22800.0,True,False,False,,0.8092663070175438,0,0.0,18451.2718,0.0,5700.0,0,0.0,0.0,1537.6059833333331
PM,26271,I395_NB,110P04127,3,4.0,20700.1039,0.0,22800.0,True,False,False,,0.9078992938596491,0,0.0,20700.1039,0.0,5700.0,0,0.0,0.0,1725.0086583333332
PM,26274,I395_NB,110+04670,3,4.0,12993.4241,0.0,22800.0,True,False,False,,0.5698870219298245,0,0.0,12993.4241,0.0,5700.0,0,0.0,0.0,1082.7853416666667
PM,26297,I395_NB,110P04128,3,4.0,3732.1287,19267.59903135978,19267.59903135978,False,True,False,0.1936997284366163,0.1936997284366163,16,20009.638853652275,-16277.510153652274,5.361454671606656,5700.0,0,0.0,0.0,311.01072500000004
PM,26299,I66_WB,110P04166,3,4.0,5287.4945,1499.5283422227892,23999.528342222788,True,False,False,3.5261050765884234,0.22031660058492145,1,1358.7707876546658,3928.723712345334,0.2569781940491221,6000.0,0,0.0,0.0,440.62454166666663
PM,26304,I66_WB,110P04164,2,4.0,3916.9394,0.0,16000.0,True,False,False,,0.24480871250000003,0,0.0,3916.9394,0.0,4000.0,0,0.0,0.0,489.617425
PM,26313,I66_WB,110P04162,2,4.0,5997.6828,0.0,15200.0,True,False,False,,0.3945843947368421,0,0.0,5997.6828,0.0,3800.0,0,0.0,0.0,749.71035
PM,26354,I66_WB,110P04165,2,4.0,3916.9394,0.0,16000.0,True,False,False,,0.24480871250000003,0,0.0,3916.9394,0.0,4000.0,0,0.0,0.0,489.617425
PM,26359,I66_WB,110+04167,3,4.0,5287.4945,1499.869386488496,23999.869386488495,True,False,False,3.52530330149555,0.22031346982983024,1,1245.296273861493,4042.1982261385065,0.23551727077191156,6000.0,0,0.0,0.0,440.62454166666663
PM,26370,I66_WB,110+04169,3,4.0,8059.6433,2782.8363321753177,23782.836332175317,True,False,False,2.8961973820788267,0.33888486585160876,2,2427.920425373256,5631.722874626744,0.3012441537422948,6000.0,0,0.0,0.0,671.6369416666666
PM,26380,I66_WB,110+04166,2,4.0,4375.8469,954.689419288613,15954.689419288614,True,False,False,4.583529273070464,0.2742671314372166,1,831.2107335888512,3544.636166411148,0.1899542540185424,4000.0,0,0.0,0.0,546.9808625
PM,26423,I395_NB,110+04126,4,4.0,18403.7133,0.0,30400.0,True,False,False,,0.6053853059210527,0,0.0,18403.7133,0.0,7600.0,0,0.0,0.0,1150.23208125
PM,26424,I395_NB,110+04127,4,4.0,15129.1396,0.0,30400.0,True,False,False,,0.4976690657894737,0,0.0,15129.1396,0.0,7600.0,0,0.0,0.0,945.571225
PM,26469,I395_NB,110P04130,6,4.0,18261.7982,29169.63847713759,29169.63847713759,False,True,False,0.626055006280353,0.626055006280353,16,39879.633749981236,-21617.835549981235,2.183773652146766,11400.0,0,0.0,0.0,760.9082583333334
PM,26471,I395_SB,110N04129,3,4.0,16182.1656,0.0,22800.0,True,False,False,,0.7097441052631579,0,0.0,16182.1656,0.0,5700.0,0,0.0,0.0,1348.5138
PM,26501,I395_NB,110+04130,3,4.0,4694.0132,14386.042538901555,14386.042538901555,False,True,False,0.326289400806847,0.326289400806847,16,19709.232291168442,-15015.219091168441,4.198802059433587,5700.0,0,0.0,0.0,391.1677666666667
PM,26684,I395_SB,110-04127,3,4.0,12394.635,0.0,22800.0,True,False,False,,0.5436243421052631,0,0.0,12394.635,0.0,5700.0,0,0.0,0.0,1032.88625
PM,26699,I395_SB,110N04127,3,4.0,19020.0665,19886.22869038215,19886.22869038215,False,True,False,0.9564441200054656,0.9564441200054656,16,19347.45789015659,-327.3913901565902,1.0172129466611797,5700.0,0,0.0,0.0,1585.0055416666667
PM,26708,I395_NB,110+04125,4,4.0,20202.1909,0.0,30400.0,True,False,False,,0.6645457532894737,0,0.0,20202.1909,0.0,7600.0,0,0.0,0.0,1262.63693125
PM,26712,I395_SB,110N04130,6,4.0,27677.1328,0.0,45600.0,True,False,False,,0.6069546666666666,0,0.0,27677.1328,0.0,11400.0,0,0.0,0.0,1153.2138666666667
PM,26756,I395_NB,110P04124,4,4.0,20202.1909,0.0,30400.0,True,False,False,,0.6645457532894737,0,0.0,20202.1909,0.0,7600.0,0,0.0,0.0,1262.63693125
PM,26759,I395_SB,110N04124,4,4.0,28125.6096,25395.743499457076,29195.743499457076,True,False,False,1.107493056881807,0.9633462357457354,14,25554.0100292057,2571.5995707943002,0.9085673303666172,7600.0,0,0.0,0.0,1757.8506
PM,26761,I395_NB,110P04125,4,4.0,17077.2891,0.0,30400.0,True,False,False,,0.5617529309210527,0,0.0,17077.2891,0.0,7600.0,0,0.0,0.0,1067.33056875
PM,26764,I395_SB,110-04124,4,4.0,28125.6096,25129.41909319825,28929.41909319825,True,False,False,1.1192303926998746,0.972214806989082,14,24881.883860797003,3243.725739202997,0.8846700290114602,7600.0,0,0.0,0.0,1757.8506
PM,26768,I395_NB,110P04125,4,4.0,18403.7133,0.0,30400.0,True,False,False,,0.6053853059210527,0,0.0,18403.7133,0.0,7600.0,0,0.0,0.0,1150.23208125
PM,26772,I395_SB,110N04125,4,4.0,24194.0844,24838.844992164195,28638.844992164195,False,True,False,0.9740422474407487,0.8447995862479679,14,24391.912798563386,-197.82839856338614,1.0081767259836205,7600.0,0,0.0,0.0,1512.130275
PM,26776,I395_SB,110N04125,4,4.0,25316.5534,24838.844992164195,28638.844992164195,True,False,False,1.0192323116467978,0.8839935202319368,14,24391.92368274636,924.6297172536397,0.9634772671206643,7600.0,0,0.0,0.0,1582.2845875
PM,26778,I395_NB,110P04126,4,4.0,14751.2582,0.0,30400.0,True,False,False,,0.4852387565789474,0,0.0,14751.2582,0.0,7600.0,0,0.0,0.0,921.9536375
PM,26781,I395_SB,110-04125,4,4.0,25316.5534,26618.8795731637,28518.8795731637,False,True,False,0.9510750942922233,0.8877120622867284,15,26022.573475196976,-706.0200751969751,1.0278876853433365,7600.0,0,0.0,0.0,1582.2845875
PM,26785,I395_NB,110+04127,4,4.0,15129.1396,0.0,32000.0,True,False,False,,0.4727856125,0,0.0,15129.1396,0.0,8000.0,0,0.0,0.0,945.571225
PM,26788,I395_SB,110N04126,4,4.0,21256.295,28124.76131450264,28124.76131450264,False,True,False,0.7557857918260487,0.7557857918260487,16,27734.56449251844,-6478.2694925184405,1.3047694573545596,7600.0,0,0.0,0.0,1328.5184375
PM,26792,I395_SB,110N04126,4,4.0,21743.5893,28124.76131450264,28124.76131450264,False,True,False,0.773111958421771,0.773111958421771,16,27760.0421011805,-6016.452801180501,1.2767000755105553,7600.0,0,0.0,0.0,1358.97433125
PM,26796,I395_SB,110-04126,4,4.0,21743.5893,25464.457679914296,25464.457679914296,False,True,False,0.8538799283815409,0.8538799283815409,16,24990.081422362844,-3246.4921223628444,1.149308013390542,7600.0,0,0.0,0.0,1358.97433125
PM,26799,I395_SB,110N04127,3,4.0,27038.9247,19886.22869038215,19886.22869038215,False,False,True,1.3596808686544575,1.3596808686544575,16,19343.611310537446,7695.3133894625535,0.715398690042487,5700.0,0,0.0,0.0,2253.243725
PM,26810,I395_SB,110N04127,4,4.0,27095.169,26514.9715871762,26514.9715871762,False,False,True,1.0218818794851892,1.0218818794851892,16,25791.115401769144,1304.0535982308575,0.9518713613400656,7600.0,0,0.0,0.0,1693.4480625
PM,26814,I395_SB,110N04127,4,4.0,27095.169,26514.9715871762,26514.9715871762,False,False,True,1.0218818794851892,1.0218818794851892,16,25795.877837669846,1299.2911623301552,0.9520471283153777,7600.0,0,0.0,0.0,1693.4480625
PM,26821,I395_SB,110N04127,3,4.0,19020.0665,19886.22869038215,19886.22869038215,False,True,False,0.9564441200054656,0.9564441200054656,16,19348.007403844436,-327.9409038444355,1.017241837921252,5700.0,0,0.0,0.0,1585.0055416666667
PM,26824,I395_SB,110N04670,3,4.0,12477.5365,0.0,22800.0,True,False,False,,0.5472603728070176,0,0.0,12477.5365,0.0,5700.0,0,0.0,0.0,1039.7947083333333
PM,26825,I395_NB,110+04129,3,4.0,3732.1287,17064.59945201276,17064.59945201276,False,True,False,0.21870590695639197,0.21870590695639197,16,17991.093175215174,-14258.964475215173,4.820598275513696,5700.0,0,0.0,0.0,311.01072500000004
PM,26829,I395_SB,110N04128,3,4.0,12477.5365,0.0,22800.0,True,False,False,,0.5472603728070176,0,0.0,12477.5365,0.0,5700.0,0,0.0,0.0,1039.7947083333333
PM,26833,I395_SB,110-04128,3,4.0,15294.7596,0.0,22800.0,True,False,False,,0.6708227894736842,0,0.0,15294.7596,0.0,5700.0,0,0.0,0.0,1274.5633
PM,27878,I395_NB,110+04124,4,4.0,19305.8097,11221.46977013002,30221.469770130017,True,False,False,1.7204350317272488,0.6388110785757111,6,11229.566433835233,8076.243266164769,0.581667726365045,7600.0,0,0.0,0.0,1206.61310625
PM,28025,I395_NB,110+04123,4,4.0,18083.9709,0.0,30400.0,True,False,False,,0.5948674638157895,0,0.0,18083.9709,0.0,7600.0,0,0.0,0.0,1130.24818125
PM,28270,I395_NB,110P04122,4,4.0,16218.007,0.0,30400.0,True,False,False,,0.5334870723684211,0,0.0,16218.007,0.0,7600.0,0,0.0,0.0,1013.6254375
PM,28275,I395_NB,110P04122,4,4.0,18083.9709,0.0,30400.0,True,False,False,,0.5948674638157895,0,0.0,18083.9709,0.0,7600.0,0,0.0,0.0,1130.24818125
PM,28279,I395_SB,110N04122,4,4.0,19473.4757,0.0,30400.0,True,False,False,,0.6405748585526315,0,0.0,19473.4757,0.0,7600.0,0,0.0,0.0,1217.09223125
PM,28283,I395_SB,110N04122,4,4.0,28120.22,0.0,30400.0,True,False,False,,0.9250072368421053,0,0.0,28120.22,0.0,7600.0,0,0.0,0.0,1757.51375
PM,28285,I395_NB,110P04123,4,4.0,15720.2943,0.0,30400.0,True,False,False,,0.5171149440789473,0,0.0,15720.2943,0.0,7600.0,0,0.0,0.0,982.51839375
PM,28289,I395_SB,110-04122,4,4.0,29010.2595,27442.399396753943,29342.399396753943,True,False,False,1.0571327630859972,0.9886805474813799,15,27146.77737418808,1863.482125811919,0.9357647205530195,7600.0,0,0.0,0.0,1813.14121875
PM,28294,I395_NB,110+04124,4,4.0,19305.8097,11221.46977013002,30221.469770130017,True,False,False,1.7204350317272488,0.6388110785757111,6,11250.414387966972,8055.39531203303,0.5827476061761331,7600.0,0,0.0,0.0,1206.61310625
PM,28298,I395_SB,110N04123,4,4.0,26570.5973,24676.05200399326,28476.05200399326,True,False,False,1.0767766778778125,0.9330857134364675,14,24603.46804576029,1967.1292542397096,0.9259659377608456,7600.0,0,0.0,0.0,1660.66233125
PM,28302,I395_SB,110N04123,4,4.0,27987.4395,24676.05200399326,28476.05200399326,True,False,False,1.1341943798574774,0.9828412834783158,14,24602.874833118083,3384.564666881917,0.8790684418672199,7600.0,0,0.0,0.0,1749.21496875
PM,28303,I395_NB,110P04124,4,4.0,19022.3262,0.0,30400.0,True,False,False,,0.6257344144736842,0,0.0,19022.3262,0.0,7600.0,0,0.0,0.0,1188.8953875
PM,28307,I395_SB,110-04123,4,4.0,27987.4395,23761.708198520228,29461.708198520228,True,False,False,1.1778378585485252,0.9499598363887714,13,24151.856450275696,3835.583049724304,0.8629534134509053,7600.0,0,0.0,0.0,1749.21496875
PM,28312,I395_SB,110N04124,4,4.0,27161.132,25395.743499457076,29195.743499457076,True,False,False,1.0695151335333288,0.9303113654394549,14,25554.04512052981,1607.0868794701928,0.9408313733216203,7600.0,0,0.0,0.0,1697.57075
PM,28705,I66_WB,110+04173,4,4.0,13422.6055,0.0,32000.0,True,False,False,,0.419456421875,0,0.0,13422.6055,0.0,8000.0,0,0.0,0.0,838.91284375
PM,28712,I395_NB,110+04122,4,4.0,17263.9179,0.0,30400.0,True,False,False,,0.5678920361842106,0,0.0,17263.9179,0.0,7600.0,0,0.0,0.0,1078.99486875
PM,28724,I395_NB,110+04122,3,4.0,17263.9179,0.0,22800.0,True,False,False,,0.7571893815789474,0,0.0,17263.9179,0.0,5700.0,0,0.0,0.0,1438.659825
PM,29007,I395_NB,110+04121,4,4.0,18299.0187,26766.259004727806,26766.259004727806,False,True,False,0.6836599278504997,0.6836599278504997,16,29766.747456696685,-11467.728756696684,1.6266854493512641,8000.0,0,0.0,0.0,1143.68866875
PM,29361,I395_NB,110P04120,4,4.0,35436.8876,26203.409176788628,26203.409176788628,False,False,True,1.3523769888458075,1.3523769888458075,16,27284.01418476371,8152.873415236292,0.769932576831711,7600.0,0,0.0,0.0,2214.805475
PM,30296,I66_WB,110P04174,2,4.0,7484.5323,0.0,16000.0,True,False,False,,0.46778326875,0,0.0,7484.5323,0.0,4000.0,0,0.0,0.0,935.5665375
PM,30317,I66_WB,110N58636,2,4.0,4908.8713,0.0,16000.0,True,False,False,,0.30680445624999997,0,0.0,4908.8713,0.0,4000.0,0,0.0,0.0,613.6089125
PM,30949,I66_EB,110+58629,3,4.0,10649.5931,0.0,24000.0,True,False,False,,0.44373304583333334,0,0.0,10649.5931,0.0,6000.0,0,0.0,0.0,887.4660916666667
PM,31338,I66_EB,110N04175,2,4.0,3646.0457,0.0,16000.0,True,False,False,,0.22787785625,0,0.0,3646.0457,0.0,4000.0,0,0.0,0.0,455.7557125
PM,31343,I66_EB,110-04175,2,4.0,7453.8029,0.0,16000.0,True,False,False,,0.46586268124999997,0,0.0,7453.8029,0.0,4000.0,0,0.0,0.0,931.7253625
PM,31344,I66_EB,110+58635,4,4.0,15106.4678,0.0,30400.0,True,False,False,,0.49692328289473686,0,0.0,15106.4678,0.0,7600.0,0,0.0,0.0,944.1542375
PM,31346,I66_WB,110-58634,2,4.0,2299.1059,0.0,16000.0,True,False,False,,0.14369411875,0,0.0,2299.1059,0.0,4000.0,0,0.0,0.0,287.3882375
PM,31347,I66_EB,110-04175,2,4.0,7453.8029,0.0,16000.0,True,False,False,,0.46586268124999997,0,0.0,7453.8029,0.0,4000.0,0,0.0,0.0,931.7253625
PM,31348,I66_EB,110+58635,4,4.0,15106.4678,0.0,30400.0,True,False,False,,0.49692328289473686,0,0.0,15106.4678,0.0,7600.0,0,0.0,0.0,944.1542375
PM,31350,I66_WB,110-58634,2,4.0,2299.1059,0.0,16000.0,True,False,False,,0.14369411875,0,0.0,2299.1059,0.0,4000.0,0,0.0,0.0,287.3882375
PM,31351,I66_EB,110-04175,2,4.0,5830.4727,0.0,16000.0,True,False,False,,0.36440454375000003,0,0.0,5830.4727,0.0,4000.0,0,0.0,0.0,728.8090875
PM,31352,I66_WB,110-58633,2,4.0,2669.5793,0.0,16000.0,True,False,False,,0.16684870624999998,0,0.0,2669.5793,0.0,4000.0,0,0.0,0.0,333.6974125
PM,31353,I66_EB,110-04176,2,4.0,7045.9046,0.0,16000.0,True,False,False,,0.4403690375,0,0.0,7045.9046,0.0,4000.0,0,0.0,0.0,880.738075
PM,31354,I66_WB,110+04178,4,4.0,14995.3255,26357.756666635738,26357.756666635738,False,True,False,0.5689150897648825,0.5689150897648825,16,27080.564951061046,-12085.239451061045,1.8059337859028832,7600.0,0,0.0,0.0,937.20784375
PM,31355,I66_WB,110-58633,2,4.0,2669.5793,0.0,16000.0,True,False,False,,0.16684870624999998,0,0.0,2669.5793,0.0,4000.0,0,0.0,0.0,333.6974125
PM,31357,I66_EB,110-04177,4,4.0,15651.1085,0.0,30400.0,True,False,False,,0.5148390953947368,0,0.0,15651.1085,0.0,7600.0,0,0.0,0.0,978.19428125
PM,31358,I66_WB,110+04178,4,4.0,14995.3255,26357.756666635738,26357.756666635738,False,True,False,0.5689150897648825,0.5689150897648825,16,27048.073397435222,-12052.747897435222,1.8037670070873233,7600.0,0,0.0,0.0,937.20784375
PM,31359,I66_WB,110-58633,2,4.0,2669.5793,0.0,16000.0,True,False,False,,0.16684870624999998,0,0.0,2669.5793,0.0,4000.0,0,0.0,0.0,333.6974125
PM,31361,I66_EB,110-04177,4,4.0,15651.1085,0.0,30400.0,True,False,False,,0.5148390953947368,0,0.0,15651.1085,0.0,7600.0,0,0.0,0.0,978.19428125
PM,31362,I66_WB,110-58633,2,4.0,2595.7353,0.0,16000.0,True,False,False,,0.16223345625,0,0.0,2595.7353,0.0,4000.0,0,0.0,0.0,324.4669125
PM,31365,I66_WB,110-58632,2,4.0,4942.5766,0.0,16000.0,True,False,False,,0.30891103750000004,0,0.0,4942.5766,0.0,4000.0,0,0.0,0.0,617.822075
PM,31368,I66_WB,110+04179,4,4.0,17982.9651,0.0,32000.0,True,False,False,,0.561967659375,0,0.0,17982.9651,0.0,8000.0,0,0.0,0.0,1123.93531875
PM,31369,I66_WB,110-58632,2,4.0,4942.5766,0.0,16000.0,True,False,False,,0.30891103750000004,0,0.0,4942.5766,0.0,4000.0,0,0.0,0.0,617.822075
PM,31371,I66_EB,110-04178,4,4.0,16393.8649,30012.278677888888,30012.278677888888,False,True,False,0.5462385937418989,0.5462385937418989,16,30104.13421964297,-13710.269319642968,1.836304886204288,8000.0,0,0.0,0.0,1024.61655625
PM,31372,I66_WB,110+04179,4,4.0,17982.9651,0.0,30400.0,True,False,False,,0.5915449046052632,0,0.0,17982.9651,0.0,7600.0,0,0.0,0.0,1123.93531875
PM,31373,I66_WB,110-58632,2,4.0,4942.5766,0.0,16000.0,True,False,False,,0.30891103750000004,0,0.0,4942.5766,0.0,4000.0,0,0.0,0.0,617.822075
PM,31375,I66_EB,110+58633,4,4.0,16393.8649,0.0,32000.0,True,False,False,,0.512308278125,0,0.0,16393.8649,0.0,8000.0,0,0.0,0.0,1024.61655625
PM,31376,I66_WB,110-58631,2,4.0,4829.4281,0.0,16000.0,True,False,False,,0.30183925625,0,0.0,4829.4281,0.0,4000.0,0,0.0,0.0,603.6785125
PM,31379,I66_WB,110N58631,2,4.0,4829.4281,0.0,16000.0,True,False,False,,0.30183925625,0,0.0,4829.4281,0.0,4000.0,0,0.0,0.0,603.6785125
PM,31381,I66_WB,110P04180,4,4.0,16882.902,0.0,30400.0,True,False,False,,0.5553586184210526,0,0.0,16882.902,0.0,7600.0,0,0.0,0.0,1055.181375
PM,31382,I66_EB,110+58632,4,4.0,13605.367,0.0,30400.0,True,False,False,,0.44754496710526315,0,0.0,13605.367,0.0,7600.0,0,0.0,0.0,850.3354375
PM,31383,I66_WB,110-58630,2,4.0,6712.9062,0.0,16000.0,True,False,False,,0.4195566375,0,0.0,6712.9062,0.0,4000.0,0,0.0,0.0,839.113275
PM,31386,I66_WB,110-58629,2,4.0,5851.8703,0.0,16000.0,True,False,False,,0.36574189375,0,0.0,5851.8703,0.0,4000.0,0,0.0,0.0,731.4837875
PM,31388,I66_WB,110P04182,5,4.0,18221.3593,31948.852567409864,31948.852567409864,False,True,False,0.5703290677358192,0.5703290677358192,16,31601.507161202702,-13380.147861202702,1.7343111806813831,9500.0,0,0.0,0.0,911.067965
PM,31392,I66_EB,110+58630,5,4.0,16916.3939,0.0,40000.0,True,False,False,,0.4229098475,0,0.0,16916.3939,0.0,10000.0,0,0.0,0.0,845.8196949999999
PM,31393,I66_EB,110+58631,4,4.0,12995.1233,0.0,30400.0,True,False,False,,0.4274711611842105,0,0.0,12995.1233,0.0,7600.0,0,0.0,0.0,812.19520625
PM,31395,I66_EB,110-04180,4,4.0,13605.367,0.0,30400.0,True,False,False,,0.44754496710526315,0,0.0,13605.367,0.0,7600.0,0,0.0,0.0,850.3354375
PM,31397,I66_WB,110-58630,2,4.0,6712.9062,0.0,16000.0,True,False,False,,0.4195566375,0,0.0,6712.9062,0.0,4000.0,0,0.0,0.0,839.113275
PM,31398,I66_WB,110+04181,4,4.0,16882.902,0.0,30400.0,True,False,False,,0.5553586184210526,0,0.0,16882.902,0.0,7600.0,0,0.0,0.0,1055.181375
PM,31399,I66_EB,110N04182,2,4.0,10541.0336,0.0,16000.0,True,False,False,,0.6588146,0,0.0,10541.0336,0.0,4000.0,0,0.0,0.0,1317.6292
PM,31403,I66_EB,110N04182,2,4.0,5205.0993,0.0,16000.0,True,False,False,,0.32531870625,0,0.0,5205.0993,0.0,4000.0,0,0.0,0.0,650.6374125
PM,31404,I66_WB,110+04183,2,4.0,3843.9517,11478.43002829819,11478.43002829819,False,True,False,0.3348847961370472,0.3348847961370472,16,11530.491525473146,-7686.539825473146,2.9996452675180976,4000.0,0,0.0,0.0,480.4939625
PM,31405,I66_WB,110-58628,4,4.0,16495.9747,0.0,30400.0,True,False,False,,0.5426307467105262,0,0.0,16495.9747,0.0,7600.0,0,0.0,0.0,1030.99841875
PM,31406,I66_WB,110+04183,2,4.0,3843.9517,11478.43002829819,11478.43002829819,False,True,False,0.3348847961370472,0.3348847961370472,16,11522.163623949878,-7678.211923949879,2.9974787726780954,4000.0,0,0.0,0.0,480.4939625
PM,31407,I66_EB,110N04182,2,4.0,7684.3782,0.0,16000.0,True,False,False,,0.4802736375,0,0.0,7684.3782,0.0,4000.0,0,0.0,0.0,960.547275
PM,31408,I66_EB,110P58629,4,4.0,11732.9217,0.0,30400.0,True,False,False,,0.38595137171052635,0,0.0,11732.9217,0.0,7600.0,0,0.0,0.0,733.30760625
PM,31409,I66_EB,110+58629,4,4.0,11732.9217,0.0,30400.0,True,False,False,,0.38595137171052635,0,0.0,11732.9217,0.0,7600.0,0,0.0,0.0,733.30760625
PM,31410,I66_EB,110-04182,2,4.0,7684.3782,0.0,16000.0,True,False,False,,0.4802736375,0,0.0,7684.3782,0.0,4000.0,0,0.0,0.0,960.547275
PM,31411,I66_WB,110+04183,2,4.0,3843.9517,11478.43002829819,11478.43002829819,False,True,False,0.3348847961370472,0.3348847961370472,16,11529.936331971354,-7685.984631971354,2.999500834511358,4000.0,0,0.0,0.0,480.4939625
PM,31412,I66_WB,110-58628,4,4.0,16495.9747,0.0,30400.0,True,False,False,,0.5426307467105262,0,0.0,16495.9747,0.0,7600.0,0,0.0,0.0,1030.99841875
PM,31413,I66_EB,110-04182,2,4.0,7684.3782,0.0,16000.0,True,False,False,,0.4802736375,0,0.0,7684.3782,0.0,4000.0,0,0.0,0.0,960.547275
PM,31414,I66_WB,110P04183,2,4.0,3843.9517,12265.249268986474,12265.249268986474,False,True,False,0.31340184090018425,0.31340184090018425,16,12549.442816756353,-8705.491116756353,3.2647243764161638,4000.0,0,0.0,0.0,480.4939625
PM,31415,I66_EB,110N04183,2,4.0,7684.3782,0.0,16000.0,True,False,False,,0.4802736375,0,0.0,7684.3782,0.0,4000.0,0,0.0,0.0,960.547275
PM,31416,I66_WB,110+04184,2,4.0,3843.9517,14155.133703706591,15155.133703706591,False,True,False,0.2715588408037038,0.25364023671133035,15,14470.441739640395,-10626.490039640395,3.7644702298523667,4000.0,0,0.0,0.0,480.4939625
PM,31417,I66_WB,110-58628,3,4.0,15611.3843,0.0,22800.0,True,False,False,,0.6847098377192983,0,0.0,15611.3843,0.0,5700.0,0,0.0,0.0,1300.9486916666667
PM,31418,I66_WB,110+04184,2,4.0,3843.9517,14155.133703706591,15155.133703706591,False,True,False,0.2715588408037038,0.25364023671133035,15,14491.589681811494,-10647.637981811495,3.7699718448105095,4000.0,0,0.0,0.0,480.4939625
PM,31419,I66_EB,110-04183,2,4.0,7684.3782,0.0,16000.0,True,False,False,,0.4802736375,0,0.0,7684.3782,0.0,4000.0,0,0.0,0.0,960.547275
PM,31420,I66_EB,110+58629,3,4.0,10649.5931,0.0,24000.0,True,False,False,,0.44373304583333334,0,0.0,10649.5931,0.0,6000.0,0,0.0,0.0,887.4660916666667
PM,31421,I66_EB,110+58629,3,4.0,10649.5931,0.0,22800.0,True,False,False,,0.46708741666666664,0,0.0,10649.5931,0.0,5700.0,0,0.0,0.0,887.4660916666667
PM,31422,I66_EB,110-04183,2,4.0,7684.3782,0.0,16000.0,True,False,False,,0.4802736375,0,0.0,7684.3782,0.0,4000.0,0,0.0,0.0,960.547275
PM,31423,I66_WB,110+04184,2,4.0,3843.9517,14155.133703706591,15155.133703706591,False,True,False,0.2715588408037038,0.25364023671133035,15,14492.838694717559,-10648.886994717559,3.7702967742070115,4000.0,0,0.0,0.0,480.4939625
PM,31424,I66_WB,110-58628,3,4.0,15611.3843,0.0,24000.0,True,False,False,,0.6504743458333333,0,0.0,15611.3843,0.0,6000.0,0,0.0,0.0,1300.9486916666667
PM,31425,I66_WB,110-58628,3,4.0,15611.3843,0.0,24000.0,True,False,False,,0.6504743458333333,0,0.0,15611.3843,0.0,6000.0,0,0.0,0.0,1300.9486916666667
PM,31426,I66_WB,110+04184,2,4.0,3843.9517,14155.133703706591,15155.133703706591,False,True,False,0.2715588408037038,0.25364023671133035,15,14487.220844591473,-10643.269144591473,3.7688352963934153,4000.0,0,0.0,0.0,480.4939625
PM,31427,I66_EB,110-04183,2,4.0,7684.3782,0.0,16000.0,True,False,False,,0.4802736375,0,0.0,7684.3782,0.0,4000.0,0,0.0,0.0,960.547275
PM,31428,I66_EB,110+58629,3,4.0,10649.5931,0.0,24000.0,True,False,False,,0.44373304583333334,0,0.0,10649.5931,0.0,6000.0,0,0.0,0.0,887.4660916666667
PM,31429,I66_EB,110-04183,2,4.0,7684.3782,0.0,16000.0,True,False,False,,0.4802736375,0,0.0,7684.3782,0.0,4000.0,0,0.0,0.0,960.547275
PM,31720,I66_EB,110P58636,3,4.0,13098.4689,0.0,24000.0,True,False,False,,0.5457695375,0,0.0,13098.4689,0.0,6000.0,0,0.0,0.0,1091.539075
PM,31724,I66_EB,110+58636,3,4.0,8060.1482,0.0,24000.0,True,False,False,,0.3358395083333333,0,0.0,8060.1482,0.0,6000.0,0,0.0,0.0,671.6790166666666
PM,31781,I66_EB,110+58635,4,4.0,16729.798,0.0,30400.0,True,False,False,,0.5503223026315789,0,0.0,16729.798,0.0,7600.0,0,0.0,0.0,1045.612375
PM,31785,I66_EB,110+58635,4,4.0,14477.6979,0.0,30400.0,True,False,False,,0.47624006249999995,0,0.0,14477.6979,0.0,7600.0,0,0.0,0.0,904.85611875
PM,31790,I66_EB,110+58634,4,4.0,15651.1085,0.0,30400.0,True,False,False,,0.5148390953947368,0,0.0,15651.1085,0.0,7600.0,0,0.0,0.0,978.19428125
PM,31795,I66_EB,110N04178,4,4.0,14020.2227,0.0,30400.0,True,False,False,,0.46119153618421055,0,0.0,14020.2227,0.0,7600.0,0,0.0,0.0,876.26391875
PM,31800,I66_EB,110+58633,4,4.0,16393.8649,0.0,32000.0,True,False,False,,0.512308278125,0,0.0,16393.8649,0.0,8000.0,0,0.0,0.0,1024.61655625
PM,31804,I66_EB,110N04179,4,4.0,12907.516,28801.065074538314,28801.065074538314,False,True,False,0.4481610651062671,0.4481610651062671,16,29260.168621523793,-16352.652621523794,2.26690934348048,7600.0,0,0.0,0.0,806.71975
PM,31809,I66_EB,110+58631,4,4.0,13605.367,0.0,30400.0,True,False,False,,0.44754496710526315,0,0.0,13605.367,0.0,7600.0,0,0.0,0.0,850.3354375
PM,31818,I66_EB,110+58630,5,4.0,12575.9156,0.0,38000.0,True,False,False,,0.33094514736842107,0,0.0,12575.9156,0.0,9500.0,0,0.0,0.0,628.79578
PM,31823,I66_EB,110+58630,4,4.0,10179.5112,0.0,30400.0,True,False,False,,0.3348523421052632,0,0.0,10179.5112,0.0,7600.0,0,0.0,0.0,636.21945
PM,31829,I66_EB,110+58629,4,4.0,11732.9217,0.0,30400.0,True,False,False,,0.38595137171052635,0,0.0,11732.9217,0.0,7600.0,0,0.0,0.0,733.30760625
PM,31833,I66_EB,110+58629,3,4.0,9513.2102,0.0,22800.0,True,False,False,,0.41724606140350873,0,0.0,9513.2102,0.0,5700.0,0,0.0,0.0,792.7675166666667
PM,32029,I66_WB,110+04178,4,4.0,14995.3255,26357.756666635738,26357.756666635738,False,True,False,0.5689150897648825,0.5689150897648825,16,27078.65421975524,-12083.32871975524,1.8058063641069504,7600.0,0,0.0,0.0,937.20784375
PM,32031,I66_WB,110P04178,4,4.0,14328.9325,29210.549257073464,29210.549257073464,False,True,False,0.49053964627283364,0.49053964627283364,16,29607.489833638327,-15278.557333638326,2.0662732435677484,7600.0,0,0.0,0.0,895.55828125
PM,32032,I66_WB,110+04179,4,4.0,17982.9651,0.0,32000.0,True,False,False,,0.561967659375,0,0.0,17982.9651,0.0,8000.0,0,0.0,0.0,1123.93531875
PM,32034,I66_WB,110P04179,4,4.0,15122.2215,0.0,30400.0,True,False,False,,0.4974414967105263,0,0.0,15122.2215,0.0,7600.0,0,0.0,0.0,945.13884375
PM,32035,I66_WB,110+04180,4,4.0,16882.902,0.0,30400.0,True,False,False,,0.5553586184210526,0,0.0,16882.902,0.0,7600.0,0,0.0,0.0,1055.181375
PM,32037,I66_WB,110P04181,4,4.0,16316.3355,22508.62416365737,30108.62416365737,False,True,False,0.7248926181078853,0.5419156787540841,12,22498.05805501808,-6181.722555018079,1.3788670902861786,7600.0,0,0.0,0.0,1019.77096875
PM,32038,I66_WB,110P04181,5,4.0,18392.636,28135.780204571707,37635.78020457171,False,True,False,0.6537098266431378,0.4887008028005701,12,28169.297042648675,-9776.661042648677,1.5315530108163222,9500.0,0,0.0,0.0,919.6317999999999
PM,32041,I66_WB,110-58629,3,4.0,12543.0868,0.0,22800.0,True,False,False,,0.5501353859649123,0,0.0,12543.0868,0.0,5700.0,0,0.0,0.0,1045.2572333333333
PM,32042,I66_WB,110N58629,4,4.0,16495.9747,0.0,30400.0,True,False,False,,0.5426307467105262,0,0.0,16495.9747,0.0,7600.0,0,0.0,0.0,1030.99841875
PM,32044,I66_WB,110-58628,3,4.0,12910.2884,0.0,24000.0,True,False,False,,0.5379286833333333,0,0.0,12910.2884,0.0,6000.0,0,0.0,0.0,1075.8573666666666
PM,32045,I66_WB,110-58628,3,4.0,15611.3843,0.0,24000.0,True,False,False,,0.6504743458333333,0,0.0,15611.3843,0.0,6000.0,0,0.0,0.0,1300.9486916666667
PM,32130,I66_WB,110+04174,2,4.0,7484.5323,0.0,16000.0,True,False,False,,0.46778326875,0,0.0,7484.5323,0.0,4000.0,0,0.0,0.0,935.5665375
PM,32133,I66_WB,110+04173,4,4.0,13422.6055,0.0,32000.0,True,False,False,,0.419456421875,0,0.0,13422.6055,0.0,8000.0,0,0.0,0.0,838.91284375
PM,32134,I66_WB,110P04173,4,4.0,13422.6055,0.0,32000.0,True,False,False,,0.419456421875,0,0.0,13422.6055,0.0,8000.0,0,0.0,0.0,838.91284375
PM,32136,I66_WB,110+04174,2,4.0,7484.5323,0.0,16000.0,True,False,False,,0.46778326875,0,0.0,7484.5323,0.0,4000.0,0,0.0,0.0,935.5665375
PM,32140,I66_WB,110+04173,4,4.0,13422.6055,0.0,32000.0,True,False,False,,0.419456421875,0,0.0,13422.6055,0.0,8000.0,0,0.0,0.0,838.91284375
PM,32141,I395_NB,110+04122,4,4.0,17263.9179,0.0,32000.0,True,False,False,,0.539497434375,0,0.0,17263.9179,0.0,8000.0,0,0.0,0.0,1078.99486875
PM,32367,I66_EB,110+58629,3,4.0,10649.5931,0.0,24000.0,True,False,False,,0.44373304583333334,0,0.0,10649.5931,0.0,6000.0,0,0.0,0.0,887.4660916666667
PM,32368,I66_WB,110-58628,3,4.0,15611.3843,0.0,24000.0,True,False,False,,0.6504743458333333,0,0.0,15611.3843,0.0,6000.0,0,0.0,0.0,1300.9486916666667
PM,32369,I66_WB,110-58628,3,4.0,15611.3843,0.0,24000.0,True,False,False,,0.6504743458333333,0,0.0,15611.3843,0.0,6000.0,0,0.0,0.0,1300.9486916666667
PM,32370,I66_EB,110+58629,3,4.0,10649.5931,0.0,24000.0,True,False,False,,0.44373304583333334,0,0.0,10649.5931,0.0,6000.0,0,0.0,0.0,887.4660916666667
PM,32551,I66_WB,110P04174,2,4.0,3690.5262,0.0,16000.0,True,False,False,,0.2306578875,0,0.0,3690.5262,0.0,4000.0,0,0.0,0.0,461.315775
PM,32552,I66_WB,110+04175,2,4.0,4908.8713,0.0,16000.0,True,False,False,,0.30680445624999997,0,0.0,4908.8713,0.0,4000.0,0,0.0,0.0,613.6089125
PM,32573,I66_WB,110P04175,2,4.0,1383.339,0.0,16000.0,True,False,False,,0.08645868749999999,0,0.0,1383.339,0.0,4000.0,0,0.0,0.0,172.917375
PM,32581,I395_NB,110P04120,3,4.0,15481.5335,19652.556882591467,19652.556882591467,False,True,False,0.7877617957037324,0.7877617957037324,16,20474.58937823253,-4993.05587823253,1.3225168797543556,5700.0,0,0.0,0.0,1290.1277916666666
PM,32590,I395_SB,110N04120,3,4.0,24300.5626,0.0,22800.0,False,False,True,,1.065814149122807,0,0.0,24300.5626,0.0,5700.0,15,1525.2392490839247,0.06276559412183834,2025.0468833333334
PM,32611,I395_SB,110N04121,4,4.0,23070.3427,0.0,32000.0,True,False,False,,0.720948209375,0,0.0,23070.3427,0.0,8000.0,0,0.0,0.0,1441.89641875
PM,32616,I395_SB,110-04121,4,4.0,20140.801,0.0,30400.0,True,False,False,,0.6625263486842106,0,0.0,20140.801,0.0,7600.0,0,0.0,0.0,1258.8000625
PM,32619,I395_SB,110-04121,4,4.0,21036.3962,0.0,30400.0,True,False,False,,0.6919867171052632,0,0.0,21036.3962,0.0,7600.0,0,0.0,0.0,1314.7747625
PM,32622,I395_NB,110+04122,4,4.0,17263.9179,0.0,30400.0,True,False,False,,0.5678920361842106,0,0.0,17263.9179,0.0,7600.0,0,0.0,0.0,1078.99486875
PM,32624,I395_SB,110N04122,4,4.0,21036.3962,0.0,30400.0,True,False,False,,0.6919867171052632,0,0.0,21036.3962,0.0,7600.0,0,0.0,0.0,1314.7747625
PM,32627,I395_SB,110-04121,4,4.0,25086.9052,0.0,32000.0,True,False,False,,0.7839657875,0,0.0,25086.9052,0.0,8000.0,0,0.0,0.0,1567.931575
PM,32843,I66_EB,110+58630,5,4.0,18281.5172,0.0,40000.0,True,False,False,,0.45703793,0,0.0,18281.5172,0.0,10000.0,0,0.0,0.0,914.0758599999999
PM,32847,I66_WB,110-58629,1,4.0,3262.9332,0.0,8000.0,True,False,False,,0.40786665,0,0.0,3262.9332,0.0,2000.0,0,0.0,0.0,815.7333
PM,32848,I66_WB,110-58629,5,4.0,18221.3593,0.0,40000.0,True,False,False,,0.4555339825,0,0.0,18221.3593,0.0,10000.0,0,0.0,0.0,911.067965
PM,32854,I66_WB,110N58631,2,4.0,6712.9062,0.0,16000.0,True,False,False,,0.4195566375,0,0.0,6712.9062,0.0,4000.0,0,0.0,0.0,839.113275
PM,32866,I66_EB,110N04182,2,4.0,5597.8329,0.0,16000.0,True,False,False,,0.34986455625,0,0.0,5597.8329,0.0,4000.0,0,0.0,0.0,699.7291125
PM,32867,I66_WB,110P04182,2,4.0,2894.6416,13452.148449435732,13452.148449435732,False,True,False,0.21518061675281464,0.21518061675281464,16,13303.23003695663,-10408.58843695663,4.595812496081252,4000.0,0,0.0,0.0,361.8302
PM,32868,I66_WB,110+04182,5,4.0,18392.636,36128.16416393938,38628.16416393938,False,True,False,0.5090941215983028,0.47614574490107686,15,35935.66365443606,-17543.02765443606,1.9538071462098234,10000.0,0,0.0,0.0,919.6317999999999
PM,32869,I66_EB,110N04181,5,4.0,18281.5172,0.0,38000.0,True,False,False,,0.4810925578947368,0,0.0,18281.5172,0.0,9500.0,0,0.0,0.0,914.0758599999999
PM,35757,I66_WB,110-58629,4,4.0,13869.5973,0.0,30400.0,True,False,False,,0.45623675328947366,0,0.0,13869.5973,0.0,7600.0,0,0.0,0.0,866.84983125
PM,35760,I66_EB,110-04181,1,4.0,4340.4783,0.0,7600.0,True,False,False,,0.5711155657894736,0,0.0,4340.4783,0.0,1900.0,0,0.0,0.0,1085.119575
PM,35765,I66_WB,110N58631,2,4.0,3460.1793,0.0,16000.0,True,False,False,,0.21626120624999998,0,0.0,3460.1793,0.0,4000.0,0,0.0,0.0,432.5224125
PM,35779,I66_EB,110N04176,2,4.0,5830.4727,0.0,16000.0,True,False,False,,0.36440454375000003,0,0.0,5830.4727,0.0,4000.0,0,0.0,0.0,728.8090875
PM,35786,I66_WB,110+04181,4,4.0,16882.902,0.0,30400.0,True,False,False,,0.5553586184210526,0,0.0,16882.902,0.0,7600.0,0,0.0,0.0,1055.181375
PM,35787,I66_EB,110N04180,4,4.0,13605.367,0.0,30400.0,True,False,False,,0.44754496710526315,0,0.0,13605.367,0.0,7600.0,0,0.0,0.0,850.3354375
PM,38163,I66_EB,110+58628,3,4.0,13523.9934,0.0,24000.0,True,False,False,,0.563499725,0,0.0,13523.9934,0.0,6000.0,0,0.0,0.0,1126.99945
PM,38167,I66_EB,110+58628,3,4.0,7133.3903,0.0,24000.0,True,False,False,,0.2972245958333333,0,0.0,7133.3903,0.0,6000.0,0,0.0,0.0,594.4491916666667
PM,38189,I66_EB,110P58625,3,4.0,8914.8384,0.0,24000.0,True,False,False,,0.37145160000000005,0,0.0,8914.8384,0.0,6000.0,0,0.0,0.0,742.9032000000001
PM,38500,I66_EB,110+58626,4,4.0,9550.6969,0.0,32000.0,True,False,False,,0.298459278125,0,0.0,9550.6969,0.0,8000.0,0,0.0,0.0,596.91855625
PM,38749,I66_WB,110-58627,3,4.0,10011.8066,0.0,24000.0,True,False,False,,0.41715860833333335,0,0.0,10011.8066,0.0,6000.0,0,0.0,0.0,834.3172166666667
PM,38801,I66_WB,110-58627,3,4.0,12131.9057,0.0,24000.0,True,False,False,,0.5054960708333333,0,0.0,12131.9057,0.0,6000.0,0,0.0,0.0,1010.9921416666666
PM,38954,I66_WB,110+04184,2,4.0,3843.9517,14155.133703706591,15155.133703706591,False,True,False,0.2715588408037038,0.25364023671133035,15,14494.150133512576,-10650.198433512576,3.7706379436330004,4000.0,0,0.0,0.0,480.4939625
PM,38959,I66_WB,110N58625,3,4.0,6731.6481,0.0,24000.0,True,False,False,,0.2804853375,0,0.0,6731.6481,0.0,6000.0,0,0.0,0.0,560.970675
PM,39007,I66_WB,110-58625,4,4.0,14311.5164,0.0,32000.0,True,False,False,,0.4472348875,0,0.0,14311.5164,0.0,8000.0,0,0.0,0.0,894.469775
PM,39080,I66_WB,110-58628,3,4.0,15611.3843,0.0,24000.0,True,False,False,,0.6504743458333333,0,0.0,15611.3843,0.0,6000.0,0,0.0,0.0,1300.9486916666667
PM,39139,I66_WB,110-58627,3,4.0,16041.5009,0.0,24000.0,True,False,False,,0.6683958708333333,0,0.0,16041.5009,0.0,6000.0,0,0.0,0.0,1336.7917416666667
PM,39141,I66_WB,110+04184,2,4.0,3413.8351,14155.133703706591,15155.133703706591,False,True,False,0.24117293212893287,0.22525931916820077,15,14476.752253549541,-11062.91715354954,4.24061263344253,4000.0,0,0.0,0.0,426.7293875
PM,39142,I66_EB,110-04183,2,4.0,7684.3782,0.0,16000.0,True,False,False,,0.4802736375,0,0.0,7684.3782,0.0,4000.0,0,0.0,0.0,960.547275
PM,39143,I66_EB,110+58629,3,4.0,10649.5931,0.0,24000.0,True,False,False,,0.44373304583333334,0,0.0,10649.5931,0.0,6000.0,0,0.0,0.0,887.4660916666667
PM,39145,I66_WB,110P04184,2,4.0,3413.8351,0.0,16000.0,True,False,False,,0.21336469374999997,0,0.0,3413.8351,0.0,4000.0,0,0.0,0.0,426.7293875
PM,39146,I66_EB,110-04183,2,4.0,4809.9779,0.0,16000.0,True,False,False,,0.30062361875,0,0.0,4809.9779,0.0,4000.0,0,0.0,0.0,601.2472375
PM,39147,I66_EB,110N04184,2,4.0,4809.9779,0.0,16000.0,True,False,False,,0.30062361875,0,0.0,4809.9779,0.0,4000.0,0,0.0,0.0,601.2472375
PM,39148,I66_WB,110+04185,2,4.0,3413.8351,0.0,16000.0,True,False,False,,0.21336469374999997,0,0.0,3413.8351,0.0,4000.0,0,0.0,0.0,426.7293875
PM,39149,I66_WB,110-58626,3,4.0,12131.9057,0.0,24000.0,True,False,False,,0.5054960708333333,0,0.0,12131.9057,0.0,6000.0,0,0.0,0.0,1010.9921416666666
PM,39150,I66_WB,110+04185,2,4.0,3413.8351,0.0,16000.0,True,False,False,,0.21336469374999997,0,0.0,3413.8351,0.0,4000.0,0,0.0,0.0,426.7293875
PM,39151,I66_EB,110-04184,2,4.0,4809.9779,0.0,16000.0,True,False,False,,0.30062361875,0,0.0,4809.9779,0.0,4000.0,0,0.0,0.0,601.2472375
PM,39152,I66_EB,110+58628,3,4.0,9926.2132,0.0,24000.0,True,False,False,,0.4135922166666667,0,0.0,9926.2132,0.0,6000.0,0,0.0,0.0,827.1844333333333
PM,39153,I66_WB,110-58626,3,4.0,12131.9057,0.0,24000.0,True,False,False,,0.5054960708333333,0,0.0,12131.9057,0.0,6000.0,0,0.0,0.0,1010.9921416666666
PM,39154,I66_WB,110+04185,2,4.0,2609.1405,0.0,16000.0,True,False,False,,0.16307128125,0,0.0,2609.1405,0.0,4000.0,0,0.0,0.0,326.1425625
PM,39156,I66_EB,110-04184,2,4.0,3402.3516,0.0,16000.0,True,False,False,,0.212646975,0,0.0,3402.3516,0.0,4000.0,0,0.0,0.0,425.29395
PM,39157,I66_EB,110+58627,3,4.0,9926.2132,0.0,24000.0,True,False,False,,0.4135922166666667,0,0.0,9926.2132,0.0,6000.0,0,0.0,0.0,827.1844333333333
PM,39158,I66_WB,110P04185,2,4.0,6360.4008,0.0,16000.0,True,False,False,,0.39752505000000005,0,0.0,6360.4008,0.0,4000.0,0,0.0,0.0,795.0501
PM,39159,I66_EB,110N04185,2,4.0,3396.0525,0.0,16000.0,True,False,False,,0.21225328124999998,0,0.0,3396.0525,0.0,4000.0,0,0.0,0.0,424.5065625
PM,39161,I66_WB,110P04185,2,4.0,6360.4008,0.0,16000.0,True,False,False,,0.39752505000000005,0,0.0,6360.4008,0.0,4000.0,0,0.0,0.0,795.0501
PM,39162,I66_EB,110N04185,2,4.0,6899.2054,0.0,16000.0,True,False,False,,0.4312003375,0,0.0,6899.2054,0.0,4000.0,0,0.0,0.0,862.400675
PM,39163,I66_WB,110-58625,4,4.0,14311.5164,0.0,32000.0,True,False,False,,0.4472348875,0,0.0,14311.5164,0.0,8000.0,0,0.0,0.0,894.469775
PM,39164,I66_WB,110+04186,2,4.0,6360.4008,0.0,16000.0,True,False,False,,0.39752505000000005,0,0.0,6360.4008,0.0,4000.0,0,0.0,0.0,795.0501
PM,39165,I66_EB,110-04185,2,4.0,6899.2054,0.0,16000.0,True,False,False,,0.4312003375,0,0.0,6899.2054,0.0,4000.0,0,0.0,0.0,862.400675
PM,39166,I66_EB,110+58626,4,4.0,9550.6969,0.0,32000.0,True,False,False,,0.298459278125,0,0.0,9550.6969,0.0,8000.0,0,0.0,0.0,596.91855625
PM,39167,I66_EB,110P58625,3,4.0,8914.8384,0.0,24000.0,True,False,False,,0.37145160000000005,0,0.0,8914.8384,0.0,6000.0,0,0.0,0.0,742.9032000000001
PM,39168,I66_EB,110N04186,2,4.0,2653.1992,0.0,16000.0,True,False,False,,0.16582495,0,0.0,2653.1992,0.0,4000.0,0,0.0,0.0,331.6499
PM,39170,I66_WB,110+04186,2,4.0,4151.1278,0.0,16000.0,True,False,False,,0.2594454875,0,0.0,4151.1278,0.0,4000.0,0,0.0,0.0,518.890975
PM,39171,I66_WB,110N58625,3,4.0,12036.2392,0.0,24000.0,True,False,False,,0.5015099666666667,0,0.0,12036.2392,0.0,6000.0,0,0.0,0.0,1003.0199333333334
PM,39173,I66_WB,110P04186,2,4.0,4151.1278,0.0,16000.0,True,False,False,,0.2594454875,0,0.0,4151.1278,0.0,4000.0,0,0.0,0.0,518.890975
PM,39174,I66_EB,110N04186,2,4.0,2653.1992,0.0,16000.0,True,False,False,,0.16582495,0,0.0,2653.1992,0.0,4000.0,0,0.0,0.0,331.6499
PM,39175,I66_EB,110N04186,2,4.0,2653.1992,0.0,16000.0,True,False,False,,0.16582495,0,0.0,2653.1992,0.0,4000.0,0,0.0,0.0,331.6499
PM,39177,I66_WB,110+04187,2,4.0,3240.2958,0.0,16000.0,True,False,False,,0.20251848749999998,0,0.0,3240.2958,0.0,4000.0,0,0.0,0.0,405.036975
PM,39179,I66_WB,110+04187,2,4.0,3240.2958,0.0,16000.0,True,False,False,,0.20251848749999998,0,0.0,3240.2958,0.0,4000.0,0,0.0,0.0,405.036975
PM,39180,I66_EB,110N04186,2,4.0,1920.2501,0.0,16000.0,True,False,False,,0.12001563125,0,0.0,1920.2501,0.0,4000.0,0,0.0,0.0,240.0312625
PM,39183,I66_EB,110-04186,2,4.0,1920.2501,0.0,16000.0,True,False,False,,0.12001563125,0,0.0,1920.2501,0.0,4000.0,0,0.0,0.0,240.0312625
PM,39184,I66_WB,110+04187,2,4.0,3240.2958,0.0,16000.0,True,False,False,,0.20251848749999998,0,0.0,3240.2958,0.0,4000.0,0,0.0,0.0,405.036975
PM,39208,I66_EB,110+58627,3,4.0,8552.6508,0.0,24000.0,True,False,False,,0.35636045,0,0.0,8552.6508,0.0,6000.0,0,0.0,0.0,712.7208999999999
PM,39209,I66_EB,110P58626,4,4.0,8552.6508,0.0,32000.0,True,False,False,,0.26727033749999995,0,0.0,8552.6508,0.0,8000.0,0,0.0,0.0,534.540675
PM,39211,I66_WB,110N58626,3,4.0,10717.2947,0.0,24000.0,True,False,False,,0.44655394583333335,0,0.0,10717.2947,0.0,6000.0,0,0.0,0.0,893.1078916666667
PM,39213,I66_WB,110-58625,4,4.0,14311.5164,0.0,32000.0,True,False,False,,0.4472348875,0,0.0,14311.5164,0.0,8000.0,0,0.0,0.0,894.469775
PM,40894,I66_WB,110P04187,2,4.0,3240.2958,0.0,16000.0,True,False,False,,0.20251848749999998,0,0.0,3240.2958,0.0,4000.0,0,0.0,0.0,405.036975
PM,40899,I66_EB,110N04187,2,4.0,1920.2501,0.0,16000.0,True,False,False,,0.12001563125,0,0.0,1920.2501,0.0,4000.0,0,0.0,0.0,240.0312625
PM,40900,I66_EB,110-04186,2,4.0,1920.2501,0.0,16000.0,True,False,False,,0.12001563125,0,0.0,1920.2501,0.0,4000.0,0,0.0,0.0,240.0312625
PM,40944,I66_EB,110-04185,2,4.0,2017.3407,0.0,16000.0,True,False,False,,0.12608379375,0,0.0,2017.3407,0.0,4000.0,0,0.0,0.0,252.1675875
PM,40960,I66_WB,110+04186,2,4.0,1875.8507,0.0,16000.0,True,False,False,,0.11724066875,0,0.0,1875.8507,0.0,4000.0,0,0.0,0.0,234.4813375
PM,40962,I66_EB,110-04185,2,4.0,6899.2054,0.0,16000.0,True,False,False,,0.4312003375,0,0.0,6899.2054,0.0,4000.0,0,0.0,0.0,862.400675
PM,40966,I66_EB,110-04184,2,4.0,4809.9779,0.0,16000.0,True,False,False,,0.30062361875,0,0.0,4809.9779,0.0,4000.0,0,0.0,0.0,601.2472375
PM,40967,I66_WB,110+04185,2,4.0,2610.5805,0.0,16000.0,True,False,False,,0.16316128125,0,0.0,2610.5805,0.0,4000.0,0,0.0,0.0,326.3225625
