link_id,corridor,tmc_code,t_min,period,speed_mph,mu_vph,lambda_vph,lambda_anchored_vph,lambda_identifiable,queue_meas_veh,V_assign_veh,inside_window
25785,I66_WB,110P04171,900,PM,55.23130434782608,8000.0,,3930.0883243333315,False,0.0,13422.6055,True
25785,I66_WB,110P04171,915,PM,59.79260869565218,8000.0,,3526.7294673123406,False,0.0,13422.6055,True
25785,I66_WB,110P04171,930,PM,61.45478260869565,8000.0,,3258.505830590546,False,0.0,13422.6055,True
25785,I66_WB,110P04171,945,PM,60.78391304347826,8000.0,,3379.6686182521453,False,0.0,13422.6055,True
25785,I66_WB,110P04171,960,PM,61.98086956521739,8000.0,,3146.878694904365,False,0.0,13422.6055,True
25785,I66_WB,110P04171,975,PM,60.59739130434782,8000.0,,3409.9323822061674,False,0.0,13422.6055,True
25785,I66_WB,110P04171,990,PM,61.363913043478256,8000.0,,3276.1741635556823,False,0.0,13422.6055,True
25785,I66_WB,110P04171,1005,PM,61.17913043478261,8000.0,,3310.817270631212,False,0.0,13422.6055,True
25785,I66_WB,110P04171,1020,PM,61.35913043478261,8000.0,,3277.0922119411903,False,0.0,13422.6055,True
25785,I66_WB,110P04171,1035,PM,60.64260869565217,8000.0,,3402.717862904491,False,0.0,13422.6055,True
25785,I66_WB,110P04171,1050,PM,60.31304347826087,8000.0,,3453.612036007956,False,0.0,13422.6055,True
25785,I66_WB,110P04171,1065,PM,60.72173913043478,8000.0,,3389.9058616552716,False,0.0,13422.6055,True
25785,I66_WB,110P04171,1080,PM,61.83652173913043,8000.0,,3179.222676118685,False,0.0,13422.6055,True
25785,I66_WB,110P04171,1095,PM,61.235652173913046,8000.0,,3300.397455565357,False,0.0,13422.6055,True
25785,I66_WB,110P04171,1110,PM,61.85869565217392,8000.0,,3174.344591445709,False,0.0,13422.6055,True
25785,I66_WB,110P04171,1125,PM,61.37347826086956,8000.0,,3274.334552575549,False,0.0,13422.6055,True
25946,I66_WB,110+04164,900,PM,50.37782608695653,5700.0,,1493.6587409950932,False,0.0,6005.0065,True
25946,I66_WB,110+04164,915,PM,50.15217391304348,5700.0,,1516.4998446933218,False,0.0,6005.0065,True
25946,I66_WB,110+04164,930,PM,50.67478260869565,5700.0,,1460.9442706882537,False,0.0,6005.0065,True
25946,I66_WB,110+04164,945,PM,50.75608695652174,5700.0,,1451.3962527823207,False,0.0,6005.0065,True
25946,I66_WB,110+04164,960,PM,51.20043478260869,5700.0,,1393.8535069533002,False,0.0,6005.0065,True
25946,I66_WB,110+04164,975,PM,50.49391304347826,5700.0,,1481.252714389812,False,0.0,6005.0065,True
25946,I66_WB,110+04164,990,PM,50.13956521739131,5700.0,,1517.7295847390792,False,0.0,6005.0065,True
25946,I66_WB,110+04164,1005,PM,49.72739130434783,5700.0,,1555.4979599760375,False,0.0,6005.0065,True
25946,I66_WB,110+04164,1020,PM,49.35565217391304,5700.0,,1585.9841005028984,False,0.0,6005.0065,True
25946,I66_WB,110+04164,1035,PM,48.97,5700.0,,1614.584744435617,False,0.0,6005.0065,True
25946,I66_WB,110+04164,1050,PM,50.04956521739131,5700.0,,1526.372283887705,False,0.0,6005.0065,True
25946,I66_WB,110+04164,1065,PM,50.205652173913045,5700.0,,1511.230947914374,False,0.0,6005.0065,True
25946,I66_WB,110+04164,1080,PM,50.96869565217391,5700.0,,1425.0706609048389,False,0.0,6005.0065,True
25946,I66_WB,110+04164,1095,PM,51.10130434782609,5700.0,,1407.5561326361403,False,0.0,6005.0065,True
25946,I66_WB,110+04164,1110,PM,50.35913043478261,5700.0,,1495.613500068024,False,0.0,6005.0065,True
25946,I66_WB,110+04164,1125,PM,49.39652173913043,5700.0,,1582.7807544331874,False,0.0,6005.0065,True
25947,I66_EB,110N04162,900,PM,45.19565217391305,3800.0,,1870.3773577328438,False,0.0,7592.0683,True
25947,I66_EB,110N04162,915,PM,44.74913043478261,3800.0,,1881.3869294766225,False,0.0,7592.0683,True
25947,I66_EB,110N04162,930,PM,45.31173913043479,3800.0,,1867.3298281069785,False,0.0,7592.0683,True
25947,I66_EB,110N04162,945,PM,45.1895652173913,3800.0,,1870.5349925282135,False,0.0,7592.0683,True
25947,I66_EB,110N04162,960,PM,45.12130434782608,3800.0,,1872.288164061281,False,0.0,7592.0683,True
25947,I66_EB,110N04162,975,PM,44.66782608695653,3800.0,,1883.274038880156,False,0.0,7592.0683,True
25947,I66_EB,110N04162,990,PM,44.84913043478261,3800.0,,1879.0171385627755,False,0.0,7592.0683,True
25947,I66_EB,110N04162,1005,PM,44.93782608695652,3800.0,,1876.8695905141576,False,0.0,7592.0683,True
25947,I66_EB,110N04162,1020,PM,43.12826086956522,3800.0,,1912.843118585408,False,0.0,7592.0683,True
25947,I66_EB,110N04162,1035,PM,42.34130434782609,3800.0,,1923.9098885010317,False,0.0,7592.0683,True
25947,I66_EB,110N04162,1050,PM,43.26478260869565,3800.0,,1910.6618356135723,False,0.0,7592.0683,True
25947,I66_EB,110N04162,1065,PM,42.969565217391306,3800.0,,1915.278962427045,False,0.0,7592.0683,True
25947,I66_EB,110N04162,1080,PM,43.09652173913044,3800.0,,1913.3388022737345,False,0.0,7592.0683,True
25947,I66_EB,110N04162,1095,PM,42.94826086956522,3800.0,,1915.5979138233424,False,0.0,7592.0683,True
25947,I66_EB,110N04162,1110,PM,41.92173913043479,3800.0,,1928.8166250184847,False,0.0,7592.0683,True
25947,I66_EB,110N04162,1125,PM,38.00913043478261,3800.0,,1946.7480138943513,False,0.0,7592.0683,True
25966,I66_WB,110+04166,900,PM,51.832608695652176,3652.1079500128735,3628.445490106502,3628.445490106502,True,1.4648767236618954,4375.8469,True
25966,I66_WB,110+04166,915,PM,59.72913043478261,4000.0,3679.98792723716,918.3405085933094,False,0.0,4375.8469,True
25966,I66_WB,110+04166,930,PM,59.18217391304348,4000.0,3758.658447876957,970.7511378005794,False,0.0,4375.8469,True
25966,I66_WB,110+04166,945,PM,59.756956521739134,4000.0,3844.9348908356937,915.3473258250482,False,0.0,4375.8469,True
25966,I66_WB,110+04166,960,PM,60.552608695652175,4000.0,3919.295094923174,809.0480304396832,False,0.0,4375.8469,True
25966,I66_WB,110+04166,975,PM,59.81391304347826,4000.0,3966.792922412896,909.1038368616927,False,0.0,4375.8469,True
25966,I66_WB,110+04166,990,PM,59.90608695652173,4000.0,3990.7863294331455,898.6490206501898,False,0.0,4375.8469,True
25966,I66_WB,110+04166,1005,PM,59.91217391304348,4000.0,3999.209295575906,897.9425948580727,False,0.0,4375.8469,True
25966,I66_WB,110+04166,1020,PM,59.34521739130435,4000.0,3999.995800433161,956.2752811688588,False,0.0,4375.8469,True
25966,I66_WB,110+04166,1035,PM,59.22391304347826,4000.0,3999.742803412932,967.1270361405999,False,0.0,4375.8469,True
25966,I66_WB,110+04166,1050,PM,59.43695652173913,4000.0,3999.69918318741,947.7332646520669,False,0.0,4375.8469,True
25966,I66_WB,110+04166,1065,PM,58.641304347826086,4000.0,3999.776798244826,1013.3395880930128,False,0.0,4375.8469,True
25966,I66_WB,110+04166,1080,PM,59.80391304347826,4000.0,3999.8875070734102,910.2116360289557,False,0.0,4375.8469,True
25966,I66_WB,110+04166,1095,PM,59.985652173913046,4000.0,3999.9603244140926,889.2496950364218,False,0.0,4375.8469,True
25966,I66_WB,110+04166,1110,PM,59.8008695652174,4000.0,3999.992890018608,910.5477974614442,False,0.0,4375.8469,True
25966,I66_WB,110+04166,1125,PM,59.290000000000006,4000.0,3999.999999891385,961.2753562835605,False,0.0,4375.8469,True
25972,I66_WB,110+04165,900,PM,55.67565217391304,4000.0,,965.2073931628148,False,0.0,3916.9394,True
25972,I66_WB,110+04165,915,PM,55.26565217391304,4000.0,,999.2544492693743,False,0.0,3916.9394,True
25972,I66_WB,110+04165,930,PM,55.22782608695652,4000.0,,1002.1608155033273,False,0.0,3916.9394,True
25972,I66_WB,110+04165,945,PM,55.64173913043478,4000.0,,968.2167841021281,False,0.0,3916.9394,True
25972,I66_WB,110+04165,960,PM,55.88826086956522,4000.0,,945.4254470471217,False,0.0,3916.9394,True
25972,I66_WB,110+04165,975,PM,55.43304347826087,4000.0,,985.9413896333685,False,0.0,3916.9394,True
25972,I66_WB,110+04165,990,PM,55.26,4000.0,,999.6910411058624,False,0.0,3916.9394,True
25972,I66_WB,110+04165,1005,PM,55.36739130434783,4000.0,,991.2532081995153,False,0.0,3916.9394,True
25972,I66_WB,110+04165,1020,PM,55.13347826086956,4000.0,,1009.255692667867,False,0.0,3916.9394,True
25972,I66_WB,110+04165,1035,PM,55.04391304347826,4000.0,,1015.7955989265215,False,0.0,3916.9394,True
25972,I66_WB,110+04165,1050,PM,54.80347826086957,4000.0,,1032.48186530553,False,0.0,3916.9394,True
25972,I66_WB,110+04165,1065,PM,54.84434782608696,4000.0,,1029.7303613703234,False,0.0,3916.9394,True
25972,I66_WB,110+04165,1080,PM,56.12347826086956,4000.0,,921.4582498941363,False,0.0,3916.9394,True
25972,I66_WB,110+04165,1095,PM,56.49956521739131,4000.0,,877.3873289562697,False,0.0,3916.9394,True
25972,I66_WB,110+04165,1110,PM,56.05782608695652,4000.0,,928.390853237535,False,0.0,3916.9394,True
25972,I66_WB,110+04165,1125,PM,55.30608695652174,4000.0,,996.1071216183059,False,0.0,3916.9394,True
26055,I66_WB,110P04167,900,PM,53.20521739130435,4000.0,3949.875124413728,1462.7754341277887,False,0.0,4509.6121,True
26055,I66_WB,110P04167,915,PM,62.96695652173913,4000.0,3951.0723489391135,1088.8729926185747,False,0.0,4509.6121,True
26055,I66_WB,110P04167,930,PM,62.56521739130435,4000.0,3952.194439668141,1126.0318721965477,False,0.0,4509.6121,True
26055,I66_WB,110P04167,945,PM,62.52956521739131,4000.0,3953.246464539509,1129.0986326004943,False,0.0,4509.6121,True
26055,I66_WB,110P04167,960,PM,63.51695652173913,4000.0,3954.2334914919184,1028.2541179617242,False,0.0,4509.6121,True
26055,I66_WB,110P04167,975,PM,62.06999999999999,4000.0,3955.160406371954,1165.8011143104156,False,0.0,4509.6121,True
26055,I66_WB,110P04167,990,PM,62.16695652173912,4000.0,3956.0313666577504,1158.4640959061226,False,0.0,4509.6121,True
26055,I66_WB,110P04167,1005,PM,62.41434782608695,4000.0,3956.850347735324,1138.7795790547168,False,0.0,4509.6121,True
26055,I66_WB,110P04167,1020,PM,62.83739130434783,4000.0,3957.6213249906937,1101.413655781817,False,0.0,4509.6121,True
26055,I66_WB,110P04167,1035,PM,62.07173913043479,4000.0,3958.3480787489016,1165.671272756415,False,0.0,4509.6121,True
26055,I66_WB,110P04167,1050,PM,62.36347826086956,4000.0,3959.0336090911,1142.946259530973,False,0.0,4509.6121,True
26055,I66_WB,110P04167,1065,PM,62.29434782608696,4000.0,3959.680721037461,1148.5075991115853,False,0.0,4509.6121,True
26055,I66_WB,110P04167,1080,PM,63.02086956521739,4000.0,3960.292219608161,1083.4824242561945,False,0.0,4509.6121,True
26055,I66_WB,110P04167,1095,PM,63.57086956521739,4000.0,3960.870706438327,1021.534993917394,False,0.0,4509.6121,True
26055,I66_WB,110P04167,1110,PM,63.60608695652174,4000.0,3961.417969622891,1017.0566705145511,False,0.0,4509.6121,True
26055,I66_WB,110P04167,1125,PM,63.246086956521744,4000.0,3961.935593871738,1059.757685354688,False,0.0,4509.6121,True
26101,I66_WB,110P04168,900,PM,46.11434782608695,6000.0,5993.39319691879,2590.6187488831883,False,0.0,8059.6433,True
26101,I66_WB,110P04168,915,PM,62.2395652173913,6000.0,5993.682960722671,1978.045886486305,False,0.0,8059.6433,True
26101,I66_WB,110P04168,930,PM,61.867826086956526,6000.0,5995.602248798584,2026.587460972635,False,0.0,8059.6433,True
26101,I66_WB,110P04168,945,PM,61.77869565217392,6000.0,5998.006079529974,2037.4978864817408,False,0.0,8059.6433,True
26101,I66_WB,110P04168,960,PM,62.93826086956521,6000.0,5999.749471300291,1870.3833518176903,False,0.0,8059.6433,True
26101,I66_WB,110P04168,975,PM,61.22695652173913,6000.0,5999.999998503166,2099.6827235143664,False,0.0,8059.6433,True
26101,I66_WB,110P04168,990,PM,61.5508695652174,6000.0,5999.175459572995,2064.2404185833384,False,0.0,8059.6433,True
26101,I66_WB,110P04168,1005,PM,62.08173913043479,6000.0,5998.006208954356,1999.2839288412947,False,0.0,8059.6433,True
26101,I66_WB,110P04168,1020,PM,62.28652173913044,6000.0,5997.222601091831,1971.5345417627261,False,0.0,8059.6433,True
26101,I66_WB,110P04168,1035,PM,61.65086956521739,6000.0,5997.35678021869,2052.6983898739863,False,0.0,8059.6433,True
26101,I66_WB,110P04168,1050,PM,62.386086956521744,6000.0,5998.148049722971,1957.4194271592355,False,0.0,8059.6433,True
26101,I66_WB,110P04168,1065,PM,62.10652173913044,6000.0,5999.137502781406,1996.0129937432278,False,0.0,8059.6433,True
26101,I66_WB,110P04168,1080,PM,62.83347826086957,6000.0,5999.866232570723,1888.174575183815,False,0.0,8059.6433,True
26101,I66_WB,110P04168,1095,PM,63.07304347826087,6000.0,6000.0,1846.4781505043427,False,0.0,8059.6433,True
26101,I66_WB,110P04168,1110,PM,62.90260869565218,6000.0,5999.703236907718,1876.511600377588,False,0.0,8059.6433,True
26101,I66_WB,110P04168,1125,PM,62.20043478260869,6000.0,5999.265042864701,1983.4031158145176,False,0.0,8059.6433,True
26177,I66_WB,110P04170,900,PM,54.055217391304346,6000.0,,2264.5307649445854,False,0.0,7443.6912,True
26177,I66_WB,110P04170,915,PM,59.79304347826087,6000.0,,2013.0594159119646,False,0.0,7443.6912,True
26177,I66_WB,110P04170,930,PM,62.0595652173913,6000.0,,1800.7569954704015,False,0.0,7443.6912,True
26177,I66_WB,110P04170,945,PM,61.708260869565216,6000.0,,1842.0494451621835,False,0.0,7443.6912,True
26177,I66_WB,110P04170,960,PM,62.58826086956522,6000.0,,1729.8221299951292,False,0.0,7443.6912,True
26177,I66_WB,110P04170,975,PM,60.86826086956522,6000.0,,1926.5335660427138,False,0.0,7443.6912,True
26177,I66_WB,110P04170,990,PM,61.80304347826087,6000.0,,1831.3067771029432,False,0.0,7443.6912,True
26177,I66_WB,110P04170,1005,PM,61.89739130434783,6000.0,,1820.3291755212013,False,0.0,7443.6912,True
26177,I66_WB,110P04170,1020,PM,61.73217391304348,6000.0,,1839.3654101355546,False,0.0,7443.6912,True
26177,I66_WB,110P04170,1035,PM,61.313478260869566,6000.0,,1883.9847196825217,False,0.0,7443.6912,True
26177,I66_WB,110P04170,1050,PM,61.14,6000.0,,1901.1146749254783,False,0.0,7443.6912,True
26177,I66_WB,110P04170,1065,PM,61.49217391304347,6000.0,,1865.537830996155,False,0.0,7443.6912,True
26177,I66_WB,110P04170,1080,PM,62.753043478260864,6000.0,,1705.0766657285308,False,0.0,7443.6912,True
26177,I66_WB,110P04170,1095,PM,62.02826086956522,6000.0,,1804.6069294345675,False,0.0,7443.6912,True
26177,I66_WB,110P04170,1110,PM,62.38565217391304,6000.0,,1758.41779612111,False,0.0,7443.6912,True
26177,I66_WB,110P04170,1125,PM,62.15913043478261,6000.0,,1788.2725028249563,False,0.0,7443.6912,True
26269,I395_NB,110P04127,900,PM,57.54782608695652,5700.0,,4440.672986692698,False,0.0,18451.2718,True
26269,I395_NB,110P04127,915,PM,57.18434782608696,5700.0,,4507.477657403824,False,0.0,18451.2718,True
26269,I395_NB,110P04127,930,PM,57.91608695652174,5700.0,,4367.031946501671,False,0.0,18451.2718,True
26269,I395_NB,110P04127,945,PM,57.90608695652173,5700.0,,4369.118066720863,False,0.0,18451.2718,True
26269,I395_NB,110P04127,960,PM,57.54260869565218,5700.0,,4441.671383955432,False,0.0,18451.2718,True
26269,I395_NB,110P04127,975,PM,56.12304347826087,5700.0,,4675.056034874087,False,0.0,18451.2718,True
26269,I395_NB,110P04127,990,PM,55.71478260869566,5700.0,,4730.433488903701,False,0.0,18451.2718,True
26269,I395_NB,110P04127,1005,PM,55.27086956521739,5700.0,,4785.831044351935,False,0.0,18451.2718,True
26269,I395_NB,110P04127,1020,PM,55.85478260869566,5700.0,,4711.945357171152,False,0.0,18451.2718,True
26269,I395_NB,110P04127,1035,PM,56.13,5700.0,,4674.07290341275,False,0.0,18451.2718,True
26269,I395_NB,110P04127,1050,PM,56.00260869565217,5700.0,,4691.861212446593,False,0.0,18451.2718,True
26269,I395_NB,110P04127,1065,PM,56.44217391304348,5700.0,,4628.499898528547,False,0.0,18451.2718,True
26269,I395_NB,110P04127,1080,PM,56.39304347826087,5700.0,,4635.865745555644,False,0.0,18451.2718,True
26269,I395_NB,110P04127,1095,PM,55.98826086956522,5700.0,,4693.836476579892,False,0.0,18451.2718,True
26269,I395_NB,110P04127,1110,PM,56.03217391304348,5700.0,,4687.77312537212,False,0.0,18451.2718,True
26269,I395_NB,110P04127,1125,PM,55.45086956521739,5700.0,,4763.939871529082,False,0.0,18451.2718,True
26271,I395_NB,110P04127,900,PM,57.54782608695652,5700.0,,4981.900066664357,False,0.0,20700.1039,True
26271,I395_NB,110P04127,915,PM,57.18434782608696,5700.0,,5056.846858393131,False,0.0,20700.1039,True
26271,I395_NB,110P04127,930,PM,57.91608695652174,5700.0,,4899.283692043593,False,0.0,20700.1039,True
26271,I395_NB,110P04127,945,PM,57.90608695652173,5700.0,,4901.624067588066,False,0.0,20700.1039,True
26271,I395_NB,110P04127,960,PM,57.54260869565218,5700.0,,4983.020148103517,False,0.0,20700.1039,True
26271,I395_NB,110P04127,975,PM,56.12304347826087,5700.0,,5244.849607614346,False,0.0,20700.1039,True
26271,I395_NB,110P04127,990,PM,55.71478260869566,5700.0,,5306.976439008725,False,0.0,20700.1039,True
26271,I395_NB,110P04127,1005,PM,55.27086956521739,5700.0,,5369.125821772923,False,0.0,20700.1039,True
26271,I395_NB,110P04127,1020,PM,55.85478260869566,5700.0,,5286.234982705391,False,0.0,20700.1039,True
26271,I395_NB,110P04127,1035,PM,56.13,5700.0,,5243.746652565088,False,0.0,20700.1039,True
26271,I395_NB,110P04127,1050,PM,56.00260869565217,5700.0,,5263.702992117022,False,0.0,20700.1039,True
26271,I395_NB,110P04127,1065,PM,56.44217391304348,5700.0,,5192.6192318450585,False,0.0,20700.1039,True
26271,I395_NB,110P04127,1080,PM,56.39304347826087,5700.0,,5200.882824752101,False,0.0,20700.1039,True
26271,I395_NB,110P04127,1095,PM,55.98826086956522,5700.0,,5265.919000489369,False,0.0,20700.1039,True
26271,I395_NB,110P04127,1110,PM,56.03217391304348,5700.0,,5259.116650963356,False,0.0,20700.1039,True
26271,I395_NB,110P04127,1125,PM,55.45086956521739,5700.0,,5344.566563373948,False,0.0,20700.1039,True
26274,I395_NB,110+04670,900,PM,57.62652173913044,5700.0,,3039.4516365207623,False,0.0,12993.4241,True
26274,I395_NB,110+04670,915,PM,56.71434782608696,5700.0,,3148.119230282956,False,0.0,12993.4241,True
26274,I395_NB,110+04670,930,PM,58.203478260869566,5700.0,,2958.0674384424838,False,0.0,12993.4241,True
26274,I395_NB,110+04670,945,PM,57.39434782608696,5700.0,,3069.2184288896096,False,0.0,12993.4241,True
26274,I395_NB,110+04670,960,PM,56.85434782608696,5700.0,,3132.8025731796465,False,0.0,12993.4241,True
26274,I395_NB,110+04670,975,PM,55.04347826086956,5700.0,,3301.1185570342013,False,0.0,12993.4241,True
26274,I395_NB,110+04670,990,PM,55.0,5700.0,,3304.474119099963,False,0.0,12993.4241,True
26274,I395_NB,110+04670,1005,PM,54.07217391304348,5700.0,,3369.92554579358,False,0.0,12993.4241,True
26274,I395_NB,110+04670,1020,PM,54.563478260869566,5700.0,,3336.6835726494046,False,0.0,12993.4241,True
26274,I395_NB,110+04670,1035,PM,54.69217391304348,5700.0,,3327.4604554687626,False,0.0,12993.4241,True
26274,I395_NB,110+04670,1050,PM,54.06565217391304,5700.0,,3370.346700715784,False,0.0,12993.4241,True
26274,I395_NB,110+04670,1065,PM,55.48217391304348,5700.0,,3265.661141701602,False,0.0,12993.4241,True
26274,I395_NB,110+04670,1080,PM,55.82869565217391,5700.0,,3235.45777716255,False,0.0,12993.4241,True
26274,I395_NB,110+04670,1095,PM,55.1904347826087,5700.0,,3289.569789189031,False,0.0,12993.4241,True
26274,I395_NB,110+04670,1110,PM,53.97434782608696,5700.0,,3376.189648564728,False,0.0,12993.4241,True
26274,I395_NB,110+04670,1125,PM,52.68086956521739,5700.0,,3449.149785304936,False,0.0,12993.4241,True
26297,I395_NB,110P04128,900,PM,29.375217391304343,5002.367780599667,5017.068022295969,5017.068022295969,True,14.316937995229852,3732.1287,False
26297,I395_NB,110P04128,915,PM,24.27391304347826,5002.367780599667,5018.125997501576,5018.125997501576,True,20.40087758896712,3732.1287,False
26297,I395_NB,110P04128,930,PM,22.76043478260869,5002.367780599667,5012.106975435421,5012.106975435421,True,22.73047235202416,3732.1287,False
26297,I395_NB,110P04128,945,PM,25.90608695652174,5002.367780599667,5004.0877773242455,5004.0877773242455,True,18.1936385880307,3732.1287,False
26297,I395_NB,110P04128,960,PM,20.01391304347826,5002.367780599667,4999.145224394801,4999.145224394801,True,27.857846604975386,3732.1287,False
26297,I395_NB,110P04128,975,PM,19.299130434782608,5002.367780599667,5000.812641492607,5000.812641492607,True,29.431571326436845,3732.1287,False
26297,I395_NB,110P04128,990,PM,21.57913043478261,5002.367780599667,5006.449367938289,5006.449367938289,True,24.77584219398946,3732.1287,False
26297,I395_NB,110P04128,1005,PM,24.759565217391305,5002.367780599667,5011.871246671242,5011.871246671242,True,19.71370303220952,3732.1287,False
26297,I395_NB,110P04128,1020,PM,22.09608695652173,5002.367780599667,5012.894120630866,5012.894120630866,True,23.85384574589883,3732.1287,False
26297,I395_NB,110P04128,1035,PM,17.69608695652174,5002.367780599667,5006.796881283808,5006.796881283808,True,33.42324340684752,3732.1287,False
26297,I395_NB,110P04128,1050,PM,16.64608695652174,5002.367780599667,4996.7106142057255,4996.7106142057255,True,36.45451211445384,3732.1287,False
26297,I395_NB,110P04128,1065,PM,19.528260869565216,5002.367780599667,4987.229453499524,4987.229453499524,True,28.914552914104995,3732.1287,False
26297,I395_NB,110P04128,1080,PM,24.304782608695653,5002.367780599667,4982.947533268113,4982.947533268113,True,20.356381327882247,3732.1287,False
26297,I395_NB,110P04128,1095,PM,24.053478260869564,5002.367780599667,4986.743822724384,4986.743822724384,True,20.721938168128943,3732.1287,False
26297,I395_NB,110P04128,1110,PM,24.731739130434782,5002.367780599667,4994.636631521183,4994.636631521183,True,19.75234675933412,3732.1287,False
26297,I395_NB,110P04128,1125,PM,27.72217391304348,5002.367780599667,5000.9291044213405,5000.9291044213405,True,16.043175084087483,3732.1287,False
26299,I66_WB,110P04166,900,PM,45.64,5435.083172596048,5435.083150618663,5435.083150618663,True,1.669982036974028,5287.4945,True
26299,I66_WB,110P04166,915,PM,61.21695652173913,6000.0,5540.668776897257,1070.0731209953938,False,0.0,5287.4945,True
26299,I66_WB,110P04166,930,PM,61.02391304347826,6000.0,5668.6356010925065,1090.5351712941597,False,0.0,5287.4945,True
26299,I66_WB,110P04166,945,PM,61.44739130434783,6000.0,5796.051229641929,1043.497980402965,False,0.0,5287.4945,True
26299,I66_WB,110P04166,960,PM,62.189130434782605,6000.0,5899.983268983054,935.1093572004402,False,0.0,5287.4945,True
26299,I66_WB,110P04166,975,PM,61.033478260869565,6000.0,5963.367699029995,1089.5560305749611,False,0.0,5287.4945,True
26299,I66_WB,110P04166,990,PM,61.47173913043478,6000.0,5992.613993603274,1040.5361901096355,False,0.0,5287.4945,True
26299,I66_WB,110P04166,1005,PM,61.43739130434783,6000.0,6000.0,1044.705377383261,False,0.0,5287.4945,True
26299,I66_WB,110P04166,1020,PM,61.21782608695652,6000.0,5997.80356551729,1069.9774555897327,False,0.0,5287.4945,True
26299,I66_WB,110P04166,1035,PM,60.8495652173913,6000.0,5996.115656899643,1107.800545385722,False,0.0,5287.4945,True
26299,I66_WB,110P04166,1050,PM,61.5,6000.0,5996.279718681124,1037.0584915548122,False,0.0,5287.4945,True
26299,I66_WB,110P04166,1065,PM,60.94608695652174,6000.0,5997.452314843181,1098.375695881481,False,0.0,5287.4945,True
26299,I66_WB,110P04166,1080,PM,61.99826086956522,6000.0,5998.790009367266,967.3068408982042,False,0.0,5287.4945,True
26299,I66_WB,110P04166,1095,PM,61.82869565217391,6000.0,5999.621229399482,993.0592613894428,False,0.0,5287.4945,True
26299,I66_WB,110P04166,1110,PM,61.546956521739126,6000.0,5999.961854744563,1031.18252788325,False,0.0,5287.4945,True
26299,I66_WB,110P04166,1125,PM,60.96869565217391,6000.0,5999.999628371895,1096.1208028378753,False,0.0,5287.4945,True
26304,I66_WB,110P04164,900,PM,53.53173913043479,4000.0,,961.0908723670372,False,0.0,3916.9394,True
26304,I66_WB,110P04164,915,PM,53.103913043478265,4000.0,,997.0051500272957,False,0.0,3916.9394,True
26304,I66_WB,110P04164,930,PM,53.345652173913045,4000.0,,977.3939536634767,False,0.0,3916.9394,True
26304,I66_WB,110P04164,945,PM,53.23391304347827,4000.0,,986.6648624417747,False,0.0,3916.9394,True
26304,I66_WB,110P04164,960,PM,54.06652173913044,4000.0,,906.8376088882503,False,0.0,3916.9394,True
26304,I66_WB,110P04164,975,PM,53.539565217391306,4000.0,,960.3798768362408,False,0.0,3916.9394,True
26304,I66_WB,110P04164,990,PM,53.12086956521739,4000.0,,995.6823388446405,False,0.0,3916.9394,True
26304,I66_WB,110P04164,1005,PM,53.04608695652173,4000.0,,1001.4600040275113,False,0.0,3916.9394,True
26304,I66_WB,110P04164,1020,PM,52.63434782608695,4000.0,,1030.8864491262184,False,0.0,3916.9394,True
26304,I66_WB,110P04164,1035,PM,52.44869565217391,4000.0,,1042.9870815971872,False,0.0,3916.9394,True
26304,I66_WB,110P04164,1050,PM,53.04739130434782,4000.0,,1001.3604638679943,False,0.0,3916.9394,True
26304,I66_WB,110P04164,1065,PM,53.25173913043478,4000.0,,985.2103398874323,False,0.0,3916.9394,True
26304,I66_WB,110P04164,1080,PM,53.92956521739131,4000.0,,921.9479459881501,False,0.0,3916.9394,True
26304,I66_WB,110P04164,1095,PM,54.22434782608696,4000.0,,888.1557609360285,False,0.0,3916.9394,True
26304,I66_WB,110P04164,1110,PM,53.41,4000.0,,971.8833935419013,False,0.0,3916.9394,True
26304,I66_WB,110P04164,1125,PM,52.51391304347826,4000.0,,1038.8114979588609,False,0.0,3916.9394,True
26313,I66_WB,110P04162,900,PM,48.37130434782608,3800.0,,1420.8000023016768,False,0.0,5997.6828,True
26313,I66_WB,110P04162,915,PM,48.219130434782606,3800.0,,1435.2291979421068,False,0.0,5997.6828,True
26313,I66_WB,110P04162,930,PM,48.65,3800.0,,1392.454457382354,False,0.0,5997.6828,True
26313,I66_WB,110P04162,945,PM,49.16869565217392,3800.0,,1331.684582609972,False,0.0,5997.6828,True
26313,I66_WB,110P04162,960,PM,48.45260869565218,3800.0,,1412.7984196829016,False,0.0,5997.6828,True
26313,I66_WB,110P04162,975,PM,47.50434782608695,3800.0,,1494.8466755767995,False,0.0,5997.6828,True
26313,I66_WB,110P04162,990,PM,48.04956521739131,3800.0,,1450.5249039494165,False,0.0,5997.6828,True
26313,I66_WB,110P04162,1005,PM,47.44565217391305,3800.0,,1499.2256670356778,False,0.0,5997.6828,True
26313,I66_WB,110P04162,1020,PM,46.87739130434783,3800.0,,1538.2711915460259,False,0.0,5997.6828,True
26313,I66_WB,110P04162,1035,PM,45.73,3800.0,,1602.084363900196,False,0.0,5997.6828,True
26313,I66_WB,110P04162,1050,PM,46.60913043478261,3800.0,,1554.819236549663,False,0.0,5997.6828,True
26313,I66_WB,110P04162,1065,PM,45.81521739130435,3800.0,,1597.920277148156,False,0.0,5997.6828,True
26313,I66_WB,110P04162,1080,PM,46.47565217391305,3800.0,,1562.65264773012,False,0.0,5997.6828,True
26313,I66_WB,110P04162,1095,PM,46.86304347826086,3800.0,,1539.184695230883,False,0.0,5997.6828,True
26313,I66_WB,110P04162,1110,PM,46.58391304347826,3800.0,,1556.3188738709614,False,0.0,5997.6828,True
26313,I66_WB,110P04162,1125,PM,45.73347826086956,3800.0,,1601.9160075430893,False,0.0,5997.6828,True
26354,I66_WB,110P04165,900,PM,54.5304347826087,4000.0,,1059.3895300271429,False,0.0,3916.9394,True
26354,I66_WB,110P04165,915,PM,55.7,4000.0,,982.345858934342,False,0.0,3916.9394,True
26354,I66_WB,110P04165,930,PM,55.31521739130435,4000.0,,1010.7137723276621,False,0.0,3916.9394,True
26354,I66_WB,110P04165,945,PM,56.11,4000.0,,947.7478004700577,False,0.0,3916.9394,True
26354,I66_WB,110P04165,960,PM,56.38956521739131,4000.0,,920.8742937416611,False,0.0,3916.9394,True
26354,I66_WB,110P04165,975,PM,55.83304347826088,4000.0,,971.6679220808328,False,0.0,3916.9394,True
26354,I66_WB,110P04165,990,PM,55.923478260869565,4000.0,,964.1211627080927,False,0.0,3916.9394,True
26354,I66_WB,110P04165,1005,PM,55.869565217391305,4000.0,,968.6493469353734,False,0.0,3916.9394,True
26354,I66_WB,110P04165,1020,PM,55.19739130434783,4000.0,,1018.7394658813618,False,0.0,3916.9394,True
26354,I66_WB,110P04165,1035,PM,55.540000000000006,4000.0,,994.5695179115236,False,0.0,3916.9394,True
26354,I66_WB,110P04165,1050,PM,55.43478260869565,4000.0,,1002.268511977827,False,0.0,3916.9394,True
26354,I66_WB,110P04165,1065,PM,54.88565217391304,4000.0,,1038.6813232414486,False,0.0,3916.9394,True
26354,I66_WB,110P04165,1080,PM,56.13130434782609,4000.0,,945.8034328522364,False,0.0,3916.9394,True
26354,I66_WB,110P04165,1095,PM,56.46695652173913,4000.0,,912.8668661003811,False,0.0,3916.9394,True
26354,I66_WB,110P04165,1110,PM,56.22086956521739,4000.0,,937.4503489578992,False,0.0,3916.9394,True
26354,I66_WB,110P04165,1125,PM,55.57608695652174,4000.0,,991.8684458521583,False,0.0,3916.9394,True
26359,I66_WB,110+04167,900,PM,45.43000000000001,5715.111580596292,4981.185095445972,4981.185095445972,True,28.815919861494606,5287.4945,True
26359,I66_WB,110+04167,915,PM,60.94565217391305,6000.0,4410.404068994012,997.6428485202088,False,0.0,5287.4945,True
26359,I66_WB,110+04167,930,PM,60.17913043478261,6000.0,3825.203749625396,1053.3995529925276,False,0.0,5287.4945,True
26359,I66_WB,110+04167,945,PM,60.42869565217391,6000.0,3384.967899966603,1036.6316436408856,False,0.0,5287.4945,True
26359,I66_WB,110+04167,960,PM,61.27347826086957,6000.0,3249.0802826441195,969.2392501542159,False,0.0,5287.4945,True
26359,I66_WB,110+04167,975,PM,59.47521739130435,6000.0,3520.6544672815417,1095.0499821722792,False,0.0,5287.4945,True
26359,I66_WB,110+04167,990,PM,59.59739130434782,6000.0,4077.7232514909183,1088.3473243520962,False,0.0,5287.4945,True
26359,I66_WB,110+04167,1005,PM,59.45260869565218,6000.0,4742.0492398814085,1096.2684936119808,False,0.0,5287.4945,True
26359,I66_WB,110+04167,1020,PM,59.50086956521739,6000.0,5335.395037062175,1093.659288270516,False,0.0,5287.4945,True
26359,I66_WB,110+04167,1035,PM,58.42956521739131,6000.0,5719.613428800638,1145.2246322333556,False,0.0,5287.4945,True
26359,I66_WB,110+04167,1050,PM,58.48260869565217,6000.0,5916.917925497273,1142.9505441765255,False,0.0,5287.4945,True
26359,I66_WB,110+04167,1065,PM,57.789565217391306,6000.0,5989.612218710814,1170.7642416982553,False,0.0,5287.4945,True
26359,I66_WB,110+04167,1080,PM,57.74434782608695,6000.0,6000.0,1172.445407738166,False,0.0,5287.4945,True
26359,I66_WB,110+04167,1095,PM,60.34391304347827,6000.0,5999.999999999609,1042.462395937306,False,0.0,5287.4945,True
26359,I66_WB,110+04167,1110,PM,60.64434782608696,6000.0,5999.991105648604,1021.1251515347778,False,0.0,5287.4945,True
26359,I66_WB,110+04167,1125,PM,60.32739130434783,6000.0,5999.967242961989,1043.5821475209314,False,0.0,5287.4945,True
26370,I66_WB,110+04169,900,PM,28.422608695652176,5769.045286866416,5237.272589327974,5237.272589327974,True,185.4168854591289,8059.6433,True
26370,I66_WB,110+04169,915,PM,53.39739130434783,5769.045286866416,4474.40911216505,4474.40911216505,True,31.62383790996109,8059.6433,True
26370,I66_WB,110+04169,930,PM,62.31565217391304,6000.0,3598.168862349885,1565.9728266095385,False,0.0,8059.6433,True
26370,I66_WB,110+04169,945,PM,62.235652173913046,6000.0,2869.1484861376284,1575.5608702458553,False,0.0,8059.6433,True
26370,I66_WB,110+04169,960,PM,62.96391304347826,6000.0,2547.944629783439,1477.898511691989,False,0.0,8059.6433,True
26370,I66_WB,110+04169,975,PM,61.649565217391306,6000.0,2810.2010179123104,1639.2028146484101,False,0.0,8059.6433,True
26370,I66_WB,110+04169,990,PM,62.04391304347826,6000.0,3491.7496886286176,1597.596869988447,False,0.0,8059.6433,True
26370,I66_WB,110+04169,1005,PM,62.19695652173913,6000.0,4343.469758406575,1580.1129210289148,False,0.0,8059.6433,True
26370,I66_WB,110+04169,1020,PM,62.05347826086957,6000.0,5116.240343720399,1596.5276149727003,False,0.0,8059.6433,True
26370,I66_WB,110+04169,1035,PM,60.17434782608696,6000.0,5616.1979286440455,1762.2791469289612,False,0.0,8059.6433,True
26370,I66_WB,110+04169,1050,PM,60.37869565217392,6000.0,5870.508467650441,1747.6557832754036,False,0.0,8059.6433,True
26370,I66_WB,110+04169,1065,PM,60.58695652173913,6000.0,5961.59528281225,1732.05506357319,False,0.0,8059.6433,True
26370,I66_WB,110+04169,1080,PM,62.39608695652174,6000.0,5971.881696202139,1556.0824285379217,False,0.0,8059.6433,True
26370,I66_WB,110+04169,1095,PM,62.27913043478261,6000.0,5970.021274538033,1570.3800609775685,False,0.0,8059.6433,True
26370,I66_WB,110+04169,1110,PM,62.49130434782609,6000.0,5969.588563118899,1544.0328180802514,False,0.0,8059.6433,True
26370,I66_WB,110+04169,1125,PM,62.18478260869565,6000.0,5970.388351888961,1581.533767947823,False,0.0,8059.6433,True
26380,I66_WB,110+04166,900,PM,51.832608695652176,3652.1079500128735,3324.842934355405,3324.842934355405,True,9.916088590942069,4375.8469,True
26380,I66_WB,110+04166,915,PM,59.72913043478261,4000.0,3490.934811807037,938.4350447182484,False,0.0,4375.8469,True
26380,I66_WB,110+04166,930,PM,59.18217391304348,4000.0,3773.8910835338575,991.9924895914737,False,0.0,4375.8469,True
26380,I66_WB,110+04166,945,PM,59.756956521739134,4000.0,4000.016027604641,935.3763670505434,False,0.0,4375.8469,True
26380,I66_WB,110+04166,960,PM,60.552608695652175,4000.0,3995.6139220881614,826.7510988792793,False,0.0,4375.8469,True
26380,I66_WB,110+04166,975,PM,59.81391304347826,4000.0,3650.502566712256,928.9962620789145,False,0.0,4375.8469,True
26380,I66_WB,110+04166,990,PM,59.90608695652173,4000.0,3108.553847841034,918.3126803059713,False,0.0,4375.8469,True
26380,I66_WB,110+04166,1005,PM,59.91217391304348,4000.0,2577.1531734976616,917.590796959204,False,0.0,4375.8469,True
26380,I66_WB,110+04166,1020,PM,59.34521739130435,4000.0,2263.685951705312,977.1998815790794,False,0.0,4375.8469,True
26380,I66_WB,110+04166,1035,PM,59.22391304347826,4000.0,2315.8231824497,988.2890876708116,False,0.0,4375.8469,True
26380,I66_WB,110+04166,1050,PM,59.43695652173913,4000.0,2642.378233566716,968.4709541530219,False,0.0,4375.8469,True
26380,I66_WB,110+04166,1065,PM,58.641304347826086,4000.0,3092.4500648547955,1035.5128329506927,False,0.0,4375.8469,True
26380,I66_WB,110+04166,1080,PM,59.80391304347826,4000.0,3515.137636112374,930.1283013947688,False,0.0,4375.8469,True
26380,I66_WB,110+04166,1095,PM,59.985652173913046,4000.0,3792.099073592524,908.7076846968928,False,0.0,4375.8469,True
26380,I66_WB,110+04166,1110,PM,59.8008695652174,4000.0,3935.2291693668767,930.4718184954281,False,0.0,4375.8469,True
26380,I66_WB,110+04166,1125,PM,59.290000000000006,4000.0,3988.981881961695,982.3093651202631,False,0.0,4375.8469,True
26423,I395_NB,110+04126,900,PM,55.13695652173914,7600.0,,4530.832531320682,False,0.0,18403.7133,True
26423,I395_NB,110+04126,915,PM,54.38347826086956,7600.0,,4572.1085666392,False,0.0,18403.7133,True
26423,I395_NB,110+04126,930,PM,52.96695652173913,7600.0,,4635.4900672236445,False,0.0,18403.7133,True
26423,I395_NB,110+04126,945,PM,53.77695652173912,7600.0,,4601.3850164809855,False,0.0,18403.7133,True
26423,I395_NB,110+04126,960,PM,52.97565217391305,7600.0,,4635.152525436355,False,0.0,18403.7133,True
26423,I395_NB,110+04126,975,PM,55.4495652173913,7600.0,,4511.9819335164175,False,0.0,18403.7133,True
26423,I395_NB,110+04126,990,PM,56.07304347826087,7600.0,,4471.096738655724,False,0.0,18403.7133,True
26423,I395_NB,110+04126,1005,PM,54.26391304347826,7600.0,,4578.147656158433,False,0.0,18403.7133,True
26423,I395_NB,110+04126,1020,PM,53.09391304347827,7600.0,,4630.502039376258,False,0.0,18403.7133,True
26423,I395_NB,110+04126,1035,PM,53.0508695652174,7600.0,,4632.207643020055,False,0.0,18403.7133,True
26423,I395_NB,110+04126,1050,PM,54.06739130434782,7600.0,,4587.784408866175,False,0.0,18403.7133,True
26423,I395_NB,110+04126,1065,PM,53.77434782608695,7600.0,,4601.503784295831,False,0.0,18403.7133,True
26423,I395_NB,110+04126,1080,PM,53.00739130434783,7600.0,,4633.915393728801,False,0.0,18403.7133,True
26423,I395_NB,110+04126,1095,PM,52.07086956521739,7600.0,,4667.162288546545,False,0.0,18403.7133,True
26423,I395_NB,110+04126,1110,PM,52.27565217391304,7600.0,,4660.453332249212,False,0.0,18403.7133,True
26423,I395_NB,110+04126,1125,PM,52.13391304347826,7600.0,,4665.129274485681,False,0.0,18403.7133,True
26424,I395_NB,110+04127,900,PM,60.78478260869565,7600.0,,3633.140266722834,False,0.0,15129.1396,True
26424,I395_NB,110+04127,915,PM,60.06913043478261,7600.0,,3721.2695564000837,False,0.0,15129.1396,True
26424,I395_NB,110+04127,930,PM,60.46521739130435,7600.0,,3674.053622130645,False,0.0,15129.1396,True
26424,I395_NB,110+04127,945,PM,59.93521739130435,7600.0,,3736.425353299884,False,0.0,15129.1396,True
26424,I395_NB,110+04127,960,PM,59.60130434782609,7600.0,,3772.5712263982346,False,0.0,15129.1396,True
26424,I395_NB,110+04127,975,PM,59.12260869565217,7600.0,,3820.6046355423055,False,0.0,15129.1396,True
26424,I395_NB,110+04127,990,PM,60.29869565217391,7600.0,,3694.35358202158,False,0.0,15129.1396,True
26424,I395_NB,110+04127,1005,PM,60.25565217391304,7600.0,,3699.492903956563,False,0.0,15129.1396,True
26424,I395_NB,110+04127,1020,PM,59.70130434782609,7600.0,,3761.9849153028977,False,0.0,15129.1396,True
26424,I395_NB,110+04127,1035,PM,59.05173913043478,7600.0,,3827.3630975929973,False,0.0,15129.1396,True
26424,I395_NB,110+04127,1050,PM,58.44347826086957,7600.0,,3881.9433784984135,False,0.0,15129.1396,True
26424,I395_NB,110+04127,1065,PM,59.10086956521739,7600.0,,3822.687082623813,False,0.0,15129.1396,True
26424,I395_NB,110+04127,1080,PM,59.28130434782609,7600.0,,3805.1490048646892,False,0.0,15129.1396,True
26424,I395_NB,110+04127,1095,PM,58.49565217391305,7600.0,,3877.49159503246,False,0.0,15129.1396,True
26424,I395_NB,110+04127,1110,PM,58.17869565217391,7600.0,,3903.911121814744,False,0.0,15129.1396,True
26424,I395_NB,110+04127,1125,PM,58.41782608695652,7600.0,,3884.117057797856,False,0.0,15129.1396,True
26469,I395_NB,110P04130,900,PM,11.63304347826087,9987.711874681678,10044.47452508608,10044.47452508608,True,133.40680362650073,18261.7982,False
26469,I395_NB,110P04130,915,PM,9.645652173913044,9987.711874681678,10020.574468866962,10020.574468866962,True,168.7865274112171,18261.7982,False
26469,I395_NB,110P04130,930,PM,9.879565217391304,9987.711874681678,9996.32151091974,9996.32151091974,True,163.88331157333627,18261.7982,False
26469,I395_NB,110P04130,945,PM,10.059565217391304,9987.711874681678,9977.083744575377,9977.083744575377,True,160.26545402171658,18261.7982,False
26469,I395_NB,110P04130,960,PM,9.23391304347826,9987.711874681678,9968.22926316482,9968.22926316482,True,178.020759091885,18261.7982,False
26469,I395_NB,110P04130,975,PM,9.703478260869565,9987.711874681678,9972.80233530291,9972.80233530291,True,167.55239780294636,18261.7982,False
26469,I395_NB,110P04130,990,PM,10.428260869565218,9987.711874681678,9984.551930740014,9984.551930740014,True,153.2448751958456,18261.7982,False
26469,I395_NB,110P04130,1005,PM,9.948695652173912,9987.711874681678,9994.903194510374,9994.903194510374,True,162.47836014036807,18261.7982,False
26469,I395_NB,110P04130,1020,PM,10.954782608695652,9987.711874681678,9995.28127164824,9995.28127164824,True,144.03833067431668,18261.7982,False
26469,I395_NB,110P04130,1035,PM,9.775652173913045,9987.711874681678,9980.07850268824,9980.07850268824,True,166.03253958809051,18261.7982,False
26469,I395_NB,110P04130,1050,PM,9.438260869565216,9987.711874681678,9955.556010166554,9955.556010166554,True,173.3370677660267,18261.7982,False
26469,I395_NB,110P04130,1065,PM,10.304782608695652,9987.711874681678,9930.942112119736,9930.942112119736,True,155.54015578524965,18261.7982,False
26469,I395_NB,110P04130,1080,PM,12.300869565217392,9987.711874681678,9915.465126584357,9915.465126584357,True,124.08435033620216,18261.7982,False
26469,I395_NB,110P04130,1095,PM,13.17782608695652,9987.711874681678,9915.5462505233,9915.5462505233,True,113.27761592901516,18261.7982,False
26469,I395_NB,110P04130,1110,PM,13.450869565217392,9987.711874681678,9926.378196604805,9926.378196604805,True,110.20057214672764,18261.7982,False
26469,I395_NB,110P04130,1125,PM,16.032608695652176,9987.711874681678,9940.346556423434,9940.346556423434,True,86.28648519674302,18261.7982,False
26471,I395_SB,110N04129,900,PM,45.07086956521739,5700.0,,3961.1598614269774,False,0.0,16182.1656,True
26471,I395_SB,110N04129,915,PM,45.11608695652174,5700.0,,3958.37103834475,False,0.0,16182.1656,True
26471,I395_SB,110N04129,930,PM,44.79478260869565,5700.0,,3977.5944151941544,False,0.0,16182.1656,True
26471,I395_SB,110N04129,945,PM,45.08304347826088,5700.0,,3960.4117612329687,False,0.0,16182.1656,True
26471,I395_SB,110N04129,960,PM,44.29826086956522,5700.0,,4004.702159376966,False,0.0,16182.1656,True
26471,I395_SB,110N04129,975,PM,44.09608695652174,5700.0,,4014.8859875774797,False,0.0,16182.1656,True
26471,I395_SB,110N04129,990,PM,43.43913043478261,5700.0,,4044.8015667256273,False,0.0,16182.1656,True
26471,I395_SB,110N04129,1005,PM,43.038260869565214,5700.0,,4060.8147711171355,False,0.0,16182.1656,True
26471,I395_SB,110N04129,1020,PM,42.99260869565217,5700.0,,4062.5362732240924,False,0.0,16182.1656,True
26471,I395_SB,110N04129,1035,PM,42.52869565217391,5700.0,,4078.8940260553445,False,0.0,16182.1656,True
26471,I395_SB,110N04129,1050,PM,41.85086956521739,5700.0,,4099.262427642566,False,0.0,16182.1656,True
26471,I395_SB,110N04129,1065,PM,40.83782608695652,5700.0,,4122.54569010611,False,0.0,16182.1656,True
26471,I395_SB,110N04129,1080,PM,41.96173913043479,5700.0,,4096.205379728779,False,0.0,16182.1656,True
26471,I395_SB,110N04129,1095,PM,42.32695652173913,5700.0,,4085.382102651149,False,0.0,16182.1656,True
26471,I395_SB,110N04129,1110,PM,42.116521739130434,5700.0,,4091.76097262398,False,0.0,16182.1656,True
26471,I395_SB,110N04129,1125,PM,41.45521739130435,5700.0,,4109.33396697193,False,0.0,16182.1656,True
26501,I395_NB,110+04130,900,PM,12.545652173913044,4933.040576952122,4955.935767071438,4955.935767071438,True,44.94096455914464,4694.0132,False
26501,I395_NB,110+04130,915,PM,9.64217391304348,4933.040576952122,4947.519767363006,4947.519767363006,True,62.701510951665405,4694.0132,False
26501,I395_NB,110+04130,930,PM,10.225652173913044,4933.040576952122,4939.003066484012,4939.003066484012,True,58.32261475599909,4694.0132,False
26501,I395_NB,110+04130,945,PM,10.48391304347826,4933.040576952122,4932.248945803106,4932.248945803106,True,56.54003024091548,4694.0132,False
26501,I395_NB,110+04130,960,PM,9.193478260869568,4933.040576952122,4929.120686688943,4929.120686688943,True,66.44695224443188,4694.0132,False
26501,I395_NB,110+04130,975,PM,9.45391304347826,4933.040576952122,4930.663051340544,4930.663051340544,True,64.2297083055239,4694.0132,False
26501,I395_NB,110+04130,990,PM,10.43695652173913,4933.040576952122,4934.6467252784005,4934.6467252784005,True,56.85757473134552,4694.0132,False
26501,I395_NB,110+04130,1005,PM,9.64913043478261,4933.040576952122,4938.023874853367,4938.023874853367,True,62.64618422762642,4694.0132,False
26501,I395_NB,110+04130,1020,PM,10.772173913043478,4933.040576952122,4937.746666416304,4937.746666416304,True,54.65132201083749,4694.0132,False
26501,I395_NB,110+04130,1035,PM,9.152608695652171,4933.040576952122,4931.807231725194,4931.807231725194,True,66.80635484539062,4694.0132,False
26501,I395_NB,110+04130,1050,PM,9.303478260869564,4933.040576952122,4922.357564166543,4922.357564166543,True,65.4953106162356,4694.0132,False
26501,I395_NB,110+04130,1065,PM,9.830869565217393,4933.040576952122,4912.58962253398,4912.58962253398,True,61.22851705991093,4694.0132,False
26501,I395_NB,110+04130,1080,PM,11.798260869565215,4933.040576952122,4905.695365621139,4905.695365621139,True,48.677273251890085,4694.0132,False
26501,I395_NB,110+04130,1095,PM,11.881304347826086,4933.040576952122,4903.956586800528,4903.956586800528,True,48.23891482197271,4694.0132,False
26501,I395_NB,110+04130,1110,PM,12.216521739130435,4933.040576952122,4906.014417760198,4906.014417760198,True,46.52999850717519,4694.0132,False
26501,I395_NB,110+04130,1125,PM,16.149565217391306,4933.040576952122,4909.599824767071,4909.599824767071,True,31.77883464222316,4694.0132,False
26684,I395_SB,110-04127,900,PM,56.81869565217391,5700.0,,2730.099829910583,False,0.0,12394.635,True
26684,I395_SB,110-04127,915,PM,57.20130434782609,5700.0,,2656.390874482255,False,0.0,12394.635,True
26684,I395_SB,110-04127,930,PM,56.853913043478265,5700.0,,2723.671180398647,False,0.0,12394.635,True
26684,I395_SB,110-04127,945,PM,56.43869565217391,5700.0,,2795.4498905949417,False,0.0,12394.635,True
26684,I395_SB,110-04127,960,PM,54.30173913043478,5700.0,,3065.963840748644,False,0.0,12394.635,True
26684,I395_SB,110-04127,975,PM,53.89391304347826,5700.0,,3104.4777102356056,False,0.0,12394.635,True
26684,I395_SB,110-04127,990,PM,53.67217391304348,5700.0,,3124.1070633344043,False,0.0,12394.635,True
26684,I395_SB,110-04127,1005,PM,52.59130434782608,5700.0,,3208.319244684635,False,0.0,12394.635,True
26684,I395_SB,110-04127,1020,PM,51.415217391304346,5700.0,,3281.9420234747795,False,0.0,12394.635,True
26684,I395_SB,110-04127,1035,PM,51.24478260869565,5700.0,,3291.294691604634,False,0.0,12394.635,True
26684,I395_SB,110-04127,1050,PM,47.04478260869565,5700.0,,3443.3347332897233,False,0.0,12394.635,True
26684,I395_SB,110-04127,1065,PM,48.83173913043479,5700.0,,3394.835010364787,False,0.0,12394.635,True
26684,I395_SB,110-04127,1080,PM,51.31695652173913,5700.0,,3287.371640798372,False,0.0,12394.635,True
26684,I395_SB,110-04127,1095,PM,52.04347826086956,5700.0,,3244.6895677569737,False,0.0,12394.635,True
26684,I395_SB,110-04127,1110,PM,53.44869565217391,5700.0,,3143.0231741679586,False,0.0,12394.635,True
26684,I395_SB,110-04127,1125,PM,54.119565217391305,5700.0,,3083.569524153051,False,0.0,12394.635,True
26699,I395_SB,110N04127,900,PM,44.35391304347826,4837.55136234609,4873.54891455719,4873.54891455719,True,2.958901014969055,19020.0665,False
26699,I395_SB,110N04127,915,PM,31.15086956521739,4837.55136234609,4850.323258402607,4850.323258402607,True,7.581620362448049,19020.0665,False
26699,I395_SB,110N04127,930,PM,22.958260869565216,4837.55136234609,4840.126953684687,4840.126953684687,True,13.123264587708722,19020.0665,False
26699,I395_SB,110N04127,945,PM,21.81043478260869,4837.55136234609,4838.075934390883,4838.075934390883,True,14.232179874624736,19020.0665,False
26699,I395_SB,110N04127,960,PM,24.3408695652174,4837.55136234609,4839.286134508655,4839.286134508655,True,11.926386826367285,19020.0665,False
26699,I395_SB,110N04127,975,PM,24.30086956521739,4837.55136234609,4839.767958692513,4839.767958692513,True,11.959100376491746,19020.0665,False
26699,I395_SB,110N04127,990,PM,21.25608695652173,4837.55136234609,4839.109694265202,4839.109694265202,True,14.81062251078158,19020.0665,False
26699,I395_SB,110N04127,1005,PM,21.28695652173913,4837.55136234609,4837.794099216515,4837.794099216515,True,14.777619070687823,19020.0665,False
26699,I395_SB,110N04127,1020,PM,21.03391304347826,4837.55136234609,4836.303931536255,4836.303931536255,True,15.051011881748082,19020.0665,False
26699,I395_SB,110N04127,1035,PM,23.0908695652174,4837.55136234609,4835.000954754936,4835.000954754936,True,13.002255407702409,19020.0665,False
26699,I395_SB,110N04127,1050,PM,22.36434782608696,4837.55136234609,4833.762954565975,4833.762954565975,True,13.68283304828703,19020.0665,False
26699,I395_SB,110N04127,1065,PM,23.35043478260869,4837.55136234609,4832.346722203501,4832.346722203501,True,12.769372923747058,19020.0665,False
26699,I395_SB,110N04127,1080,PM,25.77391304347826,4837.55136234609,4830.509048901648,4830.509048901648,True,10.82137097477851,19020.0665,False
26699,I395_SB,110N04127,1095,PM,27.299565217391304,4837.55136234609,4827.763293531598,4827.763293531598,True,9.772444536403198,19020.0665,False
26699,I395_SB,110N04127,1110,PM,32.625217391304346,4837.55136234609,4822.64908551273,4822.64908551273,True,6.879838799437535,19020.0665,False
26699,I395_SB,110N04127,1125,PM,43.05478260869565,4837.55136234609,4813.462621901473,4813.462621901473,True,3.287998834484988,19020.0665,False
26708,I395_NB,110+04125,900,PM,60.76739130434783,7600.0,,4824.7842625473795,False,0.0,20202.1909,True
26708,I395_NB,110+04125,915,PM,59.90956521739131,7600.0,,4917.095328265707,False,0.0,20202.1909,True
26708,I395_NB,110+04125,930,PM,60.34130434782608,7600.0,,4872.357755406505,False,0.0,20202.1909,True
26708,I395_NB,110+04125,945,PM,58.35521739130435,7600.0,,5053.385702683324,False,0.0,20202.1909,True
26708,I395_NB,110+04125,960,PM,57.58217391304348,7600.0,,5108.879099565188,False,0.0,20202.1909,True
26708,I395_NB,110+04125,975,PM,59.43086956521739,7600.0,,4962.969053589663,False,0.0,20202.1909,True
26708,I395_NB,110+04125,990,PM,59.8,7600.0,,4927.929026954482,False,0.0,20202.1909,True
26708,I395_NB,110+04125,1005,PM,57.86608695652174,7600.0,,5089.3448313208,False,0.0,20202.1909,True
26708,I395_NB,110+04125,1020,PM,57.04130434782609,7600.0,,5143.545558475802,False,0.0,20202.1909,True
26708,I395_NB,110+04125,1035,PM,56.65086956521739,7600.0,,5166.610073152507,False,0.0,20202.1909,True
26708,I395_NB,110+04125,1050,PM,56.61565217391305,7600.0,,5168.613228605338,False,0.0,20202.1909,True
26708,I395_NB,110+04125,1065,PM,56.48826086956522,7600.0,,5175.755036239464,False,0.0,20202.1909,True
26708,I395_NB,110+04125,1080,PM,56.80652173913043,7600.0,,5157.605090976851,False,0.0,20202.1909,True
26708,I395_NB,110+04125,1095,PM,57.28,7600.0,,5128.64691367677,False,0.0,20202.1909,True
26708,I395_NB,110+04125,1110,PM,57.89913043478261,7600.0,,5087.008951867437,False,0.0,20202.1909,True
26708,I395_NB,110+04125,1125,PM,58.72391304347826,7600.0,,5024.233686672792,False,0.0,20202.1909,True
26712,I395_SB,110N04130,900,PM,43.13130434782609,11400.0,,6817.002306817293,False,0.0,27677.1328,True
26712,I395_SB,110N04130,915,PM,42.961304347826086,11400.0,,6827.823705179514,False,0.0,27677.1328,True
26712,I395_SB,110N04130,930,PM,41.80478260869565,11400.0,,6889.426481078699,False,0.0,27677.1328,True
26712,I395_SB,110N04130,945,PM,41.73478260869565,11400.0,,6892.5216016862105,False,0.0,27677.1328,True
26712,I395_SB,110N04130,960,PM,41.33913043478261,11400.0,,6908.743694598403,False,0.0,27677.1328,True
26712,I395_SB,110N04130,975,PM,41.92434782608696,11400.0,,6883.979652096266,False,0.0,27677.1328,True
26712,I395_SB,110N04130,990,PM,39.49086956521739,11400.0,,6958.195987763041,False,0.0,27677.1328,True
26712,I395_SB,110N04130,1005,PM,39.66217391304348,11400.0,,6955.308622998157,False,0.0,27677.1328,True
26712,I395_SB,110N04130,1020,PM,40.47217391304348,11400.0,,6937.100804726215,False,0.0,27677.1328,True
26712,I395_SB,110N04130,1035,PM,40.24956521739131,11400.0,,6942.872836492354,False,0.0,27677.1328,True
26712,I395_SB,110N04130,1050,PM,38.67,11400.0,,6967.620458003715,False,0.0,27677.1328,True
26712,I395_SB,110N04130,1065,PM,36.77391304347826,11400.0,,6963.661017654724,False,0.0,27677.1328,True
26712,I395_SB,110N04130,1080,PM,39.90913043478261,11400.0,,6950.564965717848,False,0.0,27677.1328,True
26712,I395_SB,110N04130,1095,PM,40.789565217391306,11400.0,,6927.825440728129,False,0.0,27677.1328,True
26712,I395_SB,110N04130,1110,PM,40.89173913043478,11400.0,,6924.572060286022,False,0.0,27677.1328,True
26712,I395_SB,110N04130,1125,PM,39.2795652173913,11400.0,,6961.311564173407,False,0.0,27677.1328,True
26756,I395_NB,110P04124,900,PM,57.345652173913045,7600.0,7565.049270813412,4866.478522131409,False,0.0,20202.1909,True
26756,I395_NB,110P04124,915,PM,56.442608695652176,7600.0,7565.839328868311,4925.726490565368,False,0.0,20202.1909,True
26756,I395_NB,110P04124,930,PM,56.923478260869565,7600.0,7566.585255922466,4895.338573381566,False,0.0,20202.1909,True
26756,I395_NB,110P04124,945,PM,53.88086956521739,7600.0,7567.289107863949,5049.467582321462,False,0.0,20202.1909,True
26756,I395_NB,110P04124,960,PM,53.02304347826087,7600.0,7567.952940580841,5078.680284364609,False,0.0,20202.1909,True
26756,I395_NB,110P04124,975,PM,54.49956521739131,7600.0,7568.578882581642,5024.879033494315,False,0.0,20202.1909,True
26756,I395_NB,110P04124,990,PM,54.58434782608696,7600.0,7569.169352856557,5021.266219788526,False,0.0,20202.1909,True
26756,I395_NB,110P04124,1005,PM,48.81913043478261,7600.0,7569.726843016218,5153.3938318722085,False,0.0,20202.1909,True
26756,I395_NB,110P04124,1020,PM,44.555217391304346,7600.0,7570.253844671253,5138.074842853991,False,0.0,20202.1909,True
26756,I395_NB,110P04124,1035,PM,43.15565217391305,7600.0,7570.75276272111,5116.876056063289,False,0.0,20202.1909,True
26756,I395_NB,110P04124,1050,PM,42.14565217391304,7600.0,7571.225655220509,5097.13953197854,False,0.0,20202.1909,True
26756,I395_NB,110P04124,1065,PM,39.63782608695652,7600.0,7571.674493512981,5033.063421611682,False,0.0,20202.1909,True
26756,I395_NB,110P04124,1080,PM,41.67086956521739,7600.0,7572.101248942067,5086.6271228179185,False,0.0,20202.1909,True
26756,I395_NB,110P04124,1095,PM,46.27782608695652,7600.0,7572.50784584042,5153.70391768608,False,0.0,20202.1909,True
26756,I395_NB,110P04124,1110,PM,50.8395652173913,7600.0,7572.8960204972,5130.412547002275,False,0.0,20202.1909,True
26756,I395_NB,110P04124,1125,PM,54.18826086956521,7600.0,7573.267462190676,5037.63562206677,False,0.0,20202.1909,True
26759,I395_SB,110N04124,900,PM,45.52652173913043,7600.0,7506.595988455965,5189.2339258890825,False,0.0,28125.6096,True
26759,I395_SB,110N04124,915,PM,38.71608695652174,7301.128401458222,7414.080098901759,7414.080098901759,True,19.94993319753803,28125.6096,True
26759,I395_SB,110N04124,930,PM,31.39913043478261,7301.128401458222,7346.847809404376,7346.847809404376,True,32.25458743445326,28125.6096,True
26759,I395_SB,110N04124,945,PM,27.33869565217391,7301.128401458222,7303.015856277064,7303.015856277064,True,41.92455785904589,28125.6096,True
26759,I395_SB,110N04124,960,PM,29.24217391304348,7301.128401458222,7280.70097583308,7280.70097583308,True,37.05702947306197,28125.6096,True
26759,I395_SB,110N04124,975,PM,31.860434782608696,7301.128401458222,7277.052792497431,7277.052792497431,True,31.311903194590705,28125.6096,True
26759,I395_SB,110N04124,990,PM,31.867826086956523,7301.128401458222,7285.35248314217,7285.35248314217,True,31.297021068959182,28125.6096,True
26759,I395_SB,110N04124,1005,PM,33.67652173913043,7301.128401458222,7297.9141127511,7297.9141127511,True,27.85166712070621,28125.6096,True
26759,I395_SB,110N04124,1020,PM,36.63913043478261,7301.128401458222,7307.051746308033,7307.051746308033,True,22.94315436859272,28125.6096,True
26759,I395_SB,110N04124,1035,PM,34.79260869565218,7301.128401458222,7307.012364493141,7307.012364493141,True,25.904371764099928,28125.6096,True
26759,I395_SB,110N04124,1050,PM,34.453478260869566,7301.128401458222,7299.774610772094,7299.774610772094,True,26.482727062772216,28125.6096,True
26759,I395_SB,110N04124,1065,PM,34.55652173913043,7301.128401458222,7289.250044306926,7289.250044306926,True,26.305795451569274,28125.6096,True
26759,I395_SB,110N04124,1080,PM,35.14,7301.128401458222,7279.350224259677,7279.350224259677,True,25.32350274872619,28125.6096,True
26759,I395_SB,110N04124,1095,PM,40.49478260869565,7301.128401458222,7271.495512905324,7271.495512905324,True,17.630621424072316,28125.6096,True
26759,I395_SB,110N04124,1110,PM,46.25608695652174,7301.128401458222,7257.141484970638,7257.141484970638,True,11.342790244330644,28125.6096,True
26759,I395_SB,110N04124,1125,PM,49.61652173913044,7600.0,7225.252518295319,5097.1643572881185,False,0.0,28125.6096,True
26761,I395_NB,110P04125,900,PM,60.92304347826087,7600.0,,4102.845397682771,False,0.0,17077.2891,True
26761,I395_NB,110P04125,915,PM,60.41347826086957,7600.0,,4155.09258755248,False,0.0,17077.2891,True
26761,I395_NB,110P04125,930,PM,59.36869565217391,7600.0,,4248.63817889899,False,0.0,17077.2891,True
26761,I395_NB,110P04125,945,PM,57.99956521739131,7600.0,,4348.3837135099975,False,0.0,17077.2891,True
26761,I395_NB,110P04125,960,PM,57.82304347826087,7600.0,,4359.631136956573,False,0.0,17077.2891,True
26761,I395_NB,110P04125,975,PM,59.66347826086957,7600.0,,4223.935819703128,False,0.0,17077.2891,True
26761,I395_NB,110P04125,990,PM,61.04086956521739,7600.0,,4090.067047405567,False,0.0,17077.2891,True
26761,I395_NB,110P04125,1005,PM,59.46391304347826,7600.0,,4240.795498177575,False,0.0,17077.2891,True
26761,I395_NB,110P04125,1020,PM,58.77826086956522,7600.0,,4294.5195385905245,False,0.0,17077.2891,True
26761,I395_NB,110P04125,1035,PM,58.49956521739131,7600.0,,4314.623277155281,False,0.0,17077.2891,True
26761,I395_NB,110P04125,1050,PM,58.88391304347826,7600.0,,4286.645402209702,False,0.0,17077.2891,True
26761,I395_NB,110P04125,1065,PM,58.60956521739131,7600.0,,4306.802168675479,False,0.0,17077.2891,True
26761,I395_NB,110P04125,1080,PM,58.307391304347824,7600.0,,4327.940427644109,False,0.0,17077.2891,True
26761,I395_NB,110P04125,1095,PM,58.079130434782606,7600.0,,4343.202076686605,False,0.0,17077.2891,True
26761,I395_NB,110P04125,1110,PM,58.11565217391305,7600.0,,4340.7999549108345,False,0.0,17077.2891,True
26761,I395_NB,110P04125,1125,PM,58.34695652173913,7600.0,,4325.234174240389,False,0.0,17077.2891,True
26764,I395_SB,110-04124,900,PM,45.06304347826087,7600.0,7348.475999420967,6507.413772341397,False,0.0,28125.6096,True
26764,I395_SB,110-04124,915,PM,40.165217391304346,7109.1196972930165,7216.578817125657,7216.578817125657,True,17.94917473118093,28125.6096,True
26764,I395_SB,110-04124,930,PM,34.20739130434782,7109.1196972930165,7141.599517934248,7141.599517934248,True,26.88905224744532,28125.6096,True
26764,I395_SB,110-04124,945,PM,29.82608695652174,7109.1196972930165,7107.720164262411,7107.720164262411,True,35.74226725778479,28125.6096,True
26764,I395_SB,110-04124,960,PM,30.6408695652174,7109.1196972930165,7099.122818525825,7099.122818525825,True,33.90421349948354,28125.6096,True
26764,I395_SB,110-04124,975,PM,32.36739130434783,7109.1196972930165,7101.859616680924,7101.859616680924,True,30.31518347752672,28125.6096,True
26764,I395_SB,110-04124,990,PM,31.18652173913044,7109.1196972930165,7109.462988847206,7109.462988847206,True,32.726982504559395,28125.6096,True
26764,I395_SB,110-04124,1005,PM,31.55086956521739,7109.1196972930165,7117.335438684928,7117.335438684928,True,31.963583246270385,28125.6096,True
26764,I395_SB,110-04124,1020,PM,32.31782608695652,7109.1196972930165,7120.879469854352,7120.879469854352,True,30.41287142889209,28125.6096,True
26764,I395_SB,110-04124,1035,PM,30.339565217391304,7109.1196972930165,7116.667030224469,7116.667030224469,True,34.57241705801788,28125.6096,True
26764,I395_SB,110-04124,1050,PM,29.67739130434783,7109.1196972930165,7105.94784449924,7105.94784449924,True,36.08859724096136,28125.6096,True
26764,I395_SB,110-04124,1065,PM,28.55391304347826,7109.1196972930165,7091.141081591354,7091.141081591354,True,38.82189623891092,28125.6096,True
26764,I395_SB,110-04124,1080,PM,30.62217391304348,7109.1196972930165,7074.665910413507,7074.665910413507,True,33.94529226078259,28125.6096,True
26764,I395_SB,110-04124,1095,PM,38.66695652173913,7109.1196972930165,7061.077747185813,7061.077747185813,True,19.938066496298227,28125.6096,True
26764,I395_SB,110-04124,1110,PM,44.90565217391304,7109.1196972930165,7063.4769973580815,7063.4769973580815,True,12.530652362885007,28125.6096,True
26764,I395_SB,110-04124,1125,PM,47.2095652173913,7600.0,7097.100313687542,6467.489184470591,False,0.0,28125.6096,True
26768,I395_NB,110P04125,900,PM,60.92304347826087,7600.0,,4421.520884903108,False,0.0,18403.7133,True
26768,I395_NB,110P04125,915,PM,60.41347826086957,7600.0,,4477.826209329148,False,0.0,18403.7133,True
26768,I395_NB,110P04125,930,PM,59.36869565217391,7600.0,,4578.637657419004,False,0.0,18403.7133,True
26768,I395_NB,110P04125,945,PM,57.99956521739131,7600.0,,4686.130609677816,False,0.0,18403.7133,True
26768,I395_NB,110P04125,960,PM,57.82304347826087,7600.0,,4698.251641023153,False,0.0,18403.7133,True
26768,I395_NB,110P04125,975,PM,59.66347826086957,7600.0,,4552.01662091771,False,0.0,18403.7133,True
26768,I395_NB,110P04125,990,PM,61.04086956521739,7600.0,,4407.750016847203,False,0.0,18403.7133,True
26768,I395_NB,110P04125,1005,PM,59.46391304347826,7600.0,,4570.185821377864,False,0.0,18403.7133,True
26768,I395_NB,110P04125,1020,PM,58.77826086956522,7600.0,,4628.082706023188,False,0.0,18403.7133,True
26768,I395_NB,110P04125,1035,PM,58.49956521739131,7600.0,,4649.747938639291,False,0.0,18403.7133,True
26768,I395_NB,110P04125,1050,PM,58.88391304347826,7600.0,,4619.596971104186,False,0.0,18403.7133,True
26768,I395_NB,110P04125,1065,PM,58.60956521739131,7600.0,,4641.319350395125,False,0.0,18403.7133,True
26768,I395_NB,110P04125,1080,PM,58.307391304347824,7600.0,,4664.099456502237,False,0.0,18403.7133,True
26768,I395_NB,110P04125,1095,PM,58.079130434782606,7600.0,,4680.546505669035,False,0.0,18403.7133,True
26768,I395_NB,110P04125,1110,PM,58.11565217391305,7600.0,,4677.957806712537,False,0.0,18403.7133,True
26768,I395_NB,110P04125,1125,PM,58.34695652173913,7600.0,,4661.183003459392,False,0.0,18403.7133,True
26772,I395_SB,110N04125,900,PM,47.046521739130434,7600.0,7122.247275372568,0.0,False,0.0,24194.0844,False
26772,I395_SB,110N04125,915,PM,42.54695652173913,6969.082179405296,7047.127258684463,7047.127258684463,True,12.541880440927788,24194.0844,False
26772,I395_SB,110N04125,930,PM,36.125652173913046,6969.082179405296,7000.527893666353,7000.527893666353,True,19.238297292524702,24194.0844,False
26772,I395_SB,110N04125,945,PM,29.953478260869563,6969.082179405296,6975.759176829572,6975.759176829572,True,28.381084657901056,24194.0844,False
26772,I395_SB,110N04125,960,PM,30.19434782608696,6969.082179405296,6966.131104685461,6966.131104685461,True,27.95419814290359,24194.0844,False
26772,I395_SB,110N04125,975,PM,30.90521739130435,6969.082179405296,6965.417655176896,6965.417655176896,True,26.73314128732733,24194.0844,False
26772,I395_SB,110N04125,990,PM,28.930434782608696,6969.082179405296,6969.24873197295,6969.24873197295,True,30.273407760693573,24194.0844,False
26772,I395_SB,110N04125,1005,PM,29.75086956521739,6969.082179405296,6973.718220174227,6973.718220174227,True,28.745515041089863,24194.0844,False
26772,I395_SB,110N04125,1020,PM,31.68086956521739,6969.082179405296,6974.920004881348,6974.920004881348,True,25.46332311041175,24194.0844,False
26772,I395_SB,110N04125,1035,PM,29.135652173913044,6969.082179405296,6970.067414454176,6970.067414454176,True,29.883162282044992,24194.0844,False
26772,I395_SB,110N04125,1050,PM,29.041304347826088,6969.082179405296,6960.851550289635,6960.851550289635,True,30.06189104835606,24194.0844,False
26772,I395_SB,110N04125,1065,PM,28.95521739130435,6969.082179405296,6950.082957043896,6950.082957043896,True,30.225986985298974,24194.0844,False
26772,I395_SB,110N04125,1080,PM,32.57739130434783,6969.082179405296,6940.5721793731445,6940.5721793731445,True,24.070965320824456,24194.0844,False
26772,I395_SB,110N04125,1095,PM,40.97217391304348,6969.082179405296,6935.299877012057,6935.299877012057,True,13.989873648964828,24194.0844,False
26772,I395_SB,110N04125,1110,PM,46.90652173913043,6969.082179405296,6937.927170009359,6937.927170009359,True,9.040455093768587,24194.0844,False
26772,I395_SB,110N04125,1125,PM,48.67521739130434,7600.0,6952.285293492272,0.0,False,0.0,24194.0844,False
26776,I395_SB,110N04125,900,PM,47.046521739130434,7600.0,7135.565981124168,1853.823594236911,False,0.0,25316.5534,True
26776,I395_SB,110N04125,915,PM,42.54695652173913,6969.082179405296,7053.913787400043,7053.913787400043,True,13.6324787401389,25316.5534,True
26776,I395_SB,110N04125,930,PM,36.125652173913046,6969.082179405296,7003.26230325779,7003.26230325779,True,20.911192709265983,25316.5534,True
26776,I395_SB,110N04125,945,PM,29.953478260869563,6969.082179405296,6976.339785204047,6976.339785204047,True,30.84900506293593,25316.5534,True
26776,I395_SB,110N04125,960,PM,30.19434782608696,6969.082179405296,6965.87448974546,6965.87448974546,True,30.384997981416937,25316.5534,True
26776,I395_SB,110N04125,975,PM,30.90521739130435,6969.082179405296,6965.09900116365,6965.09900116365,True,29.05776226883405,25316.5534,True
26776,I395_SB,110N04125,990,PM,28.930434782608696,6969.082179405296,6969.263214840188,6969.263214840188,True,32.90587800075388,25316.5534,True
26776,I395_SB,110N04125,1005,PM,29.75086956521739,6969.082179405296,6974.121353931618,6974.121353931618,True,31.24512504466289,25316.5534,True
26776,I395_SB,110N04125,1020,PM,31.68086956521739,6969.082179405296,6975.427641594492,6975.427641594492,True,27.677525120012767,25316.5534,True
26776,I395_SB,110N04125,1035,PM,29.135652173913044,6969.082179405296,6970.153087041617,6970.153087041617,True,32.48169813265759,25316.5534,True
26776,I395_SB,110N04125,1050,PM,29.041304347826088,6969.082179405296,6960.1358437108565,6960.1358437108565,True,32.675968530821805,25316.5534,True
26776,I395_SB,110N04125,1065,PM,28.95521739130435,6969.082179405296,6948.430851096324,6948.430851096324,True,32.8543336796728,25316.5534,True
26776,I395_SB,110N04125,1080,PM,32.57739130434783,6969.082179405296,6938.093048692143,6938.093048692143,True,26.16409274002658,25316.5534,True
26776,I395_SB,110N04125,1095,PM,40.97217391304348,6969.082179405296,6932.362284306148,6932.362284306148,True,15.20638440104872,25316.5534,True
26776,I395_SB,110N04125,1110,PM,46.90652173913043,6969.082179405296,6935.218039001067,6935.218039001067,True,9.8265816236615,25316.5534,True
26776,I395_SB,110N04125,1125,PM,48.67521739130434,7600.0,6950.824702153335,1844.6952747776481,False,0.0,25316.5534,True
26778,I395_NB,110P04126,900,PM,55.59869565217391,7600.0,,3620.0868322860447,False,0.0,14751.2582,True
26778,I395_NB,110P04126,915,PM,54.27826086956522,7600.0,,3689.992579790856,False,0.0,14751.2582,True
26778,I395_NB,110P04126,930,PM,53.73782608695653,7600.0,,3714.0906723618914,False,0.0,14751.2582,True
26778,I395_NB,110P04126,945,PM,54.25608695652174,7600.0,,3691.029450303857,False,0.0,14751.2582,True
26778,I395_NB,110P04126,960,PM,53.724782608695655,7600.0,,3714.6428017200897,False,0.0,14751.2582,True
26778,I395_NB,110P04126,975,PM,55.23347826086957,7600.0,,3641.112017819589,False,0.0,14751.2582,True
26778,I395_NB,110P04126,990,PM,55.57869565217391,7600.0,,3621.2740867541675,False,0.0,14751.2582,True
26778,I395_NB,110P04126,1005,PM,55.1904347826087,7600.0,,3643.5006410832366,False,0.0,14751.2582,True
26778,I395_NB,110P04126,1020,PM,54.50217391304348,7600.0,,3679.2827266215427,False,0.0,14751.2582,True
26778,I395_NB,110P04126,1035,PM,54.11913043478261,7600.0,,3697.3406947104386,False,0.0,14751.2582,True
26778,I395_NB,110P04126,1050,PM,54.18739130434783,7600.0,,3694.215002451852,False,0.0,14751.2582,True
26778,I395_NB,110P04126,1065,PM,54.50913043478261,7600.0,,3678.942924500381,False,0.0,14751.2582,True
26778,I395_NB,110P04126,1080,PM,54.23130434782608,7600.0,,3692.183314962861,False,0.0,14751.2582,True
26778,I395_NB,110P04126,1095,PM,53.19173913043478,7600.0,,3736.0759908956757,False,0.0,14751.2582,True
26778,I395_NB,110P04126,1110,PM,52.98173913043478,7600.0,,3743.933952565919,False,0.0,14751.2582,True
26778,I395_NB,110P04126,1125,PM,52.88826086956522,7600.0,,3747.3291111715957,False,0.0,14751.2582,True
26781,I395_SB,110-04125,900,PM,46.4304347826087,7600.0,6996.470778330978,0.0,False,0.0,25316.5534,False
26781,I395_SB,110-04125,915,PM,42.12695652173913,6940.7640139999485,6968.674144516532,6968.674144516532,True,4.684778580400137,25316.5534,False
26781,I395_SB,110-04125,930,PM,36.205652173913045,6940.7640139999485,6952.012870061255,6952.012870061255,True,6.840428291096969,25316.5534,False
26781,I395_SB,110-04125,945,PM,30.06782608695652,6940.7640139999485,6943.495336472529,6943.495336472529,True,9.97107052552069,25316.5534,False
26781,I395_SB,110-04125,960,PM,28.94913043478261,6940.7640139999485,6940.129925257741,6940.129925257741,True,10.684698166357608,25316.5534,False
26781,I395_SB,110-04125,975,PM,30.942608695652176,6940.7640139999485,6939.287883497366,6939.287883497366,True,9.44898884886588,25316.5534,False
26781,I395_SB,110-04125,990,PM,29.01434782608696,6940.7640139999485,6939.791920564263,6939.791920564263,True,10.641584758507836,25316.5534,False
26781,I395_SB,110-04125,1005,PM,29.851739130434783,6940.7640139999485,6940.827611404381,6940.827611404381,True,10.104746743861265,25316.5534,False
26781,I395_SB,110-04125,1020,PM,31.90304347826087,6940.7640139999485,6941.580530963672,6941.580530963672,True,8.90876207459522,25316.5534,False
26781,I395_SB,110-04125,1035,PM,29.91217391304348,6940.7640139999485,6941.27750051737,6941.27750051737,True,10.067165892456636,25316.5534,False
26781,I395_SB,110-04125,1050,PM,29.726956521739133,6940.7640139999485,6939.310326657871,6939.310326657871,True,10.182825204193431,25316.5534,False
26781,I395_SB,110-04125,1065,PM,30.22,6940.7640139999485,6935.112062306854,6935.112062306854,True,9.87807951131859,25316.5534,False
26781,I395_SB,110-04125,1080,PM,33.61434782608696,6940.7640139999485,6928.115760386001,6928.115760386001,True,8.02269272492724,25316.5534,False
26781,I395_SB,110-04125,1095,PM,40.59,6940.7640139999485,6919.832061050942,6919.832061050942,True,5.183869549996635,25316.5534,False
26781,I395_SB,110-04125,1110,PM,46.67913043478261,6940.7640139999485,6920.081953393134,6920.081953393134,True,3.399393455788724,25316.5534,False
26781,I395_SB,110-04125,1125,PM,48.04130434782609,6940.7640139999485,6940.764013737977,6940.764013737977,True,3.062112144929553,25316.5534,False
26785,I395_NB,110+04127,900,PM,60.78478260869565,8000.0,,3633.1402667228344,False,0.0,15129.1396,True
26785,I395_NB,110+04127,915,PM,60.06913043478261,8000.0,,3721.2695564000837,False,0.0,15129.1396,True
26785,I395_NB,110+04127,930,PM,60.46521739130435,8000.0,,3674.0536221306447,False,0.0,15129.1396,True
26785,I395_NB,110+04127,945,PM,59.93521739130435,8000.0,,3736.4253532998837,False,0.0,15129.1396,True
26785,I395_NB,110+04127,960,PM,59.60130434782609,8000.0,,3772.5712263982346,False,0.0,15129.1396,True
26785,I395_NB,110+04127,975,PM,59.12260869565217,8000.0,,3820.6046355423055,False,0.0,15129.1396,True
26785,I395_NB,110+04127,990,PM,60.29869565217391,8000.0,,3694.3535820215807,False,0.0,15129.1396,True
26785,I395_NB,110+04127,1005,PM,60.25565217391304,8000.0,,3699.492903956564,False,0.0,15129.1396,True
26785,I395_NB,110+04127,1020,PM,59.70130434782609,8000.0,,3761.984915302898,False,0.0,15129.1396,True
26785,I395_NB,110+04127,1035,PM,59.05173913043478,8000.0,,3827.3630975929973,False,0.0,15129.1396,True
26785,I395_NB,110+04127,1050,PM,58.44347826086957,8000.0,,3881.9433784984135,False,0.0,15129.1396,True
26785,I395_NB,110+04127,1065,PM,59.10086956521739,8000.0,,3822.6870826238123,False,0.0,15129.1396,True
26785,I395_NB,110+04127,1080,PM,59.28130434782609,8000.0,,3805.1490048646892,False,0.0,15129.1396,True
26785,I395_NB,110+04127,1095,PM,58.49565217391305,8000.0,,3877.49159503246,False,0.0,15129.1396,True
26785,I395_NB,110+04127,1110,PM,58.17869565217391,8000.0,,3903.9111218147436,False,0.0,15129.1396,True
26785,I395_NB,110+04127,1125,PM,58.41782608695652,8000.0,,3884.117057797856,False,0.0,15129.1396,True
26788,I395_SB,110N04126,900,PM,40.65608695652174,6940.6705193088255,7031.504455848799,7031.504455848799,True,37.120104544262254,21256.295,False
26788,I395_SB,110N04126,915,PM,36.85,6940.6705193088255,7002.642546298956,7002.642546298956,True,47.17070298507633,21256.295,False
26788,I395_SB,110N04126,930,PM,32.31739130434782,6940.6705193088255,6971.822246930153,6971.822246930153,True,62.22812847581046,21256.295,False
26788,I395_SB,110N04126,945,PM,28.69826086956521,6940.6705193088255,6945.533208602617,6945.533208602617,True,77.66604342056289,21256.295,False
26788,I395_SB,110N04126,960,PM,28.34391304347826,6940.6705193088255,6930.2650821765865,6930.2650821765865,True,79.38946160439944,21256.295,False
26788,I395_SB,110N04126,975,PM,30.38043478260869,6940.6705193088255,6930.047162425772,6930.047162425772,True,70.0330020902607,21256.295,False
26788,I395_SB,110N04126,990,PM,29.073043478260868,6940.6705193088255,6939.067319777827,6939.067319777827,True,75.88895254438953,21256.295,False
26788,I395_SB,110N04126,1005,PM,29.803478260869564,6940.6705193088255,6949.053068573883,6949.053068573883,True,72.55391843503894,21256.295,False
26788,I395_SB,110N04126,1020,PM,31.11826086956522,6940.6705193088255,6951.731923155076,6951.731923155076,True,66.94540240246616,21256.295,False
26788,I395_SB,110N04126,1035,PM,29.877391304347825,6940.6705193088255,6941.477293104686,6941.477293104686,True,72.22553008440846,21256.295,False
26788,I395_SB,110N04126,1050,PM,28.785652173913046,6940.6705193088255,6923.246168974614,6923.246168974614,True,77.24752666188007,21256.295,False
26788,I395_SB,110N04126,1065,PM,29.44652173913044,6940.6705193088255,6904.641436558899,6904.641436558899,True,74.16304665196786,21256.295,False
26788,I395_SB,110N04126,1080,PM,31.313913043478266,6940.6705193088255,6893.265981651594,6893.265981651594,True,66.15105898053059,21256.295,False
26788,I395_SB,110N04126,1095,PM,36.76,6940.6705193088255,6891.89154556031,6891.89154556031,True,47.43355166405794,21256.295,False
26788,I395_SB,110N04126,1110,PM,42.06869565217392,6940.6705193088255,6883.965291646961,6883.965291646961,True,33.85262004451219,21256.295,False
26788,I395_SB,110N04126,1125,PM,44.7304347826087,6940.6705193088255,6848.103238787027,6848.103238787027,True,28.2565955472348,21256.295,False
26792,I395_SB,110N04126,900,PM,40.65608695652174,6940.6705193088255,6947.544956071271,6947.544956071271,True,3.256149521426514,21743.5893,False
26792,I395_SB,110N04126,915,PM,36.85,6940.6705193088255,6946.195664210476,6946.195664210476,True,4.137780963603189,21743.5893,False
26792,I395_SB,110N04126,930,PM,32.31739130434782,6940.6705193088255,6943.792845324158,6943.792845324158,True,5.458607761036005,21743.5893,False
26792,I395_SB,110N04126,945,PM,28.69826086956521,6940.6705193088255,6941.294273435069,6941.294273435069,True,6.812810826365168,21743.5893,False
26792,I395_SB,110N04126,960,PM,28.34391304347826,6940.6705193088255,6939.657722565961,6939.657722565961,True,6.963987860035042,21743.5893,False
26792,I395_SB,110N04126,975,PM,30.38043478260869,6940.6705193088255,6939.542159315259,6939.542159315259,True,6.143245797391291,21743.5893,False
26792,I395_SB,110N04126,990,PM,29.073043478260868,6940.6705193088255,6940.411320584078,6940.411320584078,True,6.656925661788557,21743.5893,False
26792,I395_SB,110N04126,1005,PM,29.803478260869564,6940.6705193088255,6941.430135849199,6941.430135849199,True,6.364378810091136,21743.5893,False
26792,I395_SB,110N04126,1020,PM,31.11826086956522,6940.6705193088255,6941.763534587417,6941.763534587417,True,5.872403719514577,21743.5893,False
26792,I395_SB,110N04126,1035,PM,29.877391304347825,6940.6705193088255,6940.840259924378,6940.840259924378,True,6.3355728144217975,21743.5893,False
26792,I395_SB,110N04126,1050,PM,28.785652173913046,6940.6705193088255,6939.144309581235,6939.144309581235,True,6.776098829989481,21743.5893,False
26792,I395_SB,110N04126,1065,PM,29.44652173913044,6940.6705193088255,6937.423494927996,6937.423494927996,True,6.505530408067357,21743.5893,False
26792,I395_SB,110N04126,1080,PM,31.313913043478266,6940.6705193088255,6936.425627334684,6936.425627334684,True,5.802724471976368,21743.5893,False
26792,I395_SB,110N04126,1095,PM,36.76,6940.6705193088255,6936.425345488448,6936.425345488448,True,4.160837865268242,21743.5893,False
26792,I395_SB,110N04126,1110,PM,42.06869565217392,6940.6705193088255,6935.804597345041,6935.804597345041,True,2.969528074080017,21743.5893,False
26792,I395_SB,110N04126,1125,PM,44.7304347826087,6940.6705193088255,6932.472158177343,6932.472158177343,True,2.47864873221358,21743.5893,False
26796,I395_SB,110-04126,900,PM,33.539565217391306,6261.724908948344,6407.166327785275,6407.166327785275,True,69.91561445134637,21743.5893,False
26796,I395_SB,110-04126,915,PM,25.86,6261.724908948344,6372.306602140223,6372.306602140223,True,112.05209520506544,21743.5893,False
26796,I395_SB,110-04126,930,PM,22.285652173913046,6261.724908948344,6313.043193354193,6313.043193354193,True,141.56762072649076,21743.5893,False
26796,I395_SB,110-04126,945,PM,20.31347826086957,6261.724908948344,6252.548551199698,6252.548551199698,True,162.2997135557327,21743.5893,False
26796,I395_SB,110-04126,960,PM,21.172608695652176,6261.724908948344,6213.995125449255,6213.995125449255,True,152.793490160991,21743.5893,False
26796,I395_SB,110-04126,975,PM,23.35217391304348,6261.724908948344,6213.471615160215,6213.471615160215,True,131.81492613452252,21743.5893,False
26796,I395_SB,110-04126,990,PM,23.40478260869565,6261.724908948344,6238.731716529292,6238.731716529292,True,131.3568547285449,21743.5893,False
26796,I395_SB,110-04126,1005,PM,24.1,6261.724908948344,6270.445375038029,6270.445375038029,True,125.49133432251128,21743.5893,False
26796,I395_SB,110-04126,1020,PM,23.82260869565217,6261.724908948344,6289.28253616798,6289.28253616798,True,127.79062595809162,21743.5893,False
26796,I395_SB,110-04126,1035,PM,24.04652173913044,6261.724908948344,6281.15794064751,6281.15794064751,True,125.93048700867448,21743.5893,False
26796,I395_SB,110-04126,1050,PM,22.80304347826087,6261.724908948344,6252.965510192285,6252.965510192285,True,136.72245609165913,21743.5893,False
26796,I395_SB,110-04126,1065,PM,22.66217391304348,6261.724908948344,6216.8439617647855,6216.8439617647855,True,138.01972606884422,21743.5893,False
26796,I395_SB,110-04126,1080,PM,24.506521739130434,6261.724908948344,6184.932012327494,6184.932012327494,True,122.21572096492484,21743.5893,False
26796,I395_SB,110-04126,1095,PM,27.0295652173913,6261.724908948344,6165.64432709281,6165.64432709281,True,104.08932028336416,21743.5893,False
26796,I395_SB,110-04126,1110,PM,31.50782608695652,6261.724908948344,6152.499364272819,6152.499364272819,True,79.06516273715738,21743.5893,False
26796,I395_SB,110-04126,1125,PM,37.87260869565217,6261.724908948344,6135.291530329514,6135.291530329514,True,53.68189732161424,21743.5893,False
26799,I395_SB,110N04127,900,PM,44.35391304347826,4837.55136234609,4923.945486723449,4923.945486723449,True,7.101362435925732,27038.9247,False
26799,I395_SB,110N04127,915,PM,31.15086956521739,4837.55136234609,4868.203913280624,4868.203913280624,True,18.19588886987532,27038.9247,False
26799,I395_SB,110N04127,930,PM,22.958260869565216,4837.55136234609,4843.73278225021,4843.73278225021,True,31.495835010500933,27038.9247,False
26799,I395_SB,110N04127,945,PM,21.81043478260869,4837.55136234609,4838.810335641936,4838.810335641936,True,34.15723169909936,27038.9247,False
26799,I395_SB,110N04127,960,PM,24.3408695652174,4837.55136234609,4841.714815465536,4841.714815465536,True,28.62332838328148,27038.9247,False
26799,I395_SB,110N04127,975,PM,24.30086956521739,4837.55136234609,4842.871193248855,4842.871193248855,True,28.701840903580187,27038.9247,False
26799,I395_SB,110N04127,990,PM,21.25608695652173,4837.55136234609,4841.291358592198,4841.291358592198,True,35.54549402587578,27038.9247,False
26799,I395_SB,110N04127,1005,PM,21.28695652173913,4837.55136234609,4838.133930613979,4838.133930613979,True,35.466285769650774,27038.9247,False
26799,I395_SB,110N04127,1020,PM,21.03391304347826,4837.55136234609,4834.557528432617,4834.557528432617,True,36.12242851619538,27038.9247,False
26799,I395_SB,110N04127,1035,PM,23.0908695652174,4837.55136234609,4831.430384440462,4831.430384440462,True,31.20541297848578,27038.9247,False
26799,I395_SB,110N04127,1050,PM,22.36434782608696,4837.55136234609,4828.459184125613,4828.459184125613,True,32.83879931588887,27038.9247,False
26799,I395_SB,110N04127,1065,PM,23.35043478260869,4837.55136234609,4825.060226250096,4825.060226250096,True,30.646495016992933,27038.9247,False
26799,I395_SB,110N04127,1080,PM,25.77391304347826,4837.55136234609,4820.649809575943,4820.649809575943,True,25.971290339468425,27038.9247,False
26799,I395_SB,110N04127,1095,PM,27.299565217391304,4837.55136234609,4814.059995959106,4814.059995959106,True,23.45386688736767,27038.9247,False
26799,I395_SB,110N04127,1110,PM,32.625217391304346,4837.55136234609,4801.785899631241,4801.785899631241,True,16.511613118650086,27038.9247,False
26799,I395_SB,110N04127,1125,PM,43.05478260869565,4837.55136234609,4779.738397917918,4779.738397917918,True,7.891197202763976,27038.9247,False
26810,I395_SB,110N04127,900,PM,44.35391304347826,6450.06848312812,6570.06032383156,6570.06032383156,True,9.863003383230176,27095.169,False
26810,I395_SB,110N04127,915,PM,31.15086956521739,6450.06848312812,6492.641470021701,6492.641470021701,True,25.272067874826824,27095.169,False
26810,I395_SB,110N04127,930,PM,22.958260869565216,6450.06848312812,6458.653787630918,6458.653787630918,True,43.7442152923624,27095.169,False
26810,I395_SB,110N04127,945,PM,21.81043478260869,6450.06848312812,6451.817056630578,6451.817056630578,True,47.44059958208245,27095.169,False
26810,I395_SB,110N04127,960,PM,24.3408695652174,6450.06848312812,6455.851056992054,6455.851056992054,True,39.7546227545576,27095.169,False
26810,I395_SB,110N04127,975,PM,24.30086956521739,6450.06848312812,6457.457137575976,6457.457137575976,True,39.86366792163914,27095.169,False
26810,I395_SB,110N04127,990,PM,21.25608695652173,6450.06848312812,6455.262922800066,6455.262922800066,True,49.368741702605256,27095.169,False
26810,I395_SB,110N04127,1005,PM,21.28695652173913,6450.06848312812,6450.877605971301,6450.877605971301,True,49.25873023562608,27095.169,False
26810,I395_SB,110N04127,1020,PM,21.03391304347826,6450.06848312812,6445.910380396669,6445.910380396669,True,50.17003960582693,27095.169,False
26810,I395_SB,110N04127,1035,PM,23.0908695652174,6450.06848312812,6441.567124511859,6441.567124511859,True,43.34085135900803,27095.169,False
26810,I395_SB,110N04127,1050,PM,22.36434782608696,6450.06848312812,6437.440457267419,6437.440457267419,True,45.60944349429009,27095.169,False
26810,I395_SB,110N04127,1065,PM,23.35043478260869,6450.06848312812,6432.719682742598,6432.719682742598,True,42.564576412490176,27095.169,False
26810,I395_SB,110N04127,1080,PM,25.77391304347826,6450.06848312812,6426.594105016652,6426.594105016652,True,36.07123658259503,27095.169,False
26810,I395_SB,110N04127,1095,PM,27.299565217391304,6450.06848312812,6417.441586997036,6417.441586997036,True,32.57481512134398,27095.169,False
26810,I395_SB,110N04127,1110,PM,32.625217391304346,6450.06848312812,6400.394226904038,6400.394226904038,True,22.932795998125115,27095.169,False
26810,I395_SB,110N04127,1125,PM,43.05478260869565,6450.06848312812,6369.772681786149,6369.772681786149,True,10.95999611494996,27095.169,False
26814,I395_SB,110N04127,900,PM,44.35391304347826,6450.06848312812,6507.664566241208,6507.664566241208,True,4.734241623950488,27095.169,False
26814,I395_SB,110N04127,915,PM,31.15086956521739,6450.06848312812,6470.503517030315,6470.503517030315,True,12.13059257991688,27095.169,False
26814,I395_SB,110N04127,930,PM,22.958260869565216,6450.06848312812,6454.189429592074,6454.189429592074,True,20.99722334033396,27095.169,False
26814,I395_SB,110N04127,945,PM,21.81043478260869,6450.06848312812,6450.907798545773,6450.907798545773,True,22.771487799399573,27095.169,False
26814,I395_SB,110N04127,960,PM,24.3408695652174,6450.06848312812,6452.844118510713,6452.844118510713,True,19.08221892218765,27095.169,False
26814,I395_SB,110N04127,975,PM,24.30086956521739,6450.06848312812,6453.615037122108,6453.615037122108,True,19.13456060238679,27095.169,False
26814,I395_SB,110N04127,990,PM,21.25608695652173,6450.06848312812,6452.561814078901,6452.561814078901,True,23.696996017250523,27095.169,False
26814,I395_SB,110N04127,1005,PM,21.28695652173913,6450.06848312812,6450.456862095953,6450.456862095953,True,23.64419051310051,27095.169,False
26814,I395_SB,110N04127,1020,PM,21.03391304347826,6450.06848312812,6448.072593888133,6448.072593888133,True,24.081619010796924,27095.169,False
26814,I395_SB,110N04127,1035,PM,23.0908695652174,6450.06848312812,6445.987831053008,6445.987831053008,True,20.80360865232385,27095.169,False
26814,I395_SB,110N04127,1050,PM,22.36434782608696,6450.06848312812,6444.007030718965,6444.007030718965,True,21.89253287725924,27095.169,False
26814,I395_SB,110N04127,1065,PM,23.35043478260869,6450.06848312812,6441.741058897089,6441.741058897089,True,20.430996677995285,27095.169,False
26814,I395_SB,110N04127,1080,PM,25.77391304347826,6450.06848312812,6438.800781598471,6438.800781598471,True,17.314193559645616,27095.169,False
26814,I395_SB,110N04127,1095,PM,27.299565217391304,6450.06848312812,6434.407573025976,6434.407573025976,True,15.635911258245113,27095.169,False
26814,I395_SB,110N04127,1110,PM,32.625217391304346,6450.06848312812,6426.224840149596,6426.224840149596,True,11.007742079100057,27095.169,False
26814,I395_SB,110N04127,1125,PM,43.05478260869565,6450.06848312812,6411.5264981310975,6411.5264981310975,True,5.260798135175984,27095.169,False
26821,I395_SB,110N04127,900,PM,44.35391304347826,4837.55136234609,4866.349403763824,4866.349403763824,True,2.367120811975244,19020.0665,False
26821,I395_SB,110N04127,915,PM,31.15086956521739,4837.55136234609,4847.768879342877,4847.768879342877,True,6.065296289958439,19020.0665,False
26821,I395_SB,110N04127,930,PM,22.958260869565216,4837.55136234609,4839.611835682215,4839.611835682215,True,10.49861167016698,19020.0665,False
26821,I395_SB,110N04127,945,PM,21.81043478260869,4837.55136234609,4837.971020134197,4837.971020134197,True,11.385743899699786,19020.0665,False
26821,I395_SB,110N04127,960,PM,24.3408695652174,4837.55136234609,4838.939180051182,4838.939180051182,True,9.541109461093823,19020.0665,False
26821,I395_SB,110N04127,975,PM,24.30086956521739,4837.55136234609,4839.324639290101,4839.324639290101,True,9.567280301193394,19020.0665,False
26821,I395_SB,110N04127,990,PM,21.25608695652173,4837.55136234609,4838.798027726196,4838.798027726196,True,11.848498008625262,19020.0665,False
26821,I395_SB,110N04127,1005,PM,21.28695652173913,4837.55136234609,4837.74555173928,4837.74555173928,True,11.82209525655026,19020.0665,False
26821,I395_SB,110N04127,1020,PM,21.03391304347826,4837.55136234609,4836.55341770917,4836.55341770917,True,12.040809505398462,19020.0665,False
26821,I395_SB,110N04127,1035,PM,23.0908695652174,4837.55136234609,4835.511036430599,4835.511036430599,True,10.401804326161928,19020.0665,False
26821,I395_SB,110N04127,1050,PM,22.36434782608696,4837.55136234609,4834.520636357973,4834.520636357973,True,10.94626643862962,19020.0665,False
26821,I395_SB,110N04127,1065,PM,23.35043478260869,4837.55136234609,4833.387650360615,4833.387650360615,True,10.215498338997644,19020.0665,False
26821,I395_SB,110N04127,1080,PM,25.77391304347826,4837.55136234609,4831.917511307849,4831.917511307849,True,8.657096779822808,19020.0665,False
26821,I395_SB,110N04127,1095,PM,27.299565217391304,4837.55136234609,4829.720906607579,4829.720906607579,True,7.817955629122557,19020.0665,False
26821,I395_SB,110N04127,1110,PM,32.625217391304346,4837.55136234609,4825.629541822042,4825.629541822042,True,5.503871039550027,19020.0665,False
26821,I395_SB,110N04127,1125,PM,43.05478260869565,4837.55136234609,4818.2803770520495,4818.2803770520495,True,2.6303990675879905,19020.0665,False
26824,I395_SB,110N04670,900,PM,55.84043478260869,5700.0,,2846.1265658275606,False,0.0,12477.5365,True
26824,I395_SB,110N04670,915,PM,56.40652173913043,5700.0,,2737.849399309482,False,0.0,12477.5365,True
26824,I395_SB,110N04670,930,PM,56.5304347826087,5700.0,,2711.467323199403,False,0.0,12477.5365,True
26824,I395_SB,110N04670,945,PM,55.48478260869565,5700.0,,2905.5932354159613,False,0.0,12477.5365,True
26824,I395_SB,110N04670,960,PM,53.95782608695652,5700.0,,3108.074152880408,False,0.0,12477.5365,True
26824,I395_SB,110N04670,975,PM,54.80478260869565,5700.0,,3004.9460696677647,False,0.0,12477.5365,True
26824,I395_SB,110N04670,990,PM,53.829130434782606,5700.0,,3122.100775709045,False,0.0,12477.5365,True
26824,I395_SB,110N04670,1005,PM,54.24217391304347,5700.0,,3075.6397145114784,False,0.0,12477.5365,True
26824,I395_SB,110N04670,1020,PM,52.88478260869565,5700.0,,3214.113789219917,False,0.0,12477.5365,True
26824,I395_SB,110N04670,1035,PM,52.27695652173912,5700.0,,3264.5944285598207,False,0.0,12477.5365,True
26824,I395_SB,110N04670,1050,PM,50.4408695652174,5700.0,,3385.0621371732377,False,0.0,12477.5365,True
26824,I395_SB,110N04670,1065,PM,49.95478260869565,5700.0,,3410.347519537861,False,0.0,12477.5365,True
26824,I395_SB,110N04670,1080,PM,51.67739130434782,5700.0,,3308.7713556074414,False,0.0,12477.5365,True
26824,I395_SB,110N04670,1095,PM,51.81434782608696,5700.0,,3299.13332979547,False,0.0,12477.5365,True
26824,I395_SB,110N04670,1110,PM,52.12086956521739,5700.0,,3276.601430305359,False,0.0,12477.5365,True
26824,I395_SB,110N04670,1125,PM,52.58565217391305,5700.0,,3239.7247732797873,False,0.0,12477.5365,True
26825,I395_NB,110+04129,900,PM,21.9608695652174,4499.625000101658,4521.912532240666,4521.912532240666,True,28.52985761037249,3732.1287,False
26825,I395_NB,110+04129,915,PM,17.49913043478261,4499.625000101658,4521.241138993195,4521.241138993195,True,40.54537096838724,3732.1287,False
26825,I395_NB,110+04129,930,PM,16.374782608695654,4499.625000101658,4514.966249044319,4514.966249044319,True,44.60618246822643,3732.1287,False
26825,I395_NB,110+04129,945,PM,19.033478260869565,4499.625000101658,4507.385729852913,4507.385729852913,True,35.77784188866214,3732.1287,False
26825,I395_NB,110+04129,960,PM,14.957826086956524,4499.625000101658,4502.797448877852,4502.797448877852,True,50.59328449548464,3732.1287,False
26825,I395_NB,110+04129,975,PM,13.692608695652174,4499.625000101658,4504.099675875574,4504.099675875574,True,56.986430656841215,3732.1287,False
26825,I395_NB,110+04129,990,PM,14.912608695652176,4499.625000101658,4508.592289792758,4508.592289792758,True,50.80307583636209,3732.1287,False
26825,I395_NB,110+04129,1005,PM,16.42608695652174,4499.625000101658,4512.175571873647,4512.175571873647,True,44.40878177758562,3732.1287,False
26825,I395_NB,110+04129,1020,PM,15.002173913043478,4499.625000101658,4510.749803362483,4510.749803362483,True,50.388756002825545,3732.1287,False
26825,I395_NB,110+04129,1035,PM,12.351739130434783,4499.625000101658,4501.699159651123,4501.699159651123,True,65.19138903891505,3732.1287,False
26825,I395_NB,110+04129,1050,PM,12.63173913043478,4499.625000101658,4488.3433927218975,4488.3433927218975,True,63.3341366331039,3732.1287,False
26825,I395_NB,110+04129,1065,PM,14.13173913043478,4499.625000101658,4475.486148704751,4475.486148704751,True,54.63779372464325,3732.1287,False
26825,I395_NB,110+04129,1080,PM,16.991739130434784,4499.625000101658,4467.931073729631,4467.931073729631,True,42.31137982384252,3732.1287,False
26825,I395_NB,110+04129,1095,PM,16.82217391304348,4499.625000101658,4468.911073160711,4468.911073160711,True,42.92531282327114,3732.1287,False
26825,I395_NB,110+04129,1110,PM,18.37043478260869,4499.625000101658,4475.376089299089,4475.376089299089,True,37.74033693525761,3732.1287,False
26825,I395_NB,110+04129,1125,PM,22.79,4499.625000101658,4482.705323680086,4482.705323680086,True,26.81537471606593,3732.1287,False
26829,I395_SB,110N04128,900,PM,49.55173913043478,5700.0,,2951.182427972365,False,0.0,12477.5365,True
26829,I395_SB,110N04128,915,PM,50.25826086956522,5700.0,,2881.052751389717,False,0.0,12477.5365,True
26829,I395_SB,110N04128,930,PM,49.74521739130435,5700.0,,2933.07241625153,False,0.0,12477.5365,True
26829,I395_SB,110N04128,945,PM,48.33391304347826,5700.0,,3049.2903185539867,False,0.0,12477.5365,True
26829,I395_SB,110N04128,960,PM,47.33652173913043,5700.0,,3112.836084316545,False,0.0,12477.5365,True
26829,I395_SB,110N04128,975,PM,48.26521739130435,5700.0,,3054.1046491311004,False,0.0,12477.5365,True
26829,I395_SB,110N04128,990,PM,47.173478260869565,5700.0,,3122.0211868116726,False,0.0,12477.5365,True
26829,I395_SB,110N04128,1005,PM,47.13565217391304,5700.0,,3124.1076182526845,False,0.0,12477.5365,True
26829,I395_SB,110N04128,1020,PM,46.186521739130434,5700.0,,3171.34611447217,False,0.0,12477.5365,True
26829,I395_SB,110N04128,1035,PM,45.63478260869565,5700.0,,3194.6725853031885,False,0.0,12477.5365,True
26829,I395_SB,110N04128,1050,PM,44.36826086956522,5700.0,,3238.303050092341,False,0.0,12477.5365,True
26829,I395_SB,110N04128,1065,PM,43.92391304347826,5700.0,,3250.6777385301893,False,0.0,12477.5365,True
26829,I395_SB,110N04128,1080,PM,44.05869565217392,5700.0,,3247.0738165098523,False,0.0,12477.5365,True
26829,I395_SB,110N04128,1095,PM,44.95739130434782,5700.0,,3219.622603677401,False,0.0,12477.5365,True
26829,I395_SB,110N04128,1110,PM,45.99130434782609,5700.0,,3179.9248836514607,False,0.0,12477.5365,True
26829,I395_SB,110N04128,1125,PM,45.9695652173913,5700.0,,3180.8577550837917,False,0.0,12477.5365,True
26833,I395_SB,110-04128,900,PM,46.59,5700.0,,3710.942719093139,False,0.0,15294.7596,True
26833,I395_SB,110-04128,915,PM,47.04086956521739,5700.0,,3672.129893976385,False,0.0,15294.7596,True
26833,I395_SB,110-04128,930,PM,46.75869565217391,5700.0,,3696.8610184649847,False,0.0,15294.7596,True
26833,I395_SB,110-04128,945,PM,46.09869565217391,5700.0,,3749.1577935666583,False,0.0,15294.7596,True
26833,I395_SB,110-04128,960,PM,45.60086956521739,5700.0,,3783.966590514005,False,0.0,15294.7596,True
26833,I395_SB,110-04128,975,PM,45.87913043478261,5700.0,,3764.9723570725473,False,0.0,15294.7596,True
26833,I395_SB,110-04128,990,PM,45.003913043478256,5700.0,,3821.030793061991,False,0.0,15294.7596,True
26833,I395_SB,110-04128,1005,PM,44.87652173913044,5700.0,,3828.32882798957,False,0.0,15294.7596,True
26833,I395_SB,110-04128,1020,PM,44.46869565217391,5700.0,,3850.3395208232214,False,0.0,15294.7596,True
26833,I395_SB,110-04128,1035,PM,43.67304347826087,5700.0,,3887.7630445344575,False,0.0,15294.7596,True
26833,I395_SB,110-04128,1050,PM,43.08652173913043,5700.0,,3911.092255707461,False,0.0,15294.7596,True
26833,I395_SB,110-04128,1065,PM,42.45521739130435,5700.0,,3932.5390426513864,False,0.0,15294.7596,True
26833,I395_SB,110-04128,1080,PM,42.81086956521739,5700.0,,3920.9056579434546,False,0.0,15294.7596,True
26833,I395_SB,110-04128,1095,PM,43.81391304347826,5700.0,,3881.6394357969884,False,0.0,15294.7596,True
26833,I395_SB,110-04128,1110,PM,44.22695652173913,5700.0,,3862.4545672417125,False,0.0,15294.7596,True
26833,I395_SB,110-04128,1125,PM,43.25043478260869,5700.0,,3904.9148815620388,False,0.0,15294.7596,True
27878,I395_NB,110+04124,900,PM,56.617826086956526,7600.0,2538.194659311175,3151.861518609532,False,0.0,19305.8097,True
27878,I395_NB,110+04124,915,PM,55.72608695652174,7600.0,2983.692823661392,3185.132521420532,False,0.0,19305.8097,True
27878,I395_NB,110+04124,930,PM,56.96826086956521,7600.0,4020.6519059814873,3137.2840610817384,False,0.0,19305.8097,True
27878,I395_NB,110+04124,945,PM,53.75260869565217,7600.0,5288.709862127459,3241.8048327332403,False,0.0,19305.8097,True
27878,I395_NB,110+04124,960,PM,52.70130434782609,7600.0,6427.504647955308,3263.839042622224,False,0.0,19305.8097,True
27878,I395_NB,110+04124,975,PM,53.24173913043478,7600.0,7156.73377272845,3253.1570938177506,False,0.0,19305.8097,True
27878,I395_NB,110+04124,990,PM,53.82217391304348,7600.0,7516.332959340008,3240.160904299134,False,0.0,19305.8097,True
27878,I395_NB,110+04124,1005,PM,51.17260869565217,7600.0,7626.297484090513,3287.2634901387923,False,0.0,19305.8097,True
27878,I395_NB,110+04124,1020,PM,48.20086956521739,7600.0,7606.622623280509,3307.9675861949845,False,0.0,19305.8097,True
27878,I395_NB,110+04124,1035,PM,43.17869565217392,7502.530492159212,7559.284283717168,7559.284283717168,True,16.765145003582163,19305.8097,True
27878,I395_NB,110+04124,1050,PM,40.74086956521739,7502.530492159212,7514.180894234227,7514.180894234227,True,19.5723520167266,19305.8097,True
27878,I395_NB,110+04124,1065,PM,37.82304347826087,7502.530492159212,7483.191514172046,7483.191514172046,True,23.408047930892643,19305.8097,True
27878,I395_NB,110+04124,1080,PM,39.78869565217392,7502.530492159212,7478.195202870999,7478.195202870999,True,20.762217360875127,19305.8097,True
27878,I395_NB,110+04124,1095,PM,44.04043478260869,7502.530492159212,7486.475997089369,7486.475997089369,True,15.847179775606268,19305.8097,True
27878,I395_NB,110+04124,1110,PM,50.71,7502.530492159212,7396.937843257117,7396.937843257117,True,9.797618938304351,19305.8097,True
27878,I395_NB,110+04124,1125,PM,53.97347826086957,7600.0,7073.889665222115,3236.5020137411493,False,0.0,19305.8097,True
28025,I395_NB,110+04123,900,PM,60.162608695652175,7600.0,7599.960225451624,4148.933278897123,False,0.0,18083.9709,True
28025,I395_NB,110+04123,915,PM,58.86521739130435,7600.0,7599.9497485774355,4268.5487987968445,False,0.0,18083.9709,True
28025,I395_NB,110+04123,930,PM,58.50782608695653,7600.0,7599.957800470744,4297.023474132162,False,0.0,18083.9709,True
28025,I395_NB,110+04123,945,PM,56.84173913043478,7600.0,7599.97521672858,4408.936446832394,False,0.0,18083.9709,True
28025,I395_NB,110+04123,960,PM,54.557391304347824,7600.0,7599.99283294798,4517.556887103562,False,0.0,18083.9709,True
28025,I395_NB,110+04123,975,PM,52.60173913043478,7600.0,7600.002091175649,4578.766872829599,False,0.0,18083.9709,True
28025,I395_NB,110+04123,990,PM,48.8704347826087,7600.0,7599.996859257013,4633.785350609341,False,0.0,18083.9709,True
28025,I395_NB,110+04123,1005,PM,47.99434782608695,7600.0,7599.971611487163,4636.971526925874,False,0.0,18083.9709,True
28025,I395_NB,110+04123,1020,PM,49.536086956521736,7600.0,7599.920822161201,4629.081470264138,False,0.0,18083.9709,True
28025,I395_NB,110+04123,1035,PM,48.886086956521744,7600.0,7599.849094584111,4633.697848309536,False,0.0,18083.9709,True
28025,I395_NB,110+04123,1050,PM,45.72565217391305,7600.0,7599.801548100469,4630.611611918198,False,0.0,18083.9709,True
28025,I395_NB,110+04123,1065,PM,42.6604347826087,7600.0,7599.833431064733,4592.232169858712,False,0.0,18083.9709,True
28025,I395_NB,110+04123,1080,PM,42.60826086956522,7600.0,7599.999991831372,4591.3081498085385,False,0.0,18083.9709,True
28025,I395_NB,110+04123,1095,PM,42.880434782608695,7600.0,7599.6739782710865,4596.032919426909,False,0.0,18083.9709,True
28025,I395_NB,110+04123,1110,PM,49.5608695652174,7600.0,7595.49813631956,4628.8668454294875,False,0.0,18083.9709,True
28025,I395_NB,110+04123,1125,PM,53.82478260869566,7600.0,7583.432711428712,4543.5299488575765,False,0.0,18083.9709,True
28270,I395_NB,110P04122,900,PM,60.41391304347826,7600.0,7598.686431571756,3802.9890831687853,False,0.0,16218.007,True
28270,I395_NB,110P04122,915,PM,59.9204347826087,7600.0,7598.484514549915,3845.0761454588514,False,0.0,16218.007,True
28270,I395_NB,110P04122,930,PM,60.0995652173913,7600.0,7598.6853208768625,3830.216396193445,False,0.0,16218.007,True
28270,I395_NB,110P04122,945,PM,59.78521739130434,7600.0,7599.094024276645,3855.991196709882,False,0.0,16218.007,True
28270,I395_NB,110P04122,960,PM,58.34782608695652,7600.0,7599.515798473323,3957.641752948911,False,0.0,16218.007,True
28270,I395_NB,110P04122,975,PM,57.32869565217391,7600.0,7599.795863200981,4016.014844772343,False,0.0,16218.007,True
28270,I395_NB,110P04122,990,PM,56.48086956521739,7600.0,7599.939622233869,4057.319362204167,False,0.0,16218.007,True
28270,I395_NB,110P04122,1005,PM,55.63826086956522,7600.0,7599.992525356265,4092.62364228286,False,0.0,16218.007,True
28270,I395_NB,110P04122,1020,PM,54.74130434782609,7600.0,7600.000022352455,4124.57022181719,False,0.0,16218.007,True
28270,I395_NB,110P04122,1035,PM,54.08869565217391,7600.0,7599.999985778827,4144.491409544586,False,0.0,16218.007,True
28270,I395_NB,110P04122,1050,PM,51.56217391304348,7600.0,7599.999979280226,4198.705978585807,False,0.0,16218.007,True
28270,I395_NB,110P04122,1065,PM,48.253913043478256,7600.0,7599.999989273602,4224.2157642769635,False,0.0,16218.007,True
28270,I395_NB,110P04122,1080,PM,45.86173913043478,7600.0,7600.00000217591,4216.50012268409,False,0.0,16218.007,True
28270,I395_NB,110P04122,1095,PM,47.69304347826087,7600.0,7600.000007296985,4224.214894718142,False,0.0,16218.007,True
28270,I395_NB,110P04122,1110,PM,53.29130434782609,7600.0,7600.000005518234,4165.3456766584795,False,0.0,16218.007,True
28270,I395_NB,110P04122,1125,PM,54.99434782608695,7600.0,7600.000000613943,4116.111507975492,False,0.0,16218.007,True
28275,I395_NB,110P04122,900,PM,60.41391304347826,7600.0,7599.300544695125,4240.542251155891,False,0.0,18083.9709,True
28275,I395_NB,110P04122,915,PM,59.9204347826087,7600.0,7599.334436241123,4287.471643264307,False,0.0,18083.9709,True
28275,I395_NB,110P04122,930,PM,60.0995652173913,7600.0,7599.534052648092,4270.902204535066,False,0.0,18083.9709,True
28275,I395_NB,110P04122,945,PM,59.78521739130434,7600.0,7599.783536791701,4299.642526480454,False,0.0,18083.9709,True
28275,I395_NB,110P04122,960,PM,58.34782608695652,7600.0,7599.9670315476305,4412.988494391025,False,0.0,18083.9709,True
28275,I395_NB,110P04122,975,PM,57.32869565217391,7600.0,7600.0,4478.077706270016,False,0.0,18083.9709,True
28275,I395_NB,110P04122,990,PM,56.48086956521739,7600.0,7599.923186066745,4524.134517768227,False,0.0,18083.9709,True
28275,I395_NB,110P04122,1005,PM,55.63826086956522,7600.0,7599.808653874245,4563.500734195963,False,0.0,18083.9709,True
28275,I395_NB,110P04122,1020,PM,54.74130434782609,7600.0,7599.728467548884,4599.122929614508,False,0.0,18083.9709,True
28275,I395_NB,110P04122,1035,PM,54.08869565217391,7600.0,7599.735685281212,4621.33615095272,False,0.0,18083.9709,True
28275,I395_NB,110P04122,1050,PM,51.56217391304348,7600.0,7599.807341518448,4681.788380927555,False,0.0,18083.9709,True
28275,I395_NB,110P04122,1065,PM,48.253913043478256,7600.0,7599.901464771976,4710.23319674889,False,0.0,18083.9709,True
28275,I395_NB,110P04122,1080,PM,45.86173913043478,7600.0,7599.976083553187,4701.629831487033,False,0.0,18083.9709,True
28275,I395_NB,110P04122,1095,PM,47.69304347826087,7600.0,7599.999999999998,4710.232227142918,False,0.0,18083.9709,True
28275,I395_NB,110P04122,1110,PM,53.29130434782609,7600.0,7599.985110756486,4644.589807189796,False,0.0,18083.9709,True
28275,I395_NB,110P04122,1125,PM,54.99434782608695,7600.0,7599.9540860932575,4589.6909978756275,False,0.0,18083.9709,True
28279,I395_SB,110N04122,900,PM,55.85695652173913,7600.0,,4670.444801769812,False,0.0,19473.4757,True
28279,I395_SB,110N04122,915,PM,53.04565217391304,7600.0,,4828.885896071231,False,0.0,19473.4757,True
28279,I395_SB,110N04122,930,PM,51.65,7600.0,,4880.508279440008,False,0.0,19473.4757,True
28279,I395_SB,110N04122,945,PM,50.85434782608696,7600.0,,4903.393611346167,False,0.0,19473.4757,True
28279,I395_SB,110N04122,960,PM,51.14565217391304,7600.0,,4895.529959548559,False,0.0,19473.4757,True
28279,I395_SB,110N04122,975,PM,50.32391304347826,7600.0,,4916.2498381530995,False,0.0,19473.4757,True
28279,I395_SB,110N04122,990,PM,48.60478260869566,7600.0,,4945.909672297651,False,0.0,19473.4757,True
28279,I395_SB,110N04122,1005,PM,47.20782608695652,7600.0,,4957.816619019056,False,0.0,19473.4757,True
28279,I395_SB,110N04122,1020,PM,46.125652173913046,7600.0,,4960.293378713,False,0.0,19473.4757,True
28279,I395_SB,110N04122,1035,PM,46.47434782608696,7600.0,,4960.106849497276,False,0.0,19473.4757,True
28279,I395_SB,110N04122,1050,PM,46.009565217391305,7600.0,,4960.2298632837965,False,0.0,19473.4757,True
28279,I395_SB,110N04122,1065,PM,48.36347826086956,7600.0,,4948.706870225985,False,0.0,19473.4757,True
28279,I395_SB,110N04122,1080,PM,52.22652173913043,7600.0,,4861.045503469146,False,0.0,19473.4757,True
28279,I395_SB,110N04122,1095,PM,52.25521739130434,7600.0,,4860.010330219592,False,0.0,19473.4757,True
28279,I395_SB,110N04122,1110,PM,54.47739130434783,7600.0,,4758.448827400901,False,0.0,19473.4757,True
28279,I395_SB,110N04122,1125,PM,56.919130434782616,7600.0,,4586.322499544722,False,0.0,19473.4757,True
28283,I395_SB,110N04122,900,PM,55.85695652173913,7600.0,,6744.24726981961,False,0.0,28120.22,True
28283,I395_SB,110N04122,915,PM,53.04565217391304,7600.0,,6973.040449703602,False,0.0,28120.22,True
28283,I395_SB,110N04122,930,PM,51.65,7600.0,,7047.584552647399,False,0.0,28120.22,True
28283,I395_SB,110N04122,945,PM,50.85434782608696,7600.0,,7080.631584306685,False,0.0,28120.22,True
28283,I395_SB,110N04122,960,PM,51.14565217391304,7600.0,,7069.276260688101,False,0.0,28120.22,True
28283,I395_SB,110N04122,975,PM,50.32391304347826,7600.0,,7099.196319834654,False,0.0,28120.22,True
28283,I395_SB,110N04122,990,PM,48.60478260869566,7600.0,,7142.025914004548,False,0.0,28120.22,True
28283,I395_SB,110N04122,1005,PM,47.20782608695652,7600.0,,7159.219863687305,False,0.0,28120.22,True
28283,I395_SB,110N04122,1020,PM,46.125652173913046,7600.0,,7162.796370960777,False,0.0,28120.22,True
28283,I395_SB,110N04122,1035,PM,46.47434782608696,7600.0,,7162.527017781951,False,0.0,28120.22,True
28283,I395_SB,110N04122,1050,PM,46.009565217391305,7600.0,,7162.704652981403,False,0.0,28120.22,True
28283,I395_SB,110N04122,1065,PM,48.36347826086956,7600.0,,7146.065142663061,False,0.0,28120.22,True
28283,I395_SB,110N04122,1080,PM,52.22652173913043,7600.0,,7019.479783342588,False,0.0,28120.22,True
28283,I395_SB,110N04122,1095,PM,52.25521739130434,7600.0,,7017.984965470113,False,0.0,28120.22,True
28283,I395_SB,110N04122,1110,PM,54.47739130434783,7600.0,,6871.327437723683,False,0.0,28120.22,True
28283,I395_SB,110N04122,1125,PM,56.919130434782616,7600.0,,6622.772414384531,False,0.0,28120.22,True
28285,I395_NB,110P04123,900,PM,55.02304347826087,7600.0,7504.838198894332,3809.940737309197,False,0.0,15720.2943,True
28285,I395_NB,110P04123,915,PM,54.15739130434783,7600.0,7506.832899391909,3847.8566833246873,False,0.0,15720.2943,True
28285,I395_NB,110P04123,930,PM,54.62739130434783,7600.0,7508.729028954953,3828.023351920178,False,0.0,15720.2943,True
28285,I395_NB,110P04123,945,PM,52.64173913043478,7600.0,7510.526740927971,3900.823427270519,False,0.0,15720.2943,True
28285,I395_NB,110P04123,960,PM,50.75043478260869,7600.0,7512.226188655486,3946.6773895209462,False,0.0,15720.2943,True
28285,I395_NB,110P04123,975,PM,49.69869565217391,7600.0,7513.828478834243,3963.864826746173,False,0.0,15720.2943,True
28285,I395_NB,110P04123,990,PM,48.61347826086957,7600.0,7515.338531569947,3976.1021648011347,False,0.0,15720.2943,True
28285,I395_NB,110P04123,1005,PM,48.046956521739126,7600.0,7516.762220320528,3980.4329086648368,False,0.0,15720.2943,True
28285,I395_NB,110P04123,1020,PM,48.88739130434783,7600.0,7518.10541854393,3973.5129865985245,False,0.0,15720.2943,True
28285,I395_NB,110P04123,1035,PM,44.39608695652174,7600.0,7519.373735572777,3978.5089370601713,False,0.0,15720.2943,True
28285,I395_NB,110P04123,1050,PM,41.79739130434783,7600.0,7520.571724238498,3949.7391393034213,False,0.0,15720.2943,True
28285,I395_NB,110P04123,1065,PM,39.450434782608696,7600.0,7521.70367324721,3906.8181323709673,False,0.0,15720.2943,True
28285,I395_NB,110P04123,1080,PM,41.974782608695655,7600.0,7522.773871305035,3952.352651816172,False,0.0,15720.2943,True
28285,I395_NB,110P04123,1095,PM,43.67956521739131,7600.0,7523.786363059829,3972.6721706345375,False,0.0,15720.2943,True
28285,I395_NB,110P04123,1110,PM,48.953478260869566,7600.0,7524.7442169264195,3972.838800558685,False,0.0,15720.2943,True
28285,I395_NB,110P04123,1125,PM,51.91,7600.0,7525.650257261362,3921.0128920998495,False,0.0,15720.2943,True
28289,I395_SB,110-04122,900,PM,47.57739130434783,7246.403935433136,7467.010155200296,7467.010155200296,True,46.64584995225821,29010.2595,True
28289,I395_SB,110-04122,915,PM,35.48913043478261,7246.403935433136,7337.089311026908,7337.089311026908,True,104.23137854096532,29010.2595,True
28289,I395_SB,110-04122,930,PM,32.97782608695652,7246.403935433136,7264.605693048607,7264.605693048607,True,121.49084971467671,29010.2595,True
28289,I395_SB,110-04122,945,PM,32.45695652173913,7246.403935433136,7233.300817341247,7233.300817341247,True,125.40506476879295,29010.2595,True
28289,I395_SB,110-04122,960,PM,34.501304347826085,7246.403935433136,7226.916199980694,7226.916199980694,True,110.72063796554316,29010.2595,True
28289,I395_SB,110-04122,975,PM,36.53478260869565,7246.403935433136,7230.937256003788,7230.937256003788,True,97.74457303167767,29010.2595,True
28289,I395_SB,110-04122,990,PM,35.20173913043478,7246.403935433136,7237.824996291344,7237.824996291344,True,106.08175316115248,29010.2595,True
28289,I395_SB,110-04122,1005,PM,34.78391304347826,7246.403935433136,7241.784330685152,7241.784330685152,True,108.82647610518876,29010.2595,True
28289,I395_SB,110-04122,1020,PM,33.53608695652174,7246.403935433136,7237.020169027012,7237.020169027012,True,117.43064159597428,29010.2595,True
28289,I395_SB,110-04122,1035,PM,34.17391304347826,7246.403935433136,7220.097352324754,7220.097352324754,True,112.95411984809144,29010.2595,True
28289,I395_SB,110-04122,1050,PM,35.94391304347826,7246.403935433136,7197.020446250369,7197.020446250369,True,101.36371197252672,29010.2595,True
28289,I395_SB,110-04122,1065,PM,41.72217391304348,7246.403935433136,7176.153947641882,7176.153947641882,True,70.37165662678136,29010.2595,True
28289,I395_SB,110-04122,1080,PM,47.34695652173913,7246.403935433136,7165.862353337322,7165.862353337322,True,47.46866240944551,29010.2595,True
28289,I395_SB,110-04122,1095,PM,45.63086956521739,7246.403935433136,7170.789542777617,7170.789542777617,True,53.85767870361571,29010.2595,True
28289,I395_SB,110-04122,1110,PM,46.996086956521744,7246.403935433136,7180.696925815309,7180.696925815309,True,48.73700755299466,29010.2595,True
28289,I395_SB,110-04122,1125,PM,52.80695652173913,7600.0,7181.625294905844,7453.9285032476755,False,0.0,29010.2595,True
28294,I395_NB,110+04124,900,PM,56.617826086956526,7600.0,6948.618073629868,3143.725326793115,False,0.0,19305.8097,True
28294,I395_NB,110+04124,915,PM,55.72608695652174,7600.0,7023.04767425769,3176.9104440856054,False,0.0,19305.8097,True
28294,I395_NB,110+04124,930,PM,56.96826086956521,7600.0,7177.3489067905175,3129.1854994054593,False,0.0,19305.8097,True
28294,I395_NB,110+04124,945,PM,53.75260869565217,7600.0,7356.586342257216,3233.436461916574,False,0.0,19305.8097,True
28294,I395_NB,110+04124,960,PM,52.70130434782609,7600.0,7505.824551686662,3255.4137928604896,False,0.0,19305.8097,True
28294,I395_NB,110+04124,975,PM,53.24173913043478,7600.0,7583.308842893365,3244.7594183589895,False,0.0,19305.8097,True
28294,I395_NB,110+04124,990,PM,53.82217391304348,7600.0,7600.007470834447,3231.7967771070666,False,0.0,19305.8097,True
28294,I395_NB,110+04124,1005,PM,51.17260869565217,7600.0,7580.069427252668,3278.7777726829463,False,0.0,19305.8097,True
28294,I395_NB,110+04124,1020,PM,48.20086956521739,7600.0,7547.643703890793,3299.428423339997,False,0.0,19305.8097,True
28294,I395_NB,110+04124,1035,PM,43.17869565217392,7502.530492159212,7522.526691701291,7522.526691701291,True,4.346519075002783,19305.8097,True
28294,I395_NB,110+04124,1050,PM,40.74086956521739,7502.530492159212,7507.104378475478,7507.104378475478,True,5.074313485818007,19305.8097,True
28294,I395_NB,110+04124,1065,PM,37.82304347826087,7502.530492159212,7499.41015121437,7499.41015121437,True,6.068753167268462,19305.8097,True
28294,I395_NB,110+04124,1080,PM,39.78869565217392,7502.530492159212,7497.47739691899,7497.47739691899,True,5.382797093560217,19305.8097,True
28294,I395_NB,110+04124,1095,PM,44.04043478260869,7502.530492159212,7496.313899894567,7496.313899894567,True,4.108528089971996,19305.8097,True
28294,I395_NB,110+04124,1110,PM,50.71,7502.530492159212,7478.825033663194,7478.825033663194,True,2.540123428449277,19305.8097,True
28294,I395_NB,110+04124,1125,PM,53.97347826086957,7600.0,7424.8905690511665,3228.147331581879,False,0.0,19305.8097,True
28298,I395_SB,110N04123,900,PM,47.92304347826087,7029.0491254999015,7196.8799177954015,7196.8799177954015,True,15.529084879868073,26570.5973,True
28298,I395_SB,110N04123,915,PM,34.10739130434783,7029.0491254999015,7110.396413197521,7110.396413197521,True,39.88805546976483,26570.5973,True
28298,I395_SB,110N04123,930,PM,26.86260869565217,7029.0491254999015,7054.678058959848,7054.678058959848,True,62.67620728206602,26570.5973,True
28298,I395_SB,110N04123,945,PM,24.75695652173913,7029.0491254999015,7023.006711777926,7023.006711777926,True,71.80097102446261,26570.5973,True
28298,I395_SB,110N04123,960,PM,25.73,7029.0491254999015,7008.664228347306,7008.664228347306,True,67.39871150442268,26570.5973,True
28298,I395_SB,110N04123,975,PM,28.10869565217392,7029.0491254999015,7005.285000375168,7005.285000375168,True,57.92022852293447,26570.5973,True
28298,I395_SB,110N04123,990,PM,28.45608695652174,7029.0491254999015,7007.913559615261,7007.913559615261,True,56.6685767868161,26570.5973,True
28298,I395_SB,110N04123,1005,PM,29.89521739130435,7029.0491254999015,7011.946972832962,7011.946972832962,True,51.79325037393923,26570.5973,True
28298,I395_SB,110N04123,1020,PM,32.14173913043478,7029.0491254999015,7012.782306793659,7012.782306793659,True,45.05542155633219,26570.5973,True
28298,I395_SB,110N04123,1035,PM,31.30304347826087,7029.0491254999015,7007.417212295764,7007.417212295764,True,47.45773067925124,26570.5973,True
28298,I395_SB,110N04123,1050,PM,35.29130434782609,7029.0491254999015,6999.251676269847,6999.251676269847,True,37.05350609125826,26570.5973,True
28298,I395_SB,110N04123,1065,PM,41.21260869565217,7029.0491254999015,6993.286269679503,6993.286269679503,True,25.320751045863368,26570.5973,True
28298,I395_SB,110N04123,1080,PM,45.302608695652175,7029.0491254999015,6994.521563488335,6994.521563488335,True,19.00753827055705,26570.5973,True
28298,I395_SB,110N04123,1095,PM,46.71869565217391,7029.0491254999015,6987.842291612663,6987.842291612663,True,17.079318916547813,26570.5973,True
28298,I395_SB,110N04123,1110,PM,50.06913043478261,7600.0,6877.669839779697,4004.9999788853447,False,0.0,26570.5973,True
28298,I395_SB,110N04123,1125,PM,54.26869565217392,7600.0,6548.309756669372,3863.5170380734935,False,0.0,26570.5973,True
28302,I395_SB,110N04123,900,PM,47.92304347826087,7029.0491254999015,7147.620327426319,7147.620327426319,True,10.983986866248156,27987.4395,True
28302,I395_SB,110N04123,915,PM,34.10739130434783,7029.0491254999015,7086.757216656184,7086.757216656184,True,28.21350264934586,27987.4395,True
28302,I395_SB,110N04123,930,PM,26.86260869565217,7029.0491254999015,7047.296906276981,7047.296906276981,True,44.33195149219305,27987.4395,True
28302,I395_SB,110N04123,945,PM,24.75695652173913,7029.0491254999015,7024.702181289892,7024.702181289892,True,50.78605267583941,27987.4395,True
28302,I395_SB,110N04123,960,PM,25.73,7029.0491254999015,7014.43582669611,7014.43582669611,True,47.67225935678676,27987.4395,True
28302,I395_SB,110N04123,975,PM,28.10869565217392,7029.0491254999015,7012.145061619945,7012.145061619945,True,40.96796651622195,27987.4395,True
28302,I395_SB,110N04123,990,PM,28.45608695652174,7029.0491254999015,7014.214841678223,7014.214841678223,True,40.08265187360164,27987.4395,True
28302,I395_SB,110N04123,1005,PM,29.89521739130435,7029.0491254999015,7017.214556610885,7017.214556610885,True,36.63425026449361,27987.4395,True
28302,I395_SB,110N04123,1020,PM,32.14173913043478,7029.0491254999015,7017.713596157881,7017.713596157881,True,31.86846890569838,27987.4395,True
28302,I395_SB,110N04123,1035,PM,31.30304347826087,7029.0491254999015,7013.5296291673385,7013.5296291673385,True,33.567663163372835,27987.4395,True
28302,I395_SB,110N04123,1050,PM,35.29130434782609,7029.0491254999015,7007.473440920132,7007.473440920132,True,26.208577479182686,27987.4395,True
28302,I395_SB,110N04123,1065,PM,41.21260869565217,7029.0491254999015,7003.604095805309,7003.604095805309,True,17.909799520244825,27987.4395,True
28302,I395_SB,110N04123,1080,PM,45.302608695652175,7029.0491254999015,7005.980658211929,7005.980658211929,True,13.44435633771109,27987.4395,True
28302,I395_SB,110N04123,1095,PM,46.71869565217391,7029.0491254999015,6998.810993955191,6998.810993955191,True,12.08049386780211,27987.4395,True
28302,I395_SB,110N04123,1110,PM,50.06913043478261,7600.0,6886.898174554908,6890.844305315974,False,0.0,27987.4395,True
28302,I395_SB,110N04123,1125,PM,54.26869565217392,7600.0,6555.194072957038,6647.414362211694,False,0.0,27987.4395,True
28303,I395_NB,110P04124,900,PM,57.345652173913045,7600.0,7565.035179600917,4582.262505661086,False,0.0,19022.3262,True
28303,I395_NB,110P04124,915,PM,56.442608695652176,7600.0,7565.804097202359,4638.050226300736,False,0.0,19022.3262,True
28303,I395_NB,110P04124,930,PM,56.923478260869565,7600.0,7566.534118555037,4609.437048845369,False,0.0,19022.3262,True
28303,I395_NB,110P04124,945,PM,53.88086956521739,7600.0,7567.226275861329,4754.564490688194,False,0.0,19022.3262,True
28303,I395_NB,110P04124,960,PM,53.02304347826087,7600.0,7567.88160132362,4782.071088868503,False,0.0,19022.3262,True
28303,I395_NB,110P04124,975,PM,54.49956521739131,7600.0,7568.5013055014115,4731.41198218603,False,0.0,19022.3262,True
28303,I395_NB,110P04124,990,PM,54.58434782608696,7600.0,7569.087312382709,4728.010166949675,False,0.0,19022.3262,True
28303,I395_NB,110P04124,1005,PM,48.81913043478261,7600.0,7569.641724312631,4852.421155318411,False,0.0,19022.3262,True
28303,I395_NB,110P04124,1020,PM,44.555217391304346,7600.0,7570.166643636305,4837.996838292541,False,0.0,19022.3262,True
28303,I395_NB,110P04124,1035,PM,43.15565217391305,7600.0,7570.664122219807,4818.036120201466,False,0.0,19022.3262,True
28303,I395_NB,110P04124,1050,PM,42.14565217391304,7600.0,7571.136010013037,4799.4522645665675,False,0.0,19022.3262,True
28303,I395_NB,110P04124,1065,PM,39.63782608695652,7600.0,7571.584106486839,4739.1183790459845,False,0.0,19022.3262,True
28303,I395_NB,110P04124,1080,PM,41.67086956521739,7600.0,7572.01021111207,4789.553809632099,False,0.0,19022.3262,True
28303,I395_NB,110P04124,1095,PM,46.27782608695652,7600.0,7572.416088769509,4852.7131312496695,False,0.0,19022.3262,True
28303,I395_NB,110P04124,1110,PM,50.8395652173913,7600.0,7572.8033659796865,4830.782042043276,False,0.0,19022.3262,True
28303,I395_NB,110P04124,1125,PM,54.18826086956521,7600.0,7573.1736346730595,4743.423550150395,False,0.0,19022.3262,True
28307,I395_SB,110-04123,900,PM,47.170869565217394,7600.0,7573.922502171365,5158.945367169473,False,0.0,27987.4395,True
28307,I395_SB,110-04123,915,PM,39.31391304347826,7431.043589281477,7523.484039373461,7523.484039373461,True,17.573107436895743,27987.4395,True
28307,I395_SB,110-04123,930,PM,31.183478260869567,7431.043589281477,7476.732793045861,7476.732793045861,True,29.89373301785923,27987.4395,True
28307,I395_SB,110-04123,945,PM,28.11391304347826,7431.043589281477,7438.6782682920675,7438.6782682920675,True,36.39833653686567,27987.4395,True
28307,I395_SB,110-04123,960,PM,29.888695652173915,7431.043589281477,7414.329970215593,7414.329970215593,True,32.474537810707226,27987.4395,True
28307,I395_SB,110-04123,975,PM,31.85652173913044,7431.043589281477,7406.759761462818,7406.759761462818,True,28.6350683919504,27987.4395,True
28307,I395_SB,110-04123,990,PM,32.30391304347826,7431.043589281477,7411.288934851659,7411.288934851659,True,27.82741714457832,27987.4395,True
28307,I395_SB,110-04123,1005,PM,34.80130434782608,7431.043589281477,7421.301140742898,7421.301140742898,True,23.700499915497,27987.4395,True
28307,I395_SB,110-04123,1020,PM,38.83217391304348,7431.043589281477,7430.180029497331,7430.180029497331,True,18.15933166722521,27987.4395,True
28307,I395_SB,110-04123,1035,PM,37.20652173913044,7431.043589281477,7432.662585673365,7432.662585673365,True,20.249622282945275,27987.4395,True
28307,I395_SB,110-04123,1050,PM,38.57608695652174,7431.043589281477,7428.89913061994,7428.89913061994,True,18.47692209206658,27987.4395,True
28307,I395_SB,110-04123,1065,PM,40.48782608695653,7431.043589281477,7420.393319883607,7420.393319883607,True,16.20299876835348,27987.4395,True
28307,I395_SB,110-04123,1080,PM,41.2295652173913,7431.043589281477,7408.648809010931,7408.648809010931,True,15.377516413392174,27987.4395,True
28307,I395_SB,110-04123,1095,PM,43.82869565217391,7431.043589281477,7394.067018433252,7394.067018433252,True,12.705429432934356,27987.4395,True
28307,I395_SB,110-04123,1110,PM,47.798260869565226,7600.0,7372.640428121087,5146.816830051185,False,0.0,27987.4395,True
28307,I395_SB,110-04123,1125,PM,51.02478260869565,7600.0,7339.259282929727,5036.570001676558,False,0.0,27987.4395,True
28312,I395_SB,110N04124,900,PM,45.52652173913043,7600.0,7514.931989590012,3242.942583872836,False,0.0,27161.132,True
28312,I395_SB,110N04124,915,PM,38.71608695652174,7301.128401458222,7423.93962005864,7423.93962005864,True,22.087426040131383,27161.132,True
28312,I395_SB,110N04124,930,PM,31.39913043478261,7301.128401458222,7353.57498827927,7353.57498827927,True,35.710436088144675,27161.132,True
28312,I395_SB,110N04124,945,PM,27.33869565217391,7301.128401458222,7304.735509835221,7304.735509835221,True,46.41647477251509,27161.132,True
28312,I395_SB,110N04124,960,PM,29.24217391304348,7301.128401458222,7278.318600309825,7278.318600309825,True,41.0274254880329,27161.132,True
28312,I395_SB,110N04124,975,PM,31.860434782608696,7301.128401458222,7273.556207790775,7273.556207790775,True,34.6667499654397,27161.132,True
28312,I395_SB,110N04124,990,PM,31.867826086956523,7301.128401458222,7283.018410383267,7283.018410383267,True,34.65027332634767,27161.132,True
28312,I395_SB,110N04124,1005,PM,33.67652173913043,7301.128401458222,7297.609818696858,7297.609818696858,True,30.835774312210432,27161.132,True
28312,I395_SB,110N04124,1020,PM,36.63913043478261,7301.128401458222,7308.235043341115,7308.235043341115,True,25.401349479513364,27161.132,True
28312,I395_SB,110N04124,1035,PM,34.79260869565218,7301.128401458222,7308.10346023047,7308.10346023047,True,28.67984016739634,27161.132,True
28312,I395_SB,110N04124,1050,PM,34.453478260869566,7301.128401458222,7299.643506498855,7299.643506498855,True,29.320162105212084,27161.132,True
28312,I395_SB,110N04124,1065,PM,34.55652173913043,7301.128401458222,7287.588384585068,7287.588384585068,True,29.12427353566597,27161.132,True
28312,I395_SB,110N04124,1080,PM,35.14,7301.128401458222,7276.671296927913,7276.671296927913,True,28.03673518608971,27161.132,True
28312,I395_SB,110N04124,1095,PM,40.49478260869565,7301.128401458222,7268.55612986364,7268.55612986364,True,19.51961657665149,27161.132,True
28312,I395_SB,110N04124,1110,PM,46.25608695652174,7301.128401458222,7252.629505318311,7252.629505318311,True,12.558089199080351,27161.132,True
28312,I395_SB,110N04124,1125,PM,49.61652173913044,7600.0,7215.208729115433,3185.404934007935,False,0.0,27161.132,True
28705,I66_WB,110+04173,900,PM,60.97608695652174,8000.0,,3952.4795449640906,False,0.0,13422.6055,True
28705,I66_WB,110+04173,915,PM,62.62086956521739,8000.0,,3549.418278203488,False,0.0,13422.6055,True
28705,I66_WB,110+04173,930,PM,63.21782608695652,8000.0,,3341.0132222215507,False,0.0,13422.6055,True
28705,I66_WB,110+04173,945,PM,63.0591304347826,8000.0,,3401.295102520543,False,0.0,13422.6055,True
28705,I66_WB,110+04173,960,PM,63.66304347826087,8000.0,,3146.5071877680202,False,0.0,13422.6055,True
28705,I66_WB,110+04173,975,PM,63.37086956521739,8000.0,,3278.7880299636745,False,0.0,13422.6055,True
28705,I66_WB,110+04173,990,PM,63.59869565217391,8000.0,,3177.3637422942384,False,0.0,13422.6055,True
28705,I66_WB,110+04173,1005,PM,63.39913043478261,8000.0,,3266.8117315506393,False,0.0,13422.6055,True
28705,I66_WB,110+04173,1020,PM,63.53652173913043,8000.0,,3206.1994923105644,False,0.0,13422.6055,True
28705,I66_WB,110+04173,1035,PM,62.96391304347826,8000.0,,3435.617795168315,False,0.0,13422.6055,True
28705,I66_WB,110+04173,1050,PM,63.07391304347826,8000.0,,3395.8471368396126,False,0.0,13422.6055,True
28705,I66_WB,110+04173,1065,PM,63.48869565217392,8000.0,,3227.7661344707026,False,0.0,13422.6055,True
28705,I66_WB,110+04173,1080,PM,63.5404347826087,8000.0,,3204.4117758423386,False,0.0,13422.6055,True
28705,I66_WB,110+04173,1095,PM,63.20608695652174,8000.0,,3345.6132473121074,False,0.0,13422.6055,True
28705,I66_WB,110+04173,1110,PM,63.36217391304348,8000.0,,3282.441193135669,False,0.0,13422.6055,True
28705,I66_WB,110+04173,1125,PM,62.83869565217391,8000.0,,3478.8483854344477,False,0.0,13422.6055,True
28712,I395_NB,110+04122,900,PM,54.85739130434783,7600.0,,4219.821722503789,False,0.0,17263.9179,True
28712,I395_NB,110+04122,915,PM,54.67739130434782,7600.0,,4227.4502136357605,False,0.0,17263.9179,True
28712,I395_NB,110+04122,930,PM,54.56304347826087,7600.0,,4232.163507128361,False,0.0,17263.9179,True
28712,I395_NB,110+04122,945,PM,52.09782608695652,7600.0,,4311.233730315227,False,0.0,17263.9179,True
28712,I395_NB,110+04122,960,PM,53.79086956521739,7600.0,,4261.406066121755,False,0.0,17263.9179,True
28712,I395_NB,110+04122,975,PM,53.753913043478256,7600.0,,4262.696800339485,False,0.0,17263.9179,True
28712,I395_NB,110+04122,990,PM,51.46173913043478,7600.0,,4325.416635405106,False,0.0,17263.9179,True
28712,I395_NB,110+04122,1005,PM,50.37260869565217,7600.0,,4344.55452511871,False,0.0,17263.9179,True
28712,I395_NB,110+04122,1020,PM,49.41304347826087,7600.0,,4356.439625683198,False,0.0,17263.9179,True
28712,I395_NB,110+04122,1035,PM,47.64,7600.0,,4367.323657760359,False,0.0,17263.9179,True
28712,I395_NB,110+04122,1050,PM,47.57826086956521,7600.0,,4367.460969079345,False,0.0,17263.9179,True
28712,I395_NB,110+04122,1065,PM,47.33608695652174,7600.0,,4367.849949373218,False,0.0,17263.9179,True
28712,I395_NB,110+04122,1080,PM,49.055217391304346,7600.0,,4359.755304609743,False,0.0,17263.9179,True
28712,I395_NB,110+04122,1095,PM,49.68130434782609,7600.0,,4353.563424175741,False,0.0,17263.9179,True
28712,I395_NB,110+04122,1110,PM,48.59739130434782,7600.0,,4363.1531040839545,False,0.0,17263.9179,True
28712,I395_NB,110+04122,1125,PM,50.939130434782605,7600.0,,4335.382364666247,False,0.0,17263.9179,True
28724,I395_NB,110+04122,900,PM,54.85739130434783,5700.0,,4219.821722503789,False,0.0,17263.9179,True
28724,I395_NB,110+04122,915,PM,54.67739130434782,5700.0,,4227.45021363576,False,0.0,17263.9179,True
28724,I395_NB,110+04122,930,PM,54.56304347826087,5700.0,,4232.16350712836,False,0.0,17263.9179,True
28724,I395_NB,110+04122,945,PM,52.09782608695652,5700.0,,4311.233730315226,False,0.0,17263.9179,True
28724,I395_NB,110+04122,960,PM,53.79086956521739,5700.0,,4261.406066121755,False,0.0,17263.9179,True
28724,I395_NB,110+04122,975,PM,53.753913043478256,5700.0,,4262.696800339485,False,0.0,17263.9179,True
28724,I395_NB,110+04122,990,PM,51.46173913043478,5700.0,,4325.416635405105,False,0.0,17263.9179,True
28724,I395_NB,110+04122,1005,PM,50.37260869565217,5700.0,,4344.55452511871,False,0.0,17263.9179,True
28724,I395_NB,110+04122,1020,PM,49.41304347826087,5700.0,,4356.439625683198,False,0.0,17263.9179,True
28724,I395_NB,110+04122,1035,PM,47.64,5700.0,,4367.32365776036,False,0.0,17263.9179,True
28724,I395_NB,110+04122,1050,PM,47.57826086956521,5700.0,,4367.460969079345,False,0.0,17263.9179,True
28724,I395_NB,110+04122,1065,PM,47.33608695652174,5700.0,,4367.849949373218,False,0.0,17263.9179,True
28724,I395_NB,110+04122,1080,PM,49.055217391304346,5700.0,,4359.755304609742,False,0.0,17263.9179,True
28724,I395_NB,110+04122,1095,PM,49.68130434782609,5700.0,,4353.563424175741,False,0.0,17263.9179,True
28724,I395_NB,110+04122,1110,PM,48.59739130434782,5700.0,,4363.1531040839545,False,0.0,17263.9179,True
28724,I395_NB,110+04122,1125,PM,50.939130434782605,5700.0,,4335.382364666246,False,0.0,17263.9179,True
29007,I395_NB,110+04121,900,PM,34.69173913043478,7444.479400799159,7476.915973485398,7476.915973485398,True,43.27636226244267,18299.0187,False
29007,I395_NB,110+04121,915,PM,32.84869565217391,7444.479400799159,7479.166622626319,7479.166622626319,True,48.453553021340014,18299.0187,False
29007,I395_NB,110+04121,930,PM,29.52782608695652,7444.479400799159,7480.1857522161245,7480.1857522161245,True,59.41341291834362,18299.0187,False
29007,I395_NB,110+04121,945,PM,25.90652173913044,7444.479400799159,7479.792903053593,7479.792903053593,True,74.56741115016112,18299.0187,False
29007,I395_NB,110+04121,960,PM,25.017391304347825,7444.479400799159,7477.807615937505,7477.807615937505,True,78.95895410692519,18299.0187,False
29007,I395_NB,110+04121,975,PM,23.83608695652174,7444.479400799159,7474.095795365089,7474.095795365089,True,85.30039002107253,18299.0187,False
29007,I395_NB,110+04121,990,PM,22.13173913043478,7444.479400799159,7468.708800627404,7468.708800627404,True,95.64253247563902,18299.0187,False
29007,I395_NB,110+04121,1005,PM,20.86695652173913,7444.479400799159,7461.744354713962,7461.744354713962,True,104.40939143496206,18299.0187,False
29007,I395_NB,110+04121,1020,PM,21.64130434782609,7444.479400799159,7453.300180614275,7453.300180614275,True,98.9203522928132,18299.0187,False
29007,I395_NB,110+04121,1035,PM,20.278695652173912,7444.479400799159,7443.40217728254,7443.40217728254,True,108.85953088491118,18299.0187,False
29007,I395_NB,110+04121,1050,PM,20.53043478260869,7444.479400799159,7431.788947531732,7431.788947531732,True,106.92393205080612,18299.0187,False
29007,I395_NB,110+04121,1065,PM,20.84086956521739,7444.479400799159,7418.127270139508,7418.127270139508,True,104.60141355303618,18299.0187,False
29007,I395_NB,110+04121,1080,PM,22.30826086956522,7444.479400799159,7402.0839238835315,7402.0839238835315,True,94.49802211420044,18299.0187,False
29007,I395_NB,110+04121,1095,PM,22.71913043478261,7444.479400799159,7384.4004881572255,7384.4004881572255,True,91.90295053567704,18299.0187,False
29007,I395_NB,110+04121,1110,PM,26.63347826086957,7444.479400799159,7370.1177448171,7370.1177448171,True,71.19473819816925,18299.0187,False
29007,I395_NB,110+04121,1125,PM,32.47695652173913,7444.479400799159,7365.351276335423,7365.351276335423,True,49.56899661501832,18299.0187,False
29361,I395_NB,110P04120,900,PM,44.49869565217392,6819.030872014299,6867.959846047908,6867.959846047908,True,11.35548362911096,35436.8876,False
29361,I395_NB,110P04120,915,PM,41.616521739130434,6819.030872014299,6848.423807867346,6848.423807867346,True,13.796426499516128,35436.8876,False
29361,I395_NB,110P04120,930,PM,37.26173913043478,6819.030872014299,6840.470657001452,6840.470657001452,True,18.20083986573622,35436.8876,False
29361,I395_NB,110P04120,945,PM,31.974347826086955,6819.030872014299,6840.489177267291,6840.489177267291,True,25.16112656806132,35436.8876,False
29361,I395_NB,110P04120,960,PM,29.60739130434783,6819.030872014299,6844.86815248193,6844.86815248193,True,29.08250661400748,35436.8876,False
29361,I395_NB,110P04120,975,PM,25.81913043478261,6819.030872014299,6850.055456137268,6850.055456137268,True,36.85478979459579,35436.8876,False
29361,I395_NB,110P04120,990,PM,22.15347826086957,6819.030872014299,6852.735320424572,6852.735320424572,True,46.90599665263625,35436.8876,False
29361,I395_NB,110P04120,1005,PM,19.972608695652173,6819.030872014299,6849.6510672099375,6849.6510672099375,True,54.63642337369796,35436.8876,False
29361,I395_NB,110P04120,1020,PM,18.78608695652174,6819.030872014299,6837.546018359467,6837.546018359467,True,59.596119522877295,35436.8876,False
29361,I395_NB,110P04120,1035,PM,19.07086956521739,6819.030872014299,6815.17006741433,6815.17006741433,True,58.34943337908658,35436.8876,False
29361,I395_NB,110P04120,1050,PM,17.36913043478261,6819.030872014299,6789.299394616008,6789.299394616008,True,66.40683303395798,35436.8876,False
29361,I395_NB,110P04120,1065,PM,17.87695652173913,6819.030872014299,6768.716751881044,6768.716751881044,True,63.84179482382979,35436.8876,False
29361,I395_NB,110P04120,1080,PM,24.28608695652174,6819.030872014299,6762.204891125988,6762.204891125988,True,40.68926388341583,35436.8876,False
29361,I395_NB,110P04120,1095,PM,29.801739130434783,6819.030872014299,6774.337495484759,6774.337495484759,True,28.737054044447373,35436.8876,False
29361,I395_NB,110P04120,1110,PM,36.41130434782609,6819.030872014299,6792.851972960765,6792.851972960765,True,19.18392730969836,35436.8876,False
29361,I395_NB,110P04120,1125,PM,42.67173913043479,6819.030872014299,6801.276662774783,6801.276662774783,True,12.86449002410865,35436.8876,False
30296,I66_WB,110P04174,900,PM,60.87521739130435,4000.0,,2033.1460701866076,False,0.0,7484.5323,True
30296,I66_WB,110P04174,915,PM,61.16304347826087,4000.0,,1998.300760741454,False,0.0,7484.5323,True
30296,I66_WB,110P04174,930,PM,61.42173913043479,4000.0,,1964.502763089265,False,0.0,7484.5323,True
30296,I66_WB,110P04174,945,PM,62.03565217391304,4000.0,,1872.7167729028197,False,0.0,7484.5323,True
30296,I66_WB,110P04174,960,PM,62.62608695652175,4000.0,,1763.4630908686368,False,0.0,7484.5323,True
30296,I66_WB,110P04174,975,PM,61.996086956521744,4000.0,,1879.2085684428898,False,0.0,7484.5323,True
30296,I66_WB,110P04174,990,PM,62.401739130434784,4000.0,,1807.992362863395,False,0.0,7484.5323,True
30296,I66_WB,110P04174,1005,PM,62.17478260869565,4000.0,,1849.1505241494185,False,0.0,7484.5323,True
30296,I66_WB,110P04174,1020,PM,62.03739130434782,4000.0,,1872.4293529085983,False,0.0,7484.5323,True
30296,I66_WB,110P04174,1035,PM,62.017826086956525,4000.0,,1875.6527467525025,False,0.0,7484.5323,True
30296,I66_WB,110P04174,1050,PM,61.93217391304348,4000.0,,1889.509417292868,False,0.0,7484.5323,True
30296,I66_WB,110P04174,1065,PM,61.78434782608696,4000.0,,1912.5007421633807,False,0.0,7484.5323,True
30296,I66_WB,110P04174,1080,PM,62.83304347826086,4000.0,,1718.317841247904,False,0.0,7484.5323,True
30296,I66_WB,110P04174,1095,PM,62.59869565217391,4000.0,,1769.1289383122298,False,0.0,7484.5323,True
30296,I66_WB,110P04174,1110,PM,62.37173913043478,4000.0,,1813.6423127713722,False,0.0,7484.5323,True
30296,I66_WB,110P04174,1125,PM,61.74478260869565,4000.0,,1918.4669353066608,False,0.0,7484.5323,True
30317,I66_WB,110N58636,900,PM,63.92,4000.0,,1212.9359907527737,False,0.0,4908.8713,True
30317,I66_WB,110N58636,915,PM,64.28,4000.0,,1193.7281274793106,False,0.0,4908.8713,True
30317,I66_WB,110N58636,930,PM,64.33434782608695,4000.0,,1190.6911500640008,False,0.0,4908.8713,True
30317,I66_WB,110N58636,945,PM,62.960869565217386,4000.0,,1257.5008335536559,False,0.0,4908.8713,True
30317,I66_WB,110N58636,960,PM,62.167391304347824,4000.0,,1288.5154018210808,False,0.0,4908.8713,True
30317,I66_WB,110N58636,975,PM,62.46260869565217,4000.0,,1277.513566290714,False,0.0,4908.8713,True
30317,I66_WB,110N58636,990,PM,63.96043478260869,4000.0,,1210.8538383376667,False,0.0,4908.8713,True
30317,I66_WB,110N58636,1005,PM,64.38869565217392,4000.0,,1187.616034169059,False,0.0,4908.8713,True
30317,I66_WB,110N58636,1020,PM,64.08173913043478,4000.0,,1204.49583091444,False,0.0,4908.8713,True
30317,I66_WB,110N58636,1035,PM,63.82434782608696,4000.0,,1217.7896880372878,False,0.0,4908.8713,True
30317,I66_WB,110N58636,1050,PM,64.25608695652174,4000.0,,1195.052516556735,False,0.0,4908.8713,True
30317,I66_WB,110N58636,1065,PM,63.78652173913044,4000.0,,1219.6817950794823,False,0.0,4908.8713,True
30317,I66_WB,110N58636,1080,PM,63.82695652173913,4000.0,,1217.6586333737316,False,0.0,4908.8713,True
30317,I66_WB,110N58636,1095,PM,63.251304347826085,4000.0,,1244.9117264912925,False,0.0,4908.8713,True
30317,I66_WB,110N58636,1110,PM,63.39565217391304,4000.0,,1238.3781268411992,False,0.0,4908.8713,True
30317,I66_WB,110N58636,1125,PM,62.44565217391305,4000.0,,1278.161940237569,False,0.0,4908.8713,True
30949,I66_EB,110+58629,900,PM,67.94304347826088,6000.0,,2978.301512718335,False,0.0,10649.5931,True
30949,I66_EB,110+58629,915,PM,67.95782608695652,6000.0,,2975.987009758401,False,0.0,10649.5931,True
30949,I66_EB,110+58629,930,PM,68.15739130434783,6000.0,,2943.915011168622,False,0.0,10649.5931,True
30949,I66_EB,110+58629,945,PM,68.69260869565218,6000.0,,2849.3937476075066,False,0.0,10649.5931,True
30949,I66_EB,110+58629,960,PM,68.73782608695652,6000.0,,2840.7671042045117,False,0.0,10649.5931,True
30949,I66_EB,110+58629,975,PM,69.41173913043478,6000.0,,2697.4169798110433,False,0.0,10649.5931,True
30949,I66_EB,110+58629,990,PM,69.8495652173913,6000.0,,2585.405518004658,False,0.0,10649.5931,True
30949,I66_EB,110+58629,1005,PM,70.0786956521739,6000.0,,2518.735325516096,False,0.0,10649.5931,True
30949,I66_EB,110+58629,1020,PM,69.81347826086957,6000.0,,2595.3486742529963,False,0.0,10649.5931,True
30949,I66_EB,110+58629,1035,PM,69.59826086956522,6000.0,,2651.8770120639783,False,0.0,10649.5931,True
30949,I66_EB,110+58629,1050,PM,69.91130434782609,6000.0,,2568.058943266615,False,0.0,10649.5931,True
30949,I66_EB,110+58629,1065,PM,70.07608695652173,6000.0,,2519.5313964485294,False,0.0,10649.5931,True
30949,I66_EB,110+58629,1080,PM,70.3091304347826,6000.0,,2444.5550846669175,False,0.0,10649.5931,True
30949,I66_EB,110+58629,1095,PM,70.46782608695652,6000.0,,2388.415598039155,False,0.0,10649.5931,True
30949,I66_EB,110+58629,1110,PM,70.46652173913044,6000.0,,2388.8961763378034,False,0.0,10649.5931,True
30949,I66_EB,110+58629,1125,PM,69.59869565217392,6000.0,,2651.767306134832,False,0.0,10649.5931,True
31338,I66_EB,110N04175,900,PM,56.42739130434782,4000.0,,924.3940629637749,False,0.0,3646.0457,True
31338,I66_EB,110N04175,915,PM,56.58913043478261,4000.0,,921.4013840330571,False,0.0,3646.0457,True
31338,I66_EB,110N04175,930,PM,56.848260869565216,4000.0,,916.4210052066775,False,0.0,3646.0457,True
31338,I66_EB,110N04175,945,PM,57.47608695652174,4000.0,,903.3348720653572,False,0.0,3646.0457,True
31338,I66_EB,110N04175,960,PM,58.240434782608695,4000.0,,885.1996812954706,False,0.0,3646.0457,True
31338,I66_EB,110N04175,975,PM,57.96,4000.0,,892.1592936371891,False,0.0,3646.0457,True
31338,I66_EB,110N04175,990,PM,57.96652173913044,4000.0,,892.0016301950802,False,0.0,3646.0457,True
31338,I66_EB,110N04175,1005,PM,57.38913043478261,4000.0,,905.2384952341002,False,0.0,3646.0457,True
31338,I66_EB,110N04175,1020,PM,57.35565217391304,4000.0,,905.9632842948088,False,0.0,3646.0457,True
31338,I66_EB,110N04175,1035,PM,56.56304347826087,4000.0,,921.8899841695288,False,0.0,3646.0457,True
31338,I66_EB,110N04175,1050,PM,56.47173913043478,4000.0,,923.5821321484543,False,0.0,3646.0457,True
31338,I66_EB,110N04175,1065,PM,56.003043478260864,4000.0,,931.8451466143125,False,0.0,3646.0457,True
31338,I66_EB,110N04175,1080,PM,57.10260869565217,4000.0,,911.2997647539717,False,0.0,3646.0457,True
31338,I66_EB,110N04175,1095,PM,57.34521739130435,4000.0,,906.1882803368525,False,0.0,3646.0457,True
31338,I66_EB,110N04175,1110,PM,57.19826086956522,4000.0,,909.3115717459785,False,0.0,3646.0457,True
31338,I66_EB,110N04175,1125,PM,55.87695652173913,4000.0,,933.9522113053868,False,0.0,3646.0457,True
31343,I66_EB,110-04175,900,PM,50.23217391304348,4000.0,,1866.5871954253805,False,0.0,7453.8029,True
31343,I66_EB,110-04175,915,PM,48.65391304347826,4000.0,,1876.1283880339229,False,0.0,7453.8029,True
31343,I66_EB,110-04175,930,PM,48.54217391304348,4000.0,,1876.601171920642,False,0.0,7453.8029,True
31343,I66_EB,110-04175,945,PM,51.18304347826087,4000.0,,1858.052122062691,False,0.0,7453.8029,True
31343,I66_EB,110-04175,960,PM,53.75,4000.0,,1822.643792563655,False,0.0,7453.8029,True
31343,I66_EB,110-04175,975,PM,54.0995652173913,4000.0,,1816.2126706438926,False,0.0,7453.8029,True
31343,I66_EB,110-04175,990,PM,52.73695652173913,4000.0,,1838.9711496014268,False,0.0,7453.8029,True
31343,I66_EB,110-04175,1005,PM,51.40608695652173,4000.0,,1855.7202320945144,False,0.0,7453.8029,True
31343,I66_EB,110-04175,1020,PM,50.39434782608696,4000.0,,1865.2875131869262,False,0.0,7453.8029,True
31343,I66_EB,110-04175,1035,PM,47.88478260869565,4000.0,,1878.8731023651087,False,0.0,7453.8029,True
31343,I66_EB,110-04175,1050,PM,46.69608695652174,4000.0,,1880.8734795337054,False,0.0,7453.8029,True
31343,I66_EB,110-04175,1065,PM,46.97826086956522,4000.0,,1880.6352683933453,False,0.0,7453.8029,True
31343,I66_EB,110-04175,1080,PM,48.76086956521739,4000.0,,1875.6517275533467,False,0.0,7453.8029,True
31343,I66_EB,110-04175,1095,PM,49.15739130434782,4000.0,,1873.6753982709706,False,0.0,7453.8029,True
31343,I66_EB,110-04175,1110,PM,49.76304347826087,4000.0,,1870.0010781327542,False,0.0,7453.8029,True
31343,I66_EB,110-04175,1125,PM,47.724782608695655,4000.0,,1879.2973102177143,False,0.0,7453.8029,True
31344,I66_EB,110+58635,900,PM,64.65565217391304,7600.0,,3925.79681956497,False,0.0,15106.4678,True
31344,I66_EB,110+58635,915,PM,65.34521739130435,7600.0,,3820.8323424415876,False,0.0,15106.4678,True
31344,I66_EB,110+58635,930,PM,65.25826086956522,7600.0,,3834.9171351180553,False,0.0,15106.4678,True
31344,I66_EB,110+58635,945,PM,65.40478260869565,7600.0,,3811.030748592344,False,0.0,15106.4678,True
31344,I66_EB,110+58635,960,PM,66.35565217391304,7600.0,,3635.1345742280782,False,0.0,15106.4678,True
31344,I66_EB,110+58635,975,PM,66.71565217391304,7600.0,,3557.0276646311117,False,0.0,15106.4678,True
31344,I66_EB,110+58635,990,PM,66.67956521739131,7600.0,,3565.1991913599672,False,0.0,15106.4678,True
31344,I66_EB,110+58635,1005,PM,66.28739130434782,7600.0,,3649.140042595544,False,0.0,15106.4678,True
31344,I66_EB,110+58635,1020,PM,66.30391304347826,7600.0,,3645.772265856933,False,0.0,15106.4678,True
31344,I66_EB,110+58635,1035,PM,65.58347826086957,7600.0,,3780.8477310533203,False,0.0,15106.4678,True
31344,I66_EB,110+58635,1050,PM,65.43,7600.0,,3806.842802011134,False,0.0,15106.4678,True
31344,I66_EB,110+58635,1065,PM,64.77391304347826,7600.0,,3908.83316728271,False,0.0,15106.4678,True
31344,I66_EB,110+58635,1080,PM,65.41565217391305,7600.0,,3809.228421125346,False,0.0,15106.4678,True
31344,I66_EB,110+58635,1095,PM,65.19869565217391,7600.0,,3844.4153159141024,False,0.0,15106.4678,True
31344,I66_EB,110+58635,1110,PM,65.40565217391304,7600.0,,3810.886719285693,False,0.0,15106.4678,True
31344,I66_EB,110+58635,1125,PM,63.94434782608696,7600.0,,4019.9662589391096,False,0.0,15106.4678,True
31346,I66_WB,110-58634,900,PM,63.246086956521744,4000.0,,578.7781153728814,False,0.0,2299.1059,True
31346,I66_WB,110-58634,915,PM,62.428260869565214,4000.0,,588.0498679156544,False,0.0,2299.1059,True
31346,I66_WB,110-58634,930,PM,61.3008695652174,4000.0,,598.968013482533,False,0.0,2299.1059,True
31346,I66_WB,110-58634,945,PM,63.20304347826088,4000.0,,579.2978131523292,False,0.0,2299.1059,True
31346,I66_WB,110-58634,960,PM,62.87260869565217,4000.0,,583.1667836185153,False,0.0,2299.1059,True
31346,I66_WB,110-58634,975,PM,64.08260869565218,4000.0,,567.8977847493906,False,0.0,2299.1059,True
31346,I66_WB,110-58634,990,PM,64.10260869565217,4000.0,,567.6183073052217,False,0.0,2299.1059,True
31346,I66_WB,110-58634,1005,PM,64.62217391304348,4000.0,,560.0078871371983,False,0.0,2299.1059,True
31346,I66_WB,110-58634,1020,PM,63.83739130434783,4000.0,,571.2478756079814,False,0.0,2299.1059,True
31346,I66_WB,110-58634,1035,PM,64.12391304347825,4000.0,,567.3195453843095,False,0.0,2299.1059,True
31346,I66_WB,110-58634,1050,PM,63.24956521739131,4000.0,,578.7359575271802,False,0.0,2299.1059,True
31346,I66_WB,110-58634,1065,PM,63.490434782608695,4000.0,,575.7564419154996,False,0.0,2299.1059,True
31346,I66_WB,110-58634,1080,PM,63.09608695652174,4000.0,,580.5732752803077,False,0.0,2299.1059,True
31346,I66_WB,110-58634,1095,PM,61.84260869565218,4000.0,,593.969757141912,False,0.0,2299.1059,True
31346,I66_WB,110-58634,1110,PM,65.03304347826086,4000.0,,553.4748637189566,False,0.0,2299.1059,True
31346,I66_WB,110-58634,1125,PM,65.14782608695653,4000.0,,551.5613106901287,False,0.0,2299.1059,True
31347,I66_EB,110-04175,900,PM,50.23217391304348,4000.0,,1866.5871954253805,False,0.0,7453.8029,True
31347,I66_EB,110-04175,915,PM,48.65391304347826,4000.0,,1876.1283880339229,False,0.0,7453.8029,True
31347,I66_EB,110-04175,930,PM,48.54217391304348,4000.0,,1876.601171920642,False,0.0,7453.8029,True
31347,I66_EB,110-04175,945,PM,51.18304347826087,4000.0,,1858.052122062691,False,0.0,7453.8029,True
31347,I66_EB,110-04175,960,PM,53.75,4000.0,,1822.643792563655,False,0.0,7453.8029,True
31347,I66_EB,110-04175,975,PM,54.0995652173913,4000.0,,1816.2126706438926,False,0.0,7453.8029,True
31347,I66_EB,110-04175,990,PM,52.73695652173913,4000.0,,1838.9711496014268,False,0.0,7453.8029,True
31347,I66_EB,110-04175,1005,PM,51.40608695652173,4000.0,,1855.7202320945144,False,0.0,7453.8029,True
31347,I66_EB,110-04175,1020,PM,50.39434782608696,4000.0,,1865.2875131869262,False,0.0,7453.8029,True
31347,I66_EB,110-04175,1035,PM,47.88478260869565,4000.0,,1878.8731023651087,False,0.0,7453.8029,True
31347,I66_EB,110-04175,1050,PM,46.69608695652174,4000.0,,1880.8734795337054,False,0.0,7453.8029,True
31347,I66_EB,110-04175,1065,PM,46.97826086956522,4000.0,,1880.6352683933453,False,0.0,7453.8029,True
31347,I66_EB,110-04175,1080,PM,48.76086956521739,4000.0,,1875.6517275533467,False,0.0,7453.8029,True
31347,I66_EB,110-04175,1095,PM,49.15739130434782,4000.0,,1873.6753982709706,False,0.0,7453.8029,True
31347,I66_EB,110-04175,1110,PM,49.76304347826087,4000.0,,1870.0010781327542,False,0.0,7453.8029,True
31347,I66_EB,110-04175,1125,PM,47.724782608695655,4000.0,,1879.2973102177143,False,0.0,7453.8029,True
31348,I66_EB,110+58635,900,PM,64.65565217391304,7600.0,,3925.79681956497,False,0.0,15106.4678,True
31348,I66_EB,110+58635,915,PM,65.34521739130435,7600.0,,3820.8323424415876,False,0.0,15106.4678,True
31348,I66_EB,110+58635,930,PM,65.25826086956522,7600.0,,3834.9171351180553,False,0.0,15106.4678,True
31348,I66_EB,110+58635,945,PM,65.40478260869565,7600.0,,3811.030748592344,False,0.0,15106.4678,True
31348,I66_EB,110+58635,960,PM,66.35565217391304,7600.0,,3635.1345742280782,False,0.0,15106.4678,True
31348,I66_EB,110+58635,975,PM,66.71565217391304,7600.0,,3557.0276646311117,False,0.0,15106.4678,True
31348,I66_EB,110+58635,990,PM,66.67956521739131,7600.0,,3565.1991913599672,False,0.0,15106.4678,True
31348,I66_EB,110+58635,1005,PM,66.28739130434782,7600.0,,3649.140042595544,False,0.0,15106.4678,True
31348,I66_EB,110+58635,1020,PM,66.30391304347826,7600.0,,3645.772265856933,False,0.0,15106.4678,True
31348,I66_EB,110+58635,1035,PM,65.58347826086957,7600.0,,3780.8477310533203,False,0.0,15106.4678,True
31348,I66_EB,110+58635,1050,PM,65.43,7600.0,,3806.842802011134,False,0.0,15106.4678,True
31348,I66_EB,110+58635,1065,PM,64.77391304347826,7600.0,,3908.83316728271,False,0.0,15106.4678,True
31348,I66_EB,110+58635,1080,PM,65.41565217391305,7600.0,,3809.228421125346,False,0.0,15106.4678,True
31348,I66_EB,110+58635,1095,PM,65.19869565217391,7600.0,,3844.4153159141024,False,0.0,15106.4678,True
31348,I66_EB,110+58635,1110,PM,65.40565217391304,7600.0,,3810.886719285693,False,0.0,15106.4678,True
31348,I66_EB,110+58635,1125,PM,63.94434782608696,7600.0,,4019.9662589391096,False,0.0,15106.4678,True
31350,I66_WB,110-58634,900,PM,63.246086956521744,4000.0,,578.7781153728814,False,0.0,2299.1059,True
31350,I66_WB,110-58634,915,PM,62.428260869565214,4000.0,,588.0498679156544,False,0.0,2299.1059,True
31350,I66_WB,110-58634,930,PM,61.3008695652174,4000.0,,598.968013482533,False,0.0,2299.1059,True
31350,I66_WB,110-58634,945,PM,63.20304347826088,4000.0,,579.2978131523292,False,0.0,2299.1059,True
31350,I66_WB,110-58634,960,PM,62.87260869565217,4000.0,,583.1667836185153,False,0.0,2299.1059,True
31350,I66_WB,110-58634,975,PM,64.08260869565218,4000.0,,567.8977847493906,False,0.0,2299.1059,True
31350,I66_WB,110-58634,990,PM,64.10260869565217,4000.0,,567.6183073052217,False,0.0,2299.1059,True
31350,I66_WB,110-58634,1005,PM,64.62217391304348,4000.0,,560.0078871371983,False,0.0,2299.1059,True
31350,I66_WB,110-58634,1020,PM,63.83739130434783,4000.0,,571.2478756079814,False,0.0,2299.1059,True
31350,I66_WB,110-58634,1035,PM,64.12391304347825,4000.0,,567.3195453843095,False,0.0,2299.1059,True
31350,I66_WB,110-58634,1050,PM,63.24956521739131,4000.0,,578.7359575271802,False,0.0,2299.1059,True
31350,I66_WB,110-58634,1065,PM,63.490434782608695,4000.0,,575.7564419154996,False,0.0,2299.1059,True
31350,I66_WB,110-58634,1080,PM,63.09608695652174,4000.0,,580.5732752803077,False,0.0,2299.1059,True
31350,I66_WB,110-58634,1095,PM,61.84260869565218,4000.0,,593.969757141912,False,0.0,2299.1059,True
31350,I66_WB,110-58634,1110,PM,65.03304347826086,4000.0,,553.4748637189566,False,0.0,2299.1059,True
31350,I66_WB,110-58634,1125,PM,65.14782608695653,4000.0,,551.5613106901287,False,0.0,2299.1059,True
31351,I66_EB,110-04175,900,PM,50.23217391304348,4000.0,,1460.071567641968,False,0.0,5830.4727,True
31351,I66_EB,110-04175,915,PM,48.65391304347826,4000.0,,1467.534826836754,False,0.0,5830.4727,True
31351,I66_EB,110-04175,930,PM,48.54217391304348,4000.0,,1467.9046452477714,False,0.0,5830.4727,True
31351,I66_EB,110-04175,945,PM,51.18304347826087,4000.0,,1453.3953095088668,False,0.0,5830.4727,True
31351,I66_EB,110-04175,960,PM,53.75,4000.0,,1425.6984007944259,False,0.0,5830.4727,True
31351,I66_EB,110-04175,975,PM,54.0995652173913,4000.0,,1420.6678839848728,False,0.0,5830.4727,True
31351,I66_EB,110-04175,990,PM,52.73695652173913,4000.0,,1438.4698961973806,False,0.0,5830.4727,True
31351,I66_EB,110-04175,1005,PM,51.40608695652173,4000.0,,1451.5712713660205,False,0.0,5830.4727,True
31351,I66_EB,110-04175,1020,PM,50.39434782608696,4000.0,,1459.0549373511426,False,0.0,5830.4727,True
31351,I66_EB,110-04175,1035,PM,47.88478260869565,4000.0,,1469.6817821818272,False,0.0,5830.4727,True
31351,I66_EB,110-04175,1050,PM,46.69608695652174,4000.0,,1471.2465062062854,False,0.0,5830.4727,True
31351,I66_EB,110-04175,1065,PM,46.97826086956522,4000.0,,1471.0601739985066,False,0.0,5830.4727,True
31351,I66_EB,110-04175,1080,PM,48.76086956521739,4000.0,,1467.1619760978153,False,0.0,5830.4727,True
31351,I66_EB,110-04175,1095,PM,49.15739130434782,4000.0,,1465.6160626786257,False,0.0,5830.4727,True
31351,I66_EB,110-04175,1110,PM,49.76304347826087,4000.0,,1462.7419561930715,False,0.0,5830.4727,True
31351,I66_EB,110-04175,1125,PM,47.724782608695655,4000.0,,1470.0136037146642,False,0.0,5830.4727,True
31352,I66_WB,110-58633,900,PM,62.04434782608696,4000.0,,675.5065384124279,False,0.0,2669.5793,True
31352,I66_WB,110-58633,915,PM,63.15695652173913,4000.0,,661.6737654115208,False,0.0,2669.5793,True
31352,I66_WB,110-58633,930,PM,62.97913043478261,4000.0,,664.0570688816345,False,0.0,2669.5793,True
31352,I66_WB,110-58633,945,PM,63.783478260869565,4000.0,,652.6931538893291,False,0.0,2669.5793,True
31352,I66_WB,110-58633,960,PM,63.42869565217391,4000.0,,657.8936639159299,False,0.0,2669.5793,True
31352,I66_WB,110-58633,975,PM,62.74782608695652,4000.0,,667.0546936982099,False,0.0,2669.5793,True
31352,I66_WB,110-58633,990,PM,63.21173913043479,4000.0,,660.9253404156638,False,0.0,2669.5793,True
31352,I66_WB,110-58633,1005,PM,63.06652173913044,4000.0,,662.8945394676756,False,0.0,2669.5793,True
31352,I66_WB,110-58633,1020,PM,63.58130434782608,4000.0,,655.6945609226877,False,0.0,2669.5793,True
31352,I66_WB,110-58633,1035,PM,62.71347826086957,4000.0,,667.4902263706517,False,0.0,2669.5793,True
31352,I66_WB,110-58633,1050,PM,63.2195652173913,4000.0,,660.8178678271604,False,0.0,2669.5793,True
31352,I66_WB,110-58633,1065,PM,61.919130434782616,4000.0,,676.9123968863018,False,0.0,2669.5793,True
31352,I66_WB,110-58633,1080,PM,62.00521739130434,4000.0,,675.9489335320701,False,0.0,2669.5793,True
31352,I66_WB,110-58633,1095,PM,60.89217391304348,4000.0,,687.4282559051811,False,0.0,2669.5793,True
31352,I66_WB,110-58633,1110,PM,62.81391304347826,4000.0,,666.2097927398728,False,0.0,2669.5793,True
31352,I66_WB,110-58633,1125,PM,61.13304347826087,4000.0,,685.1164017236822,False,0.0,2669.5793,True
31353,I66_EB,110-04176,900,PM,48.40956521739131,4000.0,,1765.0316029405517,False,0.0,7045.9046,True
31353,I66_EB,110-04176,915,PM,47.08739130434783,4000.0,,1766.0161793604395,False,0.0,7045.9046,True
31353,I66_EB,110-04176,930,PM,48.37173913043478,4000.0,,1765.0998649847288,False,0.0,7045.9046,True
31353,I66_EB,110-04176,945,PM,49.16391304347826,4000.0,,1763.1530917145294,False,0.0,7045.9046,True
31353,I66_EB,110-04176,960,PM,50.90260869565218,4000.0,,1754.824761181521,False,0.0,7045.9046,True
31353,I66_EB,110-04176,975,PM,51.24130434782609,4000.0,,1752.502903818449,False,0.0,7045.9046,True
31353,I66_EB,110-04176,990,PM,50.167391304347824,4000.0,,1759.0583875861375,False,0.0,7045.9046,True
31353,I66_EB,110-04176,1005,PM,49.59608695652174,4000.0,,1761.6196795765381,False,0.0,7045.9046,True
31353,I66_EB,110-04176,1020,PM,50.80565217391304,4000.0,,1755.4454960096666,False,0.0,7045.9046,True
31353,I66_EB,110-04176,1035,PM,50.16,4000.0,,1759.0955105984026,False,0.0,7045.9046,True
31353,I66_EB,110-04176,1050,PM,50.149565217391306,4000.0,,1759.1477390341333,False,0.0,7045.9046,True
31353,I66_EB,110-04176,1065,PM,47.47347826086957,4000.0,,1766.0210555194128,False,0.0,7045.9046,True
31353,I66_EB,110-04176,1080,PM,46.42217391304348,4000.0,,1765.4654561506784,False,0.0,7045.9046,True
31353,I66_EB,110-04176,1095,PM,46.33043478260869,4000.0,,1765.336895751901,False,0.0,7045.9046,True
31353,I66_EB,110-04176,1110,PM,48.74739130434783,4000.0,,1764.3132070013592,False,0.0,7045.9046,True
31353,I66_EB,110-04176,1125,PM,49.6295652173913,4000.0,,1761.4865687715528,False,0.0,7045.9046,True
31354,I66_WB,110+04178,900,PM,29.97347826086957,6771.335444795606,6774.221481326722,6774.221481326722,True,12.591554500303952,14995.3255,False
31354,I66_WB,110+04178,915,PM,28.46391304347826,6771.335444795606,6772.931773320423,6772.931773320423,True,13.789658345282511,14995.3255,False
31354,I66_WB,110+04178,930,PM,30.32,6771.335444795606,6771.167652933315,6771.167652933315,True,12.333365061333469,14995.3255,False
31354,I66_WB,110+04178,945,PM,27.10739130434783,6771.335444795606,6769.745021104798,6769.745021104798,True,14.980129173737874,14995.3255,False
31354,I66_WB,110+04178,960,PM,29.50608695652173,6771.335444795606,6769.479778774282,6769.479778774282,True,12.94940876370103,14995.3255,False
31354,I66_WB,110+04178,975,PM,29.38347826086957,6771.335444795606,6770.883412001569,6770.883412001569,True,13.045168023227824,14995.3255,False
31354,I66_WB,110+04178,990,PM,30.03695652173913,6771.335444795606,6773.249747328082,6773.249747328082,True,12.54381187690606,14995.3255,False
31354,I66_WB,110+04178,1005,PM,28.16608695652174,6771.335444795606,6775.568196415639,6775.568196415639,True,14.04120349319114,14995.3255,False
31354,I66_WB,110+04178,1020,PM,29.16434782608696,6771.335444795606,6776.828170926063,6776.828170926063,True,13.218317648540587,14995.3255,False
31354,I66_WB,110+04178,1035,PM,26.15391304347826,6771.335444795606,6776.261401126395,6776.261401126395,True,15.890798532225176,14995.3255,False
31354,I66_WB,110+04178,1050,PM,24.993913043478265,6771.335444795606,6774.068891704591,6774.068891704591,True,17.09240259496137,14995.3255,False
31354,I66_WB,110+04178,1065,PM,24.61521739130435,6771.335444795606,6770.693965953822,6770.693965953822,True,17.509201642302127,14995.3255,False
31354,I66_WB,110+04178,1080,PM,24.49913043478261,6771.335444795606,6766.579947167268,6766.579947167268,True,17.639549353174537,14995.3255,False
31354,I66_WB,110+04178,1095,PM,25.73565217391304,6771.335444795606,6762.344206314183,6762.344206314183,True,16.31157332141738,14995.3255,False
31354,I66_WB,110+04178,1110,PM,28.74826086956521,6771.335444795606,6759.300305068162,6759.300305068162,True,13.554360440484256,14995.3255,False
31354,I66_WB,110+04178,1125,PM,31.91391304347826,6771.335444795606,6758.935852778877,6758.935852778877,True,11.217967478262867,14995.3255,False
31355,I66_WB,110-58633,900,PM,62.04434782608696,4000.0,,675.5065384124279,False,0.0,2669.5793,True
31355,I66_WB,110-58633,915,PM,63.15695652173913,4000.0,,661.6737654115208,False,0.0,2669.5793,True
31355,I66_WB,110-58633,930,PM,62.97913043478261,4000.0,,664.0570688816345,False,0.0,2669.5793,True
31355,I66_WB,110-58633,945,PM,63.783478260869565,4000.0,,652.6931538893291,False,0.0,2669.5793,True
31355,I66_WB,110-58633,960,PM,63.42869565217391,4000.0,,657.8936639159299,False,0.0,2669.5793,True
31355,I66_WB,110-58633,975,PM,62.74782608695652,4000.0,,667.0546936982099,False,0.0,2669.5793,True
31355,I66_WB,110-58633,990,PM,63.21173913043479,4000.0,,660.9253404156638,False,0.0,2669.5793,True
31355,I66_WB,110-58633,1005,PM,63.06652173913044,4000.0,,662.8945394676756,False,0.0,2669.5793,True
31355,I66_WB,110-58633,1020,PM,63.58130434782608,4000.0,,655.6945609226877,False,0.0,2669.5793,True
31355,I66_WB,110-58633,1035,PM,62.71347826086957,4000.0,,667.4902263706517,False,0.0,2669.5793,True
31355,I66_WB,110-58633,1050,PM,63.2195652173913,4000.0,,660.8178678271604,False,0.0,2669.5793,True
31355,I66_WB,110-58633,1065,PM,61.919130434782616,4000.0,,676.9123968863018,False,0.0,2669.5793,True
31355,I66_WB,110-58633,1080,PM,62.00521739130434,4000.0,,675.9489335320701,False,0.0,2669.5793,True
31355,I66_WB,110-58633,1095,PM,60.89217391304348,4000.0,,687.4282559051811,False,0.0,2669.5793,True
31355,I66_WB,110-58633,1110,PM,62.81391304347826,4000.0,,666.2097927398728,False,0.0,2669.5793,True
31355,I66_WB,110-58633,1125,PM,61.13304347826087,4000.0,,685.1164017236822,False,0.0,2669.5793,True
31357,I66_EB,110-04177,900,PM,45.4504347826087,7600.0,,3906.5822170460215,False,0.0,15651.1085,True
31357,I66_EB,110-04177,915,PM,47.039565217391306,7600.0,,3916.1965411223337,False,0.0,15651.1085,True
31357,I66_EB,110-04177,930,PM,46.44608695652174,7600.0,,3913.5050485090583,False,0.0,15651.1085,True
31357,I66_EB,110-04177,945,PM,47.09695652173913,7600.0,,3916.398266470497,False,0.0,15651.1085,True
31357,I66_EB,110-04177,960,PM,49.83347826086957,7600.0,,3913.1874833959087,False,0.0,15651.1085,True
31357,I66_EB,110-04177,975,PM,51.07304347826087,7600.0,,3902.6917209546773,False,0.0,15651.1085,True
31357,I66_EB,110-04177,990,PM,47.68347826086956,7600.0,,3917.8537845059236,False,0.0,15651.1085,True
31357,I66_EB,110-04177,1005,PM,49.420869565217394,7600.0,,3915.363582098782,False,0.0,15651.1085,True
31357,I66_EB,110-04177,1020,PM,47.98173913043478,7600.0,,3918.162564061679,False,0.0,15651.1085,True
31357,I66_EB,110-04177,1035,PM,45.68739130434783,7600.0,,3908.4968796069206,False,0.0,15651.1085,True
31357,I66_EB,110-04177,1050,PM,47.87086956521739,7600.0,,3918.082273465764,False,0.0,15651.1085,True
31357,I66_EB,110-04177,1065,PM,48.32478260869566,7600.0,,3918.149086140174,False,0.0,15651.1085,True
31357,I66_EB,110-04177,1080,PM,47.26086956521739,7600.0,,3916.916670644401,False,0.0,15651.1085,True
31357,I66_EB,110-04177,1095,PM,48.001304347826085,7600.0,,3918.172469152546,False,0.0,15651.1085,True
31357,I66_EB,110-04177,1110,PM,49.73391304347827,7600.0,,3913.770886429719,False,0.0,15651.1085,True
31357,I66_EB,110-04177,1125,PM,51.98608695652174,7600.0,,3890.9045263955927,False,0.0,15651.1085,True
31358,I66_WB,110+04178,900,PM,29.97347826086957,6771.335444795606,6804.7581998779815,6804.7581998779815,True,115.84230140279637,14995.3255,False
31358,I66_WB,110+04178,915,PM,28.46391304347826,6771.335444795606,6795.866166873708,6795.866166873708,True,126.86485677659904,14995.3255,False
31358,I66_WB,110+04178,930,PM,30.32,6771.335444795606,6775.241638307894,6775.241638307894,True,113.46695856426793,14995.3255,False
31358,I66_WB,110+04178,945,PM,27.10739130434783,6771.335444795606,6755.159671719923,6755.159671719923,True,137.81718839838845,14995.3255,False
31358,I66_WB,110+04178,960,PM,29.50608695652173,6771.335444795606,6747.895324649175,6747.895324649175,True,119.13456062604943,14995.3255,False
31358,I66_WB,110+04178,975,PM,29.38347826086957,6771.335444795606,6761.584995554631,6761.584995554631,True,120.015545813696,14995.3255,False
31358,I66_WB,110+04178,990,PM,30.03695652173913,6771.335444795606,6787.8104465737215,6787.8104465737215,True,115.40306926753576,14995.3255,False
31358,I66_WB,110+04178,1005,PM,28.16608695652174,6771.335444795606,6814.014780763475,6814.014780763475,True,129.17907213735847,14995.3255,False
31358,I66_WB,110+04178,1020,PM,29.16434782608696,6771.335444795606,6827.641101180929,6827.641101180929,True,121.60852236657338,14995.3255,False
31358,I66_WB,110+04178,1035,PM,26.15391304347826,6771.335444795606,6819.5222091793885,6819.5222091793885,True,146.1953464964716,14995.3255,False
31358,I66_WB,110+04178,1050,PM,24.993913043478265,6771.335444795606,6794.049699297312,6794.049699297312,True,157.2501038736446,14995.3255,False
31358,I66_WB,110+04178,1065,PM,24.61521739130435,6771.335444795606,6759.004864369423,6759.004864369423,True,161.0846551091796,14995.3255,False
31358,I66_WB,110+04178,1080,PM,24.49913043478261,6771.335444795606,6722.1689972304575,6722.1689972304575,True,162.2838540492058,14995.3255,False
31358,I66_WB,110+04178,1095,PM,25.73565217391304,6771.335444795606,6690.858797240004,6690.858797240004,True,150.06647455703992,14995.3255,False
31358,I66_WB,110+04178,1110,PM,28.74826086956521,6771.335444795606,6670.532589857128,6670.532589857128,True,124.70011605245516,14995.3255,False
31358,I66_WB,110+04178,1125,PM,31.91391304347826,6771.335444795606,6666.184107065747,6666.184107065747,True,103.20530080001838,14995.3255,False
31359,I66_WB,110-58633,900,PM,62.04434782608696,4000.0,,675.5065384124279,False,0.0,2669.5793,True
31359,I66_WB,110-58633,915,PM,63.15695652173913,4000.0,,661.6737654115208,False,0.0,2669.5793,True
31359,I66_WB,110-58633,930,PM,62.97913043478261,4000.0,,664.0570688816345,False,0.0,2669.5793,True
31359,I66_WB,110-58633,945,PM,63.783478260869565,4000.0,,652.6931538893291,False,0.0,2669.5793,True
31359,I66_WB,110-58633,960,PM,63.42869565217391,4000.0,,657.8936639159299,False,0.0,2669.5793,True
31359,I66_WB,110-58633,975,PM,62.74782608695652,4000.0,,667.0546936982099,False,0.0,2669.5793,True
31359,I66_WB,110-58633,990,PM,63.21173913043479,4000.0,,660.9253404156638,False,0.0,2669.5793,True
31359,I66_WB,110-58633,1005,PM,63.06652173913044,4000.0,,662.8945394676756,False,0.0,2669.5793,True
31359,I66_WB,110-58633,1020,PM,63.58130434782608,4000.0,,655.6945609226877,False,0.0,2669.5793,True
31359,I66_WB,110-58633,1035,PM,62.71347826086957,4000.0,,667.4902263706517,False,0.0,2669.5793,True
31359,I66_WB,110-58633,1050,PM,63.2195652173913,4000.0,,660.8178678271604,False,0.0,2669.5793,True
31359,I66_WB,110-58633,1065,PM,61.919130434782616,4000.0,,676.9123968863018,False,0.0,2669.5793,True
31359,I66_WB,110-58633,1080,PM,62.00521739130434,4000.0,,675.9489335320701,False,0.0,2669.5793,True
31359,I66_WB,110-58633,1095,PM,60.89217391304348,4000.0,,687.4282559051811,False,0.0,2669.5793,True
31359,I66_WB,110-58633,1110,PM,62.81391304347826,4000.0,,666.2097927398728,False,0.0,2669.5793,True
31359,I66_WB,110-58633,1125,PM,61.13304347826087,4000.0,,685.1164017236822,False,0.0,2669.5793,True
31361,I66_EB,110-04177,900,PM,45.4504347826087,7600.0,,3906.5822170460215,False,0.0,15651.1085,True
31361,I66_EB,110-04177,915,PM,47.039565217391306,7600.0,,3916.1965411223337,False,0.0,15651.1085,True
31361,I66_EB,110-04177,930,PM,46.44608695652174,7600.0,,3913.5050485090583,False,0.0,15651.1085,True
31361,I66_EB,110-04177,945,PM,47.09695652173913,7600.0,,3916.398266470497,False,0.0,15651.1085,True
31361,I66_EB,110-04177,960,PM,49.83347826086957,7600.0,,3913.1874833959087,False,0.0,15651.1085,True
31361,I66_EB,110-04177,975,PM,51.07304347826087,7600.0,,3902.6917209546773,False,0.0,15651.1085,True
31361,I66_EB,110-04177,990,PM,47.68347826086956,7600.0,,3917.8537845059236,False,0.0,15651.1085,True
31361,I66_EB,110-04177,1005,PM,49.420869565217394,7600.0,,3915.363582098782,False,0.0,15651.1085,True
31361,I66_EB,110-04177,1020,PM,47.98173913043478,7600.0,,3918.162564061679,False,0.0,15651.1085,True
31361,I66_EB,110-04177,1035,PM,45.68739130434783,7600.0,,3908.4968796069206,False,0.0,15651.1085,True
31361,I66_EB,110-04177,1050,PM,47.87086956521739,7600.0,,3918.082273465764,False,0.0,15651.1085,True
31361,I66_EB,110-04177,1065,PM,48.32478260869566,7600.0,,3918.149086140174,False,0.0,15651.1085,True
31361,I66_EB,110-04177,1080,PM,47.26086956521739,7600.0,,3916.916670644401,False,0.0,15651.1085,True
31361,I66_EB,110-04177,1095,PM,48.001304347826085,7600.0,,3918.172469152546,False,0.0,15651.1085,True
31361,I66_EB,110-04177,1110,PM,49.73391304347827,7600.0,,3913.770886429719,False,0.0,15651.1085,True
31361,I66_EB,110-04177,1125,PM,51.98608695652174,7600.0,,3890.9045263955927,False,0.0,15651.1085,True
31362,I66_WB,110-58633,900,PM,62.04434782608696,4000.0,,656.8211579771931,False,0.0,2595.7353,True
31362,I66_WB,110-58633,915,PM,63.15695652173913,4000.0,,643.371017284485,False,0.0,2595.7353,True
31362,I66_WB,110-58633,930,PM,62.97913043478261,4000.0,,645.6883955125777,False,0.0,2595.7353,True
31362,I66_WB,110-58633,945,PM,63.783478260869565,4000.0,,634.6388210377806,False,0.0,2595.7353,True
31362,I66_WB,110-58633,960,PM,63.42869565217391,4000.0,,639.6954782624047,False,0.0,2595.7353,True
31362,I66_WB,110-58633,975,PM,62.74782608695652,4000.0,,648.60310216787,False,0.0,2595.7353,True
31362,I66_WB,110-58633,990,PM,63.21173913043479,4000.0,,642.6432946874645,False,0.0,2595.7353,True
31362,I66_WB,110-58633,1005,PM,63.06652173913044,4000.0,,644.5580231587384,False,0.0,2595.7353,True
31362,I66_WB,110-58633,1020,PM,63.58130434782608,4000.0,,637.5572052888712,False,0.0,2595.7353,True
31362,I66_WB,110-58633,1035,PM,62.71347826086957,4000.0,,649.026587445929,False,0.0,2595.7353,True
31362,I66_WB,110-58633,1050,PM,63.2195652173913,4000.0,,642.5387949291089,False,0.0,2595.7353,True
31362,I66_WB,110-58633,1065,PM,61.919130434782616,4000.0,,658.1881285959116,False,0.0,2595.7353,True
31362,I66_WB,110-58633,1080,PM,62.00521739130434,4000.0,,657.2513158783288,False,0.0,2595.7353,True
31362,I66_WB,110-58633,1095,PM,60.89217391304348,4000.0,,668.4131054172138,False,0.0,2595.7353,True
31362,I66_WB,110-58633,1110,PM,62.81391304347826,4000.0,,647.7815722576855,False,0.0,2595.7353,True
31362,I66_WB,110-58633,1125,PM,61.13304347826087,4000.0,,666.1652000984361,False,0.0,2595.7353,True
31365,I66_WB,110-58632,900,PM,66.94,4000.0,,1224.2666712301982,False,0.0,4942.5766,True
31365,I66_WB,110-58632,915,PM,66.82478260869566,4000.0,,1230.4643951952273,False,0.0,4942.5766,True
31365,I66_WB,110-58632,930,PM,66.83,4000.0,,1230.1870638225298,False,0.0,4942.5766,True
31365,I66_WB,110-58632,945,PM,67.08608695652174,4000.0,,1216.1806804461116,False,0.0,4942.5766,True
31365,I66_WB,110-58632,960,PM,67.74913043478261,4000.0,,1175.8759347412101,False,0.0,4942.5766,True
31365,I66_WB,110-58632,975,PM,66.87782608695652,4000.0,,1227.630290950606,False,0.0,4942.5766,True
31365,I66_WB,110-58632,990,PM,66.29086956521739,4000.0,,1257.2973193651371,False,0.0,4942.5766,True
31365,I66_WB,110-58632,1005,PM,66.87391304347825,4000.0,,1227.840473983911,False,0.0,4942.5766,True
31365,I66_WB,110-58632,1020,PM,66.8913043478261,4000.0,,1226.904963392059,False,0.0,4942.5766,True
31365,I66_WB,110-58632,1035,PM,66.4108695652174,4000.0,,1251.521247568417,False,0.0,4942.5766,True
31365,I66_WB,110-58632,1050,PM,66.71478260869566,4000.0,,1236.240051251035,False,0.0,4942.5766,True
31365,I66_WB,110-58632,1065,PM,66.14826086956522,4000.0,,1263.9831064534426,False,0.0,4942.5766,True
31365,I66_WB,110-58632,1080,PM,66.45478260869565,4000.0,,1249.372102769758,False,0.0,4942.5766,True
31365,I66_WB,110-58632,1095,PM,65.79304347826087,4000.0,,1279.844652628497,False,0.0,4942.5766,True
31365,I66_WB,110-58632,1110,PM,66.74,4000.0,,1234.9279097129443,False,0.0,4942.5766,True
31365,I66_WB,110-58632,1125,PM,66.68521739130435,4000.0,,1237.769536488917,False,0.0,4942.5766,True
31368,I66_WB,110+04179,900,PM,53.69695652173913,8000.0,,4426.3154168066485,False,0.0,17982.9651,True
31368,I66_WB,110+04179,915,PM,52.2195652173913,8000.0,,4470.121683764516,False,0.0,17982.9651,True
31368,I66_WB,110+04179,930,PM,52.40260869565218,8000.0,,4465.456975981255,False,0.0,17982.9651,True
31368,I66_WB,110+04179,945,PM,52.08347826086957,8000.0,,4473.457467511951,False,0.0,17982.9651,True
31368,I66_WB,110+04179,960,PM,51.31173913043479,8000.0,,4490.3138373225165,False,0.0,17982.9651,True
31368,I66_WB,110+04179,975,PM,51.63130434782609,8000.0,,4483.751013918831,False,0.0,17982.9651,True
31368,I66_WB,110+04179,990,PM,51.040000000000006,8000.0,,4495.445311244446,False,0.0,17982.9651,True
31368,I66_WB,110+04179,1005,PM,51.48608695652174,8000.0,,4486.805040237125,False,0.0,17982.9651,True
31368,I66_WB,110+04179,1020,PM,50.13565217391304,8000.0,,4509.677584660281,False,0.0,17982.9651,True
31368,I66_WB,110+04179,1035,PM,47.68391304347826,8000.0,,4528.287056226868,False,0.0,17982.9651,True
31368,I66_WB,110+04179,1050,PM,48.436521739130434,8000.0,,4525.477324987356,False,0.0,17982.9651,True
31368,I66_WB,110+04179,1065,PM,48.4,8000.0,,4525.670572893023,False,0.0,17982.9651,True
31368,I66_WB,110+04179,1080,PM,47.14565217391304,8000.0,,4528.8269296103035,False,0.0,17982.9651,True
31368,I66_WB,110+04179,1095,PM,46.12260869565217,8000.0,,4526.638640695913,False,0.0,17982.9651,True
31368,I66_WB,110+04179,1110,PM,49.32434782608696,8000.0,,4518.923316390792,False,0.0,17982.9651,True
31368,I66_WB,110+04179,1125,PM,51.94695652173913,8000.0,,4476.692227748177,False,0.0,17982.9651,True
31369,I66_WB,110-58632,900,PM,66.94,4000.0,,1224.2666712301982,False,0.0,4942.5766,True
31369,I66_WB,110-58632,915,PM,66.82478260869566,4000.0,,1230.4643951952273,False,0.0,4942.5766,True
31369,I66_WB,110-58632,930,PM,66.83,4000.0,,1230.1870638225298,False,0.0,4942.5766,True
31369,I66_WB,110-58632,945,PM,67.08608695652174,4000.0,,1216.1806804461116,False,0.0,4942.5766,True
31369,I66_WB,110-58632,960,PM,67.74913043478261,4000.0,,1175.8759347412101,False,0.0,4942.5766,True
31369,I66_WB,110-58632,975,PM,66.87782608695652,4000.0,,1227.630290950606,False,0.0,4942.5766,True
31369,I66_WB,110-58632,990,PM,66.29086956521739,4000.0,,1257.2973193651371,False,0.0,4942.5766,True
31369,I66_WB,110-58632,1005,PM,66.87391304347825,4000.0,,1227.840473983911,False,0.0,4942.5766,True
31369,I66_WB,110-58632,1020,PM,66.8913043478261,4000.0,,1226.904963392059,False,0.0,4942.5766,True
31369,I66_WB,110-58632,1035,PM,66.4108695652174,4000.0,,1251.521247568417,False,0.0,4942.5766,True
31369,I66_WB,110-58632,1050,PM,66.71478260869566,4000.0,,1236.240051251035,False,0.0,4942.5766,True
31369,I66_WB,110-58632,1065,PM,66.14826086956522,4000.0,,1263.9831064534426,False,0.0,4942.5766,True
31369,I66_WB,110-58632,1080,PM,66.45478260869565,4000.0,,1249.372102769758,False,0.0,4942.5766,True
31369,I66_WB,110-58632,1095,PM,65.79304347826087,4000.0,,1279.844652628497,False,0.0,4942.5766,True
31369,I66_WB,110-58632,1110,PM,66.74,4000.0,,1234.9279097129443,False,0.0,4942.5766,True
31369,I66_WB,110-58632,1125,PM,66.68521739130435,4000.0,,1237.769536488917,False,0.0,4942.5766,True
31371,I66_EB,110-04178,900,PM,28.66260869565217,7549.378801371839,7518.645038980201,7518.645038980201,True,72.1924624312785,16393.8649,False
31371,I66_EB,110-04178,915,PM,32.83826086956522,7549.378801371839,7517.394592516746,7517.394592516746,True,56.11635474231331,16393.8649,False
31371,I66_EB,110-04178,930,PM,35.79347826086956,7549.378801371839,7526.081933656977,7526.081933656977,True,47.00552697786195,16393.8649,False
31371,I66_EB,110-04178,945,PM,38.57347826086957,7549.378801371839,7540.3254452538895,7540.3254452538895,True,39.70919568240606,16393.8649,False
31371,I66_EB,110-04178,960,PM,40.71782608695652,7549.378801371839,7555.7435101604915,7555.7435101604915,True,34.76182670479961,16393.8649,False
31371,I66_EB,110-04178,975,PM,39.55652173913043,7549.378801371839,7568.409152922517,7568.409152922517,True,37.37456449636909,16393.8649,False
31371,I66_EB,110-04178,990,PM,36.17434782608696,7549.378801371839,7576.213964856685,7576.213964856685,True,45.93960820427477,16393.8649,False
31371,I66_EB,110-04178,1005,PM,31.67478260869565,7549.378801371839,7577.504178972442,7577.504178972442,True,60.16973115785788,16393.8649,False
31371,I66_EB,110-04178,1020,PM,31.73,7549.378801371839,7570.626028279244,7570.626028279244,True,59.97064336835196,16393.8649,False
31371,I66_EB,110-04178,1035,PM,31.18478260869565,7549.378801371839,7555.38694250718,7555.38694250718,True,61.96732748017679,16393.8649,False
31371,I66_EB,110-04178,1050,PM,30.991739130434784,7549.378801371839,7537.439138268923,7537.439138268923,True,62.69112804903983,16393.8649,False
31371,I66_EB,110-04178,1065,PM,30.09695652173913,7549.378801371839,7523.896028897782,7523.896028897782,True,66.16730167668985,16393.8649,False
31371,I66_EB,110-04178,1080,PM,33.06826086956522,7549.378801371839,7521.871027727073,7521.871027727073,True,55.34883635775207,16393.8649,False
31371,I66_EB,110-04178,1095,PM,34.68260869565218,7549.378801371839,7526.023507462623,7526.023507462623,True,50.24817540024597,16393.8649,False
31371,I66_EB,110-04178,1110,PM,36.633478260869566,7549.378801371839,7481.196678300364,7481.196678300364,True,44.68412857384699,16393.8649,False
31371,I66_EB,110-04178,1125,PM,44.832608695652176,7549.378801371839,7319.779709808743,7319.779709808743,True,26.59373213991021,16393.8649,False
31372,I66_WB,110+04179,900,PM,53.69695652173913,7600.0,,4426.315416806648,False,0.0,17982.9651,True
31372,I66_WB,110+04179,915,PM,52.2195652173913,7600.0,,4470.121683764517,False,0.0,17982.9651,True
31372,I66_WB,110+04179,930,PM,52.40260869565218,7600.0,,4465.456975981256,False,0.0,17982.9651,True
31372,I66_WB,110+04179,945,PM,52.08347826086957,7600.0,,4473.457467511951,False,0.0,17982.9651,True
31372,I66_WB,110+04179,960,PM,51.31173913043479,7600.0,,4490.313837322517,False,0.0,17982.9651,True
31372,I66_WB,110+04179,975,PM,51.63130434782609,7600.0,,4483.751013918831,False,0.0,17982.9651,True
31372,I66_WB,110+04179,990,PM,51.040000000000006,7600.0,,4495.445311244446,False,0.0,17982.9651,True
31372,I66_WB,110+04179,1005,PM,51.48608695652174,7600.0,,4486.805040237125,False,0.0,17982.9651,True
31372,I66_WB,110+04179,1020,PM,50.13565217391304,7600.0,,4509.677584660281,False,0.0,17982.9651,True
31372,I66_WB,110+04179,1035,PM,47.68391304347826,7600.0,,4528.287056226868,False,0.0,17982.9651,True
31372,I66_WB,110+04179,1050,PM,48.436521739130434,7600.0,,4525.477324987356,False,0.0,17982.9651,True
31372,I66_WB,110+04179,1065,PM,48.4,7600.0,,4525.670572893023,False,0.0,17982.9651,True
31372,I66_WB,110+04179,1080,PM,47.14565217391304,7600.0,,4528.826929610303,False,0.0,17982.9651,True
31372,I66_WB,110+04179,1095,PM,46.12260869565217,7600.0,,4526.638640695915,False,0.0,17982.9651,True
31372,I66_WB,110+04179,1110,PM,49.32434782608696,7600.0,,4518.923316390793,False,0.0,17982.9651,True
31372,I66_WB,110+04179,1125,PM,51.94695652173913,7600.0,,4476.692227748177,False,0.0,17982.9651,True
31373,I66_WB,110-58632,900,PM,66.94,4000.0,,1224.2666712301982,False,0.0,4942.5766,True
31373,I66_WB,110-58632,915,PM,66.82478260869566,4000.0,,1230.4643951952273,False,0.0,4942.5766,True
31373,I66_WB,110-58632,930,PM,66.83,4000.0,,1230.1870638225298,False,0.0,4942.5766,True
31373,I66_WB,110-58632,945,PM,67.08608695652174,4000.0,,1216.1806804461116,False,0.0,4942.5766,True
31373,I66_WB,110-58632,960,PM,67.74913043478261,4000.0,,1175.8759347412101,False,0.0,4942.5766,True
31373,I66_WB,110-58632,975,PM,66.87782608695652,4000.0,,1227.630290950606,False,0.0,4942.5766,True
31373,I66_WB,110-58632,990,PM,66.29086956521739,4000.0,,1257.2973193651371,False,0.0,4942.5766,True
31373,I66_WB,110-58632,1005,PM,66.87391304347825,4000.0,,1227.840473983911,False,0.0,4942.5766,True
31373,I66_WB,110-58632,1020,PM,66.8913043478261,4000.0,,1226.904963392059,False,0.0,4942.5766,True
31373,I66_WB,110-58632,1035,PM,66.4108695652174,4000.0,,1251.521247568417,False,0.0,4942.5766,True
31373,I66_WB,110-58632,1050,PM,66.71478260869566,4000.0,,1236.240051251035,False,0.0,4942.5766,True
31373,I66_WB,110-58632,1065,PM,66.14826086956522,4000.0,,1263.9831064534426,False,0.0,4942.5766,True
31373,I66_WB,110-58632,1080,PM,66.45478260869565,4000.0,,1249.372102769758,False,0.0,4942.5766,True
31373,I66_WB,110-58632,1095,PM,65.79304347826087,4000.0,,1279.844652628497,False,0.0,4942.5766,True
31373,I66_WB,110-58632,1110,PM,66.74,4000.0,,1234.9279097129443,False,0.0,4942.5766,True
31373,I66_WB,110-58632,1125,PM,66.68521739130435,4000.0,,1237.769536488917,False,0.0,4942.5766,True
31375,I66_EB,110+58633,900,PM,56.38826086956522,8000.0,,4245.985627401842,False,0.0,16393.8649,True
31375,I66_EB,110+58633,915,PM,59.87217391304348,8000.0,,4114.842958621974,False,0.0,16393.8649,True
31375,I66_EB,110+58633,930,PM,61.16130434782609,8000.0,,4042.734028383057,False,0.0,16393.8649,True
31375,I66_EB,110+58633,945,PM,61.08434782608696,8000.0,,4047.4777569097673,False,0.0,16393.8649,True
31375,I66_EB,110+58633,960,PM,61.49652173913044,8000.0,,4021.36396626319,False,0.0,16393.8649,True
31375,I66_EB,110+58633,975,PM,62.41217391304348,8000.0,,3956.6776559399336,False,0.0,16393.8649,True
31375,I66_EB,110+58633,990,PM,60.8408695652174,8000.0,,4062.1007900670857,False,0.0,16393.8649,True
31375,I66_EB,110+58633,1005,PM,60.47217391304348,8000.0,,4083.168169877684,False,0.0,16393.8649,True
31375,I66_EB,110+58633,1020,PM,58.70086956521739,8000.0,,4168.242055711412,False,0.0,16393.8649,True
31375,I66_EB,110+58633,1035,PM,58.06130434782608,8000.0,,4193.159387687449,False,0.0,16393.8649,True
31375,I66_EB,110+58633,1050,PM,59.59260869565217,8000.0,,4128.561637497555,False,0.0,16393.8649,True
31375,I66_EB,110+58633,1065,PM,57.24739130434783,8000.0,,4220.97322286366,False,0.0,16393.8649,True
31375,I66_EB,110+58633,1080,PM,59.32478260869566,8000.0,,4141.116170988771,False,0.0,16393.8649,True
31375,I66_EB,110+58633,1095,PM,60.34173913043479,8000.0,,4090.3222872532733,False,0.0,16393.8649,True
31375,I66_EB,110+58633,1110,PM,59.73521739130435,8000.0,,4121.643418575437,False,0.0,16393.8649,True
31375,I66_EB,110+58633,1125,PM,62.66434782608695,8000.0,,3937.0904659579087,False,0.0,16393.8649,True
31376,I66_WB,110-58631,900,PM,68.57304347826087,4000.0,,1212.6315227433777,False,0.0,4829.4281,True
31376,I66_WB,110-58631,915,PM,68.5091304347826,4000.0,,1217.67910547716,False,0.0,4829.4281,True
31376,I66_WB,110-58631,930,PM,69.02130434782609,4000.0,,1174.5192975194154,False,0.0,4829.4281,True
31376,I66_WB,110-58631,945,PM,68.59,4000.0,,1211.2773827563803,False,0.0,4829.4281,True
31376,I66_WB,110-58631,960,PM,68.97347826086956,4000.0,,1178.8313515551374,False,0.0,4829.4281,True
31376,I66_WB,110-58631,975,PM,69.03086956521739,4000.0,,1173.6492189666742,False,0.0,4829.4281,True
31376,I66_WB,110-58631,990,PM,67.93782608695652,4000.0,,1259.219981570563,False,0.0,4829.4281,True
31376,I66_WB,110-58631,1005,PM,68.64652173913043,4000.0,,1206.7171269166608,False,0.0,4829.4281,True
31376,I66_WB,110-58631,1020,PM,68.71043478260869,4000.0,,1201.4723616528545,False,0.0,4829.4281,True
31376,I66_WB,110-58631,1035,PM,68.20608695652174,4000.0,,1240.4703528504758,False,0.0,4829.4281,True
31376,I66_WB,110-58631,1050,PM,68.0491304347826,4000.0,,1251.5920061882896,False,0.0,4829.4281,True
31376,I66_WB,110-58631,1065,PM,68.56695652173913,4000.0,,1213.1160764828783,False,0.0,4829.4281,True
31376,I66_WB,110-58631,1080,PM,68.6413043478261,4000.0,,1207.141102966365,False,0.0,4829.4281,True
31376,I66_WB,110-58631,1095,PM,68.79913043478261,4000.0,,1194.0330647296098,False,0.0,4829.4281,True
31376,I66_WB,110-58631,1110,PM,69.00391304347826,4000.0,,1176.0946713967746,False,0.0,4829.4281,True
31376,I66_WB,110-58631,1125,PM,68.73695652173913,4000.0,,1199.2677762273825,False,0.0,4829.4281,True
31379,I66_WB,110N58631,900,PM,68.30782608695652,4000.0,,1126.353974899911,False,0.0,4829.4281,True
31379,I66_WB,110N58631,915,PM,67.57391304347826,4000.0,,1176.7074263327324,False,0.0,4829.4281,True
31379,I66_WB,110N58631,930,PM,67.51608695652173,4000.0,,1180.2924507598864,False,0.0,4829.4281,True
31379,I66_WB,110N58631,945,PM,66.56478260869565,4000.0,,1232.9599753778145,False,0.0,4829.4281,True
31379,I66_WB,110N58631,960,PM,67.58217391304348,4000.0,,1176.1911943473378,False,0.0,4829.4281,True
31379,I66_WB,110N58631,975,PM,66.72739130434783,4000.0,,1224.7152520875636,False,0.0,4829.4281,True
31379,I66_WB,110N58631,990,PM,65.42478260869565,4000.0,,1283.7977923011392,False,0.0,4829.4281,True
31379,I66_WB,110N58631,1005,PM,66.4104347826087,4000.0,,1240.5324442087222,False,0.0,4829.4281,True
31379,I66_WB,110N58631,1020,PM,66.95652173913044,4000.0,,1212.6030515415346,False,0.0,4829.4281,True
31379,I66_WB,110N58631,1035,PM,66.2291304347826,4000.0,,1249.1288476208035,False,0.0,4829.4281,True
31379,I66_WB,110N58631,1050,PM,66.6704347826087,4000.0,,1227.6351901265848,False,0.0,4829.4281,True
31379,I66_WB,110N58631,1065,PM,67.47260869565217,4000.0,,1182.9554917362248,False,0.0,4829.4281,True
31379,I66_WB,110N58631,1080,PM,67.0104347826087,4000.0,,1209.664549193766,False,0.0,4829.4281,True
31379,I66_WB,110N58631,1095,PM,66.95695652173913,4000.0,,1212.579492619735,False,0.0,4829.4281,True
31379,I66_WB,110N58631,1110,PM,67.5208695652174,4000.0,,1179.9978273778306,False,0.0,4829.4281,True
31379,I66_WB,110N58631,1125,PM,67.15521739130435,4000.0,,1201.5974394684126,False,0.0,4829.4281,True
31381,I66_WB,110P04180,900,PM,59.12086956521739,7600.0,,4146.77978644202,False,0.0,16882.902,True
31381,I66_WB,110P04180,915,PM,58.5704347826087,7600.0,,4187.421985059352,False,0.0,16882.902,True
31381,I66_WB,110P04180,930,PM,59.26478260869565,7600.0,,4135.507785577526,False,0.0,16882.902,True
31381,I66_WB,110P04180,945,PM,57.5995652173913,7600.0,,4250.429857166816,False,0.0,16882.902,True
31381,I66_WB,110P04180,960,PM,57.7,7600.0,,4244.38626525426,False,0.0,16882.902,True
31381,I66_WB,110P04180,975,PM,55.66130434782609,7600.0,,4348.493653926948,False,0.0,16882.902,True
31381,I66_WB,110P04180,990,PM,55.98869565217392,7600.0,,4334.217128049676,False,0.0,16882.902,True
31381,I66_WB,110P04180,1005,PM,57.24956521739131,7600.0,,4270.6927298499795,False,0.0,16882.902,True
31381,I66_WB,110P04180,1020,PM,56.11304347826086,7600.0,,4328.5670686173835,False,0.0,16882.902,True
31381,I66_WB,110P04180,1035,PM,56.47347826086957,7600.0,,4311.456362761367,False,0.0,16882.902,True
31381,I66_WB,110P04180,1050,PM,57.170869565217394,7600.0,,4275.082413692151,False,0.0,16882.902,True
31381,I66_WB,110P04180,1065,PM,58.04739130434782,7600.0,,4222.661626620055,False,0.0,16882.902,True
31381,I66_WB,110P04180,1080,PM,59.32695652173913,7600.0,,4130.551280461297,False,0.0,16882.902,True
31381,I66_WB,110P04180,1095,PM,58.57000000000001,7600.0,,4187.452602736129,False,0.0,16882.902,True
31381,I66_WB,110P04180,1110,PM,59.99217391304347,7600.0,,4074.054875091705,False,0.0,16882.902,True
31381,I66_WB,110P04180,1125,PM,59.882173913043474,7600.0,,4083.8525786933296,False,0.0,16882.902,True
31382,I66_EB,110+58632,900,PM,62.259565217391305,7600.0,,3736.615146866921,False,0.0,13605.367,True
31382,I66_EB,110+58632,915,PM,64.37086956521739,7600.0,,3600.7585464549475,False,0.0,13605.367,True
31382,I66_EB,110+58632,930,PM,66.50565217391305,7600.0,,3405.4775621255553,False,0.0,13605.367,True
31382,I66_EB,110+58632,945,PM,67.67652173913044,7600.0,,3261.1482176877016,False,0.0,13605.367,True
31382,I66_EB,110+58632,960,PM,67.49260869565217,7600.0,,3286.120168792415,False,0.0,13605.367,True
31382,I66_EB,110+58632,975,PM,68.61,7600.0,,3117.6015503322924,False,0.0,13605.367,True
31382,I66_EB,110+58632,990,PM,68.51304347826087,7600.0,,3133.9955930942897,False,0.0,13605.367,True
31382,I66_EB,110+58632,1005,PM,68.65782608695652,7600.0,,3109.3705260828456,False,0.0,13605.367,True
31382,I66_EB,110+58632,1020,PM,64.01478260869565,7600.0,,3627.0220204134175,False,0.0,13605.367,True
31382,I66_EB,110+58632,1035,PM,64.30608695652174,7600.0,,3605.6508344203344,False,0.0,13605.367,True
31382,I66_EB,110+58632,1050,PM,62.60260869565217,7600.0,,3717.5383505190666,False,0.0,13605.367,True
31382,I66_EB,110+58632,1065,PM,64.00173913043479,7600.0,,3627.955480141107,False,0.0,13605.367,True
31382,I66_EB,110+58632,1080,PM,66.62304347826087,7600.0,,3392.4422593915533,False,0.0,13605.367,True
31382,I66_EB,110+58632,1095,PM,67.24130434782609,7600.0,,3318.7484153872924,False,0.0,13605.367,True
31382,I66_EB,110+58632,1110,PM,67.12739130434782,7600.0,,3333.0029119831383,False,0.0,13605.367,True
31382,I66_EB,110+58632,1125,PM,68.42826086956521,7600.0,,3148.0204163071235,False,0.0,13605.367,True
31383,I66_WB,110-58630,900,PM,69.29086956521739,4000.0,,1559.584015885663,False,0.0,6712.9062,True
31383,I66_WB,110-58630,915,PM,68.14521739130434,4000.0,,1664.8983794432556,False,0.0,6712.9062,True
31383,I66_WB,110-58630,930,PM,67.86565217391305,4000.0,,1686.5133560688303,False,0.0,6712.9062,True
31383,I66_WB,110-58630,945,PM,66.7108695652174,4000.0,,1763.5311291065732,False,0.0,6712.9062,True
31383,I66_WB,110-58630,960,PM,68.08347826086957,4000.0,,1669.7879967608428,False,0.0,6712.9062,True
31383,I66_WB,110-58630,975,PM,67.03173913043479,4000.0,,1743.8808022681173,False,0.0,6712.9062,True
31383,I66_WB,110-58630,990,PM,66.74260869565217,4000.0,,1761.640770039664,False,0.0,6712.9062,True
31383,I66_WB,110-58630,1005,PM,67.40260869565218,4000.0,,1719.5738241229344,False,0.0,6712.9062,True
31383,I66_WB,110-58630,1020,PM,67.68086956521739,4000.0,,1700.0941647121954,False,0.0,6712.9062,True
31383,I66_WB,110-58630,1035,PM,66.40652173913043,4000.0,,1781.097285653493,False,0.0,6712.9062,True
31383,I66_WB,110-58630,1050,PM,67.49869565217391,4000.0,,1712.9738097457514,False,0.0,6712.9062,True
31383,I66_WB,110-58630,1065,PM,68.81260869565217,4000.0,,1607.2760785041778,False,0.0,6712.9062,True
31383,I66_WB,110-58630,1080,PM,68.13347826086957,4000.0,,1665.8333372950617,False,0.0,6712.9062,True
31383,I66_WB,110-58630,1095,PM,68.41217391304347,4000.0,,1642.943247191976,False,0.0,6712.9062,True
31383,I66_WB,110-58630,1110,PM,69.1491304347826,4000.0,,1574.3654873672892,False,0.0,6712.9062,True
31383,I66_WB,110-58630,1125,PM,68.91434782608695,4000.0,,1597.631115834178,False,0.0,6712.9062,True
31386,I66_WB,110-58629,900,PM,66.60913043478261,4000.0,,1375.981085950133,False,0.0,5851.8703,True
31386,I66_WB,110-58629,915,PM,65.26347826086956,4000.0,,1444.4396871444246,False,0.0,5851.8703,True
31386,I66_WB,110-58629,930,PM,64.17304347826087,4000.0,,1488.5751858000522,False,0.0,5851.8703,True
31386,I66_WB,110-58629,945,PM,64.69608695652174,4000.0,,1468.4674069975235,False,0.0,5851.8703,True
31386,I66_WB,110-58629,960,PM,63.84173913043478,4000.0,,1500.4056635754653,False,0.0,5851.8703,True
31386,I66_WB,110-58629,975,PM,64.71173913043478,4000.0,,1467.8368385068902,False,0.0,5851.8703,True
31386,I66_WB,110-58629,990,PM,63.24086956521739,4000.0,,1520.2482770516792,False,0.0,5851.8703,True
31386,I66_WB,110-58629,1005,PM,63.86347826086957,4000.0,,1499.649627107186,False,0.0,5851.8703,True
31386,I66_WB,110-58629,1020,PM,64.45652173913044,4000.0,,1477.9048613283917,False,0.0,5851.8703,True
31386,I66_WB,110-58629,1035,PM,65.00391304347826,4000.0,,1455.7375471163007,False,0.0,5851.8703,True
31386,I66_WB,110-58629,1050,PM,64.65695652173913,4000.0,,1470.0362139507213,False,0.0,5851.8703,True
31386,I66_WB,110-58629,1065,PM,65.37391304347825,4000.0,,1439.4671255262294,False,0.0,5851.8703,True
31386,I66_WB,110-58629,1080,PM,64.25782608695653,4000.0,,1485.4384954301813,False,0.0,5851.8703,True
31386,I66_WB,110-58629,1095,PM,64.34608695652175,4000.0,,1482.124045795826,False,0.0,5851.8703,True
31386,I66_WB,110-58629,1110,PM,65.41304347826087,4000.0,,1437.6805788903525,False,0.0,5851.8703,True
31386,I66_WB,110-58629,1125,PM,66.29782608695652,4000.0,,1393.488559828641,False,0.0,5851.8703,True
31388,I66_WB,110P04182,900,PM,34.37869565217392,7904.826312968703,7978.40925654225,7978.40925654225,True,37.82930196151677,18221.3593,False
31388,I66_WB,110P04182,915,PM,28.26260869565217,7904.826312968703,7939.728432866856,7939.728432866856,True,54.24949590395761,18221.3593,False
31388,I66_WB,110P04182,930,PM,26.574782608695653,7904.826312968703,7920.856687188561,7920.856687188561,True,60.11157940979805,18221.3593,False
31388,I66_WB,110P04182,945,PM,24.818695652173915,7904.826312968703,7914.803914105694,7914.803914105694,True,67.05708099941887,18221.3593,False
31388,I66_WB,110P04182,960,PM,23.99826086956521,7904.826312968703,7914.580008216588,7914.580008216588,True,70.65036557034587,18221.3593,False
31388,I66_WB,110P04182,975,PM,23.85565217391304,7904.826312968703,7914.296321569107,7914.296321569107,True,71.30016782753755,18221.3593,False
31388,I66_WB,110P04182,990,PM,22.58869565217391,7904.826312968703,7912.470036009268,7912.470036009268,True,77.43334534881656,18221.3593,False
31388,I66_WB,110P04182,1005,PM,23.20478260869565,7904.826312968703,7908.719790832616,7908.719790832616,True,74.36729256012532,18221.3593,False
31388,I66_WB,110P04182,1020,PM,22.958260869565216,7904.826312968703,7902.664225334704,7902.664225334704,True,75.57439743601684,18221.3593,False
31388,I66_WB,110P04182,1035,PM,22.964782608695653,7904.826312968703,7894.251602088503,7894.251602088503,True,75.54212970932035,18221.3593,False
31388,I66_WB,110P04182,1050,PM,23.34217391304348,7904.826312968703,7884.74867677672,7884.74867677672,True,73.70561453167059,18221.3593,False
31388,I66_WB,110P04182,1065,PM,23.62260869565217,7904.826312968703,7875.751828359476,7875.751828359476,True,72.37892594205336,18221.3593,False
31388,I66_WB,110P04182,1080,PM,26.36869565217392,7904.826312968703,7868.857435796906,7868.857435796906,True,60.87876141806236,18221.3593,False
31388,I66_WB,110P04182,1095,PM,29.26217391304348,7904.826312968703,7864.709495664678,7864.709495664678,True,51.09668027782192,18221.3593,False
31388,I66_WB,110P04182,1110,PM,32.18434782608696,7904.826312968703,7860.142475000652,7860.142475000652,True,43.002720703779175,18221.3593,False
31388,I66_WB,110P04182,1125,PM,37.57521739130435,7904.826312968703,7851.038458458226,7851.038458458226,True,31.37434966595801,18221.3593,False
31392,I66_EB,110+58630,900,PM,68.49695652173914,10000.0,,4395.35712732498,False,0.0,16916.3939,True
31392,I66_EB,110+58630,915,PM,68.92652173913044,10000.0,,4225.400819873724,False,0.0,16916.3939,True
31392,I66_EB,110+58630,930,PM,68.95782608695652,10000.0,,4211.948477039558,False,0.0,16916.3939,True
31392,I66_EB,110+58630,945,PM,68.84608695652175,10000.0,,4259.245188376793,False,0.0,16916.3939,True
31392,I66_EB,110+58630,960,PM,69.24173913043478,10000.0,,4081.9780905691696,False,0.0,16916.3939,True
31392,I66_EB,110+58630,975,PM,69.09130434782608,10000.0,,4152.711150998689,False,0.0,16916.3939,True
31392,I66_EB,110+58630,990,PM,68.68608695652173,10000.0,,4323.679860010802,False,0.0,16916.3939,True
31392,I66_EB,110+58630,1005,PM,69.26608695652173,10000.0,,4070.0991218430213,False,0.0,16916.3939,True
31392,I66_EB,110+58630,1020,PM,68.86826086956522,10000.0,,4250.016416622115,False,0.0,16916.3939,True
31392,I66_EB,110+58630,1035,PM,69.09652173913044,10000.0,,4150.331080489575,False,0.0,16916.3939,True
31392,I66_EB,110+58630,1050,PM,68.87217391304348,10000.0,,4248.379912736599,False,0.0,16916.3939,True
31392,I66_EB,110+58630,1065,PM,68.72521739130435,10000.0,,4308.2597419533295,False,0.0,16916.3939,True
31392,I66_EB,110+58630,1080,PM,69.02956521739131,10000.0,,4180.499239206989,False,0.0,16916.3939,True
31392,I66_EB,110+58630,1095,PM,69.16565217391305,10000.0,,4118.309873062921,False,0.0,16916.3939,True
31392,I66_EB,110+58630,1110,PM,68.97130434782608,10000.0,,4206.106553478892,False,0.0,16916.3939,True
31392,I66_EB,110+58630,1125,PM,68.24782608695652,10000.0,,4483.252946412833,False,0.0,16916.3939,True
31393,I66_EB,110+58631,900,PM,69.83608695652174,7600.0,,3298.2571182819274,False,0.0,12995.1233,True
31393,I66_EB,110+58631,915,PM,68.97260869565217,7600.0,,3514.3558097469245,False,0.0,12995.1233,True
31393,I66_EB,110+58631,930,PM,69.32260869565218,7600.0,,3433.3497330111873,False,0.0,12995.1233,True
31393,I66_EB,110+58631,945,PM,69.78956521739131,7600.0,,3311.425308387201,False,0.0,12995.1233,True
31393,I66_EB,110+58631,960,PM,70.2704347826087,7600.0,,3164.3545390663253,False,0.0,12995.1233,True
31393,I66_EB,110+58631,975,PM,70.57043478260869,7600.0,,3057.817655027239,False,0.0,12995.1233,True
31393,I66_EB,110+58631,990,PM,70.53565217391304,7600.0,,3070.875339447768,False,0.0,12995.1233,True
31393,I66_EB,110+58631,1005,PM,70.53956521739131,7600.0,,3069.416323652583,False,0.0,12995.1233,True
31393,I66_EB,110+58631,1020,PM,69.88304347826087,7600.0,,3284.7555815014834,False,0.0,12995.1233,True
31393,I66_EB,110+58631,1035,PM,69.77956521739131,7600.0,,3314.229377358752,False,0.0,12995.1233,True
31393,I66_EB,110+58631,1050,PM,69.88130434782609,7600.0,,3285.2594817928593,False,0.0,12995.1233,True
31393,I66_EB,110+58631,1065,PM,69.0313043478261,7600.0,,3501.311018432088,False,0.0,12995.1233,True
31393,I66_EB,110+58631,1080,PM,70.81869565217391,7600.0,,2958.2765588608745,False,0.0,12995.1233,True
31393,I66_EB,110+58631,1095,PM,70.1404347826087,7600.0,,3206.682955635581,False,0.0,12995.1233,True
31393,I66_EB,110+58631,1110,PM,69.90304347826087,7600.0,,3278.93916239548,False,0.0,12995.1233,True
31393,I66_EB,110+58631,1125,PM,70.06217391304348,7600.0,,3231.1872374017244,False,0.0,12995.1233,True
31395,I66_EB,110-04180,900,PM,60.2295652173913,7600.0,,3563.213854016404,False,0.0,13605.367,True
31395,I66_EB,110-04180,915,PM,58.57652173913044,7600.0,,3677.2960673590646,False,0.0,13605.367,True
31395,I66_EB,110-04180,930,PM,60.73260869565217,7600.0,,3521.5061913520103,False,0.0,13605.367,True
31395,I66_EB,110-04180,945,PM,63.9595652173913,7600.0,,3132.945652200426,False,0.0,13605.367,True
31395,I66_EB,110-04180,960,PM,64.37,7600.0,,3060.557995440089,False,0.0,13605.367,True
31395,I66_EB,110-04180,975,PM,64.55739130434782,7600.0,,3024.806013177722,False,0.0,13605.367,True
31395,I66_EB,110-04180,990,PM,64.17739130434782,7600.0,,3095.481496477424,False,0.0,13605.367,True
31395,I66_EB,110-04180,1005,PM,63.55130434782609,7600.0,,3197.9961851754733,False,0.0,13605.367,True
31395,I66_EB,110-04180,1020,PM,61.32217391304348,7600.0,,3467.608567781118,False,0.0,13605.367,True
31395,I66_EB,110-04180,1035,PM,59.52173913043478,7600.0,,3616.038827839166,False,0.0,13605.367,True
31395,I66_EB,110-04180,1050,PM,56.06739130434782,7600.0,,3799.032936355027,False,0.0,13605.367,True
31395,I66_EB,110-04180,1065,PM,57.76521739130435,7600.0,,3722.561919876781,False,0.0,13605.367,True
31395,I66_EB,110-04180,1080,PM,60.69695652173913,7600.0,,3524.5858109465935,False,0.0,13605.367,True
31395,I66_EB,110-04180,1095,PM,62.44434782608696,7600.0,,3347.073550909052,False,0.0,13605.367,True
31395,I66_EB,110-04180,1110,PM,62.48782608695653,7600.0,,3341.8507868209845,False,0.0,13605.367,True
31395,I66_EB,110-04180,1125,PM,62.59391304347827,7600.0,,3328.9121442726664,False,0.0,13605.367,True
31397,I66_WB,110-58630,900,PM,69.29086956521739,4000.0,,1559.584015885663,False,0.0,6712.9062,True
31397,I66_WB,110-58630,915,PM,68.14521739130434,4000.0,,1664.8983794432556,False,0.0,6712.9062,True
31397,I66_WB,110-58630,930,PM,67.86565217391305,4000.0,,1686.5133560688303,False,0.0,6712.9062,True
31397,I66_WB,110-58630,945,PM,66.7108695652174,4000.0,,1763.5311291065732,False,0.0,6712.9062,True
31397,I66_WB,110-58630,960,PM,68.08347826086957,4000.0,,1669.7879967608428,False,0.0,6712.9062,True
31397,I66_WB,110-58630,975,PM,67.03173913043479,4000.0,,1743.8808022681173,False,0.0,6712.9062,True
31397,I66_WB,110-58630,990,PM,66.74260869565217,4000.0,,1761.640770039664,False,0.0,6712.9062,True
31397,I66_WB,110-58630,1005,PM,67.40260869565218,4000.0,,1719.5738241229344,False,0.0,6712.9062,True
31397,I66_WB,110-58630,1020,PM,67.68086956521739,4000.0,,1700.0941647121954,False,0.0,6712.9062,True
31397,I66_WB,110-58630,1035,PM,66.40652173913043,4000.0,,1781.097285653493,False,0.0,6712.9062,True
31397,I66_WB,110-58630,1050,PM,67.49869565217391,4000.0,,1712.9738097457514,False,0.0,6712.9062,True
31397,I66_WB,110-58630,1065,PM,68.81260869565217,4000.0,,1607.2760785041778,False,0.0,6712.9062,True
31397,I66_WB,110-58630,1080,PM,68.13347826086957,4000.0,,1665.8333372950617,False,0.0,6712.9062,True
31397,I66_WB,110-58630,1095,PM,68.41217391304347,4000.0,,1642.943247191976,False,0.0,6712.9062,True
31397,I66_WB,110-58630,1110,PM,69.1491304347826,4000.0,,1574.3654873672892,False,0.0,6712.9062,True
31397,I66_WB,110-58630,1125,PM,68.91434782608695,4000.0,,1597.631115834178,False,0.0,6712.9062,True
31398,I66_WB,110+04181,900,PM,59.49652173913044,7600.0,,4123.848356936263,False,0.0,16882.902,True
31398,I66_WB,110+04181,915,PM,57.546956521739126,7600.0,,4235.73717210655,False,0.0,16882.902,True
31398,I66_WB,110+04181,930,PM,56.34,7600.0,,4288.296894434314,False,0.0,16882.902,True
31398,I66_WB,110+04181,945,PM,53.953478260869566,7600.0,,4362.451989033029,False,0.0,16882.902,True
31398,I66_WB,110+04181,960,PM,56.20173913043479,7600.0,,4293.615542181109,False,0.0,16882.902,True
31398,I66_WB,110+04181,975,PM,53.97347826086957,7600.0,,4361.9743908717965,False,0.0,16882.902,True
31398,I66_WB,110+04181,990,PM,54.9204347826087,7600.0,,4336.714960553722,False,0.0,16882.902,True
31398,I66_WB,110+04181,1005,PM,55.69869565217391,7600.0,,4311.8366735158,False,0.0,16882.902,True
31398,I66_WB,110+04181,1020,PM,55.5508695652174,7600.0,,4316.864206669456,False,0.0,16882.902,True
31398,I66_WB,110+04181,1035,PM,54.90869565217392,7600.0,,4337.060847561357,False,0.0,16882.902,True
31398,I66_WB,110+04181,1050,PM,55.60434782608696,7600.0,,4315.062186602658,False,0.0,16882.902,True
31398,I66_WB,110+04181,1065,PM,59.6504347826087,7600.0,,4113.348922612039,False,0.0,16882.902,True
31398,I66_WB,110+04181,1080,PM,59.53130434782609,7600.0,,4121.49924050807,False,0.0,16882.902,True
31398,I66_WB,110+04181,1095,PM,60.08304347826088,7600.0,,4082.3435273010623,False,0.0,16882.902,True
31398,I66_WB,110+04181,1110,PM,62.21869565217391,7600.0,,3890.7263814125936,False,0.0,16882.902,True
31398,I66_WB,110+04181,1125,PM,60.62434782608696,7600.0,,4040.2267077001707,False,0.0,16882.902,True
31399,I66_EB,110N04182,900,PM,60.3704347826087,4000.0,,2731.966671032641,False,0.0,10541.0336,True
31399,I66_EB,110N04182,915,PM,60.69217391304348,4000.0,,2703.965810132651,False,0.0,10541.0336,True
31399,I66_EB,110N04182,930,PM,60.7804347826087,4000.0,,2695.9690244226767,False,0.0,10541.0336,True
31399,I66_EB,110N04182,945,PM,61.9795652173913,4000.0,,2571.436249142382,False,0.0,10541.0336,True
31399,I66_EB,110N04182,960,PM,61.84913043478261,4000.0,,2586.6073821165105,False,0.0,10541.0336,True
31399,I66_EB,110N04182,975,PM,60.88695652173914,4000.0,,2686.1277786607375,False,0.0,10541.0336,True
31399,I66_EB,110N04182,990,PM,61.81478260869565,4000.0,,2590.5284276927455,False,0.0,10541.0336,True
31399,I66_EB,110N04182,1005,PM,61.4495652173913,4000.0,,2630.428014858864,False,0.0,10541.0336,True
31399,I66_EB,110N04182,1020,PM,61.76,4000.0,,2596.720069615735,False,0.0,10541.0336,True
31399,I66_EB,110N04182,1035,PM,61.23478260869565,4000.0,,2652.465749958768,False,0.0,10541.0336,True
31399,I66_EB,110N04182,1050,PM,61.380434782608695,4000.0,,2637.630951738402,False,0.0,10541.0336,True
31399,I66_EB,110N04182,1065,PM,61.95695652173913,4000.0,,2574.098352187564,False,0.0,10541.0336,True
31399,I66_EB,110N04182,1080,PM,62.39217391304348,4000.0,,2520.2912552132707,False,0.0,10541.0336,True
31399,I66_EB,110N04182,1095,PM,61.68478260869565,4000.0,,2605.099185189959,False,0.0,10541.0336,True
31399,I66_EB,110N04182,1110,PM,61.16391304347826,4000.0,,2659.521578775174,False,0.0,10541.0336,True
31399,I66_EB,110N04182,1125,PM,60.49565217391305,4000.0,,2721.2778992619196,False,0.0,10541.0336,True
31403,I66_EB,110N04182,900,PM,60.3704347826087,4000.0,,1349.0287904039437,False,0.0,5205.0993,True
31403,I66_EB,110N04182,915,PM,60.69217391304348,4000.0,,1335.202132886228,False,0.0,5205.0993,True
31403,I66_EB,110N04182,930,PM,60.7804347826087,4000.0,,1331.2533679661317,False,0.0,5205.0993,True
31403,I66_EB,110N04182,945,PM,61.9795652173913,4000.0,,1269.759828903841,False,0.0,5205.0993,True
31403,I66_EB,110N04182,960,PM,61.84913043478261,4000.0,,1277.2512435620622,False,0.0,5205.0993,True
31403,I66_EB,110N04182,975,PM,60.88695652173914,4000.0,,1326.3938197120972,False,0.0,5205.0993,True
31403,I66_EB,110N04182,990,PM,61.81478260869565,4000.0,,1279.1874323988122,False,0.0,5205.0993,True
31403,I66_EB,110N04182,1005,PM,61.4495652173913,4000.0,,1298.8896097288086,False,0.0,5205.0993,True
31403,I66_EB,110N04182,1020,PM,61.76,4000.0,,1282.2448281212967,False,0.0,5205.0993,True
31403,I66_EB,110N04182,1035,PM,61.23478260869565,4000.0,,1309.7717114177833,False,0.0,5205.0993,True
31403,I66_EB,110N04182,1050,PM,61.380434782608695,4000.0,,1302.4463768478918,False,0.0,5205.0993,True
31403,I66_EB,110N04182,1065,PM,61.95695652173913,4000.0,,1271.0743594539572,False,0.0,5205.0993,True
31403,I66_EB,110N04182,1080,PM,62.39217391304348,4000.0,,1244.5047370218717,False,0.0,5205.0993,True
31403,I66_EB,110N04182,1095,PM,61.68478260869565,4000.0,,1286.3823852399846,False,0.0,5205.0993,True
31403,I66_EB,110N04182,1110,PM,61.16391304347826,4000.0,,1313.2558374557834,False,0.0,5205.0993,True
31403,I66_EB,110N04182,1125,PM,60.49565217391305,4000.0,,1343.7507388795045,False,0.0,5205.0993,True
31404,I66_WB,110+04183,900,PM,20.40782608695652,2884.5660583567046,2893.5675421327896,2893.5675421327896,True,13.829482294567145,3843.9517,False
31404,I66_WB,110+04183,915,PM,19.097391304347827,2884.5660583567046,2891.0555245137384,2891.0555245137384,True,15.187336510968448,3843.9517,False
31404,I66_WB,110+04183,930,PM,18.301739130434783,2884.5660583567046,2888.258024585561,2888.258024585561,True,16.106653679659942,3843.9517,False
31404,I66_WB,110+04183,945,PM,16.729130434782608,2884.5660583567046,2885.9251388881808,2885.9251388881808,True,18.180915002303447,3843.9517,False
31404,I66_WB,110+04183,960,PM,16.20521739130435,2884.5660583567046,2884.806963961523,2884.806963961523,True,18.961354978243744,3843.9517,False
31404,I66_WB,110+04183,975,PM,16.987391304347824,2884.5660583567046,2885.334023165813,2885.334023165813,True,17.813914147762787,3843.9517,False
31404,I66_WB,110+04183,990,PM,15.778695652173914,2884.5660583567046,2886.6585471424887,2886.6585471424887,True,19.634988569236693,3843.9517,False
31404,I66_WB,110+04183,1005,PM,16.524782608695652,2884.5660583567046,2887.613193353287,2887.613193353287,True,18.47943224701117,3843.9517,False
31404,I66_WB,110+04183,1020,PM,15.967391304347826,2884.5660583567046,2887.0306192599487,2887.0306192599487,True,19.332530378179392,3843.9517,False
31404,I66_WB,110+04183,1035,PM,15.57913043478261,2884.5660583567046,2884.16243608742,2884.16243608742,True,19.96284149332535,3843.9517,False
31404,I66_WB,110+04183,1050,PM,14.593478260869563,2884.5660583567046,2879.9360701134874,2879.9360701134874,True,21.713615861868263,3843.9517,False
31404,I66_WB,110+04183,1065,PM,16.653913043478262,2884.5660583567046,2875.697901379145,2875.697901379145,True,18.289942772920806,3843.9517,False
31404,I66_WB,110+04183,1080,PM,17.327391304347824,2884.5660583567046,2872.79430992539,2872.79430992539,True,17.34744001313428,3843.9517,False
31404,I66_WB,110+04183,1095,PM,19.78782608695652,2884.5660583567046,2872.1445355962537,2872.1445355962537,True,14.449501846388872,3843.9517,False
31404,I66_WB,110+04183,1110,PM,25.248695652173915,2884.5660583567046,2872.959257447926,2872.959257447926,True,10.035492016761957,3843.9517,False
31404,I66_WB,110+04183,1125,PM,27.983478260869564,2884.5660583567046,2874.0220143396327,2874.0220143396327,True,8.47237787672263,3843.9517,False
31405,I66_WB,110-58628,900,PM,65.75652173913043,7600.0,,3910.89019293847,False,0.0,16495.9747,True
31405,I66_WB,110-58628,915,PM,64.29869565217392,7600.0,,4049.7737602376915,False,0.0,16495.9747,True
31405,I66_WB,110-58628,930,PM,64.25391304347826,7600.0,,4053.5289188683178,False,0.0,16495.9747,True
31405,I66_WB,110-58628,945,PM,64.02173913043478,7600.0,,4072.564381795163,False,0.0,16495.9747,True
31405,I66_WB,110-58628,960,PM,64.72869565217391,7600.0,,4012.276756206495,False,0.0,16495.9747,True
31405,I66_WB,110-58628,975,PM,64.88,7600.0,,3998.435414329525,False,0.0,16495.9747,True
31405,I66_WB,110-58628,990,PM,63.21260869565218,7600.0,,4133.596382859367,False,0.0,16495.9747,True
31405,I66_WB,110-58628,1005,PM,63.99217391304347,7600.0,,4074.937271104531,False,0.0,16495.9747,True
31405,I66_WB,110-58628,1020,PM,63.44347826086957,7600.0,,4116.982397121174,False,0.0,16495.9747,True
31405,I66_WB,110-58628,1035,PM,64.73086956521739,7600.0,,4012.08034308625,False,0.0,16495.9747,True
31405,I66_WB,110-58628,1050,PM,62.8295652173913,7600.0,,4159.8459543384915,False,0.0,16495.9747,True
31405,I66_WB,110-58628,1065,PM,60.796956521739126,7600.0,,4275.185960496417,False,0.0,16495.9747,True
31405,I66_WB,110-58628,1080,PM,60.22391304347826,7600.0,,4301.39908567226,False,0.0,16495.9747,True
31405,I66_WB,110-58628,1095,PM,60.43217391304348,7600.0,,4292.1596553978325,False,0.0,16495.9747,True
31405,I66_WB,110-58628,1110,PM,60.90347826086956,7600.0,,4270.034035416458,False,0.0,16495.9747,True
31405,I66_WB,110-58628,1125,PM,61.296956521739126,7600.0,,4250.208290131554,False,0.0,16495.9747,True
31406,I66_WB,110+04183,900,PM,20.40782608695652,2884.5660583567046,2903.2119890185545,2903.2119890185545,True,28.64678475303193,3843.9517,False
31406,I66_WB,110+04183,915,PM,19.097391304347827,2884.5660583567046,2898.008523917807,2898.008523917807,True,31.45948277272035,3843.9517,False
31406,I66_WB,110+04183,930,PM,18.301739130434783,2884.5660583567046,2892.213702674607,2892.213702674607,True,33.36378262215273,3843.9517,False
31406,I66_WB,110+04183,945,PM,16.729130434782608,2884.5660583567046,2887.381296641412,2887.381296641412,True,37.6604667904857,3843.9517,False
31406,I66_WB,110+04183,960,PM,16.20521739130435,2884.5660583567046,2885.0650771706864,2885.0650771706864,True,39.27709245493346,3843.9517,False
31406,I66_WB,110+04183,975,PM,16.987391304347824,2884.5660583567046,2886.156842617487,2886.156842617487,True,36.900250734651486,3843.9517,False
31406,I66_WB,110+04183,990,PM,15.778695652173914,2884.5660583567046,2888.9004993472663,2888.9004993472663,True,40.67247632199028,3843.9517,False
31406,I66_WB,110+04183,1005,PM,16.524782608695652,2884.5660583567046,2890.877980728071,2890.877980728071,True,38.27882394023742,3843.9517,False
31406,I66_WB,110+04183,1020,PM,15.967391304347826,2884.5660583567046,2889.671220127952,2889.671220127952,True,40.0459557833716,3843.9517,False
31406,I66_WB,110+04183,1035,PM,15.57913043478261,2884.5660583567046,2883.729983683113,2883.729983683113,True,41.35160023617392,3843.9517,False
31406,I66_WB,110+04183,1050,PM,14.593478260869563,2884.5660583567046,2874.975368602394,2874.975368602394,True,44.97820428529853,3843.9517,False
31406,I66_WB,110+04183,1065,PM,16.653913043478262,2884.5660583567046,2866.196304862791,2866.196304862791,True,37.88631002962166,3843.9517,False
31406,I66_WB,110+04183,1080,PM,17.327391304347824,2884.5660583567046,2860.1817224413003,2860.1817224413003,True,35.93398288434956,3843.9517,False
31406,I66_WB,110+04183,1095,PM,19.78782608695652,2884.5660583567046,2858.8357609908903,2858.8357609908903,True,29.9311109675198,3843.9517,False
31406,I66_WB,110+04183,1110,PM,25.248695652173915,2884.5660583567046,2860.523398868429,2860.523398868429,True,20.78780489186405,3843.9517,False
31406,I66_WB,110+04183,1125,PM,27.983478260869564,2884.5660583567046,2862.7248241067564,2862.7248241067564,True,17.54992560178259,3843.9517,False
31407,I66_EB,110N04182,900,PM,60.3704347826087,4000.0,,1991.5945557758016,False,0.0,7684.3782,True
31407,I66_EB,110N04182,915,PM,60.69217391304348,4000.0,,1971.182021934612,False,0.0,7684.3782,True
31407,I66_EB,110N04182,930,PM,60.7804347826087,4000.0,,1965.3523919275701,False,0.0,7684.3782,True
31407,I66_EB,110N04182,945,PM,61.9795652173913,4000.0,,1874.5684157196397,False,0.0,7684.3782,True
31407,I66_EB,110N04182,960,PM,61.84913043478261,4000.0,,1885.6281208604803,False,0.0,7684.3782,True
31407,I66_EB,110N04182,975,PM,60.88695652173914,4000.0,,1958.178156718426,False,0.0,7684.3782,True
31407,I66_EB,110N04182,990,PM,61.81478260869565,4000.0,,1888.4865499567716,False,0.0,7684.3782,True
31407,I66_EB,110N04182,1005,PM,61.4495652173913,4000.0,,1917.5732154056248,False,0.0,7684.3782,True
31407,I66_EB,110N04182,1020,PM,61.76,4000.0,,1893.0002361872403,False,0.0,7684.3782,True
31407,I66_EB,110N04182,1035,PM,61.23478260869565,4000.0,,1933.6386505048051,False,0.0,7684.3782,True
31407,I66_EB,110N04182,1050,PM,61.380434782608695,4000.0,,1922.824132273312,False,0.0,7684.3782,True
31407,I66_EB,110N04182,1065,PM,61.95695652173913,4000.0,,1876.5090799260938,False,0.0,7684.3782,True
31407,I66_EB,110N04182,1080,PM,62.39217391304348,4000.0,,1837.2838863934078,False,0.0,7684.3782,True
31407,I66_EB,110N04182,1095,PM,61.68478260869565,4000.0,,1899.10858338517,False,0.0,7684.3782,True
31407,I66_EB,110N04182,1110,PM,61.16391304347826,4000.0,,1938.7823260870289,False,0.0,7684.3782,True
31407,I66_EB,110N04182,1125,PM,60.49565217391305,4000.0,,1983.8024769440149,False,0.0,7684.3782,True
31408,I66_EB,110P58629,900,PM,68.09826086956522,7600.0,,3138.8658388833937,False,0.0,11732.9217,True
31408,I66_EB,110P58629,915,PM,68.3286956521739,7600.0,,3095.189246205137,False,0.0,11732.9217,True
31408,I66_EB,110P58629,930,PM,68.87130434782608,7600.0,,2980.6548638910026,False,0.0,11732.9217,True
31408,I66_EB,110P58629,945,PM,68.12434782608695,7600.0,,3134.0522270677766,False,0.0,11732.9217,True
31408,I66_EB,110P58629,960,PM,68.55,7600.0,,3050.6123515452814,False,0.0,11732.9217,True
31408,I66_EB,110P58629,975,PM,68.89782608695653,7600.0,,2974.5732257465565,False,0.0,11732.9217,True
31408,I66_EB,110P58629,990,PM,69.04652173913043,7600.0,,2939.5224437992347,False,0.0,11732.9217,True
31408,I66_EB,110P58629,1005,PM,69.39086956521739,7600.0,,2851.4139320715717,False,0.0,11732.9217,True
31408,I66_EB,110P58629,1020,PM,69.32478260869566,7600.0,,2869.147436410864,False,0.0,11732.9217,True
31408,I66_EB,110P58629,1035,PM,69.16739130434782,7600.0,,2909.763621504786,False,0.0,11732.9217,True
31408,I66_EB,110P58629,1050,PM,69.18565217391304,7600.0,,2905.1627595394225,False,0.0,11732.9217,True
31408,I66_EB,110P58629,1065,PM,69.88913043478261,7600.0,,2702.2221070242404,False,0.0,11732.9217,True
31408,I66_EB,110P58629,1080,PM,69.37478260869565,7600.0,,2855.769424757502,False,0.0,11732.9217,True
31408,I66_EB,110P58629,1095,PM,69.78347826086956,7600.0,,2736.4305056611656,False,0.0,11732.9217,True
31408,I66_EB,110P58629,1110,PM,69.37173913043478,7600.0,,2856.5905983680955,False,0.0,11732.9217,True
31408,I66_EB,110P58629,1125,PM,69.0786956521739,7600.0,,2931.7162175239773,False,0.0,11732.9217,True
31409,I66_EB,110+58629,900,PM,67.94304347826088,7600.0,,3281.2688822557716,False,0.0,11732.9217,True
31409,I66_EB,110+58629,915,PM,67.95782608695652,7600.0,,3278.718936755664,False,0.0,11732.9217,True
31409,I66_EB,110+58629,930,PM,68.15739130434783,7600.0,,3243.3844178981894,False,0.0,11732.9217,True
31409,I66_EB,110+58629,945,PM,68.69260869565218,7600.0,,3139.247989967658,False,0.0,11732.9217,True
31409,I66_EB,110+58629,960,PM,68.73782608695652,7600.0,,3129.743802283607,False,0.0,11732.9217,True
31409,I66_EB,110+58629,975,PM,69.41173913043478,7600.0,,2971.811403420987,False,0.0,11732.9217,True
31409,I66_EB,110+58629,990,PM,69.8495652173913,7600.0,,2848.405588894903,False,0.0,11732.9217,True
31409,I66_EB,110+58629,1005,PM,70.0786956521739,7600.0,,2774.953378951575,False,0.0,11732.9217,True
31409,I66_EB,110+58629,1020,PM,69.81347826086957,7600.0,,2859.3602115379613,False,0.0,11732.9217,True
31409,I66_EB,110+58629,1035,PM,69.59826086956522,7600.0,,2921.6388878347493,False,0.0,11732.9217,True
31409,I66_EB,110+58629,1050,PM,69.91130434782609,7600.0,,2829.294435890884,False,0.0,11732.9217,True
31409,I66_EB,110+58629,1065,PM,70.07608695652173,7600.0,,2775.830430105565,False,0.0,11732.9217,True
31409,I66_EB,110+58629,1080,PM,70.3091304347826,7600.0,,2693.227161865351,False,0.0,11732.9217,True
31409,I66_EB,110+58629,1095,PM,70.46782608695652,7600.0,,2631.3768925924587,False,0.0,11732.9217,True
31409,I66_EB,110+58629,1110,PM,70.46652173913044,7600.0,,2631.9063576617636,False,0.0,11732.9217,True
31409,I66_EB,110+58629,1125,PM,69.59869565217392,7600.0,,2921.5180220829193,False,0.0,11732.9217,True
31410,I66_EB,110-04182,900,PM,57.42913043478261,4000.0,3999.98946745185,1971.6172023076774,False,0.0,7684.3782,True
31410,I66_EB,110-04182,915,PM,58.29782608695652,4000.0,4000.0,1928.535796539723,False,0.0,7684.3782,True
31410,I66_EB,110-04182,930,PM,57.72347826086957,4000.0,3999.9724902396383,1957.7913444457072,False,0.0,7684.3782,True
31410,I66_EB,110-04182,945,PM,58.24260869565217,4000.0,3999.874406617929,1931.487854637094,False,0.0,7684.3782,True
31410,I66_EB,110-04182,960,PM,58.33304347826088,4000.0,3999.6732175820393,1926.6367122201036,False,0.0,7684.3782,True
31410,I66_EB,110-04182,975,PM,58.75,4000.0,3999.347982605624,1903.1461649971993,False,0.0,7684.3782,True
31410,I66_EB,110-04182,990,PM,56.91,4000.0,3998.924125268301,1994.2636462998632,False,0.0,7684.3782,True
31410,I66_EB,110-04182,1005,PM,58.02347826086957,4000.0,3998.4386601761735,1942.9036093700677,False,0.0,7684.3782,True
31410,I66_EB,110-04182,1020,PM,59.25565217391305,4000.0,3997.9286019353513,1871.9445067024496,False,0.0,7684.3782,True
31410,I66_EB,110-04182,1035,PM,58.15304347826087,4000.0,3997.4285544696186,1936.2109459865478,False,0.0,7684.3782,True
31410,I66_EB,110-04182,1050,PM,58.70434782608696,4000.0,3996.9634789734855,1905.8118425135,False,0.0,7684.3782,True
31410,I66_EB,110-04182,1065,PM,58.73695652173913,4000.0,3996.555925959137,1903.9102235734383,False,0.0,7684.3782,True
31410,I66_EB,110-04182,1080,PM,59.36608695652174,4000.0,3996.2284459387647,1864.6943958458282,False,0.0,7684.3782,True
31410,I66_EB,110-04182,1095,PM,59.149565217391306,4000.0,3995.99602006748,1878.7563963621687,False,0.0,7684.3782,True
31410,I66_EB,110-04182,1110,PM,58.65260869565218,4000.0,3995.843352072098,1908.8042962861075,False,0.0,7684.3782,True
31410,I66_EB,110-04182,1125,PM,58.61434782608696,4000.0,3995.747576322361,1910.9978619125243,False,0.0,7684.3782,True
31411,I66_WB,110+04183,900,PM,20.40782608695652,2884.5660583567046,2894.2105052423085,2894.2105052423085,True,14.817302458464791,3843.9517,False
31411,I66_WB,110+04183,915,PM,19.097391304347827,2884.5660583567046,2891.519057722986,2891.519057722986,True,16.272146261751907,3843.9517,False
31411,I66_WB,110+04183,930,PM,18.301739130434783,2884.5660583567046,2888.521736396107,2888.521736396107,True,17.25712894249279,3843.9517,False
31411,I66_WB,110+04183,945,PM,16.729130434782608,2884.5660583567046,2886.0222160706226,2886.0222160706226,True,19.47955178818226,3843.9517,False
31411,I66_WB,110+04183,960,PM,16.20521739130435,2884.5660583567046,2884.824171555488,2884.824171555488,True,20.31573747668972,3843.9517,False
31411,I66_WB,110+04183,975,PM,16.987391304347824,2884.5660583567046,2885.388877839237,2885.388877839237,True,19.08633658688869,3843.9517,False
31411,I66_WB,110+04183,990,PM,15.778695652173914,2884.5660583567046,2886.8080106287466,2886.8080106287466,True,21.037487752753595,3843.9517,False
31411,I66_WB,110+04183,1005,PM,16.524782608695652,2884.5660583567046,2887.830845810471,2887.830845810471,True,19.79939169322625,3843.9517,False
31411,I66_WB,110+04183,1020,PM,15.967391304347826,2884.5660583567046,2887.206659270872,2887.206659270872,True,20.7134254051922,3843.9517,False
31411,I66_WB,110+04183,1035,PM,15.57913043478261,2884.5660583567046,2884.1336059147543,2884.1336059147543,True,21.38875874284858,3843.9517,False
31411,I66_WB,110+04183,1050,PM,14.593478260869563,2884.5660583567046,2879.6053567203357,2879.6053567203357,True,23.26458842343028,3843.9517,False
31411,I66_WB,110+04183,1065,PM,16.653913043478262,2884.5660583567046,2875.0644616841787,2875.0644616841787,True,19.596367256700866,3843.9517,False
31411,I66_WB,110+04183,1080,PM,17.327391304347824,2884.5660583567046,2871.953470802852,2871.953470802852,True,18.586542871215293,3843.9517,False
31411,I66_WB,110+04183,1095,PM,19.78782608695652,2884.5660583567046,2871.2572838953915,2871.2572838953915,True,15.48160912113093,3843.9517,False
31411,I66_WB,110+04183,1110,PM,25.248695652173915,2884.5660583567046,2872.1302000707437,2872.1302000707437,True,10.7523128751021,3843.9517,False
31411,I66_WB,110+04183,1125,PM,27.983478260869564,2884.5660583567046,2873.2688682603225,2873.2688682603225,True,9.07754772505996,3843.9517,False
31412,I66_WB,110-58628,900,PM,65.75652173913043,7600.0,,3910.89019293847,False,0.0,16495.9747,True
31412,I66_WB,110-58628,915,PM,64.29869565217392,7600.0,,4049.7737602376915,False,0.0,16495.9747,True
31412,I66_WB,110-58628,930,PM,64.25391304347826,7600.0,,4053.5289188683178,False,0.0,16495.9747,True
31412,I66_WB,110-58628,945,PM,64.02173913043478,7600.0,,4072.564381795163,False,0.0,16495.9747,True
31412,I66_WB,110-58628,960,PM,64.72869565217391,7600.0,,4012.276756206495,False,0.0,16495.9747,True
31412,I66_WB,110-58628,975,PM,64.88,7600.0,,3998.435414329525,False,0.0,16495.9747,True
31412,I66_WB,110-58628,990,PM,63.21260869565218,7600.0,,4133.596382859367,False,0.0,16495.9747,True
31412,I66_WB,110-58628,1005,PM,63.99217391304347,7600.0,,4074.937271104531,False,0.0,16495.9747,True
31412,I66_WB,110-58628,1020,PM,63.44347826086957,7600.0,,4116.982397121174,False,0.0,16495.9747,True
31412,I66_WB,110-58628,1035,PM,64.73086956521739,7600.0,,4012.08034308625,False,0.0,16495.9747,True
31412,I66_WB,110-58628,1050,PM,62.8295652173913,7600.0,,4159.8459543384915,False,0.0,16495.9747,True
31412,I66_WB,110-58628,1065,PM,60.796956521739126,7600.0,,4275.185960496417,False,0.0,16495.9747,True
31412,I66_WB,110-58628,1080,PM,60.22391304347826,7600.0,,4301.39908567226,False,0.0,16495.9747,True
31412,I66_WB,110-58628,1095,PM,60.43217391304348,7600.0,,4292.1596553978325,False,0.0,16495.9747,True
31412,I66_WB,110-58628,1110,PM,60.90347826086956,7600.0,,4270.034035416458,False,0.0,16495.9747,True
31412,I66_WB,110-58628,1125,PM,61.296956521739126,7600.0,,4250.208290131554,False,0.0,16495.9747,True
31413,I66_EB,110-04182,900,PM,57.42913043478261,4000.0,3999.995041756944,1971.6172023076774,False,0.0,7684.3782,True
31413,I66_EB,110-04182,915,PM,58.29782608695652,4000.0,3999.999999341771,1928.535796539723,False,0.0,7684.3782,True
31413,I66_EB,110-04182,930,PM,57.72347826086957,4000.0,3999.9993589017367,1957.7913444457072,False,0.0,7684.3782,True
31413,I66_EB,110-04182,945,PM,58.24260869565217,4000.0,3999.996119848634,1931.487854637094,False,0.0,7684.3782,True
31413,I66_EB,110-04182,960,PM,58.33304347826088,4000.0,3999.9932815942575,1926.6367122201036,False,0.0,7684.3782,True
31413,I66_EB,110-04182,975,PM,58.75,4000.0,3999.993120064277,1903.1461649971993,False,0.0,7684.3782,True
31413,I66_EB,110-04182,990,PM,56.91,4000.0,3999.995017239849,1994.2636462998632,False,0.0,7684.3782,True
31413,I66_EB,110-04182,1005,PM,58.02347826086957,4000.0,3999.9976316160055,1942.9036093700677,False,0.0,7684.3782,True
31413,I66_EB,110-04182,1020,PM,59.25565217391305,4000.0,3999.99962168778,1871.9445067024496,False,0.0,7684.3782,True
31413,I66_EB,110-04182,1035,PM,58.15304347826087,4000.0,4000.0,1936.2109459865478,False,0.0,7684.3782,True
31413,I66_EB,110-04182,1050,PM,58.70434782608696,4000.0,3999.999195296689,1905.8118425135,False,0.0,7684.3782,True
31413,I66_EB,110-04182,1065,PM,58.73695652173913,4000.0,3999.997990371664,1903.9102235734383,False,0.0,7684.3782,True
31413,I66_EB,110-04182,1080,PM,59.36608695652174,4000.0,3999.9971680187455,1864.6943958458282,False,0.0,7684.3782,True
31413,I66_EB,110-04182,1095,PM,59.149565217391306,4000.0,3999.9973004374224,1878.7563963621687,False,0.0,7684.3782,True
31413,I66_EB,110-04182,1110,PM,58.65260869565218,4000.0,3999.9981174498816,1908.8042962861075,False,0.0,7684.3782,True
31413,I66_EB,110-04182,1125,PM,58.61434782608696,4000.0,3999.999138283976,1910.9978619125243,False,0.0,7684.3782,True
31414,I66_WB,110P04183,900,PM,29.10782608695652,3139.683865608782,3165.9276835038554,3165.9276835038554,True,30.527888926884064,3843.9517,False
31414,I66_WB,110P04183,915,PM,26.01521739130435,3139.683865608782,3166.764179766211,3166.764179766211,True,36.81092774842112,3843.9517,False
31414,I66_WB,110P04183,930,PM,24.845217391304345,3139.683865608782,3159.8735286646715,3159.8735286646715,True,39.59575078299097,3843.9517,False
31414,I66_WB,110P04183,945,PM,21.251739130434785,3139.683865608782,3150.528812178992,3150.528812178992,True,50.06606573891719,3843.9517,False
31414,I66_WB,110P04183,960,PM,21.27695652173913,3139.683865608782,3144.003112288932,3144.003112288932,True,49.98026753896281,3843.9517,False
31414,I66_WB,110P04183,975,PM,20.72217391304348,3139.683865608782,3144.062396962163,3144.062396962163,True,51.91606546058751,3843.9517,False
31414,I66_WB,110P04183,990,PM,19.62391304347826,3139.683865608782,3148.444178118036,3148.444178118036,True,56.07102296601491,3843.9517,False
31414,I66_WB,110P04183,1005,PM,19.70130434782609,3139.683865608782,3153.378853663812,3153.378853663812,True,55.76306348669959,3843.9517,False
31414,I66_WB,110P04183,1020,PM,19.66565217391304,3139.683865608782,3155.0968215067587,3155.0968215067587,True,55.90463135219476,3843.9517,False
31414,I66_WB,110P04183,1035,PM,18.68608695652173,3139.683865608782,3150.7456741636406,3150.7456741636406,True,60.005620668545525,3843.9517,False
31414,I66_WB,110P04183,1050,PM,17.28304347826087,3139.683865608782,3141.141782589244,3141.141782589244,True,66.68928364709478,3843.9517,False
31414,I66_WB,110P04183,1065,PM,17.808695652173913,3139.683865608782,3128.0187123478536,3128.0187123478536,True,64.06187193417072,3843.9517,False
31414,I66_WB,110P04183,1080,PM,17.155652173913044,3139.683865608782,3113.11002900376,3113.11002900376,True,67.35027279701751,3843.9517,False
31414,I66_WB,110P04183,1095,PM,19.47,3139.683865608782,3098.667358201344,3098.667358201344,True,56.690757739129225,3843.9517,False
31414,I66_WB,110P04183,1110,PM,23.68478260869565,3139.683865608782,3089.014565905384,3089.014565905384,True,42.62957584747809,3843.9517,False
31414,I66_WB,110P04183,1125,PM,28.29608695652174,3139.683865608782,3088.9935781607523,3088.9935781607523,True,32.044109308510066,3843.9517,False
31415,I66_EB,110N04183,900,PM,59.63,4000.0,3987.0308523414983,2022.8126241972084,False,0.0,7684.3782,True
31415,I66_EB,110N04183,915,PM,61.3008695652174,4000.0,3987.2557371961175,1932.6989382346592,False,0.0,7684.3782,True
31415,I66_EB,110N04183,930,PM,60.66,4000.0,3987.4957826950586,1970.5946270720162,False,0.0,7684.3782,True
31415,I66_EB,110N04183,945,PM,61.52695652173914,4000.0,3987.74160519154,1918.1688257858243,False,0.0,7684.3782,True
31415,I66_EB,110N04183,960,PM,61.78913043478261,4000.0,3987.9838210387816,1900.4769145827042,False,0.0,7684.3782,True
31415,I66_EB,110N04183,975,PM,61.51173913043478,4000.0,3988.214246183297,1919.1673641148166,False,0.0,7684.3782,True
31415,I66_EB,110N04183,990,PM,61.240434782608695,4000.0,3988.4294949447863,1936.4748790725628,False,0.0,7684.3782,True
31415,I66_EB,110N04183,1005,PM,61.56565217391304,4000.0,3988.6273812362433,1915.6159803727548,False,0.0,7684.3782,True
31415,I66_EB,110N04183,1020,PM,61.77652173913043,4000.0,3988.8057189706615,1901.3494733576633,False,0.0,7684.3782,True
31415,I66_EB,110N04183,1035,PM,61.47173913043478,4000.0,3988.9634525116967,1921.7777157684386,False,0.0,7684.3782,True
31415,I66_EB,110N04183,1050,PM,61.82608695652174,4000.0,3989.104048025652,1897.9063930944924,False,0.0,7684.3782,True
31415,I66_EB,110N04183,1065,PM,61.55652173913043,4000.0,3989.232102129489,1916.2201183021346,False,0.0,7684.3782,True
31415,I66_EB,110N04183,1080,PM,61.77391304347826,4000.0,3989.352211440175,1901.529722066154,False,0.0,7684.3782,True
31415,I66_EB,110N04183,1095,PM,62.123913043478254,4000.0,3989.468561160615,1876.4558028314596,False,0.0,7684.3782,True
31415,I66_EB,110N04183,1110,PM,61.8308695652174,4000.0,3989.5836908375113,1897.5723103338378,False,0.0,7684.3782,True
31415,I66_EB,110N04183,1125,PM,61.669130434782616,4000.0,3989.699728603504,1908.6911108132726,False,0.0,7684.3782,True
31416,I66_WB,110+04184,900,PM,49.00173913043478,4000.0,3922.403090521069,0.0,False,0.0,3843.9517,False
31416,I66_WB,110+04184,915,PM,47.66608695652174,3856.2303322116654,3884.698427668325,3884.698427668325,True,6.249330218807246,3843.9517,False
31416,I66_WB,110+04184,930,PM,44.33782608695652,3856.2303322116654,3864.1987431327143,3864.1987431327143,True,7.767556264305898,3843.9517,False
31416,I66_WB,110+04184,945,PM,42.63565217391304,3856.2303322116654,3855.972039404657,3855.972039404657,True,8.635635962196176,3843.9517,False
31416,I66_WB,110+04184,960,PM,42.65608695652174,3856.2303322116654,3855.086318974576,3855.086318974576,True,8.62480370225121,3843.9517,False
31416,I66_WB,110+04184,975,PM,42.26260869565217,3856.2303322116654,3857.226738953378,3857.226738953378,True,8.83522340580612,3843.9517,False
31416,I66_WB,110+04184,990,PM,41.06434782608696,3856.2303322116654,3860.547074933932,3860.547074933932,True,9.500853764823454,3843.9517,False
31416,I66_WB,110+04184,1005,PM,38.74391304347826,3856.2303322116654,3863.81825712959,3863.81825712959,True,10.906914014672829,3843.9517,False
31416,I66_WB,110+04184,1020,PM,37.86304347826087,3856.2303322116654,3865.81121575371,3865.81121575371,True,11.485803389704715,3843.9517,False
31416,I66_WB,110+04184,1035,PM,35.25304347826087,3856.2303322116654,3865.5747169718734,3865.5747169718734,True,13.370890160381654,3843.9517,False
31416,I66_WB,110+04184,1050,PM,31.98217391304348,3856.2303322116654,3863.2688707586026,3863.2688707586026,True,16.167691401445055,3843.9517,False
31416,I66_WB,110+04184,1065,PM,28.72608695652174,3856.2303322116654,3859.33162304064,3859.33162304064,True,19.58445174834584,3843.9517,False
31416,I66_WB,110+04184,1080,PM,28.76304347826087,3856.2303322116654,3854.200919744735,3854.200919744735,True,19.54133135079604,3843.9517,False
31416,I66_WB,110+04184,1095,PM,29.07130434782609,3856.2303322116654,3848.4696745619194,3848.4696745619194,True,19.18592759034892,3843.9517,False
31416,I66_WB,110+04184,1110,PM,31.85782608695652,3856.2303322116654,3843.35067224037,3843.35067224037,True,16.285348207433334,3843.9517,False
31416,I66_WB,110+04184,1125,PM,35.985217391304346,3856.2303322116654,3840.211665292551,3840.211665292551,True,12.814478171693215,3843.9517,False
31417,I66_WB,110-58628,900,PM,65.75652173913043,5700.0,,3701.170186510022,False,0.0,15611.3843,True
31417,I66_WB,110-58628,915,PM,64.29869565217392,5700.0,,3832.606175076557,False,0.0,15611.3843,True
31417,I66_WB,110-58628,930,PM,64.25391304347826,5700.0,,3836.1599647468447,False,0.0,15611.3843,True
31417,I66_WB,110-58628,945,PM,64.02173913043478,5700.0,,3854.1746581786547,False,0.0,15611.3843,True
31417,I66_WB,110-58628,960,PM,64.72869565217391,5700.0,,3797.119933694916,False,0.0,15611.3843,True
31417,I66_WB,110-58628,975,PM,64.88,5700.0,,3784.0208285375184,False,0.0,15611.3843,True
31417,I66_WB,110-58628,990,PM,63.21260869565218,5700.0,,3911.9338412847774,False,0.0,15611.3843,True
31417,I66_WB,110-58628,1005,PM,63.99217391304347,5700.0,,3856.4203021968824,False,0.0,15611.3843,True
31417,I66_WB,110-58628,1020,PM,63.44347826086957,5700.0,,3896.2107742438443,False,0.0,15611.3843,True
31417,I66_WB,110-58628,1035,PM,64.73086956521739,5700.0,,3796.9340531539074,False,0.0,15611.3843,True
31417,I66_WB,110-58628,1050,PM,62.8295652173913,5700.0,,3936.7757894281,False,0.0,15611.3843,True
31417,I66_WB,110-58628,1065,PM,60.796956521739126,5700.0,,4045.930731408929,False,0.0,15611.3843,True
31417,I66_WB,110-58628,1080,PM,60.22391304347826,5700.0,,4070.7381876681884,False,0.0,15611.3843,True
31417,I66_WB,110-58628,1095,PM,60.43217391304348,5700.0,,4061.9942183453486,False,0.0,15611.3843,True
31417,I66_WB,110-58628,1110,PM,60.90347826086956,5700.0,,4041.055076361517,False,0.0,15611.3843,True
31417,I66_WB,110-58628,1125,PM,61.296956521739126,5700.0,,4022.2924791639985,False,0.0,15611.3843,True
31418,I66_WB,110+04184,900,PM,49.00173913043478,4000.0,3971.141631066567,0.0,False,0.0,3843.9517,False
31418,I66_WB,110+04184,915,PM,47.66608695652174,3856.2303322116654,3929.950220123568,3929.950220123568,True,19.4979102826786,3843.9517,False
31418,I66_WB,110+04184,930,PM,44.33782608695652,3856.2303322116654,3893.300271592439,3893.300271592439,True,24.2347755446344,3843.9517,False
31418,I66_WB,110+04184,945,PM,42.63565217391304,3856.2303322116654,3865.6586944697538,3865.6586944697538,True,26.94318420205208,3843.9517,False
31418,I66_WB,110+04184,960,PM,42.65608695652174,3856.2303322116654,3851.492397752094,3851.492397752094,True,26.909387551023773,3843.9517,False
31418,I66_WB,110+04184,975,PM,42.26260869565217,3856.2303322116654,3853.2492326869647,3853.2492326869647,True,27.5658970261151,3843.9517,False
31418,I66_WB,110+04184,990,PM,41.06434782608696,3856.2303322116654,3865.3008195256016,3865.3008195256016,True,29.64266374624918,3843.9517,False
31418,I66_WB,110+04184,1005,PM,38.74391304347826,3856.2303322116654,3879.999720770167,3879.999720770167,True,34.02957172577921,3843.9517,False
31418,I66_WB,110+04184,1020,PM,37.86304347826087,3856.2303322116654,3889.698498922826,3889.698498922826,True,35.83570657587871,3843.9517,False
31418,I66_WB,110+04184,1035,PM,35.25304347826087,3856.2303322116654,3888.646081945373,3888.646081945373,True,41.71717730039075,3843.9517,False
31418,I66_WB,110+04184,1050,PM,31.98217391304348,3856.2303322116654,3878.676859638149,3878.676859638149,True,50.44319717250859,3843.9517,False
31418,I66_WB,110+04184,1065,PM,28.72608695652174,3856.2303322116654,3863.5215872611234,3863.5215872611234,True,61.10348945483902,3843.9517,False
31418,I66_WB,110+04184,1080,PM,28.76304347826087,3856.2303322116654,3846.911020074269,3846.911020074269,True,60.968953814483655,3843.9517,False
31418,I66_WB,110+04184,1095,PM,29.07130434782609,3856.2303322116654,3831.950226798128,3831.950226798128,True,59.86009408188861,3843.9517,False
31418,I66_WB,110+04184,1110,PM,31.85782608695652,3856.2303322116654,3819.241529995552,3819.241529995552,True,50.810286407192,3843.9517,False
31418,I66_WB,110+04184,1125,PM,35.985217391304346,3856.2303322116654,3808.7615656899575,3808.7615656899575,True,39.98117189568283,3843.9517,False
31419,I66_EB,110-04183,900,PM,61.796521739130434,4000.0,3999.970131845924,2044.7380482022843,False,0.0,7684.3782,True
31419,I66_EB,110-04183,915,PM,60.50521739130434,4000.0,3999.9970743937006,2099.293465402565,False,0.0,7684.3782,True
31419,I66_EB,110-04183,930,PM,60.4004347826087,4000.0,3999.999993754036,2103.2219689551134,False,0.0,7684.3782,True
31419,I66_EB,110-04183,945,PM,62.55434782608695,4000.0,3999.990884191564,2006.6023703960432,False,0.0,7684.3782,True
31419,I66_EB,110-04183,960,PM,63.54130434782609,4000.0,3999.981739970925,1948.4226648441113,False,0.0,7684.3782,True
31419,I66_EB,110-04183,975,PM,62.59869565217391,4000.0,3999.9816693911353,2004.2081764600669,False,0.0,7684.3782,True
31419,I66_EB,110-04183,990,PM,63.44434782608696,4000.0,3999.988236888757,1954.6267841862232,False,0.0,7684.3782,True
31419,I66_EB,110-04183,1005,PM,63.579130434782606,4000.0,3999.99612093473,1945.9706094512173,False,0.0,7684.3782,True
31419,I66_EB,110-04183,1020,PM,64.03695652173913,4000.0,4000.0,1914.8016740084297,False,0.0,7684.3782,True
31419,I66_EB,110-04183,1035,PM,64.87826086956522,4000.0,3999.996228951933,1849.2543380373043,False,0.0,7684.3782,True
31419,I66_EB,110-04183,1050,PM,64.71130434782609,4000.0,3999.987868243615,1863.2251236034915,False,0.0,7684.3782,True
31419,I66_EB,110-04183,1065,PM,64.39869565217391,4000.0,3999.979654724552,1888.04927237529,False,0.0,7684.3782,True
31419,I66_EB,110-04183,1080,PM,65.6791304347826,4000.0,3999.976325244258,1774.1070674405742,False,0.0,7684.3782,True
31419,I66_EB,110-04183,1095,PM,65.81739130434782,4000.0,3999.980951266287,1759.547863312689,False,0.0,7684.3782,True
31419,I66_EB,110-04183,1110,PM,65.46739130434783,4000.0,3999.989942710389,1795.421646300824,False,0.0,7684.3782,True
31419,I66_EB,110-04183,1125,PM,65.56217391304348,4000.0,3999.9980441103608,1786.0217270237742,False,0.0,7684.3782,True
31420,I66_EB,110+58629,900,PM,67.94304347826088,6000.0,,2978.301512718335,False,0.0,10649.5931,True
31420,I66_EB,110+58629,915,PM,67.95782608695652,6000.0,,2975.987009758401,False,0.0,10649.5931,True
31420,I66_EB,110+58629,930,PM,68.15739130434783,6000.0,,2943.915011168622,False,0.0,10649.5931,True
31420,I66_EB,110+58629,945,PM,68.69260869565218,6000.0,,2849.3937476075066,False,0.0,10649.5931,True
31420,I66_EB,110+58629,960,PM,68.73782608695652,6000.0,,2840.7671042045117,False,0.0,10649.5931,True
31420,I66_EB,110+58629,975,PM,69.41173913043478,6000.0,,2697.4169798110433,False,0.0,10649.5931,True
31420,I66_EB,110+58629,990,PM,69.8495652173913,6000.0,,2585.405518004658,False,0.0,10649.5931,True
31420,I66_EB,110+58629,1005,PM,70.0786956521739,6000.0,,2518.735325516096,False,0.0,10649.5931,True
31420,I66_EB,110+58629,1020,PM,69.81347826086957,6000.0,,2595.3486742529963,False,0.0,10649.5931,True
31420,I66_EB,110+58629,1035,PM,69.59826086956522,6000.0,,2651.8770120639783,False,0.0,10649.5931,True
31420,I66_EB,110+58629,1050,PM,69.91130434782609,6000.0,,2568.058943266615,False,0.0,10649.5931,True
31420,I66_EB,110+58629,1065,PM,70.07608695652173,6000.0,,2519.5313964485294,False,0.0,10649.5931,True
31420,I66_EB,110+58629,1080,PM,70.3091304347826,6000.0,,2444.5550846669175,False,0.0,10649.5931,True
31420,I66_EB,110+58629,1095,PM,70.46782608695652,6000.0,,2388.415598039155,False,0.0,10649.5931,True
31420,I66_EB,110+58629,1110,PM,70.46652173913044,6000.0,,2388.8961763378034,False,0.0,10649.5931,True
31420,I66_EB,110+58629,1125,PM,69.59869565217392,6000.0,,2651.767306134832,False,0.0,10649.5931,True
31421,I66_EB,110+58629,900,PM,67.94304347826088,5700.0,,2978.3015127183344,False,0.0,10649.5931,True
31421,I66_EB,110+58629,915,PM,67.95782608695652,5700.0,,2975.987009758401,False,0.0,10649.5931,True
31421,I66_EB,110+58629,930,PM,68.15739130434783,5700.0,,2943.9150111686217,False,0.0,10649.5931,True
31421,I66_EB,110+58629,945,PM,68.69260869565218,5700.0,,2849.3937476075066,False,0.0,10649.5931,True
31421,I66_EB,110+58629,960,PM,68.73782608695652,5700.0,,2840.767104204511,False,0.0,10649.5931,True
31421,I66_EB,110+58629,975,PM,69.41173913043478,5700.0,,2697.4169798110433,False,0.0,10649.5931,True
31421,I66_EB,110+58629,990,PM,69.8495652173913,5700.0,,2585.405518004658,False,0.0,10649.5931,True
31421,I66_EB,110+58629,1005,PM,70.0786956521739,5700.0,,2518.7353255160965,False,0.0,10649.5931,True
31421,I66_EB,110+58629,1020,PM,69.81347826086957,5700.0,,2595.348674252996,False,0.0,10649.5931,True
31421,I66_EB,110+58629,1035,PM,69.59826086956522,5700.0,,2651.8770120639783,False,0.0,10649.5931,True
31421,I66_EB,110+58629,1050,PM,69.91130434782609,5700.0,,2568.0589432666156,False,0.0,10649.5931,True
31421,I66_EB,110+58629,1065,PM,70.07608695652173,5700.0,,2519.5313964485294,False,0.0,10649.5931,True
31421,I66_EB,110+58629,1080,PM,70.3091304347826,5700.0,,2444.555084666918,False,0.0,10649.5931,True
31421,I66_EB,110+58629,1095,PM,70.46782608695652,5700.0,,2388.4155980391556,False,0.0,10649.5931,True
31421,I66_EB,110+58629,1110,PM,70.46652173913044,5700.0,,2388.8961763378043,False,0.0,10649.5931,True
31421,I66_EB,110+58629,1125,PM,69.59869565217392,5700.0,,2651.767306134831,False,0.0,10649.5931,True
31422,I66_EB,110-04183,900,PM,61.796521739130434,4000.0,3999.9936853766535,2044.7380482022843,False,0.0,7684.3782,True
31422,I66_EB,110-04183,915,PM,60.50521739130434,4000.0,3999.999999999985,2099.293465402565,False,0.0,7684.3782,True
31422,I66_EB,110-04183,930,PM,60.4004347826087,4000.0,3999.9960950330815,2103.2219689551134,False,0.0,7684.3782,True
31422,I66_EB,110-04183,945,PM,62.55434782608695,4000.0,3999.986081772789,2006.6023703960432,False,0.0,7684.3782,True
31422,I66_EB,110-04183,960,PM,63.54130434782609,4000.0,3999.9740715159537,1948.4226648441113,False,0.0,7684.3782,True
31422,I66_EB,110-04183,975,PM,62.59869565217391,4000.0,3999.963190996437,2004.2081764600669,False,0.0,7684.3782,True
31422,I66_EB,110-04183,990,PM,63.44434782608696,4000.0,3999.952628696179,1954.6267841862232,False,0.0,7684.3782,True
31422,I66_EB,110-04183,1005,PM,63.579130434782606,4000.0,3999.940588534131,1945.9706094512173,False,0.0,7684.3782,True
31422,I66_EB,110-04183,1020,PM,64.03695652173913,4000.0,3999.925274429252,1914.8016740084297,False,0.0,7684.3782,True
31422,I66_EB,110-04183,1035,PM,64.87826086956522,4000.0,3999.9064377561863,1849.2543380373043,False,0.0,7684.3782,True
31422,I66_EB,110-04183,1050,PM,64.71130434782609,4000.0,3999.890019712357,1863.2251236034915,False,0.0,7684.3782,True
31422,I66_EB,110-04183,1065,PM,64.39869565217391,4000.0,3999.883508950873,1888.04927237529,False,0.0,7684.3782,True
31422,I66_EB,110-04183,1080,PM,65.6791304347826,4000.0,3999.894394124848,1774.1070674405742,False,0.0,7684.3782,True
31422,I66_EB,110-04183,1095,PM,65.81739130434782,4000.0,3999.926075336805,1759.547863312689,False,0.0,7684.3782,True
31422,I66_EB,110-04183,1110,PM,65.46739130434783,4000.0,3999.965598486921,1795.421646300824,False,0.0,7684.3782,True
31422,I66_EB,110-04183,1125,PM,65.56217391304348,4000.0,3999.995920924782,1786.0217270237742,False,0.0,7684.3782,True
31423,I66_WB,110+04184,900,PM,49.00173913043478,4000.0,3994.631905883103,0.0,False,0.0,3843.9517,False
31423,I66_WB,110+04184,915,PM,47.66608695652174,3856.2303322116654,3941.8393066404287,3941.8393066404287,True,26.74713333649501,3843.9517,False
31423,I66_WB,110+04184,930,PM,44.33782608695652,3856.2303322116654,3895.051193554892,3895.051193554892,True,33.245140811229255,3843.9517,False
31423,I66_WB,110+04184,945,PM,42.63565217391304,3856.2303322116654,3860.426744120562,3860.426744120562,True,36.960521918199646,3843.9517,False
31423,I66_WB,110+04184,960,PM,42.65608695652174,3856.2303322116654,3844.125135831514,3844.125135831514,True,36.91415984563517,3843.9517,False
31423,I66_WB,110+04184,975,PM,42.26260869565217,3856.2303322116654,3849.47712741537,3849.47712741537,True,37.8147561768502,3843.9517,False
31423,I66_WB,110+04184,990,PM,41.06434782608696,3856.2303322116654,3868.499802533974,3868.499802533974,True,40.66365411344439,3843.9517,False
31423,I66_WB,110+04184,1005,PM,38.74391304347826,3856.2303322116654,3890.38182608272,3890.38182608272,True,46.681591982799695,3843.9517,False
31423,I66_WB,110+04184,1020,PM,37.86304347826087,3856.2303322116654,3904.311862957005,3904.311862957005,True,49.15923850793619,3843.9517,False
31423,I66_WB,110+04184,1035,PM,35.25304347826087,3856.2303322116654,3902.2546837630703,3902.2546837630703,True,57.22740988643348,3843.9517,False
31423,I66_WB,110+04184,1050,PM,31.98217391304348,3856.2303322116654,3887.279481950568,3887.279481950568,True,69.19771919818484,3843.9517,False
31423,I66_WB,110+04184,1065,PM,28.72608695652174,3856.2303322116654,3865.2315566799934,3865.2315566799934,True,83.82145348292019,3843.9517,False
31423,I66_WB,110+04184,1080,PM,28.76304347826087,3856.2303322116654,3841.956207111845,3841.956207111845,True,83.63689818140708,3843.9517,False
31423,I66_WB,110+04184,1095,PM,29.07130434782609,3856.2303322116654,3822.157012458561,3822.157012458561,True,82.11577008669336,3843.9517,False
31423,I66_WB,110+04184,1110,PM,31.85782608695652,3856.2303322116654,3805.9706721403527,3805.9706721403527,True,69.70129032781466,3843.9517,False
31423,I66_WB,110+04184,1125,PM,35.985217391304346,3856.2303322116654,3792.392165629373,3792.392165629373,True,54.84596657484697,3843.9517,False
31424,I66_WB,110-58628,900,PM,65.75652173913043,6000.0,,3701.170186510022,False,0.0,15611.3843,True
31424,I66_WB,110-58628,915,PM,64.29869565217392,6000.0,,3832.606175076556,False,0.0,15611.3843,True
31424,I66_WB,110-58628,930,PM,64.25391304347826,6000.0,,3836.159964746843,False,0.0,15611.3843,True
31424,I66_WB,110-58628,945,PM,64.02173913043478,6000.0,,3854.1746581786547,False,0.0,15611.3843,True
31424,I66_WB,110-58628,960,PM,64.72869565217391,6000.0,,3797.119933694917,False,0.0,15611.3843,True
31424,I66_WB,110-58628,975,PM,64.88,6000.0,,3784.020828537519,False,0.0,15611.3843,True
31424,I66_WB,110-58628,990,PM,63.21260869565218,6000.0,,3911.9338412847774,False,0.0,15611.3843,True
31424,I66_WB,110-58628,1005,PM,63.99217391304347,6000.0,,3856.420302196883,False,0.0,15611.3843,True
31424,I66_WB,110-58628,1020,PM,63.44347826086957,6000.0,,3896.2107742438448,False,0.0,15611.3843,True
31424,I66_WB,110-58628,1035,PM,64.73086956521739,6000.0,,3796.934053153907,False,0.0,15611.3843,True
31424,I66_WB,110-58628,1050,PM,62.8295652173913,6000.0,,3936.7757894280985,False,0.0,15611.3843,True
31424,I66_WB,110-58628,1065,PM,60.796956521739126,6000.0,,4045.9307314089288,False,0.0,15611.3843,True
31424,I66_WB,110-58628,1080,PM,60.22391304347826,6000.0,,4070.738187668187,False,0.0,15611.3843,True
31424,I66_WB,110-58628,1095,PM,60.43217391304348,6000.0,,4061.9942183453463,False,0.0,15611.3843,True
31424,I66_WB,110-58628,1110,PM,60.90347826086956,6000.0,,4041.0550763615165,False,0.0,15611.3843,True
31424,I66_WB,110-58628,1125,PM,61.296956521739126,6000.0,,4022.292479163997,False,0.0,15611.3843,True
31425,I66_WB,110-58628,900,PM,65.75652173913043,6000.0,,3701.170186510022,False,0.0,15611.3843,True
31425,I66_WB,110-58628,915,PM,64.29869565217392,6000.0,,3832.606175076556,False,0.0,15611.3843,True
31425,I66_WB,110-58628,930,PM,64.25391304347826,6000.0,,3836.159964746843,False,0.0,15611.3843,True
31425,I66_WB,110-58628,945,PM,64.02173913043478,6000.0,,3854.1746581786547,False,0.0,15611.3843,True
31425,I66_WB,110-58628,960,PM,64.72869565217391,6000.0,,3797.119933694917,False,0.0,15611.3843,True
31425,I66_WB,110-58628,975,PM,64.88,6000.0,,3784.020828537519,False,0.0,15611.3843,True
31425,I66_WB,110-58628,990,PM,63.21260869565218,6000.0,,3911.9338412847774,False,0.0,15611.3843,True
31425,I66_WB,110-58628,1005,PM,63.99217391304347,6000.0,,3856.420302196883,False,0.0,15611.3843,True
31425,I66_WB,110-58628,1020,PM,63.44347826086957,6000.0,,3896.2107742438448,False,0.0,15611.3843,True
31425,I66_WB,110-58628,1035,PM,64.73086956521739,6000.0,,3796.934053153907,False,0.0,15611.3843,True
31425,I66_WB,110-58628,1050,PM,62.8295652173913,6000.0,,3936.7757894280985,False,0.0,15611.3843,True
31425,I66_WB,110-58628,1065,PM,60.796956521739126,6000.0,,4045.9307314089288,False,0.0,15611.3843,True
31425,I66_WB,110-58628,1080,PM,60.22391304347826,6000.0,,4070.738187668187,False,0.0,15611.3843,True
31425,I66_WB,110-58628,1095,PM,60.43217391304348,6000.0,,4061.9942183453463,False,0.0,15611.3843,True
31425,I66_WB,110-58628,1110,PM,60.90347826086956,6000.0,,4041.0550763615165,False,0.0,15611.3843,True
31425,I66_WB,110-58628,1125,PM,61.296956521739126,6000.0,,4022.292479163997,False,0.0,15611.3843,True
31426,I66_WB,110+04184,900,PM,49.00173913043478,4000.0,3963.686030418959,0.0,False,0.0,3843.9517,False
31426,I66_WB,110+04184,915,PM,47.66608695652174,3856.2303322116654,3921.018556527458,3921.018556527458,True,16.748204986403415,3843.9517,False
31426,I66_WB,110+04184,930,PM,44.33782608695652,3856.2303322116654,3886.911710974164,3886.911710974164,True,20.81705078833981,3843.9517,False
31426,I66_WB,110+04184,945,PM,42.63565217391304,3856.2303322116654,3863.3300925678473,3863.3300925678473,True,23.14350437868575,3843.9517,False
31426,I66_WB,110+04184,960,PM,42.65608695652174,3856.2303322116654,3852.2383001172857,3852.2383001172857,True,23.11447392203324,3843.9517,False
31426,I66_WB,110+04184,975,PM,42.26260869565217,3856.2303322116654,3854.235591013682,3854.235591013682,True,23.6783987275604,3843.9517,False
31426,I66_WB,110+04184,990,PM,41.06434782608696,3856.2303322116654,3864.459856977977,3864.459856977977,True,25.46228808972685,3843.9517,False
31426,I66_WB,110+04184,1005,PM,38.74391304347826,3856.2303322116654,3876.683648313536,3876.683648313536,True,29.230529559323173,3843.9517,False
31426,I66_WB,110+04184,1020,PM,37.86304347826087,3856.2303322116654,3884.679515323732,3884.679515323732,True,30.781953084408634,3843.9517,False
31426,I66_WB,110+04184,1035,PM,35.25304347826087,3856.2303322116654,3883.761279749743,3883.761279749743,True,35.833985629822834,3843.9517,False
31426,I66_WB,110+04184,1050,PM,31.98217391304348,3856.2303322116654,3875.407849084003,3875.407849084003,True,43.32941295587276,3843.9517,False
31426,I66_WB,110+04184,1065,PM,28.72608695652174,3856.2303322116654,3862.639402256752,3862.639402256752,True,52.486330685566855,3843.9517,False
31426,I66_WB,110+04184,1080,PM,28.76304347826087,3856.2303322116654,3848.476118198238,3848.476118198238,True,52.37076802013341,3843.9517,False
31426,I66_WB,110+04184,1095,PM,29.07130434782609,3856.2303322116654,3835.472578488056,3835.472578488056,True,51.4182859421351,3843.9517,False
31426,I66_WB,110+04184,1110,PM,31.85782608695652,3856.2303322116654,3824.3209753032393,3824.3209753032393,True,43.64473319592133,3843.9517,False
31426,I66_WB,110+04184,1125,PM,35.985217391304346,3856.2303322116654,3815.247903470171,3815.247903470171,True,34.342801500137824,3843.9517,False
31427,I66_EB,110-04183,900,PM,61.796521739130434,4000.0,3994.719924622783,2044.7380482022843,False,0.0,7684.3782,True
31427,I66_EB,110-04183,915,PM,60.50521739130434,4000.0,3994.408436283018,2099.293465402565,False,0.0,7684.3782,True
31427,I66_EB,110-04183,930,PM,60.4004347826087,4000.0,3994.2241532514895,2103.2219689551134,False,0.0,7684.3782,True
31427,I66_EB,110-04183,945,PM,62.55434782608695,4000.0,3994.143928665969,2006.6023703960432,False,0.0,7684.3782,True
31427,I66_EB,110-04183,960,PM,63.54130434782609,4000.0,3994.144615664233,1948.4226648441113,False,0.0,7684.3782,True
31427,I66_EB,110-04183,975,PM,62.59869565217391,4000.0,3994.2074210231863,2004.2081764600669,False,0.0,7684.3782,True
31427,I66_EB,110-04183,990,PM,63.44434782608696,4000.0,3994.3309660762807,1954.6267841862232,False,0.0,7684.3782,True
31427,I66_EB,110-04183,1005,PM,63.579130434782606,4000.0,3994.5182257960937,1945.9706094512173,False,0.0,7684.3782,True
31427,I66_EB,110-04183,1020,PM,64.03695652173913,4000.0,3994.77217515521,1914.8016740084297,False,0.0,7684.3782,True
31427,I66_EB,110-04183,1035,PM,64.87826086956522,4000.0,3995.093209687389,1849.2543380373043,False,0.0,7684.3782,True
31427,I66_EB,110-04183,1050,PM,64.71130434782609,4000.0,3995.4714071711214,1863.2251236034915,False,0.0,7684.3782,True
31427,I66_EB,110-04183,1065,PM,64.39869565217391,4000.0,3995.894265946069,1888.04927237529,False,0.0,7684.3782,True
31427,I66_EB,110-04183,1080,PM,65.6791304347826,4000.0,3996.3492843519034,1774.1070674405742,False,0.0,7684.3782,True
31427,I66_EB,110-04183,1095,PM,65.81739130434782,4000.0,3996.82329341868,1759.547863312689,False,0.0,7684.3782,True
31427,I66_EB,110-04183,1110,PM,65.46739130434783,4000.0,3997.300454938044,1795.421646300824,False,0.0,7684.3782,True
31427,I66_EB,110-04183,1125,PM,65.56217391304348,4000.0,3997.764263392025,1786.0217270237742,False,0.0,7684.3782,True
31428,I66_EB,110+58629,900,PM,67.94304347826088,6000.0,,2978.301512718335,False,0.0,10649.5931,True
31428,I66_EB,110+58629,915,PM,67.95782608695652,6000.0,,2975.987009758401,False,0.0,10649.5931,True
31428,I66_EB,110+58629,930,PM,68.15739130434783,6000.0,,2943.915011168622,False,0.0,10649.5931,True
31428,I66_EB,110+58629,945,PM,68.69260869565218,6000.0,,2849.3937476075066,False,0.0,10649.5931,True
31428,I66_EB,110+58629,960,PM,68.73782608695652,6000.0,,2840.7671042045117,False,0.0,10649.5931,True
31428,I66_EB,110+58629,975,PM,69.41173913043478,6000.0,,2697.4169798110433,False,0.0,10649.5931,True
31428,I66_EB,110+58629,990,PM,69.8495652173913,6000.0,,2585.405518004658,False,0.0,10649.5931,True
31428,I66_EB,110+58629,1005,PM,70.0786956521739,6000.0,,2518.735325516096,False,0.0,10649.5931,True
31428,I66_EB,110+58629,1020,PM,69.81347826086957,6000.0,,2595.3486742529963,False,0.0,10649.5931,True
31428,I66_EB,110+58629,1035,PM,69.59826086956522,6000.0,,2651.8770120639783,False,0.0,10649.5931,True
31428,I66_EB,110+58629,1050,PM,69.91130434782609,6000.0,,2568.058943266615,False,0.0,10649.5931,True
31428,I66_EB,110+58629,1065,PM,70.07608695652173,6000.0,,2519.5313964485294,False,0.0,10649.5931,True
31428,I66_EB,110+58629,1080,PM,70.3091304347826,6000.0,,2444.5550846669175,False,0.0,10649.5931,True
31428,I66_EB,110+58629,1095,PM,70.46782608695652,6000.0,,2388.415598039155,False,0.0,10649.5931,True
31428,I66_EB,110+58629,1110,PM,70.46652173913044,6000.0,,2388.8961763378034,False,0.0,10649.5931,True
31428,I66_EB,110+58629,1125,PM,69.59869565217392,6000.0,,2651.767306134832,False,0.0,10649.5931,True
31429,I66_EB,110-04183,900,PM,61.796521739130434,4000.0,3999.999991831175,2044.7380482022843,False,0.0,7684.3782,True
31429,I66_EB,110-04183,915,PM,60.50521739130434,4000.0,4000.0,2099.293465402565,False,0.0,7684.3782,True
31429,I66_EB,110-04183,930,PM,60.4004347826087,4000.0,3999.998434374143,2103.2219689551134,False,0.0,7684.3782,True
31429,I66_EB,110-04183,945,PM,62.55434782608695,4000.0,3999.99682074744,2006.6023703960432,False,0.0,7684.3782,True
31429,I66_EB,110-04183,960,PM,63.54130434782609,4000.0,3999.996684913731,1948.4226648441113,False,0.0,7684.3782,True
31429,I66_EB,110-04183,975,PM,62.59869565217391,4000.0,3999.998683898175,2004.2081764600669,False,0.0,7684.3782,True
31429,I66_EB,110-04183,990,PM,63.44434782608696,4000.0,3999.9999996512142,1954.6267841862232,False,0.0,7684.3782,True
31429,I66_EB,110-04183,1005,PM,63.579130434782606,4000.0,3999.996945354611,1945.9706094512173,False,0.0,7684.3782,True
31429,I66_EB,110-04183,1020,PM,64.03695652173913,4000.0,3999.985834190129,1914.8016740084297,False,0.0,7684.3782,True
31429,I66_EB,110-04183,1035,PM,64.87826086956522,4000.0,3999.964993883333,1849.2543380373043,False,0.0,7684.3782,True
31429,I66_EB,110-04183,1050,PM,64.71130434782609,4000.0,3999.940810335012,1863.2251236034915,False,0.0,7684.3782,True
31429,I66_EB,110-04183,1065,PM,64.39869565217391,4000.0,3999.9216839897535,1888.04927237529,False,0.0,7684.3782,True
31429,I66_EB,110-04183,1080,PM,65.6791304347826,4000.0,3999.9160152921513,1774.1070674405742,False,0.0,7684.3782,True
31429,I66_EB,110-04183,1095,PM,65.81739130434782,4000.0,3999.929112657095,1759.547863312689,False,0.0,7684.3782,True
31429,I66_EB,110-04183,1110,PM,65.46739130434783,4000.0,3999.9539163806808,1795.421646300824,False,0.0,7684.3782,True
31429,I66_EB,110-04183,1125,PM,65.56217391304348,4000.0,3999.9802747293033,1786.0217270237742,False,0.0,7684.3782,True
31720,I66_EB,110P58636,900,PM,63.33695652173913,6000.0,,3344.066883189447,False,0.0,13098.4689,True
31720,I66_EB,110P58636,915,PM,63.67130434782609,6000.0,,3302.1090626194787,False,0.0,13098.4689,True
31720,I66_EB,110P58636,930,PM,63.30608695652174,6000.0,,3347.7985886134115,False,0.0,13098.4689,True
31720,I66_EB,110P58636,945,PM,62.97130434782608,6000.0,,3386.8315029574965,False,0.0,13098.4689,True
31720,I66_EB,110P58636,960,PM,63.51913043478261,6000.0,,3321.5629824826847,False,0.0,13098.4689,True
31720,I66_EB,110P58636,975,PM,64.45478260869565,6000.0,,3191.228817502464,False,0.0,13098.4689,True
31720,I66_EB,110P58636,990,PM,65.08217391304348,6000.0,,3086.713442230924,False,0.0,13098.4689,True
31720,I66_EB,110P58636,1005,PM,64.1891304347826,6000.0,,3230.9969687119124,False,0.0,13098.4689,True
31720,I66_EB,110P58636,1020,PM,63.525217391304345,6000.0,,3320.7965169814593,False,0.0,13098.4689,True
31720,I66_EB,110P58636,1035,PM,63.9895652173913,6000.0,,3259.3509239454934,False,0.0,13098.4689,True
31720,I66_EB,110P58636,1050,PM,63.3108695652174,6000.0,,3347.221952369249,False,0.0,13098.4689,True
31720,I66_EB,110P58636,1065,PM,63.98086956521739,6000.0,,3260.5583879237283,False,0.0,13098.4689,True
31720,I66_EB,110P58636,1080,PM,63.31652173913044,6000.0,,3346.539758331538,False,0.0,13098.4689,True
31720,I66_EB,110P58636,1095,PM,64.39826086956522,6000.0,,3199.893752311172,False,0.0,13098.4689,True
31720,I66_EB,110P58636,1110,PM,64.76173913043478,6000.0,,3142.1007869598325,False,0.0,13098.4689,True
31720,I66_EB,110P58636,1125,PM,63.64043478260869,6000.0,,3306.1052728697136,False,0.0,13098.4689,True
31724,I66_EB,110+58636,900,PM,60.5591304347826,6000.0,,2077.84726729875,False,0.0,8060.1482,True
31724,I66_EB,110+58636,915,PM,60.80173913043478,6000.0,,2065.225135031397,False,0.0,8060.1482,True
31724,I66_EB,110+58636,930,PM,61.203478260869566,6000.0,,2043.0653668762382,False,0.0,8060.1482,True
31724,I66_EB,110+58636,945,PM,60.97173913043478,6000.0,,2056.045823827542,False,0.0,8060.1482,True
31724,I66_EB,110+58636,960,PM,61.89347826086957,6000.0,,2000.9149756036854,False,0.0,8060.1482,True
31724,I66_EB,110+58636,975,PM,62.141304347826086,6000.0,,1984.3572215810811,False,0.0,8060.1482,True
31724,I66_EB,110+58636,990,PM,62.506086956521735,6000.0,,1958.443974821125,False,0.0,8060.1482,True
31724,I66_EB,110+58636,1005,PM,61.84260869565218,6000.0,,2004.2154619237194,False,0.0,8060.1482,True
31724,I66_EB,110+58636,1020,PM,61.13,6000.0,,2047.2410724230122,False,0.0,8060.1482,True
31724,I66_EB,110+58636,1035,PM,61.46608695652174,6000.0,,2027.66746007181,False,0.0,8060.1482,True
31724,I66_EB,110+58636,1050,PM,61.4204347826087,6000.0,,2030.3987677012524,False,0.0,8060.1482,True
31724,I66_EB,110+58636,1065,PM,62.1604347826087,6000.0,,1983.0450524542389,False,0.0,8060.1482,True
31724,I66_EB,110+58636,1080,PM,61.56260869565217,6000.0,,2021.8147958574498,False,0.0,8060.1482,True
31724,I66_EB,110+58636,1095,PM,62.29565217391304,6000.0,,1973.625793568222,False,0.0,8060.1482,True
31724,I66_EB,110+58636,1110,PM,62.595652173913045,6000.0,,1951.780296178639,False,0.0,8060.1482,True
31724,I66_EB,110+58636,1125,PM,61.67434782608696,6000.0,,2014.9043347818376,False,0.0,8060.1482,True
31781,I66_EB,110+58635,900,PM,64.65565217391304,7600.0,,4347.660131401756,False,0.0,16729.798,True
31781,I66_EB,110+58635,915,PM,65.34521739130435,7600.0,,4231.416246815458,False,0.0,16729.798,True
31781,I66_EB,110+58635,930,PM,65.25826086956522,7600.0,,4247.014581215588,False,0.0,16729.798,True
31781,I66_EB,110+58635,945,PM,65.40478260869565,7600.0,,4220.5613807179125,False,0.0,16729.798,True
31781,I66_EB,110+58635,960,PM,66.35565217391304,7600.0,,4025.7635295559794,False,0.0,16729.798,True
31781,I66_EB,110+58635,975,PM,66.71565217391304,7600.0,,3939.2633074483656,False,0.0,16729.798,True
31781,I66_EB,110+58635,990,PM,66.67956521739131,7600.0,,3948.3129405813575,False,0.0,16729.798,True
31781,I66_EB,110+58635,1005,PM,66.28739130434782,7600.0,,4041.2740155137285,False,0.0,16729.798,True
31781,I66_EB,110+58635,1020,PM,66.30391304347826,7600.0,,4037.5443399011365,False,0.0,16729.798,True
31781,I66_EB,110+58635,1035,PM,65.58347826086957,7600.0,,4187.134917752273,False,0.0,16729.798,True
31781,I66_EB,110+58635,1050,PM,65.43,7600.0,,4215.923400399415,False,0.0,16729.798,True
31781,I66_EB,110+58635,1065,PM,64.77391304347826,7600.0,,4328.873577206443,False,0.0,16729.798,True
31781,I66_EB,110+58635,1080,PM,65.41565217391305,7600.0,,4218.565376433396,False,0.0,16729.798,True
31781,I66_EB,110+58635,1095,PM,65.19869565217391,7600.0,,4257.5334297107565,False,0.0,16729.798,True
31781,I66_EB,110+58635,1110,PM,65.40565217391304,7600.0,,4220.401874125224,False,0.0,16729.798,True
31781,I66_EB,110+58635,1125,PM,63.94434782608696,7600.0,,4451.948951221211,False,0.0,16729.798,True
31785,I66_EB,110+58635,900,PM,64.65565217391304,7600.0,,3762.3950961218375,False,0.0,14477.6979,True
31785,I66_EB,110+58635,915,PM,65.34521739130435,7600.0,,3661.799509506693,False,0.0,14477.6979,True
31785,I66_EB,110+58635,930,PM,65.25826086956522,7600.0,,3675.298057019834,False,0.0,14477.6979,True
31785,I66_EB,110+58635,945,PM,65.40478260869565,7600.0,,3652.405883109935,False,0.0,14477.6979,True
31785,I66_EB,110+58635,960,PM,66.35565217391304,7600.0,,3483.8309582547968,False,0.0,14477.6979,True
31785,I66_EB,110+58635,975,PM,66.71565217391304,7600.0,,3408.9750583833866,False,0.0,14477.6979,True
31785,I66_EB,110+58635,990,PM,66.67956521739131,7600.0,,3416.8064652303356,False,0.0,14477.6979,True
31785,I66_EB,110+58635,1005,PM,66.28739130434782,7600.0,,3497.253483139945,False,0.0,14477.6979,True
31785,I66_EB,110+58635,1020,PM,66.30391304347826,7600.0,,3494.025881899086,False,0.0,14477.6979,True
31785,I66_EB,110+58635,1035,PM,65.58347826086957,7600.0,,3623.479160104549,False,0.0,14477.6979,True
31785,I66_EB,110+58635,1050,PM,65.43,7600.0,,3648.392249597004,False,0.0,14477.6979,True
31785,I66_EB,110+58635,1065,PM,64.77391304347826,7600.0,,3746.1375145167444,False,0.0,14477.6979,True
31785,I66_EB,110+58635,1080,PM,65.41565217391305,7600.0,,3650.678573130559,False,0.0,14477.6979,True
31785,I66_EB,110+58635,1095,PM,65.19869565217391,7600.0,,3684.4008991921614,False,0.0,14477.6979,True
31785,I66_EB,110+58635,1110,PM,65.40565217391304,7600.0,,3652.267848672101,False,0.0,14477.6979,True
31785,I66_EB,110+58635,1125,PM,63.94434782608696,7600.0,,3852.6449621210327,False,0.0,14477.6979,True
31790,I66_EB,110+58634,900,PM,62.33043478260869,7600.0,,4094.7124944637603,False,0.0,15651.1085,True
31790,I66_EB,110+58634,915,PM,64.67434782608696,7600.0,,3884.0445380618967,False,0.0,15651.1085,True
31790,I66_EB,110+58634,930,PM,63.99173913043478,7600.0,,3954.2562644111395,False,0.0,15651.1085,True
31790,I66_EB,110+58634,945,PM,63.95782608695652,7600.0,,3957.5321867695643,False,0.0,15651.1085,True
31790,I66_EB,110+58634,960,PM,64.66173913043478,7600.0,,3885.4194066858563,False,0.0,15651.1085,True
31790,I66_EB,110+58634,975,PM,65.2804347826087,7600.0,,3814.109248796853,False,0.0,15651.1085,True
31790,I66_EB,110+58634,990,PM,65.07913043478261,7600.0,,3838.2036502079814,False,0.0,15651.1085,True
31790,I66_EB,110+58634,1005,PM,65.39956521739131,7600.0,,3799.4177889388366,False,0.0,15651.1085,True
31790,I66_EB,110+58634,1020,PM,64.54086956521739,7600.0,,3898.4437371980052,False,0.0,15651.1085,True
31790,I66_EB,110+58634,1035,PM,64.07391304347826,7600.0,,3946.238887719463,False,0.0,15651.1085,True
31790,I66_EB,110+58634,1050,PM,64.80130434782609,7600.0,,3870.0266184147836,False,0.0,15651.1085,True
31790,I66_EB,110+58634,1065,PM,64.16347826086957,7600.0,,3937.370089320584,False,0.0,15651.1085,True
31790,I66_EB,110+58634,1080,PM,64.42434782608696,7600.0,,3910.738384377145,False,0.0,15651.1085,True
31790,I66_EB,110+58634,1095,PM,64.07608695652173,7600.0,,3946.0252449072955,False,0.0,15651.1085,True
31790,I66_EB,110+58634,1110,PM,64.22478260869566,7600.0,,3931.2199731006863,False,0.0,15651.1085,True
31790,I66_EB,110+58634,1125,PM,64.1704347826087,7600.0,,3936.675486626143,False,0.0,15651.1085,True
31795,I66_EB,110N04178,900,PM,45.36521739130435,7600.0,7593.767192685687,3497.2223827550442,False,0.0,14020.2227,True
31795,I66_EB,110N04178,915,PM,46.62347826086956,7600.0,7594.149045857128,3506.2431101311413,False,0.0,14020.2227,True
31795,I66_EB,110N04178,930,PM,47.96304347826087,7600.0,7594.561193001827,3511.208934294303,False,0.0,14020.2227,True
31795,I66_EB,110N04178,945,PM,48.31260869565217,7600.0,7594.97359405299,3511.6747818170566,False,0.0,14020.2227,True
31795,I66_EB,110N04178,960,PM,51.146956521739135,7600.0,7595.356208943831,3501.5228429167546,False,0.0,14020.2227,True
31795,I66_EB,110N04178,975,PM,51.5795652173913,7600.0,7595.686352677167,3497.605004411132,False,0.0,14020.2227,True
31795,I66_EB,110N04178,990,PM,48.89,7600.0,7595.97076053429,3511.6579717853588,False,0.0,14020.2227,True
31795,I66_EB,110N04178,1005,PM,47.34521739130435,7600.0,7596.223522866096,3509.534020012108,False,0.0,14020.2227,True
31795,I66_EB,110N04178,1020,PM,47.45608695652174,7600.0,7596.458730023492,3509.9133560183095,False,0.0,14020.2227,True
31795,I66_EB,110N04178,1035,PM,46.68739130434783,7600.0,7596.688676197502,3506.591216754653,False,0.0,14020.2227,True
31795,I66_EB,110N04178,1050,PM,47.40521739130435,7600.0,7596.918470939692,3509.743540338909,False,0.0,14020.2227,True
31795,I66_EB,110N04178,1065,PM,48.39913043478261,7600.0,7597.151427641746,3511.7352063520384,False,0.0,14020.2227,True
31795,I66_EB,110N04178,1080,PM,47.28173913043479,7600.0,7597.390859695359,3509.301519162365,False,0.0,14020.2227,True
31795,I66_EB,110N04178,1095,PM,46.93391304347826,7600.0,7597.638346302883,3507.831497811882,False,0.0,14020.2227,True
31795,I66_EB,110N04178,1110,PM,48.64826086956522,7600.0,7597.888529909365,3511.7858788815106,False,0.0,14020.2227,True
31795,I66_EB,110N04178,1125,PM,53.73652173913044,7600.0,7598.134318770513,3467.31953655744,False,0.0,14020.2227,True
31800,I66_EB,110+58633,900,PM,56.38826086956522,8000.0,,4245.985627401842,False,0.0,16393.8649,True
31800,I66_EB,110+58633,915,PM,59.87217391304348,8000.0,,4114.842958621974,False,0.0,16393.8649,True
31800,I66_EB,110+58633,930,PM,61.16130434782609,8000.0,,4042.734028383057,False,0.0,16393.8649,True
31800,I66_EB,110+58633,945,PM,61.08434782608696,8000.0,,4047.4777569097673,False,0.0,16393.8649,True
31800,I66_EB,110+58633,960,PM,61.49652173913044,8000.0,,4021.36396626319,False,0.0,16393.8649,True
31800,I66_EB,110+58633,975,PM,62.41217391304348,8000.0,,3956.6776559399336,False,0.0,16393.8649,True
31800,I66_EB,110+58633,990,PM,60.8408695652174,8000.0,,4062.1007900670857,False,0.0,16393.8649,True
31800,I66_EB,110+58633,1005,PM,60.47217391304348,8000.0,,4083.168169877684,False,0.0,16393.8649,True
31800,I66_EB,110+58633,1020,PM,58.70086956521739,8000.0,,4168.242055711412,False,0.0,16393.8649,True
31800,I66_EB,110+58633,1035,PM,58.06130434782608,8000.0,,4193.159387687449,False,0.0,16393.8649,True
31800,I66_EB,110+58633,1050,PM,59.59260869565217,8000.0,,4128.561637497555,False,0.0,16393.8649,True
31800,I66_EB,110+58633,1065,PM,57.24739130434783,8000.0,,4220.97322286366,False,0.0,16393.8649,True
31800,I66_EB,110+58633,1080,PM,59.32478260869566,8000.0,,4141.116170988771,False,0.0,16393.8649,True
31800,I66_EB,110+58633,1095,PM,60.34173913043479,8000.0,,4090.3222872532733,False,0.0,16393.8649,True
31800,I66_EB,110+58633,1110,PM,59.73521739130435,8000.0,,4121.643418575437,False,0.0,16393.8649,True
31800,I66_EB,110+58633,1125,PM,62.66434782608695,8000.0,,3937.0904659579087,False,0.0,16393.8649,True
31804,I66_EB,110N04179,900,PM,28.73260869565217,7349.720478640704,7286.457902152815,7286.457902152815,True,163.09837324634617,12907.516,False
31804,I66_EB,110N04179,915,PM,33.66434782608695,7349.720478640704,7264.100562808757,7264.100562808757,True,121.87739064349648,12907.516,False
31804,I66_EB,110N04179,930,PM,38.845217391304345,7349.720478640704,7262.188602688306,7262.188602688306,True,89.84728253075565,12907.516,False
31804,I66_EB,110N04179,945,PM,44.90521739130435,7349.720478640704,7282.196831954212,7282.196831954212,True,61.76051418018402,12907.516,False
31804,I66_EB,110N04179,960,PM,48.11347826086956,7349.720478640704,7325.600060769229,7325.600060769229,True,49.75530796604524,12907.516,False
31804,I66_EB,110N04179,975,PM,48.10826086956522,7349.720478640704,7389.467228863661,7389.467228863661,True,49.77353141211912,12907.516,False
31804,I66_EB,110N04179,990,PM,45.98652173913044,7349.720478640704,7453.243794238069,7453.243794238069,True,57.52716500514524,12907.516,False
31804,I66_EB,110N04179,1005,PM,38.40434782608696,7349.720478640704,7491.969344460556,7491.969344460556,True,92.23649996945224,12907.516,False
31804,I66_EB,110N04179,1020,PM,31.791304347826085,7349.720478640704,7480.683467099241,7480.683467099241,True,136.02662090276306,12907.516,False
31804,I66_EB,110N04179,1035,PM,30.503913043478263,7349.720478640704,7406.424145623864,7406.424145623864,True,146.7593502602043,12907.516,False
31804,I66_EB,110N04179,1050,PM,29.40521739130435,7349.720478640704,7304.222947110726,7304.222947110726,True,156.66221768291683,12907.516,False
31804,I66_EB,110N04179,1065,PM,28.25565217391304,7349.720478640704,7221.109834537748,7221.109834537748,True,167.84802649796168,12907.516,False
31804,I66_EB,110N04179,1080,PM,34.025652173913045,7349.720478640704,7204.114770882866,7204.114770882866,True,119.32727408098252,12907.516,False
31804,I66_EB,110N04179,1095,PM,39.76130434782608,7349.720478640704,7266.709139355558,7266.709139355558,True,85.05213439567503,12907.516,False
31804,I66_EB,110N04179,1110,PM,41.61086956521739,7349.720478640704,7288.130004091528,7288.130004091528,True,76.01427162326068,12907.516,False
31804,I66_EB,110N04179,1125,PM,48.39782608695653,7349.720478640704,7114.0558494580255,7114.0558494580255,True,48.76807235887205,12907.516,False
31809,I66_EB,110+58631,900,PM,69.83608695652174,7600.0,,3453.1414222586122,False,0.0,13605.367,True
31809,I66_EB,110+58631,915,PM,68.97260869565217,7600.0,,3679.387987045039,False,0.0,13605.367,True
31809,I66_EB,110+58631,930,PM,69.32260869565218,7600.0,,3594.5779103896016,False,0.0,13605.367,True
31809,I66_EB,110+58631,945,PM,69.78956521739131,7600.0,,3466.9279831839726,False,0.0,13605.367,True
31809,I66_EB,110+58631,960,PM,70.2704347826087,7600.0,,3312.9508530414014,False,0.0,13605.367,True
31809,I66_EB,110+58631,975,PM,70.57043478260869,7600.0,,3201.4110566942436,False,0.0,13605.367,True
31809,I66_EB,110+58631,990,PM,70.53565217391304,7600.0,,3215.0819226498966,False,0.0,13605.367,True
31809,I66_EB,110+58631,1005,PM,70.53956521739131,7600.0,,3213.5543922914667,False,0.0,13605.367,True
31809,I66_EB,110+58631,1020,PM,69.88304347826087,7600.0,,3439.0058608852214,False,0.0,13605.367,True
31809,I66_EB,110+58631,1035,PM,69.77956521739131,7600.0,,3469.863729661366,False,0.0,13605.367,True
31809,I66_EB,110+58631,1050,PM,69.88130434782609,7600.0,,3439.5334240515954,False,0.0,13605.367,True
31809,I66_EB,110+58631,1065,PM,69.0313043478261,7600.0,,3665.73061964809,False,0.0,13605.367,True
31809,I66_EB,110+58631,1080,PM,70.81869565217391,7600.0,,3097.195566493725,False,0.0,13605.367,True
31809,I66_EB,110+58631,1095,PM,70.1404347826087,7600.0,,3357.266988306821,False,0.0,13605.367,True
31809,I66_EB,110+58631,1110,PM,69.90304347826087,7600.0,,3432.9163060009682,False,0.0,13605.367,True
31809,I66_EB,110+58631,1125,PM,70.06217391304348,7600.0,,3382.9219773979826,False,0.0,13605.367,True
31818,I66_EB,110+58630,900,PM,68.49695652173914,9500.0,,3267.578219794078,False,0.0,12575.9156,True
31818,I66_EB,110+58630,915,PM,68.92652173913044,9500.0,,3141.2300045166694,False,0.0,12575.9156,True
31818,I66_EB,110+58630,930,PM,68.95782608695652,9500.0,,3131.2293194353924,False,0.0,12575.9156,True
31818,I66_EB,110+58630,945,PM,68.84608695652175,9500.0,,3166.390444995056,False,0.0,12575.9156,True
31818,I66_EB,110+58630,960,PM,69.24173913043478,9500.0,,3034.6072721826986,False,0.0,12575.9156,True
31818,I66_EB,110+58630,975,PM,69.09130434782608,9500.0,,3087.1913514699118,False,0.0,12575.9156,True
31818,I66_EB,110+58630,990,PM,68.68608695652173,9500.0,,3214.292202129183,False,0.0,12575.9156,True
31818,I66_EB,110+58630,1005,PM,69.26608695652173,9500.0,,3025.7762583745443,False,0.0,12575.9156,True
31818,I66_EB,110+58630,1020,PM,68.86826086956522,9500.0,,3159.529629660266,False,0.0,12575.9156,True
31818,I66_EB,110+58630,1035,PM,69.09652173913044,9500.0,,3085.421969294161,False,0.0,12575.9156,True
31818,I66_EB,110+58630,1050,PM,68.87217391304348,9500.0,,3158.313026709011,False,0.0,12575.9156,True
31818,I66_EB,110+58630,1065,PM,68.72521739130435,9500.0,,3202.828641728593,False,0.0,12575.9156,True
31818,I66_EB,110+58630,1080,PM,69.02956521739131,9500.0,,3107.849457095658,False,0.0,12575.9156,True
31818,I66_EB,110+58630,1095,PM,69.16565217391305,9500.0,,3061.6168956840156,False,0.0,12575.9156,True
31818,I66_EB,110+58630,1110,PM,68.97130434782608,9500.0,,3126.8863407796066,False,0.0,12575.9156,True
31818,I66_EB,110+58630,1125,PM,68.24782608695652,9500.0,,3332.9213661511576,False,0.0,12575.9156,True
31823,I66_EB,110+58630,900,PM,68.49695652173914,7600.0,,2644.924643520181,False,0.0,10179.5112,True
31823,I66_EB,110+58630,915,PM,68.92652173913044,7600.0,,2542.652720470984,False,0.0,10179.5112,True
31823,I66_EB,110+58630,930,PM,68.95782608695652,7600.0,,2534.55771657381,False,0.0,10179.5112,True
31823,I66_EB,110+58630,945,PM,68.84608695652175,7600.0,,2563.018711607778,False,0.0,10179.5112,True
31823,I66_EB,110+58630,960,PM,69.24173913043478,7600.0,,2456.3474897036704,False,0.0,10179.5112,True
31823,I66_EB,110+58630,975,PM,69.09130434782608,7600.0,,2498.9114064053597,False,0.0,10179.5112,True
31823,I66_EB,110+58630,990,PM,68.68608695652173,7600.0,,2601.7925463531806,False,0.0,10179.5112,True
31823,I66_EB,110+58630,1005,PM,69.26608695652173,7600.0,,2449.199270295498,False,0.0,10179.5112,True
31823,I66_EB,110+58630,1020,PM,68.86826086956522,7600.0,,2557.4652593771007,False,0.0,10179.5112,True
31823,I66_EB,110+58630,1035,PM,69.09652173913044,7600.0,,2497.479188963066,False,0.0,10179.5112,True
31823,I66_EB,110+58630,1050,PM,68.87217391304348,7600.0,,2556.4804862788897,False,0.0,10179.5112,True
31823,I66_EB,110+58630,1065,PM,68.72521739130435,7600.0,,2592.513425436555,False,0.0,10179.5112,True
31823,I66_EB,110+58630,1080,PM,69.02956521739131,7600.0,,2515.6330053947863,False,0.0,10179.5112,True
31823,I66_EB,110+58630,1095,PM,69.16565217391305,7600.0,,2478.2102926744096,False,0.0,10179.5112,True
31823,I66_EB,110+58630,1110,PM,68.97130434782608,7600.0,,2531.042314493032,False,0.0,10179.5112,True
31823,I66_EB,110+58630,1125,PM,68.24782608695652,7600.0,,2697.816322451704,False,0.0,10179.5112,True
31829,I66_EB,110+58629,900,PM,67.94304347826088,7600.0,,3281.2688822557716,False,0.0,11732.9217,True
31829,I66_EB,110+58629,915,PM,67.95782608695652,7600.0,,3278.718936755664,False,0.0,11732.9217,True
31829,I66_EB,110+58629,930,PM,68.15739130434783,7600.0,,3243.3844178981894,False,0.0,11732.9217,True
31829,I66_EB,110+58629,945,PM,68.69260869565218,7600.0,,3139.247989967658,False,0.0,11732.9217,True
31829,I66_EB,110+58629,960,PM,68.73782608695652,7600.0,,3129.743802283607,False,0.0,11732.9217,True
31829,I66_EB,110+58629,975,PM,69.41173913043478,7600.0,,2971.811403420987,False,0.0,11732.9217,True
31829,I66_EB,110+58629,990,PM,69.8495652173913,7600.0,,2848.405588894903,False,0.0,11732.9217,True
31829,I66_EB,110+58629,1005,PM,70.0786956521739,7600.0,,2774.953378951575,False,0.0,11732.9217,True
31829,I66_EB,110+58629,1020,PM,69.81347826086957,7600.0,,2859.3602115379613,False,0.0,11732.9217,True
31829,I66_EB,110+58629,1035,PM,69.59826086956522,7600.0,,2921.6388878347493,False,0.0,11732.9217,True
31829,I66_EB,110+58629,1050,PM,69.91130434782609,7600.0,,2829.294435890884,False,0.0,11732.9217,True
31829,I66_EB,110+58629,1065,PM,70.07608695652173,7600.0,,2775.830430105565,False,0.0,11732.9217,True
31829,I66_EB,110+58629,1080,PM,70.3091304347826,7600.0,,2693.227161865351,False,0.0,11732.9217,True
31829,I66_EB,110+58629,1095,PM,70.46782608695652,7600.0,,2631.3768925924587,False,0.0,11732.9217,True
31829,I66_EB,110+58629,1110,PM,70.46652173913044,7600.0,,2631.9063576617636,False,0.0,11732.9217,True
31829,I66_EB,110+58629,1125,PM,69.59869565217392,7600.0,,2921.5180220829193,False,0.0,11732.9217,True
31833,I66_EB,110+58629,900,PM,67.94304347826088,5700.0,,2660.4967967712764,False,0.0,9513.2102,True
31833,I66_EB,110+58629,915,PM,67.95782608695652,5700.0,,2658.429266776504,False,0.0,9513.2102,True
31833,I66_EB,110+58629,930,PM,68.15739130434783,5700.0,,2629.7795652100967,False,0.0,9513.2102,True
31833,I66_EB,110+58629,945,PM,68.69260869565218,5700.0,,2545.3443534435096,False,0.0,9513.2102,True
31833,I66_EB,110+58629,960,PM,68.73782608695652,5700.0,,2537.6382306609266,False,0.0,9513.2102,True
31833,I66_EB,110+58629,975,PM,69.41173913043478,5700.0,,2409.584524500904,False,0.0,9513.2102,True
31833,I66_EB,110+58629,990,PM,69.8495652173913,5700.0,,2309.525435766949,False,0.0,9513.2102,True
31833,I66_EB,110+58629,1005,PM,70.0786956521739,5700.0,,2249.9693992815605,False,0.0,9513.2102,True
31833,I66_EB,110+58629,1020,PM,69.81347826086957,5700.0,,2318.4075906580956,False,0.0,9513.2102,True
31833,I66_EB,110+58629,1035,PM,69.59826086956522,5700.0,,2368.903976276104,False,0.0,9513.2102,True
31833,I66_EB,110+58629,1050,PM,69.91130434782609,5700.0,,2294.0298567167965,False,0.0,9513.2102,True
31833,I66_EB,110+58629,1065,PM,70.07608695652173,5700.0,,2250.6805241145216,False,0.0,9513.2102,True
31833,I66_EB,110+58629,1080,PM,70.3091304347826,5700.0,,2183.7046868875377,False,0.0,9513.2102,True
31833,I66_EB,110+58629,1095,PM,70.46782608695652,5700.0,,2133.555659427513,False,0.0,9513.2102,True
31833,I66_EB,110+58629,1110,PM,70.46652173913044,5700.0,,2133.984956803448,False,0.0,9513.2102,True
31833,I66_EB,110+58629,1125,PM,69.59869565217392,5700.0,,2368.8059767042555,False,0.0,9513.2102,True
32029,I66_WB,110+04178,900,PM,29.97347826086957,6771.335444795606,6775.375895901085,6775.375895901085,True,17.628176300425533,14995.3255,False
32029,I66_WB,110+04178,915,PM,28.46391304347826,6771.335444795606,6773.570304668756,6773.570304668756,True,19.30552168339551,14995.3255,False
32029,I66_WB,110+04178,930,PM,30.32,6771.335444795606,6771.100536152876,6771.100536152876,True,17.266711085866856,14995.3255,False
32029,I66_WB,110+04178,945,PM,27.10739130434783,6771.335444795606,6769.108851636314,6769.108851636314,True,20.972180843233023,14995.3255,False
32029,I66_WB,110+04178,960,PM,29.50608695652173,6771.335444795606,6768.73751240195,6768.73751240195,True,18.12917226918144,14995.3255,False
32029,I66_WB,110+04178,975,PM,29.38347826086957,6771.335444795606,6770.702598910673,6770.702598910673,True,18.26323523251895,14995.3255,False
32029,I66_WB,110+04178,990,PM,30.03695652173913,6771.335444795606,6774.015468335459,6774.015468335459,True,17.56133662766848,14995.3255,False
32029,I66_WB,110+04178,1005,PM,28.16608695652174,6771.335444795606,6777.261297027294,6777.261297027294,True,19.6576848904676,14995.3255,False
32029,I66_WB,110+04178,1020,PM,29.16434782608696,6771.335444795606,6779.02526133717,6779.02526133717,True,18.505644707956822,14995.3255,False
32029,I66_WB,110+04178,1035,PM,26.15391304347826,6771.335444795606,6778.23178365332,6778.23178365332,True,22.24711794511525,14995.3255,False
32029,I66_WB,110+04178,1050,PM,24.993913043478265,6771.335444795606,6775.162270512944,6775.162270512944,True,23.92936363294592,14995.3255,False
32029,I66_WB,110+04178,1065,PM,24.61521739130435,6771.335444795606,6770.437374490488,6770.437374490488,True,24.51288229922298,14995.3255,False
32029,I66_WB,110+04178,1080,PM,24.49913043478261,6771.335444795606,6764.677748160396,6764.677748160396,True,24.69536909444436,14995.3255,False
32029,I66_WB,110+04178,1095,PM,25.73565217391304,6771.335444795606,6758.747710869091,6758.747710869091,True,22.836202649984337,14995.3255,False
32029,I66_WB,110+04178,1110,PM,28.74826086956521,6771.335444795606,6754.486249050924,6754.486249050924,True,18.97610461667796,14995.3255,False
32029,I66_WB,110+04178,1125,PM,31.91391304347826,6771.335444795606,6753.976015912217,6753.976015912217,True,15.705154469568011,14995.3255,False
32031,I66_WB,110P04178,900,PM,40.39695652173913,7403.175595885631,7426.535203792069,7426.535203792069,True,63.114301679718416,14328.9325,False
32031,I66_WB,110P04178,915,PM,38.93043478260869,7403.175595885631,7425.91469255608,7425.91469255608,True,69.05130246016084,14328.9325,False
32031,I66_WB,110P04178,930,PM,39.54826086956522,7403.175595885631,7412.31156920747,7412.31156920747,True,66.4964483865017,14328.9325,False
32031,I66_WB,110P04178,945,PM,38.84695652173913,7403.175595885631,7396.372914870675,7396.372914870675,True,69.40273635113105,14328.9325,False
32031,I66_WB,110P04178,960,PM,39.01086956521739,7403.175595885631,7388.745810670138,7388.745810670138,True,68.7141040571281,14328.9325,False
32031,I66_WB,110P04178,975,PM,39.42304347826087,7403.175595885631,7396.7404475558,7396.7404475558,True,67.00778114225474,14328.9325,False
32031,I66_WB,110P04178,990,PM,39.40565217391305,7403.175595885631,7414.319455779634,7414.319455779634,True,67.07905659563397,14328.9325,False
32031,I66_WB,110P04178,1005,PM,38.0304347826087,7403.175595885631,7432.108575419112,7432.108575419112,True,72.92154753532603,14328.9325,False
32031,I66_WB,110P04178,1020,PM,38.81695652173913,7403.175595885631,7440.733546551712,7440.733546551712,True,69.52940212355198,14328.9325,False
32031,I66_WB,110P04178,1035,PM,33.67956521739131,7403.175595885631,7433.600330253201,7433.600330253201,True,94.54847375499456,14328.9325,False
32031,I66_WB,110P04178,1050,PM,36.32608695652174,7403.175595885631,7415.235771592526,7415.235771592526,True,80.77616111450571,14328.9325,False
32031,I66_WB,110P04178,1065,PM,34.617826086956526,7403.175595885631,7392.946936636925,7392.946936636925,True,89.42489002431559,14328.9325,False
32031,I66_WB,110P04178,1080,PM,32.8095652173913,7403.175595885631,7374.040891453636,7374.040891453636,True,99.5611401556754,14328.9325,False
32031,I66_WB,110P04178,1095,PM,33.04217391304348,7403.175595885631,7363.831171449385,7363.831171449385,True,98.19506887925638,14328.9325,False
32031,I66_WB,110P04178,1110,PM,38.07652173913044,7403.175595885631,7359.657189388832,7359.657189388832,True,72.71891649625276,14328.9325,False
32031,I66_WB,110P04178,1125,PM,41.96652173913044,7403.175595885631,7356.86482737612,7356.86482737612,True,57.21983869025008,14328.9325,False
32032,I66_WB,110+04179,900,PM,53.69695652173913,8000.0,,4426.3154168066485,False,0.0,17982.9651,True
32032,I66_WB,110+04179,915,PM,52.2195652173913,8000.0,,4470.121683764516,False,0.0,17982.9651,True
32032,I66_WB,110+04179,930,PM,52.40260869565218,8000.0,,4465.456975981255,False,0.0,17982.9651,True
32032,I66_WB,110+04179,945,PM,52.08347826086957,8000.0,,4473.457467511951,False,0.0,17982.9651,True
32032,I66_WB,110+04179,960,PM,51.31173913043479,8000.0,,4490.3138373225165,False,0.0,17982.9651,True
32032,I66_WB,110+04179,975,PM,51.63130434782609,8000.0,,4483.751013918831,False,0.0,17982.9651,True
32032,I66_WB,110+04179,990,PM,51.040000000000006,8000.0,,4495.445311244446,False,0.0,17982.9651,True
32032,I66_WB,110+04179,1005,PM,51.48608695652174,8000.0,,4486.805040237125,False,0.0,17982.9651,True
32032,I66_WB,110+04179,1020,PM,50.13565217391304,8000.0,,4509.677584660281,False,0.0,17982.9651,True
32032,I66_WB,110+04179,1035,PM,47.68391304347826,8000.0,,4528.287056226868,False,0.0,17982.9651,True
32032,I66_WB,110+04179,1050,PM,48.436521739130434,8000.0,,4525.477324987356,False,0.0,17982.9651,True
32032,I66_WB,110+04179,1065,PM,48.4,8000.0,,4525.670572893023,False,0.0,17982.9651,True
32032,I66_WB,110+04179,1080,PM,47.14565217391304,8000.0,,4528.8269296103035,False,0.0,17982.9651,True
32032,I66_WB,110+04179,1095,PM,46.12260869565217,8000.0,,4526.638640695913,False,0.0,17982.9651,True
32032,I66_WB,110+04179,1110,PM,49.32434782608696,8000.0,,4518.923316390792,False,0.0,17982.9651,True
32032,I66_WB,110+04179,1125,PM,51.94695652173913,8000.0,,4476.692227748177,False,0.0,17982.9651,True
32034,I66_WB,110P04179,900,PM,60.36434782608696,7600.0,,3769.7182729393708,False,0.0,15122.2215,True
32034,I66_WB,110P04179,915,PM,60.58565217391305,7600.0,,3751.453686161922,False,0.0,15122.2215,True
32034,I66_WB,110P04179,930,PM,61.01739130434783,7600.0,,3713.724524297683,False,0.0,15122.2215,True
32034,I66_WB,110P04179,945,PM,60.80652173913043,7600.0,,3732.5095704794894,False,0.0,15122.2215,True
32034,I66_WB,110P04179,960,PM,60.48347826086956,7600.0,,3759.9734196151003,False,0.0,15122.2215,True
32034,I66_WB,110P04179,975,PM,60.59347826086957,7600.0,,3750.794847695208,False,0.0,15122.2215,True
32034,I66_WB,110P04179,990,PM,59.614782608695656,7600.0,,3826.6603493777484,False,0.0,15122.2215,True
32034,I66_WB,110P04179,1005,PM,60.052608695652175,7600.0,,3794.2907444342613,False,0.0,15122.2215,True
32034,I66_WB,110P04179,1020,PM,59.69217391304348,7600.0,,3821.112924137407,False,0.0,15122.2215,True
32034,I66_WB,110P04179,1035,PM,59.705652173913045,7600.0,,3820.1393115845663,False,0.0,15122.2215,True
32034,I66_WB,110P04179,1050,PM,59.4,7600.0,,3841.6794461313757,False,0.0,15122.2215,True
32034,I66_WB,110P04179,1065,PM,60.246956521739136,7600.0,,3779.126590561331,False,0.0,15122.2215,True
32034,I66_WB,110P04179,1080,PM,60.13130434782609,7600.0,,3788.2113643135417,False,0.0,15122.2215,True
32034,I66_WB,110P04179,1095,PM,60.17739130434782,7600.0,,3784.612750916314,False,0.0,15122.2215,True
32034,I66_WB,110P04179,1110,PM,60.332608695652176,7600.0,,3772.280830385393,False,0.0,15122.2215,True
32034,I66_WB,110P04179,1125,PM,60.20304347826088,7600.0,,3782.5973669692885,False,0.0,15122.2215,True
32035,I66_WB,110+04180,900,PM,59.56999999999999,7600.0,,4170.746822725768,False,0.0,16882.902,True
32035,I66_WB,110+04180,915,PM,59.35478260869566,7600.0,,4188.465216823843,False,0.0,16882.902,True
32035,I66_WB,110+04180,930,PM,60.06913043478261,7600.0,,4127.028533891452,False,0.0,16882.902,True
32035,I66_WB,110+04180,945,PM,59.54217391304348,7600.0,,4173.0747710914275,False,0.0,16882.902,True
32035,I66_WB,110+04180,960,PM,59.2604347826087,7600.0,,4196.028639790322,False,0.0,16882.902,True
32035,I66_WB,110+04180,975,PM,57.896956521739135,7600.0,,4292.761470685401,False,0.0,16882.902,True
32035,I66_WB,110+04180,990,PM,57.43521739130435,7600.0,,4320.736286012878,False,0.0,16882.902,True
32035,I66_WB,110+04180,1005,PM,57.969130434782606,7600.0,,4288.185209529856,False,0.0,16882.902,True
32035,I66_WB,110+04180,1020,PM,57.47130434782608,7600.0,,4318.629016512434,False,0.0,16882.902,True
32035,I66_WB,110+04180,1035,PM,57.735652173913046,7600.0,,4302.787112540459,False,0.0,16882.902,True
32035,I66_WB,110+04180,1050,PM,58.23434782608696,7600.0,,4270.875945292964,False,0.0,16882.902,True
32035,I66_WB,110+04180,1065,PM,58.81739130434782,7600.0,,4229.957938571323,False,0.0,16882.902,True
32035,I66_WB,110+04180,1080,PM,59.62913043478261,7600.0,,4165.762711890704,False,0.0,16882.902,True
32035,I66_WB,110+04180,1095,PM,59.02,7600.0,,4214.75988424821,False,0.0,16882.902,True
32035,I66_WB,110+04180,1110,PM,60.052608695652175,7600.0,,4128.537163875595,False,0.0,16882.902,True
32035,I66_WB,110+04180,1125,PM,59.88869565217392,7600.0,,4143.271276517352,False,0.0,16882.902,True
32037,I66_WB,110P04181,900,PM,50.22869565217391,7600.0,7660.967368350083,0.0,False,0.0,16316.3355,False
32037,I66_WB,110P04181,915,PM,45.87217391304348,7511.73871072587,7608.163237250342,7608.163237250342,True,61.88705859250222,16316.3355,False
32037,I66_WB,110P04181,930,PM,44.60260869565217,7511.73871072587,7561.191897609513,7561.191897609513,True,67.24729255813676,16316.3355,False
32037,I66_WB,110P04181,945,PM,44.537826086956514,7511.73871072587,7526.05937925537,7526.05937925537,True,67.52900593556704,16316.3355,False
32037,I66_WB,110P04181,960,PM,44.09478260869565,7511.73871072587,7508.771712015694,7508.771712015694,True,69.47781118314707,16316.3355,False
32037,I66_WB,110P04181,975,PM,41.80478260869565,7511.73871072587,7512.046596727088,7512.046596727088,True,80.20931589154067,16316.3355,False
32037,I66_WB,110P04181,990,PM,41.44869565217392,7511.73871072587,7525.448418261485,7525.448418261485,True,81.98455779824833,16316.3355,False
32037,I66_WB,110P04181,1005,PM,41.22260869565218,7511.73871072587,7535.25323249964,7535.25323249964,True,83.12761372762202,16316.3355,False
32037,I66_WB,110P04181,1020,PM,40.546956521739126,7511.73871072587,7527.737095322311,7527.737095322311,True,86.61956165316536,16316.3355,False
32037,I66_WB,110P04181,1035,PM,39.29347826086956,7511.73871072587,7493.961369751236,7493.961369751236,True,93.41592179168438,16316.3355,False
32037,I66_WB,110P04181,1050,PM,41.14217391304348,7511.73871072587,7444.128647372077,7444.128647372077,True,83.53730762808475,16316.3355,False
32037,I66_WB,110P04181,1065,PM,44.57565217391304,7511.73871072587,7393.226826911474,7393.226826911474,True,67.36441610093121,16316.3355,False
32037,I66_WB,110P04181,1080,PM,50.40086956521739,7511.73871072587,7356.243807096072,7356.243807096072,True,44.96613372872736,16316.3355,False
32037,I66_WB,110P04181,1095,PM,52.7804347826087,7600.0,7344.591702024971,0.0,False,0.0,16316.3355,False
32037,I66_WB,110P04181,1110,PM,55.47739130434783,7600.0,7355.379487287124,0.0,False,0.0,16316.3355,False
32037,I66_WB,110P04181,1125,PM,57.39217391304348,7600.0,7382.140353843935,0.0,False,0.0,16316.3355,False
32038,I66_WB,110P04181,900,PM,50.22869565217391,9500.0,9476.259999212063,0.0,False,0.0,18392.636,False
32038,I66_WB,110P04181,915,PM,45.87217391304348,9389.673388407338,9438.189288114245,9438.189288114245,True,15.47176464812556,18392.636,False
32038,I66_WB,110P04181,930,PM,44.60260869565217,9389.673388407338,9412.440418908598,9412.440418908598,True,16.811823139534198,18392.636,False
32038,I66_WB,110P04181,945,PM,44.537826086956514,9389.673388407338,9397.103261380187,9397.103261380187,True,16.882251483891764,18392.636,False
32038,I66_WB,110P04181,960,PM,44.09478260869565,9389.673388407338,9390.26768531409,9390.26768531409,True,17.36945279578677,18392.636,False
32038,I66_WB,110P04181,975,PM,41.80478260869565,9389.673388407338,9389.764139209705,9389.764139209705,True,20.05232897288517,18392.636,False
32038,I66_WB,110P04181,990,PM,41.44869565217392,9389.673388407338,9392.385386423786,9392.385386423786,True,20.49613944956209,18392.636,False
32038,I66_WB,110P04181,1005,PM,41.22260869565218,9389.673388407338,9394.664769027417,9394.664769027417,True,20.781903431905512,18392.636,False
32038,I66_WB,110P04181,1020,PM,40.546956521739126,9389.673388407338,9393.135629091676,9393.135629091676,True,21.654890413291348,18392.636,False
32038,I66_WB,110P04181,1035,PM,39.29347826086956,9389.673388407338,9385.4262082318,9385.4262082318,True,23.353980447921103,18392.636,False
32038,I66_WB,110P04181,1050,PM,41.14217391304348,9389.673388407338,9373.544346239636,9373.544346239636,True,20.8843269070212,18392.636,False
32038,I66_WB,110P04181,1065,PM,44.57565217391304,9389.673388407338,9360.592782451173,9360.592782451173,True,16.841104025232802,18392.636,False
32038,I66_WB,110P04181,1080,PM,50.40086956521739,9389.673388407338,9349.674256202406,9349.674256202406,True,11.24153343218185,18392.636,False
32038,I66_WB,110P04181,1095,PM,52.7804347826087,9500.0,9343.563965697898,0.0,False,0.0,18392.636,False
32038,I66_WB,110P04181,1110,PM,55.47739130434783,9500.0,9343.726944616485,0.0,False,0.0,18392.636,False
32038,I66_WB,110P04181,1125,PM,57.39217391304348,9500.0,9351.30068550556,0.0,False,0.0,18392.636,False
32041,I66_WB,110-58629,900,PM,66.60913043478261,5700.0,,2949.32206481589,False,0.0,12543.0868,True
32041,I66_WB,110-58629,915,PM,65.26347826086956,5700.0,,3096.058429937751,False,0.0,12543.0868,True
32041,I66_WB,110-58629,930,PM,64.17304347826087,5700.0,,3190.659875666792,False,0.0,12543.0868,True
32041,I66_WB,110-58629,945,PM,64.69608695652174,5700.0,,3147.560216592781,False,0.0,12543.0868,True
32041,I66_WB,110-58629,960,PM,63.84173913043478,5700.0,,3216.017701800168,False,0.0,12543.0868,True
32041,I66_WB,110-58629,975,PM,64.71173913043478,5700.0,,3146.208635832121,False,0.0,12543.0868,True
32041,I66_WB,110-58629,990,PM,63.24086956521739,5700.0,,3258.5489969949717,False,0.0,12543.0868,True
32041,I66_WB,110-58629,1005,PM,63.86347826086957,5700.0,,3214.3971889453987,False,0.0,12543.0868,True
32041,I66_WB,110-58629,1020,PM,64.45652173913044,5700.0,,3167.7887593961163,False,0.0,12543.0868,True
32041,I66_WB,110-58629,1035,PM,65.00391304347826,5700.0,,3120.274625959985,False,0.0,12543.0868,True
32041,I66_WB,110-58629,1050,PM,64.65695652173913,5700.0,,3150.92284781624,False,0.0,12543.0868,True
32041,I66_WB,110-58629,1065,PM,65.37391304347825,5700.0,,3085.400081615273,False,0.0,12543.0868,True
32041,I66_WB,110-58629,1080,PM,64.25782608695653,5700.0,,3183.936592757733,False,0.0,12543.0868,True
32041,I66_WB,110-58629,1095,PM,64.34608695652175,5700.0,,3176.8322949304293,False,0.0,12543.0868,True
32041,I66_WB,110-58629,1110,PM,65.41304347826087,5700.0,,3081.5707401607892,False,0.0,12543.0868,True
32041,I66_WB,110-58629,1125,PM,66.29782608695652,5700.0,,2986.848146777559,False,0.0,12543.0868,True
32042,I66_WB,110N58629,900,PM,55.59782608695652,7600.0,,4117.281997790184,False,0.0,16495.9747,True
32042,I66_WB,110N58629,915,PM,52.939130434782605,7600.0,,4145.611578250316,False,0.0,16495.9747,True
32042,I66_WB,110N58629,930,PM,53.27739130434783,7600.0,,4143.489951583461,False,0.0,16495.9747,True
32042,I66_WB,110N58629,945,PM,54.28565217391304,7600.0,,4134.683700785752,False,0.0,16495.9747,True
32042,I66_WB,110N58629,960,PM,54.97347826086957,7600.0,,4126.4362143393855,False,0.0,16495.9747,True
32042,I66_WB,110N58629,975,PM,55.4895652173913,7600.0,,4118.986728135525,False,0.0,16495.9747,True
32042,I66_WB,110N58629,990,PM,51.5,7600.0,,4150.243821780718,False,0.0,16495.9747,True
32042,I66_WB,110N58629,1005,PM,54.00826086956522,7600.0,,4137.48655177531,False,0.0,16495.9747,True
32042,I66_WB,110N58629,1020,PM,55.20260869565218,7600.0,,4123.265515466124,False,0.0,16495.9747,True
32042,I66_WB,110N58629,1035,PM,57.41130434782609,7600.0,,4080.8770276118075,False,0.0,16495.9747,True
32042,I66_WB,110N58629,1050,PM,56.02739130434783,7600.0,,4110.018180236924,False,0.0,16495.9747,True
32042,I66_WB,110N58629,1065,PM,55.78173913043479,7600.0,,4114.270590171691,False,0.0,16495.9747,True
32042,I66_WB,110N58629,1080,PM,53.80347826086957,7600.0,,4139.368295080411,False,0.0,16495.9747,True
32042,I66_WB,110N58629,1095,PM,53.70434782608696,7600.0,,4140.222808121157,False,0.0,16495.9747,True
32042,I66_WB,110N58629,1110,PM,55.95434782608696,7600.0,,4111.310379712306,False,0.0,16495.9747,True
32042,I66_WB,110N58629,1125,PM,57.00652173913044,7600.0,,4090.345459158925,False,0.0,16495.9747,True
32044,I66_WB,110-58628,900,PM,65.75652173913043,6000.0,,3060.7903570297854,False,0.0,12910.2884,True
32044,I66_WB,110-58628,915,PM,64.29869565217392,6000.0,,3169.4851713988764,False,0.0,12910.2884,True
32044,I66_WB,110-58628,930,PM,64.25391304347826,6000.0,,3172.4240811505465,False,0.0,12910.2884,True
32044,I66_WB,110-58628,945,PM,64.02173913043478,6000.0,,3187.3218559521238,False,0.0,12910.2884,True
32044,I66_WB,110-58628,960,PM,64.72869565217391,6000.0,,3140.1387917527754,False,0.0,12910.2884,True
32044,I66_WB,110-58628,975,PM,64.88,6000.0,,3129.306105674839,False,0.0,12910.2884,True
32044,I66_WB,110-58628,990,PM,63.21260869565218,6000.0,,3235.0874927027644,False,0.0,12910.2884,True
32044,I66_WB,110-58628,1005,PM,63.99217391304347,6000.0,,3189.178956601363,False,0.0,12910.2884,True
32044,I66_WB,110-58628,1020,PM,63.44347826086957,6000.0,,3222.0848450111716,False,0.0,12910.2884,True
32044,I66_WB,110-58628,1035,PM,64.73086956521739,6000.0,,3139.985072431909,False,0.0,12910.2884,True
32044,I66_WB,110-58628,1050,PM,62.8295652173913,6000.0,,3255.631264400712,False,0.0,12910.2884,True
32044,I66_WB,110-58628,1065,PM,60.796956521739126,6000.0,,3345.9001191144985,False,0.0,12910.2884,True
32044,I66_WB,110-58628,1080,PM,60.22391304347826,6000.0,,3366.415366745511,False,0.0,12910.2884,True
32044,I66_WB,110-58628,1095,PM,60.43217391304348,6000.0,,3359.1842869418697,False,0.0,12910.2884,True
32044,I66_WB,110-58628,1110,PM,60.90347826086956,6000.0,,3341.8680543346304,False,0.0,12910.2884,True
32044,I66_WB,110-58628,1125,PM,61.296956521739126,6000.0,,3326.3517787566216,False,0.0,12910.2884,True
32045,I66_WB,110-58628,900,PM,65.75652173913043,6000.0,,3701.170186510022,False,0.0,15611.3843,True
32045,I66_WB,110-58628,915,PM,64.29869565217392,6000.0,,3832.606175076556,False,0.0,15611.3843,True
32045,I66_WB,110-58628,930,PM,64.25391304347826,6000.0,,3836.159964746843,False,0.0,15611.3843,True
32045,I66_WB,110-58628,945,PM,64.02173913043478,6000.0,,3854.1746581786547,False,0.0,15611.3843,True
32045,I66_WB,110-58628,960,PM,64.72869565217391,6000.0,,3797.119933694917,False,0.0,15611.3843,True
32045,I66_WB,110-58628,975,PM,64.88,6000.0,,3784.020828537519,False,0.0,15611.3843,True
32045,I66_WB,110-58628,990,PM,63.21260869565218,6000.0,,3911.9338412847774,False,0.0,15611.3843,True
32045,I66_WB,110-58628,1005,PM,63.99217391304347,6000.0,,3856.420302196883,False,0.0,15611.3843,True
32045,I66_WB,110-58628,1020,PM,63.44347826086957,6000.0,,3896.2107742438448,False,0.0,15611.3843,True
32045,I66_WB,110-58628,1035,PM,64.73086956521739,6000.0,,3796.934053153907,False,0.0,15611.3843,True
32045,I66_WB,110-58628,1050,PM,62.8295652173913,6000.0,,3936.7757894280985,False,0.0,15611.3843,True
32045,I66_WB,110-58628,1065,PM,60.796956521739126,6000.0,,4045.9307314089288,False,0.0,15611.3843,True
32045,I66_WB,110-58628,1080,PM,60.22391304347826,6000.0,,4070.738187668187,False,0.0,15611.3843,True
32045,I66_WB,110-58628,1095,PM,60.43217391304348,6000.0,,4061.9942183453463,False,0.0,15611.3843,True
32045,I66_WB,110-58628,1110,PM,60.90347826086956,6000.0,,4041.0550763615165,False,0.0,15611.3843,True
32045,I66_WB,110-58628,1125,PM,61.296956521739126,6000.0,,4022.292479163997,False,0.0,15611.3843,True
32130,I66_WB,110+04174,900,PM,61.71347826086957,4000.0,,1991.6358191983704,False,0.0,7484.5323,True
32130,I66_WB,110+04174,915,PM,62.0595652173913,4000.0,,1943.6224897865675,False,0.0,7484.5323,True
32130,I66_WB,110+04174,930,PM,62.818260869565215,4000.0,,1817.20786977018,False,0.0,7484.5323,True
32130,I66_WB,110+04174,945,PM,63.18217391304348,4000.0,,1742.14793025486,False,0.0,7484.5323,True
32130,I66_WB,110+04174,960,PM,62.996086956521744,4000.0,,1781.9987420092198,False,0.0,7484.5323,True
32130,I66_WB,110+04174,975,PM,63.219130434782606,4000.0,,1733.822127769783,False,0.0,7484.5323,True
32130,I66_WB,110+04174,990,PM,63.03521739130434,4000.0,,1773.890268656675,False,0.0,7484.5323,True
32130,I66_WB,110+04174,1005,PM,62.65869565217392,4000.0,,1846.7336995052447,False,0.0,7484.5323,True
32130,I66_WB,110+04174,1020,PM,62.28130434782609,4000.0,,1910.0373131931049,False,0.0,7484.5323,True
32130,I66_WB,110+04174,1035,PM,62.14,4000.0,,1931.7157631575374,False,0.0,7484.5323,True
32130,I66_WB,110+04174,1050,PM,62.003913043478256,4000.0,,1951.6865100074776,False,0.0,7484.5323,True
32130,I66_WB,110+04174,1065,PM,62.10826086956522,4000.0,,1936.450357242118,False,0.0,7484.5323,True
32130,I66_WB,110+04174,1080,PM,62.428260869565214,4000.0,,1886.3812665313653,False,0.0,7484.5323,True
32130,I66_WB,110+04174,1095,PM,62.52565217391304,4000.0,,1870.026325493673,False,0.0,7484.5323,True
32130,I66_WB,110+04174,1110,PM,62.64782608695653,4000.0,,1848.6800324190317,False,0.0,7484.5323,True
32130,I66_WB,110+04174,1125,PM,61.85869565217392,4000.0,,1972.0926850047915,False,0.0,7484.5323,True
32133,I66_WB,110+04173,900,PM,60.97608695652174,8000.0,,3952.4795449640906,False,0.0,13422.6055,True
32133,I66_WB,110+04173,915,PM,62.62086956521739,8000.0,,3549.418278203488,False,0.0,13422.6055,True
32133,I66_WB,110+04173,930,PM,63.21782608695652,8000.0,,3341.0132222215507,False,0.0,13422.6055,True
32133,I66_WB,110+04173,945,PM,63.0591304347826,8000.0,,3401.295102520543,False,0.0,13422.6055,True
32133,I66_WB,110+04173,960,PM,63.66304347826087,8000.0,,3146.5071877680202,False,0.0,13422.6055,True
32133,I66_WB,110+04173,975,PM,63.37086956521739,8000.0,,3278.7880299636745,False,0.0,13422.6055,True
32133,I66_WB,110+04173,990,PM,63.59869565217391,8000.0,,3177.3637422942384,False,0.0,13422.6055,True
32133,I66_WB,110+04173,1005,PM,63.39913043478261,8000.0,,3266.8117315506393,False,0.0,13422.6055,True
32133,I66_WB,110+04173,1020,PM,63.53652173913043,8000.0,,3206.1994923105644,False,0.0,13422.6055,True
32133,I66_WB,110+04173,1035,PM,62.96391304347826,8000.0,,3435.617795168315,False,0.0,13422.6055,True
32133,I66_WB,110+04173,1050,PM,63.07391304347826,8000.0,,3395.8471368396126,False,0.0,13422.6055,True
32133,I66_WB,110+04173,1065,PM,63.48869565217392,8000.0,,3227.7661344707026,False,0.0,13422.6055,True
32133,I66_WB,110+04173,1080,PM,63.5404347826087,8000.0,,3204.4117758423386,False,0.0,13422.6055,True
32133,I66_WB,110+04173,1095,PM,63.20608695652174,8000.0,,3345.6132473121074,False,0.0,13422.6055,True
32133,I66_WB,110+04173,1110,PM,63.36217391304348,8000.0,,3282.441193135669,False,0.0,13422.6055,True
32133,I66_WB,110+04173,1125,PM,62.83869565217391,8000.0,,3478.8483854344477,False,0.0,13422.6055,True
32134,I66_WB,110P04173,900,PM,63.9804347826087,8000.0,,3657.0537023730576,False,0.0,13422.6055,True
32134,I66_WB,110P04173,915,PM,64.5591304347826,8000.0,,3469.3748155362405,False,0.0,13422.6055,True
32134,I66_WB,110P04173,930,PM,65.20565217391304,8000.0,,3200.7234800076208,False,0.0,13422.6055,True
32134,I66_WB,110P04173,945,PM,65.09565217391305,8000.0,,3252.3789001285313,False,0.0,13422.6055,True
32134,I66_WB,110P04173,960,PM,65.2995652173913,8000.0,,3154.1682372232394,False,0.0,13422.6055,True
32134,I66_WB,110P04173,975,PM,65.24043478260869,8000.0,,3183.758673313113,False,0.0,13422.6055,True
32134,I66_WB,110P04173,990,PM,65.29608695652173,8000.0,,3155.9359223085507,False,0.0,13422.6055,True
32134,I66_WB,110P04173,1005,PM,65.09869565217392,8000.0,,3250.9884622308105,False,0.0,13422.6055,True
32134,I66_WB,110P04173,1020,PM,64.7295652173913,8000.0,,3405.850966729968,False,0.0,13422.6055,True
32134,I66_WB,110P04173,1035,PM,64.33086956521738,8000.0,,3548.0804289591515,False,0.0,13422.6055,True
32134,I66_WB,110P04173,1050,PM,64.57608695652173,8000.0,,3463.248646678465,False,0.0,13422.6055,True
32134,I66_WB,110P04173,1065,PM,64.98565217391305,8000.0,,3301.2607367438463,False,0.0,13422.6055,True
32134,I66_WB,110P04173,1080,PM,64.92086956521739,8000.0,,3328.870015335082,False,0.0,13422.6055,True
32134,I66_WB,110P04173,1095,PM,64.8104347826087,8000.0,,3374.095273075106,False,0.0,13422.6055,True
32134,I66_WB,110P04173,1110,PM,64.89086956521739,8000.0,,3341.378422050692,False,0.0,13422.6055,True
32134,I66_WB,110P04173,1125,PM,64.15869565217392,8000.0,,3603.2553173065235,False,0.0,13422.6055,True
32136,I66_WB,110+04174,900,PM,61.71347826086957,4000.0,,1991.6358191983704,False,0.0,7484.5323,True
32136,I66_WB,110+04174,915,PM,62.0595652173913,4000.0,,1943.6224897865675,False,0.0,7484.5323,True
32136,I66_WB,110+04174,930,PM,62.818260869565215,4000.0,,1817.20786977018,False,0.0,7484.5323,True
32136,I66_WB,110+04174,945,PM,63.18217391304348,4000.0,,1742.14793025486,False,0.0,7484.5323,True
32136,I66_WB,110+04174,960,PM,62.996086956521744,4000.0,,1781.9987420092198,False,0.0,7484.5323,True
32136,I66_WB,110+04174,975,PM,63.219130434782606,4000.0,,1733.822127769783,False,0.0,7484.5323,True
32136,I66_WB,110+04174,990,PM,63.03521739130434,4000.0,,1773.890268656675,False,0.0,7484.5323,True
32136,I66_WB,110+04174,1005,PM,62.65869565217392,4000.0,,1846.7336995052447,False,0.0,7484.5323,True
32136,I66_WB,110+04174,1020,PM,62.28130434782609,4000.0,,1910.0373131931049,False,0.0,7484.5323,True
32136,I66_WB,110+04174,1035,PM,62.14,4000.0,,1931.7157631575374,False,0.0,7484.5323,True
32136,I66_WB,110+04174,1050,PM,62.003913043478256,4000.0,,1951.6865100074776,False,0.0,7484.5323,True
32136,I66_WB,110+04174,1065,PM,62.10826086956522,4000.0,,1936.450357242118,False,0.0,7484.5323,True
32136,I66_WB,110+04174,1080,PM,62.428260869565214,4000.0,,1886.3812665313653,False,0.0,7484.5323,True
32136,I66_WB,110+04174,1095,PM,62.52565217391304,4000.0,,1870.026325493673,False,0.0,7484.5323,True
32136,I66_WB,110+04174,1110,PM,62.64782608695653,4000.0,,1848.6800324190317,False,0.0,7484.5323,True
32136,I66_WB,110+04174,1125,PM,61.85869565217392,4000.0,,1972.0926850047915,False,0.0,7484.5323,True
32140,I66_WB,110+04173,900,PM,60.97608695652174,8000.0,,3952.4795449640906,False,0.0,13422.6055,True
32140,I66_WB,110+04173,915,PM,62.62086956521739,8000.0,,3549.418278203488,False,0.0,13422.6055,True
32140,I66_WB,110+04173,930,PM,63.21782608695652,8000.0,,3341.0132222215507,False,0.0,13422.6055,True
32140,I66_WB,110+04173,945,PM,63.0591304347826,8000.0,,3401.295102520543,False,0.0,13422.6055,True
32140,I66_WB,110+04173,960,PM,63.66304347826087,8000.0,,3146.5071877680202,False,0.0,13422.6055,True
32140,I66_WB,110+04173,975,PM,63.37086956521739,8000.0,,3278.7880299636745,False,0.0,13422.6055,True
32140,I66_WB,110+04173,990,PM,63.59869565217391,8000.0,,3177.3637422942384,False,0.0,13422.6055,True
32140,I66_WB,110+04173,1005,PM,63.39913043478261,8000.0,,3266.8117315506393,False,0.0,13422.6055,True
32140,I66_WB,110+04173,1020,PM,63.53652173913043,8000.0,,3206.1994923105644,False,0.0,13422.6055,True
32140,I66_WB,110+04173,1035,PM,62.96391304347826,8000.0,,3435.617795168315,False,0.0,13422.6055,True
32140,I66_WB,110+04173,1050,PM,63.07391304347826,8000.0,,3395.8471368396126,False,0.0,13422.6055,True
32140,I66_WB,110+04173,1065,PM,63.48869565217392,8000.0,,3227.7661344707026,False,0.0,13422.6055,True
32140,I66_WB,110+04173,1080,PM,63.5404347826087,8000.0,,3204.4117758423386,False,0.0,13422.6055,True
32140,I66_WB,110+04173,1095,PM,63.20608695652174,8000.0,,3345.6132473121074,False,0.0,13422.6055,True
32140,I66_WB,110+04173,1110,PM,63.36217391304348,8000.0,,3282.441193135669,False,0.0,13422.6055,True
32140,I66_WB,110+04173,1125,PM,62.83869565217391,8000.0,,3478.8483854344477,False,0.0,13422.6055,True
32141,I395_NB,110+04122,900,PM,54.85739130434783,8000.0,,4219.82172250379,False,0.0,17263.9179,True
32141,I395_NB,110+04122,915,PM,54.67739130434782,8000.0,,4227.45021363576,False,0.0,17263.9179,True
32141,I395_NB,110+04122,930,PM,54.56304347826087,8000.0,,4232.163507128361,False,0.0,17263.9179,True
32141,I395_NB,110+04122,945,PM,52.09782608695652,8000.0,,4311.233730315228,False,0.0,17263.9179,True
32141,I395_NB,110+04122,960,PM,53.79086956521739,8000.0,,4261.4060661217545,False,0.0,17263.9179,True
32141,I395_NB,110+04122,975,PM,53.753913043478256,8000.0,,4262.696800339483,False,0.0,17263.9179,True
32141,I395_NB,110+04122,990,PM,51.46173913043478,8000.0,,4325.416635405105,False,0.0,17263.9179,True
32141,I395_NB,110+04122,1005,PM,50.37260869565217,8000.0,,4344.55452511871,False,0.0,17263.9179,True
32141,I395_NB,110+04122,1020,PM,49.41304347826087,8000.0,,4356.439625683199,False,0.0,17263.9179,True
32141,I395_NB,110+04122,1035,PM,47.64,8000.0,,4367.323657760361,False,0.0,17263.9179,True
32141,I395_NB,110+04122,1050,PM,47.57826086956521,8000.0,,4367.460969079343,False,0.0,17263.9179,True
32141,I395_NB,110+04122,1065,PM,47.33608695652174,8000.0,,4367.849949373219,False,0.0,17263.9179,True
32141,I395_NB,110+04122,1080,PM,49.055217391304346,8000.0,,4359.755304609742,False,0.0,17263.9179,True
32141,I395_NB,110+04122,1095,PM,49.68130434782609,8000.0,,4353.563424175742,False,0.0,17263.9179,True
32141,I395_NB,110+04122,1110,PM,48.59739130434782,8000.0,,4363.153104083956,False,0.0,17263.9179,True
32141,I395_NB,110+04122,1125,PM,50.939130434782605,8000.0,,4335.382364666247,False,0.0,17263.9179,True
32367,I66_EB,110+58629,900,PM,67.94304347826088,6000.0,,2978.301512718335,False,0.0,10649.5931,True
32367,I66_EB,110+58629,915,PM,67.95782608695652,6000.0,,2975.987009758401,False,0.0,10649.5931,True
32367,I66_EB,110+58629,930,PM,68.15739130434783,6000.0,,2943.915011168622,False,0.0,10649.5931,True
32367,I66_EB,110+58629,945,PM,68.69260869565218,6000.0,,2849.3937476075066,False,0.0,10649.5931,True
32367,I66_EB,110+58629,960,PM,68.73782608695652,6000.0,,2840.7671042045117,False,0.0,10649.5931,True
32367,I66_EB,110+58629,975,PM,69.41173913043478,6000.0,,2697.4169798110433,False,0.0,10649.5931,True
32367,I66_EB,110+58629,990,PM,69.8495652173913,6000.0,,2585.405518004658,False,0.0,10649.5931,True
32367,I66_EB,110+58629,1005,PM,70.0786956521739,6000.0,,2518.735325516096,False,0.0,10649.5931,True
32367,I66_EB,110+58629,1020,PM,69.81347826086957,6000.0,,2595.3486742529963,False,0.0,10649.5931,True
32367,I66_EB,110+58629,1035,PM,69.59826086956522,6000.0,,2651.8770120639783,False,0.0,10649.5931,True
32367,I66_EB,110+58629,1050,PM,69.91130434782609,6000.0,,2568.058943266615,False,0.0,10649.5931,True
32367,I66_EB,110+58629,1065,PM,70.07608695652173,6000.0,,2519.5313964485294,False,0.0,10649.5931,True
32367,I66_EB,110+58629,1080,PM,70.3091304347826,6000.0,,2444.5550846669175,False,0.0,10649.5931,True
32367,I66_EB,110+58629,1095,PM,70.46782608695652,6000.0,,2388.415598039155,False,0.0,10649.5931,True
32367,I66_EB,110+58629,1110,PM,70.46652173913044,6000.0,,2388.8961763378034,False,0.0,10649.5931,True
32367,I66_EB,110+58629,1125,PM,69.59869565217392,6000.0,,2651.767306134832,False,0.0,10649.5931,True
32368,I66_WB,110-58628,900,PM,65.75652173913043,6000.0,,3701.170186510022,False,0.0,15611.3843,True
32368,I66_WB,110-58628,915,PM,64.29869565217392,6000.0,,3832.606175076556,False,0.0,15611.3843,True
32368,I66_WB,110-58628,930,PM,64.25391304347826,6000.0,,3836.159964746843,False,0.0,15611.3843,True
32368,I66_WB,110-58628,945,PM,64.02173913043478,6000.0,,3854.1746581786547,False,0.0,15611.3843,True
32368,I66_WB,110-58628,960,PM,64.72869565217391,6000.0,,3797.119933694917,False,0.0,15611.3843,True
32368,I66_WB,110-58628,975,PM,64.88,6000.0,,3784.020828537519,False,0.0,15611.3843,True
32368,I66_WB,110-58628,990,PM,63.21260869565218,6000.0,,3911.9338412847774,False,0.0,15611.3843,True
32368,I66_WB,110-58628,1005,PM,63.99217391304347,6000.0,,3856.420302196883,False,0.0,15611.3843,True
32368,I66_WB,110-58628,1020,PM,63.44347826086957,6000.0,,3896.2107742438448,False,0.0,15611.3843,True
32368,I66_WB,110-58628,1035,PM,64.73086956521739,6000.0,,3796.934053153907,False,0.0,15611.3843,True
32368,I66_WB,110-58628,1050,PM,62.8295652173913,6000.0,,3936.7757894280985,False,0.0,15611.3843,True
32368,I66_WB,110-58628,1065,PM,60.796956521739126,6000.0,,4045.9307314089288,False,0.0,15611.3843,True
32368,I66_WB,110-58628,1080,PM,60.22391304347826,6000.0,,4070.738187668187,False,0.0,15611.3843,True
32368,I66_WB,110-58628,1095,PM,60.43217391304348,6000.0,,4061.9942183453463,False,0.0,15611.3843,True
32368,I66_WB,110-58628,1110,PM,60.90347826086956,6000.0,,4041.0550763615165,False,0.0,15611.3843,True
32368,I66_WB,110-58628,1125,PM,61.296956521739126,6000.0,,4022.292479163997,False,0.0,15611.3843,True
32369,I66_WB,110-58628,900,PM,65.75652173913043,6000.0,,3701.170186510022,False,0.0,15611.3843,True
32369,I66_WB,110-58628,915,PM,64.29869565217392,6000.0,,3832.606175076556,False,0.0,15611.3843,True
32369,I66_WB,110-58628,930,PM,64.25391304347826,6000.0,,3836.159964746843,False,0.0,15611.3843,True
32369,I66_WB,110-58628,945,PM,64.02173913043478,6000.0,,3854.1746581786547,False,0.0,15611.3843,True
32369,I66_WB,110-58628,960,PM,64.72869565217391,6000.0,,3797.119933694917,False,0.0,15611.3843,True
32369,I66_WB,110-58628,975,PM,64.88,6000.0,,3784.020828537519,False,0.0,15611.3843,True
32369,I66_WB,110-58628,990,PM,63.21260869565218,6000.0,,3911.9338412847774,False,0.0,15611.3843,True
32369,I66_WB,110-58628,1005,PM,63.99217391304347,6000.0,,3856.420302196883,False,0.0,15611.3843,True
32369,I66_WB,110-58628,1020,PM,63.44347826086957,6000.0,,3896.2107742438448,False,0.0,15611.3843,True
32369,I66_WB,110-58628,1035,PM,64.73086956521739,6000.0,,3796.934053153907,False,0.0,15611.3843,True
32369,I66_WB,110-58628,1050,PM,62.8295652173913,6000.0,,3936.7757894280985,False,0.0,15611.3843,True
32369,I66_WB,110-58628,1065,PM,60.796956521739126,6000.0,,4045.9307314089288,False,0.0,15611.3843,True
32369,I66_WB,110-58628,1080,PM,60.22391304347826,6000.0,,4070.738187668187,False,0.0,15611.3843,True
32369,I66_WB,110-58628,1095,PM,60.43217391304348,6000.0,,4061.9942183453463,False,0.0,15611.3843,True
32369,I66_WB,110-58628,1110,PM,60.90347826086956,6000.0,,4041.0550763615165,False,0.0,15611.3843,True
32369,I66_WB,110-58628,1125,PM,61.296956521739126,6000.0,,4022.292479163997,False,0.0,15611.3843,True
32370,I66_EB,110+58629,900,PM,67.94304347826088,6000.0,,2978.301512718335,False,0.0,10649.5931,True
32370,I66_EB,110+58629,915,PM,67.95782608695652,6000.0,,2975.987009758401,False,0.0,10649.5931,True
32370,I66_EB,110+58629,930,PM,68.15739130434783,6000.0,,2943.915011168622,False,0.0,10649.5931,True
32370,I66_EB,110+58629,945,PM,68.69260869565218,6000.0,,2849.3937476075066,False,0.0,10649.5931,True
32370,I66_EB,110+58629,960,PM,68.73782608695652,6000.0,,2840.7671042045117,False,0.0,10649.5931,True
32370,I66_EB,110+58629,975,PM,69.41173913043478,6000.0,,2697.4169798110433,False,0.0,10649.5931,True
32370,I66_EB,110+58629,990,PM,69.8495652173913,6000.0,,2585.405518004658,False,0.0,10649.5931,True
32370,I66_EB,110+58629,1005,PM,70.0786956521739,6000.0,,2518.735325516096,False,0.0,10649.5931,True
32370,I66_EB,110+58629,1020,PM,69.81347826086957,6000.0,,2595.3486742529963,False,0.0,10649.5931,True
32370,I66_EB,110+58629,1035,PM,69.59826086956522,6000.0,,2651.8770120639783,False,0.0,10649.5931,True
32370,I66_EB,110+58629,1050,PM,69.91130434782609,6000.0,,2568.058943266615,False,0.0,10649.5931,True
32370,I66_EB,110+58629,1065,PM,70.07608695652173,6000.0,,2519.5313964485294,False,0.0,10649.5931,True
32370,I66_EB,110+58629,1080,PM,70.3091304347826,6000.0,,2444.5550846669175,False,0.0,10649.5931,True
32370,I66_EB,110+58629,1095,PM,70.46782608695652,6000.0,,2388.415598039155,False,0.0,10649.5931,True
32370,I66_EB,110+58629,1110,PM,70.46652173913044,6000.0,,2388.8961763378034,False,0.0,10649.5931,True
32370,I66_EB,110+58629,1125,PM,69.59869565217392,6000.0,,2651.767306134832,False,0.0,10649.5931,True
32551,I66_WB,110P04174,900,PM,60.87521739130435,4000.0,,1002.5180652170762,False,0.0,3690.5262,True
32551,I66_WB,110P04174,915,PM,61.16304347826087,4000.0,,985.3362932238622,False,0.0,3690.5262,True
32551,I66_WB,110P04174,930,PM,61.42173913043479,4000.0,,968.6709371477126,False,0.0,3690.5262,True
32551,I66_WB,110P04174,945,PM,62.03565217391304,4000.0,,923.412450979376,False,0.0,3690.5262,True
32551,I66_WB,110P04174,960,PM,62.62608695652175,4000.0,,869.5408715897565,False,0.0,3690.5262,True
32551,I66_WB,110P04174,975,PM,61.996086956521744,4000.0,,926.6134715061592,False,0.0,3690.5262,True
32551,I66_WB,110P04174,990,PM,62.401739130434784,4000.0,,891.4976804291788,False,0.0,3690.5262,True
32551,I66_WB,110P04174,1005,PM,62.17478260869565,4000.0,,911.7922381225026,False,0.0,3690.5262,True
32551,I66_WB,110P04174,1020,PM,62.03739130434782,4000.0,,923.2707278928074,False,0.0,3690.5262,True
32551,I66_WB,110P04174,1035,PM,62.017826086956525,4000.0,,924.8601417609053,False,0.0,3690.5262,True
32551,I66_WB,110P04174,1050,PM,61.93217391304348,4000.0,,931.6926870188084,False,0.0,3690.5262,True
32551,I66_WB,110P04174,1065,PM,61.78434782608696,4000.0,,943.0294123352771,False,0.0,3690.5262,True
32551,I66_WB,110P04174,1080,PM,62.83304347826086,4000.0,,847.280332139502,False,0.0,3690.5262,True
32551,I66_WB,110P04174,1095,PM,62.59869565217391,4000.0,,872.3346277788751,False,0.0,3690.5262,True
32551,I66_WB,110P04174,1110,PM,62.37173913043478,4000.0,,894.2835977488323,False,0.0,3690.5262,True
32551,I66_WB,110P04174,1125,PM,61.74478260869565,4000.0,,945.9712651093693,False,0.0,3690.5262,True
32552,I66_WB,110+04175,900,PM,62.98391304347827,4000.0,,1361.7899308341139,False,0.0,4908.8713,True
32552,I66_WB,110+04175,915,PM,63.24217391304347,4000.0,,1331.1461481776637,False,0.0,4908.8713,True
32552,I66_WB,110+04175,930,PM,64.27217391304347,4000.0,,1170.9577933410878,False,0.0,4908.8713,True
32552,I66_WB,110+04175,945,PM,63.61565217391304,4000.0,,1281.3094973927962,False,0.0,4908.8713,True
32552,I66_WB,110+04175,960,PM,63.85,4000.0,,1245.8754471428203,False,0.0,4908.8713,True
32552,I66_WB,110+04175,975,PM,63.798260869565226,4000.0,,1254.0200500484075,False,0.0,4908.8713,True
32552,I66_WB,110+04175,990,PM,64.0504347826087,4000.0,,1212.3526947310881,False,0.0,4908.8713,True
32552,I66_WB,110+04175,1005,PM,63.97434782608695,4000.0,,1225.468928214017,False,0.0,4908.8713,True
32552,I66_WB,110+04175,1020,PM,64.29739130434783,4000.0,,1165.9123056527812,False,0.0,4908.8713,True
32552,I66_WB,110+04175,1035,PM,63.97217391304348,4000.0,,1225.8363624698127,False,0.0,4908.8713,True
32552,I66_WB,110+04175,1050,PM,64.09304347826087,4000.0,,1204.7807289050481,False,0.0,4908.8713,True
32552,I66_WB,110+04175,1065,PM,64.18086956521739,4000.0,,1188.6194575104414,False,0.0,4908.8713,True
32552,I66_WB,110+04175,1080,PM,64.86043478260869,4000.0,,1026.8607613739289,False,0.0,4908.8713,True
32552,I66_WB,110+04175,1095,PM,64.13130434782609,4000.0,,1197.8346084974087,False,0.0,4908.8713,True
32552,I66_WB,110+04175,1110,PM,63.86913043478261,4000.0,,1242.814207099039,False,0.0,4908.8713,True
32552,I66_WB,110+04175,1125,PM,63.48260869565217,4000.0,,1299.906278609546,False,0.0,4908.8713,True
32573,I66_WB,110P04175,900,PM,57.89,4000.0,,352.44409908855073,False,0.0,1383.339,True
32573,I66_WB,110P04175,915,PM,59.34173913043478,4000.0,,342.3001563350227,False,0.0,1383.339,True
32573,I66_WB,110P04175,930,PM,58.58782608695652,4000.0,,347.88811938948606,False,0.0,1383.339,True
32573,I66_WB,110P04175,945,PM,58.53826086956522,4000.0,,348.23025260095403,False,0.0,1383.339,True
32573,I66_WB,110P04175,960,PM,58.20478260869565,4000.0,,350.45704207532106,False,0.0,1383.339,True
32573,I66_WB,110P04175,975,PM,57.99086956521739,4000.0,,351.8191085914203,False,0.0,1383.339,True
32573,I66_WB,110P04175,990,PM,56.48521739130435,4000.0,,360.1032872853114,False,0.0,1383.339,True
32573,I66_WB,110P04175,1005,PM,55.45434782608696,4000.0,,364.6376262656581,False,0.0,1383.339,True
32573,I66_WB,110P04175,1020,PM,55.73739130434783,4000.0,,363.47475249461297,False,0.0,1383.339,True
32573,I66_WB,110P04175,1035,PM,55.364782608695656,4000.0,,364.9933127474357,False,0.0,1383.339,True
32573,I66_WB,110P04175,1050,PM,55.99826086956522,4000.0,,362.349199787573,False,0.0,1383.339,True
32573,I66_WB,110P04175,1065,PM,55.32391304347826,4000.0,,365.15368934501424,False,0.0,1383.339,True
32573,I66_WB,110P04175,1080,PM,59.6804347826087,4000.0,,339.53585634904636,False,0.0,1383.339,True
32573,I66_WB,110P04175,1095,PM,61.57826086956521,4000.0,,320.34758769985274,False,0.0,1383.339,True
32573,I66_WB,110P04175,1110,PM,62.65695652173913,4000.0,,305.6032826835864,False,0.0,1383.339,True
32573,I66_WB,110P04175,1125,PM,63.34478260869565,4000.0,,294.01862726115365,False,0.0,1383.339,True
32581,I395_NB,110P04120,900,PM,44.49869565217392,5114.273154010724,5222.767856499932,5222.767856499932,True,25.179550655854733,15481.5335,False
32581,I395_NB,110P04120,915,PM,41.616521739130434,5114.273154010724,5179.448783541653,5179.448783541653,True,30.59207615110098,15481.5335,False
32581,I395_NB,110P04120,930,PM,37.26173913043478,5114.273154010724,5161.813531146986,5161.813531146986,True,40.35838405011075,15481.5335,False
32581,I395_NB,110P04120,945,PM,31.974347826086955,5114.273154010724,5161.854607355593,5161.854607355593,True,55.79206325961423,15481.5335,False
32581,I395_NB,110P04120,960,PM,29.60739130434783,5114.273154010724,5171.564520207143,5171.564520207143,True,64.48729727453832,15481.5335,False
32581,I395_NB,110P04120,975,PM,25.81913043478261,5114.273154010724,5183.0668054706375,5183.0668054706375,True,81.7214904141037,15481.5335,False
32581,I395_NB,110P04120,990,PM,22.15347826086957,5114.273154010724,5189.009109832452,5189.009109832452,True,104.00894909932384,15481.5335,False
32581,I395_NB,110P04120,1005,PM,19.972608695652173,5114.273154010724,5182.170107708297,5182.170107708297,True,121.15033008950417,15481.5335,False
32581,I395_NB,110P04120,1020,PM,18.78608695652174,5114.273154010724,5155.328473513889,5155.328473513889,True,132.1479172029018,15481.5335,False
32581,I395_NB,110P04120,1035,PM,19.07086956521739,5114.273154010724,5105.7122350642685,5105.7122350642685,True,129.38352618840935,15481.5335,False
32581,I395_NB,110P04120,1050,PM,17.36913043478261,5114.273154010724,5048.346833771828,5048.346833771828,True,147.24993411877637,15481.5335,False
32581,I395_NB,110P04120,1065,PM,17.87695652173913,5114.273154010724,5002.707064448284,5002.707064448284,True,141.5622406963182,15481.5335,False
32581,I395_NB,110P04120,1080,PM,24.28608695652174,5114.273154010724,4988.267721905361,4988.267721905361,True,90.22401991540032,15481.5335,False
32581,I395_NB,110P04120,1095,PM,29.801739130434783,5114.273154010724,5015.170449899866,5015.170449899866,True,63.721293750731135,15481.5335,False
32581,I395_NB,110P04120,1110,PM,36.41130434782609,5114.273154010724,5056.2242879689775,5056.2242879689775,True,42.53827359976593,15481.5335,False
32581,I395_NB,110P04120,1125,PM,42.67173913043479,5114.273154010724,5074.905124594955,5074.905124594955,True,28.525608314327865,15481.5335,False
32590,I395_SB,110N04120,900,PM,48.50260869565217,5700.0,,6155.822739145131,False,0.0,24300.5626,False
32590,I395_SB,110N04120,915,PM,46.99173913043478,5700.0,,6167.06956912104,False,0.0,24300.5626,False
32590,I395_SB,110N04120,930,PM,48.55869565217391,5700.0,,6155.126783116928,False,0.0,24300.5626,False
32590,I395_SB,110N04120,945,PM,50.11739130434783,5700.0,,6127.144430599839,False,0.0,24300.5626,False
32590,I395_SB,110N04120,960,PM,49.882173913043474,5700.0,,6132.476887467156,False,0.0,24300.5626,False
32590,I395_SB,110N04120,975,PM,44.93869565217391,5700.0,,6161.001956460197,False,0.0,24300.5626,False
32590,I395_SB,110N04120,990,PM,41.19739130434783,5700.0,,6095.100746783084,False,0.0,24300.5626,False
32590,I395_SB,110N04120,1005,PM,40.20782608695652,5700.0,,6067.079214253665,False,0.0,24300.5626,False
32590,I395_SB,110N04120,1020,PM,42.926956521739136,5700.0,,6133.758283497859,False,0.0,24300.5626,False
32590,I395_SB,110N04120,1035,PM,44.36217391304348,5700.0,,6155.245043047582,False,0.0,24300.5626,False
32590,I395_SB,110N04120,1050,PM,45.15869565217392,5700.0,,6162.746980968496,False,0.0,24300.5626,False
32590,I395_SB,110N04120,1065,PM,47.866956521739134,5700.0,,6162.287425360969,False,0.0,24300.5626,False
32590,I395_SB,110N04120,1080,PM,52.55782608695652,5700.0,,6045.550276212412,False,0.0,24300.5626,False
32590,I395_SB,110N04120,1095,PM,53.818260869565215,5700.0,,5981.943484160909,False,0.0,24300.5626,False
32590,I395_SB,110N04120,1110,PM,55.10739130434783,5700.0,,5898.60317614043,False,0.0,24300.5626,False
32590,I395_SB,110N04120,1125,PM,58.18434782608696,5700.0,,5601.293403664312,False,0.0,24300.5626,False
32611,I395_SB,110N04121,900,PM,51.24173913043478,8000.0,,5772.079863271734,False,0.0,23070.3427,True
32611,I395_SB,110N04121,915,PM,49.54086956521739,8000.0,,5812.753042531661,False,0.0,23070.3427,True
32611,I395_SB,110N04121,930,PM,49.89521739130434,8000.0,,5805.979308635569,False,0.0,23070.3427,True
32611,I395_SB,110N04121,945,PM,53.57391304347826,8000.0,,5678.516196413735,False,0.0,23070.3427,True
32611,I395_SB,110N04121,960,PM,51.77434782608695,8000.0,,5754.8528255256515,False,0.0,23070.3427,True
32611,I395_SB,110N04121,975,PM,48.022608695652174,8000.0,,5832.525255356047,False,0.0,23070.3427,True
32611,I395_SB,110N04121,990,PM,45.39434782608696,8000.0,,5835.001419986444,False,0.0,23070.3427,True
32611,I395_SB,110N04121,1005,PM,42.20130434782609,8000.0,,5791.602999460916,False,0.0,23070.3427,True
32611,I395_SB,110N04121,1020,PM,44.45130434782609,8000.0,,5827.127807697164,False,0.0,23070.3427,True
32611,I395_SB,110N04121,1035,PM,45.18695652173913,8000.0,,5833.644432100617,False,0.0,23070.3427,True
32611,I395_SB,110N04121,1050,PM,46.5304347826087,8000.0,,5838.53301716359,False,0.0,23070.3427,True
32611,I395_SB,110N04121,1065,PM,48.66782608695653,8000.0,,5825.896232483048,False,0.0,23070.3427,True
32611,I395_SB,110N04121,1080,PM,51.57869565217391,8000.0,,5761.446405597731,False,0.0,23070.3427,True
32611,I395_SB,110N04121,1095,PM,52.4204347826087,8000.0,,5730.801468146676,False,0.0,23070.3427,True
32611,I395_SB,110N04121,1110,PM,54.10434782608696,8000.0,,5650.077346508561,False,0.0,23070.3427,True
32611,I395_SB,110N04121,1125,PM,55.89260869565217,8000.0,,5530.533179120853,False,0.0,23070.3427,True
32616,I395_SB,110-04121,900,PM,57.09260869565218,7600.0,,4859.5876701316065,False,0.0,20140.801,True
32616,I395_SB,110-04121,915,PM,56.10739130434783,7600.0,,4929.47804948419,False,0.0,20140.801,True
32616,I395_SB,110-04121,930,PM,55.20913043478261,7600.0,,4983.407407297203,False,0.0,20140.801,True
32616,I395_SB,110-04121,945,PM,56.31695652173913,7600.0,,4915.605109280679,False,0.0,20140.801,True
32616,I395_SB,110-04121,960,PM,54.77391304347826,7600.0,,5006.534297493565,False,0.0,20140.801,True
32616,I395_SB,110-04121,975,PM,51.83478260869565,7600.0,,5119.677891457125,False,0.0,20140.801,True
32616,I395_SB,110-04121,990,PM,49.555217391304346,7600.0,,5165.168095927486,False,0.0,20140.801,True
32616,I395_SB,110-04121,1005,PM,47.18739130434783,7600.0,,5181.334223240048,False,0.0,20140.801,True
32616,I395_SB,110-04121,1020,PM,45.848260869565216,7600.0,,5178.385086694427,False,0.0,20140.801,True
32616,I395_SB,110-04121,1035,PM,45.90391304347826,7600.0,,5178.668291816686,False,0.0,20140.801,True
32616,I395_SB,110-04121,1050,PM,46.98130434782608,7600.0,,5181.417161765475,False,0.0,20140.801,True
32616,I395_SB,110-04121,1065,PM,50.42173913043479,7600.0,,5151.642703963911,False,0.0,20140.801,True
32616,I395_SB,110-04121,1080,PM,52.867826086956526,7600.0,,5087.706154631289,False,0.0,20140.801,True
32616,I395_SB,110-04121,1095,PM,54.32478260869566,7600.0,,5028.503242594324,False,0.0,20140.801,True
32616,I395_SB,110-04121,1110,PM,56.77173913043478,7600.0,,4883.683981484828,False,0.0,20140.801,True
32616,I395_SB,110-04121,1125,PM,58.73869565217392,7600.0,,4712.4046327371525,False,0.0,20140.801,True
32619,I395_SB,110-04121,900,PM,57.09260869565218,7600.0,,5075.6775560973665,False,0.0,21036.3962,True
32619,I395_SB,110-04121,915,PM,56.10739130434783,7600.0,,5148.675730828809,False,0.0,21036.3962,True
32619,I395_SB,110-04121,930,PM,55.20913043478261,7600.0,,5205.003149870689,False,0.0,21036.3962,True
32619,I395_SB,110-04121,945,PM,56.31695652173913,7600.0,,5134.185906586966,False,0.0,21036.3962,True
32619,I395_SB,110-04121,960,PM,54.77391304347826,7600.0,,5229.15841683572,False,0.0,21036.3962,True
32619,I395_SB,110-04121,975,PM,51.83478260869565,7600.0,,5347.333134420655,False,0.0,21036.3962,True
32619,I395_SB,110-04121,990,PM,49.555217391304346,7600.0,,5394.846138717631,False,0.0,21036.3962,True
32619,I395_SB,110-04121,1005,PM,47.18739130434783,7600.0,,5411.731120559551,False,0.0,21036.3962,True
32619,I395_SB,110-04121,1020,PM,45.848260869565216,7600.0,,5408.650845608142,False,0.0,21036.3962,True
32619,I395_SB,110-04121,1035,PM,45.90391304347826,7600.0,,5408.9466439310445,False,0.0,21036.3962,True
32619,I395_SB,110-04121,1050,PM,46.98130434782608,7600.0,,5411.817747088509,False,0.0,21036.3962,True
32619,I395_SB,110-04121,1065,PM,50.42173913043479,7600.0,,5380.719317043257,False,0.0,21036.3962,True
32619,I395_SB,110-04121,1080,PM,52.867826086956526,7600.0,,5313.939719577303,False,0.0,21036.3962,True
32619,I395_SB,110-04121,1095,PM,54.32478260869566,7600.0,,5252.104248693928,False,0.0,21036.3962,True
32619,I395_SB,110-04121,1110,PM,56.77173913043478,7600.0,,5100.845351190765,False,0.0,21036.3962,True
32619,I395_SB,110-04121,1125,PM,58.73869565217392,7600.0,,4921.949772949658,False,0.0,21036.3962,True
32622,I395_NB,110+04122,900,PM,54.85739130434783,7600.0,,4219.821722503789,False,0.0,17263.9179,True
32622,I395_NB,110+04122,915,PM,54.67739130434782,7600.0,,4227.4502136357605,False,0.0,17263.9179,True
32622,I395_NB,110+04122,930,PM,54.56304347826087,7600.0,,4232.163507128361,False,0.0,17263.9179,True
32622,I395_NB,110+04122,945,PM,52.09782608695652,7600.0,,4311.233730315227,False,0.0,17263.9179,True
32622,I395_NB,110+04122,960,PM,53.79086956521739,7600.0,,4261.406066121755,False,0.0,17263.9179,True
32622,I395_NB,110+04122,975,PM,53.753913043478256,7600.0,,4262.696800339485,False,0.0,17263.9179,True
32622,I395_NB,110+04122,990,PM,51.46173913043478,7600.0,,4325.416635405106,False,0.0,17263.9179,True
32622,I395_NB,110+04122,1005,PM,50.37260869565217,7600.0,,4344.55452511871,False,0.0,17263.9179,True
32622,I395_NB,110+04122,1020,PM,49.41304347826087,7600.0,,4356.439625683198,False,0.0,17263.9179,True
32622,I395_NB,110+04122,1035,PM,47.64,7600.0,,4367.323657760359,False,0.0,17263.9179,True
32622,I395_NB,110+04122,1050,PM,47.57826086956521,7600.0,,4367.460969079345,False,0.0,17263.9179,True
32622,I395_NB,110+04122,1065,PM,47.33608695652174,7600.0,,4367.849949373218,False,0.0,17263.9179,True
32622,I395_NB,110+04122,1080,PM,49.055217391304346,7600.0,,4359.755304609743,False,0.0,17263.9179,True
32622,I395_NB,110+04122,1095,PM,49.68130434782609,7600.0,,4353.563424175741,False,0.0,17263.9179,True
32622,I395_NB,110+04122,1110,PM,48.59739130434782,7600.0,,4363.1531040839545,False,0.0,17263.9179,True
32622,I395_NB,110+04122,1125,PM,50.939130434782605,7600.0,,4335.382364666247,False,0.0,17263.9179,True
32624,I395_SB,110N04122,900,PM,55.85695652173913,7600.0,,5045.289746619821,False,0.0,21036.3962,True
32624,I395_SB,110N04122,915,PM,53.04565217391304,7600.0,,5216.4471550575045,False,0.0,21036.3962,True
32624,I395_SB,110N04122,930,PM,51.65,7600.0,,5272.212696148552,False,0.0,21036.3962,True
32624,I395_SB,110N04122,945,PM,50.85434782608696,7600.0,,5296.934780514132,False,0.0,21036.3962,True
32624,I395_SB,110N04122,960,PM,51.14565217391304,7600.0,,5288.440000365907,False,0.0,21036.3962,True
32624,I395_SB,110N04122,975,PM,50.32391304347826,7600.0,,5310.822834445238,False,0.0,21036.3962,True
32624,I395_SB,110N04122,990,PM,48.60478260869566,7600.0,,5342.863135411701,False,0.0,21036.3962,True
32624,I395_SB,110N04122,1005,PM,47.20782608695652,7600.0,,5355.725721044719,False,0.0,21036.3962,True
32624,I395_SB,110N04122,1020,PM,46.125652173913046,7600.0,,5358.40126284407,False,0.0,21036.3962,True
32624,I395_SB,110N04122,1035,PM,46.47434782608696,7600.0,,5358.199762991383,False,0.0,21036.3962,True
32624,I395_SB,110N04122,1050,PM,46.009565217391305,7600.0,,5358.332649733903,False,0.0,21036.3962,True
32624,I395_SB,110N04122,1065,PM,48.36347826086956,7600.0,,5345.884833478176,False,0.0,21036.3962,True
32624,I395_SB,110N04122,1080,PM,52.22652173913043,7600.0,,5251.1878584266005,False,0.0,21036.3962,True
32624,I395_SB,110N04122,1095,PM,52.25521739130434,7600.0,,5250.069603270266,False,0.0,21036.3962,True
32624,I395_SB,110N04122,1110,PM,54.47739130434783,7600.0,,5140.356881983363,False,0.0,21036.3962,True
32624,I395_SB,110N04122,1125,PM,56.919130434782616,7600.0,,4954.415877664668,False,0.0,21036.3962,True
32627,I395_SB,110-04121,900,PM,57.09260869565218,8000.0,,6052.987425459419,False,0.0,25086.9052,True
32627,I395_SB,110-04121,915,PM,56.10739130434783,8000.0,,6140.041228394581,False,0.0,25086.9052,True
32627,I395_SB,110-04121,930,PM,55.20913043478261,8000.0,,6207.214360533263,False,0.0,25086.9052,True
32627,I395_SB,110-04121,945,PM,56.31695652173913,8000.0,,6122.7614223068895,False,0.0,25086.9052,True
32627,I395_SB,110-04121,960,PM,54.77391304347826,8000.0,,6236.020667786234,False,0.0,25086.9052,True
32627,I395_SB,110-04121,975,PM,51.83478260869565,8000.0,,6376.949651482123,False,0.0,25086.9052,True
32627,I395_SB,110-04121,990,PM,49.555217391304346,8000.0,,6433.611173885157,False,0.0,25086.9052,True
32627,I395_SB,110-04121,1005,PM,47.18739130434783,8000.0,,6453.747319579732,False,0.0,25086.9052,True
32627,I395_SB,110-04121,1020,PM,45.848260869565216,8000.0,,6450.073944874232,False,0.0,25086.9052,True
32627,I395_SB,110-04121,1035,PM,45.90391304347826,8000.0,,6450.426698473965,False,0.0,25086.9052,True
32627,I395_SB,110-04121,1050,PM,46.98130434782608,8000.0,,6453.850625844702,False,0.0,25086.9052,True
32627,I395_SB,110-04121,1065,PM,50.42173913043479,8000.0,,6416.764265662242,False,0.0,25086.9052,True
32627,I395_SB,110-04121,1080,PM,52.867826086956526,8000.0,,6337.126412534026,False,0.0,25086.9052,True
32627,I395_SB,110-04121,1095,PM,54.32478260869566,8000.0,,6263.384666024771,False,0.0,25086.9052,True
32627,I395_SB,110-04121,1110,PM,56.77173913043478,8000.0,,6083.001220769144,False,0.0,25086.9052,True
32627,I395_SB,110-04121,1125,PM,58.73869565217392,8000.0,,5869.659716389522,False,0.0,25086.9052,True
32843,I66_EB,110+58630,900,PM,68.49695652173914,10000.0,,4750.054733788991,False,0.0,18281.5172,True
32843,I66_EB,110+58630,915,PM,68.92652173913044,10000.0,,4566.3832505943,False,0.0,18281.5172,True
32843,I66_EB,110+58630,930,PM,68.95782608695652,10000.0,,4551.845327301848,False,0.0,18281.5172,True
32843,I66_EB,110+58630,945,PM,68.84608695652175,10000.0,,4602.958800239782,False,0.0,18281.5172,True
32843,I66_EB,110+58630,960,PM,69.24173913043478,10000.0,,4411.386558737168,False,0.0,18281.5172,True
32843,I66_EB,110+58630,975,PM,69.09130434782608,10000.0,,4487.8276530090925,False,0.0,18281.5172,True
32843,I66_EB,110+58630,990,PM,68.68608695652173,10000.0,,4672.593236793869,False,0.0,18281.5172,True
32843,I66_EB,110+58630,1005,PM,69.26608695652173,10000.0,,4398.54897808203,False,0.0,18281.5172,True
32843,I66_EB,110+58630,1020,PM,68.86826086956522,10000.0,,4592.9852828007015,False,0.0,18281.5172,True
32843,I66_EB,110+58630,1035,PM,69.09652173913044,10000.0,,4485.25551498684,False,0.0,18281.5172,True
32843,I66_EB,110+58630,1050,PM,68.87217391304348,10000.0,,4591.216715923636,False,0.0,18281.5172,True
32843,I66_EB,110+58630,1065,PM,68.72521739130435,10000.0,,4655.928742270972,False,0.0,18281.5172,True
32843,I66_EB,110+58630,1080,PM,69.02956521739131,10000.0,,4517.858191168596,False,0.0,18281.5172,True
32843,I66_EB,110+58630,1095,PM,69.16565217391305,10000.0,,4450.65025231705,False,0.0,18281.5172,True
32843,I66_EB,110+58630,1110,PM,68.97130434782608,10000.0,,4545.531970762226,False,0.0,18281.5172,True
32843,I66_EB,110+58630,1125,PM,68.24782608695652,10000.0,,4845.043591222884,False,0.0,18281.5172,True
32847,I66_WB,110-58629,900,PM,66.60913043478261,2000.0,,767.2306694696811,False,0.0,3262.9332,True
32847,I66_WB,110-58629,915,PM,65.26347826086956,2000.0,,805.4023703466491,False,0.0,3262.9332,True
32847,I66_WB,110-58629,930,PM,64.17304347826087,2000.0,,830.0117988676474,False,0.0,3262.9332,True
32847,I66_WB,110-58629,945,PM,64.69608695652174,2000.0,,818.7999408343231,False,0.0,3262.9332,True
32847,I66_WB,110-58629,960,PM,63.84173913043478,2000.0,,836.6083324075752,False,0.0,3262.9332,True
32847,I66_WB,110-58629,975,PM,64.71173913043478,2000.0,,818.4483433522391,False,0.0,3262.9332,True
32847,I66_WB,110-58629,990,PM,63.24086956521739,2000.0,,847.672337412318,False,0.0,3262.9332,True
32847,I66_WB,110-58629,1005,PM,63.86347826086957,2000.0,,836.1867754751258,False,0.0,3262.9332,True
32847,I66_WB,110-58629,1020,PM,64.45652173913044,2000.0,,824.0621529957363,False,0.0,3262.9332,True
32847,I66_WB,110-58629,1035,PM,65.00391304347826,2000.0,,811.7019225413013,False,0.0,3262.9332,True
32847,I66_WB,110-58629,1050,PM,64.65695652173913,2000.0,,819.6746889113575,False,0.0,3262.9332,True
32847,I66_WB,110-58629,1065,PM,65.37391304347825,2000.0,,802.6297291975355,False,0.0,3262.9332,True
32847,I66_WB,110-58629,1080,PM,64.25782608695653,2000.0,,828.2628176665479,False,0.0,3262.9332,True
32847,I66_WB,110-58629,1095,PM,64.34608695652175,2000.0,,826.4147200161839,False,0.0,3262.9332,True
32847,I66_WB,110-58629,1110,PM,65.41304347826087,2000.0,,801.6335720661053,False,0.0,3262.9332,True
32847,I66_WB,110-58629,1125,PM,66.29782608695652,2000.0,,776.9926284396732,False,0.0,3262.9332,True
32848,I66_WB,110-58629,900,PM,66.60913043478261,10000.0,,4284.484185697274,False,0.0,18221.3593,True
32848,I66_WB,110-58629,915,PM,65.26347826086956,10000.0,,4497.6483034215835,False,0.0,18221.3593,True
32848,I66_WB,110-58629,930,PM,64.17304347826087,10000.0,,4635.075952644921,False,0.0,18221.3593,True
32848,I66_WB,110-58629,945,PM,64.69608695652174,10000.0,,4572.465019130929,False,0.0,18221.3593,True
32848,I66_WB,110-58629,960,PM,63.84173913043478,10000.0,,4671.9133012506245,False,0.0,18221.3593,True
32848,I66_WB,110-58629,975,PM,64.71173913043478,10000.0,,4570.501575916699,False,0.0,18221.3593,True
32848,I66_WB,110-58629,990,PM,63.24086956521739,10000.0,,4733.698571782187,False,0.0,18221.3593,True
32848,I66_WB,110-58629,1005,PM,63.86347826086957,10000.0,,4669.559180016526,False,0.0,18221.3593,True
32848,I66_WB,110-58629,1020,PM,64.45652173913044,10000.0,,4601.851050848017,False,0.0,18221.3593,True
32848,I66_WB,110-58629,1035,PM,65.00391304347826,10000.0,,4532.82720440793,False,0.0,18221.3593,True
32848,I66_WB,110-58629,1050,PM,64.65695652173913,10000.0,,4577.349918095036,False,0.0,18221.3593,True
32848,I66_WB,110-58629,1065,PM,65.37391304347825,10000.0,,4482.164906278192,False,0.0,18221.3593,True
32848,I66_WB,110-58629,1080,PM,64.25782608695653,10000.0,,4625.309030394052,False,0.0,18221.3593,True
32848,I66_WB,110-58629,1095,PM,64.34608695652175,10000.0,,4614.98860725184,False,0.0,18221.3593,True
32848,I66_WB,110-58629,1110,PM,65.41304347826087,10000.0,,4476.602016724997,False,0.0,18221.3593,True
32848,I66_WB,110-58629,1125,PM,66.29782608695652,10000.0,,4338.9983761392,False,0.0,18221.3593,True
32854,I66_WB,110N58631,900,PM,68.30782608695652,4000.0,,1565.6322912231074,False,0.0,6712.9062,True
32854,I66_WB,110N58631,915,PM,67.57391304347826,4000.0,,1635.6236006112283,False,0.0,6712.9062,True
32854,I66_WB,110N58631,930,PM,67.51608695652173,4000.0,,1640.6067854119694,False,0.0,6712.9062,True
32854,I66_WB,110N58631,945,PM,66.56478260869565,4000.0,,1713.814657074112,False,0.0,6712.9062,True
32854,I66_WB,110N58631,960,PM,67.58217391304348,4000.0,,1634.906038029565,False,0.0,6712.9062,True
32854,I66_WB,110N58631,975,PM,66.72739130434783,4000.0,,1702.3544897527659,False,0.0,6712.9062,True
32854,I66_WB,110N58631,990,PM,65.42478260869565,4000.0,,1784.4792346084682,False,0.0,6712.9062,True
32854,I66_WB,110N58631,1005,PM,66.4104347826087,4000.0,,1724.3403905381438,False,0.0,6712.9062,True
32854,I66_WB,110N58631,1020,PM,66.95652173913044,4000.0,,1685.5185281321587,False,0.0,6712.9062,True
32854,I66_WB,110N58631,1035,PM,66.2291304347826,4000.0,,1736.2893933119215,False,0.0,6712.9062,True
32854,I66_WB,110N58631,1050,PM,66.6704347826087,4000.0,,1706.4132043168693,False,0.0,6712.9062,True
32854,I66_WB,110N58631,1065,PM,67.47260869565217,4000.0,,1644.3084129982499,False,0.0,6712.9062,True
32854,I66_WB,110N58631,1080,PM,67.0104347826087,4000.0,,1681.4340091745103,False,0.0,6712.9062,True
32854,I66_WB,110N58631,1095,PM,66.95695652173913,4000.0,,1685.485781225291,False,0.0,6712.9062,True
32854,I66_WB,110N58631,1110,PM,67.5208695652174,4000.0,,1640.1972588413046,False,0.0,6712.9062,True
32854,I66_WB,110N58631,1125,PM,67.15521739130435,4000.0,,1670.2207247503347,False,0.0,6712.9062,True
32866,I66_EB,110N04182,900,PM,60.3704347826087,4000.0,,1450.8153083593238,False,0.0,5597.8329,True
32866,I66_EB,110N04182,915,PM,60.69217391304348,4000.0,,1435.945406002283,False,0.0,5597.8329,True
32866,I66_EB,110N04182,930,PM,60.7804347826087,4000.0,,1431.6987000491263,False,0.0,5597.8329,True
32866,I66_EB,110N04182,945,PM,61.9795652173913,4000.0,,1365.5653688175157,False,0.0,5597.8329,True
32866,I66_EB,110N04182,960,PM,61.84913043478261,4000.0,,1373.622023460268,False,0.0,5597.8329,True
32866,I66_EB,110N04182,975,PM,60.88695652173914,4000.0,,1426.4724906095541,False,0.0,5597.8329,True
32866,I66_EB,110N04182,990,PM,61.81478260869565,4000.0,,1375.7043010396744,False,0.0,5597.8329,True
32866,I66_EB,110N04182,1005,PM,61.4495652173913,4000.0,,1396.8930411775402,False,0.0,5597.8329,True
32866,I66_EB,110N04182,1020,PM,61.76,4000.0,,1378.9923824723653,False,0.0,5597.8329,True
32866,I66_EB,110N04182,1035,PM,61.23478260869565,4000.0,,1408.5962159576427,False,0.0,5597.8329,True
32866,I66_EB,110N04182,1050,PM,61.380434782608695,4000.0,,1400.718172428512,False,0.0,5597.8329,True
32866,I66_EB,110N04182,1065,PM,61.95695652173913,4000.0,,1366.97908293465,False,0.0,5597.8329,True
32866,I66_EB,110N04182,1080,PM,62.39217391304348,4000.0,,1338.4047372750185,False,0.0,5597.8329,True
32866,I66_EB,110N04182,1095,PM,61.68478260869565,4000.0,,1383.442125316776,False,0.0,5597.8329,True
32866,I66_EB,110N04182,1110,PM,61.16391304347826,4000.0,,1412.3432252343462,False,0.0,5597.8329,True
32866,I66_EB,110N04182,1125,PM,60.49565217391305,4000.0,,1445.1390188654038,False,0.0,5597.8329,True
32867,I66_WB,110P04182,900,PM,34.37869565217392,3328.34792124998,3371.000874260179,3371.000874260179,True,21.72017337503356,2894.6416,False
32867,I66_WB,110P04182,915,PM,28.26260869565217,3328.34792124998,3348.358179759653,3348.358179759653,True,31.14803592571729,2894.6416,False
32867,I66_WB,110P04182,930,PM,26.574782608695653,3328.34792124998,3337.4095172464927,3337.4095172464927,True,34.51382549844865,2894.6416,False
32867,I66_WB,110P04182,945,PM,24.818695652173915,3328.34792124998,3334.001488981029,3334.001488981029,True,38.50167330110174,2894.6416,False
32867,I66_WB,110P04182,960,PM,23.99826086956521,3328.34792124998,3333.980697223602,3333.980697223602,True,40.56480319828471,2894.6416,False
32867,I66_WB,110P04182,975,PM,23.85565217391304,3328.34792124998,3333.8556874388723,3333.8556874388723,True,40.93789540337084,2894.6416,False
32867,I66_WB,110P04182,990,PM,22.58869565217391,3328.34792124998,3332.782777908823,3332.782777908823,True,44.45933704238272,2894.6416,False
32867,I66_WB,110P04182,1005,PM,23.20478260869565,3328.34792124998,3330.580230119759,3330.580230119759,True,42.69892395796669,2894.6416,False
32867,I66_WB,110P04182,1020,PM,22.958260869565216,3328.34792124998,3327.066305557993,3327.066305557993,True,43.39199852785656,2894.6416,False
32867,I66_WB,110P04182,1035,PM,22.964782608695653,3328.34792124998,3322.2384271443,3322.2384271443,True,43.37347160343752,2894.6416,False
32867,I66_WB,110P04182,1050,PM,23.34217391304348,3328.34792124998,3316.81066353734,3316.81066353734,True,42.31901312823192,2894.6416,False
32867,I66_WB,110P04182,1065,PM,23.62260869565217,3328.34792124998,3311.6762448302425,3311.6762448302425,True,41.55727805285362,2894.6416,False
32867,I66_WB,110P04182,1080,PM,26.36869565217392,3328.34792124998,3307.7284011161373,3307.7284011161373,True,34.95431277592098,2894.6416,False
32867,I66_WB,110P04182,1095,PM,29.26217391304348,3328.34792124998,3305.323371107914,3305.323371107914,True,29.33780685807957,2894.6416,False
32867,I66_WB,110P04182,1110,PM,32.18434782608696,3328.34792124998,3302.669427997521,3302.669427997521,True,24.690557341882776,2894.6416,False
32867,I66_WB,110P04182,1125,PM,37.57521739130435,3328.34792124998,3297.437853596662,3297.437853596662,True,18.01398066944957,2894.6416,False
32868,I66_WB,110+04182,900,PM,47.27,9582.8067064001,9701.285697608631,9701.285697608631,True,23.793645128526386,18392.636,False
32868,I66_WB,110+04182,915,PM,41.89695652173913,9582.8067064001,9626.106106843894,9626.106106843894,True,33.932983383012576,18392.636,False
32868,I66_WB,110+04182,930,PM,39.7395652173913,9582.8067064001,9591.804064201408,9591.804064201408,True,38.77560650943771,18392.636,False
32868,I66_WB,110+04182,945,PM,40.52434782608695,9582.8067064001,9584.178201717135,9584.178201717135,True,36.95436491742846,18392.636,False
32868,I66_WB,110+04182,960,PM,37.16391304347826,9582.8067064001,9589.02715142705,9589.02715142705,True,45.29339108992436,18392.636,False
32868,I66_WB,110+04182,975,PM,35.791739130434784,9582.8067064001,9594.335181341148,9594.335181341148,True,49.14872729775573,18392.636,False
32868,I66_WB,110+04182,990,PM,36.39478260869566,9582.8067064001,9596.829103365557,9596.829103365557,True,47.41857621367597,18392.636,False
32868,I66_WB,110+04182,1005,PM,35.18304347826087,9582.8067064001,9595.421365380414,9595.421365380414,True,50.95524128461512,18392.636,False
32868,I66_WB,110+04182,1020,PM,35.19130434782608,9582.8067064001,9589.024415265883,9589.024415265883,True,50.9303059999216,18392.636,False
32868,I66_WB,110+04182,1035,PM,34.52956521739131,9582.8067064001,9577.352245094284,9577.352245094284,True,52.96555559787004,18392.636,False
32868,I66_WB,110+04182,1050,PM,33.719130434782606,9582.8067064001,9563.325023706648,9563.325023706648,True,55.56696036008465,18392.636,False
32868,I66_WB,110+04182,1065,PM,33.50217391304348,9582.8067064001,9550.664464136176,9550.664464136176,True,56.28472273634961,18392.636,False
32868,I66_WB,110+04182,1080,PM,40.436521739130434,9582.8067064001,9543.09227941608,9543.09227941608,True,37.154669572693926,18392.636,False
32868,I66_WB,110+04182,1095,PM,43.72521739130435,9582.8067064001,9537.41676580184,9537.41676580184,True,30.203222019313515,18392.636,False
32868,I66_WB,110+04182,1110,PM,48.753043478260864,9582.8067064001,9502.792552438075,9502.792552438075,True,21.38859637836141,18392.636,False
32868,I66_WB,110+04182,1125,PM,53.18869565217391,10000.0,9401.46085169167,0.0,False,0.0,18392.636,False
32869,I66_EB,110N04181,900,PM,61.20304347826088,9500.0,,4753.06958027448,False,0.0,18281.5172,True
32869,I66_EB,110N04181,915,PM,60.95,9500.0,,4791.066495286438,False,0.0,18281.5172,True
32869,I66_EB,110N04181,930,PM,61.66608695652174,9500.0,,4678.4499988542275,False,0.0,18281.5172,True
32869,I66_EB,110N04181,945,PM,63.61913043478261,9500.0,,4265.787153833363,False,0.0,18281.5172,True
32869,I66_EB,110N04181,960,PM,64.16739130434782,9500.0,,4107.991306446333,False,0.0,18281.5172,True
32869,I66_EB,110N04181,975,PM,63.35478260869566,9500.0,,4333.635345150361,False,0.0,18281.5172,True
32869,I66_EB,110N04181,990,PM,63.169130434782616,9500.0,,4378.56622012773,False,0.0,18281.5172,True
32869,I66_EB,110N04181,1005,PM,63.03217391304348,9500.0,,4410.39441369695,False,0.0,18281.5172,True
32869,I66_EB,110N04181,1020,PM,61.71,9500.0,,4671.005853284745,False,0.0,18281.5172,True
32869,I66_EB,110N04181,1035,PM,60.77826086956522,9500.0,,4815.823920399641,False,0.0,18281.5172,True
32869,I66_EB,110N04181,1050,PM,60.14913043478261,9500.0,,4900.013552452561,False,0.0,18281.5172,True
32869,I66_EB,110N04181,1065,PM,60.57130434782609,9500.0,,4844.610672044786,False,0.0,18281.5172,True
32869,I66_EB,110N04181,1080,PM,61.73173913043478,9500.0,,4667.295803004285,False,0.0,18281.5172,True
32869,I66_EB,110N04181,1095,PM,62.458260869565216,9500.0,,4532.998391311302,False,0.0,18281.5172,True
32869,I66_EB,110N04181,1110,PM,62.89652173913044,9500.0,,4440.885998450454,False,0.0,18281.5172,True
32869,I66_EB,110N04181,1125,PM,62.45086956521739,9500.0,,4534.474095382343,False,0.0,18281.5172,True
35757,I66_WB,110-58629,900,PM,66.60913043478261,7600.0,,3261.23146552736,False,0.0,13869.5973,True
35757,I66_WB,110-58629,915,PM,65.26347826086956,7600.0,,3423.4861262784902,False,0.0,13869.5973,True
35757,I66_WB,110-58629,930,PM,64.17304347826087,7600.0,,3528.0922712554666,False,0.0,13869.5973,True
35757,I66_WB,110-58629,945,PM,64.69608695652174,7600.0,,3480.4345515366,False,0.0,13869.5973,True
35757,I66_WB,110-58629,960,PM,63.84173913043478,7600.0,,3556.1318473567294,False,0.0,13869.5973,True
35757,I66_WB,110-58629,975,PM,64.71173913043478,7600.0,,3478.940032590213,False,0.0,13869.5973,True
35757,I66_WB,110-58629,990,PM,63.24086956521739,7600.0,,3603.16109513323,False,0.0,13869.5973,True
35757,I66_WB,110-58629,1005,PM,63.86347826086957,7600.0,,3554.339955051948,False,0.0,13869.5973,True
35757,I66_WB,110-58629,1020,PM,64.45652173913044,7600.0,,3502.8023902609616,False,0.0,13869.5973,True
35757,I66_WB,110-58629,1035,PM,65.00391304347826,7600.0,,3450.263337687587,False,0.0,13869.5973,True
35757,I66_WB,110-58629,1050,PM,64.65695652173913,7600.0,,3484.152802209773,False,0.0,13869.5973,True
35757,I66_WB,110-58629,1065,PM,65.37391304347825,7600.0,,3411.700590431293,False,0.0,13869.5973,True
35757,I66_WB,110-58629,1080,PM,64.25782608695653,7600.0,,3520.657958795585,False,0.0,13869.5973,True
35757,I66_WB,110-58629,1095,PM,64.34608695652175,7600.0,,3512.802336687958,False,0.0,13869.5973,True
35757,I66_WB,110-58629,1110,PM,65.41304347826087,7600.0,,3407.4662719780495,False,0.0,13869.5973,True
35757,I66_WB,110-58629,1125,PM,66.29782608695652,7600.0,,3302.726167218745,False,0.0,13869.5973,True
35760,I66_EB,110-04181,900,PM,58.68826086956521,1900.0,,1101.4209369356001,False,0.0,4340.4783,True
35760,I66_EB,110-04181,915,PM,59.113913043478256,1900.0,,1088.902558432391,False,0.0,4340.4783,True
35760,I66_EB,110-04181,930,PM,59.16347826086957,1900.0,,1087.378704613706,False,0.0,4340.4783,True
35760,I66_EB,110-04181,945,PM,59.56739130434782,1900.0,,1074.406754429909,False,0.0,4340.4783,True
35760,I66_EB,110-04181,960,PM,59.81913043478261,1900.0,,1065.7906313753235,False,0.0,4340.4783,True
35760,I66_EB,110-04181,975,PM,59.60478260869566,1900.0,,1073.1538198234803,False,0.0,4340.4783,True
35760,I66_EB,110-04181,990,PM,60.30826086956522,1900.0,,1047.751059543931,False,0.0,4340.4783,True
35760,I66_EB,110-04181,1005,PM,59.92304347826087,1900.0,,1062.1065786006006,False,0.0,4340.4783,True
35760,I66_EB,110-04181,1020,PM,59.52652173913043,1900.0,,1075.7658165510286,False,0.0,4340.4783,True
35760,I66_EB,110-04181,1035,PM,59.22086956521739,1900.0,,1085.596231609906,False,0.0,4340.4783,True
35760,I66_EB,110-04181,1050,PM,57.81304347826087,1900.0,,1124.2803639617941,False,0.0,4340.4783,True
35760,I66_EB,110-04181,1065,PM,57.95086956521739,1900.0,,1120.9160213703512,False,0.0,4340.4783,True
35760,I66_EB,110-04181,1080,PM,59.44521739130435,1900.0,,1078.437570059091,False,0.0,4340.4783,True
35760,I66_EB,110-04181,1095,PM,59.09434782608696,1900.0,,1089.5001532785934,False,0.0,4340.4783,True
35760,I66_EB,110-04181,1110,PM,59.2395652173913,1900.0,,1085.0113590646079,False,0.0,4340.4783,True
35760,I66_EB,110-04181,1125,PM,58.68565217391304,1900.0,,1101.494640349685,False,0.0,4340.4783,True
35765,I66_WB,110N58631,900,PM,68.30782608695652,4000.0,,807.007916407616,False,0.0,3460.1793,True
35765,I66_WB,110N58631,915,PM,67.57391304347826,4000.0,,843.0850598547673,False,0.0,3460.1793,True
35765,I66_WB,110N58631,930,PM,67.51608695652173,4000.0,,845.6536512192049,False,0.0,3460.1793,True
35765,I66_WB,110N58631,945,PM,66.56478260869565,4000.0,,883.3887773442208,False,0.0,3460.1793,True
35765,I66_WB,110N58631,960,PM,67.58217391304348,4000.0,,842.7151909607962,False,0.0,3460.1793,True
35765,I66_WB,110N58631,975,PM,66.72739130434783,4000.0,,877.4816139550084,False,0.0,3460.1793,True
35765,I66_WB,110N58631,990,PM,65.42478260869565,4000.0,,919.8129580407463,False,0.0,3460.1793,True
35765,I66_WB,110N58631,1005,PM,66.4104347826087,4000.0,,888.8142851592355,False,0.0,3460.1793,True
35765,I66_WB,110N58631,1020,PM,66.95652173913044,4000.0,,868.8034879452603,False,0.0,3460.1793,True
35765,I66_WB,110N58631,1035,PM,66.2291304347826,4000.0,,894.9734196416254,False,0.0,3460.1793,True
35765,I66_WB,110N58631,1050,PM,66.6704347826087,4000.0,,879.5736855110385,False,0.0,3460.1793,True
35765,I66_WB,110N58631,1065,PM,67.47260869565217,4000.0,,847.561661664868,False,0.0,3460.1793,True
35765,I66_WB,110N58631,1080,PM,67.0104347826087,4000.0,,866.698115469221,False,0.0,3460.1793,True
35765,I66_WB,110N58631,1095,PM,66.95695652173913,4000.0,,868.7866084945564,False,0.0,3460.1793,True
35765,I66_WB,110N58631,1110,PM,67.5208695652174,4000.0,,845.4425600285347,False,0.0,3460.1793,True
35765,I66_WB,110N58631,1125,PM,67.15521739130435,4000.0,,860.9182083032987,False,0.0,3460.1793,True
35779,I66_EB,110N04176,900,PM,56.3704347826087,4000.0,,1462.1640790639333,False,0.0,5830.4727,True
35779,I66_EB,110N04176,915,PM,55.4895652173913,4000.0,,1476.7171784241355,False,0.0,5830.4727,True
35779,I66_EB,110N04176,930,PM,54.67565217391304,4000.0,,1488.2211751276752,False,0.0,5830.4727,True
35779,I66_EB,110N04176,945,PM,55.30391304347826,4000.0,,1479.4980336562485,False,0.0,5830.4727,True
35779,I66_EB,110N04176,960,PM,58.12652173913044,4000.0,,1425.4798550071962,False,0.0,5830.4727,True
35779,I66_EB,110N04176,975,PM,57.40913043478261,4000.0,,1441.8222160233681,False,0.0,5830.4727,True
35779,I66_EB,110N04176,990,PM,57.77869565217392,4000.0,,1433.6552829817438,False,0.0,5830.4727,True
35779,I66_EB,110N04176,1005,PM,57.37086956521739,4000.0,,1442.6384075796823,False,0.0,5830.4727,True
35779,I66_EB,110N04176,1020,PM,57.39043478260869,4000.0,,1442.2217101206193,False,0.0,5830.4727,True
35779,I66_EB,110N04176,1035,PM,56.61565217391305,4000.0,,1457.6890188322552,False,0.0,5830.4727,True
35779,I66_EB,110N04176,1050,PM,55.88695652173914,4000.0,,1470.4368414563985,False,0.0,5830.4727,True
35779,I66_EB,110N04176,1065,PM,54.89217391304348,4000.0,,1485.331784327126,False,0.0,5830.4727,True
35779,I66_EB,110N04176,1080,PM,56.5195652173913,4000.0,,1459.4656038834469,False,0.0,5830.4727,True
35779,I66_EB,110N04176,1095,PM,56.76652173913044,4000.0,,1454.8384238494139,False,0.0,5830.4727,True
35779,I66_EB,110N04176,1110,PM,57.27478260869565,4000.0,,1444.6645468801266,False,0.0,5830.4727,True
35779,I66_EB,110N04176,1125,PM,56.65,4000.0,,1457.0466427866334,False,0.0,5830.4727,True
35786,I66_WB,110+04181,900,PM,59.49652173913044,7600.0,,4123.848356936263,False,0.0,16882.902,True
35786,I66_WB,110+04181,915,PM,57.546956521739126,7600.0,,4235.73717210655,False,0.0,16882.902,True
35786,I66_WB,110+04181,930,PM,56.34,7600.0,,4288.296894434314,False,0.0,16882.902,True
35786,I66_WB,110+04181,945,PM,53.953478260869566,7600.0,,4362.451989033029,False,0.0,16882.902,True
35786,I66_WB,110+04181,960,PM,56.20173913043479,7600.0,,4293.615542181109,False,0.0,16882.902,True
35786,I66_WB,110+04181,975,PM,53.97347826086957,7600.0,,4361.9743908717965,False,0.0,16882.902,True
35786,I66_WB,110+04181,990,PM,54.9204347826087,7600.0,,4336.714960553722,False,0.0,16882.902,True
35786,I66_WB,110+04181,1005,PM,55.69869565217391,7600.0,,4311.8366735158,False,0.0,16882.902,True
35786,I66_WB,110+04181,1020,PM,55.5508695652174,7600.0,,4316.864206669456,False,0.0,16882.902,True
35786,I66_WB,110+04181,1035,PM,54.90869565217392,7600.0,,4337.060847561357,False,0.0,16882.902,True
35786,I66_WB,110+04181,1050,PM,55.60434782608696,7600.0,,4315.062186602658,False,0.0,16882.902,True
35786,I66_WB,110+04181,1065,PM,59.6504347826087,7600.0,,4113.348922612039,False,0.0,16882.902,True
35786,I66_WB,110+04181,1080,PM,59.53130434782609,7600.0,,4121.49924050807,False,0.0,16882.902,True
35786,I66_WB,110+04181,1095,PM,60.08304347826088,7600.0,,4082.3435273010623,False,0.0,16882.902,True
35786,I66_WB,110+04181,1110,PM,62.21869565217391,7600.0,,3890.7263814125936,False,0.0,16882.902,True
35786,I66_WB,110+04181,1125,PM,60.62434782608696,7600.0,,4040.2267077001707,False,0.0,16882.902,True
35787,I66_EB,110N04180,900,PM,46.80608695652174,7600.0,7599.999999998265,3523.869680636413,False,0.0,13605.367,True
35787,I66_EB,110N04180,915,PM,46.81782608695652,7600.0,7599.999999997733,3523.925066218056,False,0.0,13605.367,True
35787,I66_EB,110N04180,930,PM,55.12217391304348,7600.0,7599.999999998488,3449.095042774932,False,0.0,13605.367,True
35787,I66_EB,110N04180,945,PM,58.13173913043478,7600.0,7599.999999999754,3344.0066010365726,False,0.0,13605.367,True
35787,I66_EB,110N04180,960,PM,60.286086956521736,7600.0,7600.000000000765,3227.0187843247872,False,0.0,13605.367,True
35787,I66_EB,110N04180,975,PM,61.73869565217392,7600.0,7600.000000000939,3119.985160128808,False,0.0,13605.367,True
35787,I66_EB,110N04180,990,PM,60.87521739130435,7600.0,7600.000000000488,3186.849264773728,False,0.0,13605.367,True
35787,I66_EB,110N04180,1005,PM,58.34739130434782,7600.0,7599.999999999818,3334.1192860596225,False,0.0,13605.367,True
35787,I66_EB,110N04180,1020,PM,56.42869565217391,7600.0,7599.999999999338,3410.391440271641,False,0.0,13605.367,True
35787,I66_EB,110N04180,1035,PM,52.51739130434783,7600.0,7599.99999999934,3500.692966352732,False,0.0,13605.367,True
35787,I66_EB,110N04180,1050,PM,45.24391304347826,7600.0,7599.999999999691,3513.2315106839387,False,0.0,13605.367,True
35787,I66_EB,110N04180,1065,PM,43.21434782608696,7600.0,7600.0000000001455,3490.2655524113934,False,0.0,13605.367,True
35787,I66_EB,110N04180,1080,PM,50.533478260869565,7600.0,7600.000000000458,3521.091023776625,False,0.0,13605.367,True
35787,I66_EB,110N04180,1095,PM,53.48652173913044,7600.0,7600.00000000045,3485.084085595661,False,0.0,13605.367,True
35787,I66_EB,110N04180,1110,PM,56.21043478260869,7600.0,7600.000000000214,3417.5369258170986,False,0.0,13605.367,True
35787,I66_EB,110N04180,1125,PM,57.41652173913043,7600.0,7599.999999999904,3374.305609137989,False,0.0,13605.367,True
38163,I66_EB,110+58628,900,PM,64.55347826086957,6000.0,,3893.600976571298,False,0.0,13523.9934,True
38163,I66_EB,110+58628,915,PM,63.6704347826087,6000.0,,3966.14829937657,False,0.0,13523.9934,True
38163,I66_EB,110+58628,930,PM,64.53739130434782,6000.0,,3895.0192437030187,False,0.0,13523.9934,True
38163,I66_EB,110+58628,945,PM,63.92739130434782,6000.0,,3946.10819721084,False,0.0,13523.9934,True
38163,I66_EB,110+58628,960,PM,65.93695652173913,6000.0,,3755.8429364234344,False,0.0,13523.9934,True
38163,I66_EB,110+58628,975,PM,68.39173913043479,6000.0,,3401.770809199749,False,0.0,13523.9934,True
38163,I66_EB,110+58628,990,PM,68.77956521739131,6000.0,,3325.866800094706,False,0.0,13523.9934,True
38163,I66_EB,110+58628,1005,PM,69.4695652173913,6000.0,,3169.3128341300835,False,0.0,13523.9934,True
38163,I66_EB,110+58628,1020,PM,69.98565217391305,6000.0,,3028.071750170448,False,0.0,13523.9934,True
38163,I66_EB,110+58628,1035,PM,69.02739130434782,6000.0,,3273.1507951338413,False,0.0,13523.9934,True
38163,I66_EB,110+58628,1050,PM,70.10130434782609,6000.0,,2992.698941718648,False,0.0,13523.9934,True
38163,I66_EB,110+58628,1065,PM,69.13826086956522,6000.0,,3248.3676850734737,False,0.0,13523.9934,True
38163,I66_EB,110+58628,1080,PM,69.49260869565217,6000.0,,3163.5103762822714,False,0.0,13523.9934,True
38163,I66_EB,110+58628,1095,PM,70.1,6000.0,,2993.1066804031343,False,0.0,13523.9934,True
38163,I66_EB,110+58628,1110,PM,70.23608695652175,6000.0,,2949.4111174121276,False,0.0,13523.9934,True
38163,I66_EB,110+58628,1125,PM,69.75608695652174,6000.0,,3093.986157096353,False,0.0,13523.9934,True
38167,I66_EB,110+58628,900,PM,64.55347826086957,6000.0,,2053.7258941833134,False,0.0,7133.3903,True
38167,I66_EB,110+58628,915,PM,63.6704347826087,6000.0,,2091.991837790628,False,0.0,7133.3903,True
38167,I66_EB,110+58628,930,PM,64.53739130434782,6000.0,,2054.4739759592344,False,0.0,7133.3903,True
38167,I66_EB,110+58628,945,PM,63.92739130434782,6000.0,,2081.4214488402736,False,0.0,7133.3903,True
38167,I66_EB,110+58628,960,PM,65.93695652173913,6000.0,,1981.063786307855,False,0.0,7133.3903,True
38167,I66_EB,110+58628,975,PM,68.39173913043479,6000.0,,1794.3042543313159,False,0.0,7133.3903,True
38167,I66_EB,110+58628,990,PM,68.77956521739131,6000.0,,1754.2677868274925,False,0.0,7133.3903,True
38167,I66_EB,110+58628,1005,PM,69.4695652173913,6000.0,,1671.6915455348453,False,0.0,7133.3903,True
38167,I66_EB,110+58628,1020,PM,69.98565217391305,6000.0,,1597.192264998436,False,0.0,7133.3903,True
38167,I66_EB,110+58628,1035,PM,69.02739130434782,6000.0,,1726.4621064104508,False,0.0,7133.3903,True
38167,I66_EB,110+58628,1050,PM,70.10130434782609,6000.0,,1578.534458740276,False,0.0,7133.3903,True
38167,I66_EB,110+58628,1065,PM,69.13826086956522,6000.0,,1713.3899618389767,False,0.0,7133.3903,True
38167,I66_EB,110+58628,1080,PM,69.49260869565217,6000.0,,1668.6309705032322,False,0.0,7133.3903,True
38167,I66_EB,110+58628,1095,PM,70.1,6000.0,,1578.749525332726,False,0.0,7133.3903,True
38167,I66_EB,110+58628,1110,PM,70.23608695652175,6000.0,,1555.7017837393971,False,0.0,7133.3903,True
38167,I66_EB,110+58628,1125,PM,69.75608695652174,6000.0,,1631.9595986615464,False,0.0,7133.3903,True
38189,I66_EB,110P58625,900,PM,69.12826086956522,6000.0,,2257.073478839314,False,0.0,8914.8384,True
38189,I66_EB,110P58625,915,PM,69.10434782608696,6000.0,,2260.802534078395,False,0.0,8914.8384,True
38189,I66_EB,110P58625,930,PM,69.56521739130434,6000.0,,2184.0562840016105,False,0.0,8914.8384,True
38189,I66_EB,110P58625,945,PM,68.66695652173912,6000.0,,2324.8448528141244,False,0.0,8914.8384,True
38189,I66_EB,110P58625,960,PM,68.83173913043478,6000.0,,2301.5997460394888,False,0.0,8914.8384,True
38189,I66_EB,110P58625,975,PM,69.18652173913043,6000.0,,2247.8802235174894,False,0.0,8914.8384,True
38189,I66_EB,110P58625,990,PM,69.86565217391305,6000.0,,2127.607252356758,False,0.0,8914.8384,True
38189,I66_EB,110P58625,1005,PM,69.94173913043478,6000.0,,2112.354219952503,False,0.0,8914.8384,True
38189,I66_EB,110P58625,1020,PM,70.1904347826087,6000.0,,2059.3729356292924,False,0.0,8914.8384,True
38189,I66_EB,110P58625,1035,PM,69.03739130434782,6000.0,,2271.1103044391325,False,0.0,8914.8384,True
38189,I66_EB,110P58625,1050,PM,69.80652173913043,6000.0,,2139.1793464817747,False,0.0,8914.8384,True
38189,I66_EB,110P58625,1065,PM,68.60260869565217,6000.0,,2333.6551821174507,False,0.0,8914.8384,True
38189,I66_EB,110P58625,1080,PM,68.95086956521739,6000.0,,2284.147350210596,False,0.0,8914.8384,True
38189,I66_EB,110P58625,1095,PM,68.68,6000.0,,2323.0411318171596,False,0.0,8914.8384,True
38189,I66_EB,110P58625,1110,PM,69.64434782608696,6000.0,,2169.735561273097,False,0.0,8914.8384,True
38189,I66_EB,110P58625,1125,PM,69.09086956521739,6000.0,,2262.89319643182,False,0.0,8914.8384,True
38500,I66_EB,110+58626,900,PM,69.37565217391304,8000.0,,2342.8605632240133,False,0.0,9550.6969,True
38500,I66_EB,110+58626,915,PM,69.37739130434782,8000.0,,2342.5986927879835,False,0.0,9550.6969,True
38500,I66_EB,110+58626,930,PM,68.9213043478261,8000.0,,2407.333730787071,False,0.0,9550.6969,True
38500,I66_EB,110+58626,945,PM,67.11478260869566,8000.0,,2606.0344443077024,False,0.0,9550.6969,True
38500,I66_EB,110+58626,960,PM,67.99391304347827,8000.0,,2518.9081397621603,False,0.0,9550.6969,True
38500,I66_EB,110+58626,975,PM,67.97043478260869,8000.0,,2521.4446037857174,False,0.0,9550.6969,True
38500,I66_EB,110+58626,990,PM,69.04652173913043,8000.0,,2390.3089724777287,False,0.0,9550.6969,True
38500,I66_EB,110+58626,1005,PM,69.41347826086957,8000.0,,2337.136821865719,False,0.0,9550.6969,True
38500,I66_EB,110+58626,1020,PM,69.82,8000.0,,2271.610259345242,False,0.0,9550.6969,True
38500,I66_EB,110+58626,1035,PM,68.61347826086956,8000.0,,2447.0380333871235,False,0.0,9550.6969,True
38500,I66_EB,110+58626,1050,PM,69.38304347826087,8000.0,,2341.7467594527043,False,0.0,9550.6969,True
38500,I66_EB,110+58626,1065,PM,68.91260869565217,8000.0,,2408.496427834784,False,0.0,9550.6969,True
38500,I66_EB,110+58626,1080,PM,69.33130434782608,8000.0,,2349.496813981069,False,0.0,9550.6969,True
38500,I66_EB,110+58626,1095,PM,69.12347826086956,8000.0,,2379.5758949663177,False,0.0,9550.6969,True
38500,I66_EB,110+58626,1110,PM,69.9291304347826,8000.0,,2252.6380619999777,False,0.0,9550.6969,True
38500,I66_EB,110+58626,1125,PM,69.73739130434782,8000.0,,2285.55938003469,False,0.0,9550.6969,True
38749,I66_WB,110-58627,900,PM,68.28347826086956,6000.0,,2590.9643930692278,False,0.0,10011.8066,True
38749,I66_WB,110-58627,915,PM,68.63478260869566,6000.0,,2539.8290431103756,False,0.0,10011.8066,True
38749,I66_WB,110-58627,930,PM,68.99,6000.0,,2483.14589615711,False,0.0,10011.8066,True
38749,I66_WB,110-58627,945,PM,68.93826086956521,6000.0,,2491.747271712688,False,0.0,10011.8066,True
38749,I66_WB,110-58627,960,PM,69.37652173913044,6000.0,,2414.650932871695,False,0.0,10011.8066,True
38749,I66_WB,110-58627,975,PM,69.5391304347826,6000.0,,2383.334846189288,False,0.0,10011.8066,True
38749,I66_WB,110-58627,990,PM,69.09652173913044,6000.0,,2465.0366540430887,False,0.0,10011.8066,True
38749,I66_WB,110-58627,1005,PM,69.00521739130434,6000.0,,2480.5922570337634,False,0.0,10011.8066,True
38749,I66_WB,110-58627,1020,PM,69.20565217391304,6000.0,,2445.897593897645,False,0.0,10011.8066,True
38749,I66_WB,110-58627,1035,PM,69.36521739130436,6000.0,,2416.7689035332796,False,0.0,10011.8066,True
38749,I66_WB,110-58627,1050,PM,69.30304347826088,6000.0,,2428.2867684864104,False,0.0,10011.8066,True
38749,I66_WB,110-58627,1065,PM,68.83608695652174,6000.0,,2508.3759236116143,False,0.0,10011.8066,True
38749,I66_WB,110-58627,1080,PM,68.46565217391304,6000.0,,2565.0101590124495,False,0.0,10011.8066,True
38749,I66_WB,110-58627,1095,PM,68.11130434782608,6000.0,,2614.4611265043563,False,0.0,10011.8066,True
38749,I66_WB,110-58627,1110,PM,67.79130434782608,6000.0,,2655.7004745586464,False,0.0,10011.8066,True
38749,I66_WB,110-58627,1125,PM,68.47652173913043,6000.0,,2563.424156208363,False,0.0,10011.8066,True
38801,I66_WB,110-58627,900,PM,68.28347826086956,6000.0,,3139.6267371738486,False,0.0,12131.9057,True
38801,I66_WB,110-58627,915,PM,68.63478260869566,6000.0,,3077.6629709503486,False,0.0,12131.9057,True
38801,I66_WB,110-58627,930,PM,68.99,6000.0,,3008.9766068313834,False,0.0,12131.9057,True
38801,I66_WB,110-58627,945,PM,68.93826086956521,6000.0,,3019.3994087591154,False,0.0,12131.9057,True
38801,I66_WB,110-58627,960,PM,69.37652173913044,6000.0,,2925.9771574109745,False,0.0,12131.9057,True
38801,I66_WB,110-58627,975,PM,69.5391304347826,6000.0,,2888.0295795458574,False,0.0,12131.9057,True
38801,I66_WB,110-58627,990,PM,69.09652173913044,6000.0,,2987.0325535347715,False,0.0,12131.9057,True
38801,I66_WB,110-58627,1005,PM,69.00521739130434,6000.0,,3005.8822093590757,False,0.0,12131.9057,True
38801,I66_WB,110-58627,1020,PM,69.20565217391304,6000.0,,2963.8406080500117,False,0.0,12131.9057,True
38801,I66_WB,110-58627,1035,PM,69.36521739130436,6000.0,,2928.543629314428,False,0.0,12131.9057,True
38801,I66_WB,110-58627,1050,PM,69.30304347826088,6000.0,,2942.5005161241197,False,0.0,12131.9057,True
38801,I66_WB,110-58627,1065,PM,68.83608695652174,6000.0,,3039.549342214272,False,0.0,12131.9057,True
38801,I66_WB,110-58627,1080,PM,68.46565217391304,6000.0,,3108.1764372756707,False,0.0,12131.9057,True
38801,I66_WB,110-58627,1095,PM,68.11130434782608,6000.0,,3168.0991363803037,False,0.0,12131.9057,True
38801,I66_WB,110-58627,1110,PM,67.79130434782608,6000.0,,3218.0713243892214,False,0.0,12131.9057,True
38801,I66_WB,110-58627,1125,PM,68.47652173913043,6000.0,,3106.254582686598,False,0.0,12131.9057,True
38954,I66_WB,110+04184,900,PM,49.00173913043478,4000.0,3997.5140458541455,0.0,False,0.0,3843.9517,False
38954,I66_WB,110+04184,915,PM,47.66608695652174,3856.2303322116654,3944.5174669756902,3944.5174669756902,True,28.246972589008745,3843.9517,False
38954,I66_WB,110+04184,930,PM,44.33782608695652,3856.2303322116654,3896.6525080378815,3896.6525080378815,True,35.10935431466265,3843.9517,False
38954,I66_WB,110+04184,945,PM,42.63565217391304,3856.2303322116654,3860.774372898497,3860.774372898497,True,39.03307454912673,3843.9517,False
38954,I66_WB,110+04184,960,PM,42.65608695652174,3856.2303322116654,3843.7382654153193,3843.7382654153193,True,38.98411273417546,3843.9517,False
38954,I66_WB,110+04184,975,PM,42.26260869565217,3856.2303322116654,3849.3645136357295,3849.3645136357295,True,39.93520979424367,3843.9517,False
38954,I66_WB,110+04184,990,PM,41.06434782608696,3856.2303322116654,3869.3339423655257,3869.3339423655257,True,42.94385901700202,3843.9517,False
38954,I66_WB,110+04184,1005,PM,38.74391304347826,3856.2303322116654,3892.2925006000983,3892.2925006000983,True,49.29925134632117,3843.9517,False
38954,I66_WB,110+04184,1020,PM,37.86304347826087,3856.2303322116654,3906.8861373348473,3906.8861373348473,True,51.91583132146531,3843.9517,False
38954,I66_WB,110+04184,1035,PM,35.25304347826087,3856.2303322116654,3904.678157941568,3904.678157941568,True,60.43642352492509,3843.9517,False
38954,I66_WB,110+04184,1050,PM,31.98217391304348,3856.2303322116654,3888.901293297678,3888.901293297678,True,73.07796513453165,3843.9517,False
38954,I66_WB,110+04184,1065,PM,28.72608695652174,3856.2303322116654,3865.7056306569934,3865.7056306569934,True,88.5217219025232,3843.9517,False
38954,I66_WB,110+04184,1080,PM,28.76304347826087,3856.2303322116654,3841.241257273337,3841.241257273337,True,88.32681770559813,3843.9517,False
38954,I66_WB,110+04184,1095,PM,29.07130434782609,3856.2303322116654,3820.43639247612,3820.43639247612,True,86.7203927083771,3843.9517,False
38954,I66_WB,110+04184,1110,PM,31.85782608695652,3856.2303322116654,3803.331783897159,3803.331783897159,True,73.60977389759867,3843.9517,False
38954,I66_WB,110+04184,1125,PM,35.985217391304346,3856.2303322116654,3788.746311243863,3788.746311243863,True,57.92144133605335,3843.9517,False
38959,I66_WB,110N58625,900,PM,70.08434782608695,6000.0,,1536.382898751167,False,0.0,6731.6481,True
38959,I66_WB,110N58625,915,PM,69.3991304347826,6000.0,,1661.5241570435917,False,0.0,6731.6481,True
38959,I66_WB,110N58625,930,PM,69.14304347826086,6000.0,,1700.4133827721919,False,0.0,6731.6481,True
38959,I66_WB,110N58625,945,PM,69.15086956521739,6000.0,,1699.274858881593,False,0.0,6731.6481,True
38959,I66_WB,110N58625,960,PM,68.98695652173913,6000.0,,1722.5197221175115,False,0.0,6731.6481,True
38959,I66_WB,110N58625,975,PM,69.11608695652174,6000.0,,1704.312339796443,False,0.0,6731.6481,True
38959,I66_WB,110N58625,990,PM,69.06608695652174,6000.0,,1711.4530862982729,False,0.0,6731.6481,True
38959,I66_WB,110N58625,1005,PM,68.80913043478262,6000.0,,1746.4043135334832,False,0.0,6731.6481,True
38959,I66_WB,110N58625,1020,PM,69.23,6000.0,,1687.5929150456789,False,0.0,6731.6481,True
38959,I66_WB,110N58625,1035,PM,69.06260869565217,6000.0,,1711.9455000392143,False,0.0,6731.6481,True
38959,I66_WB,110N58625,1050,PM,69.01173913043478,6000.0,,1719.0840268100953,False,0.0,6731.6481,True
38959,I66_WB,110N58625,1065,PM,69.39260869565217,6000.0,,1662.558738312844,False,0.0,6731.6481,True
38959,I66_WB,110N58625,1080,PM,69.64739130434782,6000.0,,1620.2034813168507,False,0.0,6731.6481,True
38959,I66_WB,110N58625,1095,PM,69.49608695652174,6000.0,,1645.8476119316067,False,0.0,6731.6481,True
38959,I66_WB,110N58625,1110,PM,69.19608695652174,6000.0,,1692.6378341779327,False,0.0,6731.6481,True
38959,I66_WB,110N58625,1125,PM,69.11521739130436,6000.0,,1704.4375331715253,False,0.0,6731.6481,True
39007,I66_WB,110-58625,900,PM,69.63652173913044,8000.0,,3269.4376378628012,False,0.0,14311.5164,True
39007,I66_WB,110-58625,915,PM,69.02652173913043,8000.0,,3471.04564160427,False,0.0,14311.5164,True
39007,I66_WB,110-58625,930,PM,68.72043478260869,8000.0,,3557.247195607797,False,0.0,14311.5164,True
39007,I66_WB,110-58625,945,PM,68.62347826086956,8000.0,,3582.885516646854,False,0.0,14311.5164,True
39007,I66_WB,110-58625,960,PM,68.34086956521739,8000.0,,3653.5989832850064,False,0.0,14311.5164,True
39007,I66_WB,110-58625,975,PM,68.29782608695652,8000.0,,3663.882444473444,False,0.0,14311.5164,True
39007,I66_WB,110-58625,990,PM,68.31,8000.0,,3660.9863452386244,False,0.0,14311.5164,True
39007,I66_WB,110-58625,1005,PM,68.33695652173913,8000.0,,3654.5389000685163,False,0.0,14311.5164,True
39007,I66_WB,110-58625,1020,PM,68.8495652173913,8000.0,,3521.8996935191644,False,0.0,14311.5164,True
39007,I66_WB,110-58625,1035,PM,68.3595652173913,8000.0,,3649.094164415458,False,0.0,14311.5164,True
39007,I66_WB,110-58625,1050,PM,68.47478260869566,8000.0,,3620.804648546876,False,0.0,14311.5164,True
39007,I66_WB,110-58625,1065,PM,68.75217391304348,8000.0,,3548.6894628558925,False,0.0,14311.5164,True
39007,I66_WB,110-58625,1080,PM,69.00956521739131,8000.0,,3476.0469245268328,False,0.0,14311.5164,True
39007,I66_WB,110-58625,1095,PM,68.85173913043478,8000.0,,3521.2923396718743,False,0.0,14311.5164,True
39007,I66_WB,110-58625,1110,PM,68.30217391304348,8000.0,,3662.8492346668127,False,0.0,14311.5164,True
39007,I66_WB,110-58625,1125,PM,68.00043478260869,8000.0,,3731.7664670097747,False,0.0,14311.5164,True
39080,I66_WB,110-58628,900,PM,65.75652173913043,6000.0,,3701.170186510022,False,0.0,15611.3843,True
39080,I66_WB,110-58628,915,PM,64.29869565217392,6000.0,,3832.606175076556,False,0.0,15611.3843,True
39080,I66_WB,110-58628,930,PM,64.25391304347826,6000.0,,3836.159964746843,False,0.0,15611.3843,True
39080,I66_WB,110-58628,945,PM,64.02173913043478,6000.0,,3854.1746581786547,False,0.0,15611.3843,True
39080,I66_WB,110-58628,960,PM,64.72869565217391,6000.0,,3797.119933694917,False,0.0,15611.3843,True
39080,I66_WB,110-58628,975,PM,64.88,6000.0,,3784.020828537519,False,0.0,15611.3843,True
39080,I66_WB,110-58628,990,PM,63.21260869565218,6000.0,,3911.9338412847774,False,0.0,15611.3843,True
39080,I66_WB,110-58628,1005,PM,63.99217391304347,6000.0,,3856.420302196883,False,0.0,15611.3843,True
39080,I66_WB,110-58628,1020,PM,63.44347826086957,6000.0,,3896.2107742438448,False,0.0,15611.3843,True
39080,I66_WB,110-58628,1035,PM,64.73086956521739,6000.0,,3796.934053153907,False,0.0,15611.3843,True
39080,I66_WB,110-58628,1050,PM,62.8295652173913,6000.0,,3936.7757894280985,False,0.0,15611.3843,True
39080,I66_WB,110-58628,1065,PM,60.796956521739126,6000.0,,4045.9307314089288,False,0.0,15611.3843,True
39080,I66_WB,110-58628,1080,PM,60.22391304347826,6000.0,,4070.738187668187,False,0.0,15611.3843,True
39080,I66_WB,110-58628,1095,PM,60.43217391304348,6000.0,,4061.9942183453463,False,0.0,15611.3843,True
39080,I66_WB,110-58628,1110,PM,60.90347826086956,6000.0,,4041.0550763615165,False,0.0,15611.3843,True
39080,I66_WB,110-58628,1125,PM,61.296956521739126,6000.0,,4022.292479163997,False,0.0,15611.3843,True
39139,I66_WB,110-58627,900,PM,68.28347826086956,6000.0,,4151.394379041238,False,0.0,16041.5009,True
39139,I66_WB,110-58627,915,PM,68.63478260869566,6000.0,,4069.462336687689,False,0.0,16041.5009,True
39139,I66_WB,110-58627,930,PM,68.99,6000.0,,3978.641290177897,False,0.0,16041.5009,True
39139,I66_WB,110-58627,945,PM,68.93826086956521,6000.0,,3992.4229161349995,False,0.0,16041.5009,True
39139,I66_WB,110-58627,960,PM,69.37652173913044,6000.0,,3868.8946621129435,False,0.0,16041.5009,True
39139,I66_WB,110-58627,975,PM,69.5391304347826,6000.0,,3818.7182001844526,False,0.0,16041.5009,True
39139,I66_WB,110-58627,990,PM,69.09652173913044,6000.0,,3949.625605469166,False,0.0,16041.5009,True
39139,I66_WB,110-58627,1005,PM,69.00521739130434,6000.0,,3974.549700524593,False,0.0,16041.5009,True
39139,I66_WB,110-58627,1020,PM,69.20565217391304,6000.0,,3918.959886202447,False,0.0,16041.5009,True
39139,I66_WB,110-58627,1035,PM,69.36521739130436,6000.0,,3872.2881983278735,False,0.0,16041.5009,True
39139,I66_WB,110-58627,1050,PM,69.30304347826088,6000.0,,3890.7427938263254,False,0.0,16041.5009,True
39139,I66_WB,110-58627,1065,PM,68.83608695652174,6000.0,,4019.066312782554,False,0.0,16041.5009,True
39139,I66_WB,110-58627,1080,PM,68.46565217391304,6000.0,,4109.8089903481905,False,0.0,16041.5009,True
39139,I66_WB,110-58627,1095,PM,68.11130434782608,6000.0,,4189.0422167997785,False,0.0,16041.5009,True
39139,I66_WB,110-58627,1110,PM,67.79130434782608,6000.0,,4255.118307295604,False,0.0,16041.5009,True
39139,I66_WB,110-58627,1125,PM,68.47652173913043,6000.0,,4107.267804084248,False,0.0,16041.5009,True
39141,I66_WB,110+04184,900,PM,49.00173913043478,4000.0,3945.969532917352,0.0,False,0.0,3413.8351,False
39141,I66_WB,110+04184,915,PM,47.66608695652174,3856.2303322116654,3899.816427175715,3899.816427175715,True,10.248901558843883,3413.8351,False
39141,I66_WB,110+04184,930,PM,44.33782608695652,3856.2303322116654,3871.799852769033,3871.799852769033,True,12.738792273461671,3413.8351,False
39141,I66_WB,110+04184,945,PM,42.63565217391304,3856.2303322116654,3857.90449949004,3857.90449949004,True,14.16244297800173,3413.8351,False
39141,I66_WB,110+04184,960,PM,42.65608695652174,3856.2303322116654,3854.115057131476,3854.115057131476,True,14.14467807169198,3413.8351,False
39141,I66_WB,110+04184,975,PM,42.26260869565217,3856.2303322116654,3856.618866723271,3856.618866723271,True,14.489766385522037,3413.8351,False
39141,I66_WB,110+04184,990,PM,41.06434782608696,3856.2303322116654,3862.413874244159,3862.413874244159,True,15.581400174310463,3413.8351,False
39141,I66_WB,110+04184,1005,PM,38.74391304347826,3856.2303322116654,3868.7006769100662,3868.7006769100662,True,17.887338984063433,3413.8351,False
39141,I66_WB,110+04184,1020,PM,37.86304347826087,3856.2303322116654,3872.679871936925,3872.679871936925,True,18.836717559115733,3413.8351,False
39141,I66_WB,110+04184,1035,PM,35.25304347826087,3856.2303322116654,3872.2200833950783,3872.2200833950783,True,21.928259863025914,3413.8351,False
39141,I66_WB,110+04184,1050,PM,31.98217391304348,3856.2303322116654,3867.862042772561,3867.862042772561,True,26.515013898369897,3413.8351,False
39141,I66_WB,110+04184,1065,PM,28.72608695652174,3856.2303322116654,3860.814508411821,3860.814508411821,True,32.118500867287175,3413.8351,False
39141,I66_WB,110+04184,1080,PM,28.76304347826087,3856.2303322116654,3852.286238655312,3852.286238655312,True,32.04778341530552,3413.8351,False
39141,I66_WB,110+04184,1095,PM,29.07130434782609,3856.2303322116654,3843.5072111781687,3843.5072111781687,True,31.464921248172224,3413.8351,False
39141,I66_WB,110+04184,1110,PM,31.85782608695652,3856.2303322116654,3835.792280986288,3835.792280986288,True,26.707971060190665,3413.8351,False
39141,I66_WB,110+04184,1125,PM,35.985217391304346,3856.2303322116654,3830.477522418249,3830.477522418249,True,21.01574420157688,3413.8351,False
39142,I66_EB,110-04183,900,PM,61.796521739130434,4000.0,3992.109860752684,2044.7380482022843,False,0.0,7684.3782,True
39142,I66_EB,110-04183,915,PM,60.50521739130434,4000.0,3992.723889915219,2099.293465402565,False,0.0,7684.3782,True
39142,I66_EB,110-04183,930,PM,60.4004347826087,4000.0,3993.235151540088,2103.2219689551134,False,0.0,7684.3782,True
39142,I66_EB,110-04183,945,PM,62.55434782608695,4000.0,3993.658348563951,2006.6023703960432,False,0.0,7684.3782,True
39142,I66_EB,110-04183,960,PM,63.54130434782609,4000.0,3994.008183923476,1948.4226648441113,False,0.0,7684.3782,True
39142,I66_EB,110-04183,975,PM,62.59869565217391,4000.0,3994.302438862405,2004.2081764600669,False,0.0,7684.3782,True
39142,I66_EB,110-04183,990,PM,63.44434782608696,4000.0,3994.571207852804,1954.6267841862232,False,0.0,7684.3782,True
39142,I66_EB,110-04183,1005,PM,63.579130434782606,4000.0,3994.84766367382,1945.9706094512173,False,0.0,7684.3782,True
39142,I66_EB,110-04183,1020,PM,64.03695652173913,4000.0,3995.1649791046,1914.8016740084297,False,0.0,7684.3782,True
39142,I66_EB,110-04183,1035,PM,64.87826086956522,4000.0,3995.547525155179,1849.2543380373043,False,0.0,7684.3782,True
39142,I66_EB,110-04183,1050,PM,64.71130434782609,4000.0,3995.9844657591575,1863.2251236034915,False,0.0,7684.3782,True
39142,I66_EB,110-04183,1065,PM,64.39869565217391,4000.0,3996.456163081021,1888.04927237529,False,0.0,7684.3782,True
39142,I66_EB,110-04183,1080,PM,65.6791304347826,4000.0,3996.9429792852607,1774.1070674405742,False,0.0,7684.3782,True
39142,I66_EB,110-04183,1095,PM,65.81739130434782,4000.0,3997.426514845173,1759.547863312689,False,0.0,7684.3782,True
39142,I66_EB,110-04183,1110,PM,65.46739130434783,4000.0,3997.893323469308,1795.421646300824,False,0.0,7684.3782,True
39142,I66_EB,110-04183,1125,PM,65.56217391304348,4000.0,3998.3311971750218,1786.0217270237742,False,0.0,7684.3782,True
39143,I66_EB,110+58629,900,PM,67.94304347826088,6000.0,,2978.301512718335,False,0.0,10649.5931,True
39143,I66_EB,110+58629,915,PM,67.95782608695652,6000.0,,2975.987009758401,False,0.0,10649.5931,True
39143,I66_EB,110+58629,930,PM,68.15739130434783,6000.0,,2943.915011168622,False,0.0,10649.5931,True
39143,I66_EB,110+58629,945,PM,68.69260869565218,6000.0,,2849.3937476075066,False,0.0,10649.5931,True
39143,I66_EB,110+58629,960,PM,68.73782608695652,6000.0,,2840.7671042045117,False,0.0,10649.5931,True
39143,I66_EB,110+58629,975,PM,69.41173913043478,6000.0,,2697.4169798110433,False,0.0,10649.5931,True
39143,I66_EB,110+58629,990,PM,69.8495652173913,6000.0,,2585.405518004658,False,0.0,10649.5931,True
39143,I66_EB,110+58629,1005,PM,70.0786956521739,6000.0,,2518.735325516096,False,0.0,10649.5931,True
39143,I66_EB,110+58629,1020,PM,69.81347826086957,6000.0,,2595.3486742529963,False,0.0,10649.5931,True
39143,I66_EB,110+58629,1035,PM,69.59826086956522,6000.0,,2651.8770120639783,False,0.0,10649.5931,True
39143,I66_EB,110+58629,1050,PM,69.91130434782609,6000.0,,2568.058943266615,False,0.0,10649.5931,True
39143,I66_EB,110+58629,1065,PM,70.07608695652173,6000.0,,2519.5313964485294,False,0.0,10649.5931,True
39143,I66_EB,110+58629,1080,PM,70.3091304347826,6000.0,,2444.5550846669175,False,0.0,10649.5931,True
39143,I66_EB,110+58629,1095,PM,70.46782608695652,6000.0,,2388.415598039155,False,0.0,10649.5931,True
39143,I66_EB,110+58629,1110,PM,70.46652173913044,6000.0,,2388.8961763378034,False,0.0,10649.5931,True
39143,I66_EB,110+58629,1125,PM,69.59869565217392,6000.0,,2651.767306134832,False,0.0,10649.5931,True
39145,I66_WB,110P04184,900,PM,61.68260869565218,4000.0,,855.910265581414,False,0.0,3413.8351,True
39145,I66_WB,110P04184,915,PM,59.51608695652173,4000.0,,889.9299575918677,False,0.0,3413.8351,True
39145,I66_WB,110P04184,930,PM,61.22043478260869,4000.0,,864.2370688998734,False,0.0,3413.8351,True
39145,I66_WB,110P04184,945,PM,61.08782608695652,4000.0,,866.5086308004466,False,0.0,3413.8351,True
39145,I66_WB,110P04184,960,PM,61.15608695652173,4000.0,,865.3456621136572,False,0.0,3413.8351,True
39145,I66_WB,110P04184,975,PM,63.33826086956522,4000.0,,819.9289960590085,False,0.0,3413.8351,True
39145,I66_WB,110P04184,990,PM,63.21565217391304,4000.0,,822.9768494764156,False,0.0,3413.8351,True
39145,I66_WB,110P04184,1005,PM,62.96652173913044,4000.0,,828.9610228861654,False,0.0,3413.8351,True
39145,I66_WB,110P04184,1020,PM,63.03304347826087,4000.0,,827.3898328695797,False,0.0,3413.8351,True
39145,I66_WB,110P04184,1035,PM,62.60043478260869,4000.0,,837.2771588735496,False,0.0,3413.8351,True
39145,I66_WB,110P04184,1050,PM,62.26521739130435,4000.0,,844.430474602375,False,0.0,3413.8351,True
39145,I66_WB,110P04184,1065,PM,61.99739130434783,4000.0,,849.8513937017395,False,0.0,3413.8351,True
39145,I66_WB,110P04184,1080,PM,61.373913043478254,4000.0,,861.5438738762546,False,0.0,3413.8351,True
39145,I66_WB,110P04184,1095,PM,60.719130434782606,4000.0,,872.5652404676327,False,0.0,3413.8351,True
39145,I66_WB,110P04184,1110,PM,60.24304347826087,4000.0,,879.8546970742448,False,0.0,3413.8351,True
39145,I66_WB,110P04184,1125,PM,60.96130434782608,4000.0,,868.6292751257746,False,0.0,3413.8351,True
39146,I66_EB,110-04183,900,PM,61.796521739130434,4000.0,3999.991009207964,1279.888179259855,False,0.0,4809.9779,True
39146,I66_EB,110-04183,915,PM,60.50521739130434,4000.0,3999.975219289369,1314.0367263808998,False,0.0,4809.9779,True
39146,I66_EB,110-04183,930,PM,60.4004347826087,4000.0,3999.9581026220894,1316.4957432038657,False,0.0,4809.9779,True
39146,I66_EB,110-04183,945,PM,62.55434782608695,4000.0,3999.945330791298,1256.0174427245893,False,0.0,4809.9779,True
39146,I66_EB,110-04183,960,PM,63.54130434782609,4000.0,3999.9425753821656,1219.60029996432,False,0.0,4809.9779,True
39146,I66_EB,110-04183,975,PM,62.59869565217391,4000.0,3999.953240016336,1254.5188152988383,False,0.0,4809.9779,True
39146,I66_EB,110-04183,990,PM,63.44434782608696,4000.0,3999.971656461356,1223.4837211270788,False,0.0,4809.9779,True
39146,I66_EB,110-04183,1005,PM,63.579130434782606,4000.0,3999.989888521237,1218.0654546011133,False,0.0,4809.9779,True
39146,I66_EB,110-04183,1020,PM,64.03695652173913,4000.0,4000.0,1198.5554972897548,False,0.0,4809.9779,True
39146,I66_EB,110-04183,1035,PM,64.87826086956522,4000.0,3999.996597266736,1157.5266424859935,False,0.0,4809.9779,True
39146,I66_EB,110-04183,1050,PM,64.71130434782609,4000.0,3999.984456950854,1166.2715491095378,False,0.0,4809.9779,True
39146,I66_EB,110-04183,1065,PM,64.39869565217391,4000.0,3999.970898246837,1181.8100356169643,False,0.0,4809.9779,True
39146,I66_EB,110-04183,1080,PM,65.6791304347826,4000.0,3999.9632403491705,1110.4887818539398,False,0.0,4809.9779,True
39146,I66_EB,110-04183,1095,PM,65.81739130434782,4000.0,3999.966632450373,1101.3755591215245,False,0.0,4809.9779,True
39146,I66_EB,110-04183,1110,PM,65.46739130434783,4000.0,3999.9775437351054,1123.8304798543854,False,0.0,4809.9779,True
39146,I66_EB,110-04183,1125,PM,65.56217391304348,4000.0,3999.990273386063,1117.9466721073393,False,0.0,4809.9779,True
39147,I66_EB,110N04184,900,PM,61.91217391304348,4000.0,3999.9993053548383,1292.680533993514,False,0.0,4809.9779,True
39147,I66_EB,110N04184,915,PM,59.99347826086956,4000.0,3999.9991212291743,1335.753851951825,False,0.0,4809.9779,True
39147,I66_EB,110N04184,930,PM,59.867826086956526,4000.0,3999.999307913608,1338.127351901418,False,0.0,4809.9779,True
39147,I66_EB,110N04184,945,PM,60.7304347826087,4000.0,3999.9996599742153,1320.7986389163957,False,0.0,4809.9779,True
39147,I66_EB,110N04184,960,PM,62.61,4000.0,3999.999971977075,1273.2762500583135,False,0.0,4809.9779,True
39147,I66_EB,110N04184,975,PM,62.95434782608696,4000.0,4000.000087496921,1262.8151676850248,False,0.0,4809.9779,True
39147,I66_EB,110N04184,990,PM,62.94608695652174,4000.0,4000.000046143134,1263.0734989187858,False,0.0,4809.9779,True
39147,I66_EB,110N04184,1005,PM,64.39869565217391,4000.0,3999.999936533746,1211.2180462916074,False,0.0,4809.9779,True
39147,I66_EB,110N04184,1020,PM,65.83304347826088,4000.0,3999.999847286795,1143.38791145217,False,0.0,4809.9779,True
39147,I66_EB,110N04184,1035,PM,65.15695652173913,4000.0,3999.999844880851,1177.899062084274,False,0.0,4809.9779,True
39147,I66_EB,110N04184,1050,PM,65.51565217391304,4000.0,3999.999907236636,1160.226456955678,False,0.0,4809.9779,True
39147,I66_EB,110N04184,1065,PM,65.7408695652174,4000.0,3999.999990135409,1148.402580701429,False,0.0,4809.9779,True
39147,I66_EB,110N04184,1080,PM,66.69304347826088,4000.0,4000.000049358429,1090.8335089003506,False,0.0,4809.9779,True
39147,I66_EB,110N04184,1095,PM,66.7704347826087,4000.0,4000.000052794356,1085.5115311692127,False,0.0,4809.9779,True
39147,I66_EB,110N04184,1110,PM,67.05391304347826,4000.0,4000.000016761478,1065.0082704247804,False,0.0,4809.9779,True
39147,I66_EB,110N04184,1125,PM,66.97478260869566,4000.0,3999.999969685484,1070.8989385952218,False,0.0,4809.9779,True
39148,I66_WB,110+04185,900,PM,60.27130434782609,4000.0,,876.5749868436826,False,0.0,3413.8351,True
39148,I66_WB,110+04185,915,PM,59.00826086956522,4000.0,,893.6333097644496,False,0.0,3413.8351,True
39148,I66_WB,110+04185,930,PM,58.91434782608695,4000.0,,894.7637649579644,False,0.0,3413.8351,True
39148,I66_WB,110+04185,945,PM,59.401739130434784,4000.0,,888.6987483178069,False,0.0,3413.8351,True
39148,I66_WB,110+04185,960,PM,60.18434782608696,4000.0,,877.8677833677638,False,0.0,3413.8351,True
39148,I66_WB,110+04185,975,PM,62.20043478260869,4000.0,,842.446027387425,False,0.0,3413.8351,True
39148,I66_WB,110+04185,990,PM,62.19826086956522,4000.0,,842.4911796382538,False,0.0,3413.8351,True
39148,I66_WB,110+04185,1005,PM,62.74173913043478,4000.0,,830.6445819065503,False,0.0,3413.8351,True
39148,I66_WB,110+04185,1020,PM,62.90869565217392,4000.0,,826.7671766322023,False,0.0,3413.8351,True
39148,I66_WB,110+04185,1035,PM,62.16,4000.0,,843.2830508154397,False,0.0,3413.8351,True
39148,I66_WB,110+04185,1050,PM,63.14,4000.0,,821.1957282825907,False,0.0,3413.8351,True
39148,I66_WB,110+04185,1065,PM,62.81999999999999,4000.0,,828.8416905451559,False,0.0,3413.8351,True
39148,I66_WB,110+04185,1080,PM,62.18130434782609,4000.0,,842.8427773921037,False,0.0,3413.8351,True
39148,I66_WB,110+04185,1095,PM,62.19217391304348,4000.0,,842.6175144399896,False,0.0,3413.8351,True
39148,I66_WB,110+04185,1110,PM,61.51913043478261,4000.0,,855.7946580717422,False,0.0,3413.8351,True
39148,I66_WB,110+04185,1125,PM,61.98304347826087,4000.0,,846.8774216368785,False,0.0,3413.8351,True
39149,I66_WB,110-58626,900,PM,70.61782608695653,6000.0,,2985.446876719372,False,0.0,12131.9057,True
39149,I66_WB,110-58626,915,PM,70.57304347826087,6000.0,,2998.1949725923087,False,0.0,12131.9057,True
39149,I66_WB,110-58626,930,PM,69.90869565217392,6000.0,,3166.448486348799,False,0.0,12131.9057,True
39149,I66_WB,110-58626,945,PM,69.90913043478261,6000.0,,3166.349397102864,False,0.0,12131.9057,True
39149,I66_WB,110-58626,960,PM,70.62826086956522,6000.0,,2982.446650647243,False,0.0,12131.9057,True
39149,I66_WB,110-58626,975,PM,70.49521739130435,6000.0,,3019.871169526584,False,0.0,12131.9057,True
39149,I66_WB,110-58626,990,PM,70.4,6000.0,,3045.6057016179334,False,0.0,12131.9057,True
39149,I66_WB,110-58626,1005,PM,70.47217391304348,6000.0,,3026.176639238673,False,0.0,12131.9057,True
39149,I66_WB,110-58626,1020,PM,70.80521739130435,6000.0,,2929.7522131617006,False,0.0,12131.9057,True
39149,I66_WB,110-58626,1035,PM,70.67956521739131,6000.0,,2967.527485172019,False,0.0,12131.9057,True
39149,I66_WB,110-58626,1050,PM,70.94130434782609,6000.0,,2886.693686451895,False,0.0,12131.9057,True
39149,I66_WB,110-58626,1065,PM,70.81260869565217,6000.0,,2927.4728818934714,False,0.0,12131.9057,True
39149,I66_WB,110-58626,1080,PM,70.37913043478261,6000.0,,3051.1355930728796,False,0.0,12131.9057,True
39149,I66_WB,110-58626,1095,PM,70.07826086956521,6000.0,,3126.814754296459,False,0.0,12131.9057,True
39149,I66_WB,110-58626,1110,PM,69.76086956521739,6000.0,,3199.426005348417,False,0.0,12131.9057,True
39149,I66_WB,110-58626,1125,PM,70.39,6000.0,,3048.260286809373,False,0.0,12131.9057,True
39150,I66_WB,110+04185,900,PM,60.27130434782609,4000.0,,876.5749868436826,False,0.0,3413.8351,True
39150,I66_WB,110+04185,915,PM,59.00826086956522,4000.0,,893.6333097644496,False,0.0,3413.8351,True
39150,I66_WB,110+04185,930,PM,58.91434782608695,4000.0,,894.7637649579644,False,0.0,3413.8351,True
39150,I66_WB,110+04185,945,PM,59.401739130434784,4000.0,,888.6987483178069,False,0.0,3413.8351,True
39150,I66_WB,110+04185,960,PM,60.18434782608696,4000.0,,877.8677833677638,False,0.0,3413.8351,True
39150,I66_WB,110+04185,975,PM,62.20043478260869,4000.0,,842.446027387425,False,0.0,3413.8351,True
39150,I66_WB,110+04185,990,PM,62.19826086956522,4000.0,,842.4911796382538,False,0.0,3413.8351,True
39150,I66_WB,110+04185,1005,PM,62.74173913043478,4000.0,,830.6445819065503,False,0.0,3413.8351,True
39150,I66_WB,110+04185,1020,PM,62.90869565217392,4000.0,,826.7671766322023,False,0.0,3413.8351,True
39150,I66_WB,110+04185,1035,PM,62.16,4000.0,,843.2830508154397,False,0.0,3413.8351,True
39150,I66_WB,110+04185,1050,PM,63.14,4000.0,,821.1957282825907,False,0.0,3413.8351,True
39150,I66_WB,110+04185,1065,PM,62.81999999999999,4000.0,,828.8416905451559,False,0.0,3413.8351,True
39150,I66_WB,110+04185,1080,PM,62.18130434782609,4000.0,,842.8427773921037,False,0.0,3413.8351,True
39150,I66_WB,110+04185,1095,PM,62.19217391304348,4000.0,,842.6175144399896,False,0.0,3413.8351,True
39150,I66_WB,110+04185,1110,PM,61.51913043478261,4000.0,,855.7946580717422,False,0.0,3413.8351,True
39150,I66_WB,110+04185,1125,PM,61.98304347826087,4000.0,,846.8774216368785,False,0.0,3413.8351,True
39151,I66_EB,110-04184,900,PM,60.40608695652173,4000.0,3976.099667742445,1287.9883545873029,False,0.0,4809.9779,True
39151,I66_EB,110-04184,915,PM,60.03173913043479,4000.0,3976.613490092818,1295.7826115959278,False,0.0,4809.9779,True
39151,I66_EB,110-04184,930,PM,58.91782608695653,4000.0,3977.093812897644,1316.3056600084783,False,0.0,4809.9779,True
39151,I66_EB,110-04184,945,PM,58.77391304347826,4000.0,3977.543687342341,1318.6890678960635,False,0.0,4809.9779,True
39151,I66_EB,110-04184,960,PM,59.90608695652173,4000.0,3977.9661646123377,1298.2923284527494,False,0.0,4809.9779,True
39151,I66_EB,110-04184,975,PM,62.63130434782609,4000.0,3978.364147706596,1230.0713868082203,False,0.0,4809.9779,True
39151,I66_EB,110-04184,990,PM,63.57173913043479,4000.0,3978.739946878255,1198.0045564197535,False,0.0,4809.9779,True
39151,I66_EB,110-04184,1005,PM,64.17347826086957,4000.0,3979.0957241939896,1174.332861580803,False,0.0,4809.9779,True
39151,I66_EB,110-04184,1020,PM,65.45913043478261,4000.0,3979.43364172048,1112.874947954105,False,0.0,4809.9779,True
39151,I66_EB,110-04184,1035,PM,64.04608695652173,4000.0,3979.755585276735,1179.5768992187257,False,0.0,4809.9779,True
39151,I66_EB,110-04184,1050,PM,64.06782608695652,4000.0,3980.062335691102,1178.6912787010544,False,0.0,4809.9779,True
39151,I66_EB,110-04184,1065,PM,63.4804347826087,4000.0,3980.354397544259,1201.3652484160614,False,0.0,4809.9779,True
39151,I66_EB,110-04184,1080,PM,63.936521739130434,4000.0,3980.632275416888,1183.9837104867363,False,0.0,4809.9779,True
39151,I66_EB,110-04184,1095,PM,65.43478260869566,4000.0,3980.8964690316816,1114.2076325699627,False,0.0,4809.9779,True
39151,I66_EB,110-04184,1110,PM,65.97,4000.0,3981.1474586793975,1083.0350871601843,False,0.0,4809.9779,True
39151,I66_EB,110-04184,1125,PM,66.22391304347826,4000.0,3981.3857197928055,1066.709968143874,False,0.0,4809.9779,True
39152,I66_EB,110+58628,900,PM,64.55347826086957,6000.0,,2857.7885441126373,False,0.0,9926.2132,True
39152,I66_EB,110+58628,915,PM,63.6704347826087,6000.0,,2911.0361442818557,False,0.0,9926.2132,True
39152,I66_EB,110+58628,930,PM,64.53739130434782,6000.0,,2858.829510453541,False,0.0,9926.2132,True
39152,I66_EB,110+58628,945,PM,63.92739130434782,6000.0,,2896.3272989901375,False,0.0,9926.2132,True
39152,I66_EB,110+58628,960,PM,65.93695652173913,6000.0,,2756.67819629763,False,0.0,9926.2132,True
39152,I66_EB,110+58628,975,PM,68.39173913043479,6000.0,,2496.799673804427,False,0.0,9926.2132,True
39152,I66_EB,110+58628,990,PM,68.77956521739131,6000.0,,2441.088364664673,False,0.0,9926.2132,True
39152,I66_EB,110+58628,1005,PM,69.4695652173913,6000.0,,2326.1823603870916,False,0.0,9926.2132,True
39152,I66_EB,110+58628,1020,PM,69.98565217391305,6000.0,,2222.5155609059234,False,0.0,9926.2132,True
39152,I66_EB,110+58628,1035,PM,69.02739130434782,6000.0,,2402.3963682389876,False,0.0,9926.2132,True
39152,I66_EB,110+58628,1050,PM,70.10130434782609,6000.0,,2196.5529603788236,False,0.0,9926.2132,True
39152,I66_EB,110+58628,1065,PM,69.13826086956522,6000.0,,2384.2062947198538,False,0.0,9926.2132,True
39152,I66_EB,110+58628,1080,PM,69.49260869565217,6000.0,,2321.9235270693084,False,0.0,9926.2132,True
39152,I66_EB,110+58628,1095,PM,70.1,6000.0,,2196.852228575162,False,0.0,9926.2132,True
39152,I66_EB,110+58628,1110,PM,70.23608695652175,6000.0,,2164.7809711207797,False,0.0,9926.2132,True
39152,I66_EB,110+58628,1125,PM,69.75608695652174,6000.0,,2270.8947959991683,False,0.0,9926.2132,True
39153,I66_WB,110-58626,900,PM,70.61782608695653,6000.0,,2985.446876719372,False,0.0,12131.9057,True
39153,I66_WB,110-58626,915,PM,70.57304347826087,6000.0,,2998.1949725923087,False,0.0,12131.9057,True
39153,I66_WB,110-58626,930,PM,69.90869565217392,6000.0,,3166.448486348799,False,0.0,12131.9057,True
39153,I66_WB,110-58626,945,PM,69.90913043478261,6000.0,,3166.349397102864,False,0.0,12131.9057,True
39153,I66_WB,110-58626,960,PM,70.62826086956522,6000.0,,2982.446650647243,False,0.0,12131.9057,True
39153,I66_WB,110-58626,975,PM,70.49521739130435,6000.0,,3019.871169526584,False,0.0,12131.9057,True
39153,I66_WB,110-58626,990,PM,70.4,6000.0,,3045.6057016179334,False,0.0,12131.9057,True
39153,I66_WB,110-58626,1005,PM,70.47217391304348,6000.0,,3026.176639238673,False,0.0,12131.9057,True
39153,I66_WB,110-58626,1020,PM,70.80521739130435,6000.0,,2929.7522131617006,False,0.0,12131.9057,True
39153,I66_WB,110-58626,1035,PM,70.67956521739131,6000.0,,2967.527485172019,False,0.0,12131.9057,True
39153,I66_WB,110-58626,1050,PM,70.94130434782609,6000.0,,2886.693686451895,False,0.0,12131.9057,True
39153,I66_WB,110-58626,1065,PM,70.81260869565217,6000.0,,2927.4728818934714,False,0.0,12131.9057,True
39153,I66_WB,110-58626,1080,PM,70.37913043478261,6000.0,,3051.1355930728796,False,0.0,12131.9057,True
39153,I66_WB,110-58626,1095,PM,70.07826086956521,6000.0,,3126.814754296459,False,0.0,12131.9057,True
39153,I66_WB,110-58626,1110,PM,69.76086956521739,6000.0,,3199.426005348417,False,0.0,12131.9057,True
39153,I66_WB,110-58626,1125,PM,70.39,6000.0,,3048.260286809373,False,0.0,12131.9057,True
39154,I66_WB,110+04185,900,PM,60.27130434782609,4000.0,,669.9524823155107,False,0.0,2609.1405,True
39154,I66_WB,110+04185,915,PM,59.00826086956522,4000.0,,682.98989035981,False,0.0,2609.1405,True
39154,I66_WB,110+04185,930,PM,58.91434782608695,4000.0,,683.8538794929802,False,0.0,2609.1405,True
39154,I66_WB,110+04185,945,PM,59.401739130434784,4000.0,,679.2184826195316,False,0.0,2609.1405,True
39154,I66_WB,110+04185,960,PM,60.18434782608696,4000.0,,670.9405463755584,False,0.0,2609.1405,True
39154,I66_WB,110+04185,975,PM,62.20043478260869,4000.0,,643.868255124754,False,0.0,2609.1405,True
39154,I66_WB,110+04185,990,PM,62.19826086956522,4000.0,,643.9027642802499,False,0.0,2609.1405,True
39154,I66_WB,110+04185,1005,PM,62.74173913043478,4000.0,,634.8485958674302,False,0.0,2609.1405,True
39154,I66_WB,110+04185,1020,PM,62.90869565217392,4000.0,,631.8851559706948,False,0.0,2609.1405,True
39154,I66_WB,110+04185,1035,PM,62.16,4000.0,,644.5079789724236,False,0.0,2609.1405,True
39154,I66_WB,110+04185,1050,PM,63.14,4000.0,,627.6269855826085,False,0.0,2609.1405,True
39154,I66_WB,110+04185,1065,PM,62.81999999999999,4000.0,,633.4706743421301,False,0.0,2609.1405,True
39154,I66_WB,110+04185,1080,PM,62.18130434782609,4000.0,,644.1714849162523,False,0.0,2609.1405,True
39154,I66_WB,110+04185,1095,PM,62.19217391304348,4000.0,,643.9993199831802,False,0.0,2609.1405,True
39154,I66_WB,110+04185,1110,PM,61.51913043478261,4000.0,,654.0704037106639,False,0.0,2609.1405,True
39154,I66_WB,110+04185,1125,PM,61.98304347826087,4000.0,,647.2551000862214,False,0.0,2609.1405,True
39156,I66_EB,110-04184,900,PM,60.40608695652173,4000.0,3976.071766599135,911.0622398101824,False,0.0,3402.3516,True
39156,I66_EB,110-04184,915,PM,60.03173913043479,4000.0,3976.5949496659146,916.575529757753,False,0.0,3402.3516,True
39156,I66_EB,110-04184,930,PM,58.91782608695653,4000.0,3977.0862175349794,931.0925666454522,False,0.0,3402.3516,True
39156,I66_EB,110-04184,945,PM,58.77391304347826,4000.0,3977.548184907032,932.7784770193392,False,0.0,3402.3516,True
39156,I66_EB,110-04184,960,PM,59.90608695652173,4000.0,3977.98346648278,918.3507851416402,False,0.0,3402.3516,True
39156,I66_EB,110-04184,975,PM,62.63130434782609,4000.0,3978.3945106444703,870.0945072993303,False,0.0,3402.3516,True
39156,I66_EB,110-04184,990,PM,63.57173913043479,4000.0,3978.783100500541,847.4119432735937,False,0.0,3402.3516,True
39156,I66_EB,110-04184,1005,PM,64.17347826086957,4000.0,3979.1508528409695,830.6677023468285,False,0.0,3402.3516,True
39156,I66_EB,110-04184,1020,PM,65.45913043478261,4000.0,3979.499384455741,787.1952716813036,False,0.0,3402.3516,True
39156,I66_EB,110-04184,1035,PM,64.04608695652173,4000.0,3979.830199181236,834.3770873416839,False,0.0,3402.3516,True
39156,I66_EB,110-04184,1050,PM,64.06782608695652,4000.0,3980.144349039456,833.7506411400723,False,0.0,3402.3516,True
39156,I66_EB,110-04184,1065,PM,63.4804347826087,4000.0,3980.442773098801,849.7891383519212,False,0.0,3402.3516,True
39156,I66_EB,110-04184,1080,PM,63.936521739130434,4000.0,3980.7264104276737,837.4942578735099,False,0.0,3402.3516,True
39156,I66_EB,110-04184,1095,PM,65.43478260869566,4000.0,3980.996189883265,788.1379499491308,False,0.0,3402.3516,True
39156,I66_EB,110-04184,1110,PM,65.97,4000.0,3981.252999477935,766.0879609562433,False,0.0,3402.3516,True
39156,I66_EB,110-04184,1125,PM,66.22391304347826,4000.0,3981.4977170128295,754.5403414120175,False,0.0,3402.3516,True
39157,I66_EB,110+58627,900,PM,68.32434782608696,6000.0,,2563.2179806484187,False,0.0,9926.2132,True
39157,I66_EB,110+58627,915,PM,67.68478260869566,6000.0,,2631.3011469612447,False,0.0,9926.2132,True
39157,I66_EB,110+58627,930,PM,66.81695652173913,6000.0,,2710.9211013868844,False,0.0,9926.2132,True
39157,I66_EB,110+58627,945,PM,65.35,6000.0,,2820.10931172312,False,0.0,9926.2132,True
39157,I66_EB,110+58627,960,PM,64.6195652173913,6000.0,,2865.178580401617,False,0.0,9926.2132,True
39157,I66_EB,110+58627,975,PM,66.23,6000.0,,2757.9776816837125,False,0.0,9926.2132,True
39157,I66_EB,110+58627,990,PM,69.49304347826087,6000.0,,2410.6528528440554,False,0.0,9926.2132,True
39157,I66_EB,110+58627,1005,PM,70.29260869565218,6000.0,,2275.78658066154,False,0.0,9926.2132,True
39157,I66_EB,110+58627,1020,PM,69.80739130434782,6000.0,,2361.3360412804277,False,0.0,9926.2132,True
39157,I66_EB,110+58627,1035,PM,69.82434782608696,6000.0,,2358.550803669673,False,0.0,9926.2132,True
39157,I66_EB,110+58627,1050,PM,70.22391304347826,6000.0,,2288.69362514908,False,0.0,9926.2132,True
39157,I66_EB,110+58627,1065,PM,69.09826086956522,6000.0,,2467.0519985182914,False,0.0,9926.2132,True
39157,I66_EB,110+58627,1080,PM,69.96913043478261,6000.0,,2334.202962169792,False,0.0,9926.2132,True
39157,I66_EB,110+58627,1095,PM,70.29173913043478,6000.0,,2275.95176350382,False,0.0,9926.2132,True
39157,I66_EB,110+58627,1110,PM,70.52347826086957,6000.0,,2230.18624402984,False,0.0,9926.2132,True
39157,I66_EB,110+58627,1125,PM,69.85347826086957,6000.0,,2353.7341253684854,False,0.0,9926.2132,True
39158,I66_WB,110P04185,900,PM,62.85782608695652,4000.0,,1537.7466640109462,False,0.0,6360.4008,True
39158,I66_WB,110P04185,915,PM,61.96695652173913,4000.0,,1586.4343752756945,False,0.0,6360.4008,True
39158,I66_WB,110P04185,930,PM,61.23521739130435,4000.0,,1620.6097219482365,False,0.0,6360.4008,True
39158,I66_WB,110P04185,945,PM,61.64043478260869,4000.0,,1602.2627422626551,False,0.0,6360.4008,True
39158,I66_WB,110P04185,960,PM,61.84086956521739,4000.0,,1592.6628779402909,False,0.0,6360.4008,True
39158,I66_WB,110P04185,975,PM,62.21043478260869,4000.0,,1573.9707777370872,False,0.0,6360.4008,True
39158,I66_WB,110P04185,990,PM,61.67565217391304,4000.0,,1600.6021049118028,False,0.0,6360.4008,True
39158,I66_WB,110P04185,1005,PM,62.10391304347826,4000.0,,1579.4960388306683,False,0.0,6360.4008,True
39158,I66_WB,110P04185,1020,PM,61.93826086956521,4000.0,,1587.8651073361768,False,0.0,6360.4008,True
39158,I66_WB,110P04185,1035,PM,62.22826086956522,4000.0,,1573.0348640593702,False,0.0,6360.4008,True
39158,I66_WB,110P04185,1050,PM,62.47347826086957,4000.0,,1559.8202738022653,False,0.0,6360.4008,True
39158,I66_WB,110P04185,1065,PM,62.0604347826087,4000.0,,1581.7185846399555,False,0.0,6360.4008,True
39158,I66_WB,110P04185,1080,PM,61.4795652173913,4000.0,,1609.7111794718448,False,0.0,6360.4008,True
39158,I66_WB,110P04185,1095,PM,61.81391304347826,4000.0,,1593.975203485375,False,0.0,6360.4008,True
39158,I66_WB,110P04185,1110,PM,61.22130434782608,4000.0,,1621.215731875,False,0.0,6360.4008,True
39158,I66_WB,110P04185,1125,PM,61.23826086956522,4000.0,,1620.4769524126334,False,0.0,6360.4008,True
39159,I66_EB,110N04185,900,PM,67.22260869565217,4000.0,,822.4669171775614,False,0.0,3396.0525,True
39159,I66_EB,110N04185,915,PM,65.22304347826086,4000.0,,912.5112865019938,False,0.0,3396.0525,True
39159,I66_EB,110N04185,930,PM,62.99086956521739,4000.0,,977.0670523116415,False,0.0,3396.0525,True
39159,I66_EB,110N04185,945,PM,63.20217391304348,4000.0,,972.015870403657,False,0.0,3396.0525,True
39159,I66_EB,110N04185,960,PM,64.27782608695652,4000.0,,943.1518545340654,False,0.0,3396.0525,True
39159,I66_EB,110N04185,975,PM,66.38739130434783,4000.0,,865.4153967102843,False,0.0,3396.0525,True
39159,I66_EB,110N04185,990,PM,66.42434782608696,4000.0,,863.704409082742,False,0.0,3396.0525,True
39159,I66_EB,110N04185,1005,PM,66.19608695652174,4000.0,,874.0322865622703,False,0.0,3396.0525,True
39159,I66_EB,110N04185,1020,PM,67.97391304347826,4000.0,,773.7823426892603,False,0.0,3396.0525,True
39159,I66_EB,110N04185,1035,PM,66.92782608695651,4000.0,,838.7303078836419,False,0.0,3396.0525,True
39159,I66_EB,110N04185,1050,PM,66.53565217391304,4000.0,,858.4561979071633,False,0.0,3396.0525,True
39159,I66_EB,110N04185,1065,PM,66.74521739130435,4000.0,,848.1662878564846,False,0.0,3396.0525,True
39159,I66_EB,110N04185,1080,PM,68.44434782608695,4000.0,,735.9766284245757,False,0.0,3396.0525,True
39159,I66_EB,110N04185,1095,PM,68.14391304347826,4000.0,,760.9197946870187,False,0.0,3396.0525,True
39159,I66_EB,110N04185,1110,PM,68.02130434782609,4000.0,,770.2779893601125,False,0.0,3396.0525,True
39159,I66_EB,110N04185,1125,PM,68.05782608695652,4000.0,,767.5353779075274,False,0.0,3396.0525,True
39161,I66_WB,110P04185,900,PM,62.85782608695652,4000.0,,1537.7466640109462,False,0.0,6360.4008,True
39161,I66_WB,110P04185,915,PM,61.96695652173913,4000.0,,1586.4343752756945,False,0.0,6360.4008,True
39161,I66_WB,110P04185,930,PM,61.23521739130435,4000.0,,1620.6097219482365,False,0.0,6360.4008,True
39161,I66_WB,110P04185,945,PM,61.64043478260869,4000.0,,1602.2627422626551,False,0.0,6360.4008,True
39161,I66_WB,110P04185,960,PM,61.84086956521739,4000.0,,1592.6628779402909,False,0.0,6360.4008,True
39161,I66_WB,110P04185,975,PM,62.21043478260869,4000.0,,1573.9707777370872,False,0.0,6360.4008,True
39161,I66_WB,110P04185,990,PM,61.67565217391304,4000.0,,1600.6021049118028,False,0.0,6360.4008,True
39161,I66_WB,110P04185,1005,PM,62.10391304347826,4000.0,,1579.4960388306683,False,0.0,6360.4008,True
39161,I66_WB,110P04185,1020,PM,61.93826086956521,4000.0,,1587.8651073361768,False,0.0,6360.4008,True
39161,I66_WB,110P04185,1035,PM,62.22826086956522,4000.0,,1573.0348640593702,False,0.0,6360.4008,True
39161,I66_WB,110P04185,1050,PM,62.47347826086957,4000.0,,1559.8202738022653,False,0.0,6360.4008,True
39161,I66_WB,110P04185,1065,PM,62.0604347826087,4000.0,,1581.7185846399555,False,0.0,6360.4008,True
39161,I66_WB,110P04185,1080,PM,61.4795652173913,4000.0,,1609.7111794718448,False,0.0,6360.4008,True
39161,I66_WB,110P04185,1095,PM,61.81391304347826,4000.0,,1593.975203485375,False,0.0,6360.4008,True
39161,I66_WB,110P04185,1110,PM,61.22130434782608,4000.0,,1621.215731875,False,0.0,6360.4008,True
39161,I66_WB,110P04185,1125,PM,61.23826086956522,4000.0,,1620.4769524126334,False,0.0,6360.4008,True
39162,I66_EB,110N04185,900,PM,67.22260869565217,4000.0,,1670.8717536942627,False,0.0,6899.2054,True
39162,I66_EB,110N04185,915,PM,65.22304347826086,4000.0,,1853.8001975515701,False,0.0,6899.2054,True
39162,I66_EB,110N04185,930,PM,62.99086956521739,4000.0,,1984.947607102823,False,0.0,6899.2054,True
39162,I66_EB,110N04185,945,PM,63.20217391304348,4000.0,,1974.6859455130952,False,0.0,6899.2054,True
39162,I66_EB,110N04185,960,PM,64.27782608695652,4000.0,,1916.0476370201693,False,0.0,6899.2054,True
39162,I66_EB,110N04185,975,PM,66.38739130434783,4000.0,,1758.1231674795183,False,0.0,6899.2054,True
39162,I66_EB,110N04185,990,PM,66.42434782608696,4000.0,,1754.6472332649344,False,0.0,6899.2054,True
39162,I66_EB,110N04185,1005,PM,66.19608695652174,4000.0,,1775.628695735641,False,0.0,6899.2054,True
39162,I66_EB,110N04185,1020,PM,67.97391304347826,4000.0,,1571.9672523043726,False,0.0,6899.2054,True
39162,I66_EB,110N04185,1035,PM,66.92782608695651,4000.0,,1703.9114293122636,False,0.0,6899.2054,True
39162,I66_EB,110N04185,1050,PM,66.53565217391304,4000.0,,1743.9852994806674,False,0.0,6899.2054,True
39162,I66_EB,110N04185,1065,PM,66.74521739130435,4000.0,,1723.080969236316,False,0.0,6899.2054,True
39162,I66_EB,110N04185,1080,PM,68.44434782608695,4000.0,,1495.1635550689,False,0.0,6899.2054,True
39162,I66_EB,110N04185,1095,PM,68.14391304347826,4000.0,,1545.8365135614276,False,0.0,6899.2054,True
39162,I66_EB,110N04185,1110,PM,68.02130434782609,4000.0,,1564.848029791775,False,0.0,6899.2054,True
39162,I66_EB,110N04185,1125,PM,68.05782608695652,4000.0,,1559.2763138822659,False,0.0,6899.2054,True
39163,I66_WB,110-58625,900,PM,69.63652173913044,8000.0,,3269.4376378628012,False,0.0,14311.5164,True
39163,I66_WB,110-58625,915,PM,69.02652173913043,8000.0,,3471.04564160427,False,0.0,14311.5164,True
39163,I66_WB,110-58625,930,PM,68.72043478260869,8000.0,,3557.247195607797,False,0.0,14311.5164,True
39163,I66_WB,110-58625,945,PM,68.62347826086956,8000.0,,3582.885516646854,False,0.0,14311.5164,True
39163,I66_WB,110-58625,960,PM,68.34086956521739,8000.0,,3653.5989832850064,False,0.0,14311.5164,True
39163,I66_WB,110-58625,975,PM,68.29782608695652,8000.0,,3663.882444473444,False,0.0,14311.5164,True
39163,I66_WB,110-58625,990,PM,68.31,8000.0,,3660.9863452386244,False,0.0,14311.5164,True
39163,I66_WB,110-58625,1005,PM,68.33695652173913,8000.0,,3654.5389000685163,False,0.0,14311.5164,True
39163,I66_WB,110-58625,1020,PM,68.8495652173913,8000.0,,3521.8996935191644,False,0.0,14311.5164,True
39163,I66_WB,110-58625,1035,PM,68.3595652173913,8000.0,,3649.094164415458,False,0.0,14311.5164,True
39163,I66_WB,110-58625,1050,PM,68.47478260869566,8000.0,,3620.804648546876,False,0.0,14311.5164,True
39163,I66_WB,110-58625,1065,PM,68.75217391304348,8000.0,,3548.6894628558925,False,0.0,14311.5164,True
39163,I66_WB,110-58625,1080,PM,69.00956521739131,8000.0,,3476.0469245268328,False,0.0,14311.5164,True
39163,I66_WB,110-58625,1095,PM,68.85173913043478,8000.0,,3521.2923396718743,False,0.0,14311.5164,True
39163,I66_WB,110-58625,1110,PM,68.30217391304348,8000.0,,3662.8492346668127,False,0.0,14311.5164,True
39163,I66_WB,110-58625,1125,PM,68.00043478260869,8000.0,,3731.7664670097747,False,0.0,14311.5164,True
39164,I66_WB,110+04186,900,PM,62.802608695652175,4000.0,,1538.1088477841176,False,0.0,6360.4008,True
39164,I66_WB,110+04186,915,PM,61.83913043478261,4000.0,,1595.9384011606842,False,0.0,6360.4008,True
39164,I66_WB,110+04186,930,PM,61.35782608695652,4000.0,,1620.8756519796436,False,0.0,6360.4008,True
39164,I66_WB,110+04186,945,PM,61.76739130434783,4000.0,,1599.8054642203972,False,0.0,6360.4008,True
39164,I66_WB,110+04186,960,PM,62.01434782608696,4000.0,,1586.2581046057144,False,0.0,6360.4008,True
39164,I66_WB,110+04186,975,PM,62.27869565217392,4000.0,,1570.9886183590831,False,0.0,6360.4008,True
39164,I66_WB,110+04186,990,PM,61.80869565217391,4000.0,,1597.5856727722173,False,0.0,6360.4008,True
39164,I66_WB,110+04186,1005,PM,61.99260869565217,4000.0,,1587.4776805756842,False,0.0,6360.4008,True
39164,I66_WB,110+04186,1020,PM,62.06130434782609,4000.0,,1583.6054899714932,False,0.0,6360.4008,True
39164,I66_WB,110+04186,1035,PM,61.9491304347826,4000.0,,1589.9008989485853,False,0.0,6360.4008,True
39164,I66_WB,110+04186,1050,PM,62.50739130434783,4000.0,,1557.0870872130856,False,0.0,6360.4008,True
39164,I66_WB,110+04186,1065,PM,62.12173913043478,4000.0,,1580.1541114664105,False,0.0,6360.4008,True
39164,I66_WB,110+04186,1080,PM,61.8095652173913,4000.0,,1597.5387454360923,False,0.0,6360.4008,True
39164,I66_WB,110+04186,1095,PM,62.06434782608696,4000.0,,1583.4326902371638,False,0.0,6360.4008,True
39164,I66_WB,110+04186,1110,PM,61.72695652173913,4000.0,,1601.961097825031,False,0.0,6360.4008,True
39164,I66_WB,110+04186,1125,PM,60.71347826086957,4000.0,,1650.8846374446018,False,0.0,6360.4008,True
39165,I66_EB,110-04185,900,PM,64.0204347826087,4000.0,,1712.361198991409,False,0.0,6899.2054,True
39165,I66_EB,110-04185,915,PM,63.361304347826085,4000.0,,1759.6923311255653,False,0.0,6899.2054,True
39165,I66_EB,110-04185,930,PM,62.603913043478265,4000.0,,1806.7074716677348,False,0.0,6899.2054,True
39165,I66_EB,110-04185,945,PM,62.02086956521739,4000.0,,1838.5000714111277,False,0.0,6899.2054,True
39165,I66_EB,110-04185,960,PM,62.44826086956522,4000.0,,1815.5385285694501,False,0.0,6899.2054,True
39165,I66_EB,110-04185,975,PM,63.36260869565217,4000.0,,1759.6050374707866,False,0.0,6899.2054,True
39165,I66_EB,110-04185,990,PM,64.17739130434782,4000.0,,1700.0459644029072,False,0.0,6899.2054,True
39165,I66_EB,110-04185,1005,PM,64.3795652173913,4000.0,,1683.514038084305,False,0.0,6899.2054,True
39165,I66_EB,110-04185,1020,PM,64.73478260869565,4000.0,,1652.4628711382527,False,0.0,6899.2054,True
39165,I66_EB,110-04185,1035,PM,63.41173913043478,4000.0,,1756.2997959431025,False,0.0,6899.2054,True
39165,I66_EB,110-04185,1050,PM,63.953478260869566,4000.0,,1717.4839008014485,False,0.0,6899.2054,True
39165,I66_EB,110-04185,1065,PM,64.32652173913043,4000.0,,1687.9272079288312,False,0.0,6899.2054,True
39165,I66_EB,110-04185,1080,PM,64.93391304347826,4000.0,,1633.8139638142109,False,0.0,6899.2054,True
39165,I66_EB,110-04185,1095,PM,64.35130434782609,4000.0,,1685.8721782495613,False,0.0,6899.2054,True
39165,I66_EB,110-04185,1110,PM,64.15521739130435,4000.0,,1701.8125390604828,False,0.0,6899.2054,True
39165,I66_EB,110-04185,1125,PM,64.3595652173913,4000.0,,1685.1845013408217,False,0.0,6899.2054,True
39166,I66_EB,110+58626,900,PM,69.37565217391304,8000.0,,2342.8605632240133,False,0.0,9550.6969,True
39166,I66_EB,110+58626,915,PM,69.37739130434782,8000.0,,2342.5986927879835,False,0.0,9550.6969,True
39166,I66_EB,110+58626,930,PM,68.9213043478261,8000.0,,2407.333730787071,False,0.0,9550.6969,True
39166,I66_EB,110+58626,945,PM,67.11478260869566,8000.0,,2606.0344443077024,False,0.0,9550.6969,True
39166,I66_EB,110+58626,960,PM,67.99391304347827,8000.0,,2518.9081397621603,False,0.0,9550.6969,True
39166,I66_EB,110+58626,975,PM,67.97043478260869,8000.0,,2521.4446037857174,False,0.0,9550.6969,True
39166,I66_EB,110+58626,990,PM,69.04652173913043,8000.0,,2390.3089724777287,False,0.0,9550.6969,True
39166,I66_EB,110+58626,1005,PM,69.41347826086957,8000.0,,2337.136821865719,False,0.0,9550.6969,True
39166,I66_EB,110+58626,1020,PM,69.82,8000.0,,2271.610259345242,False,0.0,9550.6969,True
39166,I66_EB,110+58626,1035,PM,68.61347826086956,8000.0,,2447.0380333871235,False,0.0,9550.6969,True
39166,I66_EB,110+58626,1050,PM,69.38304347826087,8000.0,,2341.7467594527043,False,0.0,9550.6969,True
39166,I66_EB,110+58626,1065,PM,68.91260869565217,8000.0,,2408.496427834784,False,0.0,9550.6969,True
39166,I66_EB,110+58626,1080,PM,69.33130434782608,8000.0,,2349.496813981069,False,0.0,9550.6969,True
39166,I66_EB,110+58626,1095,PM,69.12347826086956,8000.0,,2379.5758949663177,False,0.0,9550.6969,True
39166,I66_EB,110+58626,1110,PM,69.9291304347826,8000.0,,2252.6380619999777,False,0.0,9550.6969,True
39166,I66_EB,110+58626,1125,PM,69.73739130434782,8000.0,,2285.55938003469,False,0.0,9550.6969,True
39167,I66_EB,110P58625,900,PM,69.12826086956522,6000.0,,2257.073478839314,False,0.0,8914.8384,True
39167,I66_EB,110P58625,915,PM,69.10434782608696,6000.0,,2260.802534078395,False,0.0,8914.8384,True
39167,I66_EB,110P58625,930,PM,69.56521739130434,6000.0,,2184.0562840016105,False,0.0,8914.8384,True
39167,I66_EB,110P58625,945,PM,68.66695652173912,6000.0,,2324.8448528141244,False,0.0,8914.8384,True
39167,I66_EB,110P58625,960,PM,68.83173913043478,6000.0,,2301.5997460394888,False,0.0,8914.8384,True
39167,I66_EB,110P58625,975,PM,69.18652173913043,6000.0,,2247.8802235174894,False,0.0,8914.8384,True
39167,I66_EB,110P58625,990,PM,69.86565217391305,6000.0,,2127.607252356758,False,0.0,8914.8384,True
39167,I66_EB,110P58625,1005,PM,69.94173913043478,6000.0,,2112.354219952503,False,0.0,8914.8384,True
39167,I66_EB,110P58625,1020,PM,70.1904347826087,6000.0,,2059.3729356292924,False,0.0,8914.8384,True
39167,I66_EB,110P58625,1035,PM,69.03739130434782,6000.0,,2271.1103044391325,False,0.0,8914.8384,True
39167,I66_EB,110P58625,1050,PM,69.80652173913043,6000.0,,2139.1793464817747,False,0.0,8914.8384,True
39167,I66_EB,110P58625,1065,PM,68.60260869565217,6000.0,,2333.6551821174507,False,0.0,8914.8384,True
39167,I66_EB,110P58625,1080,PM,68.95086956521739,6000.0,,2284.147350210596,False,0.0,8914.8384,True
39167,I66_EB,110P58625,1095,PM,68.68,6000.0,,2323.0411318171596,False,0.0,8914.8384,True
39167,I66_EB,110P58625,1110,PM,69.64434782608696,6000.0,,2169.735561273097,False,0.0,8914.8384,True
39167,I66_EB,110P58625,1125,PM,69.09086956521739,6000.0,,2262.89319643182,False,0.0,8914.8384,True
39168,I66_EB,110N04186,900,PM,66.67999999999999,4000.0,,685.4965621859943,False,0.0,2653.1992,True
39168,I66_EB,110N04186,915,PM,66.66521739130435,4000.0,,686.197178236514,False,0.0,2653.1992,True
39168,I66_EB,110N04186,930,PM,66.85782608695652,4000.0,,676.8261101465116,False,0.0,2653.1992,True
39168,I66_EB,110N04186,945,PM,66.53173913043479,4000.0,,692.3911775167437,False,0.0,2653.1992,True
39168,I66_EB,110N04186,960,PM,66.44869565217391,4000.0,,696.1293881955241,False,0.0,2653.1992,True
39168,I66_EB,110N04186,975,PM,67.35260869565217,4000.0,,650.0054167321956,False,0.0,2653.1992,True
39168,I66_EB,110N04186,990,PM,67.45391304347827,4000.0,,643.9405447946076,False,0.0,2653.1992,True
39168,I66_EB,110N04186,1005,PM,67.61173913043478,4000.0,,634.0329330088312,False,0.0,2653.1992,True
39168,I66_EB,110N04186,1020,PM,67.31565217391304,4000.0,,652.1644757689709,False,0.0,2653.1992,True
39168,I66_EB,110N04186,1035,PM,67.39,4000.0,,647.7923063234427,False,0.0,2653.1992,True
39168,I66_EB,110N04186,1050,PM,67.21130434782609,4000.0,,658.1146276340127,False,0.0,2653.1992,True
39168,I66_EB,110N04186,1065,PM,66.98,4000.0,,670.5940424309488,False,0.0,2653.1992,True
39168,I66_EB,110N04186,1080,PM,67.30130434782609,4000.0,,652.995263195891,False,0.0,2653.1992,True
39168,I66_EB,110N04186,1095,PM,67.38347826086957,4000.0,,648.1804210946724,False,0.0,2653.1992,True
39168,I66_EB,110N04186,1110,PM,67.3008695652174,4000.0,,653.0203744006234,False,0.0,2653.1992,True
39168,I66_EB,110N04186,1125,PM,67.08739130434783,4000.0,,664.9159783345164,False,0.0,2653.1992,True
39170,I66_WB,110+04186,900,PM,62.802608695652175,4000.0,,1003.8496941045946,False,0.0,4151.1278,True
39170,I66_WB,110+04186,915,PM,61.83913043478261,4000.0,,1041.5922632022919,False,0.0,4151.1278,True
39170,I66_WB,110+04186,930,PM,61.35782608695652,4000.0,,1057.8676078519804,False,0.0,4151.1278,True
39170,I66_WB,110+04186,945,PM,61.76739130434783,4000.0,,1044.1161093365681,False,0.0,4151.1278,True
39170,I66_WB,110+04186,960,PM,62.01434782608696,4000.0,,1035.274399060526,False,0.0,4151.1278,True
39170,I66_WB,110+04186,975,PM,62.27869565217392,4000.0,,1025.3087395300593,False,0.0,4151.1278,True
39170,I66_WB,110+04186,990,PM,61.80869565217391,4000.0,,1042.6673581838515,False,0.0,4151.1278,True
39170,I66_WB,110+04186,1005,PM,61.99260869565217,4000.0,,1036.070357660046,False,0.0,4151.1278,True
39170,I66_WB,110+04186,1020,PM,62.06130434782609,4000.0,,1033.5431650240166,False,0.0,4151.1278,True
39170,I66_WB,110+04186,1035,PM,61.9491304347826,4000.0,,1037.651875785951,False,0.0,4151.1278,True
39170,I66_WB,110+04186,1050,PM,62.50739130434783,4000.0,,1016.2358785237662,False,0.0,4151.1278,True
39170,I66_WB,110+04186,1065,PM,62.12173913043478,4000.0,,1031.2906162128204,False,0.0,4151.1278,True
39170,I66_WB,110+04186,1080,PM,61.8095652173913,4000.0,,1042.636730967785,False,0.0,4151.1278,True
39170,I66_WB,110+04186,1095,PM,62.06434782608696,4000.0,,1033.4303869454702,False,0.0,4151.1278,True
39170,I66_WB,110+04186,1110,PM,61.72695652173913,4000.0,,1045.522987749452,False,0.0,4151.1278,True
39170,I66_WB,110+04186,1125,PM,60.71347826086957,4000.0,,1077.4530298608238,False,0.0,4151.1278,True
39171,I66_WB,110N58625,900,PM,70.08434782608695,6000.0,,2747.0645817267878,False,0.0,12036.2392,True
39171,I66_WB,110N58625,915,PM,69.3991304347826,6000.0,,2970.8181256169696,False,0.0,12036.2392,True
39171,I66_WB,110N58625,930,PM,69.14304347826086,6000.0,,3040.3523639221808,False,0.0,12036.2392,True
39171,I66_WB,110N58625,945,PM,69.15086956521739,6000.0,,3038.31667434385,False,0.0,12036.2392,True
39171,I66_WB,110N58625,960,PM,68.98695652173913,6000.0,,3079.878670740958,False,0.0,12036.2392,True
39171,I66_WB,110N58625,975,PM,69.11608695652174,6000.0,,3047.3237294298947,False,0.0,12036.2392,True
39171,I66_WB,110N58625,990,PM,69.06608695652174,6000.0,,3060.0914397566703,False,0.0,12036.2392,True
39171,I66_WB,110N58625,1005,PM,68.80913043478262,6000.0,,3122.5845061034606,False,0.0,12036.2392,True
39171,I66_WB,110N58625,1020,PM,69.23,6000.0,,3017.4292678363668,False,0.0,12036.2392,True
39171,I66_WB,110N58625,1035,PM,69.06260869565217,6000.0,,3060.9718793582797,False,0.0,12036.2392,True
39171,I66_WB,110N58625,1050,PM,69.01173913043478,6000.0,,3073.7356207888406,False,0.0,12036.2392,True
39171,I66_WB,110N58625,1065,PM,69.39260869565217,6000.0,,2972.667964979274,False,0.0,12036.2392,True
39171,I66_WB,110N58625,1080,PM,69.64739130434782,6000.0,,2896.9364357893787,False,0.0,12036.2392,True
39171,I66_WB,110N58625,1095,PM,69.49608695652174,6000.0,,2942.788340935051,False,0.0,12036.2392,True
39171,I66_WB,110N58625,1110,PM,69.19608695652174,6000.0,,3026.449622513027,False,0.0,12036.2392,True
39171,I66_WB,110N58625,1125,PM,69.11521739130436,6000.0,,3047.547576159011,False,0.0,12036.2392,True
39173,I66_WB,110P04186,900,PM,67.72260869565218,4000.0,,981.3545113771727,False,0.0,4151.1278,True
39173,I66_WB,110P04186,915,PM,67.19217391304348,4000.0,,1064.3468617954559,False,0.0,4151.1278,True
39173,I66_WB,110P04186,930,PM,66.79217391304348,4000.0,,1114.3684961501194,False,0.0,4151.1278,True
39173,I66_WB,110P04186,945,PM,67.32217391304349,4000.0,,1046.0780747107165,False,0.0,4151.1278,True
39173,I66_WB,110P04186,960,PM,67.4408695652174,4000.0,,1028.344212701817,False,0.0,4151.1278,True
39173,I66_WB,110P04186,975,PM,67.58043478260869,4000.0,,1006.0159530032676,False,0.0,4151.1278,True
39173,I66_WB,110P04186,990,PM,67.24913043478261,4000.0,,1056.4819140229106,False,0.0,4151.1278,True
39173,I66_WB,110P04186,1005,PM,67.20782608695652,4000.0,,1062.2063256155793,False,0.0,4151.1278,True
39173,I66_WB,110P04186,1020,PM,67.39521739130434,4000.0,,1035.2924170862111,False,0.0,4151.1278,True
39173,I66_WB,110P04186,1035,PM,67.36434782608696,4000.0,,1039.899081495761,False,0.0,4151.1278,True
39173,I66_WB,110P04186,1050,PM,67.84,4000.0,,959.2665992729231,False,0.0,4151.1278,True
39173,I66_WB,110P04186,1065,PM,67.88913043478261,4000.0,,949.4890751636636,False,0.0,4151.1278,True
39173,I66_WB,110P04186,1080,PM,67.35391304347826,4000.0,,1041.4400507868459,False,0.0,4151.1278,True
39173,I66_WB,110P04186,1095,PM,67.49,4000.0,,1020.677541304482,False,0.0,4151.1278,True
39173,I66_WB,110P04186,1110,PM,67.20304347826087,4000.0,,1062.8620282143427,False,0.0,4151.1278,True
39173,I66_WB,110P04186,1125,PM,66.59347826086957,4000.0,,1136.3880572987318,False,0.0,4151.1278,True
39174,I66_EB,110N04186,900,PM,66.67999999999999,4000.0,,685.4965621859943,False,0.0,2653.1992,True
39174,I66_EB,110N04186,915,PM,66.66521739130435,4000.0,,686.197178236514,False,0.0,2653.1992,True
39174,I66_EB,110N04186,930,PM,66.85782608695652,4000.0,,676.8261101465116,False,0.0,2653.1992,True
39174,I66_EB,110N04186,945,PM,66.53173913043479,4000.0,,692.3911775167437,False,0.0,2653.1992,True
39174,I66_EB,110N04186,960,PM,66.44869565217391,4000.0,,696.1293881955241,False,0.0,2653.1992,True
39174,I66_EB,110N04186,975,PM,67.35260869565217,4000.0,,650.0054167321956,False,0.0,2653.1992,True
39174,I66_EB,110N04186,990,PM,67.45391304347827,4000.0,,643.9405447946076,False,0.0,2653.1992,True
39174,I66_EB,110N04186,1005,PM,67.61173913043478,4000.0,,634.0329330088312,False,0.0,2653.1992,True
39174,I66_EB,110N04186,1020,PM,67.31565217391304,4000.0,,652.1644757689709,False,0.0,2653.1992,True
39174,I66_EB,110N04186,1035,PM,67.39,4000.0,,647.7923063234427,False,0.0,2653.1992,True
39174,I66_EB,110N04186,1050,PM,67.21130434782609,4000.0,,658.1146276340127,False,0.0,2653.1992,True
39174,I66_EB,110N04186,1065,PM,66.98,4000.0,,670.5940424309488,False,0.0,2653.1992,True
39174,I66_EB,110N04186,1080,PM,67.30130434782609,4000.0,,652.995263195891,False,0.0,2653.1992,True
39174,I66_EB,110N04186,1095,PM,67.38347826086957,4000.0,,648.1804210946724,False,0.0,2653.1992,True
39174,I66_EB,110N04186,1110,PM,67.3008695652174,4000.0,,653.0203744006234,False,0.0,2653.1992,True
39174,I66_EB,110N04186,1125,PM,67.08739130434783,4000.0,,664.9159783345164,False,0.0,2653.1992,True
39175,I66_EB,110N04186,900,PM,66.67999999999999,4000.0,,685.4965621859943,False,0.0,2653.1992,True
39175,I66_EB,110N04186,915,PM,66.66521739130435,4000.0,,686.197178236514,False,0.0,2653.1992,True
39175,I66_EB,110N04186,930,PM,66.85782608695652,4000.0,,676.8261101465116,False,0.0,2653.1992,True
39175,I66_EB,110N04186,945,PM,66.53173913043479,4000.0,,692.3911775167437,False,0.0,2653.1992,True
39175,I66_EB,110N04186,960,PM,66.44869565217391,4000.0,,696.1293881955241,False,0.0,2653.1992,True
39175,I66_EB,110N04186,975,PM,67.35260869565217,4000.0,,650.0054167321956,False,0.0,2653.1992,True
39175,I66_EB,110N04186,990,PM,67.45391304347827,4000.0,,643.9405447946076,False,0.0,2653.1992,True
39175,I66_EB,110N04186,1005,PM,67.61173913043478,4000.0,,634.0329330088312,False,0.0,2653.1992,True
39175,I66_EB,110N04186,1020,PM,67.31565217391304,4000.0,,652.1644757689709,False,0.0,2653.1992,True
39175,I66_EB,110N04186,1035,PM,67.39,4000.0,,647.7923063234427,False,0.0,2653.1992,True
39175,I66_EB,110N04186,1050,PM,67.21130434782609,4000.0,,658.1146276340127,False,0.0,2653.1992,True
39175,I66_EB,110N04186,1065,PM,66.98,4000.0,,670.5940424309488,False,0.0,2653.1992,True
39175,I66_EB,110N04186,1080,PM,67.30130434782609,4000.0,,652.995263195891,False,0.0,2653.1992,True
39175,I66_EB,110N04186,1095,PM,67.38347826086957,4000.0,,648.1804210946724,False,0.0,2653.1992,True
39175,I66_EB,110N04186,1110,PM,67.3008695652174,4000.0,,653.0203744006234,False,0.0,2653.1992,True
39175,I66_EB,110N04186,1125,PM,67.08739130434783,4000.0,,664.9159783345164,False,0.0,2653.1992,True
39177,I66_WB,110+04187,900,PM,67.8195652173913,4000.0,,767.4812515595016,False,0.0,3240.2958,True
39177,I66_WB,110+04187,915,PM,67.41826086956522,4000.0,,808.6367496290297,False,0.0,3240.2958,True
39177,I66_WB,110+04187,930,PM,66.87652173913042,4000.0,,854.2322926994104,False,0.0,3240.2958,True
39177,I66_WB,110+04187,945,PM,67.37565217391304,4000.0,,812.5857603260522,False,0.0,3240.2958,True
39177,I66_WB,110+04187,960,PM,67.33869565217391,4000.0,,815.954479605921,False,0.0,3240.2958,True
39177,I66_WB,110+04187,975,PM,67.35347826086957,4000.0,,814.6131705280959,False,0.0,3240.2958,True
39177,I66_WB,110+04187,990,PM,67.2813043478261,4000.0,,821.0858316051662,False,0.0,3240.2958,True
39177,I66_WB,110+04187,1005,PM,67.20304347826087,4000.0,,827.8958383868858,False,0.0,3240.2958,True
39177,I66_WB,110+04187,1020,PM,67.30304347826088,4000.0,,819.156178998692,False,0.0,3240.2958,True
39177,I66_WB,110+04187,1035,PM,67.22695652173913,4000.0,,825.8372578100701,False,0.0,3240.2958,True
39177,I66_WB,110+04187,1050,PM,67.56304347826087,4000.0,,794.6624369667671,False,0.0,3240.2958,True
39177,I66_WB,110+04187,1065,PM,67.5504347826087,4000.0,,795.9153554570064,False,0.0,3240.2958,True
39177,I66_WB,110+04187,1080,PM,67.65304347826087,4000.0,,785.5052551288921,False,0.0,3240.2958,True
39177,I66_WB,110+04187,1095,PM,67.5786956521739,4000.0,,793.0970802538651,False,0.0,3240.2958,True
39177,I66_WB,110+04187,1110,PM,67.6413043478261,4000.0,,786.7215716612054,False,0.0,3240.2958,True
39177,I66_WB,110+04187,1125,PM,67.08478260869565,4000.0,,837.8026893834377,False,0.0,3240.2958,True
39179,I66_WB,110+04187,900,PM,67.8195652173913,4000.0,,767.4812515595016,False,0.0,3240.2958,True
39179,I66_WB,110+04187,915,PM,67.41826086956522,4000.0,,808.6367496290297,False,0.0,3240.2958,True
39179,I66_WB,110+04187,930,PM,66.87652173913042,4000.0,,854.2322926994104,False,0.0,3240.2958,True
39179,I66_WB,110+04187,945,PM,67.37565217391304,4000.0,,812.5857603260522,False,0.0,3240.2958,True
39179,I66_WB,110+04187,960,PM,67.33869565217391,4000.0,,815.954479605921,False,0.0,3240.2958,True
39179,I66_WB,110+04187,975,PM,67.35347826086957,4000.0,,814.6131705280959,False,0.0,3240.2958,True
39179,I66_WB,110+04187,990,PM,67.2813043478261,4000.0,,821.0858316051662,False,0.0,3240.2958,True
39179,I66_WB,110+04187,1005,PM,67.20304347826087,4000.0,,827.8958383868858,False,0.0,3240.2958,True
39179,I66_WB,110+04187,1020,PM,67.30304347826088,4000.0,,819.156178998692,False,0.0,3240.2958,True
39179,I66_WB,110+04187,1035,PM,67.22695652173913,4000.0,,825.8372578100701,False,0.0,3240.2958,True
39179,I66_WB,110+04187,1050,PM,67.56304347826087,4000.0,,794.6624369667671,False,0.0,3240.2958,True
39179,I66_WB,110+04187,1065,PM,67.5504347826087,4000.0,,795.9153554570064,False,0.0,3240.2958,True
39179,I66_WB,110+04187,1080,PM,67.65304347826087,4000.0,,785.5052551288921,False,0.0,3240.2958,True
39179,I66_WB,110+04187,1095,PM,67.5786956521739,4000.0,,793.0970802538651,False,0.0,3240.2958,True
39179,I66_WB,110+04187,1110,PM,67.6413043478261,4000.0,,786.7215716612054,False,0.0,3240.2958,True
39179,I66_WB,110+04187,1125,PM,67.08478260869565,4000.0,,837.8026893834377,False,0.0,3240.2958,True
39180,I66_EB,110N04186,900,PM,66.67999999999999,4000.0,,496.12740803152354,False,0.0,1920.2501,True
39180,I66_EB,110N04186,915,PM,66.66521739130435,4000.0,,496.6344781531608,False,0.0,1920.2501,True
39180,I66_EB,110N04186,930,PM,66.85782608695652,4000.0,,489.85217758676015,False,0.0,1920.2501,True
39180,I66_EB,110N04186,945,PM,66.53173913043479,4000.0,,501.11737854649016,False,0.0,1920.2501,True
39180,I66_EB,110N04186,960,PM,66.44869565217391,4000.0,,503.82290455062474,False,0.0,1920.2501,True
39180,I66_EB,110N04186,975,PM,67.35260869565217,4000.0,,470.4407292451092,False,0.0,1920.2501,True
39180,I66_EB,110N04186,990,PM,67.45391304347827,4000.0,,466.05128462872284,False,0.0,1920.2501,True
39180,I66_EB,110N04186,1005,PM,67.61173913043478,4000.0,,458.8806611329829,False,0.0,1920.2501,True
39180,I66_EB,110N04186,1020,PM,67.31565217391304,4000.0,,472.00334592736715,False,0.0,1920.2501,True
39180,I66_EB,110N04186,1035,PM,67.39,4000.0,,468.83899293985223,False,0.0,1920.2501,True
39180,I66_EB,110N04186,1050,PM,67.21130434782609,4000.0,,476.3097620132237,False,0.0,1920.2501,True
39180,I66_EB,110N04186,1065,PM,66.98,4000.0,,485.34172520383447,False,0.0,1920.2501,True
39180,I66_EB,110N04186,1080,PM,67.30130434782609,4000.0,,472.60462744427025,False,0.0,1920.2501,True
39180,I66_EB,110N04186,1095,PM,67.38347826086957,4000.0,,469.1198905928687,False,0.0,1920.2501,True
39180,I66_EB,110N04186,1110,PM,67.3008695652174,4000.0,,472.622801651996,False,0.0,1920.2501,True
39180,I66_EB,110N04186,1125,PM,67.08739130434783,4000.0,,481.23223235121316,False,0.0,1920.2501,True
39183,I66_EB,110-04186,900,PM,67.39565217391304,4000.0,,490.63072105569563,False,0.0,1920.2501,True
39183,I66_EB,110-04186,915,PM,67.85130434782609,4000.0,,473.2575076322923,False,0.0,1920.2501,True
39183,I66_EB,110-04186,930,PM,67.71347826086956,4000.0,,478.7818001060528,False,0.0,1920.2501,True
39183,I66_EB,110-04186,945,PM,67.70565217391304,4000.0,,479.0880303997952,False,0.0,1920.2501,True
39183,I66_EB,110-04186,960,PM,67.83826086956522,4000.0,,473.79125507713553,False,0.0,1920.2501,True
39183,I66_EB,110-04186,975,PM,67.7395652173913,4000.0,,477.75538438703444,False,0.0,1920.2501,True
39183,I66_EB,110-04186,990,PM,68.1608695652174,4000.0,,459.84742348250364,False,0.0,1920.2501,True
39183,I66_EB,110-04186,1005,PM,68.06260869565217,4000.0,,464.26648258750066,False,0.0,1920.2501,True
39183,I66_EB,110-04186,1020,PM,67.4686956521739,4000.0,,488.0093061950479,False,0.0,1920.2501,True
39183,I66_EB,110-04186,1035,PM,67.40304347826087,4000.0,,490.3680584015929,False,0.0,1920.2501,True
39183,I66_EB,110-04186,1050,PM,67.42826086956521,4000.0,,489.46754336217697,False,0.0,1920.2501,True
39183,I66_EB,110-04186,1065,PM,67.48739130434782,4000.0,,487.3290138105762,False,0.0,1920.2501,True
39183,I66_EB,110-04186,1080,PM,67.8404347826087,4000.0,,473.70246041570994,False,0.0,1920.2501,True
39183,I66_EB,110-04186,1095,PM,67.80260869565218,4000.0,,475.23826848666596,False,0.0,1920.2501,True
39183,I66_EB,110-04186,1110,PM,67.45521739130434,4000.0,,488.49736275394434,False,0.0,1920.2501,True
39183,I66_EB,110-04186,1125,PM,67.38608695652174,4000.0,,490.96978184627574,False,0.0,1920.2501,True
39184,I66_WB,110+04187,900,PM,67.8195652173913,4000.0,,767.4812515595016,False,0.0,3240.2958,True
39184,I66_WB,110+04187,915,PM,67.41826086956522,4000.0,,808.6367496290297,False,0.0,3240.2958,True
39184,I66_WB,110+04187,930,PM,66.87652173913042,4000.0,,854.2322926994104,False,0.0,3240.2958,True
39184,I66_WB,110+04187,945,PM,67.37565217391304,4000.0,,812.5857603260522,False,0.0,3240.2958,True
39184,I66_WB,110+04187,960,PM,67.33869565217391,4000.0,,815.954479605921,False,0.0,3240.2958,True
39184,I66_WB,110+04187,975,PM,67.35347826086957,4000.0,,814.6131705280959,False,0.0,3240.2958,True
39184,I66_WB,110+04187,990,PM,67.2813043478261,4000.0,,821.0858316051662,False,0.0,3240.2958,True
39184,I66_WB,110+04187,1005,PM,67.20304347826087,4000.0,,827.8958383868858,False,0.0,3240.2958,True
39184,I66_WB,110+04187,1020,PM,67.30304347826088,4000.0,,819.156178998692,False,0.0,3240.2958,True
39184,I66_WB,110+04187,1035,PM,67.22695652173913,4000.0,,825.8372578100701,False,0.0,3240.2958,True
39184,I66_WB,110+04187,1050,PM,67.56304347826087,4000.0,,794.6624369667671,False,0.0,3240.2958,True
39184,I66_WB,110+04187,1065,PM,67.5504347826087,4000.0,,795.9153554570064,False,0.0,3240.2958,True
39184,I66_WB,110+04187,1080,PM,67.65304347826087,4000.0,,785.5052551288921,False,0.0,3240.2958,True
39184,I66_WB,110+04187,1095,PM,67.5786956521739,4000.0,,793.0970802538651,False,0.0,3240.2958,True
39184,I66_WB,110+04187,1110,PM,67.6413043478261,4000.0,,786.7215716612054,False,0.0,3240.2958,True
39184,I66_WB,110+04187,1125,PM,67.08478260869565,4000.0,,837.8026893834377,False,0.0,3240.2958,True
39208,I66_EB,110+58627,900,PM,68.32434782608696,6000.0,,2208.526844130961,False,0.0,8552.6508,True
39208,I66_EB,110+58627,915,PM,67.68478260869566,6000.0,,2267.1888469611963,False,0.0,8552.6508,True
39208,I66_EB,110+58627,930,PM,66.81695652173913,6000.0,,2335.791208525867,False,0.0,8552.6508,True
39208,I66_EB,110+58627,945,PM,65.35,6000.0,,2429.8702511241836,False,0.0,8552.6508,True
39208,I66_EB,110+58627,960,PM,64.6195652173913,6000.0,,2468.7029569156093,False,0.0,8552.6508,True
39208,I66_EB,110+58627,975,PM,66.23,6000.0,,2376.3362271560263,False,0.0,8552.6508,True
39208,I66_EB,110+58627,990,PM,69.49304347826087,6000.0,,2077.0732639914477,False,0.0,8552.6508,True
39208,I66_EB,110+58627,1005,PM,70.29260869565218,6000.0,,1960.8694199439703,False,0.0,8552.6508,True
39208,I66_EB,110+58627,1020,PM,69.80739130434782,6000.0,,2034.580778753159,False,0.0,8552.6508,True
39208,I66_EB,110+58627,1035,PM,69.82434782608696,6000.0,,2032.1809547518149,False,0.0,8552.6508,True
39208,I66_EB,110+58627,1050,PM,70.22391304347826,6000.0,,1971.990422700792,False,0.0,8552.6508,True
39208,I66_EB,110+58627,1065,PM,69.09826086956522,6000.0,,2125.6680491981633,False,0.0,8552.6508,True
39208,I66_EB,110+58627,1080,PM,69.96913043478261,6000.0,,2011.2023013734824,False,0.0,8552.6508,True
39208,I66_EB,110+58627,1095,PM,70.29173913043478,6000.0,,1961.0117452335555,False,0.0,8552.6508,True
39208,I66_EB,110+58627,1110,PM,70.52347826086957,6000.0,,1921.5791339390944,False,0.0,8552.6508,True
39208,I66_EB,110+58627,1125,PM,69.85347826086957,6000.0,,2028.0307953006766,False,0.0,8552.6508,True
39209,I66_EB,110P58626,900,PM,69.61391304347826,8000.0,,2132.6571604752353,False,0.0,8552.6508,True
39209,I66_EB,110P58626,915,PM,69.52521739130434,8000.0,,2141.661354986913,False,0.0,8552.6508,True
39209,I66_EB,110P58626,930,PM,69.42521739130434,8000.0,,2151.6033036005683,False,0.0,8552.6508,True
39209,I66_EB,110P58626,945,PM,68.53478260869565,8000.0,,2231.4757843863895,False,0.0,8552.6508,True
39209,I66_EB,110P58626,960,PM,68.32565217391304,8000.0,,2248.2585859416617,False,0.0,8552.6508,True
39209,I66_EB,110P58626,975,PM,68.91826086956522,8000.0,,2198.8558581242496,False,0.0,8552.6508,True
39209,I66_EB,110P58626,990,PM,70.0695652173913,8000.0,,2083.3992574956787,False,0.0,8552.6508,True
39209,I66_EB,110P58626,1005,PM,69.3308695652174,8000.0,,2160.786425394647,False,0.0,8552.6508,True
39209,I66_EB,110P58626,1020,PM,69.70521739130434,8000.0,,2123.198785726533,False,0.0,8552.6508,True
39209,I66_EB,110P58626,1035,PM,69.0795652173913,8000.0,,2184.362209105822,False,0.0,8552.6508,True
39209,I66_EB,110P58626,1050,PM,69.88,8000.0,,2104.531561191293,False,0.0,8552.6508,True
39209,I66_EB,110P58626,1065,PM,69.36260869565217,8000.0,,2157.7180891837925,False,0.0,8552.6508,True
39209,I66_EB,110P58626,1080,PM,69.92260869565217,8000.0,,2099.8643899492677,False,0.0,8552.6508,True
39209,I66_EB,110P58626,1095,PM,70.05130434782609,8000.0,,2085.477030893577,False,0.0,8552.6508,True
39209,I66_EB,110P58626,1110,PM,70.59826086956522,8000.0,,2018.912997076648,False,0.0,8552.6508,True
39209,I66_EB,110P58626,1125,PM,70.0304347826087,8000.0,,2087.8404064677234,False,0.0,8552.6508,True
39211,I66_WB,110N58626,900,PM,69.9395652173913,6000.0,,2515.4294978822613,False,0.0,10717.2947,True
39211,I66_WB,110N58626,915,PM,69.63391304347826,6000.0,,2596.8387845171123,False,0.0,10717.2947,True
39211,I66_WB,110N58626,930,PM,69.54217391304348,6000.0,,2619.500488122029,False,0.0,10717.2947,True
39211,I66_WB,110N58626,945,PM,69.3395652173913,6000.0,,2667.0413477726947,False,0.0,10717.2947,True
39211,I66_WB,110N58626,960,PM,69.23782608695652,6000.0,,2689.7215482875777,False,0.0,10717.2947,True
39211,I66_WB,110N58626,975,PM,68.93695652173913,6000.0,,2752.6796050167686,False,0.0,10717.2947,True
39211,I66_WB,110N58626,990,PM,69.24217391304347,6000.0,,2688.767586344047,False,0.0,10717.2947,True
39211,I66_WB,110N58626,1005,PM,69.34565217391305,6000.0,,2665.660211524066,False,0.0,10717.2947,True
39211,I66_WB,110N58626,1020,PM,69.62304347826087,6000.0,,2599.563268543527,False,0.0,10717.2947,True
39211,I66_WB,110N58626,1035,PM,69.20478260869565,6000.0,,2696.9283154325008,False,0.0,10717.2947,True
39211,I66_WB,110N58626,1050,PM,69.33521739130435,6000.0,,2668.0261660570322,False,0.0,10717.2947,True
39211,I66_WB,110N58626,1065,PM,69.3804347826087,6000.0,,2657.71397565188,False,0.0,10717.2947,True
39211,I66_WB,110N58626,1080,PM,69.19260869565218,6000.0,,2699.564324024364,False,0.0,10717.2947,True
39211,I66_WB,110N58626,1095,PM,69.10043478260869,6000.0,,2719.197785694455,False,0.0,10717.2947,True
39211,I66_WB,110N58626,1110,PM,68.55347826086957,6000.0,,2825.241011875373,False,0.0,10717.2947,True
39211,I66_WB,110N58626,1125,PM,68.65217391304348,6000.0,,2807.304883254314,False,0.0,10717.2947,True
39213,I66_WB,110-58625,900,PM,69.63652173913044,8000.0,,3269.4376378628012,False,0.0,14311.5164,True
39213,I66_WB,110-58625,915,PM,69.02652173913043,8000.0,,3471.04564160427,False,0.0,14311.5164,True
39213,I66_WB,110-58625,930,PM,68.72043478260869,8000.0,,3557.247195607797,False,0.0,14311.5164,True
39213,I66_WB,110-58625,945,PM,68.62347826086956,8000.0,,3582.885516646854,False,0.0,14311.5164,True
39213,I66_WB,110-58625,960,PM,68.34086956521739,8000.0,,3653.5989832850064,False,0.0,14311.5164,True
39213,I66_WB,110-58625,975,PM,68.29782608695652,8000.0,,3663.882444473444,False,0.0,14311.5164,True
39213,I66_WB,110-58625,990,PM,68.31,8000.0,,3660.9863452386244,False,0.0,14311.5164,True
39213,I66_WB,110-58625,1005,PM,68.33695652173913,8000.0,,3654.5389000685163,False,0.0,14311.5164,True
39213,I66_WB,110-58625,1020,PM,68.8495652173913,8000.0,,3521.8996935191644,False,0.0,14311.5164,True
39213,I66_WB,110-58625,1035,PM,68.3595652173913,8000.0,,3649.094164415458,False,0.0,14311.5164,True
39213,I66_WB,110-58625,1050,PM,68.47478260869566,8000.0,,3620.804648546876,False,0.0,14311.5164,True
39213,I66_WB,110-58625,1065,PM,68.75217391304348,8000.0,,3548.6894628558925,False,0.0,14311.5164,True
39213,I66_WB,110-58625,1080,PM,69.00956521739131,8000.0,,3476.0469245268328,False,0.0,14311.5164,True
39213,I66_WB,110-58625,1095,PM,68.85173913043478,8000.0,,3521.2923396718743,False,0.0,14311.5164,True
39213,I66_WB,110-58625,1110,PM,68.30217391304348,8000.0,,3662.8492346668127,False,0.0,14311.5164,True
39213,I66_WB,110-58625,1125,PM,68.00043478260869,8000.0,,3731.7664670097747,False,0.0,14311.5164,True
40894,I66_WB,110P04187,900,PM,68.26608695652175,4000.0,,858.1381120451398,False,0.0,3240.2958,True
40894,I66_WB,110P04187,915,PM,67.73652173913044,4000.0,,895.9467830324552,False,0.0,3240.2958,True
40894,I66_WB,110P04187,930,PM,67.75347826086956,4000.0,,894.8314727273333,False,0.0,3240.2958,True
40894,I66_WB,110P04187,945,PM,67.49956521739131,4000.0,,910.9646012272532,False,0.0,3240.2958,True
40894,I66_WB,110P04187,960,PM,68.42391304347827,4000.0,,845.4988704575899,False,0.0,3240.2958,True
40894,I66_WB,110P04187,975,PM,67.84652173913044,4000.0,,888.6085779616742,False,0.0,3240.2958,True
40894,I66_WB,110P04187,990,PM,67.39304347826086,4000.0,,917.3918252663111,False,0.0,3240.2958,True
40894,I66_WB,110P04187,1005,PM,69.12391304347825,4000.0,,778.7445970015755,False,0.0,3240.2958,True
40894,I66_WB,110P04187,1020,PM,69.42565217391304,4000.0,,742.3172001204008,False,0.0,3240.2958,True
40894,I66_WB,110P04187,1035,PM,69.01347826086956,4000.0,,790.7010073630402,False,0.0,3240.2958,True
40894,I66_WB,110P04187,1050,PM,69.47478260869566,4000.0,,735.7646774432626,False,0.0,3240.2958,True
40894,I66_WB,110P04187,1065,PM,69.60521739130435,4000.0,,717.3361505697071,False,0.0,3240.2958,True
40894,I66_WB,110P04187,1080,PM,69.6891304347826,4000.0,,704.5816521722702,False,0.0,3240.2958,True
40894,I66_WB,110P04187,1095,PM,69.73565217391305,4000.0,,697.1649176279843,False,0.0,3240.2958,True
40894,I66_WB,110P04187,1110,PM,69.2195652173913,4000.0,,767.8382033063308,False,0.0,3240.2958,True
40894,I66_WB,110P04187,1125,PM,68.76608695652173,4000.0,,815.3545516776726,False,0.0,3240.2958,True
40899,I66_EB,110N04187,900,PM,69.81434782608696,4000.0,,480.74563743408316,False,0.0,1920.2501,True
40899,I66_EB,110N04187,915,PM,69.61521739130436,4000.0,,489.4259489216596,False,0.0,1920.2501,True
40899,I66_EB,110N04187,930,PM,69.73217391304347,4000.0,,484.40041228487206,False,0.0,1920.2501,True
40899,I66_EB,110N04187,945,PM,69.51652173913044,4000.0,,493.51604544247044,False,0.0,1920.2501,True
40899,I66_EB,110N04187,960,PM,70.22260869565218,4000.0,,460.83151859689576,False,0.0,1920.2501,True
40899,I66_EB,110N04187,975,PM,70.07521739130435,4000.0,,468.3880774533442,False,0.0,1920.2501,True
40899,I66_EB,110N04187,990,PM,70.35565217391304,4000.0,,453.59878626558907,False,0.0,1920.2501,True
40899,I66_EB,110N04187,1005,PM,69.93782608695652,4000.0,,475.04676708074356,False,0.0,1920.2501,True
40899,I66_EB,110N04187,1020,PM,69.32652173913043,4000.0,,501.033146558096,False,0.0,1920.2501,True
40899,I66_EB,110N04187,1035,PM,69.55608695652174,4000.0,,491.89235396776894,False,0.0,1920.2501,True
40899,I66_EB,110N04187,1050,PM,69.94434782608695,4000.0,,474.7384996365407,False,0.0,1920.2501,True
40899,I66_EB,110N04187,1065,PM,70.30913043478262,4000.0,,456.17533321048836,False,0.0,1920.2501,True
40899,I66_EB,110N04187,1080,PM,69.90913043478261,4000.0,,476.39427667972365,False,0.0,1920.2501,True
40899,I66_EB,110N04187,1095,PM,69.79434782608696,4000.0,,481.6449573507336,False,0.0,1920.2501,True
40899,I66_EB,110N04187,1110,PM,69.39347826086956,4000.0,,498.4352904950209,False,0.0,1920.2501,True
40899,I66_EB,110N04187,1125,PM,69.48652173913044,4000.0,,494.7333486219699,False,0.0,1920.2501,True
40900,I66_EB,110-04186,900,PM,67.39565217391304,4000.0,,490.63072105569563,False,0.0,1920.2501,True
40900,I66_EB,110-04186,915,PM,67.85130434782609,4000.0,,473.2575076322923,False,0.0,1920.2501,True
40900,I66_EB,110-04186,930,PM,67.71347826086956,4000.0,,478.7818001060528,False,0.0,1920.2501,True
40900,I66_EB,110-04186,945,PM,67.70565217391304,4000.0,,479.0880303997952,False,0.0,1920.2501,True
40900,I66_EB,110-04186,960,PM,67.83826086956522,4000.0,,473.79125507713553,False,0.0,1920.2501,True
40900,I66_EB,110-04186,975,PM,67.7395652173913,4000.0,,477.75538438703444,False,0.0,1920.2501,True
40900,I66_EB,110-04186,990,PM,68.1608695652174,4000.0,,459.84742348250364,False,0.0,1920.2501,True
40900,I66_EB,110-04186,1005,PM,68.06260869565217,4000.0,,464.26648258750066,False,0.0,1920.2501,True
40900,I66_EB,110-04186,1020,PM,67.4686956521739,4000.0,,488.0093061950479,False,0.0,1920.2501,True
40900,I66_EB,110-04186,1035,PM,67.40304347826087,4000.0,,490.3680584015929,False,0.0,1920.2501,True
40900,I66_EB,110-04186,1050,PM,67.42826086956521,4000.0,,489.46754336217697,False,0.0,1920.2501,True
40900,I66_EB,110-04186,1065,PM,67.48739130434782,4000.0,,487.3290138105762,False,0.0,1920.2501,True
40900,I66_EB,110-04186,1080,PM,67.8404347826087,4000.0,,473.70246041570994,False,0.0,1920.2501,True
40900,I66_EB,110-04186,1095,PM,67.80260869565218,4000.0,,475.23826848666596,False,0.0,1920.2501,True
40900,I66_EB,110-04186,1110,PM,67.45521739130434,4000.0,,488.49736275394434,False,0.0,1920.2501,True
40900,I66_EB,110-04186,1125,PM,67.38608695652174,4000.0,,490.96978184627574,False,0.0,1920.2501,True
40944,I66_EB,110-04185,900,PM,64.0204347826087,4000.0,,500.69765133042256,False,0.0,2017.3407,True
40944,I66_EB,110-04185,915,PM,63.361304347826085,4000.0,,514.5373638328668,False,0.0,2017.3407,True
40944,I66_EB,110-04185,930,PM,62.603913043478265,4000.0,,528.2846797965195,False,0.0,2017.3407,True
40944,I66_EB,110-04185,945,PM,62.02086956521739,4000.0,,537.580896056606,False,0.0,2017.3407,True
40944,I66_EB,110-04185,960,PM,62.44826086956522,4000.0,,530.8668975272521,False,0.0,2017.3407,True
40944,I66_EB,110-04185,975,PM,63.36260869565217,4000.0,,514.5118390032051,False,0.0,2017.3407,True
40944,I66_EB,110-04185,990,PM,64.17739130434782,4000.0,,497.0966534581991,False,0.0,2017.3407,True
40944,I66_EB,110-04185,1005,PM,64.3795652173913,4000.0,,492.2626869536046,False,0.0,2017.3407,True
40944,I66_EB,110-04185,1020,PM,64.73478260869565,4000.0,,483.18326704493427,False,0.0,2017.3407,True
40944,I66_EB,110-04185,1035,PM,63.41173913043478,4000.0,,513.545380132865,False,0.0,2017.3407,True
40944,I66_EB,110-04185,1050,PM,63.953478260869566,4000.0,,502.1955390227293,False,0.0,2017.3407,True
40944,I66_EB,110-04185,1065,PM,64.32652173913043,4000.0,,493.5531061580213,False,0.0,2017.3407,True
40944,I66_EB,110-04185,1080,PM,64.93391304347826,4000.0,,477.730291292782,False,0.0,2017.3407,True
40944,I66_EB,110-04185,1095,PM,64.35130434782609,4000.0,,492.95221159533753,False,0.0,2017.3407,True
40944,I66_EB,110-04185,1110,PM,64.15521739130435,4000.0,,497.61320322729506,False,0.0,2017.3407,True
40944,I66_EB,110-04185,1125,PM,64.3595652173913,4000.0,,492.751133567359,False,0.0,2017.3407,True
40960,I66_WB,110+04186,900,PM,62.802608695652175,4000.0,,453.62904784114085,False,0.0,1875.8507,True
40960,I66_WB,110+04186,915,PM,61.83913043478261,4000.0,,470.6845151918964,False,0.0,1875.8507,True
40960,I66_WB,110+04186,930,PM,61.35782608695652,4000.0,,478.03917111307993,False,0.0,1875.8507,True
40960,I66_WB,110+04186,945,PM,61.76739130434783,4000.0,,471.8250145370802,False,0.0,1875.8507,True
40960,I66_WB,110+04186,960,PM,62.01434782608696,4000.0,,467.8295392808111,False,0.0,1875.8507,True
40960,I66_WB,110+04186,975,PM,62.27869565217392,4000.0,,463.326163257026,False,0.0,1875.8507,True
40960,I66_WB,110+04186,990,PM,61.80869565217391,4000.0,,471.1703392307816,False,0.0,1875.8507,True
40960,I66_WB,110+04186,1005,PM,61.99260869565217,4000.0,,468.18922454419436,False,0.0,1875.8507,True
40960,I66_WB,110+04186,1020,PM,62.06130434782609,4000.0,,467.04721295030157,False,0.0,1875.8507,True
40960,I66_WB,110+04186,1035,PM,61.9491304347826,4000.0,,468.9038958399183,False,0.0,1875.8507,True
40960,I66_WB,110+04186,1050,PM,62.50739130434783,4000.0,,459.22623343321817,False,0.0,1875.8507,True
40960,I66_WB,110+04186,1065,PM,62.12173913043478,4000.0,,466.0293099928772,False,0.0,1875.8507,True
40960,I66_WB,110+04186,1080,PM,61.8095652173913,4000.0,,471.1564991161273,False,0.0,1875.8507,True
40960,I66_WB,110+04186,1095,PM,62.06434782608696,4000.0,,466.99624973071917,False,0.0,1875.8507,True
40960,I66_WB,110+04186,1110,PM,61.72695652173913,4000.0,,472.46076799560376,False,0.0,1875.8507,True
40960,I66_WB,110+04186,1125,PM,60.71347826086957,4000.0,,486.88961594522505,False,0.0,1875.8507,True
40962,I66_EB,110-04185,900,PM,64.0204347826087,4000.0,,1712.361198991409,False,0.0,6899.2054,True
40962,I66_EB,110-04185,915,PM,63.361304347826085,4000.0,,1759.6923311255653,False,0.0,6899.2054,True
40962,I66_EB,110-04185,930,PM,62.603913043478265,4000.0,,1806.7074716677348,False,0.0,6899.2054,True
40962,I66_EB,110-04185,945,PM,62.02086956521739,4000.0,,1838.5000714111277,False,0.0,6899.2054,True
40962,I66_EB,110-04185,960,PM,62.44826086956522,4000.0,,1815.5385285694501,False,0.0,6899.2054,True
40962,I66_EB,110-04185,975,PM,63.36260869565217,4000.0,,1759.6050374707866,False,0.0,6899.2054,True
40962,I66_EB,110-04185,990,PM,64.17739130434782,4000.0,,1700.0459644029072,False,0.0,6899.2054,True
40962,I66_EB,110-04185,1005,PM,64.3795652173913,4000.0,,1683.514038084305,False,0.0,6899.2054,True
40962,I66_EB,110-04185,1020,PM,64.73478260869565,4000.0,,1652.4628711382527,False,0.0,6899.2054,True
40962,I66_EB,110-04185,1035,PM,63.41173913043478,4000.0,,1756.2997959431025,False,0.0,6899.2054,True
40962,I66_EB,110-04185,1050,PM,63.953478260869566,4000.0,,1717.4839008014485,False,0.0,6899.2054,True
40962,I66_EB,110-04185,1065,PM,64.32652173913043,4000.0,,1687.9272079288312,False,0.0,6899.2054,True
40962,I66_EB,110-04185,1080,PM,64.93391304347826,4000.0,,1633.8139638142109,False,0.0,6899.2054,True
40962,I66_EB,110-04185,1095,PM,64.35130434782609,4000.0,,1685.8721782495613,False,0.0,6899.2054,True
40962,I66_EB,110-04185,1110,PM,64.15521739130435,4000.0,,1701.8125390604828,False,0.0,6899.2054,True
40962,I66_EB,110-04185,1125,PM,64.3595652173913,4000.0,,1685.1845013408217,False,0.0,6899.2054,True
40966,I66_EB,110-04184,900,PM,60.40608695652173,4000.0,3976.032512745932,1287.9883545873029,False,0.0,4809.9779,True
40966,I66_EB,110-04184,915,PM,60.03173913043479,4000.0,3976.551030753886,1295.7826115959278,False,0.0,4809.9779,True
40966,I66_EB,110-04184,930,PM,58.91782608695653,4000.0,3977.0385309162393,1316.3056600084783,False,0.0,4809.9779,True
40966,I66_EB,110-04184,945,PM,58.77391304347826,4000.0,3977.497534601158,1318.6890678960635,False,0.0,4809.9779,True
40966,I66_EB,110-04184,960,PM,59.90608695652173,4000.0,3977.930563176811,1298.2923284527494,False,0.0,4809.9779,True
40966,I66_EB,110-04184,975,PM,62.63130434782609,4000.0,3978.339939680103,1230.0713868082203,False,0.0,4809.9779,True
40966,I66_EB,110-04184,990,PM,63.57173913043479,4000.0,3978.727193822895,1198.0045564197535,False,0.0,4809.9779,True
40966,I66_EB,110-04184,1005,PM,64.17347826086957,4000.0,3979.093656985781,1174.332861580803,False,0.0,4809.9779,True
40966,I66_EB,110-04184,1020,PM,65.45913043478261,4000.0,3979.4406605493614,1112.874947954105,False,0.0,4809.9779,True
40966,I66_EB,110-04184,1035,PM,64.04608695652173,4000.0,3979.7694480126793,1179.5768992187257,False,0.0,4809.9779,True
40966,I66_EB,110-04184,1050,PM,64.06782608695652,4000.0,3980.080911348574,1178.6912787010544,False,0.0,4809.9779,True
40966,I66_EB,110-04184,1065,PM,63.4804347826087,4000.0,3980.375854648332,1201.3652484160614,False,0.0,4809.9779,True
40966,I66_EB,110-04184,1080,PM,63.936521739130434,4000.0,3980.6550820032408,1183.9837104867363,False,0.0,4809.9779,True
40966,I66_EB,110-04184,1095,PM,65.43478260869566,4000.0,3980.919378394925,1114.2076325699627,False,0.0,4809.9779,True
40966,I66_EB,110-04184,1110,PM,65.97,4000.0,3981.1694523663728,1083.0350871601843,False,0.0,4809.9779,True
40966,I66_EB,110-04184,1125,PM,66.22391304347826,4000.0,3981.405993350909,1066.709968143874,False,0.0,4809.9779,True
40967,I66_WB,110+04185,900,PM,60.27130434782609,4000.0,,670.3222330340076,False,0.0,2610.5805,True
40967,I66_WB,110+04185,915,PM,59.00826086956522,4000.0,,683.366836500548,False,0.0,2610.5805,True
40967,I66_WB,110+04185,930,PM,58.91434782608695,4000.0,,684.2313024744064,False,0.0,2610.5805,True
40967,I66_WB,110+04185,945,PM,59.401739130434784,4000.0,,679.5933472981384,False,0.0,2610.5805,True
40967,I66_WB,110+04185,960,PM,60.18434782608696,4000.0,,671.3108424124259,False,0.0,2610.5805,True
40967,I66_WB,110+04185,975,PM,62.20043478260869,4000.0,,644.223609804726,False,0.0,2610.5805,True
40967,I66_WB,110+04185,990,PM,62.19826086956522,4000.0,,644.2581380060279,False,0.0,2610.5805,True
40967,I66_WB,110+04185,1005,PM,62.74173913043478,4000.0,,635.1989725443661,False,0.0,2610.5805,True
40967,I66_WB,110+04185,1020,PM,62.90869565217392,4000.0,,632.2338971077083,False,0.0,2610.5805,True
40967,I66_WB,110+04185,1035,PM,62.16,4000.0,,644.8636867197529,False,0.0,2610.5805,True
40967,I66_WB,110+04185,1050,PM,63.14,4000.0,,627.9733766103202,False,0.0,2610.5805,True
40967,I66_WB,110+04185,1065,PM,62.81999999999999,4000.0,,633.8202905360655,False,0.0,2610.5805,True
40967,I66_WB,110+04185,1080,PM,62.18130434782609,4000.0,,644.5270069505311,False,0.0,2610.5805,True
40967,I66_WB,110+04185,1095,PM,62.19217391304348,4000.0,,644.354746998619,False,0.0,2610.5805,True
40967,I66_WB,110+04185,1110,PM,61.51913043478261,4000.0,,654.4313890164929,False,0.0,2610.5805,True
40967,I66_WB,110+04185,1125,PM,61.98304347826087,4000.0,,647.6123239858637,False,0.0,2610.5805,True
