timestamp,link_id,tmc_id,speed_mph,flow_vehph
2026-07-06 00:00:00,SYN_I405_001,SYN_TMC_001,64.97493672549638,324.8766840055585
2026-07-06 00:05:00,SYN_I405_001,SYN_TMC_001,64.97478734587386,325.35921271861736
2026-07-06 00:10:00,SYN_I405_001,SYN_TMC_001,64.97507439264608,324.4300723882783
2026-07-06 00:15:00,SYN_I405_001,SYN_TMC_001,64.9753805281292,323.4302437160059
2026-07-06 00:20:00,SYN_I405_001,SYN_TMC_001,64.97516433959292,324.1372700234803
2026-07-06 00:25:00,SYN_I405_001,SYN_TMC_001,64.9754304416623,323.26634346551697
2026-07-06 00:30:00,SYN_I405_001,SYN_TMC_001,64.97490719598959,324.9722417387172
2026-07-06 00:35:00,SYN_I405_001,SYN_TMC_001,64.97425917143474,327.0482963507537
2026-07-06 00:40:00,SYN_I405_001,SYN_TMC_001,64.97518300728717,324.0764016911078
2026-07-06 00:45:00,SYN_I405_001,SYN_TMC_001,64.97524672961592,323.868367702928
2026-07-06 00:50:00,SYN_I405_001,SYN_TMC_001,64.97469103913231,325.669166962616
2026-07-06 00:55:00,SYN_I405_001,SYN_TMC_001,64.97475806536423,325.4535432611462
2026-07-06 01:00:00,SYN_I405_001,SYN_TMC_001,64.97488447731955,325.0457020659856
2026-07-06 01:05:00,SYN_I405_001,SYN_TMC_001,64.97540021605907,323.36562462075415
2026-07-06 01:10:00,SYN_I405_001,SYN_TMC_001,64.97495196822813,324.8273252975736
2026-07-06 01:15:00,SYN_I405_001,SYN_TMC_001,64.97458716980422,326.0024691500812
2026-07-06 01:20:00,SYN_I405_001,SYN_TMC_001,64.975603953748,322.6946314471376
2026-07-06 01:25:00,SYN_I405_001,SYN_TMC_001,64.97516574922552,324.13267494141445
2026-07-06 01:30:00,SYN_I405_001,SYN_TMC_001,64.9758762355946,321.7912903715745
2026-07-06 01:35:00,SYN_I405_001,SYN_TMC_001,64.97557703971553,322.7835113085528
2026-07-06 01:40:00,SYN_I405_001,SYN_TMC_001,64.9758471995699,321.88798600499376
2026-07-06 01:45:00,SYN_I405_001,SYN_TMC_001,64.97505471336196,324.49402808278427
2026-07-06 01:50:00,SYN_I405_001,SYN_TMC_001,64.97556602370958,322.81986892188746
2026-07-06 01:55:00,SYN_I405_001,SYN_TMC_001,64.97480079817834,325.31584697490166
2026-07-06 02:00:00,SYN_I405_001,SYN_TMC_001,64.9748582024139,325.1305991804259
2026-07-06 02:05:00,SYN_I405_001,SYN_TMC_001,64.97503013115032,324.5738645786094
2026-07-06 02:10:00,SYN_I405_001,SYN_TMC_001,64.97617360754008,320.7959159369875
2026-07-06 02:15:00,SYN_I405_001,SYN_TMC_001,64.97520468883316,324.0056631343046
2026-07-06 02:20:00,SYN_I405_001,SYN_TMC_001,64.97495958472027,324.80265327099266
2026-07-06 02:25:00,SYN_I405_001,SYN_TMC_001,64.9748776238303,325.06785287409866
2026-07-06 02:30:00,SYN_I405_001,SYN_TMC_001,64.97569116210586,322.4061309995164
2026-07-06 02:35:00,SYN_I405_001,SYN_TMC_001,64.97517006629816,324.1186010463028
2026-07-06 02:40:00,SYN_I405_001,SYN_TMC_001,64.97541590742348,323.31409509949765
2026-07-06 02:45:00,SYN_I405_001,SYN_TMC_001,64.97532869004365,323.6001995659571
2026-07-06 02:50:00,SYN_I405_001,SYN_TMC_001,64.97438498297014,326.6483346838737
2026-07-06 02:55:00,SYN_I405_001,SYN_TMC_001,64.97531694991504,323.6386533772082
2026-07-06 03:00:00,SYN_I405_001,SYN_TMC_001,64.97492169511371,324.9253330128994
2026-07-06 03:05:00,SYN_I405_001,SYN_TMC_001,64.97444606791949,326.4536099208692
2026-07-06 03:10:00,SYN_I405_001,SYN_TMC_001,64.97516744851765,324.1271353745896
2026-07-06 03:15:00,SYN_I405_001,SYN_TMC_001,64.97490825910144,324.9688029660781
2026-07-06 03:20:00,SYN_I405_001,SYN_TMC_001,64.97476461137063,325.43246168272844
2026-07-06 03:25:00,SYN_I405_001,SYN_TMC_001,64.97474497282145,325.4956958060535
2026-07-06 03:30:00,SYN_I405_001,SYN_TMC_001,64.9753325844155,323.5874408400173
2026-07-06 03:35:00,SYN_I405_001,SYN_TMC_001,64.974603077145,325.95149115634456
2026-07-06 03:40:00,SYN_I405_001,SYN_TMC_001,64.97383995629109,328.37049353654794
2026-07-06 03:45:00,SYN_I405_001,SYN_TMC_001,64.97518451636427,324.0714796556765
2026-07-06 03:50:00,SYN_I405_001,SYN_TMC_001,64.9737764570296,328.5693782461103
2026-07-06 03:55:00,SYN_I405_001,SYN_TMC_001,64.9739239720985,328.10679123693245
2026-07-06 04:00:00,SYN_I405_001,SYN_TMC_001,64.9740136273031,327.8246834925648
2026-07-06 04:05:00,SYN_I405_001,SYN_TMC_001,64.97219183898375,333.41926652419835
2026-07-06 04:10:00,SYN_I405_001,SYN_TMC_001,64.97233839911286,332.9795517944206
2026-07-06 04:15:00,SYN_I405_001,SYN_TMC_001,64.97274544643365,331.7490632772527
2026-07-06 04:20:00,SYN_I405_001,SYN_TMC_001,64.97116931744533,336.43958132287656
2026-07-06 04:25:00,SYN_I405_001,SYN_TMC_001,64.9697433933329,340.5198635556775
2026-07-06 04:30:00,SYN_I405_001,SYN_TMC_001,64.96875922622506,343.2525164205551
2026-07-06 04:35:00,SYN_I405_001,SYN_TMC_001,64.9663138922453,349.7725929637209
2026-07-06 04:40:00,SYN_I405_001,SYN_TMC_001,64.96439371970881,354.64733235727437
2026-07-06 04:45:00,SYN_I405_001,SYN_TMC_001,64.96067640684163,363.5488818398667
2026-07-06 04:50:00,SYN_I405_001,SYN_TMC_001,64.95583414904144,374.24062761043
2026-07-06 04:55:00,SYN_I405_001,SYN_TMC_001,64.95231908754731,381.4615188637949
2026-07-06 05:00:00,SYN_I405_001,SYN_TMC_001,64.94427497319755,396.59163542356123
2026-07-06 05:05:00,SYN_I405_001,SYN_TMC_001,64.93551780874927,411.29584855286856
2026-07-06 05:10:00,SYN_I405_001,SYN_TMC_001,64.92178792025327,431.5741722636161
2026-07-06 05:15:00,SYN_I405_001,SYN_TMC_001,64.90660581858064,451.079892390133
2026-07-06 05:20:00,SYN_I405_001,SYN_TMC_001,64.88146899902547,478.6591638818235
2026-07-06 05:25:00,SYN_I405_001,SYN_TMC_001,64.84694350005142,510.07834628598147
2026-07-06 05:30:00,SYN_I405_001,SYN_TMC_001,64.79538468760441,548.2045506015195
2026-07-06 05:35:00,SYN_I405_001,SYN_TMC_001,64.7259490575393,589.3523334651592
2026-07-06 05:40:00,SYN_I405_001,SYN_TMC_001,64.64644021743888,627.6238318084569
2026-07-06 05:45:00,SYN_I405_001,SYN_TMC_001,64.50918423806972,680.3569051624075
2026-07-06 05:50:00,SYN_I405_001,SYN_TMC_001,64.29906205030737,742.2365058614405
2026-07-06 05:55:00,SYN_I405_001,SYN_TMC_001,64.06976963689543,794.880050535322
2026-07-06 06:00:00,SYN_I405_001,SYN_TMC_001,63.65547533833648,868.0373232344839
2026-07-06 06:05:00,SYN_I405_001,SYN_TMC_001,63.1022252674908,941.0093216089741
2026-07-06 06:10:00,SYN_I405_001,SYN_TMC_001,62.284910177294414,1020.8288998863318
2026-07-06 06:15:00,SYN_I405_001,SYN_TMC_001,61.28764227397685,1092.849556584507
2026-07-06 06:20:00,SYN_I405_001,SYN_TMC_001,60.02832119411993,1160.5857111593548
2026-07-06 06:25:00,SYN_I405_001,SYN_TMC_001,58.33758488412728,1226.8098658368792
2026-07-06 06:30:00,SYN_I405_001,SYN_TMC_001,56.23386534782393,1284.4826587509947
2026-07-06 06:35:00,SYN_I405_001,SYN_TMC_001,53.45839692681673,1333.7892621643625
2026-07-06 06:40:00,SYN_I405_001,SYN_TMC_001,50.9950100808434,1360.0836585680704
2026-07-06 06:45:00,SYN_I405_001,SYN_TMC_001,47.93312740303184,1376.204465984293
2026-07-06 06:50:00,SYN_I405_001,SYN_TMC_001,44.619951447622526,1377.715379020866
2026-07-06 06:55:00,SYN_I405_001,SYN_TMC_001,41.5712643299382,1367.304093364559
2026-07-06 07:00:00,SYN_I405_001,SYN_TMC_001,38.53986684844096,1347.4146547578907
2026-07-06 07:05:00,SYN_I405_001,SYN_TMC_001,35.91197983991852,1323.2903680492698
2026-07-06 07:10:00,SYN_I405_001,SYN_TMC_001,33.02830476632916,1290.0118080121842
2026-07-06 07:15:00,SYN_I405_001,SYN_TMC_001,30.802600908071007,1259.6721953812862
2026-07-06 07:20:00,SYN_I405_001,SYN_TMC_001,28.3888060816372,1222.2836364378022
2026-07-06 07:25:00,SYN_I405_001,SYN_TMC_001,26.756462315877975,1194.3573334686946
2026-07-06 07:30:00,SYN_I405_001,SYN_TMC_001,25.42487491449737,1169.9794142568421
2026-07-06 07:35:00,SYN_I405_001,SYN_TMC_001,24.0562523087773,1143.4001414880793
2026-07-06 07:40:00,SYN_I405_001,SYN_TMC_001,23.280049115170435,1127.6252431722344
2026-07-06 07:45:00,SYN_I405_001,SYN_TMC_001,22.24541297832386,1105.7904138505844
2026-07-06 07:50:00,SYN_I405_001,SYN_TMC_001,21.90614456991446,1098.4257060225557
2026-07-06 07:55:00,SYN_I405_001,SYN_TMC_001,21.44778743556943,1088.312279799978
2026-07-06 08:00:00,SYN_I405_001,SYN_TMC_001,21.656017971302145,1092.9302344602859
2026-07-06 08:05:00,SYN_I405_001,SYN_TMC_001,21.380397484220655,1086.8093539911024
2026-07-06 08:10:00,SYN_I405_001,SYN_TMC_001,22.003530731791322,1100.550206670227
2026-07-06 08:15:00,SYN_I405_001,SYN_TMC_001,22.498560002394797,1111.2192431479282
2026-07-06 08:20:00,SYN_I405_001,SYN_TMC_001,22.776000124771187,1117.1044260237343
2026-07-06 08:25:00,SYN_I405_001,SYN_TMC_001,23.725432793723186,1136.7396014165784
2026-07-06 08:30:00,SYN_I405_001,SYN_TMC_001,24.54740635570434,1153.1184117578728
2026-07-06 08:35:00,SYN_I405_001,SYN_TMC_001,25.36762301063235,1168.8987307084744
2026-07-06 08:40:00,SYN_I405_001,SYN_TMC_001,27.54452612146005,1208.1070405095998
2026-07-06 08:45:00,SYN_I405_001,SYN_TMC_001,29.25312747145968,1236.20604193215
2026-07-06 08:50:00,SYN_I405_001,SYN_TMC_001,31.056215940115383,1263.3304268272668
2026-07-06 08:55:00,SYN_I405_001,SYN_TMC_001,33.222149640690645,1292.464452741723
2026-07-06 09:00:00,SYN_I405_001,SYN_TMC_001,35.84415584334539,1322.5878293015712
2026-07-06 09:05:00,SYN_I405_001,SYN_TMC_001,38.49125006318154,1347.0244628296055
2026-07-06 09:10:00,SYN_I405_001,SYN_TMC_001,41.03352597410022,1364.4339289614593
2026-07-06 09:15:00,SYN_I405_001,SYN_TMC_001,43.903613807145945,1376.2076862566278
2026-07-06 09:20:00,SYN_I405_001,SYN_TMC_001,47.050505343828874,1378.065665104945
2026-07-06 09:25:00,SYN_I405_001,SYN_TMC_001,49.50587686157299,1369.9298485539728
2026-07-06 09:30:00,SYN_I405_001,SYN_TMC_001,51.95684612273601,1351.4335978954362
2026-07-06 09:35:00,SYN_I405_001,SYN_TMC_001,54.353785129704114,1320.517032494761
2026-07-06 09:40:00,SYN_I405_001,SYN_TMC_001,56.06725339630775,1288.1867315845518
2026-07-06 09:45:00,SYN_I405_001,SYN_TMC_001,57.83295121758336,1242.7184436835846
2026-07-06 09:50:00,SYN_I405_001,SYN_TMC_001,58.965791746554416,1204.7636626274486
2026-07-06 09:55:00,SYN_I405_001,SYN_TMC_001,60.12885351039275,1155.8723639563702
2026-07-06 10:00:00,SYN_I405_001,SYN_TMC_001,60.99571225237095,1110.4299561359405
2026-07-06 10:05:00,SYN_I405_001,SYN_TMC_001,61.70985906949825,1064.8900257073758
2026-07-06 10:10:00,SYN_I405_001,SYN_TMC_001,62.200941193029074,1027.7685399396391
2026-07-06 10:15:00,SYN_I405_001,SYN_TMC_001,62.68551644947791,984.8130452915825
2026-07-06 10:20:00,SYN_I405_001,SYN_TMC_001,62.94727322549696,958.186970788869
2026-07-06 10:25:00,SYN_I405_001,SYN_TMC_001,63.12162513907835,938.7750032048804
2026-07-06 10:30:00,SYN_I405_001,SYN_TMC_001,63.37664883112798,907.4245369665573
2026-07-06 10:35:00,SYN_I405_001,SYN_TMC_001,63.41041819069369,902.9679787340328
2026-07-06 10:40:00,SYN_I405_001,SYN_TMC_001,63.5762080529224,879.8737308413205
2026-07-06 10:45:00,SYN_I405_001,SYN_TMC_001,63.5678161828603,881.0948402306424
2026-07-06 10:50:00,SYN_I405_001,SYN_TMC_001,63.648459671531306,869.1077120057262
2026-07-06 10:55:00,SYN_I405_001,SYN_TMC_001,63.623242736431195,872.917826478066
2026-07-06 11:00:00,SYN_I405_001,SYN_TMC_001,63.64168619252678,870.1368343818123
2026-07-06 11:05:00,SYN_I405_001,SYN_TMC_001,63.672938714285785,865.3528967478795
2026-07-06 11:10:00,SYN_I405_001,SYN_TMC_001,63.574653215571956,880.1004238528637
2026-07-06 11:15:00,SYN_I405_001,SYN_TMC_001,63.53464310407744,885.8648181854591
2026-07-06 11:20:00,SYN_I405_001,SYN_TMC_001,63.534705202450915,885.8559727298779
2026-07-06 11:25:00,SYN_I405_001,SYN_TMC_001,63.49216842379481,891.8436153223403
2026-07-06 11:30:00,SYN_I405_001,SYN_TMC_001,63.43488685785776,899.6892388614307
2026-07-06 11:35:00,SYN_I405_001,SYN_TMC_001,63.40202987859438,904.08231086704
2026-07-06 11:40:00,SYN_I405_001,SYN_TMC_001,63.27406395165176,920.5025750014082
2026-07-06 11:45:00,SYN_I405_001,SYN_TMC_001,63.264297133188094,921.7133759038206
2026-07-06 11:50:00,SYN_I405_001,SYN_TMC_001,63.182415766260064,931.6442716739352
2026-07-06 11:55:00,SYN_I405_001,SYN_TMC_001,63.142797156859245,936.3140665681378
2026-07-06 12:00:00,SYN_I405_001,SYN_TMC_001,63.07089549543869,944.5768633548253
2026-07-06 12:05:00,SYN_I405_001,SYN_TMC_001,63.02969409185594,949.193916787883
2026-07-06 12:10:00,SYN_I405_001,SYN_TMC_001,62.863828447052335,966.9802982667511
2026-07-06 12:15:00,SYN_I405_001,SYN_TMC_001,62.85370932650666,968.026349320443
2026-07-06 12:20:00,SYN_I405_001,SYN_TMC_001,62.73924402644933,979.5698341906696
2026-07-06 12:25:00,SYN_I405_001,SYN_TMC_001,62.71141116155197,982.2994736169115
2026-07-06 12:30:00,SYN_I405_001,SYN_TMC_001,62.6727168869978,986.046385199192
2026-07-06 12:35:00,SYN_I405_001,SYN_TMC_001,62.58364582538834,994.4674763527687
2026-07-06 12:40:00,SYN_I405_001,SYN_TMC_001,62.51733332199422,1000.5605751798294
2026-07-06 12:45:00,SYN_I405_001,SYN_TMC_001,62.40639482809125,1010.4377765446735
2026-07-06 12:50:00,SYN_I405_001,SYN_TMC_001,62.3329252646679,1016.7729516050687
2026-07-06 12:55:00,SYN_I405_001,SYN_TMC_001,62.22569909144428,1025.7422621637393
2026-07-06 13:00:00,SYN_I405_001,SYN_TMC_001,62.165926513692185,1030.6066176961795
2026-07-06 13:05:00,SYN_I405_001,SYN_TMC_001,62.0007093107744,1043.5800308803339
2026-07-06 13:10:00,SYN_I405_001,SYN_TMC_001,61.69696461759685,1065.7933662956955
2026-07-06 13:15:00,SYN_I405_001,SYN_TMC_001,61.65142198696764,1068.9574702205446
2026-07-06 13:20:00,SYN_I405_001,SYN_TMC_001,61.458566139261386,1081.9179189619304
2026-07-06 13:25:00,SYN_I405_001,SYN_TMC_001,61.10366453160322,1104.0808960760648
2026-07-06 13:30:00,SYN_I405_001,SYN_TMC_001,60.70887742562197,1126.5009777020114
2026-07-06 13:35:00,SYN_I405_001,SYN_TMC_001,60.5633353784337,1134.242740065236
2026-07-06 13:40:00,SYN_I405_001,SYN_TMC_001,60.021505199969894,1160.9015503093965
2026-07-06 13:45:00,SYN_I405_001,SYN_TMC_001,59.536571267393484,1182.234724802736
2026-07-06 13:50:00,SYN_I405_001,SYN_TMC_001,59.03302194665759,1202.2414686875131
2026-07-06 13:55:00,SYN_I405_001,SYN_TMC_001,58.01628495172531,1237.1104971946324
2026-07-06 14:00:00,SYN_I405_001,SYN_TMC_001,57.22440462054949,1260.041334540933
2026-07-06 14:05:00,SYN_I405_001,SYN_TMC_001,56.175999945188394,1285.781548469802
2026-07-06 14:10:00,SYN_I405_001,SYN_TMC_001,55.09648613811502,1307.7150121291656
2026-07-06 14:15:00,SYN_I405_001,SYN_TMC_001,53.50713315135144,1333.1232811567504
2026-07-06 14:20:00,SYN_I405_001,SYN_TMC_001,52.095831570398985,1350.021256452128
2026-07-06 14:25:00,SYN_I405_001,SYN_TMC_001,50.234427772665434,1365.6207826517204
2026-07-06 14:30:00,SYN_I405_001,SYN_TMC_001,48.4638084009462,1374.526880113513
2026-07-06 14:35:00,SYN_I405_001,SYN_TMC_001,46.34612487541009,1378.7610671945026
2026-07-06 14:40:00,SYN_I405_001,SYN_TMC_001,43.44541476890201,1374.9311290322905
2026-07-06 14:45:00,SYN_I405_001,SYN_TMC_001,41.47830212255288,1366.8290049672667
2026-07-06 14:50:00,SYN_I405_001,SYN_TMC_001,38.80502760372543,1349.5044979739637
2026-07-06 14:55:00,SYN_I405_001,SYN_TMC_001,36.39322688640057,1328.1618190013435
2026-07-06 15:00:00,SYN_I405_001,SYN_TMC_001,34.028949100711,1302.3420143377193
2026-07-06 15:05:00,SYN_I405_001,SYN_TMC_001,31.646753178110643,1271.6487864501328
2026-07-06 15:10:00,SYN_I405_001,SYN_TMC_001,29.084473665509282,1233.5362251832803
2026-07-06 15:15:00,SYN_I405_001,SYN_TMC_001,27.133898077938778,1201.0051253600434
2026-07-06 15:20:00,SYN_I405_001,SYN_TMC_001,25.079343416979498,1163.4160686278801
2026-07-06 15:25:00,SYN_I405_001,SYN_TMC_001,23.178354572279147,1125.5202999887638
2026-07-06 15:30:00,SYN_I405_001,SYN_TMC_001,21.2534442119895,1083.9668293265713
2026-07-06 15:35:00,SYN_I405_001,SYN_TMC_001,19.805373434275552,1050.486113441424
2026-07-06 15:40:00,SYN_I405_001,SYN_TMC_001,18.464802875478874,1017.688401700025
2026-07-06 15:45:00,SYN_I405_001,SYN_TMC_001,17.366301851725087,989.4432595399635
2026-07-06 15:50:00,SYN_I405_001,SYN_TMC_001,16.36721979411585,962.616619982735
2026-07-06 15:55:00,SYN_I405_001,SYN_TMC_001,15.0258772635792,924.7728669076683
2026-07-06 16:00:00,SYN_I405_001,SYN_TMC_001,14.151230292674443,898.8824139983318
2026-07-06 16:05:00,SYN_I405_001,SYN_TMC_001,13.526432410669013,879.7573874596721
2026-07-06 16:10:00,SYN_I405_001,SYN_TMC_001,12.765261448980079,855.701665385144
2026-07-06 16:15:00,SYN_I405_001,SYN_TMC_001,12.152729493714853,835.7023711507868
2026-07-06 16:20:00,SYN_I405_001,SYN_TMC_001,11.645221959421145,818.6716304850507
2026-07-06 16:25:00,SYN_I405_001,SYN_TMC_001,11.20874186832669,803.6719525430236
2026-07-06 16:30:00,SYN_I405_001,SYN_TMC_001,10.99788585184971,796.304054476363
2026-07-06 16:35:00,SYN_I405_001,SYN_TMC_001,10.499413692791693,778.5561990835566
2026-07-06 16:40:00,SYN_I405_001,SYN_TMC_001,10.549759477984788,780.3703426626507
2026-07-06 16:45:00,SYN_I405_001,SYN_TMC_001,10.162389160669763,766.282559286797
2026-07-06 16:50:00,SYN_I405_001,SYN_TMC_001,10.081785104712944,763.3131130182641
2026-07-06 16:55:00,SYN_I405_001,SYN_TMC_001,9.98271237209794,759.644878654533
2026-07-06 17:00:00,SYN_I405_001,SYN_TMC_001,9.878062677233366,755.7478346653139
2026-07-06 17:05:00,SYN_I405_001,SYN_TMC_001,9.96198653784122,758.874901096187
2026-07-06 17:10:00,SYN_I405_001,SYN_TMC_001,10.32412485510758,772.2009617148371
2026-07-06 17:15:00,SYN_I405_001,SYN_TMC_001,10.541487579437687,780.0726153049382
2026-07-06 17:20:00,SYN_I405_001,SYN_TMC_001,10.504588537159412,778.742896128428
2026-07-06 17:25:00,SYN_I405_001,SYN_TMC_001,10.979275020545229,795.6498313481259
2026-07-06 17:30:00,SYN_I405_001,SYN_TMC_001,11.223430122061597,804.1821974260704
2026-07-06 17:35:00,SYN_I405_001,SYN_TMC_001,11.55225611655517,815.504763467143
2026-07-06 17:40:00,SYN_I405_001,SYN_TMC_001,12.34576241543413,842.0689924762644
2026-07-06 17:45:00,SYN_I405_001,SYN_TMC_001,13.005646393424716,863.3915254097922
2026-07-06 17:50:00,SYN_I405_001,SYN_TMC_001,13.399870597097118,875.8164359061872
2026-07-06 17:55:00,SYN_I405_001,SYN_TMC_001,14.22512668175601,901.1088889136072
2026-07-06 18:00:00,SYN_I405_001,SYN_TMC_001,15.18471030116468,929.3687521926029
2026-07-06 18:05:00,SYN_I405_001,SYN_TMC_001,16.195883461208,957.9022492761894
2026-07-06 18:10:00,SYN_I405_001,SYN_TMC_001,17.54287475686786,994.0698236924721
2026-07-06 18:15:00,SYN_I405_001,SYN_TMC_001,19.03245373422018,1031.794569592076
2026-07-06 18:20:00,SYN_I405_001,SYN_TMC_001,20.348468914105517,1063.2738810493051
2026-07-06 18:25:00,SYN_I405_001,SYN_TMC_001,22.255005257030902,1105.997154393742
2026-07-06 18:30:00,SYN_I405_001,SYN_TMC_001,24.367068500343397,1149.5736851723927
2026-07-06 18:35:00,SYN_I405_001,SYN_TMC_001,26.09443497346931,1182.4181753533417
2026-07-06 18:40:00,SYN_I405_001,SYN_TMC_001,28.628509086657182,1226.2045500948327
2026-07-06 18:45:00,SYN_I405_001,SYN_TMC_001,31.147342672628426,1264.6322938905516
2026-07-06 18:50:00,SYN_I405_001,SYN_TMC_001,34.32237181431892,1305.8013580186969
2026-07-06 18:55:00,SYN_I405_001,SYN_TMC_001,37.239375651090526,1336.2394974468934
2026-07-06 19:00:00,SYN_I405_001,SYN_TMC_001,40.43011152606602,1360.8670133723685
2026-07-06 19:05:00,SYN_I405_001,SYN_TMC_001,43.53900883949674,1375.211294608431
2026-07-06 19:10:00,SYN_I405_001,SYN_TMC_001,46.37523474801271,1378.7457134356616
2026-07-06 19:15:00,SYN_I405_001,SYN_TMC_001,49.538098833179816,1369.7589226654895
2026-07-06 19:20:00,SYN_I405_001,SYN_TMC_001,52.04187693659753,1350.5745910060177
2026-07-06 19:25:00,SYN_I405_001,SYN_TMC_001,54.50149130288299,1318.1070472807105
2026-07-06 19:30:00,SYN_I405_001,SYN_TMC_001,56.40361070910947,1280.5944858071025
2026-07-06 19:35:00,SYN_I405_001,SYN_TMC_001,58.62514470883606,1217.0474325372138
2026-07-06 19:40:00,SYN_I405_001,SYN_TMC_001,59.85920363726443,1168.2867802748408
2026-07-06 19:45:00,SYN_I405_001,SYN_TMC_001,61.12260015870258,1102.949278958733
2026-07-06 19:50:00,SYN_I405_001,SYN_TMC_001,62.04219971535807,1040.3849502009596
2026-07-06 19:55:00,SYN_I405_001,SYN_TMC_001,62.818218526151085,971.6616568900056
2026-07-06 20:00:00,SYN_I405_001,SYN_TMC_001,63.31872558421571,914.8913001498636
2026-07-06 20:05:00,SYN_I405_001,SYN_TMC_001,63.69881811904554,861.3210940422358
2026-07-06 20:10:00,SYN_I405_001,SYN_TMC_001,64.02987284358673,802.9570344536455
2026-07-06 20:15:00,SYN_I405_001,SYN_TMC_001,64.25977740149239,752.1375982561309
2026-07-06 20:20:00,SYN_I405_001,SYN_TMC_001,64.43791078837678,703.3292293220461
2026-07-06 20:25:00,SYN_I405_001,SYN_TMC_001,64.5543007445049,664.4423125872734
2026-07-06 20:30:00,SYN_I405_001,SYN_TMC_001,64.66140524742235,620.9641972144458
2026-07-06 20:35:00,SYN_I405_001,SYN_TMC_001,64.74534472947694,578.7441868889129
2026-07-06 20:40:00,SYN_I405_001,SYN_TMC_001,64.79143665253214,550.8090493360469
2026-07-06 20:45:00,SYN_I405_001,SYN_TMC_001,64.83643084411305,518.5675057267482
2026-07-06 20:50:00,SYN_I405_001,SYN_TMC_001,64.8700481876642,489.7407032928094
2026-07-06 20:55:00,SYN_I405_001,SYN_TMC_001,64.88651995853643,473.49935047677405
2026-07-06 21:00:00,SYN_I405_001,SYN_TMC_001,64.90124968440173,457.3890251768241
2026-07-06 21:05:00,SYN_I405_001,SYN_TMC_001,64.91812840478681,436.52085984764693
2026-07-06 21:10:00,SYN_I405_001,SYN_TMC_001,64.93107231048852,418.19056300866583
2026-07-06 21:15:00,SYN_I405_001,SYN_TMC_001,64.93942195965805,404.93890265935613
2026-07-06 21:20:00,SYN_I405_001,SYN_TMC_001,64.94402326835394,397.0377591978433
2026-07-06 21:25:00,SYN_I405_001,SYN_TMC_001,64.9506948422342,384.66342586820485
2026-07-06 21:30:00,SYN_I405_001,SYN_TMC_001,64.95528161140471,375.40366632202466
2026-07-06 21:35:00,SYN_I405_001,SYN_TMC_001,64.95897569870934,367.41146730789677
2026-07-06 21:40:00,SYN_I405_001,SYN_TMC_001,64.96182442145891,360.8699488913892
2026-07-06 21:45:00,SYN_I405_001,SYN_TMC_001,64.96365069308493,356.480661567061
2026-07-06 21:50:00,SYN_I405_001,SYN_TMC_001,64.96579370831624,351.1133913377234
2026-07-06 21:55:00,SYN_I405_001,SYN_TMC_001,64.96761610575554,346.3464788766241
2026-07-06 22:00:00,SYN_I405_001,SYN_TMC_001,64.96969605689542,340.65281613772385
2026-07-06 22:05:00,SYN_I405_001,SYN_TMC_001,64.96981788844259,340.3103142369814
2026-07-06 22:10:00,SYN_I405_001,SYN_TMC_001,64.97139663031616,335.77518897560935
2026-07-06 22:15:00,SYN_I405_001,SYN_TMC_001,64.97110055152466,336.63979539180616
2026-07-06 22:20:00,SYN_I405_001,SYN_TMC_001,64.97301375964317,330.9303922119265
2026-07-06 22:25:00,SYN_I405_001,SYN_TMC_001,64.97287936819768,331.3412049278033
2026-07-06 22:30:00,SYN_I405_001,SYN_TMC_001,64.97320874362447,330.3316164960294
2026-07-06 22:35:00,SYN_I405_001,SYN_TMC_001,64.97422670671526,327.15126501089225
2026-07-06 22:40:00,SYN_I405_001,SYN_TMC_001,64.97288797598964,331.31493821156243
2026-07-06 22:45:00,SYN_I405_001,SYN_TMC_001,64.9732540968495,330.1918723278833
2026-07-06 22:50:00,SYN_I405_001,SYN_TMC_001,64.97443789769339,326.47967496526405
2026-07-06 22:55:00,SYN_I405_001,SYN_TMC_001,64.97394714531428,328.033944654792
2026-07-06 23:00:00,SYN_I405_001,SYN_TMC_001,64.97426942165593,327.0157653627952
2026-07-06 23:05:00,SYN_I405_001,SYN_TMC_001,64.97586211758875,321.838317001848
2026-07-06 23:10:00,SYN_I405_001,SYN_TMC_001,64.9745088230189,326.2531966104316
2026-07-06 23:15:00,SYN_I405_001,SYN_TMC_001,64.97472913757785,325.54665677864404
2026-07-06 23:20:00,SYN_I405_001,SYN_TMC_001,64.97470596192579,325.62119742135565
2026-07-06 23:25:00,SYN_I405_001,SYN_TMC_001,64.97532623055042,323.60825656875863
2026-07-06 23:30:00,SYN_I405_001,SYN_TMC_001,64.97495504141499,324.81737103250674
2026-07-06 23:35:00,SYN_I405_001,SYN_TMC_001,64.97493459546342,324.88357963965547
2026-07-06 23:40:00,SYN_I405_001,SYN_TMC_001,64.97426294448515,327.03632300386454
2026-07-06 23:45:00,SYN_I405_001,SYN_TMC_001,64.97471273608065,325.5994147837584
2026-07-06 23:50:00,SYN_I405_001,SYN_TMC_001,64.97489637940953,325.00722314428367
2026-07-06 23:55:00,SYN_I405_001,SYN_TMC_001,64.9741276115325,327.46496470957857
2026-07-07 00:00:00,SYN_I405_001,SYN_TMC_001,64.97521434615533,323.9741400431758
2026-07-07 00:05:00,SYN_I405_001,SYN_TMC_001,64.97513186366264,324.24307996844493
2026-07-07 00:10:00,SYN_I405_001,SYN_TMC_001,64.97583516134546,321.9280500389233
2026-07-07 00:15:00,SYN_I405_001,SYN_TMC_001,64.97414199201285,327.41949733485916
2026-07-07 00:20:00,SYN_I405_001,SYN_TMC_001,64.97445074565422,326.4386839704097
2026-07-07 00:25:00,SYN_I405_001,SYN_TMC_001,64.97447486967337,326.3616752298775
2026-07-07 00:30:00,SYN_I405_001,SYN_TMC_001,64.9746005634913,325.9595482164693
2026-07-07 00:35:00,SYN_I405_001,SYN_TMC_001,64.97488211245198,325.0533459451724
2026-07-07 00:40:00,SYN_I405_001,SYN_TMC_001,64.97482921081891,325.2241969095274
2026-07-07 00:45:00,SYN_I405_001,SYN_TMC_001,64.97506334372082,324.4659849521663
2026-07-07 00:50:00,SYN_I405_001,SYN_TMC_001,64.97503917466733,324.54450050466517
2026-07-07 00:55:00,SYN_I405_001,SYN_TMC_001,64.97491011591801,324.9627965904416
2026-07-07 01:00:00,SYN_I405_001,SYN_TMC_001,64.97417133876776,327.3266514847561
2026-07-07 01:05:00,SYN_I405_001,SYN_TMC_001,64.97465778326983,325.77599203924996
2026-07-07 01:10:00,SYN_I405_001,SYN_TMC_001,64.97496659092147,324.77995317521265
2026-07-07 01:15:00,SYN_I405_001,SYN_TMC_001,64.97522630703592,323.93508496506706
2026-07-07 01:20:00,SYN_I405_001,SYN_TMC_001,64.97525390080337,323.8449307858547
2026-07-07 01:25:00,SYN_I405_001,SYN_TMC_001,64.97412469870638,327.47417200311247
2026-07-07 01:30:00,SYN_I405_001,SYN_TMC_001,64.97468246747896,325.69671106291355
2026-07-07 01:35:00,SYN_I405_001,SYN_TMC_001,64.97490338002865,324.9845840559945
2026-07-07 01:40:00,SYN_I405_001,SYN_TMC_001,64.97511017637375,324.313681612225
2026-07-07 01:45:00,SYN_I405_001,SYN_TMC_001,64.97548814959691,323.0765368149566
2026-07-07 01:50:00,SYN_I405_001,SYN_TMC_001,64.97497055269777,324.76711490542465
2026-07-07 01:55:00,SYN_I405_001,SYN_TMC_001,64.97449642115303,326.29283230040676
2026-07-07 02:00:00,SYN_I405_001,SYN_TMC_001,64.97513289632538,324.23971704456784
2026-07-07 02:05:00,SYN_I405_001,SYN_TMC_001,64.97505026381647,324.5084834042264
2026-07-07 02:10:00,SYN_I405_001,SYN_TMC_001,64.97504686841194,324.5195128156484
2026-07-07 02:15:00,SYN_I405_001,SYN_TMC_001,64.97488094363995,325.05712365603677
2026-07-07 02:20:00,SYN_I405_001,SYN_TMC_001,64.97572392896166,322.2975315844367
2026-07-07 02:25:00,SYN_I405_001,SYN_TMC_001,64.9750521740554,324.5022778126299
2026-07-07 02:30:00,SYN_I405_001,SYN_TMC_001,64.97535859463514,323.5021874352116
2026-07-07 02:35:00,SYN_I405_001,SYN_TMC_001,64.97448533695994,326.32824452824406
2026-07-07 02:40:00,SYN_I405_001,SYN_TMC_001,64.97531307161184,323.65135341654604
2026-07-07 02:45:00,SYN_I405_001,SYN_TMC_001,64.97463528889531,325.8481891802682
2026-07-07 02:50:00,SYN_I405_001,SYN_TMC_001,64.97414808813522,327.4002172328282
2026-07-07 02:55:00,SYN_I405_001,SYN_TMC_001,64.9750713524495,324.4399551981109
2026-07-07 03:00:00,SYN_I405_001,SYN_TMC_001,64.97520578115616,324.00209807464626
2026-07-07 03:05:00,SYN_I405_001,SYN_TMC_001,64.97479664034792,325.32925229014313
2026-07-07 03:10:00,SYN_I405_001,SYN_TMC_001,64.97487666414793,325.0709542514689
2026-07-07 03:15:00,SYN_I405_001,SYN_TMC_001,64.97534790953442,323.53721804687797
2026-07-07 03:20:00,SYN_I405_001,SYN_TMC_001,64.97458747050364,326.0015057259984
2026-07-07 03:25:00,SYN_I405_001,SYN_TMC_001,64.97374555557806,328.6660331854646
2026-07-07 03:30:00,SYN_I405_001,SYN_TMC_001,64.97484937120218,325.1591188326376
2026-07-07 03:35:00,SYN_I405_001,SYN_TMC_001,64.97474436792768,325.4976429157384
2026-07-07 03:40:00,SYN_I405_001,SYN_TMC_001,64.97506621979412,324.4566379390272
2026-07-07 03:45:00,SYN_I405_001,SYN_TMC_001,64.97423837876404,327.11425588681004
2026-07-07 03:50:00,SYN_I405_001,SYN_TMC_001,64.97485864373844,325.1291737626523
2026-07-07 03:55:00,SYN_I405_001,SYN_TMC_001,64.97455690084846,326.0994054084441
2026-07-07 04:00:00,SYN_I405_001,SYN_TMC_001,64.97299800730386,330.97862395516165
2026-07-07 04:05:00,SYN_I405_001,SYN_TMC_001,64.97375682585849,328.63079140541777
2026-07-07 04:10:00,SYN_I405_001,SYN_TMC_001,64.97216222773368,333.5078956756187
2026-07-07 04:15:00,SYN_I405_001,SYN_TMC_001,64.97122189142792,336.28626840275524
2026-07-07 04:20:00,SYN_I405_001,SYN_TMC_001,64.97106271656999,336.7498003949068
2026-07-07 04:25:00,SYN_I405_001,SYN_TMC_001,64.96975743901837,340.48038374691737
2026-07-07 04:30:00,SYN_I405_001,SYN_TMC_001,64.96739955919817,346.9233025440687
2026-07-07 04:35:00,SYN_I405_001,SYN_TMC_001,64.96690018764961,348.2426031563828
2026-07-07 04:40:00,SYN_I405_001,SYN_TMC_001,64.96476698784387,353.71546542918355
2026-07-07 04:45:00,SYN_I405_001,SYN_TMC_001,64.96223505356215,359.8970154698591
2026-07-07 04:50:00,SYN_I405_001,SYN_TMC_001,64.95704528438344,371.6524968318263
2026-07-07 04:55:00,SYN_I405_001,SYN_TMC_001,64.95022598977303,385.5729035650799
2026-07-07 05:00:00,SYN_I405_001,SYN_TMC_001,64.94342907714397,398.0849504422683
2026-07-07 05:05:00,SYN_I405_001,SYN_TMC_001,64.93613357029152,410.31284452593377
2026-07-07 05:10:00,SYN_I405_001,SYN_TMC_001,64.92331006080406,429.46517120508724
2026-07-07 05:15:00,SYN_I405_001,SYN_TMC_001,64.90531858051763,452.6206050619465
2026-07-07 05:20:00,SYN_I405_001,SYN_TMC_001,64.87938901410702,480.7357353680091
2026-07-07 05:25:00,SYN_I405_001,SYN_TMC_001,64.84697133057823,510.05529438014224
2026-07-07 05:30:00,SYN_I405_001,SYN_TMC_001,64.79814544643901,546.3605108857957
2026-07-07 05:35:00,SYN_I405_001,SYN_TMC_001,64.73051541752572,586.9076956320333
2026-07-07 05:40:00,SYN_I405_001,SYN_TMC_001,64.6391501796799,630.7899145696422
2026-07-07 05:45:00,SYN_I405_001,SYN_TMC_001,64.50179200276378,682.8554235304094
2026-07-07 05:50:00,SYN_I405_001,SYN_TMC_001,64.30509655042142,740.6772060184893
2026-07-07 05:55:00,SYN_I405_001,SYN_TMC_001,64.03419157442016,802.0956646265029
2026-07-07 06:00:00,SYN_I405_001,SYN_TMC_001,63.63005419355143,871.8943457301096
2026-07-07 06:05:00,SYN_I405_001,SYN_TMC_001,63.02978970688461,949.1832981187841
2026-07-07 06:10:00,SYN_I405_001,SYN_TMC_001,62.31844091372321,1018.0033687588536
2026-07-07 06:15:00,SYN_I405_001,SYN_TMC_001,61.33042519278355,1090.159812880381
2026-07-07 06:20:00,SYN_I405_001,SYN_TMC_001,60.1476647248479,1154.9788396600222
2026-07-07 06:25:00,SYN_I405_001,SYN_TMC_001,58.251290742715724,1229.6374450809371
2026-07-07 06:30:00,SYN_I405_001,SYN_TMC_001,56.47260176582835,1278.9803519270165
2026-07-07 06:35:00,SYN_I405_001,SYN_TMC_001,53.9578971760945,1326.6612042682473
2026-07-07 06:40:00,SYN_I405_001,SYN_TMC_001,50.74242074645013,1362.0449323119894
2026-07-07 06:45:00,SYN_I405_001,SYN_TMC_001,47.7118146162213,1376.7780552436489
2026-07-07 06:50:00,SYN_I405_001,SYN_TMC_001,44.738332973726955,1377.9058266961185
2026-07-07 06:55:00,SYN_I405_001,SYN_TMC_001,41.96275904206215,1369.2067697077816
2026-07-07 07:00:00,SYN_I405_001,SYN_TMC_001,38.58342702823533,1347.7624189665903
2026-07-07 07:05:00,SYN_I405_001,SYN_TMC_001,35.80289704764169,1322.1585363659076
2026-07-07 07:10:00,SYN_I405_001,SYN_TMC_001,32.86981687442024,1287.983771899678
2026-07-07 07:15:00,SYN_I405_001,SYN_TMC_001,30.1631769286103,1250.220639438047
2026-07-07 07:20:00,SYN_I405_001,SYN_TMC_001,28.606557138223472,1225.847384169446
2026-07-07 07:25:00,SYN_I405_001,SYN_TMC_001,27.075996889552705,1199.9927806285252
2026-07-07 07:30:00,SYN_I405_001,SYN_TMC_001,25.673260152451743,1174.6366835667159
2026-07-07 07:35:00,SYN_I405_001,SYN_TMC_001,24.206752137145774,1146.3995828337113
2026-07-07 07:40:00,SYN_I405_001,SYN_TMC_001,23.246928556967955,1126.9406690574524
2026-07-07 07:45:00,SYN_I405_001,SYN_TMC_001,22.681405769363703,1115.1054103678077
2026-07-07 07:50:00,SYN_I405_001,SYN_TMC_001,21.88251823225513,1097.9090156042896
2026-07-07 07:55:00,SYN_I405_001,SYN_TMC_001,21.781668340032155,1095.6978852349555
2026-07-07 08:00:00,SYN_I405_001,SYN_TMC_001,21.196893033548765,1082.6958967679145
2026-07-07 08:05:00,SYN_I405_001,SYN_TMC_001,21.24468930642559,1083.7702625306385
2026-07-07 08:10:00,SYN_I405_001,SYN_TMC_001,21.467418128414735,1088.74930696168
2026-07-07 08:15:00,SYN_I405_001,SYN_TMC_001,22.188993873208975,1104.572775710893
2026-07-07 08:20:00,SYN_I405_001,SYN_TMC_001,22.61287695609038,1113.6523428438306
2026-07-07 08:25:00,SYN_I405_001,SYN_TMC_001,23.5674843303473,1133.5267444310361
2026-07-07 08:30:00,SYN_I405_001,SYN_TMC_001,24.664014114106777,1155.3959698550786
2026-07-07 08:35:00,SYN_I405_001,SYN_TMC_001,25.924465902388835,1179.2953442311111
2026-07-07 08:40:00,SYN_I405_001,SYN_TMC_001,27.650965823005777,1209.9258042427537
2026-07-07 08:45:00,SYN_I405_001,SYN_TMC_001,29.44570256151705,1239.2267822853007
2026-07-07 08:50:00,SYN_I405_001,SYN_TMC_001,30.915556543262113,1261.3078649645795
2026-07-07 08:55:00,SYN_I405_001,SYN_TMC_001,33.39008381988109,1294.5644540385292
2026-07-07 09:00:00,SYN_I405_001,SYN_TMC_001,35.746194637419094,1321.5661833188954
2026-07-07 09:05:00,SYN_I405_001,SYN_TMC_001,38.18993151000901,1344.5578926502747
2026-07-07 09:10:00,SYN_I405_001,SYN_TMC_001,41.634688340363894,1367.6231208540235
2026-07-07 09:15:00,SYN_I405_001,SYN_TMC_001,44.214384491858375,1376.935920079199
2026-07-07 09:20:00,SYN_I405_001,SYN_TMC_001,46.778199098935104,1378.4153636165513
2026-07-07 09:25:00,SYN_I405_001,SYN_TMC_001,49.4078114973553,1370.4391349748773
2026-07-07 09:30:00,SYN_I405_001,SYN_TMC_001,52.03412317459887,1350.6535810006321
2026-07-07 09:35:00,SYN_I405_001,SYN_TMC_001,54.00925258330383,1325.8894869808896
2026-07-07 09:40:00,SYN_I405_001,SYN_TMC_001,56.07433883752903,1288.0314313054557
2026-07-07 09:45:00,SYN_I405_001,SYN_TMC_001,57.87589896715403,1241.4216759764163
2026-07-07 09:50:00,SYN_I405_001,SYN_TMC_001,59.16166584313606,1197.3209222443556
2026-07-07 09:55:00,SYN_I405_001,SYN_TMC_001,60.0755803934649,1158.3828976790242
2026-07-07 10:00:00,SYN_I405_001,SYN_TMC_001,60.96838677306691,1112.0100539117418
2026-07-07 10:05:00,SYN_I405_001,SYN_TMC_001,61.789112349278994,1059.2634828910507
2026-07-07 10:10:00,SYN_I405_001,SYN_TMC_001,62.12333038631939,1034.01641122862
2026-07-07 10:15:00,SYN_I405_001,SYN_TMC_001,62.56859953682002,995.8628752488099
2026-07-07 10:20:00,SYN_I405_001,SYN_TMC_001,62.84828572362464,968.585248377408
2026-07-07 10:25:00,SYN_I405_001,SYN_TMC_001,63.14828571669403,935.6722117977471
2026-07-07 10:30:00,SYN_I405_001,SYN_TMC_001,63.31800749023464,914.982506436644
2026-07-07 10:35:00,SYN_I405_001,SYN_TMC_001,63.46981034950431,894.9348920632208
2026-07-07 10:40:00,SYN_I405_001,SYN_TMC_001,63.45362674174012,897.1491600090886
2026-07-07 10:45:00,SYN_I405_001,SYN_TMC_001,63.59338102076275,877.3562706699271
2026-07-07 10:50:00,SYN_I405_001,SYN_TMC_001,63.58337691097686,878.8258750894886
2026-07-07 10:55:00,SYN_I405_001,SYN_TMC_001,63.66076051631932,867.2279288236703
2026-07-07 11:00:00,SYN_I405_001,SYN_TMC_001,63.64082087716724,870.2680017749948
2026-07-07 11:05:00,SYN_I405_001,SYN_TMC_001,63.67642392858106,864.8136980050373
2026-07-07 11:10:00,SYN_I405_001,SYN_TMC_001,63.618883547062126,873.5706514321379
2026-07-07 11:15:00,SYN_I405_001,SYN_TMC_001,63.54748114197705,884.0295106335823
2026-07-07 11:20:00,SYN_I405_001,SYN_TMC_001,63.568033302260616,881.0633214164944
2026-07-07 11:25:00,SYN_I405_001,SYN_TMC_001,63.45255966172164,897.2944818007632
2026-07-07 11:30:00,SYN_I405_001,SYN_TMC_001,63.41982110557489,901.7130196348799
2026-07-07 11:35:00,SYN_I405_001,SYN_TMC_001,63.40415760591021,903.8001189644373
2026-07-07 11:40:00,SYN_I405_001,SYN_TMC_001,63.32626793229097,913.9313544597771
2026-07-07 11:45:00,SYN_I405_001,SYN_TMC_001,63.26149351682692,922.0598825526849
2026-07-07 11:50:00,SYN_I405_001,SYN_TMC_001,63.18235752853439,931.6511991624616
2026-07-07 11:55:00,SYN_I405_001,SYN_TMC_001,63.13359873611133,937.3861629456331
2026-07-07 12:00:00,SYN_I405_001,SYN_TMC_001,63.07832995345074,943.7347942257799
2026-07-07 12:05:00,SYN_I405_001,SYN_TMC_001,62.99259820711889,953.2807128748187
2026-07-07 12:10:00,SYN_I405_001,SYN_TMC_001,62.954708025033874,957.3886132606158
2026-07-07 12:15:00,SYN_I405_001,SYN_TMC_001,62.899753922732636,963.231553395212
2026-07-07 12:20:00,SYN_I405_001,SYN_TMC_001,62.78224079186956,975.2947435360907
2026-07-07 12:25:00,SYN_I405_001,SYN_TMC_001,62.67347794422933,985.9732180339829
2026-07-07 12:30:00,SYN_I405_001,SYN_TMC_001,62.70944774943548,982.490931089507
2026-07-07 12:35:00,SYN_I405_001,SYN_TMC_001,62.568510642607215,995.8710966059359
2026-07-07 12:40:00,SYN_I405_001,SYN_TMC_001,62.521545867215,1000.1778265408772
2026-07-07 12:45:00,SYN_I405_001,SYN_TMC_001,62.454175381812384,1006.230857114935
2026-07-07 12:50:00,SYN_I405_001,SYN_TMC_001,62.270768641214154,1022.0111240227683
2026-07-07 12:55:00,SYN_I405_001,SYN_TMC_001,62.237046069851445,1024.808091932969
2026-07-07 13:00:00,SYN_I405_001,SYN_TMC_001,62.00953417268385,1042.9038745804721
2026-07-07 13:05:00,SYN_I405_001,SYN_TMC_001,61.99919333606789,1043.6959992717366
2026-07-07 13:10:00,SYN_I405_001,SYN_TMC_001,61.773210092068396,1060.4028450400833
2026-07-07 13:15:00,SYN_I405_001,SYN_TMC_001,61.623781883836905,1070.8579683589007
2026-07-07 13:20:00,SYN_I405_001,SYN_TMC_001,61.438879242332696,1083.202694629428
2026-07-07 13:25:00,SYN_I405_001,SYN_TMC_001,61.085879182003914,1105.13883045806
2026-07-07 13:30:00,SYN_I405_001,SYN_TMC_001,60.82808132291131,1119.9578181307907
2026-07-07 13:35:00,SYN_I405_001,SYN_TMC_001,60.395958273587716,1142.8280473784396
2026-07-07 13:40:00,SYN_I405_001,SYN_TMC_001,60.00722174120415,1161.5619044169325
2026-07-07 13:45:00,SYN_I405_001,SYN_TMC_001,59.58011412941124,1180.406620337303
2026-07-07 13:50:00,SYN_I405_001,SYN_TMC_001,58.8585388756921,1208.7191645663163
2026-07-07 13:55:00,SYN_I405_001,SYN_TMC_001,58.09631679868108,1234.602160855478
2026-07-07 14:00:00,SYN_I405_001,SYN_TMC_001,57.097488142651244,1263.4199421432918
2026-07-07 14:05:00,SYN_I405_001,SYN_TMC_001,56.314445799675404,1282.65150568532
2026-07-07 14:10:00,SYN_I405_001,SYN_TMC_001,54.98522457128063,1309.7442552731186
2026-07-07 14:15:00,SYN_I405_001,SYN_TMC_001,53.87952311602945,1327.82469911815
2026-07-07 14:20:00,SYN_I405_001,SYN_TMC_001,51.872809885856626,1352.2670214564423
2026-07-07 14:25:00,SYN_I405_001,SYN_TMC_001,50.42417858624767,1364.341622860258
2026-07-07 14:30:00,SYN_I405_001,SYN_TMC_001,48.61479990297187,1373.9697472720957
2026-07-07 14:35:00,SYN_I405_001,SYN_TMC_001,46.08089704114253,1378.848963010824
2026-07-07 14:40:00,SYN_I405_001,SYN_TMC_001,43.500304991683166,1375.0966378201188
2026-07-07 14:45:00,SYN_I405_001,SYN_TMC_001,41.72943319636369,1368.0919541181315
2026-07-07 14:50:00,SYN_I405_001,SYN_TMC_001,39.15011384332909,1352.1266270088877
2026-07-07 14:55:00,SYN_I405_001,SYN_TMC_001,36.57086932056747,1329.909486848443
2026-07-07 15:00:00,SYN_I405_001,SYN_TMC_001,34.199762494016596,1304.3645113770197
2026-07-07 15:05:00,SYN_I405_001,SYN_TMC_001,31.43270120367555,1268.665963266673
2026-07-07 15:10:00,SYN_I405_001,SYN_TMC_001,29.419944741157867,1238.8244582546747
2026-07-07 15:15:00,SYN_I405_001,SYN_TMC_001,27.228257970180678,1202.6491209267458
2026-07-07 15:20:00,SYN_I405_001,SYN_TMC_001,24.922993164391062,1160.4137391400166
2026-07-07 15:25:00,SYN_I405_001,SYN_TMC_001,23.336367544254554,1128.7871319724711
2026-07-07 15:30:00,SYN_I405_001,SYN_TMC_001,21.39440057753095,1087.1219894526046
2026-07-07 15:35:00,SYN_I405_001,SYN_TMC_001,20.104152377877693,1057.5559910145653
2026-07-07 15:40:00,SYN_I405_001,SYN_TMC_001,18.737713689436163,1024.5109437088997
2026-07-07 15:45:00,SYN_I405_001,SYN_TMC_001,17.57369028858395,994.8738040689944
2026-07-07 15:50:00,SYN_I405_001,SYN_TMC_001,15.877129681850434,949.0402177102172
2026-07-07 15:55:00,SYN_I405_001,SYN_TMC_001,15.207156973788113,930.0157014487818
2026-07-07 16:00:00,SYN_I405_001,SYN_TMC_001,14.248635341318723,901.8156545369097
2026-07-07 16:05:00,SYN_I405_001,SYN_TMC_001,13.51224249574814,879.3166765713321
2026-07-07 16:10:00,SYN_I405_001,SYN_TMC_001,12.812131311142682,857.207896894785
2026-07-07 16:15:00,SYN_I405_001,SYN_TMC_001,12.238651821507636,838.54367369545
2026-07-07 16:20:00,SYN_I405_001,SYN_TMC_001,11.52523164353886,814.5813777653944
2026-07-07 16:25:00,SYN_I405_001,SYN_TMC_001,11.423911815404777,811.1081063073362
2026-07-07 16:30:00,SYN_I405_001,SYN_TMC_001,11.116792442451022,800.4689366265466
2026-07-07 16:35:00,SYN_I405_001,SYN_TMC_001,10.760503987256378,787.9110409018036
2026-07-07 16:40:00,SYN_I405_001,SYN_TMC_001,10.558873127838147,780.6982126634499
2026-07-07 16:45:00,SYN_I405_001,SYN_TMC_001,10.17372698025496,766.6991747929981
2026-07-07 16:50:00,SYN_I405_001,SYN_TMC_001,10.049818744176832,762.1317657864588
2026-07-07 16:55:00,SYN_I405_001,SYN_TMC_001,10.16314135272246,766.3102072046271
2026-07-07 17:00:00,SYN_I405_001,SYN_TMC_001,10.198013541569706,767.5907175813519
2026-07-07 17:05:00,SYN_I405_001,SYN_TMC_001,10.141933332371988,765.5302315997974
2026-07-07 17:10:00,SYN_I405_001,SYN_TMC_001,10.072002379241676,762.9518076885489
2026-07-07 17:15:00,SYN_I405_001,SYN_TMC_001,10.659509284712023,784.3079728970172
2026-07-07 17:20:00,SYN_I405_001,SYN_TMC_001,10.53422313582635,779.8110389482118
2026-07-07 17:25:00,SYN_I405_001,SYN_TMC_001,10.985789723515296,795.8789142543324
2026-07-07 17:30:00,SYN_I405_001,SYN_TMC_001,11.10963454661696,800.2189515613637
2026-07-07 17:35:00,SYN_I405_001,SYN_TMC_001,11.768792794524652,822.8581400034222
2026-07-07 17:40:00,SYN_I405_001,SYN_TMC_001,12.184311366791762,836.7481179641848
2026-07-07 17:45:00,SYN_I405_001,SYN_TMC_001,12.929790382148038,860.9743343263459
2026-07-07 17:50:00,SYN_I405_001,SYN_TMC_001,13.55967256703444,880.7886370613725
2026-07-07 17:55:00,SYN_I405_001,SYN_TMC_001,14.045122886775346,895.6724909142057
2026-07-07 18:00:00,SYN_I405_001,SYN_TMC_001,15.032519173911748,924.9656895112003
2026-07-07 18:05:00,SYN_I405_001,SYN_TMC_001,16.262932758754758,959.7511890395485
2026-07-07 18:10:00,SYN_I405_001,SYN_TMC_001,17.544452318146448,994.1110072335971
2026-07-07 18:15:00,SYN_I405_001,SYN_TMC_001,19.09929444353496,1033.4342365193295
2026-07-07 18:20:00,SYN_I405_001,SYN_TMC_001,20.390225376204402,1064.245481651543
2026-07-07 18:25:00,SYN_I405_001,SYN_TMC_001,22.070275837498755,1102.0013837114345
2026-07-07 18:30:00,SYN_I405_001,SYN_TMC_001,24.040555246824812,1143.0862001754194
2026-07-07 18:35:00,SYN_I405_001,SYN_TMC_001,26.225720685459738,1184.8141434216957
2026-07-07 18:40:00,SYN_I405_001,SYN_TMC_001,28.87446719178535,1230.1800531201795
2026-07-07 18:45:00,SYN_I405_001,SYN_TMC_001,31.26077907513349,1266.2435871599546
2026-07-07 18:50:00,SYN_I405_001,SYN_TMC_001,34.08665033880786,1303.027918325641
2026-07-07 18:55:00,SYN_I405_001,SYN_TMC_001,36.752781516273444,1331.6707355319077
2026-07-07 19:00:00,SYN_I405_001,SYN_TMC_001,39.719767587006444,1356.2102957716904
2026-07-07 19:05:00,SYN_I405_001,SYN_TMC_001,43.35836642105436,1374.6616991967994
2026-07-07 19:10:00,SYN_I405_001,SYN_TMC_001,46.59395748631609,1378.593826374137
2026-07-07 19:15:00,SYN_I405_001,SYN_TMC_001,49.388295107270544,1370.538538447117
2026-07-07 19:20:00,SYN_I405_001,SYN_TMC_001,52.2212177727231,1348.7103079670221
2026-07-07 19:25:00,SYN_I405_001,SYN_TMC_001,54.67575519762063,1315.1787026634438
2026-07-07 19:30:00,SYN_I405_001,SYN_TMC_001,56.68875806579054,1273.7928941278883
2026-07-07 19:35:00,SYN_I405_001,SYN_TMC_001,58.58659553814375,1218.387361307034
2026-07-07 19:40:00,SYN_I405_001,SYN_TMC_001,59.88467950051393,1167.1444864932491
2026-07-07 19:45:00,SYN_I405_001,SYN_TMC_001,61.12362124054615,1102.8881028152375
2026-07-07 19:50:00,SYN_I405_001,SYN_TMC_001,62.027605490966174,1041.5134990589102
2026-07-07 19:55:00,SYN_I405_001,SYN_TMC_001,62.76486364280194,977.0311589594337
2026-07-07 20:00:00,SYN_I405_001,SYN_TMC_001,63.32736454132232,913.7914825126308
2026-07-07 20:05:00,SYN_I405_001,SYN_TMC_001,63.74086446206679,854.6286642188064
2026-07-07 20:10:00,SYN_I405_001,SYN_TMC_001,64.0328074084559,802.3720707925665
2026-07-07 20:15:00,SYN_I405_001,SYN_TMC_001,64.26889785392447,749.8764367451207
2026-07-07 20:20:00,SYN_I405_001,SYN_TMC_001,64.43205873658815,705.1127688753445
2026-07-07 20:25:00,SYN_I405_001,SYN_TMC_001,64.56438218929709,660.717133118598
2026-07-07 20:30:00,SYN_I405_001,SYN_TMC_001,64.67032701041055,616.8858041898553
2026-07-07 20:35:00,SYN_I405_001,SYN_TMC_001,64.7335380637309,585.2720536264577
2026-07-07 20:40:00,SYN_I405_001,SYN_TMC_001,64.79413451142175,549.0333868833449
2026-07-07 20:45:00,SYN_I405_001,SYN_TMC_001,64.83193442558488,522.0725003385918
2026-07-07 20:50:00,SYN_I405_001,SYN_TMC_001,64.86208311691591,497.0403547676656
2026-07-07 20:55:00,SYN_I405_001,SYN_TMC_001,64.8899867056628,469.856574191343
2026-07-07 21:00:00,SYN_I405_001,SYN_TMC_001,64.90365867557625,454.58420649637276
2026-07-07 21:05:00,SYN_I405_001,SYN_TMC_001,64.91795856509175,436.74635662523116
2026-07-07 21:10:00,SYN_I405_001,SYN_TMC_001,64.9296569864411,420.31522772104125
2026-07-07 21:15:00,SYN_I405_001,SYN_TMC_001,64.93879181508306,405.9854209470781
2026-07-07 21:20:00,SYN_I405_001,SYN_TMC_001,64.94567705762546,394.07842560600363
2026-07-07 21:25:00,SYN_I405_001,SYN_TMC_001,64.95180167146674,382.4903005772294
2026-07-07 21:30:00,SYN_I405_001,SYN_TMC_001,64.95556471699219,374.8091149966287
2026-07-07 21:35:00,SYN_I405_001,SYN_TMC_001,64.95938343991547,366.4965553813117
2026-07-07 21:40:00,SYN_I405_001,SYN_TMC_001,64.96178376507913,360.96584953696566
2026-07-07 21:45:00,SYN_I405_001,SYN_TMC_001,64.96508289123558,352.92099431739007
2026-07-07 21:50:00,SYN_I405_001,SYN_TMC_001,64.96600928190698,350.55961276736235
2026-07-07 21:55:00,SYN_I405_001,SYN_TMC_001,64.96766294219695,346.2213376918403
2026-07-07 22:00:00,SYN_I405_001,SYN_TMC_001,64.96914358224642,342.1931143902074
2026-07-07 22:05:00,SYN_I405_001,SYN_TMC_001,64.97038563245454,338.7003881933904
2026-07-07 22:10:00,SYN_I405_001,SYN_TMC_001,64.97068064209265,337.85466900540973
2026-07-07 22:15:00,SYN_I405_001,SYN_TMC_001,64.972652921762,332.02996824742524
2026-07-07 22:20:00,SYN_I405_001,SYN_TMC_001,64.97206149752382,333.8088609941022
2026-07-07 22:25:00,SYN_I405_001,SYN_TMC_001,64.97267229169734,331.97122027125147
2026-07-07 22:30:00,SYN_I405_001,SYN_TMC_001,64.97305271203648,330.811033844085
2026-07-07 22:35:00,SYN_I405_001,SYN_TMC_001,64.97332950103889,329.9591393657175
2026-07-07 22:40:00,SYN_I405_001,SYN_TMC_001,64.97414200192759,327.4194659804485
2026-07-07 22:45:00,SYN_I405_001,SYN_TMC_001,64.97415524880746,327.37756593448154
2026-07-07 22:50:00,SYN_I405_001,SYN_TMC_001,64.97386955501324,328.27766405074635
2026-07-07 22:55:00,SYN_I405_001,SYN_TMC_001,64.97412362926843,327.4775522460209
2026-07-07 23:00:00,SYN_I405_001,SYN_TMC_001,64.97435758289409,326.7355665025624
2026-07-07 23:05:00,SYN_I405_001,SYN_TMC_001,64.97532022546378,323.627925972921
2026-07-07 23:10:00,SYN_I405_001,SYN_TMC_001,64.97436220882636,326.72084414110117
2026-07-07 23:15:00,SYN_I405_001,SYN_TMC_001,64.97410147726255,327.5475459592129
2026-07-07 23:20:00,SYN_I405_001,SYN_TMC_001,64.97423449809165,327.1265619182098
2026-07-07 23:25:00,SYN_I405_001,SYN_TMC_001,64.97466983247199,325.7372995486213
2026-07-07 23:30:00,SYN_I405_001,SYN_TMC_001,64.97559465006998,322.72536388030875
2026-07-07 23:35:00,SYN_I405_001,SYN_TMC_001,64.97436781251464,326.7030073278772
2026-07-07 23:40:00,SYN_I405_001,SYN_TMC_001,64.97493908024713,324.8690603719262
2026-07-07 23:45:00,SYN_I405_001,SYN_TMC_001,64.97612870256802,320.9468195013558
2026-07-07 23:50:00,SYN_I405_001,SYN_TMC_001,64.97470375969472,325.62827786277165
2026-07-07 23:55:00,SYN_I405_001,SYN_TMC_001,64.97564364277056,322.5634294609071
2026-07-08 00:00:00,SYN_I405_001,SYN_TMC_001,64.97558053271555,322.7719803162051
2026-07-08 00:05:00,SYN_I405_001,SYN_TMC_001,64.97525392337249,323.84485701727556
2026-07-08 00:10:00,SYN_I405_001,SYN_TMC_001,64.9742937187618,326.93861505984023
2026-07-08 00:15:00,SYN_I405_001,SYN_TMC_001,64.97512260561048,324.2732246471492
2026-07-08 00:20:00,SYN_I405_001,SYN_TMC_001,64.97480130797258,325.3142032262534
2026-07-08 00:25:00,SYN_I405_001,SYN_TMC_001,64.97405014350356,327.7095725790222
2026-07-08 00:30:00,SYN_I405_001,SYN_TMC_001,64.97412920622571,327.45992363647713
2026-07-08 00:35:00,SYN_I405_001,SYN_TMC_001,64.9749890746059,324.7070737779291
2026-07-08 00:40:00,SYN_I405_001,SYN_TMC_001,64.9750581117446,324.4829863889767
2026-07-08 00:45:00,SYN_I405_001,SYN_TMC_001,64.97556304662704,322.8296924762373
2026-07-08 00:50:00,SYN_I405_001,SYN_TMC_001,64.97528342676509,323.74838008178534
2026-07-08 00:55:00,SYN_I405_001,SYN_TMC_001,64.97472356239798,325.5645931098384
2026-07-08 01:00:00,SYN_I405_001,SYN_TMC_001,64.97473849276683,325.51655281511836
2026-07-08 01:05:00,SYN_I405_001,SYN_TMC_001,64.97488205229963,325.0535403664957
2026-07-08 01:10:00,SYN_I405_001,SYN_TMC_001,64.97443523294226,326.48817482780447
2026-07-08 01:15:00,SYN_I405_001,SYN_TMC_001,64.97532200575301,323.6220950866939
2026-07-08 01:20:00,SYN_I405_001,SYN_TMC_001,64.97496537934127,324.78387903701673
2026-07-08 01:25:00,SYN_I405_001,SYN_TMC_001,64.97456894685234,326.0608384934751
2026-07-08 01:30:00,SYN_I405_001,SYN_TMC_001,64.97464334560557,325.8223361813736
2026-07-08 01:35:00,SYN_I405_001,SYN_TMC_001,64.97439641296783,326.6119250318669
2026-07-08 01:40:00,SYN_I405_001,SYN_TMC_001,64.97473771418734,325.51905851729157
2026-07-08 01:45:00,SYN_I405_001,SYN_TMC_001,64.97509178936085,324.37350321977345
2026-07-08 01:50:00,SYN_I405_001,SYN_TMC_001,64.9747551342346,325.462981706689
2026-07-08 01:55:00,SYN_I405_001,SYN_TMC_001,64.97543548235151,323.249777536205
2026-07-08 02:00:00,SYN_I405_001,SYN_TMC_001,64.97574812003957,322.2172842545045
2026-07-08 02:05:00,SYN_I405_001,SYN_TMC_001,64.97464444282971,325.81881484573313
2026-07-08 02:10:00,SYN_I405_001,SYN_TMC_001,64.9749639299512,324.7885752823613
2026-07-08 02:15:00,SYN_I405_001,SYN_TMC_001,64.97478102661448,325.37957790346604
2026-07-08 02:20:00,SYN_I405_001,SYN_TMC_001,64.97577508908569,322.1277508566096
2026-07-08 02:25:00,SYN_I405_001,SYN_TMC_001,64.9751168725478,324.2918875598287
2026-07-08 02:30:00,SYN_I405_001,SYN_TMC_001,64.97523244315653,323.9150435958218
2026-07-08 02:35:00,SYN_I405_001,SYN_TMC_001,64.97536177353481,323.4917633563957
2026-07-08 02:40:00,SYN_I405_001,SYN_TMC_001,64.97604023571274,321.24349043451673
2026-07-08 02:45:00,SYN_I405_001,SYN_TMC_001,64.97509317027476,324.3690116091789
2026-07-08 02:50:00,SYN_I405_001,SYN_TMC_001,64.97446819943663,326.38297343940536
2026-07-08 02:55:00,SYN_I405_001,SYN_TMC_001,64.97472289224392,325.5667489128625
2026-07-08 03:00:00,SYN_I405_001,SYN_TMC_001,64.975205468162,324.00311961864463
2026-07-08 03:05:00,SYN_I405_001,SYN_TMC_001,64.9749003135466,324.99450124239735
2026-07-08 03:10:00,SYN_I405_001,SYN_TMC_001,64.97449342407062,326.30240864064433
2026-07-08 03:15:00,SYN_I405_001,SYN_TMC_001,64.97621130195918,320.669078484708
2026-07-08 03:20:00,SYN_I405_001,SYN_TMC_001,64.97488287534223,325.0508801406361
2026-07-08 03:25:00,SYN_I405_001,SYN_TMC_001,64.97450216694091,326.2744708748845
2026-07-08 03:30:00,SYN_I405_001,SYN_TMC_001,64.97437273489277,326.68733674117453
2026-07-08 03:35:00,SYN_I405_001,SYN_TMC_001,64.97376860349823,328.5939509785271
2026-07-08 03:40:00,SYN_I405_001,SYN_TMC_001,64.97395598342914,328.00614861565197
2026-07-08 03:45:00,SYN_I405_001,SYN_TMC_001,64.97424173345875,327.1036166651061
2026-07-08 03:50:00,SYN_I405_001,SYN_TMC_001,64.97406616684557,327.65902338878107
2026-07-08 03:55:00,SYN_I405_001,SYN_TMC_001,64.97357448534963,329.19957353990293
2026-07-08 04:00:00,SYN_I405_001,SYN_TMC_001,64.97396036083752,327.992378958964
2026-07-08 04:05:00,SYN_I405_001,SYN_TMC_001,64.97329791471395,330.05668978113357
2026-07-08 04:10:00,SYN_I405_001,SYN_TMC_001,64.97225901303517,333.21794531180353
2026-07-08 04:15:00,SYN_I405_001,SYN_TMC_001,64.9709738759267,337.00768009097754
2026-07-08 04:20:00,SYN_I405_001,SYN_TMC_001,64.97130374494981,336.0471529122807
2026-07-08 04:25:00,SYN_I405_001,SYN_TMC_001,64.97011854962699,339.46060539494687
2026-07-08 04:30:00,SYN_I405_001,SYN_TMC_001,64.96851650154754,343.91650332122714
2026-07-08 04:35:00,SYN_I405_001,SYN_TMC_001,64.9658687097615,350.9210213977521
2026-07-08 04:40:00,SYN_I405_001,SYN_TMC_001,64.96436794352677,354.7114112650178
2026-07-08 04:45:00,SYN_I405_001,SYN_TMC_001,64.96004446958142,364.99851657894396
2026-07-08 04:50:00,SYN_I405_001,SYN_TMC_001,64.95790402222491,369.78397047215594
2026-07-08 04:55:00,SYN_I405_001,SYN_TMC_001,64.95184938185986,382.39578642267674
2026-07-08 05:00:00,SYN_I405_001,SYN_TMC_001,64.9447198629347,395.79938561161356
2026-07-08 05:05:00,SYN_I405_001,SYN_TMC_001,64.9338894971797,413.86165330639244
2026-07-08 05:10:00,SYN_I405_001,SYN_TMC_001,64.92034562305669,433.5441888472563
2026-07-08 05:15:00,SYN_I405_001,SYN_TMC_001,64.90720857464022,450.3529324263013
2026-07-08 05:20:00,SYN_I405_001,SYN_TMC_001,64.88226322687282,477.8589715778612
2026-07-08 05:25:00,SYN_I405_001,SYN_TMC_001,64.84530946868875,511.42627619707145
2026-07-08 05:30:00,SYN_I405_001,SYN_TMC_001,64.8016276818853,544.0070322003862
2026-07-08 05:35:00,SYN_I405_001,SYN_TMC_001,64.74011522843998,581.6634388503103
2026-07-08 05:40:00,SYN_I405_001,SYN_TMC_001,64.6294705924276,634.918762776882
2026-07-08 05:45:00,SYN_I405_001,SYN_TMC_001,64.49650920988724,684.6234293861984
2026-07-08 05:50:00,SYN_I405_001,SYN_TMC_001,64.30117320364178,741.6921916869006
2026-07-08 05:55:00,SYN_I405_001,SYN_TMC_001,64.04156836958937,800.6172203048376
2026-07-08 06:00:00,SYN_I405_001,SYN_TMC_001,63.616095080969764,873.9873598977977
2026-07-08 06:05:00,SYN_I405_001,SYN_TMC_001,63.10740325614468,940.4148728979173
2026-07-08 06:10:00,SYN_I405_001,SYN_TMC_001,62.29303197169783,1020.147404399339
2026-07-08 06:15:00,SYN_I405_001,SYN_TMC_001,61.39514350846541,1086.032585362704
2026-07-08 06:20:00,SYN_I405_001,SYN_TMC_001,60.07480301556654,1158.4193160503455
2026-07-08 06:25:00,SYN_I405_001,SYN_TMC_001,58.27225289283942,1228.954790998187
2026-07-08 06:30:00,SYN_I405_001,SYN_TMC_001,56.2977920044699,1283.0321072270715
2026-07-08 06:35:00,SYN_I405_001,SYN_TMC_001,53.6036704475167,1331.7855584018632
2026-07-08 06:40:00,SYN_I405_001,SYN_TMC_001,50.85963879062541,1361.150223663987
2026-07-08 06:45:00,SYN_I405_001,SYN_TMC_001,48.06869553559316,1375.8168476546314
2026-07-08 06:50:00,SYN_I405_001,SYN_TMC_001,44.685840407957144,1377.8234645473362
2026-07-08 06:55:00,SYN_I405_001,SYN_TMC_001,41.62794546975872,1367.589400829362
2026-07-08 07:00:00,SYN_I405_001,SYN_TMC_001,38.26210964960712,1345.1562800898214
2026-07-08 07:05:00,SYN_I405_001,SYN_TMC_001,35.79134057407188,1322.0380319829571
2026-07-08 07:10:00,SYN_I405_001,SYN_TMC_001,33.13325047648987,1291.3434507661784
2026-07-08 07:15:00,SYN_I405_001,SYN_TMC_001,30.409176894072807,1253.8955138761482
2026-07-08 07:20:00,SYN_I405_001,SYN_TMC_001,28.145060008225364,1218.249461290788
2026-07-08 07:25:00,SYN_I405_001,SYN_TMC_001,26.460313449906785,1189.0605289913253
2026-07-08 07:30:00,SYN_I405_001,SYN_TMC_001,25.406066906675715,1169.6246933281757
2026-07-08 07:35:00,SYN_I405_001,SYN_TMC_001,24.149495939636253,1145.2607258790817
2026-07-08 07:40:00,SYN_I405_001,SYN_TMC_001,22.9031916270808,1119.7800135366433
2026-07-08 07:45:00,SYN_I405_001,SYN_TMC_001,22.476830856058207,1110.7554674165435
2026-07-08 07:50:00,SYN_I405_001,SYN_TMC_001,22.09575394603001,1102.5542855023343
2026-07-08 07:55:00,SYN_I405_001,SYN_TMC_001,21.536932763810565,1090.2940655467928
2026-07-08 08:00:00,SYN_I405_001,SYN_TMC_001,21.32181877577965,1085.4995821833395
2026-07-08 08:05:00,SYN_I405_001,SYN_TMC_001,21.605757931853592,1091.8191974714805
2026-07-08 08:10:00,SYN_I405_001,SYN_TMC_001,21.995285929090315,1100.370672267612
2026-07-08 08:15:00,SYN_I405_001,SYN_TMC_001,22.37921230393394,1108.6668249846687
2026-07-08 08:20:00,SYN_I405_001,SYN_TMC_001,22.582984752569086,1113.0172290128992
2026-07-08 08:25:00,SYN_I405_001,SYN_TMC_001,23.69621481476207,1136.146876263408
2026-07-08 08:30:00,SYN_I405_001,SYN_TMC_001,24.611734577724715,1154.3762618926921
2026-07-08 08:35:00,SYN_I405_001,SYN_TMC_001,25.804326681795807,1177.0737873698185
2026-07-08 08:40:00,SYN_I405_001,SYN_TMC_001,27.217586543520703,1202.4635567909697
2026-07-08 08:45:00,SYN_I405_001,SYN_TMC_001,29.18557620456608,1235.1394196897327
2026-07-08 08:50:00,SYN_I405_001,SYN_TMC_001,30.986074889359777,1262.3238384662304
2026-07-08 08:55:00,SYN_I405_001,SYN_TMC_001,33.562438385618904,1296.6957301993684
2026-07-08 09:00:00,SYN_I405_001,SYN_TMC_001,35.890445267777416,1323.0677336044685
2026-07-08 09:05:00,SYN_I405_001,SYN_TMC_001,38.696403197598805,1348.6562283325823
2026-07-08 09:10:00,SYN_I405_001,SYN_TMC_001,40.92801017652697,1363.8363815775433
2026-07-08 09:15:00,SYN_I405_001,SYN_TMC_001,44.03390918931283,1376.526692660601
2026-07-08 09:20:00,SYN_I405_001,SYN_TMC_001,46.98422414213915,1378.1603100251345
2026-07-08 09:25:00,SYN_I405_001,SYN_TMC_001,49.56267301715622,1369.6273676997453
2026-07-08 09:30:00,SYN_I405_001,SYN_TMC_001,52.00502685749407,1350.9488126277956
2026-07-08 09:35:00,SYN_I405_001,SYN_TMC_001,54.06387358660956,1325.0605264371634
2026-07-08 09:40:00,SYN_I405_001,SYN_TMC_001,56.33137598848119,1282.2634314956706
2026-07-08 09:45:00,SYN_I405_001,SYN_TMC_001,57.85462757237588,1242.065226510181
2026-07-08 09:50:00,SYN_I405_001,SYN_TMC_001,59.10515174705526,1199.4980133233628
2026-07-08 09:55:00,SYN_I405_001,SYN_TMC_001,59.92357765189469,1165.3883226906553
2026-07-08 10:00:00,SYN_I405_001,SYN_TMC_001,60.932324312282624,1114.079061303799
2026-07-08 10:05:00,SYN_I405_001,SYN_TMC_001,61.68048579703925,1066.9429800767025
2026-07-08 10:10:00,SYN_I405_001,SYN_TMC_001,62.15715124862813,1031.312880116721
2026-07-08 10:15:00,SYN_I405_001,SYN_TMC_001,62.501139879556305,1002.0265458946478
2026-07-08 10:20:00,SYN_I405_001,SYN_TMC_001,62.91173781820885,961.9687220525566
2026-07-08 10:25:00,SYN_I405_001,SYN_TMC_001,63.147671334208624,935.7441404661413
2026-07-08 10:30:00,SYN_I405_001,SYN_TMC_001,63.268671674351424,921.1717714939618
2026-07-08 10:35:00,SYN_I405_001,SYN_TMC_001,63.42114390043707,901.5359739062895
2026-07-08 10:40:00,SYN_I405_001,SYN_TMC_001,63.50789998046864,889.6456743292699
2026-07-08 10:45:00,SYN_I405_001,SYN_TMC_001,63.60242815235672,876.0198171981992
2026-07-08 10:50:00,SYN_I405_001,SYN_TMC_001,63.57419949391764,880.1665373808413
2026-07-08 10:55:00,SYN_I405_001,SYN_TMC_001,63.59836539257033,876.6208513174903
2026-07-08 11:00:00,SYN_I405_001,SYN_TMC_001,63.63021003262001,871.8708806861962
2026-07-08 11:05:00,SYN_I405_001,SYN_TMC_001,63.61444429226961,874.2337286627068
2026-07-08 11:10:00,SYN_I405_001,SYN_TMC_001,63.662455626478234,866.9677780226341
2026-07-08 11:15:00,SYN_I405_001,SYN_TMC_001,63.557129109908736,882.6414118591821
2026-07-08 11:20:00,SYN_I405_001,SYN_TMC_001,63.538337077672914,885.3380990327533
2026-07-08 11:25:00,SYN_I405_001,SYN_TMC_001,63.47143183141374,894.7119675605016
2026-07-08 11:30:00,SYN_I405_001,SYN_TMC_001,63.40929864771192,903.116985842005
2026-07-08 11:35:00,SYN_I405_001,SYN_TMC_001,63.38233264781204,906.6798929379036
2026-07-08 11:40:00,SYN_I405_001,SYN_TMC_001,63.364330339020974,909.030947639477
2026-07-08 11:45:00,SYN_I405_001,SYN_TMC_001,63.23366631063235,925.4738228252528
2026-07-08 11:50:00,SYN_I405_001,SYN_TMC_001,63.20635839707598,928.7801985219191
2026-07-08 11:55:00,SYN_I405_001,SYN_TMC_001,63.1262090583334,938.2441976290086
2026-07-08 12:00:00,SYN_I405_001,SYN_TMC_001,63.070097598747545,944.6670729800326
2026-07-08 12:05:00,SYN_I405_001,SYN_TMC_001,62.99401687830288,953.1256162290706
2026-07-08 12:10:00,SYN_I405_001,SYN_TMC_001,63.00455794857289,951.9702527330336
2026-07-08 12:15:00,SYN_I405_001,SYN_TMC_001,62.797193536941,973.791068620067
2026-07-08 12:20:00,SYN_I405_001,SYN_TMC_001,62.76951544461998,976.5674839438988
2026-07-08 12:25:00,SYN_I405_001,SYN_TMC_001,62.663438204292376,986.9367405871184
2026-07-08 12:30:00,SYN_I405_001,SYN_TMC_001,62.55238251373494,997.3583161269718
2026-07-08 12:35:00,SYN_I405_001,SYN_TMC_001,62.56763388027226,995.9521694836537
2026-07-08 12:40:00,SYN_I405_001,SYN_TMC_001,62.575225019366265,995.2493692855207
2026-07-08 12:45:00,SYN_I405_001,SYN_TMC_001,62.45016021101653,1006.5870830120997
2026-07-08 12:50:00,SYN_I405_001,SYN_TMC_001,62.374452734335236,1013.2116432856923
2026-07-08 12:55:00,SYN_I405_001,SYN_TMC_001,62.236199941830115,1024.8778716389602
2026-07-08 13:00:00,SYN_I405_001,SYN_TMC_001,62.08735030870099,1036.860816489523
2026-07-08 13:05:00,SYN_I405_001,SYN_TMC_001,62.06730256600308,1038.431749291964
2026-07-08 13:10:00,SYN_I405_001,SYN_TMC_001,61.775837526629125,1060.2149589423354
2026-07-08 13:15:00,SYN_I405_001,SYN_TMC_001,61.70326340791199,1065.3525115115842
2026-07-08 13:20:00,SYN_I405_001,SYN_TMC_001,61.36934715613702,1087.686211259616
2026-07-08 13:25:00,SYN_I405_001,SYN_TMC_001,61.13528051064967,1102.1884305131007
2026-07-08 13:30:00,SYN_I405_001,SYN_TMC_001,60.84007010598286,1119.289290598822
2026-07-08 13:35:00,SYN_I405_001,SYN_TMC_001,60.451396156271166,1140.0209326052066
2026-07-08 13:40:00,SYN_I405_001,SYN_TMC_001,60.05077483451998,1159.541942386162
2026-07-08 13:45:00,SYN_I405_001,SYN_TMC_001,59.534687728285256,1182.3134334502324
2026-07-08 13:50:00,SYN_I405_001,SYN_TMC_001,59.02485377242599,1202.5496882725236
2026-07-08 13:55:00,SYN_I405_001,SYN_TMC_001,58.10584416954978,1234.3010652437308
2026-07-08 14:00:00,SYN_I405_001,SYN_TMC_001,56.9819570239868,1266.4292401362395
2026-07-08 14:05:00,SYN_I405_001,SYN_TMC_001,55.90278604722463,1291.7371809621038
2026-07-08 14:10:00,SYN_I405_001,SYN_TMC_001,54.77139311558458,1313.5316617458795
2026-07-08 14:15:00,SYN_I405_001,SYN_TMC_001,53.46390522202783,1333.714304111946
2026-07-08 14:20:00,SYN_I405_001,SYN_TMC_001,52.121452340177974,1349.756239297831
2026-07-08 14:25:00,SYN_I405_001,SYN_TMC_001,49.91268914605971,1367.6396898272849
2026-07-08 14:30:00,SYN_I405_001,SYN_TMC_001,48.235910429061434,1375.3002816907103
2026-07-08 14:35:00,SYN_I405_001,SYN_TMC_001,46.08311156390152,1378.8486145507973
2026-07-08 14:40:00,SYN_I405_001,SYN_TMC_001,43.834312027536086,1376.0300193392945
2026-07-08 14:45:00,SYN_I405_001,SYN_TMC_001,41.33075345016958,1366.0567674355075
2026-07-08 14:50:00,SYN_I405_001,SYN_TMC_001,38.98658386042067,1350.8978822175643
2026-07-08 14:55:00,SYN_I405_001,SYN_TMC_001,36.405720958019636,1328.2856313991758
2026-07-08 15:00:00,SYN_I405_001,SYN_TMC_001,34.18859700968394,1304.233045201879
2026-07-08 15:05:00,SYN_I405_001,SYN_TMC_001,31.6142617558317,1271.1983867684635
2026-07-08 15:10:00,SYN_I405_001,SYN_TMC_001,28.70458327129117,1227.439324479959
2026-07-08 15:15:00,SYN_I405_001,SYN_TMC_001,27.081836462788,1200.0950024061815
2026-07-08 15:20:00,SYN_I405_001,SYN_TMC_001,25.097983236385765,1163.772649305898
2026-07-08 15:25:00,SYN_I405_001,SYN_TMC_001,23.07545053987273,1123.3812443315055
2026-07-08 15:30:00,SYN_I405_001,SYN_TMC_001,21.34207262702757,1085.9527948658667
2026-07-08 15:35:00,SYN_I405_001,SYN_TMC_001,20.1301879802325,1058.1680161757058
2026-07-08 15:40:00,SYN_I405_001,SYN_TMC_001,18.565092683831733,1020.2043856494139
2026-07-08 15:45:00,SYN_I405_001,SYN_TMC_001,17.128927012525015,983.1700987597253
2026-07-08 15:50:00,SYN_I405_001,SYN_TMC_001,16.114998870353052,955.6648076879823
2026-07-08 15:55:00,SYN_I405_001,SYN_TMC_001,15.143675746211366,928.1844408964125
2026-07-08 16:00:00,SYN_I405_001,SYN_TMC_001,14.072715747391438,896.5086941109843
2026-07-08 16:05:00,SYN_I405_001,SYN_TMC_001,13.596237890462454,881.921231445435
2026-07-08 16:10:00,SYN_I405_001,SYN_TMC_001,12.821637417517826,857.5129809283599
2026-07-08 16:15:00,SYN_I405_001,SYN_TMC_001,12.306159978934804,840.7677029182036
2026-07-08 16:20:00,SYN_I405_001,SYN_TMC_001,11.571576215055854,816.1641266869021
2026-07-08 16:25:00,SYN_I405_001,SYN_TMC_001,11.52617051578123,814.6134788704031
2026-07-08 16:30:00,SYN_I405_001,SYN_TMC_001,11.020890830204662,797.1118616030491
2026-07-08 16:35:00,SYN_I405_001,SYN_TMC_001,10.709892983532058,786.1078857217326
2026-07-08 16:40:00,SYN_I405_001,SYN_TMC_001,10.354988132665502,773.3243586513942
2026-07-08 16:45:00,SYN_I405_001,SYN_TMC_001,10.187651370054883,767.2104764951602
2026-07-08 16:50:00,SYN_I405_001,SYN_TMC_001,9.993890850416879,760.0597926219028
2026-07-08 16:55:00,SYN_I405_001,SYN_TMC_001,10.224452816837468,768.5599205240354
2026-07-08 17:00:00,SYN_I405_001,SYN_TMC_001,9.98682054876298,759.7973931039195
2026-07-08 17:05:00,SYN_I405_001,SYN_TMC_001,10.135838093253081,765.3058941685687
2026-07-08 17:10:00,SYN_I405_001,SYN_TMC_001,10.275752668476011,770.4364153235662
2026-07-08 17:15:00,SYN_I405_001,SYN_TMC_001,10.31446191692851,771.848847313623
2026-07-08 17:20:00,SYN_I405_001,SYN_TMC_001,10.683767078720876,785.1751676923853
2026-07-08 17:25:00,SYN_I405_001,SYN_TMC_001,11.093980158515148,799.6719066359207
2026-07-08 17:30:00,SYN_I405_001,SYN_TMC_001,11.262492677798349,805.537279466061
2026-07-08 17:35:00,SYN_I405_001,SYN_TMC_001,11.816985387081063,824.4838567633439
2026-07-08 17:40:00,SYN_I405_001,SYN_TMC_001,12.227215010957616,838.1661666424626
2026-07-08 17:45:00,SYN_I405_001,SYN_TMC_001,12.697865640132617,853.5299081591724
2026-07-08 17:50:00,SYN_I405_001,SYN_TMC_001,13.393120079423472,875.6055874979373
2026-07-08 17:55:00,SYN_I405_001,SYN_TMC_001,14.018423724967429,894.8623815397282
2026-07-08 18:00:00,SYN_I405_001,SYN_TMC_001,15.178079133914153,929.1775107674952
2026-07-08 18:05:00,SYN_I405_001,SYN_TMC_001,16.437094318226375,964.5294927570358
2026-07-08 18:10:00,SYN_I405_001,SYN_TMC_001,17.525829073871172,993.6246611751877
2026-07-08 18:15:00,SYN_I405_001,SYN_TMC_001,18.928672628387652,1029.2398781255567
2026-07-08 18:20:00,SYN_I405_001,SYN_TMC_001,20.54279485963056,1067.781562114658
2026-07-08 18:25:00,SYN_I405_001,SYN_TMC_001,21.97946330079623,1100.0259574838672
2026-07-08 18:30:00,SYN_I405_001,SYN_TMC_001,24.1574167676925,1145.4184401374575
2026-07-08 18:35:00,SYN_I405_001,SYN_TMC_001,26.64344301649233,1192.3443035187825
2026-07-08 18:40:00,SYN_I405_001,SYN_TMC_001,28.45408171835074,1223.355926537213
2026-07-08 18:45:00,SYN_I405_001,SYN_TMC_001,31.27163493084386,1266.397246985052
2026-07-08 18:50:00,SYN_I405_001,SYN_TMC_001,33.98902099991757,1301.8657723632748
2026-07-08 18:55:00,SYN_I405_001,SYN_TMC_001,37.04805529367554,1334.4679665432861
2026-07-08 19:00:00,SYN_I405_001,SYN_TMC_001,40.025010664944254,1358.2712064255495
2026-07-08 19:05:00,SYN_I405_001,SYN_TMC_001,43.31622681284098,1374.5282148169442
2026-07-08 19:10:00,SYN_I405_001,SYN_TMC_001,46.13846340623744,1378.8378059493793
2026-07-08 19:15:00,SYN_I405_001,SYN_TMC_001,49.2859234980005,1371.0494070911632
2026-07-08 19:20:00,SYN_I405_001,SYN_TMC_001,52.035162822486576,1350.6429974844714
2026-07-08 19:25:00,SYN_I405_001,SYN_TMC_001,54.49016145413734,1318.2942267337376
2026-07-08 19:30:00,SYN_I405_001,SYN_TMC_001,56.877480840106266,1269.097487978969
2026-07-08 19:35:00,SYN_I405_001,SYN_TMC_001,58.489114732470554,1221.7320267033247
2026-07-08 19:40:00,SYN_I405_001,SYN_TMC_001,59.96245081751474,1163.6185894123823
2026-07-08 19:45:00,SYN_I405_001,SYN_TMC_001,61.101540396847255,1104.2074978910748
2026-07-08 19:50:00,SYN_I405_001,SYN_TMC_001,62.11578843690466,1034.615327512572
2026-07-08 19:55:00,SYN_I405_001,SYN_TMC_001,62.68679451352211,984.6895650615461
2026-07-08 20:00:00,SYN_I405_001,SYN_TMC_001,63.30035953603934,917.2137928568623
2026-07-08 20:05:00,SYN_I405_001,SYN_TMC_001,63.74732388921902,853.5844309262479
2026-07-08 20:10:00,SYN_I405_001,SYN_TMC_001,64.06038625117661,796.8041952772085
2026-07-08 20:15:00,SYN_I405_001,SYN_TMC_001,64.26503459448972,750.8369184514627
2026-07-08 20:20:00,SYN_I405_001,SYN_TMC_001,64.43567345062222,704.0128047299373
2026-07-08 20:25:00,SYN_I405_001,SYN_TMC_001,64.57050733342096,658.421239627236
2026-07-08 20:30:00,SYN_I405_001,SYN_TMC_001,64.66064133315915,621.3095602241492
2026-07-08 20:35:00,SYN_I405_001,SYN_TMC_001,64.73726876397409,583.2336273975498
2026-07-08 20:40:00,SYN_I405_001,SYN_TMC_001,64.78620766999738,554.2015037925313
2026-07-08 20:45:00,SYN_I405_001,SYN_TMC_001,64.83229708224415,521.7924602171792
2026-07-08 20:50:00,SYN_I405_001,SYN_TMC_001,64.86137725099854,497.6717232463154
2026-07-08 20:55:00,SYN_I405_001,SYN_TMC_001,64.88305633818182,477.05582317749423
2026-07-08 21:00:00,SYN_I405_001,SYN_TMC_001,64.8988038314997,460.1844148049783
2026-07-08 21:05:00,SYN_I405_001,SYN_TMC_001,64.91983832477177,434.23070880503207
2026-07-08 21:10:00,SYN_I405_001,SYN_TMC_001,64.93008682093057,419.67339805178267
2026-07-08 21:15:00,SYN_I405_001,SYN_TMC_001,64.93929925779895,405.1433213631856
2026-07-08 21:20:00,SYN_I405_001,SYN_TMC_001,64.9444072794867,396.3565262058652
2026-07-08 21:25:00,SYN_I405_001,SYN_TMC_001,64.95196746217763,382.1615663082299
2026-07-08 21:30:00,SYN_I405_001,SYN_TMC_001,64.95575523877865,374.4073935747905
2026-07-08 21:35:00,SYN_I405_001,SYN_TMC_001,64.95895613130504,367.45520145738044
2026-07-08 21:40:00,SYN_I405_001,SYN_TMC_001,64.96259425756128,359.0393900823008
2026-07-08 21:45:00,SYN_I405_001,SYN_TMC_001,64.96490930613172,353.35821218500337
2026-07-08 21:50:00,SYN_I405_001,SYN_TMC_001,64.96648926746924,349.3170478973763
2026-07-08 21:55:00,SYN_I405_001,SYN_TMC_001,64.96908775248401,342.34761157324056
2026-07-08 22:00:00,SYN_I405_001,SYN_TMC_001,64.96994043608936,339.96474949303877
2026-07-08 22:05:00,SYN_I405_001,SYN_TMC_001,64.97037010531092,338.7447249708702
2026-07-08 22:10:00,SYN_I405_001,SYN_TMC_001,64.97091608255916,337.17511994449825
2026-07-08 22:15:00,SYN_I405_001,SYN_TMC_001,64.97182866165842,334.50142877567134
2026-07-08 22:20:00,SYN_I405_001,SYN_TMC_001,64.97328573001579,330.0942975265569
2026-07-08 22:25:00,SYN_I405_001,SYN_TMC_001,64.97305586350694,330.80137140577347
2026-07-08 22:30:00,SYN_I405_001,SYN_TMC_001,64.97277461834699,331.6603487807953
2026-07-08 22:35:00,SYN_I405_001,SYN_TMC_001,64.97323757372853,330.24280462839073
2026-07-08 22:40:00,SYN_I405_001,SYN_TMC_001,64.97384260155586,328.3622004925935
2026-07-08 22:45:00,SYN_I405_001,SYN_TMC_001,64.97447851415502,326.35003655508365
2026-07-08 22:50:00,SYN_I405_001,SYN_TMC_001,64.97387259641208,328.2681209380328
2026-07-08 22:55:00,SYN_I405_001,SYN_TMC_001,64.97464075725541,325.8306425534363
2026-07-08 23:00:00,SYN_I405_001,SYN_TMC_001,64.97505487819505,324.49349254925784
2026-07-08 23:05:00,SYN_I405_001,SYN_TMC_001,64.97496433255105,324.7872708178078
2026-07-08 23:10:00,SYN_I405_001,SYN_TMC_001,64.97389372030892,328.20181664684696
2026-07-08 23:15:00,SYN_I405_001,SYN_TMC_001,64.97458658951822,326.0043283298905
2026-07-08 23:20:00,SYN_I405_001,SYN_TMC_001,64.97415776760282,327.36959712795596
2026-07-08 23:25:00,SYN_I405_001,SYN_TMC_001,64.97502859676005,324.57884591266634
2026-07-08 23:30:00,SYN_I405_001,SYN_TMC_001,64.97434423915836,326.77802272369587
2026-07-08 23:35:00,SYN_I405_001,SYN_TMC_001,64.97514616585703,324.19649473595746
2026-07-08 23:40:00,SYN_I405_001,SYN_TMC_001,64.97494417942524,324.85254966097256
2026-07-08 23:45:00,SYN_I405_001,SYN_TMC_001,64.97360926817763,329.0913021377211
2026-07-08 23:50:00,SYN_I405_001,SYN_TMC_001,64.97450639076514,326.2609711031476
2026-07-08 23:55:00,SYN_I405_001,SYN_TMC_001,64.9751538969817,324.17130446380014
2026-07-09 00:00:00,SYN_I405_001,SYN_TMC_001,64.9749798060076,324.73712329507885
2026-07-09 00:05:00,SYN_I405_001,SYN_TMC_001,64.97477351593993,325.40377769726797
2026-07-09 00:10:00,SYN_I405_001,SYN_TMC_001,64.97432542776421,326.83784741278106
2026-07-09 00:15:00,SYN_I405_001,SYN_TMC_001,64.9751814826334,324.081374303372
2026-07-09 00:20:00,SYN_I405_001,SYN_TMC_001,64.97579836801116,322.05040790790196
2026-07-09 00:25:00,SYN_I405_001,SYN_TMC_001,64.97507713721377,324.42114980559774
2026-07-09 00:30:00,SYN_I405_001,SYN_TMC_001,64.97492963086421,324.8996500108104
2026-07-09 00:35:00,SYN_I405_001,SYN_TMC_001,64.9748824188532,325.05235560565546
2026-07-09 00:40:00,SYN_I405_001,SYN_TMC_001,64.97427119147395,327.0101475298543
2026-07-09 00:45:00,SYN_I405_001,SYN_TMC_001,64.9747783104145,325.3883302695206
2026-07-09 00:50:00,SYN_I405_001,SYN_TMC_001,64.97452760624294,326.19313885247396
2026-07-09 00:55:00,SYN_I405_001,SYN_TMC_001,64.97548441703894,323.0888236856099
2026-07-09 01:00:00,SYN_I405_001,SYN_TMC_001,64.97449970677107,326.2823330536231
2026-07-09 01:05:00,SYN_I405_001,SYN_TMC_001,64.97387059412242,328.27440369223154
2026-07-09 01:10:00,SYN_I405_001,SYN_TMC_001,64.97454787096112,326.12830682302916
2026-07-09 01:15:00,SYN_I405_001,SYN_TMC_001,64.97481004577725,325.2860257120608
2026-07-09 01:20:00,SYN_I405_001,SYN_TMC_001,64.97486006724655,325.12457589864283
2026-07-09 01:25:00,SYN_I405_001,SYN_TMC_001,64.97402993691828,327.77328531959876
2026-07-09 01:30:00,SYN_I405_001,SYN_TMC_001,64.97539853496538,323.3711437695094
2026-07-09 01:35:00,SYN_I405_001,SYN_TMC_001,64.9749928497856,324.6948319539168
2026-07-09 01:40:00,SYN_I405_001,SYN_TMC_001,64.97470585591292,325.6215382762087
2026-07-09 01:45:00,SYN_I405_001,SYN_TMC_001,64.97456234576485,326.0819744693619
2026-07-09 01:50:00,SYN_I405_001,SYN_TMC_001,64.9751554450383,324.1662597337573
2026-07-09 01:55:00,SYN_I405_001,SYN_TMC_001,64.97478265628247,325.3743263115553
2026-07-09 02:00:00,SYN_I405_001,SYN_TMC_001,64.97507576464605,324.4256121120671
2026-07-09 02:05:00,SYN_I405_001,SYN_TMC_001,64.97487620606421,325.0724345958419
2026-07-09 02:10:00,SYN_I405_001,SYN_TMC_001,64.97500242723171,324.6637688158819
2026-07-09 02:15:00,SYN_I405_001,SYN_TMC_001,64.97550295336802,323.027791771853
2026-07-09 02:20:00,SYN_I405_001,SYN_TMC_001,64.97494587068947,324.8470729318646
2026-07-09 02:25:00,SYN_I405_001,SYN_TMC_001,64.9744920756336,326.3067169190025
2026-07-09 02:30:00,SYN_I405_001,SYN_TMC_001,64.9754142575684,323.31951428898446
2026-07-09 02:35:00,SYN_I405_001,SYN_TMC_001,64.97505211724996,324.50246235562236
2026-07-09 02:40:00,SYN_I405_001,SYN_TMC_001,64.9745943246204,325.9795431953258
2026-07-09 02:45:00,SYN_I405_001,SYN_TMC_001,64.97545768396205,323.1767828389893
2026-07-09 02:50:00,SYN_I405_001,SYN_TMC_001,64.97482935973902,325.2237163363621
2026-07-09 02:55:00,SYN_I405_001,SYN_TMC_001,64.97544184304883,323.22886983314856
2026-07-09 03:00:00,SYN_I405_001,SYN_TMC_001,64.97433139969486,326.8188588273172
2026-07-09 03:05:00,SYN_I405_001,SYN_TMC_001,64.97371189746495,328.7712133404936
2026-07-09 03:10:00,SYN_I405_001,SYN_TMC_001,64.97384459450919,328.355952063049
2026-07-09 03:15:00,SYN_I405_001,SYN_TMC_001,64.97496215114698,324.79433860083304
2026-07-09 03:20:00,SYN_I405_001,SYN_TMC_001,64.97444564024939,326.4549744496725
2026-07-09 03:25:00,SYN_I405_001,SYN_TMC_001,64.97471608669139,325.58863910509285
2026-07-09 03:30:00,SYN_I405_001,SYN_TMC_001,64.97466755788767,325.7446047698094
2026-07-09 03:35:00,SYN_I405_001,SYN_TMC_001,64.97384804233802,328.345141373943
2026-07-09 03:40:00,SYN_I405_001,SYN_TMC_001,64.97520333614295,324.0100778016449
2026-07-09 03:45:00,SYN_I405_001,SYN_TMC_001,64.97385780253322,328.31453241332883
2026-07-09 03:50:00,SYN_I405_001,SYN_TMC_001,64.97424733818127,327.08583928688375
2026-07-09 03:55:00,SYN_I405_001,SYN_TMC_001,64.97324593366095,330.2170382015112
2026-07-09 04:00:00,SYN_I405_001,SYN_TMC_001,64.97357910476507,329.18520046894616
2026-07-09 04:05:00,SYN_I405_001,SYN_TMC_001,64.97363395130874,329.01440385164216
2026-07-09 04:10:00,SYN_I405_001,SYN_TMC_001,64.97260462773868,332.1763054092604
2026-07-09 04:15:00,SYN_I405_001,SYN_TMC_001,64.97166929861457,334.97297711770295
2026-07-09 04:20:00,SYN_I405_001,SYN_TMC_001,64.97119163304293,336.3745316701333
2026-07-09 04:25:00,SYN_I405_001,SYN_TMC_001,64.96979681214161,340.36963972548426
2026-07-09 04:30:00,SYN_I405_001,SYN_TMC_001,64.96896675105927,342.68173933771607
2026-07-09 04:35:00,SYN_I405_001,SYN_TMC_001,64.96816436294704,344.8729923667812
2026-07-09 04:40:00,SYN_I405_001,SYN_TMC_001,64.96370076409146,356.3580071309079
2026-07-09 04:45:00,SYN_I405_001,SYN_TMC_001,64.96065140901563,363.6065572114113
2026-07-09 04:50:00,SYN_I405_001,SYN_TMC_001,64.95695385242175,371.8497838042451
2026-07-09 04:55:00,SYN_I405_001,SYN_TMC_001,64.95160392374164,382.8812894624669
2026-07-09 05:00:00,SYN_I405_001,SYN_TMC_001,64.94334277478619,398.23635858993526
2026-07-09 05:05:00,SYN_I405_001,SYN_TMC_001,64.93550980484372,411.3085793856561
2026-07-09 05:10:00,SYN_I405_001,SYN_TMC_001,64.92308093769876,429.7846380508978
2026-07-09 05:15:00,SYN_I405_001,SYN_TMC_001,64.90471929701857,453.33250812679825
2026-07-09 05:20:00,SYN_I405_001,SYN_TMC_001,64.87722042797019,482.8721382830096
2026-07-09 05:25:00,SYN_I405_001,SYN_TMC_001,64.85054767143552,507.0662401360615
2026-07-09 05:30:00,SYN_I405_001,SYN_TMC_001,64.79419379854646,548.9941674927834
2026-07-09 05:35:00,SYN_I405_001,SYN_TMC_001,64.73548696310698,584.2099257122106
2026-07-09 05:40:00,SYN_I405_001,SYN_TMC_001,64.64486469706209,628.3122996487336
2026-07-09 05:45:00,SYN_I405_001,SYN_TMC_001,64.48886064996604,687.1578913116599
2026-07-09 05:50:00,SYN_I405_001,SYN_TMC_001,64.30923367240102,739.6020328843972
2026-07-09 05:55:00,SYN_I405_001,SYN_TMC_001,64.05697704197405,797.4994883285428
2026-07-09 06:00:00,SYN_I405_001,SYN_TMC_001,63.652745231683404,868.4544020547833
2026-07-09 06:05:00,SYN_I405_001,SYN_TMC_001,63.06461310234804,945.2862857292052
2026-07-09 06:10:00,SYN_I405_001,SYN_TMC_001,62.28819670966894,1020.5533508097154
2026-07-09 06:15:00,SYN_I405_001,SYN_TMC_001,61.36282097570861,1088.102757151191
2026-07-09 06:20:00,SYN_I405_001,SYN_TMC_001,59.96317973316637,1163.585263377089
2026-07-09 06:25:00,SYN_I405_001,SYN_TMC_001,58.21390734820777,1230.8482389748074
2026-07-09 06:30:00,SYN_I405_001,SYN_TMC_001,56.289645196581596,1283.2178825194794
2026-07-09 06:35:00,SYN_I405_001,SYN_TMC_001,53.65838511722293,1331.0163375175653
2026-07-09 06:40:00,SYN_I405_001,SYN_TMC_001,50.917115571707335,1360.7017600584381
2026-07-09 06:45:00,SYN_I405_001,SYN_TMC_001,47.98400291319906,1376.0622538353302
2026-07-09 06:50:00,SYN_I405_001,SYN_TMC_001,44.81897492732718,1378.0258558686792
2026-07-09 06:55:00,SYN_I405_001,SYN_TMC_001,41.525109929678294,1367.0693288077446
2026-07-09 07:00:00,SYN_I405_001,SYN_TMC_001,38.48307569232502,1346.958643423068
2026-07-09 07:05:00,SYN_I405_001,SYN_TMC_001,35.77456572049322,1321.8629104431027
2026-07-09 07:10:00,SYN_I405_001,SYN_TMC_001,33.129999461273684,1291.3023338336272
2026-07-09 07:15:00,SYN_I405_001,SYN_TMC_001,30.432301064562626,1254.2384696855074
2026-07-09 07:20:00,SYN_I405_001,SYN_TMC_001,28.607272185610086,1225.8590243096628
2026-07-09 07:25:00,SYN_I405_001,SYN_TMC_001,26.705131070658776,1193.4443354572545
2026-07-09 07:30:00,SYN_I405_001,SYN_TMC_001,25.162512446506067,1165.0048746782352
2026-07-09 07:35:00,SYN_I405_001,SYN_TMC_001,24.072717646055672,1143.7292246096938
2026-07-09 07:40:00,SYN_I405_001,SYN_TMC_001,22.756995968537716,1116.7034471560517
2026-07-09 07:45:00,SYN_I405_001,SYN_TMC_001,22.61617003544651,1113.722262419789
2026-07-09 07:50:00,SYN_I405_001,SYN_TMC_001,21.748857791067213,1094.9765491294577
2026-07-09 07:55:00,SYN_I405_001,SYN_TMC_001,21.62050071151885,1092.1453340701441
2026-07-09 08:00:00,SYN_I405_001,SYN_TMC_001,21.057409650668532,1079.5486252357173
2026-07-09 08:05:00,SYN_I405_001,SYN_TMC_001,21.124756249777416,1081.0704461929026
2026-07-09 08:10:00,SYN_I405_001,SYN_TMC_001,22.055876750857408,1101.6886530981244
2026-07-09 08:15:00,SYN_I405_001,SYN_TMC_001,22.28650219235578,1106.6754296774075
2026-07-09 08:20:00,SYN_I405_001,SYN_TMC_001,22.583205697546056,1113.0219262585997
2026-07-09 08:25:00,SYN_I405_001,SYN_TMC_001,23.379606148438004,1129.6773258791377
2026-07-09 08:30:00,SYN_I405_001,SYN_TMC_001,24.427380506922667,1150.7622133596349
2026-07-09 08:35:00,SYN_I405_001,SYN_TMC_001,25.86596025048581,1178.214961240497
2026-07-09 08:40:00,SYN_I405_001,SYN_TMC_001,27.254317034321197,1203.1018731517147
2026-07-09 08:45:00,SYN_I405_001,SYN_TMC_001,28.956009125700994,1231.487378876354
2026-07-09 08:50:00,SYN_I405_001,SYN_TMC_001,31.124116125429218,1264.3011033596993
2026-07-09 08:55:00,SYN_I405_001,SYN_TMC_001,33.09158928781867,1290.8158919465313
2026-07-09 09:00:00,SYN_I405_001,SYN_TMC_001,36.36738482485776,1327.9053035054403
2026-07-09 09:05:00,SYN_I405_001,SYN_TMC_001,38.28155471635806,1345.3166771728127
2026-07-09 09:10:00,SYN_I405_001,SYN_TMC_001,41.461711270895485,1366.7432835087204
2026-07-09 09:15:00,SYN_I405_001,SYN_TMC_001,43.799164218891185,1375.937799557732
2026-07-09 09:20:00,SYN_I405_001,SYN_TMC_001,46.86921929862109,1378.30995387263
2026-07-09 09:25:00,SYN_I405_001,SYN_TMC_001,49.674082490376996,1369.0178830827824
2026-07-09 09:30:00,SYN_I405_001,SYN_TMC_001,51.89328969979498,1352.0653297465308
2026-07-09 09:35:00,SYN_I405_001,SYN_TMC_001,54.330250266228106,1320.8950223312715
2026-07-09 09:40:00,SYN_I405_001,SYN_TMC_001,56.23459639080015,1284.4661636788526
2026-07-09 09:45:00,SYN_I405_001,SYN_TMC_001,57.91853000329772,1240.1242911917034
2026-07-09 09:50:00,SYN_I405_001,SYN_TMC_001,59.06905794373429,1200.8757320832194
2026-07-09 09:55:00,SYN_I405_001,SYN_TMC_001,60.10245895825677,1157.1198865501497
2026-07-09 10:00:00,SYN_I405_001,SYN_TMC_001,60.92737074013575,1114.3618262965228
2026-07-09 10:05:00,SYN_I405_001,SYN_TMC_001,61.68234518274347,1066.8135338177676
2026-07-09 10:10:00,SYN_I405_001,SYN_TMC_001,62.13931632778135,1032.742185149689
2026-07-09 10:15:00,SYN_I405_001,SYN_TMC_001,62.59506637572128,993.403191724247
2026-07-09 10:20:00,SYN_I405_001,SYN_TMC_001,62.90613963807012,962.559420601821
2026-07-09 10:25:00,SYN_I405_001,SYN_TMC_001,63.114051787313905,939.6495671695984
2026-07-09 10:30:00,SYN_I405_001,SYN_TMC_001,63.27374211033597,920.5425657540925
2026-07-09 10:35:00,SYN_I405_001,SYN_TMC_001,63.44637065342257,898.1357012584717
2026-07-09 10:40:00,SYN_I405_001,SYN_TMC_001,63.53402373746378,885.9530254393065
2026-07-09 10:45:00,SYN_I405_001,SYN_TMC_001,63.59298251354171,877.414975765237
2026-07-09 10:50:00,SYN_I405_001,SYN_TMC_001,63.6238848260396,872.8215247334655
2026-07-09 10:55:00,SYN_I405_001,SYN_TMC_001,63.66734189132219,866.2163617514893
2026-07-09 11:00:00,SYN_I405_001,SYN_TMC_001,63.61794473624428,873.7110245112914
2026-07-09 11:05:00,SYN_I405_001,SYN_TMC_001,63.64323424365264,869.9020044542871
2026-07-09 11:10:00,SYN_I405_001,SYN_TMC_001,63.596097596562046,876.955719858447
2026-07-09 11:15:00,SYN_I405_001,SYN_TMC_001,63.59742273344683,876.7601008895299
2026-07-09 11:20:00,SYN_I405_001,SYN_TMC_001,63.52264037212943,887.5687276195858
2026-07-09 11:25:00,SYN_I405_001,SYN_TMC_001,63.47267705591222,894.540638332151
2026-07-09 11:30:00,SYN_I405_001,SYN_TMC_001,63.442750786694454,898.6264281319636
2026-07-09 11:35:00,SYN_I405_001,SYN_TMC_001,63.30742604554896,916.3226979497392
2026-07-09 11:40:00,SYN_I405_001,SYN_TMC_001,63.297938364148344,917.5183895216085
2026-07-09 11:45:00,SYN_I405_001,SYN_TMC_001,63.185537124954735,931.2727047040567
2026-07-09 11:50:00,SYN_I405_001,SYN_TMC_001,63.14696779813544,935.826481887265
2026-07-09 11:55:00,SYN_I405_001,SYN_TMC_001,63.1381144205528,936.860412354853
2026-07-09 12:00:00,SYN_I405_001,SYN_TMC_001,63.061857732613014,945.5968080881488
2026-07-09 12:05:00,SYN_I405_001,SYN_TMC_001,62.96404201183584,956.382774056441
2026-07-09 12:10:00,SYN_I405_001,SYN_TMC_001,62.911752554905895,961.9671652887554
2026-07-09 12:15:00,SYN_I405_001,SYN_TMC_001,62.84538236981545,968.8839352895657
2026-07-09 12:20:00,SYN_I405_001,SYN_TMC_001,62.79225131594199,974.2890482850743
2026-07-09 12:25:00,SYN_I405_001,SYN_TMC_001,62.78951313496122,974.564530418754
2026-07-09 12:30:00,SYN_I405_001,SYN_TMC_001,62.65191169306371,988.0384723416398
2026-07-09 12:35:00,SYN_I405_001,SYN_TMC_001,62.66911404292423,986.392473444241
2026-07-09 12:40:00,SYN_I405_001,SYN_TMC_001,62.47328765720953,1004.5283142268141
2026-07-09 12:45:00,SYN_I405_001,SYN_TMC_001,62.44205363993985,1007.3047741553498
2026-07-09 12:50:00,SYN_I405_001,SYN_TMC_001,62.34996333991722,1015.317875828519
2026-07-09 12:55:00,SYN_I405_001,SYN_TMC_001,62.22149982101892,1026.0870995199061
2026-07-09 13:00:00,SYN_I405_001,SYN_TMC_001,62.07684220458518,1037.685460164815
2026-07-09 13:05:00,SYN_I405_001,SYN_TMC_001,62.035660636114564,1040.8912394659476
2026-07-09 13:10:00,SYN_I405_001,SYN_TMC_001,61.899024419562,1051.2410569771632
2026-07-09 13:15:00,SYN_I405_001,SYN_TMC_001,61.67588036996616,1067.2633046086946
2026-07-09 13:20:00,SYN_I405_001,SYN_TMC_001,61.5228674547365,1077.6732603880619
2026-07-09 13:25:00,SYN_I405_001,SYN_TMC_001,61.19549016074917,1098.541834216896
2026-07-09 13:30:00,SYN_I405_001,SYN_TMC_001,60.694730648458375,1127.2651966353833
2026-07-09 13:35:00,SYN_I405_001,SYN_TMC_001,60.53129480438903,1135.911940932058
2026-07-09 13:40:00,SYN_I405_001,SYN_TMC_001,59.94504244281851,1164.4129487640762
2026-07-09 13:45:00,SYN_I405_001,SYN_TMC_001,59.60743727188905,1179.2510521522772
2026-07-09 13:50:00,SYN_I405_001,SYN_TMC_001,58.81592148206745,1210.2680817227797
2026-07-09 13:55:00,SYN_I405_001,SYN_TMC_001,58.13966689026643,1233.2278358345995
2026-07-09 14:00:00,SYN_I405_001,SYN_TMC_001,57.229085868525424,1259.915235358073
2026-07-09 14:05:00,SYN_I405_001,SYN_TMC_001,56.10518938307659,1287.3529595987864
2026-07-09 14:10:00,SYN_I405_001,SYN_TMC_001,54.70275952771007,1314.7165400103556
2026-07-09 14:15:00,SYN_I405_001,SYN_TMC_001,53.551860556006005,1332.5065669443181
2026-07-09 14:20:00,SYN_I405_001,SYN_TMC_001,51.97167326416069,1351.284952067812
2026-07-09 14:25:00,SYN_I405_001,SYN_TMC_001,50.40234848893111,1364.492179096385
2026-07-09 14:30:00,SYN_I405_001,SYN_TMC_001,48.09721736130433,1375.7317551159
2026-07-09 14:35:00,SYN_I405_001,SYN_TMC_001,46.12373858157286,1378.8410756985616
2026-07-09 14:40:00,SYN_I405_001,SYN_TMC_001,43.56568815304194,1375.2893425688385
2026-07-09 14:45:00,SYN_I405_001,SYN_TMC_001,41.36414627701465,1366.2334854698188
2026-07-09 14:50:00,SYN_I405_001,SYN_TMC_001,38.44476820304862,1346.6493783713931
2026-07-09 14:55:00,SYN_I405_001,SYN_TMC_001,36.882924017008804,1332.9130361092464
2026-07-09 15:00:00,SYN_I405_001,SYN_TMC_001,33.993181384276205,1301.9154567370997
2026-07-09 15:05:00,SYN_I405_001,SYN_TMC_001,31.312266112790955,1266.9715245728478
2026-07-09 15:10:00,SYN_I405_001,SYN_TMC_001,29.312899443601026,1237.1467941694382
2026-07-09 15:15:00,SYN_I405_001,SYN_TMC_001,27.244183982402387,1202.9258857307318
2026-07-09 15:20:00,SYN_I405_001,SYN_TMC_001,25.103804156721875,1163.8839448425426
2026-07-09 15:25:00,SYN_I405_001,SYN_TMC_001,23.464227753872564,1131.414870434018
2026-07-09 15:30:00,SYN_I405_001,SYN_TMC_001,21.454248781396224,1088.4561637154418
2026-07-09 15:35:00,SYN_I405_001,SYN_TMC_001,19.49359196580707,1043.016725738426
2026-07-09 15:40:00,SYN_I405_001,SYN_TMC_001,18.336245386933776,1014.4481705528742
2026-07-09 15:45:00,SYN_I405_001,SYN_TMC_001,17.45482235375083,991.7668891983054
2026-07-09 15:50:00,SYN_I405_001,SYN_TMC_001,16.288970081649044,960.4677807097835
2026-07-09 15:55:00,SYN_I405_001,SYN_TMC_001,15.219325528716258,930.3661558167846
2026-07-09 16:00:00,SYN_I405_001,SYN_TMC_001,14.146137808023694,898.7287072581294
2026-07-09 16:05:00,SYN_I405_001,SYN_TMC_001,13.615004746982525,882.5017894885253
2026-07-09 16:10:00,SYN_I405_001,SYN_TMC_001,12.917361153907992,860.5774457512857
2026-07-09 16:15:00,SYN_I405_001,SYN_TMC_001,12.140669616996933,835.3026141321986
2026-07-09 16:20:00,SYN_I405_001,SYN_TMC_001,11.641466111386451,818.5439763266959
2026-07-09 16:25:00,SYN_I405_001,SYN_TMC_001,11.35023936434818,808.571282717166
2026-07-09 16:30:00,SYN_I405_001,SYN_TMC_001,11.069118663356466,798.8021991724667
2026-07-09 16:35:00,SYN_I405_001,SYN_TMC_001,10.817290152723897,789.9284199372179
2026-07-09 16:40:00,SYN_I405_001,SYN_TMC_001,10.49337858385385,778.3383993214464
2026-07-09 16:45:00,SYN_I405_001,SYN_TMC_001,10.474471441084708,777.6556010400947
2026-07-09 16:50:00,SYN_I405_001,SYN_TMC_001,10.056715403387683,762.3868174299552
2026-07-09 16:55:00,SYN_I405_001,SYN_TMC_001,10.13021509142933,765.0988700126745
2026-07-09 17:00:00,SYN_I405_001,SYN_TMC_001,10.013020677105686,760.7692327937231
2026-07-09 17:05:00,SYN_I405_001,SYN_TMC_001,9.925018648467207,757.499281193419
2026-07-09 17:10:00,SYN_I405_001,SYN_TMC_001,10.093329605054436,763.7392316502599
2026-07-09 17:15:00,SYN_I405_001,SYN_TMC_001,10.486057374564638,778.0740899179565
2026-07-09 17:20:00,SYN_I405_001,SYN_TMC_001,10.499255759828472,778.5505003836968
2026-07-09 17:25:00,SYN_I405_001,SYN_TMC_001,10.749885318472193,787.5331256220425
2026-07-09 17:30:00,SYN_I405_001,SYN_TMC_001,11.303769192496693,806.9661981900564
2026-07-09 17:35:00,SYN_I405_001,SYN_TMC_001,11.754542160644855,822.3766609232578
2026-07-09 17:40:00,SYN_I405_001,SYN_TMC_001,12.163648779958562,836.0641163352648
2026-07-09 17:45:00,SYN_I405_001,SYN_TMC_001,12.941703103325278,861.3545114705297
2026-07-09 17:50:00,SYN_I405_001,SYN_TMC_001,13.245919919176092,870.9914480496337
2026-07-09 17:55:00,SYN_I405_001,SYN_TMC_001,14.56242764875131,911.1789860448794
2026-07-09 18:00:00,SYN_I405_001,SYN_TMC_001,15.309184466185785,932.948386212536
2026-07-09 18:05:00,SYN_I405_001,SYN_TMC_001,16.242770801635896,959.1957565289973
2026-07-09 18:10:00,SYN_I405_001,SYN_TMC_001,17.43982263577916,991.3737497861596
2026-07-09 18:15:00,SYN_I405_001,SYN_TMC_001,18.741033313651222,1024.5934655511173
2026-07-09 18:20:00,SYN_I405_001,SYN_TMC_001,20.268203555725055,1061.4016212958018
2026-07-09 18:25:00,SYN_I405_001,SYN_TMC_001,22.10599436880815,1102.7763509352803
2026-07-09 18:30:00,SYN_I405_001,SYN_TMC_001,23.788759578975636,1138.021775412912
2026-07-09 18:35:00,SYN_I405_001,SYN_TMC_001,26.679742267839686,1192.9919713223808
2026-07-09 18:40:00,SYN_I405_001,SYN_TMC_001,28.614378964952063,1225.9746922041031
2026-07-09 18:45:00,SYN_I405_001,SYN_TMC_001,31.41702840931624,1268.4461166163576
2026-07-09 18:50:00,SYN_I405_001,SYN_TMC_001,34.04436186543983,1302.5254976751114
2026-07-09 18:55:00,SYN_I405_001,SYN_TMC_001,37.019305342486234,1334.1989693359333
2026-07-09 19:00:00,SYN_I405_001,SYN_TMC_001,40.408387355313195,1360.7318764977142
2026-07-09 19:05:00,SYN_I405_001,SYN_TMC_001,43.4797809207911,1375.0351501390621
2026-07-09 19:10:00,SYN_I405_001,SYN_TMC_001,46.23938766009246,1378.8076729684824
2026-07-09 19:15:00,SYN_I405_001,SYN_TMC_001,49.301794793690114,1370.9713605149002
2026-07-09 19:20:00,SYN_I405_001,SYN_TMC_001,52.23470328357251,1348.5672120668034
2026-07-09 19:25:00,SYN_I405_001,SYN_TMC_001,54.22540587742898,1322.5591139395897
2026-07-09 19:30:00,SYN_I405_001,SYN_TMC_001,56.364395111817615,1281.5031995312054
2026-07-09 19:35:00,SYN_I405_001,SYN_TMC_001,58.63281467123072,1216.7796510758621
2026-07-09 19:40:00,SYN_I405_001,SYN_TMC_001,59.912106961263966,1165.9077196305527
2026-07-09 19:45:00,SYN_I405_001,SYN_TMC_001,60.93592440247003,1113.873340555259
2026-07-09 19:50:00,SYN_I405_001,SYN_TMC_001,61.99795053634564,1043.791030110116
2026-07-09 19:55:00,SYN_I405_001,SYN_TMC_001,62.74766387149634,978.738287588032
2026-07-09 20:00:00,SYN_I405_001,SYN_TMC_001,63.310540748913134,915.9289378326351
2026-07-09 20:05:00,SYN_I405_001,SYN_TMC_001,63.730841042228825,856.2404410690148
2026-07-09 20:10:00,SYN_I405_001,SYN_TMC_001,64.03233842887941,802.4656503280795
2026-07-09 20:15:00,SYN_I405_001,SYN_TMC_001,64.26892623936311,749.8693648100164
2026-07-09 20:20:00,SYN_I405_001,SYN_TMC_001,64.42631566904707,706.8492425584748
2026-07-09 20:25:00,SYN_I405_001,SYN_TMC_001,64.56776835561081,659.4509940930758
2026-07-09 20:30:00,SYN_I405_001,SYN_TMC_001,64.66421672186839,619.6879721353524
2026-07-09 20:35:00,SYN_I405_001,SYN_TMC_001,64.74019591912592,581.6187368375867
2026-07-09 20:40:00,SYN_I405_001,SYN_TMC_001,64.78874750808028,552.5616849952859
2026-07-09 20:45:00,SYN_I405_001,SYN_TMC_001,64.83286500568816,521.3529911069074
2026-07-09 20:50:00,SYN_I405_001,SYN_TMC_001,64.8617700317241,497.32069782519835
2026-07-09 20:55:00,SYN_I405_001,SYN_TMC_001,64.8829100888874,477.20423217090394
2026-07-09 21:00:00,SYN_I405_001,SYN_TMC_001,64.903130257669,455.20394430855714
2026-07-09 21:05:00,SYN_I405_001,SYN_TMC_001,64.91737814190778,437.5143396425274
2026-07-09 21:10:00,SYN_I405_001,SYN_TMC_001,64.92893151961619,421.39182578232294
2026-07-09 21:15:00,SYN_I405_001,SYN_TMC_001,64.9381973719907,406.96523781541896
2026-07-09 21:20:00,SYN_I405_001,SYN_TMC_001,64.94540883051617,394.56296338231783
2026-07-09 21:25:00,SYN_I405_001,SYN_TMC_001,64.95115133341329,383.7716531100224
2026-07-09 21:30:00,SYN_I405_001,SYN_TMC_001,64.9546430336869,376.7344234154651
2026-07-09 21:35:00,SYN_I405_001,SYN_TMC_001,64.95981436618658,365.522081766159
2026-07-09 21:40:00,SYN_I405_001,SYN_TMC_001,64.96082143104476,363.21373476445297
2026-07-09 21:45:00,SYN_I405_001,SYN_TMC_001,64.96420552019362,355.1143918059206
2026-07-09 21:50:00,SYN_I405_001,SYN_TMC_001,64.9666722072232,348.83994010834283
2026-07-09 21:55:00,SYN_I405_001,SYN_TMC_001,64.96806939350863,345.12958898927036
2026-07-09 22:00:00,SYN_I405_001,SYN_TMC_001,64.96947268544709,341.27809611279866
2026-07-09 22:05:00,SYN_I405_001,SYN_TMC_001,64.97002846823507,339.7158589869231
2026-07-09 22:10:00,SYN_I405_001,SYN_TMC_001,64.97141589786071,335.71869144241975
2026-07-09 22:15:00,SYN_I405_001,SYN_TMC_001,64.97107280336688,336.72048363736167
2026-07-09 22:20:00,SYN_I405_001,SYN_TMC_001,64.97274710662589,331.74401639357103
2026-07-09 22:25:00,SYN_I405_001,SYN_TMC_001,64.97401904395623,327.8076161231637
2026-07-09 22:30:00,SYN_I405_001,SYN_TMC_001,64.97359416803147,329.1383187791071
2026-07-09 22:35:00,SYN_I405_001,SYN_TMC_001,64.97457953647236,326.0269230523132
2026-07-09 22:40:00,SYN_I405_001,SYN_TMC_001,64.97382226042625,328.42595480443043
2026-07-09 22:45:00,SYN_I405_001,SYN_TMC_001,64.97346641035735,329.5353058382849
2026-07-09 22:50:00,SYN_I405_001,SYN_TMC_001,64.97386398300425,328.2951453903741
2026-07-09 22:55:00,SYN_I405_001,SYN_TMC_001,64.97502423776066,324.59299596845995
2026-07-09 23:00:00,SYN_I405_001,SYN_TMC_001,64.97485012519833,325.1566841595181
2026-07-09 23:05:00,SYN_I405_001,SYN_TMC_001,64.97364224882612,328.98854146536905
2026-07-09 23:10:00,SYN_I405_001,SYN_TMC_001,64.9744741433684,326.3639945401421
2026-07-09 23:15:00,SYN_I405_001,SYN_TMC_001,64.97469604448753,325.6530795426318
2026-07-09 23:20:00,SYN_I405_001,SYN_TMC_001,64.97421071831054,327.20193978042295
2026-07-09 23:25:00,SYN_I405_001,SYN_TMC_001,64.97352895823371,329.3411279163345
2026-07-09 23:30:00,SYN_I405_001,SYN_TMC_001,64.97416080410552,327.3599896557254
2026-07-09 23:35:00,SYN_I405_001,SYN_TMC_001,64.97477491332806,325.39927564806504
2026-07-09 23:40:00,SYN_I405_001,SYN_TMC_001,64.97468650942683,325.6837235644522
2026-07-09 23:45:00,SYN_I405_001,SYN_TMC_001,64.97456980603383,326.0580871831197
2026-07-09 23:50:00,SYN_I405_001,SYN_TMC_001,64.97519965887587,324.02207809110735
2026-07-09 23:55:00,SYN_I405_001,SYN_TMC_001,64.97543033242069,323.26670245337675
2026-07-10 00:00:00,SYN_I405_001,SYN_TMC_001,64.97491105637654,324.9597542954626
2026-07-10 00:05:00,SYN_I405_001,SYN_TMC_001,64.97540850436566,323.3384093851059
2026-07-10 00:10:00,SYN_I405_001,SYN_TMC_001,64.97496811755843,324.7750062374014
2026-07-10 00:15:00,SYN_I405_001,SYN_TMC_001,64.97488915219226,325.0305900465819
2026-07-10 00:20:00,SYN_I405_001,SYN_TMC_001,64.97374384716167,328.6713743528457
2026-07-10 00:25:00,SYN_I405_001,SYN_TMC_001,64.9753609753952,323.49438066833375
2026-07-10 00:30:00,SYN_I405_001,SYN_TMC_001,64.97499829547188,324.6771707108167
2026-07-10 00:35:00,SYN_I405_001,SYN_TMC_001,64.97501954690146,324.6082212254704
2026-07-10 00:40:00,SYN_I405_001,SYN_TMC_001,64.97471754218017,325.5839578691638
2026-07-10 00:45:00,SYN_I405_001,SYN_TMC_001,64.97440884061898,326.57232354915584
2026-07-10 00:50:00,SYN_I405_001,SYN_TMC_001,64.97518214697695,324.07920759515605
2026-07-10 00:55:00,SYN_I405_001,SYN_TMC_001,64.97534627459883,323.54257710194895
2026-07-10 01:00:00,SYN_I405_001,SYN_TMC_001,64.97574922019447,322.2136333602792
2026-07-10 01:05:00,SYN_I405_001,SYN_TMC_001,64.975398109736,323.3725397825215
2026-07-10 01:10:00,SYN_I405_001,SYN_TMC_001,64.97466749843869,325.74479569386796
2026-07-10 01:15:00,SYN_I405_001,SYN_TMC_001,64.9749144340941,324.9488269900442
2026-07-10 01:20:00,SYN_I405_001,SYN_TMC_001,64.97544213971409,323.22789459087875
2026-07-10 01:25:00,SYN_I405_001,SYN_TMC_001,64.97512350701868,324.2702899875441
2026-07-10 01:30:00,SYN_I405_001,SYN_TMC_001,64.97492149417688,324.9259832389858
2026-07-10 01:35:00,SYN_I405_001,SYN_TMC_001,64.97468395863362,325.6919198987376
2026-07-10 01:40:00,SYN_I405_001,SYN_TMC_001,64.97523315217944,323.91272759424396
2026-07-10 01:45:00,SYN_I405_001,SYN_TMC_001,64.97506237474673,324.4691338597189
2026-07-10 01:50:00,SYN_I405_001,SYN_TMC_001,64.97583572231689,321.9261834207414
2026-07-10 01:55:00,SYN_I405_001,SYN_TMC_001,64.97550882620497,323.00844788692825
2026-07-10 02:00:00,SYN_I405_001,SYN_TMC_001,64.9741165194009,327.50002220463824
2026-07-10 02:05:00,SYN_I405_001,SYN_TMC_001,64.97601499161297,321.32799484497593
2026-07-10 02:10:00,SYN_I405_001,SYN_TMC_001,64.97510512292271,324.33012617426147
2026-07-10 02:15:00,SYN_I405_001,SYN_TMC_001,64.97482589764759,325.2348881390812
2026-07-10 02:20:00,SYN_I405_001,SYN_TMC_001,64.97512231980257,324.27415511785694
2026-07-10 02:25:00,SYN_I405_001,SYN_TMC_001,64.97533690243655,323.5732923870713
2026-07-10 02:30:00,SYN_I405_001,SYN_TMC_001,64.9749638240776,324.78891832099424
2026-07-10 02:35:00,SYN_I405_001,SYN_TMC_001,64.97493401703515,324.885452130757
2026-07-10 02:40:00,SYN_I405_001,SYN_TMC_001,64.9749702521989,324.7680887356381
2026-07-10 02:45:00,SYN_I405_001,SYN_TMC_001,64.97585370264731,321.866337078415
2026-07-10 02:50:00,SYN_I405_001,SYN_TMC_001,64.97499484990128,324.6883455903605
2026-07-10 02:55:00,SYN_I405_001,SYN_TMC_001,64.9753405106831,323.5614681582391
2026-07-10 03:00:00,SYN_I405_001,SYN_TMC_001,64.97517900650078,324.0894496463475
2026-07-10 03:05:00,SYN_I405_001,SYN_TMC_001,64.97477874732127,325.38692247989303
2026-07-10 03:10:00,SYN_I405_001,SYN_TMC_001,64.97455232675726,326.11404638852906
2026-07-10 03:15:00,SYN_I405_001,SYN_TMC_001,64.97439834262612,326.605777002952
2026-07-10 03:20:00,SYN_I405_001,SYN_TMC_001,64.97506917285322,324.4470398853124
2026-07-10 03:25:00,SYN_I405_001,SYN_TMC_001,64.97430806292157,326.8930425047245
2026-07-10 03:30:00,SYN_I405_001,SYN_TMC_001,64.97412085092537,327.4863334473486
2026-07-10 03:35:00,SYN_I405_001,SYN_TMC_001,64.97406064312314,327.67645184713086
2026-07-10 03:40:00,SYN_I405_001,SYN_TMC_001,64.97382388135604,328.4208757600861
2026-07-10 03:45:00,SYN_I405_001,SYN_TMC_001,64.97447649129427,326.3564967276686
2026-07-10 03:50:00,SYN_I405_001,SYN_TMC_001,64.97431171723741,326.88142939287906
2026-07-10 03:55:00,SYN_I405_001,SYN_TMC_001,64.97355443170119,329.2619475497111
2026-07-10 04:00:00,SYN_I405_001,SYN_TMC_001,64.97438939068464,326.63429558900845
2026-07-10 04:05:00,SYN_I405_001,SYN_TMC_001,64.97316441481904,330.4680325349473
2026-07-10 04:10:00,SYN_I405_001,SYN_TMC_001,64.97304362040694,330.83890410976807
2026-07-10 04:15:00,SYN_I405_001,SYN_TMC_001,64.97228744864786,333.13261318393404
2026-07-10 04:20:00,SYN_I405_001,SYN_TMC_001,64.97220124746869,333.39109123340324
2026-07-10 04:25:00,SYN_I405_001,SYN_TMC_001,64.97061845034527,338.033487405612
2026-07-10 04:30:00,SYN_I405_001,SYN_TMC_001,64.9686539209878,343.54105920565115
2026-07-10 04:35:00,SYN_I405_001,SYN_TMC_001,64.96617578036961,350.1300917586063
2026-07-10 04:40:00,SYN_I405_001,SYN_TMC_001,64.96363572689684,356.51729823360887
2026-07-10 04:45:00,SYN_I405_001,SYN_TMC_001,64.9612586104244,362.1977479815943
2026-07-10 04:50:00,SYN_I405_001,SYN_TMC_001,64.95724315109665,371.2244669608071
2026-07-10 04:55:00,SYN_I405_001,SYN_TMC_001,64.95246708020603,381.1657201273779
2026-07-10 05:00:00,SYN_I405_001,SYN_TMC_001,64.9440531254646,396.9849192343484
2026-07-10 05:05:00,SYN_I405_001,SYN_TMC_001,64.93523891317241,411.73875364116327
2026-07-10 05:10:00,SYN_I405_001,SYN_TMC_001,64.92103840449649,432.601312870968
2026-07-10 05:15:00,SYN_I405_001,SYN_TMC_001,64.9009727885038,457.7080980043816
2026-07-10 05:20:00,SYN_I405_001,SYN_TMC_001,64.8801669267523,479.9622912343267
2026-07-10 05:25:00,SYN_I405_001,SYN_TMC_001,64.85087807375054,506.7873712040713
2026-07-10 05:30:00,SYN_I405_001,SYN_TMC_001,64.8024274955025,543.4620492223435
2026-07-10 05:35:00,SYN_I405_001,SYN_TMC_001,64.73978041247736,581.8488112800077
2026-07-10 05:40:00,SYN_I405_001,SYN_TMC_001,64.64554683035296,628.0145106650743
2026-07-10 05:45:00,SYN_I405_001,SYN_TMC_001,64.48840663760933,687.3074082482289
2026-07-10 05:50:00,SYN_I405_001,SYN_TMC_001,64.30482235535972,740.7482873631183
2026-07-10 05:55:00,SYN_I405_001,SYN_TMC_001,64.06105554515536,796.6674594992604
2026-07-10 06:00:00,SYN_I405_001,SYN_TMC_001,63.62607633111635,872.4925606169088
2026-07-10 06:05:00,SYN_I405_001,SYN_TMC_001,63.05245957830127,946.653123413519
2026-07-10 06:10:00,SYN_I405_001,SYN_TMC_001,62.36594774103766,1013.9451159068525
2026-07-10 06:15:00,SYN_I405_001,SYN_TMC_001,61.37944614921409,1087.040192662022
2026-07-10 06:20:00,SYN_I405_001,SYN_TMC_001,60.02922028957854,1160.5440140387968
2026-07-10 06:25:00,SYN_I405_001,SYN_TMC_001,58.26311458231568,1229.252719505916
2026-07-10 06:30:00,SYN_I405_001,SYN_TMC_001,56.107376424920545,1287.304720458788
2026-07-10 06:35:00,SYN_I405_001,SYN_TMC_001,53.516941575216485,1332.9884927109024
2026-07-10 06:40:00,SYN_I405_001,SYN_TMC_001,50.67176115665801,1362.571479386898
2026-07-10 06:45:00,SYN_I405_001,SYN_TMC_001,47.606716759818,1377.0250366863177
2026-07-10 06:50:00,SYN_I405_001,SYN_TMC_001,44.38234020755761,1377.2824031647576
2026-07-10 06:55:00,SYN_I405_001,SYN_TMC_001,41.379201666862585,1366.312787961563
2026-07-10 07:00:00,SYN_I405_001,SYN_TMC_001,38.87446324986691,1350.0410099098112
2026-07-10 07:05:00,SYN_I405_001,SYN_TMC_001,35.666037153653136,1320.724125258358
2026-07-10 07:10:00,SYN_I405_001,SYN_TMC_001,32.94865910073615,1288.995204955174
2026-07-10 07:15:00,SYN_I405_001,SYN_TMC_001,30.788132573484074,1259.4619472004733
2026-07-10 07:20:00,SYN_I405_001,SYN_TMC_001,28.447087229767313,1223.2411902986833
2026-07-10 07:25:00,SYN_I405_001,SYN_TMC_001,26.982038922709158,1198.3442611926232
2026-07-10 07:30:00,SYN_I405_001,SYN_TMC_001,25.619971057238665,1173.6417753012895
2026-07-10 07:35:00,SYN_I405_001,SYN_TMC_001,23.896373155846767,1140.1928077217285
2026-07-10 07:40:00,SYN_I405_001,SYN_TMC_001,23.076716410161296,1123.4076134170452
2026-07-10 07:45:00,SYN_I405_001,SYN_TMC_001,22.40890886808066,1109.303098985615
2026-07-10 07:50:00,SYN_I405_001,SYN_TMC_001,21.72611706754533,1094.476029715728
2026-07-10 07:55:00,SYN_I405_001,SYN_TMC_001,21.35673083830883,1086.2805631316048
2026-07-10 08:00:00,SYN_I405_001,SYN_TMC_001,21.342806850408607,1085.9692172867217
2026-07-10 08:05:00,SYN_I405_001,SYN_TMC_001,21.92305982724348,1098.7953236435444
2026-07-10 08:10:00,SYN_I405_001,SYN_TMC_001,21.80574302562885,1096.2265499726964
2026-07-10 08:15:00,SYN_I405_001,SYN_TMC_001,22.185561131709246,1104.498599246478
2026-07-10 08:20:00,SYN_I405_001,SYN_TMC_001,22.91253822570988,1119.9760729065476
2026-07-10 08:25:00,SYN_I405_001,SYN_TMC_001,23.499861959559663,1132.1447160582984
2026-07-10 08:30:00,SYN_I405_001,SYN_TMC_001,24.33238211329471,1148.8887610624026
2026-07-10 08:35:00,SYN_I405_001,SYN_TMC_001,25.95632021753647,1179.8823986669486
2026-07-10 08:40:00,SYN_I405_001,SYN_TMC_001,27.613410257739645,1209.2851215235132
2026-07-10 08:45:00,SYN_I405_001,SYN_TMC_001,28.639880083726744,1226.389408820897
2026-07-10 08:50:00,SYN_I405_001,SYN_TMC_001,31.21389801539451,1265.5789214734502
2026-07-10 08:55:00,SYN_I405_001,SYN_TMC_001,33.64732135544826,1297.7364104142846
2026-07-10 09:00:00,SYN_I405_001,SYN_TMC_001,35.74090135532307,1321.5107460133102
2026-07-10 09:05:00,SYN_I405_001,SYN_TMC_001,38.33344956471111,1345.7430564394751
2026-07-10 09:10:00,SYN_I405_001,SYN_TMC_001,41.38042116777366,1366.3192014075778
2026-07-10 09:15:00,SYN_I405_001,SYN_TMC_001,43.83920285427751,1376.0427392013385
2026-07-10 09:20:00,SYN_I405_001,SYN_TMC_001,46.92747493300268,1378.236456272286
2026-07-10 09:25:00,SYN_I405_001,SYN_TMC_001,49.681172952978756,1368.9783656595182
2026-07-10 09:30:00,SYN_I405_001,SYN_TMC_001,51.92995954410462,1351.7019168580698
2026-07-10 09:35:00,SYN_I405_001,SYN_TMC_001,54.052207258448156,1325.2382919842892
2026-07-10 09:40:00,SYN_I405_001,SYN_TMC_001,56.194923962402925,1285.3582340264522
2026-07-10 09:45:00,SYN_I405_001,SYN_TMC_001,57.68835559474733,1247.0100004850874
2026-07-10 09:50:00,SYN_I405_001,SYN_TMC_001,59.07592717852775,1200.614287908159
2026-07-10 09:55:00,SYN_I405_001,SYN_TMC_001,59.89759169435924,1166.5631498060632
2026-07-10 10:00:00,SYN_I405_001,SYN_TMC_001,61.05353630343658,1107.0505529253815
2026-07-10 10:05:00,SYN_I405_001,SYN_TMC_001,61.58778980421603,1073.310708947459
2026-07-10 10:10:00,SYN_I405_001,SYN_TMC_001,62.197464355713215,1028.0517918090527
2026-07-10 10:15:00,SYN_I405_001,SYN_TMC_001,62.601639107067946,992.7886507469915
2026-07-10 10:20:00,SYN_I405_001,SYN_TMC_001,62.873453986517745,965.9812782405002
2026-07-10 10:25:00,SYN_I405_001,SYN_TMC_001,63.1024950988487,940.9783783002492
2026-07-10 10:30:00,SYN_I405_001,SYN_TMC_001,63.26685059261106,921.3973763587439
2026-07-10 10:35:00,SYN_I405_001,SYN_TMC_001,63.42616372724072,900.8629830953929
2026-07-10 10:40:00,SYN_I405_001,SYN_TMC_001,63.544116690836425,884.5117797140199
2026-07-10 10:45:00,SYN_I405_001,SYN_TMC_001,63.60322611899656,875.9015991948464
2026-07-10 10:50:00,SYN_I405_001,SYN_TMC_001,63.61247778657442,874.5269012182733
2026-07-10 10:55:00,SYN_I405_001,SYN_TMC_001,63.6284975085448,872.1286190961363
2026-07-10 11:00:00,SYN_I405_001,SYN_TMC_001,63.6080659059466,875.183396457461
2026-07-10 11:05:00,SYN_I405_001,SYN_TMC_001,63.62154041199924,873.1729656278711
2026-07-10 11:10:00,SYN_I405_001,SYN_TMC_001,63.57982555850725,879.3455130831304
2026-07-10 11:15:00,SYN_I405_001,SYN_TMC_001,63.53253117084785,886.1654631764561
2026-07-10 11:20:00,SYN_I405_001,SYN_TMC_001,63.52816145680284,886.786381176571
2026-07-10 11:25:00,SYN_I405_001,SYN_TMC_001,63.527203089618766,886.9223572448882
2026-07-10 11:30:00,SYN_I405_001,SYN_TMC_001,63.465465336288574,895.531287298785
2026-07-10 11:35:00,SYN_I405_001,SYN_TMC_001,63.41629990391788,902.1837036587876
2026-07-10 11:40:00,SYN_I405_001,SYN_TMC_001,63.25775363385391,922.5213728172588
2026-07-10 11:45:00,SYN_I405_001,SYN_TMC_001,63.27445528198701,920.4539413555041
2026-07-10 11:50:00,SYN_I405_001,SYN_TMC_001,63.13731811571923,936.9532029147452
2026-07-10 11:55:00,SYN_I405_001,SYN_TMC_001,63.09309858027419,942.0537364102247
2026-07-10 12:00:00,SYN_I405_001,SYN_TMC_001,62.982918687168365,954.3364242935112
2026-07-10 12:05:00,SYN_I405_001,SYN_TMC_001,62.94199409135044,958.7523397227334
2026-07-10 12:10:00,SYN_I405_001,SYN_TMC_001,62.91824832682073,961.2800357816988
2026-07-10 12:15:00,SYN_I405_001,SYN_TMC_001,62.85558574052796,967.8327007854393
2026-07-10 12:20:00,SYN_I405_001,SYN_TMC_001,62.77661932271257,975.8577643964242
2026-07-10 12:25:00,SYN_I405_001,SYN_TMC_001,62.70437902813623,982.9845314484024
2026-07-10 12:30:00,SYN_I405_001,SYN_TMC_001,62.66547066949786,986.7419772473344
2026-07-10 12:35:00,SYN_I405_001,SYN_TMC_001,62.57017016223459,995.7175724921175
2026-07-10 12:40:00,SYN_I405_001,SYN_TMC_001,62.41399730761327,1009.7730651086338
2026-07-10 12:45:00,SYN_I405_001,SYN_TMC_001,62.48895838093205,1003.1237627680187
2026-07-10 12:50:00,SYN_I405_001,SYN_TMC_001,62.30098507978371,1019.4782715103801
2026-07-10 12:55:00,SYN_I405_001,SYN_TMC_001,62.25718258980517,1023.1417026571501
2026-07-10 13:00:00,SYN_I405_001,SYN_TMC_001,62.08150721813422,1037.3197004555893
2026-07-10 13:05:00,SYN_I405_001,SYN_TMC_001,61.9073484165208,1050.62274238929
2026-07-10 13:10:00,SYN_I405_001,SYN_TMC_001,61.79965003786661,1058.5055615448262
2026-07-10 13:15:00,SYN_I405_001,SYN_TMC_001,61.56096528440158,1075.1227451376267
2026-07-10 13:20:00,SYN_I405_001,SYN_TMC_001,61.49354072949354,1079.6184348743686
2026-07-10 13:25:00,SYN_I405_001,SYN_TMC_001,61.04882292867652,1107.327852931886
2026-07-10 13:30:00,SYN_I405_001,SYN_TMC_001,60.861891583743564,1118.067458789612
2026-07-10 13:35:00,SYN_I405_001,SYN_TMC_001,60.39437853291355,1142.907519540709
2026-07-10 13:40:00,SYN_I405_001,SYN_TMC_001,59.98682692841384,1162.5012671448308
2026-07-10 13:45:00,SYN_I405_001,SYN_TMC_001,59.72258836326591,1174.3081822746212
2026-07-10 13:50:00,SYN_I405_001,SYN_TMC_001,58.92765973098271,1206.1794878314192
2026-07-10 13:55:00,SYN_I405_001,SYN_TMC_001,58.07661073808728,1235.2232459243198
2026-07-10 14:00:00,SYN_I405_001,SYN_TMC_001,57.020020090588005,1265.4446680375302
2026-07-10 14:05:00,SYN_I405_001,SYN_TMC_001,56.145302492432364,1286.4652062413804
2026-07-10 14:10:00,SYN_I405_001,SYN_TMC_001,54.93872123801088,1310.5804249965236
2026-07-10 14:15:00,SYN_I405_001,SYN_TMC_001,53.82689791836535,1328.5963721075318
2026-07-10 14:20:00,SYN_I405_001,SYN_TMC_001,51.72619644790007,1353.6845031349092
2026-07-10 14:25:00,SYN_I405_001,SYN_TMC_001,49.838567916523,1368.0785391702163
2026-07-10 14:30:00,SYN_I405_001,SYN_TMC_001,48.217546972023484,1375.359102796241
2026-07-10 14:35:00,SYN_I405_001,SYN_TMC_001,46.11770515660994,1378.8423328243125
2026-07-10 14:40:00,SYN_I405_001,SYN_TMC_001,44.152388908853425,1376.7996389417835
2026-07-10 14:45:00,SYN_I405_001,SYN_TMC_001,41.13623307718631,1365.0048103103281
2026-07-10 14:50:00,SYN_I405_001,SYN_TMC_001,38.20704010556023,1344.700158609792
2026-07-10 14:55:00,SYN_I405_001,SYN_TMC_001,36.20598075226647,1326.2901062822555
2026-07-10 15:00:00,SYN_I405_001,SYN_TMC_001,33.60933049798377,1297.2713669694608
2026-07-10 15:05:00,SYN_I405_001,SYN_TMC_001,31.39362879582517,1268.1175168374127
2026-07-10 15:10:00,SYN_I405_001,SYN_TMC_001,29.46170339503896,1239.4764406107192
2026-07-10 15:15:00,SYN_I405_001,SYN_TMC_001,26.769157647771035,1194.5828086597678
2026-07-10 15:20:00,SYN_I405_001,SYN_TMC_001,25.31204652047135,1167.8470872563814
2026-07-10 15:25:00,SYN_I405_001,SYN_TMC_001,23.225526177468883,1126.497797644232
2026-07-10 15:30:00,SYN_I405_001,SYN_TMC_001,21.42372794548375,1087.7761800631247
2026-07-10 15:35:00,SYN_I405_001,SYN_TMC_001,19.76917714084793,1049.6237891962073
2026-07-10 15:40:00,SYN_I405_001,SYN_TMC_001,18.459147799810527,1017.5462253344481
2026-07-10 15:45:00,SYN_I405_001,SYN_TMC_001,17.213537422036715,985.4131947437992
2026-07-10 15:50:00,SYN_I405_001,SYN_TMC_001,16.271832314963927,959.9962085730159
2026-07-10 15:55:00,SYN_I405_001,SYN_TMC_001,15.347597526772564,934.049185877393
2026-07-10 16:00:00,SYN_I405_001,SYN_TMC_001,14.273383547344404,902.5588839111996
2026-07-10 16:05:00,SYN_I405_001,SYN_TMC_001,13.600468468448787,882.0521491656494
2026-07-10 16:10:00,SYN_I405_001,SYN_TMC_001,12.99457807055851,863.0393652678896
2026-07-10 16:15:00,SYN_I405_001,SYN_TMC_001,12.39535471710814,843.6950135495282
2026-07-10 16:20:00,SYN_I405_001,SYN_TMC_001,11.794917030238226,823.7398947516743
2026-07-10 16:25:00,SYN_I405_001,SYN_TMC_001,11.514985634777256,814.2309555591053
2026-07-10 16:30:00,SYN_I405_001,SYN_TMC_001,11.093986980117538,799.6721451151052
2026-07-10 16:35:00,SYN_I405_001,SYN_TMC_001,10.826347095926144,790.2496130518773
2026-07-10 16:40:00,SYN_I405_001,SYN_TMC_001,10.403565036724304,775.0886709801232
2026-07-10 16:45:00,SYN_I405_001,SYN_TMC_001,10.207324520287994,767.932198638476
2026-07-10 16:50:00,SYN_I405_001,SYN_TMC_001,9.934849504367788,757.865380016754
2026-07-10 16:55:00,SYN_I405_001,SYN_TMC_001,10.216768051033954,768.2783610664126
2026-07-10 17:00:00,SYN_I405_001,SYN_TMC_001,10.127173350023915,764.9868540339143
2026-07-10 17:05:00,SYN_I405_001,SYN_TMC_001,10.01742946215182,760.9326267721469
2026-07-10 17:10:00,SYN_I405_001,SYN_TMC_001,10.230776727681738,768.791530253958
2026-07-10 17:15:00,SYN_I405_001,SYN_TMC_001,10.4018961625994,775.0281352550411
2026-07-10 17:20:00,SYN_I405_001,SYN_TMC_001,10.414248641073321,775.4760707958839
2026-07-10 17:25:00,SYN_I405_001,SYN_TMC_001,10.907087356990584,793.106161769315
2026-07-10 17:30:00,SYN_I405_001,SYN_TMC_001,11.34899463459573,808.5283395644043
2026-07-10 17:35:00,SYN_I405_001,SYN_TMC_001,11.796193522033628,823.7829498396986
2026-07-10 17:40:00,SYN_I405_001,SYN_TMC_001,12.111504181919374,834.3348686282867
2026-07-10 17:45:00,SYN_I405_001,SYN_TMC_001,12.705953345819692,853.7908941320156
2026-07-10 17:50:00,SYN_I405_001,SYN_TMC_001,13.611221401156014,882.3847907757167
2026-07-10 17:55:00,SYN_I405_001,SYN_TMC_001,14.365546721241278,905.3194867412859
2026-07-10 18:00:00,SYN_I405_001,SYN_TMC_001,15.073104772564923,926.1427272352553
2026-07-10 18:05:00,SYN_I405_001,SYN_TMC_001,16.114352515475947,955.6468972738677
2026-07-10 18:10:00,SYN_I405_001,SYN_TMC_001,17.507428741986303,993.1437695359048
2026-07-10 18:15:00,SYN_I405_001,SYN_TMC_001,18.662950359199986,1022.6494606609967
2026-07-10 18:20:00,SYN_I405_001,SYN_TMC_001,20.213410599420666,1060.12002591105
2026-07-10 18:25:00,SYN_I405_001,SYN_TMC_001,22.415938879251595,1109.4536092431836
2026-07-10 18:30:00,SYN_I405_001,SYN_TMC_001,24.087950490996647,1144.033470723258
2026-07-10 18:35:00,SYN_I405_001,SYN_TMC_001,26.114215697637704,1182.7800732818068
2026-07-10 18:40:00,SYN_I405_001,SYN_TMC_001,28.746892364646754,1228.1240505307928
2026-07-10 18:45:00,SYN_I405_001,SYN_TMC_001,31.76317056081095,1273.2556080023635
2026-07-10 18:50:00,SYN_I405_001,SYN_TMC_001,34.14709495798159,1303.7434811424553
2026-07-10 18:55:00,SYN_I405_001,SYN_TMC_001,36.88674272057916,1332.9492644725772
2026-07-10 19:00:00,SYN_I405_001,SYN_TMC_001,39.79040777216827,1356.69519679143
2026-07-10 19:05:00,SYN_I405_001,SYN_TMC_001,43.85375614078161,1376.0804259987472
2026-07-10 19:10:00,SYN_I405_001,SYN_TMC_001,45.82514408423658,1378.8460450243435
2026-07-10 19:15:00,SYN_I405_001,SYN_TMC_001,49.609813550030964,1369.3720961421675
2026-07-10 19:20:00,SYN_I405_001,SYN_TMC_001,51.929677753289894,1351.7047206809698
2026-07-10 19:25:00,SYN_I405_001,SYN_TMC_001,54.35659062188751,1320.471864537821
2026-07-10 19:30:00,SYN_I405_001,SYN_TMC_001,56.5467864049212,1277.22246880015
2026-07-10 19:35:00,SYN_I405_001,SYN_TMC_001,58.45405653931153,1222.9198265692964
2026-07-10 19:40:00,SYN_I405_001,SYN_TMC_001,60.042766219355805,1159.9148114888096
2026-07-10 19:45:00,SYN_I405_001,SYN_TMC_001,61.07170993464813,1105.9782662144708
2026-07-10 19:50:00,SYN_I405_001,SYN_TMC_001,62.08072726906865,1037.3808895742682
2026-07-10 19:55:00,SYN_I405_001,SYN_TMC_001,62.86271173928956,967.0959470630922
2026-07-10 20:00:00,SYN_I405_001,SYN_TMC_001,63.20975448075388,928.3713349914315
2026-07-10 20:05:00,SYN_I405_001,SYN_TMC_001,63.69970069025387,861.1824440862295
2026-07-10 20:10:00,SYN_I405_001,SYN_TMC_001,63.993317521189084,810.1277299015568
2026-07-10 20:15:00,SYN_I405_001,SYN_TMC_001,64.27411519325189,748.5729475290563
2026-07-10 20:20:00,SYN_I405_001,SYN_TMC_001,64.41812209102969,709.3033738641012
2026-07-10 20:25:00,SYN_I405_001,SYN_TMC_001,64.55047028217697,665.8406574273558
2026-07-10 20:30:00,SYN_I405_001,SYN_TMC_001,64.65069151140577,625.7542907982117
2026-07-10 20:35:00,SYN_I405_001,SYN_TMC_001,64.73400543070845,585.0178855854643
2026-07-10 20:40:00,SYN_I405_001,SYN_TMC_001,64.79355469564348,549.4164926105619
2026-07-10 20:45:00,SYN_I405_001,SYN_TMC_001,64.83045459986019,523.2104813760103
2026-07-10 20:50:00,SYN_I405_001,SYN_TMC_001,64.8672639358874,492.32988799010616
2026-07-10 20:55:00,SYN_I405_001,SYN_TMC_001,64.88915659832958,470.73664200424355
2026-07-10 21:00:00,SYN_I405_001,SYN_TMC_001,64.90365784669527,454.5851806290401
2026-07-10 21:05:00,SYN_I405_001,SYN_TMC_001,64.91981219402004,434.26598240240503
2026-07-10 21:10:00,SYN_I405_001,SYN_TMC_001,64.9296660142667,420.30177777330357
2026-07-10 21:15:00,SYN_I405_001,SYN_TMC_001,64.93840462742018,406.6244289332801
2026-07-10 21:20:00,SYN_I405_001,SYN_TMC_001,64.94312839503316,398.61171485430475
2026-07-10 21:25:00,SYN_I405_001,SYN_TMC_001,64.94956325535375,386.84754073746836
2026-07-10 21:30:00,SYN_I405_001,SYN_TMC_001,64.95536450977505,375.2298649110956
2026-07-10 21:35:00,SYN_I405_001,SYN_TMC_001,64.95793083431175,369.7251703800454
2026-07-10 21:40:00,SYN_I405_001,SYN_TMC_001,64.96244458198488,359.3975005158024
2026-07-10 21:45:00,SYN_I405_001,SYN_TMC_001,64.96447009732965,354.4572546381998
2026-07-10 21:50:00,SYN_I405_001,SYN_TMC_001,64.96554924103778,351.7382285897713
2026-07-10 21:55:00,SYN_I405_001,SYN_TMC_001,64.96854807027407,343.8303634214275
2026-07-10 22:00:00,SYN_I405_001,SYN_TMC_001,64.96922829911674,341.95827646153384
2026-07-10 22:05:00,SYN_I405_001,SYN_TMC_001,64.97090515968172,337.2067377804881
2026-07-10 22:10:00,SYN_I405_001,SYN_TMC_001,64.97093394459621,337.12339648440184
2026-07-10 22:15:00,SYN_I405_001,SYN_TMC_001,64.97078986283611,337.5399382962915
2026-07-10 22:20:00,SYN_I405_001,SYN_TMC_001,64.97273094787002,331.7931282178662
2026-07-10 22:25:00,SYN_I405_001,SYN_TMC_001,64.9726816509686,331.94282289198344
2026-07-10 22:30:00,SYN_I405_001,SYN_TMC_001,64.97368216463259,328.86404303395904
2026-07-10 22:35:00,SYN_I405_001,SYN_TMC_001,64.97413578272857,327.4391318220643
2026-07-10 22:40:00,SYN_I405_001,SYN_TMC_001,64.97444258421099,326.46472457909874
2026-07-10 22:45:00,SYN_I405_001,SYN_TMC_001,64.97325709773678,330.1826195964355
2026-07-10 22:50:00,SYN_I405_001,SYN_TMC_001,64.97295962779978,331.0960488849048
2026-07-10 22:55:00,SYN_I405_001,SYN_TMC_001,64.97409657235984,327.56303790256624
2026-07-10 23:00:00,SYN_I405_001,SYN_TMC_001,64.9748269232732,325.2315786741114
2026-07-10 23:05:00,SYN_I405_001,SYN_TMC_001,64.97419849410547,327.2406681137551
2026-07-10 23:10:00,SYN_I405_001,SYN_TMC_001,64.97480508123101,325.3020361914248
2026-07-10 23:15:00,SYN_I405_001,SYN_TMC_001,64.97429038799913,326.9491944289892
2026-07-10 23:20:00,SYN_I405_001,SYN_TMC_001,64.97460079351602,325.958810938906
2026-07-10 23:25:00,SYN_I405_001,SYN_TMC_001,64.97464664953985,325.8117324757362
2026-07-10 23:30:00,SYN_I405_001,SYN_TMC_001,64.97451270655698,326.24078205521613
2026-07-10 23:35:00,SYN_I405_001,SYN_TMC_001,64.97513519647293,324.2322261085224
2026-07-10 23:40:00,SYN_I405_001,SYN_TMC_001,64.97506772235143,324.4517544233023
2026-07-10 23:45:00,SYN_I405_001,SYN_TMC_001,64.97573420871178,322.26343864834166
2026-07-10 23:50:00,SYN_I405_001,SYN_TMC_001,64.9751146056992,324.2992659701772
2026-07-10 23:55:00,SYN_I405_001,SYN_TMC_001,64.97560936773,322.67674362460286
