corridor,link_id,period,bins,bins_below_cutoff,free_speed_mph,capacity_vph,D_counts,D_speed,V_counts,V_speed,V_err,D_err
D12_I405_N,L405N-001,AM,36,0,68.21052677029363,9247.690880829015,0.0,0.0,24713.407599309154,23606.395121243135,-4.479400396799043,
D12_I405_N,L405N-001,MD,72,0,68.21052677029363,9247.690880829015,0.0,0.0,49256.62521588946,52076.250593705896,5.724357617798935,
D12_I405_N,L405N-001,PM,48,20,68.21052677029363,9247.690880829015,14838.423143350607,15380.760790212746,35342.05526770293,36781.701631793214,4.0734653182603395,3.6549547187240807
D12_I405_N,L405N-001,NT,132,0,68.21052677029363,9247.690880829015,0.0,0.0,39347.26354539466,54267.71239565171,37.91991489584387,
D12_I405_N,L405N-002,AM,36,0,71.77130829015543,7132.534663212436,0.0,0.0,17476.53886010363,16336.722882172626,-6.521977761472182,
D12_I405_N,L405N-002,MD,72,0,71.77130829015543,7132.534663212436,0.0,0.0,36303.533678756474,39102.96750605073,7.711188260806642,
D12_I405_N,L405N-002,PM,48,0,71.77130829015543,7132.534663212436,0.0,0.0,27327.621761658032,28172.41149143689,3.0913400995769753,
D12_I405_N,L405N-002,NT,132,0,71.77130829015543,7132.534663212436,0.0,0.0,26163.716815341064,43201.60561405598,65.12029204017668,
D12_I405_N,L405N-003,AM,36,0,68.1889175257731,4483.529533678757,0.0,0.0,11370.181347150261,10851.498149108134,-4.56178474384778,
D12_I405_N,L405N-003,MD,72,0,68.1889175257731,4483.529533678757,0.0,0.0,18802.321243523314,22210.269319750514,18.125145465223387,
D12_I405_N,L405N-003,PM,48,0,68.1889175257731,4483.529533678757,0.0,0.0,12634.81347150259,13895.67513779672,9.979266169128351,
D12_I405_N,L405N-003,NT,132,0,68.1889175257731,4483.529533678757,0.0,0.0,12212.952272848672,18023.336689423475,47.57559259027163,
D12_I405_N,L405N-005,AM,36,0,69.37535441482822,8014.185699481865,0.0,0.0,19985.84974093264,16582.334096141214,-17.029626905583857,
D12_I405_N,L405N-005,MD,72,15,69.37535441482822,8014.185699481865,9610.621761658029,9368.214082208991,44964.2590673575,44440.38987906858,-1.1650791076178015,-2.5222892489238613
D12_I405_N,L405N-005,PM,48,48,69.37535441482822,8014.185699481865,23207.82383419689,22831.671814096353,23207.82383419689,22831.671814096353,-1.6207983255468972,-1.6207983255468972
D12_I405_N,L405N-005,NT,132,17,69.37535441482822,8014.185699481865,8741.497409326425,10620.483427110372,36397.16639068426,52874.69410479754,45.27145750096264,21.495013151628132
D12_I405_N,L405N-009,AM,36,0,68.6716412050638,5525.492642487046,0.0,0.0,9898.60621761658,12785.838636079347,29.16807028169633,
D12_I405_N,L405N-009,MD,72,0,68.6716412050638,5525.492642487046,0.0,0.0,22406.398963730568,29944.44848563016,33.64239623734942,
D12_I405_N,L405N-009,PM,48,0,68.6716412050638,5525.492642487046,0.0,0.0,21011.549222797927,21172.053922630348,0.7638879843199322,
D12_I405_N,L405N-009,NT,132,0,68.6716412050638,5525.492642487046,0.0,0.0,20352.50120185887,29193.31583913304,43.43846758484261,
D12_I405_N,L405N-011,AM,36,0,69.57805699481861,6552.8359585492235,0.0,0.0,18357.0103626943,16701.25497513452,-9.01974425489597,
D12_I405_N,L405N-011,MD,72,0,69.57805699481861,6552.8359585492235,0.0,0.0,35762.538860103625,35715.7912150045,-0.1307167963717328,
D12_I405_N,L405N-011,PM,48,0,69.57805699481861,6552.8359585492235,0.0,0.0,25096.010362694302,23647.720845209922,-5.770995056797115,
D12_I405_N,L405N-011,NT,132,0,69.57805699481861,6552.8359585492235,0.0,0.0,28279.515143421828,36185.88378140384,27.957935621895324,
D12_I405_N,L405N-013,AM,36,0,70.43992227979278,6494.07481865285,0.0,0.0,18160.21243523316,16675.791848144272,-8.174026556038076,
D12_I405_N,L405N-013,MD,72,0,70.43992227979278,6494.07481865285,0.0,0.0,35278.68393782384,35373.27330004585,0.2681204389277023,
D12_I405_N,L405N-013,PM,48,0,70.43992227979278,6494.07481865285,0.0,0.0,24523.056994818653,23347.773159485427,-4.792566585730098,
D12_I405_N,L405N-013,NT,132,0,70.43992227979278,6494.07481865285,0.0,0.0,27412.856791838043,36048.58243368807,31.502465093026146,
D12_I405_N,L405N-014,AM,36,0,66.57424870466322,8008.594196891192,0.0,0.0,21027.691709844556,15892.237068653154,-24.422341320455683,
D12_I405_N,L405N-014,MD,72,0,66.57424870466322,8008.594196891192,0.0,0.0,38418.74870466321,37414.738915014874,-2.6133328739217103,
D12_I405_N,L405N-014,PM,48,0,66.57424870466322,8008.594196891192,0.0,0.0,23472.002590673575,31755.915692074217,35.29274108333727,
D12_I405_N,L405N-014,NT,132,0,66.57424870466322,8008.594196891192,0.0,0.0,34047.810066235776,53642.77305330074,57.55131666014761,
D12_I405_N,L405N-015,AM,36,0,70.27805699481863,6552.221658031088,0.0,0.0,18357.42487046632,16686.525404497894,-9.102036248322559,
D12_I405_N,L405N-015,MD,72,0,70.27805699481863,6552.221658031088,0.0,0.0,35759.751295336784,35726.5180538151,-0.09293476693171063,
D12_I405_N,L405N-015,PM,48,0,70.27805699481863,6552.221658031088,0.0,0.0,25096.17616580311,23640.579754699145,-5.8000724950576705,
D12_I405_N,L405N-015,NT,132,0,70.27805699481863,6552.221658031088,0.0,0.0,28279.33067143849,36229.14078005799,28.111733622637107,
D12_I405_N,L405N-016,AM,36,0,67.35240932642488,6203.708238341968,0.0,0.0,12525.523316062176,13110.886487417822,4.673362993185301,
D12_I405_N,L405N-016,MD,72,6,67.35240932642488,6203.708238341968,3077.5595854922276,3083.9693263893805,30934.937823834196,34727.1781498526,12.258761752210894,0.20827349460165642
D12_I405_N,L405N-016,PM,48,48,67.35240932642488,6203.708238341968,23276.47409326425,23846.56066015849,23276.47409326425,23846.56066015849,2.44919640582168,2.44919640582168
D12_I405_N,L405N-016,NT,132,0,67.35240932642488,6203.708238341968,0.0,0.0,22007.401901607824,36591.76776839289,66.27027548272093,
D12_I405_N,L405N-017,AM,36,0,66.17284974093266,7030.658238341969,0.0,0.0,15761.510362694298,15782.081578399282,0.13051551045306908,
D12_I405_N,L405N-017,MD,72,0,66.17284974093266,7030.658238341969,0.0,0.0,35234.68652849741,38523.36154290559,9.333629268273294,
D12_I405_N,L405N-017,PM,48,0,66.17284974093266,7030.658238341969,0.0,0.0,26147.608808290155,27880.499439838768,6.627338829542211,
D12_I405_N,L405N-017,NT,132,0,66.17284974093266,7030.658238341969,0.0,0.0,23042.401420864266,39359.746891285846,70.81443106727005,
D12_I405_N,L405N-021,AM,36,0,70.52890377116604,6874.264041450777,0.0,0.0,18525.55958549223,17507.684294199407,-5.494437491053937,
D12_I405_N,L405N-021,MD,72,0,70.52890377116604,6874.264041450777,0.0,0.0,37141.48704663212,38964.74762174493,4.908959549259982,
D12_I405_N,L405N-021,PM,48,6,70.52890377116604,6874.264041450777,3012.917098445596,3434.962237373945,24958.839378238343,27247.707091691875,9.170569507527661,14.007857672090868
D12_I405_N,L405N-021,NT,132,0,70.52890377116604,6874.264041450777,0.0,0.0,25766.0856791838,36142.983409654116,40.27347366485598,
D12_I405_N,L405N-025,AM,36,0,70.23577720207251,6661.441865284974,0.0,0.0,18856.948186528498,16973.82840212485,-9.986344374372083,
D12_I405_N,L405N-025,MD,72,0,70.23577720207251,6661.441865284974,0.0,0.0,36667.86528497409,36400.425663277456,-0.7293569440657534,
D12_I405_N,L405N-025,PM,48,0,70.23577720207251,6661.441865284974,0.0,0.0,25504.487046632123,24249.785138762476,-4.9195339846496955,
D12_I405_N,L405N-025,NT,132,0,70.23577720207251,6661.441865284974,0.0,0.0,31014.38881470007,37808.89226258965,21.907584535953045,
D12_I405_N,L405N-027,AM,36,0,70.59515544041456,9090.280103626943,0.0,0.0,24623.212435233163,24385.419198625565,-0.9657279172369153,
D12_I405_N,L405N-027,MD,72,2,70.59515544041456,9090.280103626943,1481.4766839378237,1512.506646340526,49088.927461139894,52336.78394484858,6.616271024213716,2.0945292449843627
D12_I405_N,L405N-027,PM,48,42,70.59515544041456,9090.280103626943,29774.549222797927,31020.9751863107,33925.55958549222,35547.5693913431,4.781084897843543,4.18621270866598
D12_I405_N,L405N-027,NT,132,0,70.59515544041456,9090.280103626943,0.0,0.0,37600.36368249559,61786.45436195764,64.32408708515128,
D12_I405_N,L405N-030,AM,36,0,70.13155440414506,6521.628808290156,0.0,0.0,18198.63730569948,16814.426516893167,-7.606123280300801,
D12_I405_N,L405N-030,MD,72,0,70.13155440414506,6521.628808290156,0.0,0.0,35480.17616580311,35520.63743969018,0.11403910087140105,
D12_I405_N,L405N-030,PM,48,0,70.13155440414506,6521.628808290156,0.0,0.0,24644.585492227976,23529.73307484234,-4.523721519833311,
D12_I405_N,L405N-030,NT,132,0,70.13155440414506,6521.628808290156,0.0,0.0,27587.9731851931,36480.624269739754,32.23379631715563,
D12_I405_N,L405N-036,AM,36,0,70.29471502590681,6627.5990673575125,0.0,0.0,18524.83419689119,17035.55525527782,-8.039364486529633,
D12_I405_N,L405N-036,MD,72,0,70.29471502590681,6627.5990673575125,0.0,0.0,36148.25388601036,36339.35434109999,0.5286574994528009,
D12_I405_N,L405N-036,PM,48,0,70.29471502590681,6627.5990673575125,0.0,0.0,25138.554404145078,24361.906593586893,-3.089468861543302,
D12_I405_N,L405N-036,NT,132,0,70.29471502590681,6627.5990673575125,0.0,0.0,27890.68949308264,36056.909004179695,29.279374800405765,
D12_I405_N,L405N-038,AM,36,0,70.03686528497413,6518.811295336787,0.0,0.0,18272.569948186527,16879.857192288277,-7.6218767247705665,
D12_I405_N,L405N-038,MD,72,0,70.03686528497413,6518.811295336787,0.0,0.0,35515.797927461135,35574.67017558534,0.16576355188316633,
D12_I405_N,L405N-038,PM,48,0,70.03686528497413,6518.811295336787,0.0,0.0,24756.683937823836,24096.32877508884,-2.66738131970126,
D12_I405_N,L405N-038,NT,132,0,70.03686528497413,6518.811295336787,0.0,0.0,27539.62603493403,36006.33117903945,30.74371864514573,
D12_I405_N,L405N-042,AM,36,0,70.27805699481863,6552.221658031088,0.0,0.0,18357.42487046632,16686.525404497894,-9.102036248322559,
D12_I405_N,L405N-042,MD,72,0,70.27805699481863,6552.221658031088,0.0,0.0,35759.751295336784,35726.5180538151,-0.09293476693171063,
D12_I405_N,L405N-042,PM,48,0,70.27805699481863,6552.221658031088,0.0,0.0,25096.17616580311,23640.579754699145,-5.8000724950576705,
D12_I405_N,L405N-042,NT,132,0,70.27805699481863,6552.221658031088,0.0,0.0,28279.33067143849,36229.14078005799,28.111733622637107,
D12_I405_N,L405N-044,AM,36,0,69.35308290155433,6541.398963730569,0.0,0.0,18491.963730569947,16863.504241960523,-8.806309120741675,
D12_I405_N,L405N-044,MD,72,0,69.35308290155433,6541.398963730569,0.0,0.0,36172.20725388601,35746.67385658543,-1.1764098173877984,
D12_I405_N,L405N-044,PM,48,0,69.35308290155433,6541.398963730569,0.0,0.0,24947.274611398963,23901.126566652594,-4.193436201116577,
D12_I405_N,L405N-044,NT,132,0,69.35308290155433,6541.398963730569,0.0,0.0,28861.871961967845,36352.611171384895,25.953753863532558,
D12_I405_N,L405N-046,AM,36,0,69.57805699481861,6552.8359585492235,0.0,0.0,18357.0103626943,16701.25497513452,-9.01974425489597,
D12_I405_N,L405N-046,MD,72,0,69.57805699481861,6552.8359585492235,0.0,0.0,35762.538860103625,35715.7912150045,-0.1307167963717328,
D12_I405_N,L405N-046,PM,48,0,69.57805699481861,6552.8359585492235,0.0,0.0,25096.010362694302,23647.720845209922,-5.770995056797115,
D12_I405_N,L405N-046,NT,132,0,69.57805699481861,6552.8359585492235,0.0,0.0,28279.515143421828,36185.88378140384,27.957935621895324,
D12_I405_N,L405N-047,AM,36,0,69.57805699481861,6552.8359585492235,0.0,0.0,18357.0103626943,16701.25497513452,-9.01974425489597,
D12_I405_N,L405N-047,MD,72,0,69.57805699481861,6552.8359585492235,0.0,0.0,35762.538860103625,35715.7912150045,-0.1307167963717328,
D12_I405_N,L405N-047,PM,48,0,69.57805699481861,6552.8359585492235,0.0,0.0,25096.010362694302,23647.720845209922,-5.770995056797115,
D12_I405_N,L405N-047,NT,132,0,69.57805699481861,6552.8359585492235,0.0,0.0,28279.515143421828,36185.88378140384,27.957935621895324,
D12_I405_N,L405N-053,AM,36,0,69.40362694300518,6818.454715025907,0.0,0.0,19124.512953367874,17486.383835261593,-8.565599145455897,
D12_I405_N,L405N-053,MD,72,0,69.40362694300518,6818.454715025907,0.0,0.0,37313.0725388601,37472.60429270936,0.42754922871364703,
D12_I405_N,L405N-053,PM,48,0,69.40362694300518,6818.454715025907,0.0,0.0,25748.797927461135,24900.812963601278,-3.2932992299243598,
D12_I405_N,L405N-053,NT,132,0,69.40362694300518,6818.454715025907,0.0,0.0,28803.641205063836,38669.7688495827,34.25305701552882,
D12_I405_N,L405N-054,AM,36,0,66.30751295336786,6693.6447668393785,0.0,0.0,18496.00518134715,16317.660800200134,-11.777377654196558,
D12_I405_N,L405N-054,MD,72,0,66.30751295336786,6693.6447668393785,0.0,0.0,37202.11917098446,36966.91371429715,-0.6322367164254227,
D12_I405_N,L405N-054,PM,48,0,66.30751295336786,6693.6447668393785,0.0,0.0,24374.97409326425,25990.581902548514,6.628141646848849,
D12_I405_N,L405N-054,NT,132,0,66.30751295336786,6693.6447668393785,0.0,0.0,29522.194060146358,39769.93303548318,34.71198297273852,
D12_I405_N,L405N-062,AM,36,0,67.20362039955128,4695.121554404145,0.0,0.0,10068.906735751296,9252.72880976383,-8.105923983678315,
D12_I405_N,L405N-062,MD,72,0,67.20362039955128,4695.121554404145,0.0,0.0,23611.34715025907,25944.008357974533,9.879407527536479,
D12_I405_N,L405N-062,PM,48,31,67.20362039955128,4695.121554404145,11335.466321243523,12052.136994468336,17470.82901554404,18662.30326390776,6.819792279482839,6.322374862353196
D12_I405_N,L405N-062,NT,132,0,67.20362039955128,4695.121554404145,0.0,0.0,15568.267560493565,26894.600045338404,72.7526838862073,
D12_I405_N,L405N-063,AM,36,0,67.03912798461619,6233.97792746114,0.0,0.0,14373.313471502588,12164.403399919964,-15.368133979420575,
D12_I405_N,L405N-063,MD,72,0,67.03912798461619,6233.97792746114,0.0,0.0,32806.94559585492,33839.68488647316,3.1479288055048924,
D12_I405_N,L405N-063,PM,48,39,67.03912798461619,6233.97792746114,17833.772020725388,19946.894830150097,21934.163212435233,24588.376053900138,12.100816501448026,11.848995304913391
D12_I405_N,L405N-063,NT,132,0,67.03912798461619,6233.97792746114,0.0,0.0,24203.03070081726,34584.362373407654,42.892693071863306,
D12_I405_N,L405N-065,AM,36,0,68.43549222797924,7157.157512953368,0.0,0.0,15105.580310880829,11083.45179326889,-26.626772588900305,
D12_I405_N,L405N-065,MD,72,0,68.43549222797924,7157.157512953368,0.0,0.0,35713.668393782384,34859.64244263852,-2.3913139970033046,
D12_I405_N,L405N-065,PM,48,0,68.43549222797924,7157.157512953368,0.0,0.0,23510.0310880829,28397.229586852503,20.787716019852045,
D12_I405_N,L405N-065,NT,132,0,68.43549222797924,7157.157512953368,0.0,0.0,25006.314272741838,41457.24388680745,65.78710254792715,
D12_I405_N,L405N-066,AM,36,17,67.78321243523317,8576.709015544042,10596.129533678755,11985.008258768132,22820.085492227976,23611.829021607562,3.469502906328886,13.10741550181094
D12_I405_N,L405N-066,MD,72,2,67.78321243523317,8576.709015544042,1224.681347150259,1425.4395651242723,44520.78238341969,46815.49572265807,5.15425205126891,16.392690101891617
D12_I405_N,L405N-066,PM,48,0,67.78321243523317,8576.709015544042,0.0,0.0,28127.41968911917,32411.55450245773,15.231168947202917,
D12_I405_N,L405N-066,NT,132,0,67.78321243523317,8576.709015544042,0.0,0.0,31819.54895571818,54002.95115038613,69.7162685289461,
D12_I405_N,L405N-071,AM,36,0,69.79577720207256,7720.107046632124,0.0,0.0,15661.145077720204,15986.68874801098,2.0786709316287424,
D12_I405_N,L405N-071,MD,72,3,69.79577720207256,7720.107046632124,1851.4974093264248,1929.353931337245,39623.803108808286,43181.56392786466,8.978847409691207,4.205057032142676
D12_I405_N,L405N-071,PM,48,47,69.79577720207256,7720.107046632124,25553.927461139894,28753.849668723153,26124.81865284974,29396.914686017182,12.524856446460031,12.52223249224375
D12_I405_N,L405N-071,NT,132,0,69.79577720207256,7720.107046632124,0.0,0.0,28632.552774958604,46111.13452306128,61.04444086937667,
D12_I405_N,L405N-074,AM,36,0,69.49997409326426,7110.037305699482,0.0,0.0,15120.865284974092,13780.108451050171,-8.866931942421692,
D12_I405_N,L405N-074,MD,72,0,69.49997409326426,7110.037305699482,0.0,0.0,35201.914507772024,37939.0999004935,7.775671951356933,
D12_I405_N,L405N-074,PM,48,25,69.49997409326426,7110.037305699482,14052.637305699482,14694.042765843567,27268.97150259067,28235.83462371669,3.5456530549168885,4.564306657825317
D12_I405_N,L405N-074,NT,132,0,69.49997409326426,7110.037305699482,0.0,0.0,25172.23138454142,40227.73870962092,59.809983052695415,
D12_I405_N,L405N-076,AM,36,0,68.32624352331607,8029.078756476683,0.0,0.0,21226.575129533678,22359.120672855264,5.33550766626414,
D12_I405_N,L405N-076,MD,72,0,68.32624352331607,8029.078756476683,0.0,0.0,44609.7487046632,45642.0149311821,2.313992471360846,
D12_I405_N,L405N-076,PM,48,0,68.32624352331607,8029.078756476683,0.0,0.0,30323.27720207254,31203.656936833526,2.9033132827107972,
D12_I405_N,L405N-076,NT,132,0,68.32624352331607,8029.078756476683,0.0,0.0,30759.536990545374,44242.09171891138,43.832112077987944,
D12_I405_N,L405N-080,AM,36,0,71.3503626943005,8138.19481865285,0.0,0.0,19121.808290155437,18702.64382790766,-2.1920754349554707,
D12_I405_N,L405N-080,MD,72,0,71.3503626943005,8138.19481865285,0.0,0.0,40358.704663212426,45027.13118110015,11.567334870742437,
D12_I405_N,L405N-080,PM,48,0,71.3503626943005,8138.19481865285,0.0,0.0,31184.06735751295,32132.43132824103,3.041181125782797,
D12_I405_N,L405N-080,NT,132,0,71.3503626943005,8138.19481865285,0.0,0.0,28595.64825596923,50066.84002387734,75.08552201968732,
D12_I405_N,L405N-083,AM,36,0,67.6623453608247,7648.363523316062,0.0,0.0,16001.46632124352,16034.920597668373,0.20907006741275208,
D12_I405_N,L405N-083,MD,72,0,67.6623453608247,7648.363523316062,0.0,0.0,36752.23316062176,40782.17549762316,10.965163176313556,
D12_I405_N,L405N-083,PM,48,10,67.6623453608247,7648.363523316062,5916.642487046631,6366.527216136345,29053.310880829013,30106.661983643004,3.6255802553265983,7.603716636160648
D12_I405_N,L405N-083,NT,132,0,67.6623453608247,7648.363523316062,0.0,0.0,30832.103573527056,35711.154931470686,15.824581499307309,
D12_I405_N,L405N-086,AM,36,0,70.65696891191712,8627.333160621762,0.0,0.0,23346.367875647666,23973.73640462394,2.6872211228654423,
D12_I405_N,L405N-086,MD,72,0,70.65696891191712,8627.333160621762,0.0,0.0,47395.31606217617,48903.70928480736,3.1825786764506065,
D12_I405_N,L405N-086,PM,48,21,70.65696891191712,8627.333160621762,14123.404145077722,15086.883952042761,32527.891191709845,34401.35751308972,5.759568950652893,6.8218667190149755
D12_I405_N,L405N-086,NT,132,0,70.65696891191712,8627.333160621762,0.0,0.0,36235.30973238609,59128.71552309216,63.179826417337324,
D12_I405_N,L405N-087,AM,36,0,69.8943005181347,8789.190155440414,0.0,0.0,18161.331606217616,18479.164615353664,1.750053443367754,
D12_I405_N,L405N-087,MD,72,0,69.8943005181347,8789.190155440414,0.0,0.0,41922.84974093264,47175.284711104774,12.528811859475677,
D12_I405_N,L405N-087,PM,48,11,69.8943005181347,8789.190155440414,7568.4715025906735,8035.014687476159,33574.00518134715,34755.817620051945,3.5200222086144732,6.16429862655609
D12_I405_N,L405N-087,NT,132,0,69.8943005181347,8789.190155440414,0.0,0.0,30796.539554510982,45730.495589215614,48.49231845763383,
D12_I405_N,L405N-091,AM,36,0,69.32243523316063,10984.696787564766,0.0,0.0,28926.79274611399,29130.160367870747,0.7030424131070517,
D12_I405_N,L405N-091,MD,72,2,69.32243523316063,10984.696787564766,1792.7720207253883,1814.4904966759464,57742.61139896373,62520.207450010625,8.273952173788652,1.2114466144875669
D12_I405_N,L405N-091,PM,48,42,69.32243523316063,10984.696787564766,37372.0829015544,36939.76658166861,42394.362694300515,42406.41536165583,0.028429882157275682,-1.1567894704306307
D12_I405_N,L405N-091,NT,132,0,69.32243523316063,10984.696787564766,0.0,0.0,44160.02678809892,72365.89269770107,63.87194021631255,
D12_I405_N,L405N-095,AM,36,0,70.21191709844561,6998.90829015544,0.0,0.0,14194.455958549226,15845.600609015617,11.632320782762493,
D12_I405_N,L405N-095,MD,72,0,70.21191709844561,6998.90829015544,0.0,0.0,31450.68911917098,39729.14292277426,26.32201085399142,
D12_I405_N,L405N-095,PM,48,30,70.21191709844561,6998.90829015544,15193.968911917098,17150.05385444391,25157.124352331608,27485.33018133152,9.25465803003883,12.874088092891883
D12_I405_N,L405N-095,NT,132,0,70.21191709844561,6998.90829015544,0.0,0.0,25248.39597243737,36875.705549043545,46.05167627004593,
D12_I405_N,L405N-100,AM,36,0,70.78770485016827,7874.953678756477,0.0,0.0,17110.06735751295,17619.777930277738,2.979009738035749,
D12_I405_N,L405N-100,MD,72,0,70.78770485016827,7874.953678756477,0.0,0.0,40858.94818652849,44487.92029113879,8.881707106221596,
D12_I405_N,L405N-100,PM,48,43,70.78770485016827,7874.953678756477,24619.476683937817,28141.539568938926,27404.373056994817,31410.786591539872,14.619613906921474,14.306002236428386
D12_I405_N,L405N-100,NT,132,0,70.78770485016827,7874.953678756477,0.0,0.0,26442.171224827736,44239.6119665448,67.30703235521844,
D12_I405_N,L405N-103,AM,36,0,70.3998704663212,6505.814300518135,0.0,0.0,18141.65803108808,16893.27786855628,-6.881290345086098,
D12_I405_N,L405N-103,MD,72,0,70.3998704663212,6505.814300518135,0.0,0.0,35515.12953367875,35518.87791875317,0.010554333107142095,
D12_I405_N,L405N-103,PM,48,0,70.3998704663212,6505.814300518135,0.0,0.0,24620.082901554404,23868.442669155706,-3.0529557329445196,
D12_I405_N,L405N-103,NT,132,0,70.3998704663212,6505.814300518135,0.0,0.0,27683.11278777843,35993.3802587721,30.019266744679427,
D12_I405_N,L405N-105,AM,36,0,65.4937113402062,5814.834404145077,0.0,0.0,12478.025906735751,12958.508289094934,3.850628183900584,
D12_I405_N,L405N-105,MD,72,0,65.4937113402062,5814.834404145077,0.0,0.0,28824.388601036266,31836.248153716024,10.44899718209974,
D12_I405_N,L405N-105,PM,48,36,65.4937113402062,5814.834404145077,16748.471502590673,17173.17578825308,22287.238341968914,22963.41076542563,3.0338995486193587,2.535779373041372
D12_I405_N,L405N-105,NT,132,0,65.4937113402062,5814.834404145077,0.0,0.0,22414.823086373588,35551.310284252715,58.606249744906776,
D12_I405_N,L405N-110,AM,36,0,68.1122809055784,7974.140518134715,0.0,0.0,20428.832469775472,20005.58115026034,-2.0718331316355694,
D12_I405_N,L405N-110,MD,72,0,68.1122809055784,7974.140518134715,0.0,0.0,42057.02590673575,43638.10355109989,3.759366265865516,
D12_I405_N,L405N-110,PM,48,27,68.1122809055784,7974.140518134715,17526.22797927461,17895.804076122564,30871.18307426597,31783.814910614055,2.956258055133787,2.1087030094837993
D12_I405_N,L405N-110,NT,132,0,68.1122809055784,7974.140518134715,0.0,0.0,35281.411863682486,45686.09734997194,29.49055872959464,
D12_I405_N,L405N-112,AM,36,0,67.88375647668393,7470.497098445596,0.0,0.0,16044.994818652849,15703.44196784984,-2.128718984726268,
D12_I405_N,L405N-112,MD,72,0,67.88375647668393,7470.497098445596,0.0,0.0,34974.72538860104,39348.06957171292,12.50429884586669,
D12_I405_N,L405N-112,PM,48,24,67.88375647668393,7470.497098445596,12922.85664939551,14823.913366990704,27521.333333333332,29351.388440968432,6.6495873781615495,14.710808679318749
D12_I405_N,L405N-112,NT,132,4,67.88375647668393,7470.497098445596,1715.3385146804835,2485.64080299177,29753.873813720777,47383.110006296316,59.25022167851619,44.906721426631705
D12_I405_N,L405N-114,AM,36,0,69.87221649484539,6501.343523316062,0.0,0.0,13271.979274611396,14567.25631300261,9.75948659646426,
D12_I405_N,L405N-114,MD,72,0,69.87221649484539,6501.343523316062,0.0,0.0,29593.61139896373,36639.27757017902,23.808064775298117,
D12_I405_N,L405N-114,PM,48,30,69.87221649484539,6501.343523316062,13874.082901554402,15884.413250584297,23097.761658031086,25474.109863598394,10.28821857611061,14.489825117050906
D12_I405_N,L405N-114,NT,132,0,69.87221649484539,6501.343523316062,0.0,0.0,24082.089872335877,33642.019450760214,39.697258955113504,
D12_I405_N,L405N-115,AM,36,0,68.79321243523314,10708.470466321243,0.0,0.0,26803.580310880825,24515.346598267533,-8.537044999486097,
D12_I405_N,L405N-115,MD,72,0,68.79321243523314,10708.470466321243,0.0,0.0,57041.34715025907,58975.724451847855,3.391184462199364,
D12_I405_N,L405N-115,PM,48,45,68.79321243523314,10708.470466321243,32843.35751295337,39354.844979547066,35444.02590673575,42031.86107269772,18.58658828231481,19.82588858043997
D12_I405_N,L405N-115,NT,132,0,68.79321243523314,10708.470466321243,0.0,0.0,42162.50072111531,75218.69476260454,78.40188194751558,
D12_I405_N,L405N-116,AM,36,0,69.66487046632122,8999.8296373057,0.0,0.0,18319.937823834196,18573.778920547687,1.3856002086603414,
D12_I405_N,L405N-116,MD,72,2,69.66487046632122,8999.8296373057,1459.6113989637306,1499.709302404301,46260.19689119171,49884.434651520605,7.834462462089048,2.747162941385527
D12_I405_N,L405N-116,PM,48,47,69.66487046632122,8999.8296373057,31113.93782383419,33114.81094059031,31793.27461139896,33864.24764417575,6.513871433785183,6.430793582236294
D12_I405_N,L405N-116,NT,132,0,69.66487046632122,8999.8296373057,0.0,0.0,34480.995299396396,50964.58411916932,47.804852141438836,
D12_I405_N,L405N-117,AM,36,0,66.77185019496822,7620.290673575129,0.0,0.0,17957.17616580311,17834.232823733983,-0.6846474130117165,
D12_I405_N,L405N-117,MD,72,0,66.77185019496822,7620.290673575129,0.0,0.0,41972.886010362694,40491.33455343951,-3.52978219452768,
D12_I405_N,L405N-117,PM,48,20,66.77185019496822,7620.290673575129,11232.42487046632,12673.393560116725,27675.321243523318,30248.662488341128,9.298324749961239,12.828651927503005
D12_I405_N,L405N-117,NT,132,0,66.77185019496822,7620.290673575129,0.0,0.0,34686.439826932314,35872.73120514785,3.420043637036628,
D12_I405_N,L405N-120,AM,36,5,67.86520525078785,6099.512642487047,2179.036269430052,2539.326939257585,16378.523316062176,17462.124888553728,6.6159906578933185,16.53440444668552
D12_I405_N,L405N-120,MD,72,1,67.86520525078785,6099.512642487047,426.11917098445593,508.16889806932005,34679.09844559585,34763.7048192871,0.24396935757709182,19.255112811588837
D12_I405_N,L405N-120,PM,48,38,67.86520525078785,6099.512642487047,16862.48186528497,18963.467390695572,21598.17098445596,24033.47838844738,11.275526088501167,12.459527264108901
D12_I405_N,L405N-120,NT,132,0,67.86520525078785,6099.512642487047,0.0,0.0,27719.139175257733,37816.481583654786,36.427330389141375,
D12_I405_N,L405N-122,AM,36,0,69.26106217616588,6852.048186528497,0.0,0.0,18605.419689119168,17243.610229205493,-7.319423494166536,
D12_I405_N,L405N-122,MD,72,0,69.26106217616588,6852.048186528497,0.0,0.0,37638.77720207254,38063.096956872876,1.1273473431994825,
D12_I405_N,L405N-122,PM,48,0,69.26106217616588,6852.048186528497,0.0,0.0,25200.544041450776,26480.45613696635,5.078906603803187,
D12_I405_N,L405N-122,NT,132,0,69.26106217616588,6852.048186528497,0.0,0.0,27026.023850221674,37568.014902077906,39.006814728944164,
D12_I405_N,L405N-123,AM,36,0,70.42417098445591,7214.004559585493,0.0,0.0,19038.18652849741,18465.132565254236,-3.010023892692684,
D12_I405_N,L405N-123,MD,72,0,70.42417098445591,7214.004559585493,0.0,0.0,39099.03626943005,41495.87562372277,6.130175019599432,
D12_I405_N,L405N-123,PM,48,0,70.42417098445591,7214.004559585493,0.0,0.0,27365.725388601033,28644.851044809657,4.674188745391097,
D12_I405_N,L405N-123,NT,132,0,70.42417098445591,7214.004559585493,0.0,0.0,27084.32965653544,40005.043886182335,47.705497582913715,
D12_I405_N,L405N-126,AM,36,0,69.26042839591905,6784.404248704664,0.0,0.0,15877.652849740933,18078.38191688153,13.860544048716289,
D12_I405_N,L405N-126,MD,72,0,69.26042839591905,6784.404248704664,0.0,0.0,33116.84455958549,37564.46381355138,13.430081618928142,
D12_I405_N,L405N-126,PM,48,9,69.26042839591905,6784.404248704664,4486.554404145078,5074.274494400212,24864.466321243526,26993.737476511655,8.56351038368733,13.099586839115245
D12_I405_N,L405N-126,NT,132,0,69.26042839591905,6784.404248704664,0.0,0.0,19719.937823834196,38966.66587445146,97.60034855360955,
D12_I405_N,L405N-134,AM,36,0,68.22214398269323,8284.166424870466,0.0,0.0,16779.979274611396,17003.154365396706,1.3300081432340014,
D12_I405_N,L405N-134,MD,72,0,68.22214398269323,8284.166424870466,0.0,0.0,39796.86528497409,45235.7201012974,13.666540762387204,
D12_I405_N,L405N-134,PM,48,21,68.22214398269323,8284.166424870466,13760.269430051814,14413.42910572794,31658.81865284974,32902.99890868247,3.9299642525377014,4.746707024861409
D12_I405_N,L405N-134,NT,132,0,68.22214398269323,8284.166424870466,0.0,0.0,29174.78863308584,44026.842911066524,50.90715296952529,
D12_I405_S,L405S-001,AM,36,0,68.81676165803107,6379.337720207254,0.0,0.0,16811.445595854922,15542.873567887818,-7.54588307551545,
D12_I405_S,L405S-001,MD,72,0,68.81676165803107,6379.337720207254,0.0,0.0,33845.468911917094,34736.07148451748,2.6313790330935625,
D12_I405_S,L405S-001,PM,48,0,68.81676165803107,6379.337720207254,0.0,0.0,24904.544041450776,23261.483260268302,-6.597433699038162,
D12_I405_S,L405S-001,NT,132,0,68.81676165803107,6379.337720207254,0.0,0.0,25158.613348645904,40483.124565138554,60.911589220466524,
D12_I405_S,L405S-003,AM,36,0,69.87360103626942,6582.63139896373,0.0,0.0,15263.699481865286,14779.388937304331,-3.1729564981042833,
D12_I405_S,L405S-003,MD,72,0,69.87360103626942,6582.63139896373,0.0,0.0,31129.76165803109,36909.258071042146,18.56582288197513,
D12_I405_S,L405S-003,PM,48,0,69.87360103626942,6582.63139896373,0.0,0.0,24607.300518134714,26044.45951220345,5.840376489122005,
D12_I405_S,L405S-003,NT,132,0,69.87360103626942,6582.63139896373,0.0,0.0,25192.858234068688,38745.90962782548,53.79719628409924,
D12_I405_S,L405S-004,AM,36,20,70.05857512953368,10063.23761658031,14787.968911917098,15712.756311456733,26559.108808290155,27752.367794634352,4.492842719073968,6.253647171210791
D12_I405_S,L405S-004,MD,72,5,70.05857512953368,10063.23761658031,3645.4300518134705,4124.398267596593,49627.927461139894,55179.615409702776,11.186620583561572,13.138867266013035
D12_I405_S,L405S-004,PM,48,0,70.05857512953368,10063.23761658031,0.0,0.0,31782.077720207253,34504.195589160474,8.56494623453293,
D12_I405_S,L405S-004,NT,132,0,70.05857512953368,10063.23761658031,0.0,0.0,29872.44420704022,55356.7023987375,85.3102545445252,
D12_I405_S,L405S-005,AM,36,20,70.43924870466323,9447.996062176166,13361.616580310882,14490.60910103433,24612.86528497409,25894.150531789277,5.205754112656679,8.449520414970477
D12_I405_S,L405S-005,MD,72,4,70.43924870466323,9447.996062176166,2702.139896373057,3093.0156801427765,46808.27979274611,50899.015229608005,8.739341533110217,14.465416253776194
D12_I405_S,L405S-005,PM,48,0,70.43924870466323,9447.996062176166,0.0,0.0,29479.238341968914,29871.729279588275,1.3314147844199238,
D12_I405_S,L405S-005,NT,132,0,70.43924870466323,9447.996062176166,0.0,0.0,29376.18294962876,48549.59482319112,65.26856095102261,
D12_I405_S,L405S-007,AM,36,0,69.34860103626941,6439.642383419689,0.0,0.0,18004.466321243526,16377.371322124302,-9.037174277137058,
D12_I405_S,L405S-007,MD,72,0,69.34860103626941,6439.642383419689,0.0,0.0,35046.756476683935,34997.37124168275,-0.14091242661512135,
D12_I405_S,L405S-007,PM,48,0,69.34860103626941,6439.642383419689,0.0,0.0,24673.26424870466,23179.197413215123,-6.0554080742193515,
D12_I405_S,L405S-007,NT,132,0,69.34860103626941,6439.642383419689,0.0,0.0,27528.93170770792,35906.78650092074,30.432909210447395,
D12_I405_S,L405S-009,AM,36,0,69.52088082901554,6483.646010362694,0.0,0.0,18045.64766839378,16352.837193218373,-9.38071332369132,
D12_I405_S,L405S-009,MD,72,0,69.52088082901554,6483.646010362694,0.0,0.0,35133.90673575129,34977.214758320304,-0.44598506681735134,
D12_I405_S,L405S-009,PM,48,0,69.52088082901554,6483.646010362694,0.0,0.0,24884.81865284974,23314.3241265686,-6.311054736584505,
D12_I405_S,L405S-009,NT,132,0,69.52088082901554,6483.646010362694,0.0,0.0,27494.40494631697,34973.67990691273,27.202898099446422,
D12_I405_S,L405S-012,AM,36,19,66.1694300518135,7124.559481865284,10254.844559585492,11166.38826627806,19081.020725388596,20093.754161326688,5.307543294005129,8.88890808043036
D12_I405_S,L405S-012,MD,72,1,66.1694300518135,7124.559481865284,521.2746113989637,592.7916907451445,31581.26943005181,36374.53975154203,15.177573314798707,13.719655203281016
D12_I405_S,L405S-012,PM,48,0,66.1694300518135,7124.559481865284,0.0,0.0,20111.492227979274,22636.51815462805,12.55513960886473,
D12_I405_S,L405S-012,NT,132,0,66.1694300518135,7124.559481865284,0.0,0.0,22418.5675177608,41688.37820855751,85.95469213423412,
D12_I405_S,L405S-013,AM,36,0,67.80075129533677,6089.9602072538855,0.0,0.0,16853.704663212433,16826.941427576166,-0.15879734557520847,
D12_I405_S,L405S-013,MD,72,0,67.80075129533677,6089.9602072538855,0.0,0.0,31888.61139896373,31500.00462141313,-1.218638129734398,
D12_I405_S,L405S-013,PM,48,0,67.80075129533677,6089.9602072538855,0.0,0.0,22429.248704663216,21866.778381099808,-2.5077537414191937,
D12_I405_S,L405S-013,NT,132,0,67.80075129533677,6089.9602072538855,0.0,0.0,24614.12552748251,29339.00046299312,19.195786298542792,
D12_I405_S,L405S-014,AM,36,0,68.82650259067357,6474.42621761658,0.0,0.0,17444.891191709845,15856.694551769222,-9.10407879583316,
D12_I405_S,L405S-014,MD,72,0,68.82650259067357,6474.42621761658,0.0,0.0,34499.16062176166,35588.37825427554,3.1572293727831187,
D12_I405_S,L405S-014,PM,48,43,68.82650259067357,6474.42621761658,21353.424870466322,22013.240996131386,23766.26424870466,24661.834937733445,3.768243421250335,3.089977976215178
D12_I405_S,L405S-014,NT,132,0,68.82650259067357,6474.42621761658,0.0,0.0,27115.837001228567,35828.22684885506,32.13026338531152,
D12_I405_S,L405S-018,AM,36,0,64.92997409326425,9123.548704663212,0.0,0.0,24940.621761658025,25902.385218513868,3.8562128324097777,
D12_I405_S,L405S-018,MD,72,0,64.92997409326425,9123.548704663212,0.0,0.0,45182.19689119171,48451.73978525844,7.236352189647804,
D12_I405_S,L405S-018,PM,48,0,64.92997409326425,9123.548704663212,0.0,0.0,30498.24870466321,34168.68529836653,12.034909378721503,
D12_I405_S,L405S-018,NT,132,0,64.92997409326425,9123.548704663212,0.0,0.0,40603.63594359276,47331.748943144456,16.570222944808446,
D12_I405_S,L405S-020,AM,36,18,70.27601036269428,8221.832642487047,11956.512953367877,12294.953661123156,22753.419689119168,23012.35332699361,1.137998777380548,2.830597090265751
D12_I405_S,L405S-020,MD,72,1,70.27601036269428,8221.832642487047,635.5388601036269,685.0788768818582,41524.79274611399,44538.957755667834,7.258711748382939,7.794962651088488
D12_I405_S,L405S-020,PM,48,0,70.27601036269428,8221.832642487047,0.0,0.0,28805.093264248706,30925.618918096327,7.36163439706512,
D12_I405_S,L405S-020,NT,132,0,70.27601036269428,8221.832642487047,0.0,0.0,28975.68938625073,48669.8820455105,67.96798653082219,
D12_I405_S,L405S-021,AM,36,0,70.40142487046636,6596.169948186528,0.0,0.0,18499.63730569948,16919.387893280702,-8.542056183620025,
D12_I405_S,L405S-021,MD,72,0,70.40142487046636,6596.169948186528,0.0,0.0,35845.191709844556,35902.62716908203,0.16023197672478579,
D12_I405_S,L405S-021,PM,48,0,70.40142487046636,6596.169948186528,0.0,0.0,25056.098445595853,24302.68329551726,-3.006913273886106,
D12_I405_S,L405S-021,NT,132,0,70.40142487046636,6596.169948186528,0.0,0.0,28101.987874579354,36933.15684752179,31.42542446590043,
D12_I405_S,L405S-023,AM,36,0,68.36453367875646,7710.991709844559,0.0,0.0,20787.66839378238,21719.53630001692,4.482791858048222,
D12_I405_S,L405S-023,MD,72,0,68.36453367875646,7710.991709844559,0.0,0.0,38343.222797927454,41003.00521456501,6.93677323540296,
D12_I405_S,L405S-023,PM,48,0,68.36453367875646,7710.991709844559,0.0,0.0,26217.704663212433,28249.089464083583,7.7481412921761335,
D12_I405_S,L405S-023,NT,132,0,68.36453367875646,7710.991709844559,0.0,0.0,26711.04628492067,46344.13850678574,73.50177156088658,
D12_I405_S,L405S-024,AM,36,0,69.50598445595858,7913.961917098446,0.0,0.0,20605.676165803103,21489.286300326698,4.288188009040062,
D12_I405_S,L405S-024,MD,72,0,69.50598445595858,7913.961917098446,0.0,0.0,38909.37046632124,41643.106562205714,7.025906775466108,
D12_I405_S,L405S-024,PM,48,0,69.50598445595858,7913.961917098446,0.0,0.0,26981.461139896368,26588.939088258256,-1.4547842668820712,
D12_I405_S,L405S-024,NT,132,0,69.50598445595858,7913.961917098446,0.0,0.0,28100.28875327173,46683.71281149665,66.13250212975566,
D12_I405_S,L405S-028,AM,36,0,68.38056994818653,6919.993367875647,0.0,0.0,17711.305699481865,19443.994330858393,9.782952543285484,
D12_I405_S,L405S-028,MD,72,0,68.38056994818653,6919.993367875647,0.0,0.0,35276.49740932642,36128.45303363404,2.4150799735644437,
D12_I405_S,L405S-028,PM,48,0,68.38056994818653,6919.993367875647,0.0,0.0,23856.523316062176,26058.969718561217,9.232051013133892,
D12_I405_S,L405S-028,NT,132,0,68.38056994818653,6919.993367875647,0.0,0.0,26454.92695368837,40731.51459303715,53.96570424987821,
D12_I405_S,L405S-030,AM,36,0,67.93362694300515,6559.633212435233,0.0,0.0,17857.44170984456,17410.173829731633,-2.504658211295481,
D12_I405_S,L405S-030,MD,72,0,67.93362694300515,6559.633212435233,0.0,0.0,33506.62176165803,34600.14738822153,3.2636105016556125,
D12_I405_S,L405S-030,PM,48,0,67.93362694300515,6559.633212435233,0.0,0.0,22633.167098445592,24402.08208645156,7.815587541557331,
D12_I405_S,L405S-030,NT,132,0,67.93362694300515,6559.633212435233,0.0,0.0,25135.318465893914,41439.84039115094,64.86697969385433,
D12_I405_S,L405S-041,AM,36,0,70.13461139896376,6849.881813471502,0.0,0.0,18632.639896373057,12744.44218206315,-31.601521561397618,
D12_I405_S,L405S-041,MD,72,0,70.13461139896376,6849.881813471502,0.0,0.0,37263.39378238341,24432.445743628377,-34.433117159664015,
D12_I405_S,L405S-041,PM,48,0,70.13461139896376,6849.881813471502,0.0,0.0,24816.362694300515,7284.273389207616,-70.6472963869094,
D12_I405_S,L405S-041,NT,132,0,70.13461139896376,6849.881813471502,0.0,0.0,27413.59365151434,51078.09419517995,86.32396337558745,
D12_I405_S,L405S-046,AM,36,0,68.85510362694299,7265.903626943005,0.0,0.0,19856.554404145078,19070.151543967695,-3.9604195379094578,
D12_I405_S,L405S-046,MD,72,0,68.85510362694299,7265.903626943005,0.0,0.0,36733.891191709845,38829.3873987229,5.7045309904058605,
D12_I405_S,L405S-046,PM,48,0,68.85510362694299,7265.903626943005,0.0,0.0,25592.709844559584,26325.44203750271,2.863050444417433,
D12_I405_S,L405S-046,NT,132,0,68.85510362694299,7265.903626943005,0.0,0.0,32160.941242455,40076.198750047,24.611398801796355,
D12_I405_S,L405S-052,AM,36,0,69.25357512953362,6412.650155440415,0.0,0.0,18053.9585492228,16479.733764062184,-8.719554666466118,
D12_I405_S,L405S-052,MD,72,0,69.25357512953362,6412.650155440415,0.0,0.0,34766.38860103626,34579.845806962825,-0.5365607461106182,
D12_I405_S,L405S-052,PM,48,0,69.25357512953362,6412.650155440415,0.0,0.0,24212.772020725388,22815.442954254337,-5.7710412722466495,
D12_I405_S,L405S-052,NT,132,0,69.25357512953362,6412.650155440415,0.0,0.0,27575.819908124562,34394.00626229352,24.72523528542534,
D12_I405_S,L405S-055,AM,36,0,69.42996220821544,9111.489326424871,0.0,0.0,25896.373056994813,26356.250226458535,1.7758362086134114,
D12_I405_S,L405S-055,MD,72,0,69.42996220821544,9111.489326424871,0.0,0.0,47744.65803108808,50470.52883596241,5.709268674831488,
D12_I405_S,L405S-055,PM,48,0,69.42996220821544,9111.489326424871,0.0,0.0,32092.186528497405,33523.714652015864,4.460674944187062,
D12_I405_S,L405S-055,NT,132,0,69.42996220821544,9111.489326424871,0.0,0.0,39166.92000961487,50064.21816350975,27.822708937082012,
D12_I405_S,L405S-058,AM,36,0,66.1042942417606,8331.75481865285,0.0,0.0,22837.937823834196,21052.03939926888,-7.819876025327957,
D12_I405_S,L405S-058,MD,72,0,66.1042942417606,8331.75481865285,0.0,0.0,38589.30051813471,34210.81691566754,-11.346366852152547,
D12_I405_S,L405S-058,PM,48,0,66.1042942417606,8331.75481865285,0.0,0.0,24382.953367875645,24070.61905661068,-1.2809535684732174,
D12_I405_S,L405S-058,NT,132,0,66.1042942417606,8331.75481865285,0.0,0.0,30196.657176432884,39600.65785399037,31.14252224215362,
D12_I405_S,L405S-061,AM,36,0,70.08528497409327,6671.663937823834,0.0,0.0,17912.834196891192,17038.00378016313,-4.88381909368586,
D12_I405_S,L405S-061,MD,72,0,70.08528497409327,6671.663937823834,0.0,0.0,33663.98445595855,36285.87738510588,7.788421280248231,
D12_I405_S,L405S-061,PM,48,35,70.08528497409327,6671.663937823834,17075.02590673575,18646.955311436293,23414.21243523316,25772.081632872276,10.070247735905266,9.206014756794296
D12_I405_S,L405S-061,NT,132,0,70.08528497409327,6671.663937823834,0.0,0.0,25948.639656001284,37093.11789062213,42.94821764208901,
D12_I405_S,L405S-063,AM,36,0,69.6378635623098,6573.1989637305705,0.0,0.0,18450.68134715026,16961.178091033464,-8.072890253165928,
D12_I405_S,L405S-063,MD,72,0,69.6378635623098,6573.1989637305705,0.0,0.0,35823.02590673575,35997.89772489039,0.4881547935395428,
D12_I405_S,L405S-063,PM,48,0,69.6378635623098,6573.1989637305705,0.0,0.0,25103.82383419689,24005.456775534014,-4.37529782680621,
D12_I405_S,L405S-063,NT,132,0,69.6378635623098,6573.1989637305705,0.0,0.0,28203.78580204049,37602.7106253573,33.32504681919977,
D12_I405_S,L405S-066,AM,36,0,70.3925647668394,6617.511606217617,0.0,0.0,18546.668393782384,16999.191857018577,-8.343690111387257,
D12_I405_S,L405S-066,MD,72,0,70.3925647668394,6617.511606217617,0.0,0.0,35941.85492227979,36057.03876542655,0.3204727285106301,
D12_I405_S,L405S-066,PM,48,0,70.3925647668394,6617.511606217617,0.0,0.0,25106.27979274611,24484.37981919656,-2.4770693973116353,
D12_I405_S,L405S-066,NT,132,0,70.3925647668394,6617.511606217617,0.0,0.0,28153.481090753696,37174.60197670969,32.04264814314118,
D12_I405_S,L405S-071,AM,36,0,69.42357966988945,8309.220621761659,0.0,0.0,22409.19170984456,20816.85422923737,-7.105733670472637,
D12_I405_S,L405S-071,MD,72,1,69.42357966988945,8309.220621761659,666.5647668393782,692.2370674916971,45888.69430051814,46868.41939348704,2.135003202646891,3.851433788504625
D12_I405_S,L405S-071,PM,48,46,69.42357966988945,8309.220621761659,28897.476683937817,29707.27126246068,30131.77720207254,31089.15144041815,3.1772909773133504,2.8023020396551543
D12_I405_S,L405S-071,NT,132,0,69.42357966988945,8309.220621761659,0.0,0.0,37065.38796004486,45142.6343083706,21.791883999791708,
D12_I405_S,L405S-073,AM,36,0,69.51917098445595,6595.741865284974,0.0,0.0,18525.279792746114,17047.955043531867,-7.974642033707467,
D12_I405_S,L405S-073,MD,72,0,69.51917098445595,6595.741865284974,0.0,0.0,35907.47668393783,36088.387224974496,0.5038241551448069,
D12_I405_S,L405S-073,PM,48,0,69.51917098445595,6595.741865284974,0.0,0.0,25072.668393782384,24504.240082213684,-2.2671233178741375,
D12_I405_S,L405S-073,NT,132,0,69.51917098445595,6595.741865284974,0.0,0.0,28128.50582233855,37382.288602139364,32.89823795920161,
D12_I405_S,L405S-075,AM,36,0,69.54365284974091,6587.243005181347,0.0,0.0,18511.09844559585,17028.626012446763,-8.00856004037835,
D12_I405_S,L405S-075,MD,72,0,69.54365284974091,6587.243005181347,0.0,0.0,35856.20725388601,36035.0228114955,0.4987018184699793,
D12_I405_S,L405S-075,PM,48,0,69.54365284974091,6587.243005181347,0.0,0.0,25020.932642487045,24390.0996467546,-2.521220950258479,
D12_I405_S,L405S-075,NT,132,0,69.54365284974091,6587.243005181347,0.0,0.0,28097.22562897281,37509.436031761594,33.498718083693156,
D12_I405_S,L405S-081,AM,36,0,69.57632124352331,6553.401761658031,0.0,0.0,18341.98445595855,16770.058441802976,-8.57009784262968,
D12_I405_S,L405S-081,MD,72,0,69.57632124352331,6553.401761658031,0.0,0.0,35748.497409326425,35815.199225093034,0.18658634795992282,
D12_I405_S,L405S-081,PM,48,0,69.57632124352331,6553.401761658031,0.0,0.0,25117.709844559584,23985.770359988826,-4.506539376303576,
D12_I405_S,L405S-081,NT,132,0,69.57632124352331,6553.401761658031,0.0,0.0,28157.117621921905,36591.90849590231,29.956158820082646,
D12_I405_S,L405S-085,AM,36,0,70.27805699481863,6552.221658031088,0.0,0.0,18357.42487046632,16686.525404497894,-9.102036248322559,
D12_I405_S,L405S-085,MD,72,0,70.27805699481863,6552.221658031088,0.0,0.0,35759.751295336784,35726.5180538151,-0.09293476693171063,
D12_I405_S,L405S-085,PM,48,0,70.27805699481863,6552.221658031088,0.0,0.0,25096.17616580311,23640.579754699145,-5.8000724950576705,
D12_I405_S,L405S-085,NT,132,0,70.27805699481863,6552.221658031088,0.0,0.0,28279.33067143849,36229.14078005799,28.111733622637107,
D12_I405_S,L405S-090,AM,36,0,69.50497409326427,6514.448704663212,0.0,0.0,18213.393782383417,16588.82152163338,-8.91965704009197,
D12_I405_S,L405S-090,MD,72,0,69.50497409326427,6514.448704663212,0.0,0.0,35493.02590673575,35443.17672953717,-0.14044780890073089,
D12_I405_S,L405S-090,PM,48,0,69.50497409326427,6514.448704663212,0.0,0.0,24958.616580310878,23462.234550856803,-5.995452611081524,
D12_I405_S,L405S-090,NT,132,0,69.50497409326427,6514.448704663212,0.0,0.0,27819.78144864056,35906.632102675896,29.068706628644307,
D12_I405_S,L405S-096,AM,36,0,70.26911917098451,6534.3646632124355,0.0,0.0,18178.202072538857,16585.274205182614,-8.76284607795521,
D12_I405_S,L405S-096,MD,72,0,70.26911917098451,6534.3646632124355,0.0,0.0,35433.45077720207,35457.5959798706,0.06814239691287502,
D12_I405_S,L405S-096,PM,48,0,70.26911917098451,6534.3646632124355,0.0,0.0,25031.26424870466,23458.289971745726,-6.2840384781617065,
D12_I405_S,L405S-096,NT,132,0,70.26911917098451,6534.3646632124355,0.0,0.0,27805.317424282886,35410.622791383226,27.35198182078112,
D12_I405_S,L405S-097,AM,36,0,69.57805699481861,6552.8359585492235,0.0,0.0,18357.0103626943,16701.25497513452,-9.01974425489597,
D12_I405_S,L405S-097,MD,72,0,69.57805699481861,6552.8359585492235,0.0,0.0,35762.538860103625,35715.7912150045,-0.1307167963717328,
D12_I405_S,L405S-097,PM,48,0,69.57805699481861,6552.8359585492235,0.0,0.0,25096.010362694302,23647.720845209922,-5.770995056797115,
D12_I405_S,L405S-097,NT,132,0,69.57805699481861,6552.8359585492235,0.0,0.0,28279.515143421828,36185.88378140384,27.957935621895324,
D12_I405_S,L405S-098,AM,36,0,70.23997409326431,6535.007564766839,0.0,0.0,18155.41450777202,16550.913592391775,-8.837588999652894,
D12_I405_S,L405S-098,MD,72,0,70.23997409326431,6535.007564766839,0.0,0.0,35435.59585492227,35449.47564377812,0.039169057330580855,
D12_I405_S,L405S-098,PM,48,0,70.23997409326431,6535.007564766839,0.0,0.0,25024.880829015543,23406.211646466523,-6.468239323930066,
D12_I405_S,L405S-098,NT,132,0,70.23997409326431,6535.007564766839,0.0,0.0,27794.805966561617,34987.411648983994,25.877517155814655,
D12_I405_S,L405S-102,AM,36,19,67.83608247422681,9418.407668393782,13143.108808290155,14313.650259016656,25073.0,26416.3781438006,5.3578676018051326,8.90612310831795
D12_I405_S,L405S-102,MD,72,3,67.83608247422681,9418.407668393782,2069.5077720207255,2334.979184669739,48788.678756476686,50905.936941912514,4.339650589850751,12.827756253836133
D12_I405_S,L405S-102,PM,48,0,67.83608247422681,9418.407668393782,0.0,0.0,30815.0518134715,30659.288010065044,-0.5054796089564229,
D12_I405_S,L405S-102,NT,132,0,67.83608247422681,9418.407668393782,0.0,0.0,33225.0248918327,42160.83972957452,26.894832635440423,
D12_I405_S,L405S-108,AM,36,17,68.37217328727691,7627.09872193437,9113.751871042026,10781.037040410203,20120.3402417962,21672.68435056786,7.71529750549128,18.29416899823439
D12_I405_S,L405S-108,MD,72,0,68.37217328727691,7627.09872193437,0.0,0.0,40720.3713298791,41157.579519545776,1.0736841914451587,
D12_I405_S,L405S-108,PM,48,0,68.37217328727691,7627.09872193437,0.0,0.0,27007.156591824983,27680.12328550015,2.4918087596043823,
D12_I405_S,L405S-108,NT,132,0,68.37217328727691,7627.09872193437,0.0,0.0,28572.52732819353,40908.38712988866,43.173848991380254,
D12_I405_S,L405S-109,AM,36,0,67.94861679397467,9693.728393782383,0.0,0.0,26982.68393782384,26343.609582626163,-2.3684610347521233,
D12_I405_S,L405S-109,MD,72,0,67.94861679397467,9693.728393782383,0.0,0.0,52675.74093264248,54079.50777845389,2.6649209312621354,
D12_I405_S,L405S-109,PM,48,0,67.94861679397467,9693.728393782383,0.0,0.0,37781.150259067355,36121.91470605678,-4.391702056801107,
D12_I405_S,L405S-109,NT,132,0,67.94861679397467,9693.728393782383,0.0,0.0,42425.50622295817,50010.8758550926,17.879267232006956,
D12_I405_S,L405S-110,AM,36,0,68.45569948186528,9941.037823834196,0.0,0.0,27059.669430051814,25756.18867162612,-4.817060909761441,
D12_I405_S,L405S-110,MD,72,0,68.45569948186528,9941.037823834196,0.0,0.0,50813.264248704654,52312.90678427069,2.9512816343112003,
D12_I405_S,L405S-110,PM,48,0,68.45569948186528,9941.037823834196,0.0,0.0,36694.4829015544,35939.057795546905,-2.0586885173833487,
D12_I405_S,L405S-110,NT,132,0,68.45569948186528,9941.037823834196,0.0,0.0,37919.79051332727,56931.588880935524,50.13687604873864,
D12_I405_S,L405S-112,AM,36,0,69.02399827288428,6712.858860103626,0.0,0.0,16765.06735751295,19054.59714470725,13.65654988656094,
D12_I405_S,L405S-112,MD,72,0,69.02399827288428,6712.858860103626,0.0,0.0,35486.005181347144,36221.6416618848,2.073032669578535,
D12_I405_S,L405S-112,PM,48,0,69.02399827288428,6712.858860103626,0.0,0.0,24955.556131260793,26026.25802712051,4.290434924503623,
D12_I405_S,L405S-112,NT,132,0,69.02399827288428,6712.858860103626,0.0,0.0,26771.48655698591,38383.859198061335,43.37589777227079,
D12_I405_S,L405S-114,AM,36,27,67.94748704663212,6378.10865284974,10522.774611398963,13638.785818019787,14731.45077720207,17792.607478163416,20.77973681790185,29.61206831556912
D12_I405_S,L405S-114,MD,72,4,67.94748704663212,6378.10865284974,1531.4430051813472,2115.1643612245916,31202.76424870466,34530.2376845912,10.664034152117384,38.11577408159062
D12_I405_S,L405S-114,PM,48,0,67.94748704663212,6378.10865284974,0.0,0.0,21646.549222797927,23223.591752686818,7.285422326011973,
D12_I405_S,L405S-114,NT,132,0,67.94748704663212,6378.10865284974,0.0,0.0,23285.31586186635,34167.395204359695,46.733655695496026,
D12_I405_S,L405S-115,AM,36,28,69.34137305699481,7260.525699481866,11963.689119170982,15324.93747677164,16222.25906735751,19392.416943069955,19.54202471153631,28.09541709182739
D12_I405_S,L405S-115,MD,72,7,69.34137305699481,7260.525699481866,3137.59585492228,4182.872256524948,35454.694300518124,41022.00600470976,15.702608114464198,33.31456471561919
D12_I405_S,L405S-115,PM,48,0,69.34137305699481,7260.525699481866,0.0,0.0,25119.455958549224,25397.657423096272,1.1075138928411554,
D12_I405_S,L405S-115,NT,132,0,69.34137305699481,7260.525699481866,0.0,0.0,26032.38419422039,41340.18716980482,58.802923548520035,
D12_I405_S,L405S-117,AM,36,20,70.45297927461141,8514.480621761657,12179.974093264247,13356.247501565022,22158.367875647666,23485.60727293574,5.989788619525213,9.657437686598
D12_I405_S,L405S-117,MD,72,5,70.45297927461141,8514.480621761657,3030.124352331606,3492.8180441150935,42431.357512953364,46263.55836616522,9.031530165024696,15.269792192767795
D12_I405_S,L405S-117,PM,48,0,70.45297927461141,8514.480621761657,0.0,0.0,26964.75647668394,27981.867909055483,3.772003033852826,
D12_I405_S,L405S-117,NT,132,0,70.45297927461141,8514.480621761657,0.0,0.0,26307.637065327704,44692.725986482576,69.88498767677467,
D12_I405_S,L405S-123,AM,36,0,67.9805958549223,8192.865699481865,0.0,0.0,22138.538860103625,23006.165185396232,3.9190767320971527,
D12_I405_S,L405S-123,MD,72,0,67.9805958549223,8192.865699481865,0.0,0.0,37668.80310880829,42010.487559557965,11.525942138932557,
D12_I405_S,L405S-123,PM,48,0,67.9805958549223,8192.865699481865,0.0,0.0,23649.305699481865,25849.615828523034,9.3039100470902,
D12_I405_S,L405S-123,NT,132,0,67.9805958549223,8192.865699481865,0.0,0.0,29910.54962341755,45744.4485542585,52.93750576366635,
D12_I405_S,L405S-127,AM,36,0,66.91551813471504,5011.245388601036,0.0,0.0,13561.585492227983,14052.534895289227,3.6201475361608906,
D12_I405_S,L405S-127,MD,72,0,66.91551813471504,5011.245388601036,0.0,0.0,24182.870466321245,26605.6546811615,10.01859650290231,
D12_I405_S,L405S-127,PM,48,0,66.91551813471504,5011.245388601036,0.0,0.0,16410.24870466321,18967.12702217939,15.580984563564884,
D12_I405_S,L405S-127,NT,132,0,66.91551813471504,5011.245388601036,0.0,0.0,17752.349393728968,31768.07257586644,78.95137072442107,
D12_I405_S,L405S-132,AM,36,26,68.20885694318325,7841.2229015544035,12860.082901554402,16349.55983177682,18619.602763385148,22135.6362062407,18.883504055036653,27.134171349709135
D12_I405_S,L405S-132,MD,72,4,68.20885694318325,7841.2229015544035,1972.4887737478414,2591.754799632081,40192.42832469775,43335.19791274032,7.819307563736761,31.395160982721272
D12_I405_S,L405S-132,PM,48,0,68.20885694318325,7841.2229015544035,0.0,0.0,27737.533678756474,28893.61056209929,4.167915203752336,
D12_I405_S,L405S-132,NT,132,0,68.20885694318325,7841.2229015544035,0.0,0.0,29402.449415095343,40322.55202668389,37.14011189143349,
D12_I5_N,L5N-006,AM,36,0,66.35700029378773,6344.296632124352,0.0,0.0,16670.051813471502,14865.958309710142,-10.822362905335574,
D12_I5_N,L5N-006,MD,72,0,66.35700029378773,6344.296632124352,0.0,0.0,33043.69430051813,33001.12371774023,-0.12883118452416653,
D12_I5_N,L5N-006,PM,48,0,66.35700029378773,6344.296632124352,0.0,0.0,20250.880829015543,20826.691122774922,2.843383942758461,
D12_I5_N,L5N-006,NT,132,0,66.35700029378773,6344.296632124352,0.0,0.0,20707.67652636077,30251.240499859538,46.087082543277404,
D12_I5_N,L5N-007,AM,36,0,66.83911917098446,6680.5581347150255,0.0,0.0,17461.533678756477,15009.309947800575,-14.043575874089756,
D12_I5_N,L5N-007,MD,72,0,66.83911917098446,6680.5581347150255,0.0,0.0,34776.31088082901,34001.1870170999,-2.228884674930857,
D12_I5_N,L5N-007,PM,48,0,66.83911917098446,6680.5581347150255,0.0,0.0,21029.04835924007,20951.14431108068,-0.37045921826110784,
D12_I5_N,L5N-007,NT,132,0,66.83911917098446,6680.5581347150255,0.0,0.0,21867.516327475387,31948.596033139853,46.100707344611045,
D12_I5_N,L5N-010,AM,36,0,71.88478513434113,6777.8909844559585,0.0,0.0,16416.098445595853,15737.739238690157,-4.132280329298875,
D12_I5_N,L5N-010,MD,72,4,71.88478513434113,6777.8909844559585,2040.683937823834,2242.6870435076935,35682.886010362694,38090.323859716176,6.746757671602954,9.89879431791254
D12_I5_N,L5N-010,PM,48,35,71.88478513434113,6777.8909844559585,18011.445595854922,19617.736914379173,24283.445595854922,26555.5653921927,9.35666146457247,8.918169893558769
D12_I5_N,L5N-010,NT,132,0,71.88478513434113,6777.8909844559585,0.0,0.0,25840.82821430479,39532.20783077466,52.98351702555218,
D12_I5_N,L5N-014,AM,36,0,71.62605670103096,8320.134715025906,0.0,0.0,20367.077720207253,18380.02134607972,-9.756217369151928,
D12_I5_N,L5N-014,MD,72,0,71.62605670103096,8320.134715025906,0.0,0.0,43545.63730569948,44317.70947090781,1.773018407764301,
D12_I5_N,L5N-014,PM,48,0,71.62605670103096,8320.134715025906,0.0,0.0,28547.321243523318,25972.18483414936,-9.020588612874466,
D12_I5_N,L5N-014,NT,132,0,71.62605670103096,8320.134715025906,0.0,0.0,25234.305432402114,44036.619866150904,74.51092515352404,
D12_I5_N,L5N-018,AM,36,0,70.11502590673575,4181.652435233161,0.0,0.0,9967.715025906735,5294.868070160436,-46.87982093791072,
D12_I5_N,L5N-018,MD,72,0,70.11502590673575,4181.652435233161,0.0,0.0,23990.84455958549,18226.975863673768,-24.025284652218634,
D12_I5_N,L5N-018,PM,48,0,70.11502590673575,4181.652435233161,0.0,0.0,15167.300518134714,9225.513490992542,-39.17498054474428,
D12_I5_N,L5N-018,NT,132,0,70.11502590673575,4181.652435233161,0.0,0.0,14636.621601410181,21641.77438563037,47.86044877695869,
D12_I5_N,L5N-021,AM,36,0,68.93706185567014,5772.193056994819,0.0,0.0,14323.860103626943,11996.587994587717,-16.24752051613474,
D12_I5_N,L5N-021,MD,72,0,68.93706185567014,5772.193056994819,0.0,0.0,31585.580310880825,33095.23392317732,4.779565857070674,
D12_I5_N,L5N-021,PM,48,0,68.93706185567014,5772.193056994819,0.0,0.0,19676.937823834196,21288.039975935564,8.1877686788738,
D12_I5_N,L5N-021,NT,132,0,68.93706185567014,5772.193056994819,0.0,0.0,18028.82172426686,32643.467670071637,81.06267935487658,
D12_I5_N,L5N-025,AM,36,0,68.84321630788956,7021.951709844559,0.0,0.0,17266.963730569943,15343.224098391876,-11.14115754336254,
D12_I5_N,L5N-025,MD,72,0,68.84321630788956,7021.951709844559,0.0,0.0,37191.839378238335,39396.41460339358,5.927577828928749,
D12_I5_N,L5N-025,PM,48,0,68.84321630788956,7021.951709844559,0.0,0.0,24136.181347150257,24139.30551787136,0.012943931254767347,
D12_I5_N,L5N-025,NT,132,0,68.84321630788956,7021.951709844559,0.0,0.0,20856.924122643017,39011.71243178645,87.0444184501489,
D12_I5_N,L5N-026,AM,36,0,68.42344559585496,8670.696062176166,0.0,0.0,23100.134715025903,20959.699802336057,-9.265897965943722,
D12_I5_N,L5N-026,MD,72,0,68.42344559585496,8670.696062176166,0.0,0.0,42878.51295336788,47399.64711131726,10.54405539405319,
D12_I5_N,L5N-026,PM,48,0,68.42344559585496,8670.696062176166,0.0,0.0,26708.34196891191,29847.79717524657,11.754586675537315,
D12_I5_N,L5N-026,NT,132,0,68.42344559585496,8670.696062176166,0.0,0.0,32480.50806580845,46619.11023744161,43.529498193153465,
D12_I5_N,L5N-028,AM,36,0,68.20081606217619,7705.334611398964,0.0,0.0,19790.63212435233,18719.911439738076,-5.410239945275598,
D12_I5_N,L5N-028,MD,72,18,68.20081606217619,7705.334611398964,9107.803108808288,11498.240528219929,39169.391191709845,44865.56382047653,14.542407873759014,26.246037500523194
D12_I5_N,L5N-028,PM,48,47,68.20081606217619,7705.334611398964,21471.816062176167,29801.46566292284,21928.233160621756,30443.404766467287,38.8320004784375,38.79340981976755
D12_I5_N,L5N-028,NT,132,0,68.20081606217619,7705.334611398964,0.0,0.0,31180.972984883294,46737.76818784313,49.8919492040927,
D12_I5_N,L5N-034,AM,36,0,69.03187436568558,7473.050051813471,0.0,0.0,19840.393782383417,20690.276614894363,4.283598611160479,
D12_I5_N,L5N-034,MD,72,0,69.03187436568558,7473.050051813471,0.0,0.0,43416.937823834196,44079.05932070676,1.5250303915009937,
D12_I5_N,L5N-034,PM,48,0,69.03187436568558,7473.050051813471,0.0,0.0,25734.808290155437,29604.41780271288,15.036480819784149,
D12_I5_N,L5N-034,NT,132,0,69.03187436568558,7473.050051813471,0.0,0.0,34228.11126542385,45725.46451078996,33.590381766055465,
D12_I5_N,L5N-035,AM,36,0,67.28275198974414,6591.930466321243,0.0,0.0,17254.616580310878,16780.17372444256,-2.7496574824485,
D12_I5_N,L5N-035,MD,72,3,67.28275198974414,6591.930466321243,1334.8393782383419,1641.1490722750286,33224.77202072539,38163.891755919736,14.865774645837625,22.947307296323537
D12_I5_N,L5N-035,PM,48,48,67.28275198974414,6591.930466321243,19040.880829015543,25468.65522083584,19040.880829015543,25468.65522083584,33.75775758243968,33.75775758243968
D12_I5_N,L5N-035,NT,132,1,67.28275198974414,6591.930466321243,415.1088082901554,549.1926850875085,27244.37185513594,36607.02628482542,34.36546263379711,32.30089897384934
D12_I5_N,L5N-038,AM,36,0,70.38398963730566,8165.922279792746,0.0,0.0,21351.502590673575,20832.685061752454,-2.4298876705180597,
D12_I5_N,L5N-038,MD,72,26,70.38398963730566,8165.922279792746,15510.715025906735,17611.409097797823,43608.72538860104,48306.44716001768,10.772435400381102,13.543502465117882
D12_I5_N,L5N-038,PM,48,48,70.38398963730566,8165.922279792746,24813.82901554404,32143.410724344634,24813.82901554404,32143.410724344634,29.53829376437288,29.53829376437288
D12_I5_N,L5N-038,NT,132,5,70.38398963730566,8165.922279792746,2697.103626943005,3392.9702668431755,33686.36360237166,46669.8842153555,38.54236321331444,25.800515521492617
D12_I5_N,L5N-042,AM,36,0,67.88020725388597,8415.374611398964,0.0,0.0,22281.378238341968,24397.561225562127,9.497540792062026,
D12_I5_N,L5N-042,MD,72,0,67.88020725388597,8415.374611398964,0.0,0.0,45153.61139896372,49377.293393004176,9.354029197623353,
D12_I5_N,L5N-042,PM,48,0,67.88020725388597,8415.374611398964,0.0,0.0,28778.580310880832,33232.85267169258,15.477734873278786,
D12_I5_N,L5N-042,NT,132,0,67.88020725388597,8415.374611398964,0.0,0.0,44970.38080230757,53579.24383284641,19.143407009124317,
D12_I5_N,L5N-043,AM,36,0,70.75067010309282,7069.443419689119,0.0,0.0,18549.65803108808,15342.49254706914,-17.28962053448064,
D12_I5_N,L5N-043,MD,72,0,70.75067010309282,7069.443419689119,0.0,0.0,37495.82383419689,38965.428898168466,3.9193833171129544,
D12_I5_N,L5N-043,PM,48,46,70.75067010309282,7069.443419689119,20566.290155440412,24456.472322682224,21674.38860103627,25634.567897226563,18.27123878364419,18.9153325069312
D12_I5_N,L5N-043,NT,132,2,70.75067010309282,7069.443419689119,991.020725388601,1176.2534280249272,33071.92115805779,37336.211621609924,12.89399077595818,18.691102808540393
D12_I5_N,L5N-045,AM,36,0,70.88689119170982,6970.435958549223,0.0,0.0,17755.538860103625,13777.928422306812,-22.402082353774304,
D12_I5_N,L5N-045,MD,72,1,70.88689119170982,6970.435958549223,550.1502590673574,580.0305139641064,36953.321243523314,37525.76450498973,1.5490982737221448,5.431289798427703
D12_I5_N,L5N-045,PM,48,48,70.88689119170982,6970.435958549223,22360.170984455955,26706.485659349913,22360.170984455955,26706.485659349913,19.43775241215897,19.43775241215897
D12_I5_N,L5N-045,NT,132,1,70.88689119170982,6970.435958549223,512.3212435233161,579.8231432791436,32532.036910421448,37877.78271697461,16.432250526682154,13.175697984258077
D12_I5_N,L5N-050,AM,36,0,71.38746134020622,6873.83518134715,0.0,0.0,16930.256476683935,15998.58232584595,-5.503012621935595,
D12_I5_N,L5N-050,MD,72,0,71.38746134020622,6873.83518134715,0.0,0.0,36672.99222797927,37174.45925091924,1.367401437609922,
D12_I5_N,L5N-050,PM,48,0,71.38746134020622,6873.83518134715,0.0,0.0,25218.321243523314,23424.011364841997,-7.115104377307192,
D12_I5_N,L5N-050,NT,132,0,71.38746134020622,6873.83518134715,0.0,0.0,21149.14537150793,35991.720612277975,70.18049656401682,
D12_I5_N,L5N-051,AM,36,0,68.12288659793818,4973.218134715026,0.0,0.0,12785.663212435233,11157.603633095718,-12.733477742132903,
D12_I5_N,L5N-051,MD,72,0,68.12288659793818,4973.218134715026,0.0,0.0,24050.78756476684,25773.91873311946,7.1645519453879185,
D12_I5_N,L5N-051,PM,48,0,68.12288659793818,4973.218134715026,0.0,0.0,15172.575129533678,17931.291193522477,18.182253443707857,
D12_I5_N,L5N-051,NT,132,0,68.12288659793818,4973.218134715026,0.0,0.0,16367.788152342288,21291.89939653039,30.08415797148159,
D12_I5_N,L5N-054,AM,36,0,65.09458762886595,5592.964974093264,0.0,0.0,14009.943005181343,13987.988253700038,-0.15670835686616372,
D12_I5_N,L5N-054,MD,72,4,65.09458762886595,5592.964974093264,1763.6943005181347,1833.3004529824032,30612.886010362694,32083.81685746999,4.80494013733097,3.9466109542804384
D12_I5_N,L5N-054,PM,48,48,65.09458762886595,5592.964974093264,17487.43005181347,20911.960292220807,17487.43005181347,20911.960292220807,19.582810225749604,19.582810225749604
D12_I5_N,L5N-054,NT,132,4,65.09458762886595,5592.964974093264,1653.5544041450776,1851.8633379999592,24954.269162972065,38549.94129240792,54.48234945549737,11.99288837172621
D12_I5_N,L5N-056,AM,36,0,66.72279639175258,5584.354974093265,0.0,0.0,13798.974093264247,12213.776004599022,-11.487796686559584,
D12_I5_N,L5N-056,MD,72,0,66.72279639175258,5584.354974093265,0.0,0.0,30959.658031088085,30661.66088078592,-0.9625337269647255,
D12_I5_N,L5N-056,PM,48,0,66.72279639175258,5584.354974093265,0.0,0.0,20271.779792746114,17783.516235758743,-12.274519467095587,
D12_I5_N,L5N-056,NT,132,0,66.72279639175258,5584.354974093265,0.0,0.0,19596.66975588911,30626.64270937168,56.28493560834686,
D12_I5_N,L5N-057,AM,36,0,69.8855670103093,4710.228497409326,0.0,0.0,11856.989637305698,9399.89335708382,-20.722766531659147,
D12_I5_N,L5N-057,MD,72,0,69.8855670103093,4710.228497409326,0.0,0.0,25395.673575129535,24889.03363273776,-1.9949852516923894,
D12_I5_N,L5N-057,PM,48,0,69.8855670103093,4710.228497409326,0.0,0.0,15855.948186528498,16358.35102120918,3.168544881519815,
D12_I5_N,L5N-057,NT,132,0,69.8855670103093,4710.228497409326,0.0,0.0,14940.843998718017,23302.794891386355,55.967058443189856,
D12_I5_N,L5N-058,AM,36,0,69.29070482346029,7726.867150259068,0.0,0.0,20139.761658031086,16684.767690049273,-17.155088658182173,
D12_I5_N,L5N-058,MD,72,0,69.29070482346029,7726.867150259068,0.0,0.0,39605.974093264245,38469.660879604155,-2.8690449854466338,
D12_I5_N,L5N-058,PM,48,0,69.29070482346029,7726.867150259068,0.0,0.0,24476.75647668394,25212.867110798492,3.007386353726064,
D12_I5_N,L5N-058,NT,132,0,69.29070482346029,7726.867150259068,0.0,0.0,23460.47305165322,38032.59986918447,62.113525100059206,
D12_I5_N,L5N-061,AM,36,0,71.37247422680414,9141.770984455958,0.0,0.0,23077.637305699478,21871.68710293613,-5.225622479410042,
D12_I5_N,L5N-061,MD,72,0,71.37247422680414,9141.770984455958,0.0,0.0,43613.362694300515,49911.104877366495,14.439937198167438,
D12_I5_N,L5N-061,PM,48,0,71.37247422680414,9141.770984455958,0.0,0.0,25942.492227979274,31558.7940323937,21.649044953195286,
D12_I5_N,L5N-061,NT,132,0,71.37247422680414,9141.770984455958,0.0,0.0,26712.86186635329,51266.5671434094,91.91716484703277,
D12_I5_N,L5N-062,AM,36,0,72.03461340206185,8224.589844559585,0.0,0.0,20375.046632124348,17486.0592123878,-14.179046909181645,
D12_I5_N,L5N-062,MD,72,0,72.03461340206185,8224.589844559585,0.0,0.0,42697.756476683935,43161.90687782246,1.0870603971709514,
D12_I5_N,L5N-062,PM,48,0,72.03461340206185,8224.589844559585,0.0,0.0,28256.155440414506,26920.265636534838,-4.727783320334367,
D12_I5_N,L5N-062,NT,132,0,72.03461340206185,8224.589844559585,0.0,0.0,23252.199161369586,44063.64080141211,89.50311106322341,
D12_I5_N,L5N-070,AM,36,0,68.5777720207254,7165.6019689119175,0.0,0.0,16549.450777202073,15843.934874971552,-4.2630774382097005,
D12_I5_N,L5N-070,MD,72,0,68.5777720207254,7165.6019689119175,0.0,0.0,37014.65803108808,38587.92837111366,4.2503981495768794,
D12_I5_N,L5N-070,PM,48,0,68.5777720207254,7165.6019689119175,0.0,0.0,27895.290155440412,28104.75076761771,0.7508816399116923,
D12_I5_N,L5N-070,NT,132,0,68.5777720207254,7165.6019689119175,0.0,0.0,34771.181507398105,42584.14938096177,22.469664632768758,
D12_I5_N,L5N-072,AM,36,0,67.57156735751298,5344.725077720207,0.0,0.0,14220.191709844557,10748.513680339434,-24.413721701808704,
D12_I5_N,L5N-072,MD,72,0,67.57156735751298,5344.725077720207,0.0,0.0,28870.90414507772,28858.319590830466,-0.04358905486303623,
D12_I5_N,L5N-072,PM,48,0,67.57156735751298,5344.725077720207,0.0,0.0,18986.56735751295,20937.317595232296,10.274370300787607,
D12_I5_N,L5N-072,NT,132,0,67.57156735751298,5344.725077720207,0.0,0.0,27338.39260723252,32384.407866563495,18.45761501719024,
D12_I5_N,L5N-073,AM,36,0,66.91908832327334,5182.127564766839,0.0,0.0,12403.849740932641,9763.94379086466,-21.282956543373025,
D12_I5_N,L5N-073,MD,72,0,66.91908832327334,5182.127564766839,0.0,0.0,29936.238341968907,27020.332062009416,-9.74038971313091,
D12_I5_N,L5N-073,PM,48,0,66.91908832327334,5182.127564766839,0.0,0.0,18682.362694300515,16266.017560913318,-12.93383054876864,
D12_I5_N,L5N-073,NT,132,0,66.91908832327334,5182.127564766839,0.0,0.0,18519.07454195823,24162.447590659114,30.47329949406935,
D12_I5_N,L5N-074,AM,36,0,68.43925257731959,5715.425906735751,0.0,0.0,13779.264248704663,11146.693765244201,-19.10530515958383,
D12_I5_N,L5N-074,MD,72,0,68.43925257731959,5715.425906735751,0.0,0.0,32415.53886010363,31625.27001794181,-2.437932145976031,
D12_I5_N,L5N-074,PM,48,0,68.43925257731959,5715.425906735751,0.0,0.0,20529.26424870466,19147.349315761316,-6.731439160224852,
D12_I5_N,L5N-074,NT,132,0,68.43925257731959,5715.425906735751,0.0,0.0,18341.574835745952,31976.460112514138,74.33868355837753,
D12_I5_N,L5N-079,AM,36,0,68.58291237113401,5950.192849740933,0.0,0.0,14395.461139896372,11076.816626814676,-23.05340885457446,
D12_I5_N,L5N-079,MD,72,0,68.58291237113401,5950.192849740933,0.0,0.0,33718.020725388604,32655.747330714985,-3.1504618949171017,
D12_I5_N,L5N-079,PM,48,0,68.58291237113401,5950.192849740933,0.0,0.0,21316.38860103627,19427.205132524603,-8.862586922532582,
D12_I5_N,L5N-079,NT,132,0,68.58291237113401,5950.192849740933,0.0,0.0,18742.239330163982,33597.43911943388,79.26053833578875,
D12_I5_N,L5N-080,AM,36,0,66.49675257731958,4932.671191709845,0.0,0.0,12236.62694300518,8725.260751296424,-28.695540103197775,
D12_I5_N,L5N-080,MD,72,0,66.49675257731958,4932.671191709845,0.0,0.0,28468.989637305698,25860.057304887603,-9.164119856924449,
D12_I5_N,L5N-080,PM,48,0,66.49675257731958,4932.671191709845,0.0,0.0,18239.813471502588,13956.997873851491,-23.480588791889,
D12_I5_N,L5N-080,NT,132,0,66.49675257731958,4932.671191709845,0.0,0.0,22089.754981037335,27182.676212581286,23.05558045309196,
D12_I5_N,L5N-086,AM,36,0,71.01920103092786,10178.82621761658,0.0,0.0,27130.668393782376,25328.328357034727,-6.6431833178157085,
D12_I5_N,L5N-086,MD,72,0,71.01920103092786,10178.82621761658,0.0,0.0,52228.85492227979,56100.14813743498,7.4121732534935925,
D12_I5_N,L5N-086,PM,48,0,71.01920103092786,10178.82621761658,0.0,0.0,31250.145077720204,34783.388912971815,11.306327783324877,
D12_I5_N,L5N-086,NT,132,0,71.01920103092786,10178.82621761658,0.0,0.0,29649.491079536347,54830.60353449759,84.92932437663622,
D12_I5_N,L5N-090,AM,36,0,71.56824742268041,9171.820725388601,0.0,0.0,23206.129533678748,20918.183921599324,-9.859229686531563,
D12_I5_N,L5N-090,MD,72,0,71.56824742268041,9171.820725388601,0.0,0.0,43917.60103626943,44979.25639620144,2.417380127514799,
D12_I5_N,L5N-090,PM,48,0,71.56824742268041,9171.820725388601,0.0,0.0,26141.310880829016,28871.934028159525,10.445624398021438,
D12_I5_N,L5N-090,NT,132,0,71.56824742268041,9171.820725388601,0.0,0.0,27007.019897441372,52183.022813519274,93.22021834205802,
D12_I5_N,L5N-095,AM,36,0,67.74381443298967,3983.9673575129536,0.0,0.0,9192.227979274609,7495.0606000368825,-18.46306883450094,
D12_I5_N,L5N-095,MD,72,0,67.74381443298967,3983.9673575129536,0.0,0.0,22797.699481865282,21886.05797922451,-3.9988311248946284,
D12_I5_N,L5N-095,PM,48,0,67.74381443298967,3983.9673575129536,0.0,0.0,14375.202072538861,12343.95765045236,-14.130197348438077,
D12_I5_N,L5N-095,NT,132,0,67.74381443298967,3983.9673575129536,0.0,0.0,13317.962608835,23528.417593792496,76.6667942000677,
D12_I5_N,L5N-096,AM,36,0,68.44163212435232,4742.514715025907,0.0,0.0,11828.45595854922,8146.073622411496,-31.13155553896465,
D12_I5_N,L5N-096,MD,72,0,68.44163212435232,4742.514715025907,0.0,0.0,26703.27979274611,24485.95926396724,-8.303551271560282,
D12_I5_N,L5N-096,PM,48,0,68.44163212435232,4742.514715025907,0.0,0.0,16889.751295336788,15578.166327085792,-7.765567090458703,
D12_I5_N,L5N-096,NT,132,0,68.44163212435232,4742.514715025907,0.0,0.0,16272.579696597404,25524.557083589945,56.856242584125305,
D12_I5_N,L5N-101,AM,36,0,69.12665996741629,6490.665544041451,0.0,0.0,17660.46632124352,15658.946838342763,-11.33333314360537,
D12_I5_N,L5N-101,MD,72,0,69.12665996741629,6490.665544041451,0.0,0.0,32856.27979274611,36091.25717111873,9.845841947957926,
D12_I5_N,L5N-101,PM,48,0,69.12665996741629,6490.665544041451,0.0,0.0,24494.492227979274,22426.170547995793,-8.444027582743288,
D12_I5_N,L5N-101,NT,132,0,69.12665996741629,6490.665544041451,0.0,0.0,38948.250240371766,38717.531985980575,-0.5923712951603678,
D12_I5_N,L5N-106,AM,36,0,70.88708762886598,9051.646321243523,0.0,0.0,22884.38341968912,20296.286220394213,-11.30944693518889,
D12_I5_N,L5N-106,MD,72,0,70.88708762886598,9051.646321243523,0.0,0.0,42995.30569948186,46403.06634222318,7.925890018226772,
D12_I5_N,L5N-106,PM,48,0,70.88708762886598,9051.646321243523,0.0,0.0,25711.300518134714,28888.939604468476,12.358920094658405,
D12_I5_N,L5N-106,NT,132,0,70.88708762886598,9051.646321243523,0.0,0.0,26844.11038406068,49304.17395027126,83.66849653377511,
D12_I5_N,L5N-111,AM,36,0,66.57693298969075,7533.983626943005,0.0,0.0,20020.64766839378,17782.992178038217,-11.176738771983421,
D12_I5_N,L5N-111,MD,72,0,66.57693298969075,7533.983626943005,0.0,0.0,37824.98445595855,39668.07126072982,4.872670356063905,
D12_I5_N,L5N-111,PM,48,0,66.57693298969075,7533.983626943005,0.0,0.0,22622.212435233163,24860.1729432945,9.892757016885781,
D12_I5_N,L5N-111,NT,132,0,66.57693298969075,7533.983626943005,0.0,0.0,24523.39581218952,38496.401430619,56.978265675115445,
D12_I5_N,L5N-114,AM,36,0,66.65208716147643,5825.919015544041,0.0,0.0,15390.121761658029,12562.257725032012,-18.374539723728358,
D12_I5_N,L5N-114,MD,72,0,66.65208716147643,5825.919015544041,0.0,0.0,30367.976683937828,29304.00627209065,-3.503593350721754,
D12_I5_N,L5N-114,PM,48,0,66.65208716147643,5825.919015544041,0.0,0.0,18931.911917098445,17905.04715946934,-5.423988671221772,
D12_I5_N,L5N-114,NT,132,0,66.65208716147643,5825.919015544041,0.0,0.0,19883.02494524865,25691.72818740169,29.21438391868597,
D12_I5_N,L5N-115,AM,36,0,66.75062176165805,5373.582124352331,0.0,0.0,14112.479274611398,9976.127479170504,-29.309887475847457,
D12_I5_N,L5N-115,MD,72,0,66.75062176165805,5373.582124352331,0.0,0.0,29639.603626943004,25232.822332882137,-14.867882005193259,
D12_I5_N,L5N-115,PM,48,0,66.75062176165805,5373.582124352331,0.0,0.0,19105.386010362694,15496.418906665975,-18.88978899321494,
D12_I5_N,L5N-115,NT,132,0,66.75062176165805,5373.582124352331,0.0,0.0,19629.92432295283,22152.0925314418,12.848588547740118,
D12_I5_N,L5N-116,AM,36,0,71.56404639175257,6972.004663212435,0.0,0.0,18268.83419689119,15465.423055157728,-15.345320404793632,
D12_I5_N,L5N-116,MD,72,0,71.56404639175257,6972.004663212435,0.0,0.0,38036.87046632124,38734.59432067633,1.8343355954398863,
D12_I5_N,L5N-116,PM,48,0,71.56404639175257,6972.004663212435,0.0,0.0,24385.196891191707,23148.82121704599,-5.070189425422746,
D12_I5_N,L5N-116,NT,132,0,71.56404639175257,6972.004663212435,0.0,0.0,23135.00859996795,38715.14880689597,67.3444323117719,
D12_I5_N,L5N-117,AM,36,0,67.42484382511618,5058.384870466321,0.0,0.0,13439.103626943004,10579.936371729684,-21.2749848098589,
D12_I5_N,L5N-117,MD,72,0,67.42484382511618,5058.384870466321,0.0,0.0,28489.41968911917,26827.98432864283,-5.831762733696138,
D12_I5_N,L5N-117,PM,48,0,67.42484382511618,5058.384870466321,0.0,0.0,18363.31865284974,15884.120602786446,-13.500817019686986,
D12_I5_N,L5N-117,NT,132,0,67.42484382511618,5058.384870466321,0.0,0.0,19786.5775599594,25456.98894249199,28.657868524000683,
D12_I5_N,L5N-119,AM,36,0,66.27660621761657,5372.557772020725,0.0,0.0,14351.99740932642,9876.616500221637,-31.182982977662242,
D12_I5_N,L5N-119,MD,72,0,66.27660621761657,5372.557772020725,0.0,0.0,30636.712435233163,27284.970734268154,-10.940278621770144,
D12_I5_N,L5N-119,PM,48,0,66.27660621761657,5372.557772020725,0.0,0.0,19312.362694300515,16764.16994042491,-13.194619395935597,
D12_I5_N,L5N-119,NT,132,0,66.27660621761657,5372.557772020725,0.0,0.0,20490.266478820573,26878.53790092303,31.177102692664292,
D12_I5_N,L5N-122,AM,36,0,68.44106958762889,5188.444041450777,0.0,0.0,12516.792746113992,10012.867478379216,-20.004527665540785,
D12_I5_N,L5N-122,MD,72,0,68.44106958762889,5188.444041450777,0.0,0.0,29686.93523316062,28325.54797187017,-4.5858127509564035,
D12_I5_N,L5N-122,PM,48,0,68.44106958762889,5188.444041450777,0.0,0.0,18556.715025906735,16656.39286502337,-10.240617254887823,
D12_I5_N,L5N-122,NT,132,0,68.44106958762889,5188.444041450777,0.0,0.0,17360.149030500503,28647.959410755582,65.02139100547598,
D12_I5_N,L5N-125,AM,36,0,68.92850515463921,4573.555958549223,0.0,0.0,11383.170984455955,7588.792899408077,-33.33322577890827,
D12_I5_N,L5N-125,MD,72,0,68.92850515463921,4573.555958549223,0.0,0.0,26523.56476683938,25082.859305112914,-5.431794234264025,
D12_I5_N,L5N-125,PM,48,0,68.92850515463921,4573.555958549223,0.0,0.0,16432.55958549223,14925.081583458981,-9.173726066170182,
D12_I5_N,L5N-125,NT,132,0,68.92850515463921,4573.555958549223,0.0,0.0,16133.895197906095,25353.63077094587,57.14513116607043,
D12_I5_N,L5N-128,AM,36,0,71.28012953367876,7049.784559585492,0.0,0.0,17533.64766839378,16562.469638106126,-5.538938894262734,
D12_I5_N,L5N-128,MD,72,2,71.28012953367876,7049.784559585492,1095.523316062176,1173.2369781221867,37171.60621761657,39490.522035933245,6.2384062844658015,7.093747884741506
D12_I5_N,L5N-128,PM,48,48,71.28012953367876,7049.784559585492,25694.98445595855,27583.063805215854,25694.98445595855,27583.063805215854,7.348046279200865,7.348046279200865
D12_I5_N,L5N-128,NT,132,1,71.28012953367876,7049.784559585492,529.7772020725388,587.1651720282213,32818.440441215746,40862.66913263053,24.51130700687491,10.832472543396598
D12_I5_N,L5N-129,AM,36,0,68.44020725388603,6582.8872538860105,0.0,0.0,15285.84455958549,11342.27949494243,-25.798803914763862,
D12_I5_N,L5N-129,MD,72,0,68.44020725388603,6582.8872538860105,0.0,0.0,35056.60103626943,29971.695173749504,-14.504845627387267,
D12_I5_N,L5N-129,PM,48,0,68.44020725388603,6582.8872538860105,0.0,0.0,25751.321243523318,23265.397986370685,-9.653575572468402,
D12_I5_N,L5N-129,NT,132,0,68.44020725388603,6582.8872538860105,0.0,0.0,33155.43136050425,38312.41489249248,15.553963017146529,
D12_I5_N,L5N-130,AM,36,0,67.71626943005178,5013.995751295337,0.0,0.0,12451.678756476686,10128.620847434588,-18.656584019514394,
D12_I5_N,L5N-130,MD,72,0,67.71626943005178,5013.995751295337,0.0,0.0,25145.440414507764,25350.1971840915,0.8142898521896634,
D12_I5_N,L5N-130,PM,48,0,67.71626943005178,5013.995751295337,0.0,0.0,19111.139896373053,16431.278042311395,-14.02251183651399,
D12_I5_N,L5N-130,NT,132,0,67.71626943005178,5013.995751295337,0.0,0.0,30333.04393461888,24440.658947296382,-19.425630345649424,
D12_I5_N,L5N-131,AM,36,0,70.46587789113832,9279.735233160622,0.0,0.0,24189.886010362694,22945.33129351256,-5.144938328014354,
D12_I5_N,L5N-131,MD,72,10,70.46587789113832,9279.735233160622,6537.430051813471,7652.582865485339,47772.28497409326,53928.36384452933,12.886297722151022,17.057969337087233
D12_I5_N,L5N-131,PM,48,48,70.46587789113832,9279.735233160622,28358.15025906735,35743.22432769722,28358.15025906735,35743.22432769722,26.042157197007366,26.042157197007366
D12_I5_N,L5N-131,NT,132,2,70.46587789113832,9279.735233160622,1244.4507772020725,1544.6527202924353,39287.31101436888,51310.41784063579,30.60302809186812,24.123247667964325
D12_I5_N,L5N-132,AM,36,0,68.98689119170986,8841.545595854923,0.0,0.0,23150.481865284968,21733.353149735707,-6.121378914683843,
D12_I5_N,L5N-132,MD,72,15,68.98689119170986,8841.545595854923,9422.531088082902,10884.626230154987,45881.19430051814,51586.692727134025,12.43537469675556,15.517010539994528
D12_I5_N,L5N-132,PM,48,48,68.98689119170986,8841.545595854923,26927.095854922274,33435.99175291551,26927.095854922274,33435.99175291551,24.17229074038226,24.17229074038226
D12_I5_N,L5N-132,NT,132,4,68.98689119170986,8841.545595854923,2376.3290155440413,2940.6979883290815,39263.525906735755,54042.94254005018,37.64159303578739,23.749614177724983
D12_I5_N,L5N-133,AM,36,0,70.69985824742271,7741.77481865285,0.0,0.0,18784.528497409327,19895.279986094185,5.913118813911396,
D12_I5_N,L5N-133,MD,72,14,70.69985824742271,7741.77481865285,7237.007772020725,8911.498244796781,39265.64766839378,44772.73253395193,14.025198086802437,23.137884130094058
D12_I5_N,L5N-133,PM,48,39,70.69985824742271,7741.77481865285,18722.0,24505.35119911527,23034.647668393784,30161.466044021803,30.939558868993878,30.8906697955094
D12_I5_N,L5N-133,NT,132,0,70.69985824742271,7741.77481865285,0.0,0.0,28253.652876448905,42286.19583741967,49.6662963275369,
D12_I5_N,L5N-134,AM,36,0,70.21083742855619,8844.256787564767,0.0,0.0,23085.875647668396,21408.04422970429,-7.267783312926064,
D12_I5_N,L5N-134,MD,72,9,70.21083742855619,8844.256787564767,5489.860103626943,6468.524266044282,45110.78238341969,50903.670875655036,12.841472007731133,17.826759588477902
D12_I5_N,L5N-134,PM,48,48,70.21083742855619,8844.256787564767,25625.352331606213,29091.71211301923,25625.352331606213,29091.71211301923,13.527071692737758,13.527071692737758
D12_I5_N,L5N-134,NT,132,3,70.21083742855619,8844.256787564767,1736.6424870466321,2193.585263413368,37509.221222156935,49506.321857635965,31.98440342022422,26.31185058381369
D12_I5_N,L5N-135,AM,36,0,68.02624352331603,6661.750569948186,0.0,0.0,16666.01554404145,14666.557158035532,-11.997219015679953,
D12_I5_N,L5N-135,MD,72,3,68.02624352331603,6661.750569948186,1569.5595854922278,1653.8380173180558,35601.92227979274,37318.08632886392,4.820425244412309,5.36955924482456
D12_I5_N,L5N-135,PM,48,48,68.02624352331603,6661.750569948186,22211.181347150257,26212.53778216226,22211.181347150257,26212.53778216226,18.01505454605361,18.01505454605361
D12_I5_N,L5N-135,NT,132,2,68.02624352331603,6661.750569948186,960.5336787564767,1108.8224044936255,30829.99855776935,39212.76851776702,27.1903027964468,15.43815995386294
D12_I5_N,L5N-138,AM,36,0,70.64287564766835,7029.1433160621755,0.0,0.0,15814.611398963727,16091.625506647397,1.751633983885444,
D12_I5_N,L5N-138,MD,72,3,70.64287564766835,7029.1433160621755,1574.5699481865286,1713.386329743459,35213.23834196891,39237.1887142906,11.427379479398079,8.816145749308173
D12_I5_N,L5N-138,PM,48,36,70.64287564766835,7029.1433160621755,19515.984455958547,20776.51724443573,25602.89637305699,27333.037429227996,6.757598948811541,6.458976186017211
D12_I5_N,L5N-138,NT,132,0,70.64287564766835,7029.1433160621755,0.0,0.0,26417.640457240534,39054.11217827378,47.83346090839029,
D12_I5_N,L5N-140,AM,36,0,69.02048368142728,6000.423419689119,0.0,0.0,14940.841968911915,13626.193760718905,-8.799023581993959,
D12_I5_N,L5N-140,MD,72,0,69.02048368142728,6000.423419689119,0.0,0.0,30544.240932642486,33742.530626224245,10.471007286233661,
D12_I5_N,L5N-140,PM,48,0,69.02048368142728,6000.423419689119,0.0,0.0,20575.080310880825,22688.127355144465,10.269933396790613,
D12_I5_N,L5N-140,NT,132,0,69.02048368142728,6000.423419689119,0.0,0.0,21085.72315848512,30700.63806125637,45.599170730372144,
D12_I5_N,L5N-142,AM,36,0,71.62310880829018,6359.852953367876,0.0,0.0,17158.896373056992,15317.08113641954,-10.733879362599815,
D12_I5_N,L5N-142,MD,72,0,71.62310880829018,6359.852953367876,0.0,0.0,31806.60103626943,34880.861672662184,9.665479919992523,
D12_I5_N,L5N-142,PM,48,0,71.62310880829018,6359.852953367876,0.0,0.0,23917.803108808293,21988.279669722753,-8.067310489628323,
D12_I5_N,L5N-142,NT,132,0,71.62310880829018,6359.852953367876,0.0,0.0,33580.96554671225,34143.21864308293,1.6743208160246863,
D12_I5_N,L5N-144,AM,36,0,68.58010362694299,6769.258756476684,0.0,0.0,15461.953367875645,14319.794610034343,-7.386898218269726,
D12_I5_N,L5N-144,MD,72,0,68.58010362694299,6769.258756476684,0.0,0.0,33053.64248704663,36472.403273594,10.343068204622668,
D12_I5_N,L5N-144,PM,48,0,68.58010362694299,6769.258756476684,0.0,0.0,25867.077720207253,24409.427483302003,-5.6351562115829585,
D12_I5_N,L5N-144,NT,132,0,68.58010362694299,6769.258756476684,0.0,0.0,34663.328828588215,39051.20752268804,12.658561201083979,
D12_I5_N,L5N-145,AM,36,0,69.12556994818652,10659.520725388602,0.0,0.0,27464.756476683935,23028.20085407446,-16.153631751207644,
D12_I5_N,L5N-145,MD,72,0,69.12556994818652,10659.520725388602,0.0,0.0,50604.533678756474,56733.637755288895,12.111768711160732,
D12_I5_N,L5N-145,PM,48,0,69.12556994818652,10659.520725388602,0.0,0.0,30039.84455958549,33935.184861503694,12.967245200592192,
D12_I5_N,L5N-145,NT,132,0,69.12556994818652,10659.520725388602,0.0,0.0,32222.608648042304,57742.84247258348,79.1997758570415,
D12_I5_N,L5N-146,AM,36,0,68.93269430051816,6199.804041450777,0.0,0.0,15340.533678756474,14016.853200440666,-8.628646864801299,
D12_I5_N,L5N-146,MD,72,3,68.93269430051816,6199.804041450777,1506.5129533678755,1536.3372492178037,33250.41968911917,34676.656565826626,4.289380074123331,1.979690634803679
D12_I5_N,L5N-146,PM,48,48,68.93269430051816,6199.804041450777,23602.326424870465,23726.72729184844,23602.326424870465,23726.72729184844,0.527070360517051,0.527070360517051
D12_I5_N,L5N-146,NT,132,2,68.93269430051816,6199.804041450777,951.6010362694301,1030.9696058358363,30163.411863682493,37870.87604712516,25.552361975080963,8.34052996385497
D12_I5_N,L5N-147,AM,36,0,70.60108808290154,7558.971917098445,0.0,0.0,17592.10880829015,17094.563239491843,-2.828231533924141,
D12_I5_N,L5N-147,MD,72,0,70.60108808290154,7558.971917098445,0.0,0.0,36621.886010362694,41265.54859455975,12.680020310486087,
D12_I5_N,L5N-147,PM,48,0,70.60108808290154,7558.971917098445,0.0,0.0,28690.056994818653,27430.729869276187,-4.3894200899283575,
D12_I5_N,L5N-147,NT,132,0,70.60108808290154,7558.971917098445,0.0,0.0,38235.044602318245,41378.76944114251,8.222103234145719,
D12_I5_N,L5N-148,AM,36,0,67.7932512953368,7124.545025906736,0.0,0.0,15661.971502590677,16254.72042356636,3.7846379740739184,
D12_I5_N,L5N-148,MD,72,0,67.7932512953368,7124.545025906736,0.0,0.0,34083.01813471502,39351.97863726551,15.459195784025425,
D12_I5_N,L5N-148,PM,48,0,67.7932512953368,7124.545025906736,0.0,0.0,27274.15284974093,27669.8715160163,1.450892603174397,
D12_I5_N,L5N-148,NT,132,0,67.7932512953368,7124.545025906736,0.0,0.0,36852.32808076491,40993.71500149086,11.237789134107777,
D12_I5_N,L5N-152,AM,36,0,71.28137305699481,7718.171813471502,0.0,0.0,16965.450777202073,16822.256322494162,-0.8440356615830903,
D12_I5_N,L5N-152,MD,72,0,71.28137305699481,7718.171813471502,0.0,0.0,36627.13989637306,41713.123002575376,13.885831983037109,
D12_I5_N,L5N-152,PM,48,0,71.28137305699481,7718.171813471502,0.0,0.0,29488.647668393784,29003.297133178487,-1.6458894306485963,
D12_I5_N,L5N-152,NT,132,0,71.28137305699481,7718.171813471502,0.0,0.0,38047.067571176754,43305.22980590548,13.820151119115796,
D12_I5_N,L5N-155,AM,36,0,65.45373711340203,8578.3607253886,0.0,0.0,22674.829015544037,23231.699339508174,2.4558964637942404,
D12_I5_N,L5N-155,MD,72,0,65.45373711340203,8578.3607253886,0.0,0.0,45306.51813471502,49944.56416783759,10.237039225419487,
D12_I5_N,L5N-155,PM,48,0,65.45373711340203,8578.3607253886,0.0,0.0,29842.766839378237,33850.67425244904,13.430079840258896,
D12_I5_N,L5N-155,NT,132,0,65.45373711340203,8578.3607253886,0.0,0.0,37877.56380535228,58639.86540143305,54.81424756559176,
D12_I5_N,L5N-157,AM,36,0,70.1435055552588,7761.096062176166,0.0,0.0,20129.04663212435,20467.169406088935,1.6797754019058548,
D12_I5_N,L5N-157,MD,72,0,70.1435055552588,7761.096062176166,0.0,0.0,39732.26943005181,44981.32212804312,13.211056839409085,
D12_I5_N,L5N-157,PM,48,45,70.1435055552588,7761.096062176166,22141.720207253886,28992.09686894223,23696.704663212433,30932.215237679928,30.533826020544307,30.93877348989389
D12_I5_N,L5N-157,NT,132,0,70.1435055552588,7761.096062176166,0.0,0.0,31712.78489396934,46679.68189713601,47.19515190232584,
D12_I5_N,L5N-158,AM,36,0,69.66883419689121,9448.552538860104,0.0,0.0,24168.0310880829,21077.63638128317,-12.787118220497417,
D12_I5_N,L5N-158,MD,72,0,69.66883419689121,9448.552538860104,0.0,0.0,51523.60621761657,51976.62121278817,0.8792377483405065,
D12_I5_N,L5N-158,PM,48,0,69.66883419689121,9448.552538860104,0.0,0.0,30531.746113989637,37346.20231285914,22.31924821275492,
D12_I5_N,L5N-158,NT,132,0,69.66883419689121,9448.552538860104,0.0,0.0,38506.42393568719,53587.08061456344,39.16400210017871,
D12_I5_N,L5N-159,AM,36,0,70.00634715025907,8129.023523316062,0.0,0.0,21313.575129533678,19602.547178592315,-8.027878666730272,
D12_I5_N,L5N-159,MD,72,0,70.00634715025907,8129.023523316062,0.0,0.0,42247.331606217616,46735.17179225631,10.6227778546331,
D12_I5_N,L5N-159,PM,48,21,70.00634715025907,8129.023523316062,12046.466321243523,14173.515535601953,28114.569948186523,32223.952036691237,14.616556810500962,17.657038650475066
D12_I5_N,L5N-159,NT,132,0,70.00634715025907,8129.023523316062,0.0,0.0,35904.9451952353,45334.86987348365,26.26358187423089,
D12_I5_N,L5N-161,AM,36,14,70.8388860103627,8184.568911917098,8867.81347150259,9500.57629232415,21326.63212435233,21000.562809865005,-1.528930177939327,7.1354998935757035
D12_I5_N,L5N-161,MD,72,32,70.8388860103627,8184.568911917098,18618.487046632123,21047.60374717446,43255.191709844556,47994.98725707666,10.95774948594983,13.046799637684511
D12_I5_N,L5N-161,PM,48,48,70.8388860103627,8184.568911917098,23978.25906735751,30474.053650252612,23978.25906735751,30474.053650252612,27.090351157887298,27.090351157887298
D12_I5_N,L5N-161,NT,132,5,70.8388860103627,8184.568911917098,2623.321243523316,3379.233825020179,33330.412691629725,46780.371364328734,40.35341175381456,28.815097783511124
D12_I5_N,L5N-162,AM,36,0,68.50246113989637,7162.033367875648,0.0,0.0,17259.19689119171,18722.358388370856,8.477575789901762,
D12_I5_N,L5N-162,MD,72,11,68.50246113989637,7162.033367875648,5574.637305699482,6555.267089455148,35883.321243523314,41664.1188482049,16.109984818434206,17.59091632298797
D12_I5_N,L5N-162,PM,48,43,68.50246113989637,7162.033367875648,20052.0414507772,25604.018820246987,22304.196891191707,28578.938890469937,28.132561911503878,27.687841076423652
D12_I5_N,L5N-162,NT,132,0,68.50246113989637,7162.033367875648,0.0,0.0,24433.214651995084,42665.290798535585,74.6200465482006,
D12_I5_N,L5N-163,AM,36,13,71.42634020618554,8238.438341968911,7924.616580310882,8854.678150731415,20449.943005181347,20622.03433022752,0.841524717220836,11.736360503943114
D12_I5_N,L5N-163,MD,72,17,71.42634020618554,8238.438341968911,9428.362694300518,10601.31091606064,42467.69948186528,47202.00654100184,11.148018651583007,12.440635344556414
D12_I5_N,L5N-163,PM,48,45,71.42634020618554,8238.438341968911,22944.62176165803,25712.483697802105,24473.64248704663,27762.811012735343,13.439636243070888,12.063227561106956
D12_I5_N,L5N-163,NT,132,0,71.42634020618554,8238.438341968911,0.0,0.0,30197.867101116386,45724.804674105115,51.417331962543514,
D12_I5_N,L5N-165,AM,36,0,71.24292746113993,7642.603834196891,0.0,0.0,18407.321243523314,18082.58679690875,-1.7641591751370393,
D12_I5_N,L5N-165,MD,72,9,71.24292746113993,7642.603834196891,5082.725388601037,5643.7073464553,41004.33678756477,43101.3537340373,5.114134530054118,11.037030627552099
D12_I5_N,L5N-165,PM,48,37,71.24292746113993,7642.603834196891,20456.497409326425,22844.94141287986,26361.860103626943,29401.051399242984,11.528743736857553,11.675723149284138
D12_I5_N,L5N-165,NT,132,0,71.24292746113993,7642.603834196891,0.0,0.0,29214.862293680897,46655.30555466695,59.697160594723655,
D12_I5_N,L5N-166,AM,36,0,70.71679103680358,8035.620621761657,0.0,0.0,18388.316062176164,19471.522027557374,5.890729535638721,
D12_I5_N,L5N-166,MD,72,0,70.71679103680358,8035.620621761657,0.0,0.0,40059.52849740932,45295.441591723604,13.070331306203196,
D12_I5_N,L5N-166,PM,48,19,70.71679103680358,8035.620621761657,11917.0310880829,12605.960504665123,28772.331606217616,31513.381922741282,9.526688187937236,5.781049084206521
D12_I5_N,L5N-166,NT,132,0,70.71679103680358,8035.620621761657,0.0,0.0,28661.753699054538,46250.75633871752,61.36750327403444,
D12_I5_N,L5N-167,AM,36,0,72.02713917525774,7121.091295336787,0.0,0.0,16309.424870466319,16900.733826806478,3.625565959783917,
D12_I5_N,L5N-167,MD,72,0,72.02713917525774,7121.091295336787,0.0,0.0,36020.72538860104,38973.23418237095,8.196694436098868,
D12_I5_N,L5N-167,PM,48,0,72.02713917525774,7121.091295336787,0.0,0.0,25396.227979274612,26777.10054512006,5.437313631663544,
D12_I5_N,L5N-167,NT,132,0,72.02713917525774,7121.091295336787,0.0,0.0,25577.77992628599,38789.65110196685,51.6537057311341,
D12_I5_N,L5N-171,AM,36,0,68.93712542065062,5370.016787564767,0.0,0.0,13483.34715025907,9093.391770318829,-32.558350170906124,
D12_I5_N,L5N-171,MD,72,0,68.93712542065062,5370.016787564767,0.0,0.0,30518.38341968912,28405.723958312745,-6.922579850718366,
D12_I5_N,L5N-171,PM,48,0,68.93712542065062,5370.016787564767,0.0,0.0,19077.616580310878,17409.51105238508,-8.743783694905423,
D12_I5_N,L5N-171,NT,132,0,68.93712542065062,5370.016787564767,0.0,0.0,18023.122776561082,28901.92828939052,60.36026968077491,
D12_I5_N,L5N-173,AM,36,0,69.61595854922278,6434.319481865285,0.0,0.0,15973.227979274609,14471.429301413695,-9.40197360113754,
D12_I5_N,L5N-173,MD,72,0,69.61595854922278,6434.319481865285,0.0,0.0,34300.26943005181,34941.51248923816,1.869498606983322,
D12_I5_N,L5N-173,PM,48,0,69.61595854922278,6434.319481865285,0.0,0.0,21775.523316062176,22105.109418350614,1.513562257515654,
D12_I5_N,L5N-173,NT,132,0,69.61595854922278,6434.319481865285,0.0,0.0,19489.04064953795,33824.14788275112,73.55470949542622,
D12_I5_N,L5N-174,AM,36,0,69.96463797339887,6211.488341968912,0.0,0.0,15504.492227979274,11847.897370154216,-23.58409939557,
D12_I5_N,L5N-174,MD,72,0,69.96463797339887,6211.488341968912,0.0,0.0,33309.99222797927,30248.77877745202,-9.190075547228554,
D12_I5_N,L5N-174,PM,48,0,69.96463797339887,6211.488341968912,0.0,0.0,21417.78756476684,18411.795887855293,-14.035024242450374,
D12_I5_N,L5N-174,NT,132,0,69.96463797339887,6211.488341968912,0.0,0.0,18950.008826985737,27668.02565711292,46.00534442871764,
D12_I5_N,L5N-178,AM,36,14,70.43577319587628,8244.594715025907,8897.160621761657,9327.429965745656,20796.994818652853,20508.0018772275,-1.3895899092409003,4.836029855767674
D12_I5_N,L5N-178,MD,72,16,70.43577319587628,8244.594715025907,8916.041450777202,10351.618948287996,42758.87564766839,45980.82263742071,7.535153674996144,16.10106352057904
D12_I5_N,L5N-178,PM,48,46,70.43577319587628,8244.594715025907,23676.082901554404,26684.22656893682,24699.766839378237,28055.90544908833,13.587733971478164,12.705411109981052
D12_I5_N,L5N-178,NT,132,0,70.43577319587628,8244.594715025907,0.0,0.0,31093.54545697345,44068.53553412698,41.728885807210474,
D12_I5_N,L5N-182,AM,36,0,69.09605670103093,4507.601347150259,0.0,0.0,10392.518134715025,8176.004616553229,-21.32797354240628,
D12_I5_N,L5N-182,MD,72,0,69.09605670103093,4507.601347150259,0.0,0.0,25631.077720207253,24757.093567698386,-3.4098611148911133,
D12_I5_N,L5N-182,PM,48,0,69.09605670103093,4507.601347150259,0.0,0.0,15703.512953367877,14730.834333643521,-6.194019278442722,
D12_I5_N,L5N-182,NT,132,0,69.09605670103093,4507.601347150259,0.0,0.0,14779.856711714114,23883.985911604534,61.59822370046886,
D12_I5_N,L5N-185,AM,36,0,67.53386597938145,5979.913989637305,0.0,0.0,13866.772020725388,13776.341571700206,-0.652137706526245,
D12_I5_N,L5N-185,MD,72,0,67.53386597938145,5979.913989637305,0.0,0.0,32714.0414507772,34809.411143495716,6.405108020271018,
D12_I5_N,L5N-185,PM,48,0,67.53386597938145,5979.913989637305,0.0,0.0,21324.886010362694,21948.906531847784,2.9262548985342827,
D12_I5_N,L5N-185,NT,132,0,67.53386597938145,5979.913989637305,0.0,0.0,16902.139842957105,35053.304992872385,107.38974661529987,
D12_I5_N,L5N-186,AM,36,0,68.00910541637731,4189.370984455958,0.0,0.0,9795.880829015543,9580.224535971742,-2.201499761052872,
D12_I5_N,L5N-186,MD,72,0,68.00910541637731,4189.370984455958,0.0,0.0,23702.580310880825,20557.634870161728,-13.268367407557689,
D12_I5_N,L5N-186,PM,48,0,68.00910541637731,4189.370984455958,0.0,0.0,15335.948186528498,9387.946674806022,-38.78470010056083,
D12_I5_N,L5N-186,NT,132,0,68.00910541637731,4189.370984455958,0.0,0.0,18349.775412638213,22394.748133197543,22.043717863562502,
D12_I5_N,L5N-187,AM,36,0,70.48393782383418,9021.702590673574,0.0,0.0,23902.41968911917,19029.808898033392,-20.385428983593165,
D12_I5_N,L5N-187,MD,72,0,70.48393782383418,9021.702590673574,0.0,0.0,46004.233160621756,42913.05762856243,-6.719328461071454,
D12_I5_N,L5N-187,PM,48,0,70.48393782383418,9021.702590673574,0.0,0.0,28492.155440414506,26502.52825019165,-6.98307010988955,
D12_I5_N,L5N-187,NT,132,0,70.48393782383418,9021.702590673574,0.0,0.0,26790.98859569467,41863.31307034772,56.25893356199324,
D12_I5_N,L5N-188,AM,36,0,70.70438144329897,5485.169844559586,0.0,0.0,12518.487046632124,11930.9855085436,-4.693071422289661,
D12_I5_N,L5N-188,MD,72,0,70.70438144329897,5485.169844559586,0.0,0.0,30271.321243523318,30926.33680345508,2.1638155621367394,
D12_I5_N,L5N-188,PM,48,0,70.70438144329897,5485.169844559586,0.0,0.0,19651.502590673575,18297.437525269826,-6.890389471013663,
D12_I5_N,L5N-188,NT,132,0,70.70438144329897,5485.169844559586,0.0,0.0,17259.060600395278,32254.292588076423,86.8832454724547,
D12_I5_N,L5N-190,AM,36,0,70.54180399017146,7507.886113989637,0.0,0.0,16362.797927461137,17934.507190268254,9.605382097699621,
D12_I5_N,L5N-190,MD,72,0,70.54180399017146,7507.886113989637,0.0,0.0,36388.538860103625,40989.47260417687,12.643909011465448,
D12_I5_N,L5N-190,PM,48,0,70.54180399017146,7507.886113989637,0.0,0.0,28928.927461139894,28342.709938669406,-2.026406002289409,
D12_I5_N,L5N-190,NT,132,0,70.54180399017146,7507.886113989637,0.0,0.0,38134.92049035842,42879.85302672166,12.442487031178937,
D12_I5_N,L5N-191,AM,36,0,69.98267633940492,6810.598756476684,0.0,0.0,17564.67098445596,16003.326579475011,-8.889118426201527,
D12_I5_N,L5N-191,MD,72,0,69.98267633940492,6810.598756476684,0.0,0.0,33741.52849740932,37872.13429920927,12.241904815062227,
D12_I5_N,L5N-191,PM,48,0,69.98267633940492,6810.598756476684,0.0,0.0,25639.712435233163,22979.667944202567,-10.374704855797287,
D12_I5_N,L5N-191,NT,132,0,69.98267633940492,6810.598756476684,0.0,0.0,35368.53214304791,37180.685910899745,5.1236329529384665,
D12_I5_N,L5N-192,AM,36,0,68.45955958549216,5740.614404145078,0.0,0.0,15740.310880829013,13409.840450785814,-14.805745881941926,
D12_I5_N,L5N-192,MD,72,0,68.45955958549216,5740.614404145078,0.0,0.0,29167.47150259067,31450.57677230846,7.8275734991804296,
D12_I5_N,L5N-192,PM,48,0,68.45955958549216,5740.614404145078,0.0,0.0,21696.55958549223,19638.86833166717,-9.48395180220632,
D12_I5_N,L5N-192,NT,132,0,68.45955958549216,5740.614404145078,0.0,0.0,31215.08901768068,31769.895401342925,1.777366014711653,
D12_I5_N,L5N-209,AM,36,0,72.16644329896909,8063.883730569948,0.0,0.0,19939.61658031088,18410.71212635048,-7.667672283478597,
D12_I5_N,L5N-209,MD,72,0,72.16644329896909,8063.883730569948,0.0,0.0,41856.16580310881,44204.280104857724,5.609960340835885,
D12_I5_N,L5N-209,PM,48,0,72.16644329896909,8063.883730569948,0.0,0.0,27785.989637305698,27523.962768602352,-0.9430179458195234,
D12_I5_N,L5N-209,NT,132,0,72.16644329896909,8063.883730569948,0.0,0.0,22457.26494311201,47263.42428062484,110.45939654873803,
D12_I5_N,L5N-225,AM,36,0,68.57921391752573,6066.76896373057,0.0,0.0,14892.038860103625,13216.92503409891,-11.248384735903512,
D12_I5_N,L5N-225,MD,72,0,68.57921391752573,6066.76896373057,0.0,0.0,32152.992227979274,33565.874989790216,4.39424969157758,
D12_I5_N,L5N-225,PM,48,0,68.57921391752573,6066.76896373057,0.0,0.0,21700.0310880829,23173.986867138112,6.792413213936234,
D12_I5_N,L5N-225,NT,132,0,68.57921391752573,6066.76896373057,0.0,0.0,23929.340767053043,32322.41206464025,35.074394147719914,
D12_I5_N,L5N-230,AM,36,0,70.81248704663219,8770.438445595855,0.0,0.0,23114.606217616576,22801.31652491726,-1.3553754269045064,
D12_I5_N,L5N-230,MD,72,31,70.81248704663219,8770.438445595855,19431.051813471502,22245.124586913007,45700.772020725395,51601.46649580415,12.911585984592937,14.482349182407692
D12_I5_N,L5N-230,PM,48,48,70.81248704663219,8770.438445595855,27041.13471502591,33121.619025748965,27041.13471502591,33121.619025748965,22.48605457870938,22.48605457870938
D12_I5_N,L5N-230,NT,132,7,70.81248704663219,8770.438445595855,4170.678756476684,5088.075242593753,38425.74111959831,53774.933165236995,39.945077436151585,21.996335361299067
D12_I5_N,L5N-233,AM,36,0,69.55777202072542,8835.330155440415,0.0,0.0,23166.05699481865,20996.822629320683,-9.363848003927213,
D12_I5_N,L5N-233,MD,72,8,69.55777202072542,8835.330155440415,4753.533678756476,5869.252512042454,44691.35751295337,50333.66282977965,12.625047952931187,23.47135644104347
D12_I5_N,L5N-233,PM,48,48,69.55777202072542,8835.330155440415,25319.53886010363,34815.803864481175,25319.53886010363,34815.803864481175,37.505679139129,37.505679139129
D12_I5_N,L5N-233,NT,132,1,69.55777202072542,8835.330155440415,570.0362694300518,736.1757329190768,37396.1401634528,51996.85402086928,39.04337130409447,29.145419756384772
D12_I5_N,L5N-235,AM,36,0,71.24712435233161,7031.362694300518,0.0,0.0,16400.290155440416,14962.723721021077,-8.765493907694431,
D12_I5_N,L5N-235,MD,72,0,71.24712435233161,7031.362694300518,0.0,0.0,34684.55440414508,39117.73547694662,12.7814272057413,
D12_I5_N,L5N-235,PM,48,0,71.24712435233161,7031.362694300518,0.0,0.0,26756.48186528497,25943.13469225706,-3.0398135940404956,
D12_I5_N,L5N-235,NT,132,0,71.24712435233161,7031.362694300518,0.0,0.0,36151.70207253886,40339.65275963805,11.58438039430623,
D12_I5_N,L5N-236,AM,36,0,66.74818652849738,6545.625388601036,0.0,0.0,14158.968911917098,13948.722238242768,-1.484901019150998,
D12_I5_N,L5N-236,MD,72,0,66.74818652849738,6545.625388601036,0.0,0.0,31083.310880829016,35031.72137519196,12.702670283422648,
D12_I5_N,L5N-236,PM,48,0,66.74818652849738,6545.625388601036,0.0,0.0,24901.227979274612,22717.34049332206,-8.770199958693647,
D12_I5_N,L5N-236,NT,132,0,66.74818652849738,6545.625388601036,0.0,0.0,33518.81296405106,37329.93185683328,11.370089080629581,
D12_I5_N,L5N-238,AM,36,0,69.68227979274609,4609.855958549223,0.0,0.0,11113.766839378239,7326.718347545762,-34.075291902059945,
D12_I5_N,L5N-238,MD,72,0,69.68227979274609,4609.855958549223,0.0,0.0,22522.69430051813,20741.535627037258,-7.908284194222261,
D12_I5_N,L5N-238,PM,48,0,69.68227979274609,4609.855958549223,0.0,0.0,17445.36269430052,14192.279203168651,-18.647267747518168,
D12_I5_N,L5N-238,NT,132,0,69.68227979274609,4609.855958549223,0.0,0.0,24900.382671865817,21908.317766472792,-12.016140253031804,
D12_I5_N,L5N-242,AM,36,0,71.1185051546392,6319.188186528497,0.0,0.0,16462.316062176167,13777.957190653862,-16.306082700537445,
D12_I5_N,L5N-242,MD,72,0,71.1185051546392,6319.188186528497,0.0,0.0,33793.24352331606,35287.638054479445,4.422169568104084,
D12_I5_N,L5N-242,PM,48,45,71.1185051546392,6319.188186528497,18525.512953367874,21994.966346847446,20048.772020725388,23573.801587526657,17.582271688047904,18.727974778419497
D12_I5_N,L5N-242,NT,132,1,71.1185051546392,6319.188186528497,456.45595854922277,526.4174898631993,30445.85751295337,34419.61692506172,13.051888620373678,15.32711535551838
D12_I5_N,L5N-248,AM,36,0,68.74880829015542,5967.023937823834,0.0,0.0,15073.673575129531,12764.686879491539,-15.31800913778346,
D12_I5_N,L5N-248,MD,72,3,68.74880829015542,5967.023937823834,1356.0362694300516,1470.4893271859041,31811.450777202073,33052.87921374968,3.902457782394774,8.440265230070706
D12_I5_N,L5N-248,PM,48,48,68.74880829015542,5967.023937823834,17902.0829015544,22032.12451501206,17902.0829015544,22032.12451501206,23.070173656156268,23.070173656156268
D12_I5_N,L5N-248,NT,132,4,68.74880829015542,5967.023937823834,1721.7253886010362,1976.6407152293953,28067.774691522885,34875.73420936831,24.25543026715825,14.805806333348368
D12_I5_N,L5N-252,AM,36,0,70.58277202072539,7433.707150259068,0.0,0.0,19513.512953367874,17192.80851567553,-11.892807016543935,
D12_I5_N,L5N-252,MD,72,0,70.58277202072539,7433.707150259068,0.0,0.0,37217.95336787564,40129.42886798439,7.822771637469357,
D12_I5_N,L5N-252,PM,48,0,70.58277202072539,7433.707150259068,0.0,0.0,28052.05699481865,26276.546320206202,-6.329342176013662,
D12_I5_N,L5N-252,NT,132,0,70.58277202072539,7433.707150259068,0.0,0.0,38924.05878425297,40849.544267056124,4.946774675980406,
D12_I5_N,L5N-254,AM,36,0,66.26646907216494,4608.370259067357,0.0,0.0,11707.492227979275,10696.741115268846,-8.63336992267973,
D12_I5_N,L5N-254,MD,72,0,66.26646907216494,4608.370259067357,0.0,0.0,22934.08808290155,24841.468061963755,8.316790151705424,
D12_I5_N,L5N-254,PM,48,0,66.26646907216494,4608.370259067357,0.0,0.0,13563.269430051814,15202.379433903334,12.08491811140891,
D12_I5_N,L5N-254,NT,132,0,66.26646907216494,4608.370259067357,0.0,0.0,15417.904011537845,24266.1873136417,57.38966396134213,
D12_I5_S,L5S-002,AM,36,0,64.65799222797928,6661.217409326425,0.0,0.0,16122.411917098445,15957.88386839467,-1.020492774590916,
D12_I5_S,L5S-002,MD,72,0,64.65799222797928,6661.217409326425,0.0,0.0,35837.269430051805,32437.08410321783,-9.48784709580219,
D12_I5_S,L5S-002,PM,48,0,64.65799222797928,6661.217409326425,0.0,0.0,25465.69689119171,20494.801001686552,-19.519968021077535,
D12_I5_S,L5S-002,NT,132,0,64.65799222797928,6661.217409326425,0.0,0.0,26666.661155921152,38325.16607785337,43.719402491989605,
D12_I5_S,L5S-005,AM,36,0,66.11709844559587,5177.788134715026,0.0,0.0,13082.069948186527,8880.204441621958,-32.11927105730728,
D12_I5_S,L5S-005,MD,72,0,66.11709844559587,5177.788134715026,0.0,0.0,27628.650259067355,18587.431042887318,-32.72407132235072,
D12_I5_S,L5S-005,PM,48,0,66.11709844559587,5177.788134715026,0.0,0.0,19033.64248704663,12239.34606089599,-35.69624905361392,
D12_I5_S,L5S-005,NT,132,0,66.11709844559587,5177.788134715026,0.0,0.0,19042.328735110306,22779.70460198886,19.626674441280738,
D12_I5_S,L5S-009,AM,36,0,70.94005906913806,7615.993989637305,0.0,0.0,18477.6908462867,17420.631385517052,-5.7207335568236095,
D12_I5_S,L5S-009,MD,72,0,70.94005906913806,7615.993989637305,0.0,0.0,40882.889464594125,39915.300306977246,-2.3667337859151134,
D12_I5_S,L5S-009,PM,48,0,70.94005906913806,7615.993989637305,0.0,0.0,28143.599309153713,25039.312789018313,-11.03016883531926,
D12_I5_S,L5S-009,NT,132,0,70.94005906913806,7615.993989637305,0.0,0.0,24754.39730783612,37749.221898438474,52.495015043201164,
D12_I5_S,L5S-010,AM,36,0,68.55699481865287,8488.933678756477,0.0,0.0,19843.21761658031,17538.22475229096,-11.616023715646687,
D12_I5_S,L5S-010,MD,72,0,68.55699481865287,8488.933678756477,0.0,0.0,44022.43005181347,37593.51745984611,-14.603720386177379,
D12_I5_S,L5S-010,PM,48,0,68.55699481865287,8488.933678756477,0.0,0.0,31655.948186528498,23546.438804152247,-25.617648015444168,
D12_I5_S,L5S-010,NT,132,0,68.55699481865287,8488.933678756477,0.0,0.0,34373.01800117515,48687.46986339838,41.644442922451105,
D12_I5_S,L5S-013,AM,36,0,68.63152849740936,4413.452331606218,0.0,0.0,10033.093264248706,9412.638692004395,-6.1840805811623385,
D12_I5_S,L5S-013,MD,72,0,68.63152849740936,4413.452331606218,0.0,0.0,24787.373056994817,20334.72152622672,-17.963386118125136,
D12_I5_S,L5S-013,PM,48,0,68.63152849740936,4413.452331606218,0.0,0.0,16318.932642487045,10992.556935736837,-32.639240711630606,
D12_I5_S,L5S-013,NT,132,0,68.63152849740936,4413.452331606218,0.0,0.0,18931.109395865606,23061.57638781102,21.81840961125856,
D12_I5_S,L5S-017,AM,36,0,70.55212435233159,6531.850569948186,0.0,0.0,14723.461139896372,15506.081214488755,5.315462629039762,
D12_I5_S,L5S-017,MD,72,0,70.55212435233159,6531.850569948186,0.0,0.0,35529.52331606217,33019.691608809844,-7.064073685778059,
D12_I5_S,L5S-017,PM,48,0,70.55212435233159,6531.850569948186,0.0,0.0,24640.113989637306,19195.293497608942,-22.09738353612426,
D12_I5_S,L5S-017,NT,132,0,70.55212435233159,6531.850569948186,0.0,0.0,23215.55237433898,37200.254049620184,60.23850498917709,
D12_I5_S,L5S-020,AM,36,0,70.13650259067359,8081.786424870466,0.0,0.0,18723.66321243523,17640.097824488974,-5.7871441910288715,
D12_I5_S,L5S-020,MD,72,0,70.13650259067359,8081.786424870466,0.0,0.0,41902.87046632124,36826.14700799578,-12.115455103262667,
D12_I5_S,L5S-020,PM,48,0,70.13650259067359,8081.786424870466,0.0,0.0,31058.896373056996,25854.508150051413,-16.75651369093813,
D12_I5_S,L5S-020,NT,132,0,70.13650259067359,8081.786424870466,0.0,0.0,30787.588563645102,40354.95476716801,31.075399697981997,
D12_I5_S,L5S-022,AM,36,0,70.7645336787565,8245.942694300518,0.0,0.0,22767.41450777202,24048.556985085706,5.6270881213865875,
D12_I5_S,L5S-022,MD,72,0,70.7645336787565,8245.942694300518,0.0,0.0,43014.80829015544,43609.30804136983,1.382081601303931,
D12_I5_S,L5S-022,PM,48,0,70.7645336787565,8245.942694300518,0.0,0.0,30965.35751295337,30093.497259935488,-2.8155988596390924,
D12_I5_S,L5S-022,NT,132,0,70.7645336787565,8245.942694300518,0.0,0.0,35703.37554083649,46165.41946588241,29.302674513449688,
D12_I5_S,L5S-028,AM,36,16,70.85151554404149,7407.837823834197,9112.440414507771,9823.157791509893,20809.331606217616,21744.097347610714,4.492050773576019,7.799418648275604
D12_I5_S,L5S-028,MD,72,2,70.85151554404149,7407.837823834197,1078.3160621761658,1232.197251744255,38116.0725388601,39503.10021063985,3.63895747749365,14.27050889490965
D12_I5_S,L5S-028,PM,48,6,70.85151554404149,7407.837823834197,3537.3626943005183,3701.6683521043037,27770.968911917098,27280.081716031593,-1.7676271844978924,4.644863193376199
D12_I5_S,L5S-028,NT,132,0,70.85151554404149,7407.837823834197,0.0,0.0,31231.338603707067,41573.63157375161,33.11511267985467,
D12_I5_S,L5S-033,AM,36,28,67.7963341968912,5850.740051813471,11965.375647668392,13450.1608538503,15615.826424870465,17162.502273902544,9.90454047676128,12.409014559198047
D12_I5_S,L5S-033,MD,72,4,67.7963341968912,5850.740051813471,1667.215025906736,1942.8405670971908,30538.37046632124,31813.808603357502,4.17651013318755,16.53209315580349
D12_I5_S,L5S-033,PM,48,9,67.7963341968912,5850.740051813471,4065.4792746113985,4375.508377736999,21738.34715025907,21516.07986641251,-1.0224663462691541,7.625893091171519
D12_I5_S,L5S-033,NT,132,0,67.7963341968912,5850.740051813471,0.0,0.0,28025.747395972438,32331.758745243977,15.364483553042918,
D12_I5_S,L5S-035,AM,36,28,71.27160621761658,8864.326632124352,19098.04663212435,20607.080899988323,24734.559585492232,26349.545529988496,6.529269053343141,7.9015110651455975
D12_I5_S,L5S-035,MD,72,4,71.27160621761658,8864.326632124352,2671.8290155440413,2948.4502013963142,48203.58549222798,49066.26850198362,1.7896656461265328,10.353251807767606
D12_I5_S,L5S-035,PM,48,0,71.27160621761658,8864.326632124352,0.0,0.0,33204.52849740932,33001.11493078177,-0.6126079057060694,
D12_I5_S,L5S-035,NT,132,0,71.27160621761658,8864.326632124352,0.0,0.0,40452.862106725064,50656.31538924127,25.223068903250567,
D12_I5_S,L5S-036,AM,36,31,70.94028497409327,8247.402901554404,17756.295336787563,18743.30750679686,20894.82383419689,22154.34841333671,6.027926289947733,5.5586604710522085
D12_I5_S,L5S-036,MD,72,13,70.94028497409327,8247.402901554404,7837.60103626943,8659.25893989611,45819.922279792736,47573.72739216523,3.8276038568183006,10.483538264123943
D12_I5_S,L5S-036,PM,48,11,70.94028497409327,8247.402901554404,6882.378238341968,7411.551139057277,31167.76683937824,31295.62736059379,0.41023318056270347,7.688808757520304
D12_I5_S,L5S-036,NT,132,0,70.94028497409327,8247.402901554404,0.0,0.0,42214.03987500668,45812.50070249068,8.524322330056144,
D12_I5_S,L5S-041,AM,36,0,71.09026961700765,7623.032953367876,0.0,0.0,21176.26424870466,22315.915902733675,5.381740804914284,
D12_I5_S,L5S-041,MD,72,0,71.09026961700765,7623.032953367876,0.0,0.0,37655.30569948186,41273.02053354489,9.607450442535672,
D12_I5_S,L5S-041,PM,48,0,71.09026961700765,7623.032953367876,0.0,0.0,26828.658031088085,26430.31731254122,-1.4847582688827787,
D12_I5_S,L5S-041,NT,132,0,71.09026961700765,7623.032953367876,0.0,0.0,35266.36608621334,43449.17244475286,23.20286229246177,
D12_I5_S,L5S-045,AM,36,0,68.35360103626942,5777.115233160622,0.0,0.0,14958.321243523316,15244.716446648608,1.9146212898007924,
D12_I5_S,L5S-045,MD,72,0,68.35360103626942,5777.115233160622,0.0,0.0,29720.414507772017,31314.35531724099,5.3631176949169035,
D12_I5_S,L5S-045,PM,48,0,68.35360103626942,5777.115233160622,0.0,0.0,21477.917098445592,17908.137841899985,-16.620695760130115,
D12_I5_S,L5S-045,NT,132,0,68.35360103626942,5777.115233160622,0.0,0.0,28604.93491266492,31846.27393034567,11.331397982820214,
D12_I5_S,L5S-048,AM,36,0,69.30497409326424,4298.8147150259065,0.0,0.0,9395.974093264247,9874.499675245967,5.092878899323095,
D12_I5_S,L5S-048,MD,72,0,69.30497409326424,4298.8147150259065,0.0,0.0,23449.227979274605,21750.459463796204,-7.244453919676344,
D12_I5_S,L5S-048,PM,48,0,69.30497409326424,4298.8147150259065,0.0,0.0,15982.917098445594,11733.686968986163,-26.586073764173413,
D12_I5_S,L5S-048,NT,132,0,69.30497409326424,4298.8147150259065,0.0,0.0,17091.92615244912,22715.633042114776,32.902709966716245,
D12_I5_S,L5S-049,AM,36,0,67.7672578922066,6580.821450777203,0.0,0.0,18617.507772020726,19083.749666604737,2.5043195915014005,
D12_I5_S,L5S-049,MD,72,0,67.7672578922066,6580.821450777203,0.0,0.0,32948.11917098446,34295.543330960616,4.089532859170787,
D12_I5_S,L5S-049,PM,48,0,67.7672578922066,6580.821450777203,0.0,0.0,22939.088082901555,22861.534687283816,-0.3380840395113432,
D12_I5_S,L5S-049,NT,132,0,67.7672578922066,6580.821450777203,0.0,0.0,29774.059825864002,33098.03750237748,11.164005499935291,
D12_I5_S,L5S-050,AM,36,0,65.85160621761658,5905.18725388601,0.0,0.0,13732.616580310883,13254.91481177156,-3.4785924863308866,
D12_I5_S,L5S-050,MD,72,0,65.85160621761658,5905.18725388601,0.0,0.0,33347.103626943004,30054.297878987374,-9.874338067835033,
D12_I5_S,L5S-050,PM,48,0,65.85160621761658,5905.18725388601,0.0,0.0,21933.922279792743,16979.6610344506,-22.587210723849417,
D12_I5_S,L5S-050,NT,132,0,65.85160621761658,5905.18725388601,0.0,0.0,27560.11852999305,36805.59070067521,33.546561712427035,
D12_I5_S,L5S-051,AM,36,0,70.03952072538854,6788.056165803109,0.0,0.0,14862.300518134713,15719.880382683175,5.770169049549626,
D12_I5_S,L5S-051,MD,72,0,70.03952072538854,6788.056165803109,0.0,0.0,36462.24611398963,34462.35496880661,-5.484827069980512,
D12_I5_S,L5S-051,PM,48,0,70.03952072538854,6788.056165803109,0.0,0.0,25527.274611398963,20803.457950817196,-18.504978429904114,
D12_I5_S,L5S-051,NT,132,0,70.03952072538854,6788.056165803109,0.0,0.0,23189.20442284066,36586.27101808619,57.772859952236345,
D12_I5_S,L5S-052,AM,36,0,71.22463917525772,8195.039067357513,0.0,0.0,18114.787564766837,20626.16591762132,13.863691991282867,
D12_I5_S,L5S-052,MD,72,0,71.22463917525772,8195.039067357513,0.0,0.0,41386.81865284974,42934.28317952316,3.7390274900167277,
D12_I5_S,L5S-052,PM,48,0,71.22463917525772,8195.039067357513,0.0,0.0,30301.40414507772,25469.050598938164,-15.947622502914744,
D12_I5_S,L5S-052,NT,132,0,71.22463917525772,8195.039067357513,0.0,0.0,24797.759200897388,44802.280218027314,80.67068018148187,
D12_I5_S,L5S-053,AM,36,0,68.51443005181343,6145.8637305699485,0.0,0.0,14183.720207253886,13333.064951113041,-5.997405784314607,
D12_I5_S,L5S-053,MD,72,0,68.51443005181343,6145.8637305699485,0.0,0.0,32439.797927461143,29032.268931987375,-10.504162211778773,
D12_I5_S,L5S-053,PM,48,0,68.51443005181343,6145.8637305699485,0.0,0.0,22915.616580310878,17580.39335793164,-23.282040889806417,
D12_I5_S,L5S-053,NT,132,0,68.51443005181343,6145.8637305699485,0.0,0.0,21792.06255007745,33053.81167406845,51.67821585548346,
D12_I5_S,L5S-054,AM,36,0,71.69147668393786,8178.936373056995,0.0,0.0,20204.347150259062,11291.793000446547,-44.1120620405606,
D12_I5_S,L5S-054,MD,72,0,71.69147668393786,8178.936373056995,0.0,0.0,44052.0621761658,28175.203583723214,-36.04112454247987,
D12_I5_S,L5S-054,PM,48,0,71.69147668393786,8178.936373056995,0.0,0.0,29957.704663212433,18460.408677398387,-38.37842757002854,
D12_I5_S,L5S-054,NT,132,0,71.69147668393786,8178.936373056995,0.0,0.0,32343.93742321457,35843.11449117506,10.818649016581963,
D12_I5_S,L5S-055,AM,36,0,68.40290155440415,4195.111088082902,0.0,0.0,9084.922279792745,10129.879981546228,11.502109424510362,
D12_I5_S,L5S-055,MD,72,0,68.40290155440415,4195.111088082902,0.0,0.0,22996.979274611396,21479.264294307315,-6.599627551865625,
D12_I5_S,L5S-055,PM,48,0,68.40290155440415,4195.111088082902,0.0,0.0,15825.01554404145,10579.743006574758,-33.14544951231773,
D12_I5_S,L5S-055,NT,132,0,68.40290155440415,4195.111088082902,0.0,0.0,15721.714651995086,23638.965106665622,50.35869579063908,
D12_I5_S,L5S-057,AM,36,0,68.12119170984454,5561.954300518135,0.0,0.0,12375.834196891194,9415.625468692711,-23.91926621756201,
D12_I5_S,L5S-057,MD,72,0,68.12119170984454,5561.954300518135,0.0,0.0,28673.963730569947,20248.20510668093,-29.384701407382092,
D12_I5_S,L5S-057,PM,48,0,68.12119170984454,5561.954300518135,0.0,0.0,20763.124352331604,14099.238524237575,-32.094812490711234,
D12_I5_S,L5S-057,NT,132,0,68.12119170984454,5561.954300518135,0.0,0.0,21639.606778484056,19641.455964168435,-9.23376674433083,
D12_I5_S,L5S-058,AM,36,0,69.06859582821428,9502.69274611399,0.0,0.0,21857.906735751298,20132.80672853886,-7.892338585152912,
D12_I5_S,L5S-058,MD,72,0,69.06859582821428,9502.69274611399,0.0,0.0,49504.834196891185,40945.09439738675,-17.290715014740872,
D12_I5_S,L5S-058,PM,48,0,69.06859582821428,9502.69274611399,0.0,0.0,36639.37305699482,28406.34701287777,-22.470433736161542,
D12_I5_S,L5S-058,NT,132,0,69.06859582821428,9502.69274611399,0.0,0.0,35258.08244751883,47438.16492623054,34.54550455726455,
D12_I5_S,L5S-061,AM,36,30,69.77792746113987,9464.675751295337,21391.025906735747,22885.978083626615,25801.968911917094,27471.03926524973,6.468771274899662,6.988688543545388
D12_I5_S,L5S-061,MD,72,7,69.77792746113987,9464.675751295337,4965.533678756476,5450.4250749375915,51791.41968911917,52731.39804572612,1.8149306627414814,9.76514162527134
D12_I5_S,L5S-061,PM,48,14,69.77792746113987,9464.675751295337,10237.901554404143,10926.459761793016,35474.35233160621,35798.684956960526,0.9142735639611538,6.725579492339116
D12_I5_S,L5S-061,NT,132,0,69.77792746113987,9464.675751295337,0.0,0.0,43911.46554671225,55133.0496357275,25.555020651902225,
D12_I5_S,L5S-062,AM,36,18,71.87510362694299,5515.904455958549,6931.715025906736,8126.04143798756,14738.76165803109,16059.027447576478,8.957779630190174,17.22988333503504
D12_I5_S,L5S-062,MD,72,1,71.87510362694299,5515.904455958549,374.31088082901556,459.24228434688354,29211.746113989637,28950.513919215744,-0.894271070803219,22.690070705335565
D12_I5_S,L5S-062,PM,48,0,71.87510362694299,5515.904455958549,0.0,0.0,20099.989637305698,17930.284749020666,-10.794557248218911,
D12_I5_S,L5S-062,NT,132,0,71.87510362694299,5515.904455958549,0.0,0.0,28059.715800438007,27882.99833252177,-0.6297906549483996,
D12_I5_S,L5S-063,AM,36,0,67.90269430051812,4340.640932642487,0.0,0.0,11378.19170984456,9304.791435829935,-18.2225816446799,
D12_I5_S,L5S-063,MD,72,0,67.90269430051812,4340.640932642487,0.0,0.0,23279.901554404147,18131.648480575823,-22.114582666069587,
D12_I5_S,L5S-063,PM,48,0,67.90269430051812,4340.640932642487,0.0,0.0,15667.590673575129,13029.456887968932,-16.838158722487297,
D12_I5_S,L5S-063,NT,132,0,67.90269430051812,4340.640932642487,0.0,0.0,18781.26232573046,21243.356377259486,13.109310805780833,
D12_I5_S,L5S-065,AM,36,0,68.39432642487048,6576.563316062176,0.0,0.0,17980.32642487047,19029.94137890968,5.837574520267767,
D12_I5_S,L5S-065,MD,72,0,68.39432642487048,6576.563316062176,0.0,0.0,35388.66321243523,36741.434262313975,3.8226113310869323,
D12_I5_S,L5S-065,PM,48,0,68.39432642487048,6576.563316062176,0.0,0.0,24241.227979274612,24093.853988316743,-0.6079477124008259,
D12_I5_S,L5S-065,NT,132,0,68.39432642487048,6576.563316062176,0.0,0.0,26607.260482880185,36329.0178811026,36.5379870824268,
D12_I5_S,L5S-066,AM,36,31,71.27124352331606,7345.201865284974,16158.549222797928,17655.357558807264,18986.860103626943,20442.137587537865,7.66465585130071,9.263259438523749
D12_I5_S,L5S-066,MD,72,4,71.27124352331606,7345.201865284974,2190.6735751295337,2438.3272128576077,40640.06735751295,41572.987952753385,2.295568526089001,11.304908250122585
D12_I5_S,L5S-066,PM,48,0,71.27124352331606,7345.201865284974,0.0,0.0,28076.181347150257,28345.962675646675,0.9608903901876265,
D12_I5_S,L5S-066,NT,132,0,71.27124352331606,7345.201865284974,0.0,0.0,37075.16604348058,43453.37934604866,17.203465238936257,
D12_I5_S,L5S-067,AM,36,21,65.99266839378242,7573.792227979275,10254.23316062176,13228.829887033033,18618.875647668396,22453.91376633739,20.59758167593353,29.008475619944946
D12_I5_S,L5S-067,MD,72,0,65.99266839378242,7573.792227979275,0.0,0.0,42619.37305699482,44213.35059570783,3.740030470606385,
D12_I5_S,L5S-067,PM,48,0,65.99266839378242,7573.792227979275,0.0,0.0,29267.83419689119,29828.172750961723,1.9145200505818558,
D12_I5_S,L5S-067,NT,132,0,65.99266839378242,7573.792227979275,0.0,0.0,48978.9456225629,51467.4135934214,5.080689139441483,
D12_I5_S,L5S-068,AM,36,20,69.11968911917103,4990.779170984456,6179.357512953368,8249.212066062493,11971.300518134713,14261.736765423544,19.1327270067205,33.49627447141923
D12_I5_S,L5S-068,MD,72,0,69.11968911917103,4990.779170984456,0.0,0.0,25113.445595854922,26020.63812726188,3.6123777915870363,
D12_I5_S,L5S-068,PM,48,0,69.11968911917103,4990.779170984456,0.0,0.0,18267.113989637306,16102.061785931039,-11.852185325686767,
D12_I5_S,L5S-068,NT,132,0,69.11968911917103,4990.779170984456,0.0,0.0,23465.683617328134,27101.19577558518,15.492888328096344,
D12_I5_S,L5S-069,AM,36,0,67.67440414507773,5310.766943005181,0.0,0.0,11625.813471502592,12721.813306005666,9.427295880753716,
D12_I5_S,L5S-069,MD,72,0,67.67440414507773,5310.766943005181,0.0,0.0,29315.70466321244,26472.91071189334,-9.697170796260798,
D12_I5_S,L5S-069,PM,48,0,67.67440414507773,5310.766943005181,0.0,0.0,19613.38341968912,14190.033940526395,-27.65126935579321,
D12_I5_S,L5S-069,NT,132,0,67.67440414507773,5310.766943005181,0.0,0.0,21629.25564873671,30526.085527071067,41.133315093318934,
D12_I5_S,L5S-071,AM,36,0,69.16875180278831,4695.984870466322,0.0,0.0,11054.549222797927,10890.017431107246,-1.4883627398516148,
D12_I5_S,L5S-071,MD,72,0,69.16875180278831,4695.984870466322,0.0,0.0,26390.28497409326,22544.606357299974,-14.572326977781797,
D12_I5_S,L5S-071,PM,48,0,69.16875180278831,4695.984870466322,0.0,0.0,17833.99481865285,12466.568971167206,-30.0965986704884,
D12_I5_S,L5S-071,NT,132,0,69.16875180278831,4695.984870466322,0.0,0.0,18470.370199241486,24234.704438585268,31.20854740410402,
D12_I5_S,L5S-077,AM,36,0,69.16147668393785,4311.299378238342,0.0,0.0,9429.735751295337,10434.680623627843,10.657190178361672,
D12_I5_S,L5S-077,MD,72,0,69.16147668393785,4311.299378238342,0.0,0.0,23610.663212435233,22135.897852724593,-6.246183541908779,
D12_I5_S,L5S-077,PM,48,0,69.16147668393785,4311.299378238342,0.0,0.0,16039.772020725388,12258.637959297277,-23.57349005049706,
D12_I5_S,L5S-077,NT,132,0,69.16147668393785,4311.299378238342,0.0,0.0,17179.698253298433,23587.369478112247,37.297926484730695,
D12_I5_S,L5S-079,AM,36,0,70.16676366112921,8874.355336787565,0.0,0.0,21276.010362694302,22081.136892139948,3.7841988028797355,
D12_I5_S,L5S-079,MD,72,0,70.16676366112921,8874.355336787565,0.0,0.0,47159.113989637306,44557.99598779832,-5.515621015294208,
D12_I5_S,L5S-079,PM,48,0,70.16676366112921,8874.355336787565,0.0,0.0,32762.054404145078,32044.88736068915,-2.1890173143879244,
D12_I5_S,L5S-079,NT,132,0,70.16676366112921,8874.355336787565,0.0,0.0,35063.16926179157,45622.730794792275,30.11582168788002,
D12_I5_S,L5S-083,AM,36,0,71.66532356711716,7165.229222797927,0.0,0.0,20636.259067357514,20562.592191624506,-0.3569778586930734,
D12_I5_S,L5S-083,MD,72,0,71.66532356711716,7165.229222797927,0.0,0.0,37151.720207253886,37917.87155056568,2.062223065413275,
D12_I5_S,L5S-083,PM,48,0,71.66532356711716,7165.229222797927,0.0,0.0,25970.47150259067,23945.713319364884,-7.7963859186145585,
D12_I5_S,L5S-083,NT,132,0,71.66532356711716,7165.229222797927,0.0,0.0,34321.802815020565,37077.627222792915,8.029369618562967,
D12_I5_S,L5S-084,AM,36,15,71.12544041450778,7772.755336787565,9056.487046632123,9645.353118827885,21939.84455958549,22559.64439531564,2.8249964763736735,6.502146684069365
D12_I5_S,L5S-084,MD,72,6,71.12544041450778,7772.755336787565,3434.538860103627,3874.0664458301317,40620.65803108808,41582.27737007208,2.367316005191359,12.797280905222985
D12_I5_S,L5S-084,PM,48,7,71.12544041450778,7772.755336787565,4183.886010362694,4528.734365607827,28928.953367875645,28976.81162854638,0.16543377861668362,8.242298054751238
D12_I5_S,L5S-084,NT,132,0,71.12544041450778,7772.755336787565,0.0,0.0,32787.972116874094,42761.186323448586,30.41729500996449,
D12_I5_S,L5S-085,AM,36,0,65.85032383419686,6486.606528497409,0.0,0.0,15968.380829015545,15033.56775960511,-5.854150645704924,
D12_I5_S,L5S-085,MD,72,0,65.85032383419686,6486.606528497409,0.0,0.0,34917.93005181347,30838.061904989056,-11.684163811458593,
D12_I5_S,L5S-085,PM,48,0,65.85032383419686,6486.606528497409,0.0,0.0,24702.515544041446,19928.758489935477,-19.32498350459477,
D12_I5_S,L5S-085,NT,132,0,65.85032383419686,6486.606528497409,0.0,0.0,26557.392033011056,35842.597295804415,34.962790213932806,
D12_I5_S,L5S-086,AM,36,33,68.77918393782383,6072.302331606217,12532.121761658032,15021.229248171296,13875.018134715025,16533.07849591641,19.157166753901162,19.86182015984457
D12_I5_S,L5S-086,MD,72,15,68.77918393782383,6072.302331606217,6386.243523316062,7311.620060594258,33188.468911917094,35708.93689718939,7.594408744680793,14.490154249515571
D12_I5_S,L5S-086,PM,48,22,68.77918393782383,6072.302331606217,9720.35492227979,10787.061676918713,21802.84715025907,23450.731352532574,7.55811473114842,10.973948617801495
D12_I5_S,L5S-086,NT,132,0,68.77918393782383,6072.302331606217,0.0,0.0,32473.855816996955,36199.11366157042,11.471559969862442,
D12_I5_S,L5S-091,AM,36,27,70.63792746113991,8826.228808290154,16304.253886010361,19749.65858288732,22203.56994818653,26261.760777423253,18.277199741783747,21.13193722917454
D12_I5_S,L5S-091,MD,72,3,70.63792746113991,8826.228808290154,1861.564766839378,2201.369451468219,49602.58549222798,49718.77798008439,0.23424683754562606,18.253712719637015
D12_I5_S,L5S-091,PM,48,0,70.63792746113991,8826.228808290154,0.0,0.0,33387.25388601036,33572.59987763282,0.5551399712455004,
D12_I5_S,L5S-091,NT,132,0,70.63792746113991,8826.228808290154,0.0,0.0,44922.26523689973,47445.24626071776,5.616326359574627,
D12_I5_S,L5S-093,AM,36,0,69.76187823834198,9045.43243523316,0.0,0.0,22162.204663212433,24033.64007836975,8.444265557495537,
D12_I5_S,L5S-093,MD,72,0,69.76187823834198,9045.43243523316,0.0,0.0,47792.27202072539,48236.636387657505,0.9297828877844857,
D12_I5_S,L5S-093,PM,48,21,69.76187823834198,9045.43243523316,14777.857512953367,15604.74868817765,33967.05440414508,35102.675851779655,3.3433027018556993,5.595474002232595
D12_I5_S,L5S-093,NT,132,0,69.76187823834198,9045.43243523316,0.0,0.0,34628.731878638966,50920.48752352855,47.046931149503905,
D12_I5_S,L5S-095,AM,36,0,71.30217616580309,6839.018549222798,0.0,0.0,16750.818652849735,18325.997182517454,9.403591324772306,
D12_I5_S,L5S-095,MD,72,0,71.30217616580309,6839.018549222798,0.0,0.0,33715.47668393783,36898.68131905336,9.441375143398222,
D12_I5_S,L5S-095,PM,48,0,71.30217616580309,6839.018549222798,0.0,0.0,24720.90155440414,21534.329616451356,-12.890193065734213,
D12_I5_S,L5S-095,NT,132,0,71.30217616580309,6839.018549222798,0.0,0.0,31210.593130708836,36610.12494426653,17.300317847035615,
D12_I5_S,L5S-096,AM,36,0,70.61018134715026,5836.37347150259,0.0,0.0,14289.134715025906,16275.617335359828,13.902049773839789,
D12_I5_S,L5S-096,MD,72,0,70.61018134715026,5836.37347150259,0.0,0.0,29079.35751295337,31865.327978003697,9.580577782054911,
D12_I5_S,L5S-096,PM,48,0,70.61018134715026,5836.37347150259,0.0,0.0,21005.56476683938,17851.81096530045,-15.013896729487753,
D12_I5_S,L5S-096,NT,132,0,70.61018134715026,5836.37347150259,0.0,0.0,27722.27226109716,33298.89297414761,20.11603039075608,
D12_I5_S,L5S-101,AM,36,0,70.24188144329894,5036.18518134715,0.0,0.0,11522.896373056996,12272.599125389746,6.506200594545973,
D12_I5_S,L5S-101,MD,72,0,70.24188144329894,5036.18518134715,0.0,0.0,27535.13989637306,25460.240056418566,-7.535461405909912,
D12_I5_S,L5S-101,PM,48,0,70.24188144329894,5036.18518134715,0.0,0.0,19022.725388601033,13336.011146905228,-29.894319165767115,
D12_I5_S,L5S-101,NT,132,0,70.24188144329894,5036.18518134715,0.0,0.0,19081.520965760377,25477.679577128965,33.52017180834677,
D12_I5_S,L5S-107,AM,36,30,71.26640657550345,7249.904766839378,14532.922279792745,15577.097761065845,17859.487046632123,18883.606415038696,5.73431569301257,7.184896892519477
D12_I5_S,L5S-107,MD,72,7,71.26640657550345,7249.904766839378,3633.0259067357515,4140.861018195741,38555.25906735751,40050.16059954459,3.877296037812722,13.978295902554569
D12_I5_S,L5S-107,PM,48,22,71.26640657550345,7249.904766839378,12900.051813471498,13234.240164379222,27349.575129533674,28461.24261915806,4.064660911035294,2.5905969661201755
D12_I5_S,L5S-107,NT,132,0,71.26640657550345,7249.904766839378,0.0,0.0,34275.445489023026,43176.73940628337,25.96988540998264,
D12_I5_S,L5S-113,AM,36,0,67.52821750974839,7297.56932642487,0.0,0.0,17222.17098445596,13097.191024441436,-23.9515678002359,
D12_I5_S,L5S-113,MD,72,0,67.52821750974839,7297.56932642487,0.0,0.0,38813.69430051813,29526.384053304093,-23.927921355041075,
D12_I5_S,L5S-113,PM,48,0,67.52821750974839,7297.56932642487,0.0,0.0,27681.787564766833,20486.26687124344,-25.993699563975408,
D12_I5_S,L5S-113,NT,132,0,67.52821750974839,7297.56932642487,0.0,0.0,30806.67119811976,32151.741795736918,4.366166629841051,
D12_I5_S,L5S-116,AM,36,0,64.90391191709845,6478.300414507772,0.0,0.0,14989.974093264249,4538.642093840677,-69.72214851338457,
D12_I5_S,L5S-116,MD,72,0,64.90391191709845,6478.300414507772,0.0,0.0,34460.77202072539,21469.715652607076,-37.6981002059537,
D12_I5_S,L5S-116,PM,48,0,64.90391191709845,6478.300414507772,0.0,0.0,24738.78756476684,15327.531008128944,-38.04251332850877,
D12_I5_S,L5S-116,NT,132,0,64.90391191709845,6478.300414507772,0.0,0.0,27421.025425992197,32689.827091709885,19.21445891926211,
D12_I5_S,L5S-120,AM,36,0,64.31945876288658,6355.8519170984455,0.0,0.0,15674.601036269425,15535.559378702295,-0.8870506958703546,
D12_I5_S,L5S-120,MD,72,0,64.31945876288658,6355.8519170984455,0.0,0.0,34405.90155440415,31389.460506757874,-8.767219899401681,
D12_I5_S,L5S-120,PM,48,0,64.31945876288658,6355.8519170984455,0.0,0.0,24167.808290155437,20096.380910315867,-16.846489888361262,
D12_I5_S,L5S-120,NT,132,0,64.31945876288658,6355.8519170984455,0.0,0.0,26920.722771219487,35423.08741444874,31.582973144833222,
D12_I5_S,L5S-121,AM,36,0,67.94150259067354,6060.1697409326425,0.0,0.0,15119.870466321245,14642.32209964125,-3.1584157267994497,
D12_I5_S,L5S-121,MD,72,0,67.94150259067354,6060.1697409326425,0.0,0.0,32338.673575129535,30410.548145910616,-5.962289778952987,
D12_I5_S,L5S-121,PM,48,0,67.94150259067354,6060.1697409326425,0.0,0.0,22628.761658031086,17871.24821240889,-21.024188232296513,
D12_I5_S,L5S-121,NT,132,0,67.94150259067354,6060.1697409326425,0.0,0.0,21794.34365151434,32941.80158616176,51.14839938697975,
D12_I5_S,L5S-122,AM,36,0,66.40277849740934,5872.192383419689,0.0,0.0,14696.027202072539,13884.685578483248,-5.520822821251105,
D12_I5_S,L5S-122,MD,72,0,66.40277849740934,5872.192383419689,0.0,0.0,31825.09715025907,28409.169758893004,-10.73343900644859,
D12_I5_S,L5S-122,PM,48,0,66.40277849740934,5872.192383419689,0.0,0.0,21742.050518134714,16772.09152338244,-22.858740902137566,
D12_I5_S,L5S-122,NT,132,0,66.40277849740934,5872.192383419689,0.0,0.0,22672.40626836173,29689.5167304735,30.950003184725105,
D12_I5_S,L5S-123,AM,36,0,68.16248704663214,5697.957823834197,0.0,0.0,14212.150259067359,14131.964809509827,-0.5642035026077306,
D12_I5_S,L5S-123,MD,72,0,68.16248704663214,5697.957823834197,0.0,0.0,30333.466321243526,29268.311793536675,-3.511483047886578,
D12_I5_S,L5S-123,PM,48,0,68.16248704663214,5697.957823834197,0.0,0.0,20641.347150259066,16494.735584962236,-20.088861134457428,
D12_I5_S,L5S-123,NT,132,0,68.16248704663214,5697.957823834197,0.0,0.0,19965.4648523049,30929.37930176988,54.91439608629628,
D12_I5_S,L5S-125,AM,36,0,66.21231865284975,5162.445077720207,0.0,0.0,13052.694300518133,12336.258591420083,-5.48879558965547,
D12_I5_S,L5S-125,MD,72,0,66.21231865284975,5162.445077720207,0.0,0.0,28336.69689119171,25597.209323570416,-9.667631969034638,
D12_I5_S,L5S-125,PM,48,0,66.21231865284975,5162.445077720207,0.0,0.0,18895.595854922278,14074.166097740774,-25.516156220739276,
D12_I5_S,L5S-125,NT,132,0,66.21231865284975,5162.445077720207,0.0,0.0,20450.633165963358,22074.90347705757,7.942396198263133,
D12_I5_S,L5S-130,AM,36,0,68.22126943005182,5580.905284974093,0.0,0.0,12313.036269430051,13524.546077551924,9.839245021390257,
D12_I5_S,L5S-130,MD,72,0,68.22126943005182,5580.905284974093,0.0,0.0,30365.08808290155,28510.020218702342,-6.109212853704151,
D12_I5_S,L5S-130,PM,48,0,68.22126943005182,5580.905284974093,0.0,0.0,21069.735751295335,15794.744572074203,-25.03586775594389,
D12_I5_S,L5S-130,NT,132,0,68.22126943005182,5580.905284974093,0.0,0.0,20104.25564873671,30744.228163844517,52.92398137494033,
D12_I5_S,L5S-132,AM,36,0,67.91834196891189,5745.755129533679,0.0,0.0,12835.59585492228,13680.212518883538,6.5802684464964605,
D12_I5_S,L5S-132,MD,72,0,67.91834196891189,5745.755129533679,0.0,0.0,31402.81865284974,28585.25212012377,-8.97233641308909,
D12_I5_S,L5S-132,PM,48,0,67.91834196891189,5745.755129533679,0.0,0.0,21665.948186528498,14916.549767158645,-31.152102650953946,
D12_I5_S,L5S-132,NT,132,0,67.91834196891189,5745.755129533679,0.0,0.0,21036.084343785056,30618.82446258032,45.5538205789064,
D12_I5_S,L5S-135,AM,36,0,68.88295336787567,6891.773471502591,0.0,0.0,20008.65803108808,20160.685650998865,0.7598091769801496,
D12_I5_S,L5S-135,MD,72,0,68.88295336787567,6891.773471502591,0.0,0.0,36712.751295336784,37722.18881105359,2.749555617873349,
D12_I5_S,L5S-135,PM,48,0,68.88295336787567,6891.773471502591,0.0,0.0,25153.067357512955,25004.38705551863,-0.5911020706980143,
D12_I5_S,L5S-135,NT,132,0,68.88295336787567,6891.773471502591,0.0,0.0,34350.791357299284,40168.142828514785,16.935130869930767,
D12_I5_S,L5S-136,AM,36,26,68.85484455958553,6349.0383419689115,10832.689119170984,13150.283771128936,15595.927461139898,17876.515747666508,14.622973158916727,21.394453643614906
D12_I5_S,L5S-136,MD,72,1,68.85484455958553,6349.0383419689115,429.4766839378238,528.1992078858794,33374.58549222798,33003.772775553094,-1.1110631374320472,22.986701639511566
D12_I5_S,L5S-136,PM,48,0,68.85484455958553,6349.0383419689115,0.0,0.0,23835.388601036266,23745.120378948548,-0.3787151264812743,
D12_I5_S,L5S-136,NT,132,0,68.85484455958553,6349.0383419689115,0.0,0.0,32256.58103199615,33782.42823500451,4.730343868418148,
D12_I5_S,L5S-137,AM,36,30,70.53126943005181,8812.96725388601,18283.68911917098,19673.27026485625,22214.82901554404,24038.667597590935,8.21000504109542,7.600113612893667
D12_I5_S,L5S-137,MD,72,12,70.53126943005181,8812.96725388601,7818.963730569948,8604.307097091478,49291.430051813484,50465.63512097913,2.382168802835225,10.04408504225513
D12_I5_S,L5S-137,PM,48,10,70.53126943005181,8812.96725388601,6684.4974093264245,7232.371462714306,33347.07772020725,33344.77120313319,-0.006916699248466844,8.196189179809844
D12_I5_S,L5S-137,NT,132,0,70.53126943005181,8812.96725388601,0.0,0.0,44379.61524491214,46868.00138915782,5.607047583701084,
D12_I5_S,L5S-142,AM,36,32,70.88961139896374,8302.832331606218,18577.974093264245,21624.367182021328,21113.28497409326,24380.07350987295,15.472668226607803,16.397875642756997
D12_I5_S,L5S-142,MD,72,12,70.88961139896374,8302.832331606218,7508.678756476684,8238.65859705567,47169.80310880829,48315.60634604067,2.429103285823165,9.721814772663365
D12_I5_S,L5S-142,PM,48,20,70.88961139896374,8302.832331606218,12845.88601036269,13725.429671862774,31325.35751295337,32620.73545809812,4.1352375455223305,6.846889819748997
D12_I5_S,L5S-142,NT,132,0,70.88961139896374,8302.832331606218,0.0,0.0,42976.38502216762,46668.960220099616,8.59210283979756,
D12_I5_S,L5S-143,AM,36,0,65.8966237113402,5656.735336787565,0.0,0.0,12610.082901554404,12532.895267655,-0.6121104397330301,
D12_I5_S,L5S-143,MD,72,0,65.8966237113402,5656.735336787565,0.0,0.0,29163.937823834196,26457.978709740302,-9.278442199538814,
D12_I5_S,L5S-143,PM,48,0,65.8966237113402,5656.735336787565,0.0,0.0,21115.331606217616,15333.61932207308,-27.38158411133858,
D12_I5_S,L5S-143,NT,132,0,65.8966237113402,5656.735336787565,0.0,0.0,20457.964531809197,26087.915030710446,27.519602403002924,
D12_I5_S,L5S-146,AM,36,0,70.55822164948457,7476.206735751295,0.0,0.0,19899.507772020726,20111.697596377562,1.0663068995866354,
D12_I5_S,L5S-146,MD,72,0,70.55822164948457,7476.206735751295,0.0,0.0,33836.979274611396,43510.53779491667,28.58871781017271,
D12_I5_S,L5S-146,PM,48,0,70.55822164948457,7476.206735751295,0.0,0.0,23834.103626943004,28759.651666891034,20.665967208349286,
D12_I5_S,L5S-146,NT,132,0,70.55822164948457,7476.206735751295,0.0,0.0,25394.644783932483,45902.10313863893,80.75505103218367,
D12_I5_S,L5S-147,AM,36,0,69.04598271994018,4287.326424870466,0.0,0.0,9811.062176165802,5169.51658157991,-47.30930771045042,
D12_I5_S,L5S-147,MD,72,0,69.04598271994018,4287.326424870466,0.0,0.0,23465.751295336784,13986.72127991982,-40.39516952223335,
D12_I5_S,L5S-147,PM,48,0,69.04598271994018,4287.326424870466,0.0,0.0,16262.01554404145,9608.98015829708,-40.91150551250151,
D12_I5_S,L5S-147,NT,132,0,69.04598271994018,4287.326424870466,0.0,0.0,16904.739597243737,17975.094585818137,6.33168575249108,
D12_I5_S,L5S-149,AM,36,0,71.39286776881579,7424.030984455959,0.0,0.0,21389.80829015544,21363.865263783002,-0.12128685783677202,
D12_I5_S,L5S-149,MD,72,0,71.39286776881579,7424.030984455959,0.0,0.0,38197.65803108808,39516.04149709735,3.451477221290035,
D12_I5_S,L5S-149,PM,48,0,71.39286776881579,7424.030984455959,0.0,0.0,26911.170984455955,25609.977859947467,-4.835141232836228,
D12_I5_S,L5S-149,NT,132,0,71.39286776881579,7424.030984455959,0.0,0.0,35901.06126809465,40133.15061864613,11.788201242709622,
D12_I5_S,L5S-152,AM,36,0,64.93274611398964,5005.173264248704,0.0,0.0,13421.709844559584,14294.721077465103,6.5044710623020165,
D12_I5_S,L5S-152,MD,72,0,64.93274611398964,5005.173264248704,0.0,0.0,26256.83937823834,27383.587816179526,4.291256924376953,
D12_I5_S,L5S-152,PM,48,0,64.93274611398964,5005.173264248704,0.0,0.0,17659.463730569947,17214.91382163402,-2.517346595108514,
D12_I5_S,L5S-152,NT,132,0,64.93274611398964,5005.173264248704,0.0,0.0,19466.083903103467,26660.08542185084,36.956593604327566,
D12_I5_S,L5S-154,AM,36,0,71.60549222797923,7117.861243523316,0.0,0.0,19730.305699481865,20748.36328109739,5.159867247481422,
D12_I5_S,L5S-154,MD,72,0,71.60549222797923,7117.861243523316,0.0,0.0,36079.44559585492,37573.201662768115,4.140185754641436,
D12_I5_S,L5S-154,PM,48,0,71.60549222797923,7117.861243523316,0.0,0.0,24844.62694300518,23686.92711650448,-4.659759348194361,
D12_I5_S,L5S-154,NT,132,0,71.60549222797923,7117.861243523316,0.0,0.0,27794.56359168847,39729.252874427155,42.938933879528754,
D12_I5_S,L5S-156,AM,36,0,69.28862694300517,7488.051917098445,0.0,0.0,21186.051813471502,21892.018849747248,3.3322255722363767,
D12_I5_S,L5S-156,MD,72,0,69.28862694300517,7488.051917098445,0.0,0.0,38817.145077720204,40218.55342102917,3.6102818496905185,
D12_I5_S,L5S-156,PM,48,0,69.28862694300517,7488.051917098445,0.0,0.0,27676.808290155437,26246.06369225572,-5.169471070869933,
D12_I5_S,L5S-156,NT,132,0,69.28862694300517,7488.051917098445,0.0,0.0,32000.010549650127,38289.526984304815,19.654732378591213,
D12_I5_S,L5S-158,AM,36,16,70.84031088082904,7156.397409326425,8767.751295336788,9420.378526708526,19970.715025906735,21008.911881771768,5.198596317248765,7.443496164391024
D12_I5_S,L5S-158,MD,72,7,70.84031088082904,7156.397409326425,3598.227979274611,4148.4266609451815,34860.331606217616,39106.82186611444,12.181439660027303,15.290823284118
D12_I5_S,L5S-158,PM,48,9,70.84031088082904,7156.397409326425,4954.176165803108,5356.735122723094,25854.663212435233,26329.38411682453,1.8361132786327425,8.125648815209779
D12_I5_S,L5S-158,NT,132,0,70.84031088082904,7156.397409326425,0.0,0.0,28187.337054644515,38913.82765687049,38.05428863830376,
D12_I5_S,L5S-159,AM,36,10,66.21832727952567,5628.323626943005,3881.3937823834203,4676.731793106943,14886.82901554404,16416.4714627851,10.275139491720408,20.49104149992055
D12_I5_S,L5S-159,MD,72,0,66.21832727952567,5628.323626943005,0.0,0.0,31406.227979274612,28830.574590632787,-8.201091166826954,
D12_I5_S,L5S-159,PM,48,0,66.21832727952567,5628.323626943005,0.0,0.0,21731.378238341968,19520.457904122235,-10.173861546981284,
D12_I5_S,L5S-159,NT,132,0,66.21832727952567,5628.323626943005,0.0,0.0,27494.695983120553,33435.411379306126,21.60676881036501,
D12_I5_S,L5S-161,AM,36,0,65.78264248704662,6486.701347150259,0.0,0.0,18948.78756476684,19031.178226073454,0.43480703461898546,
D12_I5_S,L5S-161,MD,72,0,65.78264248704662,6486.701347150259,0.0,0.0,34988.60621761658,34742.691728501726,-0.7028416267437279,
D12_I5_S,L5S-161,PM,48,0,65.78264248704662,6486.701347150259,0.0,0.0,23710.47668393782,24630.297818452273,3.8793869342051903,
D12_I5_S,L5S-161,NT,132,0,65.78264248704662,6486.701347150259,0.0,0.0,31142.18650178943,42039.079580466,34.99077715063596,
D12_I5_S,L5S-165,AM,36,0,67.92841968911921,6064.726010362694,0.0,0.0,14789.269430051814,16798.880335079943,13.588304104762583,
D12_I5_S,L5S-165,MD,72,0,67.92841968911921,6064.726010362694,0.0,0.0,30048.518134715025,34712.86810561074,15.522728774791043,
D12_I5_S,L5S-165,PM,48,0,67.92841968911921,6064.726010362694,0.0,0.0,21663.85492227979,20632.61986000845,-4.760164181171579,
D12_I5_S,L5S-165,NT,132,0,67.92841968911921,6064.726010362694,0.0,0.0,28180.141952887134,35693.52181066604,26.661965970008676,
D12_I5_S,L5S-173,AM,36,14,70.75108247422682,8047.926839378238,8934.139896373057,9319.016782071049,22433.715025906735,23791.3553335957,6.05178547610659,4.307934397291425
D12_I5_S,L5S-173,MD,72,6,70.75108247422682,8047.926839378238,3576.2487046632123,3997.1048869359824,40552.19689119171,43397.41501623788,7.0161873909824575,11.768090449749739
D12_I5_S,L5S-173,PM,48,0,70.75108247422682,8047.926839378238,0.0,0.0,28412.248704663216,28063.5116364747,-1.22741804710191,
D12_I5_S,L5S-173,NT,132,0,70.75108247422682,8047.926839378238,0.0,0.0,32061.242321457183,43203.43446792244,34.75283968958456,
D12_I5_S,L5S-174,AM,36,30,71.52248704663211,6446.299585492227,13622.569948186525,15518.168396592486,16519.849740932637,18649.080643792062,12.888924150342893,13.915130959986799
D12_I5_S,L5S-174,MD,72,8,71.52248704663211,6446.299585492227,3632.5336787564765,4241.489395092108,33644.90155440415,36398.85578738126,8.185353815120969,16.763938622149123
D12_I5_S,L5S-174,PM,48,11,71.52248704663211,6446.299585492227,5511.020725388601,5851.842716840223,24151.466321243526,24155.023511004452,0.014728669943312022,6.18437143379804
D12_I5_S,L5S-174,NT,132,0,71.52248704663211,6446.299585492227,0.0,0.0,31559.029966347956,36002.95991230585,14.081326170977206,
D12_I5_S,L5S-178,AM,36,0,68.04795336787565,4225.050466321243,0.0,0.0,9962.523316062176,9928.574695198262,-0.34076327639986226,
D12_I5_S,L5S-178,MD,72,0,68.04795336787565,4225.050466321243,0.0,0.0,24039.673575129535,21162.480250618868,-11.968520768465398,
D12_I5_S,L5S-178,PM,48,0,68.04795336787565,4225.050466321243,0.0,0.0,15471.336787564767,10667.148875812009,-31.05218364591591,
D12_I5_S,L5S-178,NT,132,0,68.04795336787565,4225.050466321243,0.0,0.0,18899.91752577319,23637.86434620615,25.068611087704358,
D12_I5_S,L5S-179,AM,36,0,67.88404145077723,4163.35896373057,0.0,0.0,9700.461139896372,9543.626082268302,-1.6167794021980426,
D12_I5_S,L5S-179,MD,72,0,67.88404145077723,4163.35896373057,0.0,0.0,23581.41968911917,20222.63734633026,-14.243342373227453,
D12_I5_S,L5S-179,PM,48,0,67.88404145077723,4163.35896373057,0.0,0.0,15236.984455958549,9536.999802722687,-37.40887620979908,
D12_I5_S,L5S-179,NT,132,0,67.88404145077723,4163.35896373057,0.0,0.0,18243.997836654024,22984.08474929819,25.98162395700823,
D12_I5_S,L5S-181,AM,36,27,69.14883673414882,4382.3496373057,7226.440414507772,8659.825528042285,10325.860103626943,11615.76044685989,12.491940916184511,19.83528585743065
D12_I5_S,L5S-181,MD,72,4,69.14883673414882,4382.3496373057,1180.5336787564765,1445.8210407220752,22744.849740932645,23177.528548324353,1.90231552338216,22.471816496166458
D12_I5_S,L5S-181,PM,48,0,69.14883673414882,4382.3496373057,0.0,0.0,16212.528497409325,16458.366469081004,1.5163456564530489,
D12_I5_S,L5S-181,NT,132,0,69.14883673414882,4382.3496373057,0.0,0.0,21594.20439613268,23668.688446562144,9.606670439782366,
D12_I5_S,L5S-185,AM,36,33,71.8985751295337,7291.996787564766,14755.715025906737,15894.1190340439,16202.735751295335,17716.230799255507,9.340984579342875,7.715004024802988
D12_I5_S,L5S-185,MD,72,15,71.8985751295337,7291.996787564766,7508.347150259067,8608.99841539754,39207.238341968914,42806.76888171966,9.18078062105607,14.65903537905138
D12_I5_S,L5S-185,PM,48,24,71.8985751295337,7291.996787564766,13557.834196891192,13623.924546317648,27524.968911917094,27935.19630868825,1.490382779664267,0.4874698160979957
D12_I5_S,L5S-185,NT,132,0,71.8985751295337,7291.996787564766,0.0,0.0,35185.79496287591,40922.475782887836,16.303968195303323,
D12_I5_S,L5S-186,AM,36,0,64.8005862400513,6619.687461139896,0.0,0.0,19232.678756476686,18832.73919769114,-2.0794792230950443,
D12_I5_S,L5S-186,MD,72,0,64.8005862400513,6619.687461139896,0.0,0.0,35296.19689119171,34704.78809639395,-1.6755595415021651,
D12_I5_S,L5S-186,PM,48,0,64.8005862400513,6619.687461139896,0.0,0.0,24415.22279792746,24175.364993979194,-0.9824108751062803,
D12_I5_S,L5S-186,NT,132,0,64.8005862400513,6619.687461139896,0.0,0.0,31501.14390256931,41897.0258468896,33.00160139096528,
D12_I5_S,L5S-187,AM,36,15,64.6113212435233,6092.916994818653,6559.4663212435225,7593.9175298364335,16204.445595854919,17932.608009291882,10.66474260544295,15.770356274911142
D12_I5_S,L5S-187,MD,72,0,64.6113212435233,6092.916994818653,0.0,0.0,33983.445595854915,21299.8773235476,-37.32278481454034,
D12_I5_S,L5S-187,PM,48,0,64.6113212435233,6092.916994818653,0.0,0.0,23273.181347150257,22780.788344495624,-2.1157099036437725,
D12_I5_S,L5S-187,NT,132,8,64.6113212435233,6092.916994818653,2401.5906735751296,4050.0792489023634,28355.770257999036,51183.71710576426,80.5054725724672,68.64152969386787
D12_I5_S,L5S-190,AM,36,0,67.37662985417448,4427.833989637306,0.0,0.0,10315.808290155439,8906.00316324383,-13.666453342846744,
D12_I5_S,L5S-190,MD,72,0,67.37662985417448,4427.833989637306,0.0,0.0,25345.740932642486,25113.818318961545,-0.9150358409220963,
D12_I5_S,L5S-190,PM,48,0,67.37662985417448,4427.833989637306,0.0,0.0,15758.528497409325,14592.68344595405,-7.398184745783453,
D12_I5_S,L5S-190,NT,132,0,67.37662985417448,4427.833989637306,0.0,0.0,15524.763554297311,24680.856011458927,58.97733917259678,
D12_I5_S,L5S-191,AM,36,0,70.21800518134717,6432.74829015544,0.0,0.0,16197.782383419686,14338.393658985326,-11.47927957309552,
D12_I5_S,L5S-191,MD,72,0,70.21800518134717,6432.74829015544,0.0,0.0,32788.04663212435,33359.0295119744,1.7414360979059382,
D12_I5_S,L5S-191,PM,48,0,70.21800518134717,6432.74829015544,0.0,0.0,23323.44041450777,23126.894596349703,-0.8426965090270833,
D12_I5_S,L5S-191,NT,132,0,70.21800518134717,6432.74829015544,0.0,0.0,25017.21032530314,42058.64921420849,68.11886164489388,
D12_I5_S,L5S-193,AM,36,0,64.86056994818655,5241.961554404145,0.0,0.0,13501.290155440416,10907.126905069588,-19.214187833193826,
D12_I5_S,L5S-193,MD,72,0,64.86056994818655,5241.961554404145,0.0,0.0,28461.227979274612,23098.51262638587,-18.842178407740725,
D12_I5_S,L5S-193,PM,48,0,64.86056994818655,5241.961554404145,0.0,0.0,19317.533678756477,14131.015081843409,-26.848761768261813,
D12_I5_S,L5S-193,NT,132,0,64.86056994818655,5241.961554404145,0.0,0.0,21713.55365632178,17373.433382076426,-19.988069861525183,
D12_I5_S,L5S-196,AM,36,11,71.4968651514342,7387.177616580311,6423.740932642487,6691.8120789870745,20917.984455958547,21519.666680555885,2.876387186653383,4.173131344422281
D12_I5_S,L5S-196,MD,72,0,71.4968651514342,7387.177616580311,0.0,0.0,39116.834196891185,39327.50474611878,0.5385674826526151,
D12_I5_S,L5S-196,PM,48,0,71.4968651514342,7387.177616580311,0.0,0.0,27535.803108808286,25595.799185688655,-7.045387110932144,
D12_I5_S,L5S-196,NT,132,0,71.4968651514342,7387.177616580311,0.0,0.0,36893.924630094545,41630.914372753534,12.839484522595365,
D12_I5_S,L5S-197,AM,36,21,66.65665803108809,6616.109844559585,9292.393782383419,11386.479516737063,16909.9689119171,19464.149656482885,15.104585690667676,22.53548206624246
D12_I5_S,L5S-197,MD,72,3,66.65665803108809,6616.109844559585,1364.1295336787564,1651.0029852229495,34595.30569948186,36428.30785385655,5.298412941620992,21.02978085743505
D12_I5_S,L5S-197,PM,48,0,66.65665803108809,6616.109844559585,0.0,0.0,22507.580310880825,24450.720776137066,8.633271273131347,
D12_I5_S,L5S-197,NT,132,0,66.65665803108809,6616.109844559585,0.0,0.0,44566.91130281502,45784.097504802696,2.731143277391083,
D12_I5_S,L5S-199,AM,36,0,68.13911917098444,6914.818134715026,0.0,0.0,15827.652849740933,17519.683241533694,10.6903430840692,
D12_I5_S,L5S-199,MD,72,0,68.13911917098444,6914.818134715026,0.0,0.0,36645.979274611396,36990.0890056071,0.9390108759737954,
D12_I5_S,L5S-199,PM,48,0,68.13911917098444,6914.818134715026,0.0,0.0,25832.60103626943,21769.906743721513,-15.727004364925628,
D12_I5_S,L5S-199,NT,132,0,68.13911917098444,6914.818134715026,0.0,0.0,23338.18316329256,37565.210939312834,60.960305592241816,
D12_I5_S,L5S-205,AM,36,0,71.1436495112441,6414.46414507772,0.0,0.0,17476.00518134715,17688.747348568937,1.217338659574526,
D12_I5_S,L5S-205,MD,72,0,71.1436495112441,6414.46414507772,0.0,0.0,33362.673575129535,33625.6337002879,0.7881866079054047,
D12_I5_S,L5S-205,PM,48,0,71.1436495112441,6414.46414507772,0.0,0.0,22885.84974093264,21063.892877978717,-7.961062768385004,
D12_I5_S,L5S-205,NT,132,0,71.1436495112441,6414.46414507772,0.0,0.0,25376.282516959564,35137.412868371444,38.465564626687495,
D12_I5_S,L5S-220,AM,36,6,68.8279274611399,8325.90901554404,3823.6735751295337,4154.325377426252,23248.21243523316,23860.3965299804,2.6332523261851435,8.647490320496749
D12_I5_S,L5S-220,MD,72,0,68.8279274611399,8325.90901554404,0.0,0.0,40976.94300518134,41685.33622727508,1.7287605422497458,
D12_I5_S,L5S-220,PM,48,0,68.8279274611399,8325.90901554404,0.0,0.0,29261.720207253886,26823.23227389221,-8.333371777497838,
D12_I5_S,L5S-220,NT,132,0,68.8279274611399,8325.90901554404,0.0,0.0,38628.079215853846,42697.15161618708,10.53397549900228,
D12_I5_S,L5S-223,AM,36,15,70.03419689119171,8916.92207253886,10316.984455958547,11134.113039908349,25140.953367875645,26344.34102108563,4.786563323997245,7.9202269562194685
D12_I5_S,L5S-223,MD,72,2,70.03419689119171,8916.92207253886,1324.2176165803107,1485.5900758551154,47185.46632124351,48606.74207150806,3.012104915077782,12.186249242895327
D12_I5_S,L5S-223,PM,48,0,70.03419689119171,8916.92207253886,0.0,0.0,33533.60103626942,32657.99825415205,-2.6111206522983674,
D12_I5_S,L5S-223,NT,132,0,70.03419689119171,8916.92207253886,0.0,0.0,40106.15720314086,51585.13533330202,28.621485903072774,
D12_I5_S,L5S-226,AM,36,0,68.10743523316061,6715.142487046632,0.0,0.0,19127.24352331606,19161.78760845497,0.18060148132061554,
D12_I5_S,L5S-226,MD,72,0,68.10743523316061,6715.142487046632,0.0,0.0,35699.21761658031,36400.55477721263,1.9645729163167642,
D12_I5_S,L5S-226,PM,48,0,68.10743523316061,6715.142487046632,0.0,0.0,24825.927461139894,24123.473191938283,-2.82951873722005,
D12_I5_S,L5S-226,NT,132,0,68.10743523316061,6715.142487046632,0.0,0.0,33420.07860157043,38468.64553766602,15.106388576412144,
D12_I5_S,L5S-239,AM,36,0,69.95189119170988,7934.143834196891,0.0,0.0,21706.564766839372,20441.287787832836,-5.829006075339341,
D12_I5_S,L5S-239,MD,72,0,69.95189119170988,7934.143834196891,0.0,0.0,40881.0932642487,39608.96535361769,-3.1117756621824753,
D12_I5_S,L5S-239,PM,48,0,69.95189119170988,7934.143834196891,0.0,0.0,28089.963730569947,24152.359882137156,-14.017831728801939,
D12_I5_S,L5S-239,NT,132,0,69.95189119170988,7934.143834196891,0.0,0.0,30977.86565888574,42442.13669412768,37.007943547439034,
D12_I5_S,L5S-240,AM,36,0,70.33816062176169,6909.588186528497,0.0,0.0,17213.523316062176,20041.365225412304,16.428024974477076,
D12_I5_S,L5S-240,MD,72,0,70.33816062176169,6909.588186528497,0.0,0.0,35064.979274611396,38735.53322574467,10.467862885037892,
D12_I5_S,L5S-240,PM,48,0,70.33816062176169,6909.588186528497,0.0,0.0,25199.445595854922,22917.569360953017,-9.0552636415035,
D12_I5_S,L5S-240,NT,132,0,70.33816062176169,6909.588186528497,0.0,0.0,32731.443939960474,39446.8709626214,20.516745411473686,
D12_I5_S,L5S-249,AM,36,0,70.0897494791945,7553.179274611399,0.0,0.0,20588.497409326425,20803.44164339698,1.0440015596922059,
D12_I5_S,L5S-249,MD,72,0,70.0897494791945,7553.179274611399,0.0,0.0,38834.09844559585,39136.852731364925,0.7796094099962467,
D12_I5_S,L5S-249,PM,48,0,70.0897494791945,7553.179274611399,0.0,0.0,26989.27979274611,25380.31042012485,-5.9615128116671805,
D12_I5_S,L5S-249,NT,132,0,70.0897494791945,7553.179274611399,0.0,0.0,30141.02363655788,40297.27822499047,33.69578522248371,
D12_I5_S,L5S-252,AM,36,18,70.8203626943005,8178.887564766839,11428.575129533678,12145.455366984535,22650.554404145078,24052.14735690339,6.187896895370564,6.272700046380224
D12_I5_S,L5S-252,MD,72,8,70.8203626943005,8178.887564766839,4790.129533678756,5414.218951529259,43001.21243523316,45326.65780187509,5.407859999632403,13.028654308043542
D12_I5_S,L5S-252,PM,48,16,70.8203626943005,8178.887564766839,10302.704663212435,10867.666225798772,30824.34715025907,31310.15756408792,1.576060675221041,5.483623777003225
D12_I5_S,L5S-252,NT,132,0,70.8203626943005,8178.887564766839,0.0,0.0,34147.24424443138,48636.1021968425,42.430533628709775,
D12_I5_S,L5S-260,AM,36,29,70.44386010362693,8160.94103626943,16519.772020725388,19549.57435706074,20863.362694300515,24222.21162413761,16.09926922640649,18.340460949062866
D12_I5_S,L5S-260,MD,72,6,70.44386010362693,8160.94103626943,3512.383419689119,4064.134453482708,45085.49222797927,47767.25783887808,5.948178623265759,15.7087358601193
D12_I5_S,L5S-260,PM,48,0,70.44386010362693,8160.94103626943,0.0,0.0,31012.43523316062,31426.784420587912,1.3360743337699608,
D12_I5_S,L5S-260,NT,132,0,70.44386010362693,8160.94103626943,0.0,0.0,41550.31945408899,44700.71755885251,7.582127276408923,
D12_I5_S,L5S-262,AM,36,17,70.5767983814967,8420.160621761657,8998.186528497408,11911.616012693268,20205.25388601036,25211.3450209214,24.77618525930594,32.37796277026465
D12_I5_S,L5S-262,MD,72,8,70.5767983814967,8420.160621761657,4800.362694300518,5606.967492029941,47085.87046632125,49144.37320196832,4.371805629290519,16.802996962856714
D12_I5_S,L5S-262,PM,48,19,70.5767983814967,8420.160621761657,11842.9896373057,13301.7922086221,30803.725388601033,33279.44264138488,8.037070911234613,12.317857365349184
D12_I5_S,L5S-262,NT,132,0,70.5767983814967,8420.160621761657,0.0,0.0,44245.30254794081,50465.7282587542,14.058951691139221,
D12_I5_S,L5S-264,AM,36,32,69.37865284974096,5005.780414507772,10516.678756476684,11355.853100954913,12074.616580310882,12944.822748677878,7.206905184765638,7.979461614356387
D12_I5_S,L5S-264,MD,72,11,69.37865284974096,5005.780414507772,3792.4663212435235,4433.528903376431,26093.673575129535,27592.86844925939,5.745434309252535,16.903580093565807
D12_I5_S,L5S-264,PM,48,7,69.37865284974096,5005.780414507772,2475.6683937823836,2871.844523747316,17489.979274611396,18539.81742716636,6.0025122732930685,16.0027946779918
D12_I5_S,L5S-264,NT,132,0,69.37865284974096,5005.780414507772,0.0,0.0,25716.523609849904,28550.632468795713,11.020575338807818,
D12_I5_S,L5S-267,AM,36,24,69.25924870466322,4980.261761658031,7549.730569948186,9644.008614729308,11993.331606217616,14112.10093857909,17.66622821687891,27.739771974346034
D12_I5_S,L5S-267,MD,72,1,69.25924870466322,4980.261761658031,313.3264248704663,414.24847355543903,25145.44041450777,26466.928719976197,5.255379439311736,32.2098746464475
D12_I5_S,L5S-267,PM,48,0,69.25924870466322,4980.261761658031,0.0,0.0,18276.010362694302,16863.52354912561,-7.728638721128735,
D12_I5_S,L5S-267,NT,132,0,69.25924870466322,4980.261761658031,0.0,0.0,23686.975081459328,27815.45292278497,17.42931643710452,
D12_I5_S,L5S-271,AM,36,0,67.1083678756477,6715.6541968911915,0.0,0.0,19544.86528497409,19822.927368539553,1.4226861096823942,
D12_I5_S,L5S-271,MD,72,0,67.1083678756477,6715.6541968911915,0.0,0.0,36224.03626943005,37032.46896964195,2.2317576489789177,
D12_I5_S,L5S-271,PM,48,0,67.1083678756477,6715.6541968911915,0.0,0.0,24899.963730569947,25523.260618872504,2.503204000804743,
D12_I5_S,L5S-271,NT,132,0,67.1083678756477,6715.6541968911915,0.0,0.0,32576.100341862075,41450.80817897417,27.243002520186888,
D12_I5_S,L5S-272,AM,36,31,70.22352331606217,8897.986321243523,18130.54922279793,19189.436438068955,21727.979274611404,22599.84424971402,4.012637181228211,5.840348255636658
D12_I5_S,L5S-272,MD,72,7,70.22352331606217,8897.986321243523,4522.839378238342,5081.309395540607,47439.86010362694,49795.33105372617,4.965172631103835,12.347774718451095
D12_I5_S,L5S-272,PM,48,17,70.22352331606217,8897.986321243523,12234.58549222798,12559.939704642533,33717.020725388604,34990.296771781665,3.7763598888625878,2.6592990226046855
D12_I5_S,L5S-272,NT,132,0,70.22352331606217,8897.986321243523,0.0,0.0,42862.46661503124,50225.7232111685,17.178798089877247,
D12_I5_S,L5S-277,AM,36,6,68.85958549222799,6922.21274611399,3245.632124352331,3455.510619909568,19517.44041450777,20287.758593642484,3.9468196790913055,6.466490579215546
D12_I5_S,L5S-277,MD,72,0,68.85958549222799,6922.21274611399,0.0,0.0,36280.0725388601,37296.99744606511,2.8029847683346425,
D12_I5_S,L5S-277,PM,48,0,68.85958549222799,6922.21274611399,0.0,0.0,25465.0414507772,24382.092129622444,-4.252690195883047,
D12_I5_S,L5S-277,NT,132,0,68.85958549222799,6922.21274611399,0.0,0.0,34175.484135462844,40215.36455629249,17.673137846091976,
D12_I5_S,L5S-278,AM,36,0,68.2487113402062,6304.440932642487,0.0,0.0,13751.756476683937,14570.377649041464,5.952848087046166,
D12_I5_S,L5S-278,MD,72,0,68.2487113402062,6304.440932642487,0.0,0.0,34168.79274611399,32714.539173092933,-4.25608707871732,
D12_I5_S,L5S-278,PM,48,0,68.2487113402062,6304.440932642487,0.0,0.0,23731.663212435233,21012.755889400538,-11.456876404726685,
D12_I5_S,L5S-278,NT,132,0,68.2487113402062,6304.440932642487,0.0,0.0,22676.54233214038,33253.38777067338,46.642231798901754,
D12_I5_S,L5S-280,AM,36,0,69.51305699481865,9535.974093264247,0.0,0.0,22657.279792746114,23948.517304377892,5.69899618772937,
D12_I5_S,L5S-280,MD,72,0,69.51305699481865,9535.974093264247,0.0,0.0,50250.11917098446,48899.99991659356,-2.6867981144420594,
D12_I5_S,L5S-280,PM,48,0,69.51305699481865,9535.974093264247,0.0,0.0,36283.450777202066,36658.30330151103,1.033122584207154,
D12_I5_S,L5S-280,NT,132,0,69.51305699481865,9535.974093264247,0.0,0.0,35634.4631429945,51345.31906643991,44.08893677000451,
D7_I10_E,L10E-002,AM,36,0,67.45875647668392,5952.507668393782,0.0,0.0,14647.896373056992,15614.297418882179,6.5975415255037095,
D7_I10_E,L10E-002,MD,72,12,67.45875647668392,5952.507668393782,5922.181347150258,5916.260085750613,31458.134715025903,33715.94706652654,7.177197160460371,-0.0999844660699966
D7_I10_E,L10E-002,PM,48,47,67.45875647668392,5952.507668393782,23057.56476683938,23149.64506184757,23541.71502590673,23645.68735918845,0.4416514819217796,0.39934961015751175
D7_I10_E,L10E-002,NT,132,0,67.45875647668392,5952.507668393782,0.0,0.0,27079.364109823193,34710.023308911725,28.178871439305574,
D7_I10_E,L10E-008,AM,36,0,65.35363802681488,1533.083005181347,0.0,0.0,4335.865284974093,3187.4931092795437,-26.485421022517098,
D7_I10_E,L10E-008,MD,72,0,65.35363802681488,1533.083005181347,0.0,0.0,8343.108808290155,7083.288925208102,-15.100125289391277,
D7_I10_E,L10E-008,PM,48,0,65.35363802681488,1533.083005181347,0.0,0.0,6015.3626943005165,5049.598112197139,-16.054968439699035,
D7_I10_E,L10E-008,NT,132,0,65.35363802681488,1533.083005181347,0.0,0.0,6218.438838737246,6348.276887994209,2.0879525010063125,
D7_I10_E,L10E-012,AM,36,29,69.34107512953356,6376.914093264249,14005.4585492228,13870.295439683206,17648.230569948188,17263.459799334218,-2.1802229356022043,-0.9650745033770697
D7_I10_E,L10E-012,MD,72,72,69.34107512953356,6376.914093264249,34164.88341968912,35233.23970826274,34164.88341968912,35233.23970826274,3.127059663718724,3.127059663718724
D7_I10_E,L10E-012,PM,48,48,69.34107512953356,6376.914093264249,21095.836787564767,19549.454489353786,21095.836787564767,19549.454489353786,-7.330272383992456,-7.330272383992456
D7_I10_E,L10E-012,NT,132,6,69.34107512953356,6376.914093264249,2955.958549222798,3102.719966560191,38291.87628865979,41221.03087424923,7.6495457248119,4.964934889766324
D7_I10_E,L10E-014,AM,36,20,69.55329082313982,6014.902694300518,9684.455958549222,9593.650654245266,17492.155440414506,16754.69238033545,-4.215964479570047,-0.9376397052412158
D7_I10_E,L10E-014,MD,72,39,69.55329082313982,6014.902694300518,18575.0829015544,18719.46048354142,34212.0414507772,35242.551266268834,3.0121260579386555,0.7772648055042536
D7_I10_E,L10E-014,PM,48,48,69.55329082313982,6014.902694300518,21152.326424870465,20186.923800045835,21152.326424870465,20186.923800045835,-4.564049388390346,-4.564049388390346
D7_I10_E,L10E-014,NT,132,4,69.55329082313982,6014.902694300518,1895.3005181347148,1991.0084223445913,35110.127744244426,38822.485929182854,10.57346817983877,5.049748221673504
D7_I10_E,L10E-017,AM,36,32,69.89683937823831,6858.130569948186,15573.849740932641,14285.803056803847,17798.341968911915,16356.745134311943,-8.09961308260054,-8.27057346484749
D7_I10_E,L10E-017,MD,72,72,69.89683937823831,6858.130569948186,34115.52849740932,33001.21115421432,34115.52849740932,33001.21115421432,-3.2663053813738365,-3.2663053813738365
D7_I10_E,L10E-017,PM,48,48,69.89683937823831,6858.130569948186,21039.580310880825,18611.63344146951,21039.580310880825,18611.63344146951,-11.53990162130601,-11.53990162130601
D7_I10_E,L10E-017,NT,132,7,69.89683937823831,6858.130569948186,3579.367875647668,3770.0789600812586,41463.124592703374,45036.04498893969,8.617103586219056,5.328066045714358
D7_I10_E,L10E-021,AM,36,0,68.93284386517814,6279.676476683938,0.0,0.0,17789.720207253882,16911.725847767055,-4.93540285770666,
D7_I10_E,L10E-021,MD,72,0,68.93284386517814,6279.676476683938,0.0,0.0,34847.05699481865,35414.492152781124,1.6283589114766326,
D7_I10_E,L10E-021,PM,48,0,68.93284386517814,6279.676476683938,0.0,0.0,23936.943005181343,24193.81467685344,1.0731181154439546,
D7_I10_E,L10E-021,NT,132,0,68.93284386517814,6279.676476683938,0.0,0.0,31185.925511457724,34525.57606380808,10.708838995730202,
D7_I10_E,L10E-023,AM,36,0,68.93284386517814,6279.676476683938,0.0,0.0,17789.720207253882,16911.725847767055,-4.93540285770666,
D7_I10_E,L10E-023,MD,72,0,68.93284386517814,6279.676476683938,0.0,0.0,34847.05699481865,35414.492152781124,1.6283589114766326,
D7_I10_E,L10E-023,PM,48,0,68.93284386517814,6279.676476683938,0.0,0.0,23936.943005181343,24193.81467685344,1.0731181154439546,
D7_I10_E,L10E-023,NT,132,0,68.93284386517814,6279.676476683938,0.0,0.0,31185.925511457724,34525.57606380808,10.708838995730202,
D7_I10_E,L10E-025,AM,36,0,70.7201707975001,7406.674196891192,0.0,0.0,20476.20725388601,18334.963156174672,-10.45723004832825,
D7_I10_E,L10E-025,MD,72,29,70.7201707975001,7406.674196891192,16177.316062176164,16117.331298643892,40915.108808290155,41250.86270468985,0.8206110314233412,-0.37079552196251103
D7_I10_E,L10E-025,PM,48,48,70.7201707975001,7406.674196891192,22552.072538860102,20192.086027250065,22552.072538860102,20192.086027250065,-10.464610325917846,-10.464610325917846
D7_I10_E,L10E-025,NT,132,12,70.7201707975001,7406.674196891192,6313.3678756476675,6525.918412390913,41000.43274931895,42868.77537460426,4.556885135112005,3.366674347666464
D7_I10_E,L10E-028,AM,36,0,69.11682722610975,4907.8137823834195,0.0,0.0,10994.63730569948,10030.511035857942,-8.769059342610118,
D7_I10_E,L10E-028,MD,72,15,69.11682722610975,4907.8137823834195,5698.279792746115,6109.374855829789,26746.43523316062,27823.3615297254,4.026429268710884,7.21437131969189
D7_I10_E,L10E-028,PM,48,48,69.11682722610975,4907.8137823834195,17585.58031088083,18172.820253841965,17585.58031088083,18172.820253841965,3.339326496935615,3.339326496935615
D7_I10_E,L10E-028,NT,132,2,69.11682722610975,4907.8137823834195,795.7772020725388,814.363705324539,28860.786042412266,26992.837714172016,-6.4722711484545625,2.335641584553201
D7_I10_E,L10E-034,AM,36,0,68.55275893381771,5956.978445595855,0.0,0.0,16506.098445595853,15424.100369213364,-6.555141300948606,
D7_I10_E,L10E-034,MD,72,0,68.55275893381771,5956.978445595855,0.0,0.0,33512.63730569948,33833.347589814046,0.9569831260639844,
D7_I10_E,L10E-034,PM,48,34,68.55275893381771,5956.978445595855,15982.544041450776,16839.97662591988,22485.367875647666,23752.514772693277,5.635428799979609,5.364806643081044
D7_I10_E,L10E-034,NT,132,0,68.55275893381771,5956.978445595855,0.0,0.0,31509.16294535548,33423.575472640325,6.075732734014223,
D7_I10_E,L10E-049,AM,36,0,68.90614670690671,6260.288082901555,0.0,0.0,17669.160621761657,16848.909074302264,-4.642277949803435,
D7_I10_E,L10E-049,MD,72,0,68.90614670690671,6260.288082901555,0.0,0.0,34690.57512953368,35448.66638945553,2.1852945853193773,
D7_I10_E,L10E-049,PM,48,0,68.90614670690671,6260.288082901555,0.0,0.0,23750.186528497405,24306.86829999877,2.343904839793203,
D7_I10_E,L10E-049,NT,132,0,68.90614670690671,6260.288082901555,0.0,0.0,31067.93333689439,34245.083369074426,10.226460826111802,
D7_I10_E,L10E-052,AM,36,0,69.15463556968112,7009.568860103626,0.0,0.0,20306.108808290155,19864.524895685165,-2.174635804298999,
D7_I10_E,L10E-052,MD,72,0,69.15463556968112,7009.568860103626,0.0,0.0,40247.90673575129,40883.151480974906,1.5783298977368736,
D7_I10_E,L10E-052,PM,48,32,69.15463556968112,7009.568860103626,17780.52590673575,18579.410942088354,26715.966321243526,27891.431164838526,4.399858981182781,4.493033780569807
D7_I10_E,L10E-052,NT,132,0,69.15463556968112,7009.568860103626,0.0,0.0,39215.891231771806,41501.481314301665,5.828224249760585,
D7_I10_E,L10E-057,AM,36,0,68.99997235724587,6277.251606217616,0.0,0.0,17793.730569948184,16892.484741326953,-5.064962769208974,
D7_I10_E,L10E-057,MD,72,0,68.99997235724587,6277.251606217616,0.0,0.0,34845.25388601036,35391.81663102993,1.5685428690160912,
D7_I10_E,L10E-057,PM,48,0,68.99997235724587,6277.251606217616,0.0,0.0,23936.39378238342,24181.459990362335,1.023822595027982,
D7_I10_E,L10E-057,NT,132,0,68.99997235724587,6277.251606217616,0.0,0.0,31189.858180652744,34140.27793622691,9.459548480423441,
D7_I10_E,L10E-069,AM,36,0,66.09958762886598,6267.029533678757,0.0,0.0,14793.435233160622,14864.9098761797,0.48315108622547126,
D7_I10_E,L10E-069,MD,72,23,66.09958762886598,6267.029533678757,11382.585492227978,11623.294549464325,34882.39378238341,35427.766386359406,1.5634609464543732,2.114713369828874
D7_I10_E,L10E-069,PM,48,48,66.09958762886598,6267.029533678757,23040.595854922274,23013.49092003056,23040.595854922274,23013.49092003056,-0.11763990420379858,-0.11763990420379858
D7_I10_E,L10E-069,NT,132,3,66.09958762886598,6267.029533678757,1527.0155440414505,1557.2732678279465,35218.28700389936,37000.12556710912,5.05941292094212,1.9814941573164893
D7_I10_E,L10E-073,AM,36,0,67.66766839378239,5562.410984455958,0.0,0.0,13136.911917098441,12738.306005240993,-3.0342436211256025,
D7_I10_E,L10E-073,MD,72,27,67.66766839378239,5562.410984455958,11507.39378238342,12083.726182697385,30676.30569948186,30924.75677087983,0.8099119686441428,5.008366022863204
D7_I10_E,L10E-073,PM,48,48,67.66766839378239,5562.410984455958,19697.129533678755,20674.62375573474,19697.129533678755,20674.62375573474,4.9626227028899645,4.9626227028899645
D7_I10_E,L10E-073,NT,132,3,67.66766839378239,5562.410984455958,1323.8860103626942,1383.660552118291,30607.837001228563,28482.45401301164,-6.943917625187342,4.515082211588661
D7_I10_E,L10E-078,AM,36,0,70.7201707975001,7406.674196891192,0.0,0.0,20476.20725388601,18334.963156174672,-10.45723004832825,
D7_I10_E,L10E-078,MD,72,29,70.7201707975001,7406.674196891192,16177.316062176164,16117.331298643892,40915.108808290155,41250.86270468985,0.8206110314233412,-0.37079552196251103
D7_I10_E,L10E-078,PM,48,48,70.7201707975001,7406.674196891192,22552.072538860102,20192.086027250065,22552.072538860102,20192.086027250065,-10.464610325917846,-10.464610325917846
D7_I10_E,L10E-078,NT,132,12,70.7201707975001,7406.674196891192,6313.3678756476675,6525.918412390913,41000.43274931895,42868.77537460426,4.556885135112005,3.366674347666464
D7_I10_E,L10E-083,AM,36,0,69.32577132631795,6283.735336787565,0.0,0.0,17788.32124352331,16913.554691271558,-4.917645348743931,
D7_I10_E,L10E-083,MD,72,0,69.32577132631795,6283.735336787565,0.0,0.0,34845.06735751295,35438.93647359807,1.7043132963181915,
D7_I10_E,L10E-083,PM,48,0,69.32577132631795,6283.735336787565,0.0,0.0,23936.98445595855,24209.38663168028,1.1379970447945145,
D7_I10_E,L10E-083,NT,132,0,69.32577132631795,6283.735336787565,0.0,0.0,31195.48507024197,34471.91629794429,10.502902007533702,
D7_I10_E,L10E-084,AM,36,0,69.20109930025113,4100.622279792746,0.0,0.0,11749.323834196892,11619.703644322437,-1.1032140377064925,
D7_I10_E,L10E-084,MD,72,0,69.20109930025113,4100.622279792746,0.0,0.0,23129.14766839378,23916.835579178634,3.4056071675362176,
D7_I10_E,L10E-084,PM,48,32,69.20109930025113,4100.622279792746,10480.857512953367,10868.697204054719,15654.349740932641,16316.149000123785,4.2275742534401575,3.7004576259339244
D7_I10_E,L10E-084,NT,132,0,69.20109930025113,4100.622279792746,0.0,0.0,21500.046324982643,24340.856743222314,13.213043243254335,
D7_I10_E,L10E-095,AM,36,0,68.93284386517814,6279.676476683938,0.0,0.0,17789.720207253882,16911.725847767055,-4.93540285770666,
D7_I10_E,L10E-095,MD,72,0,68.93284386517814,6279.676476683938,0.0,0.0,34847.05699481865,35414.492152781124,1.6283589114766326,
D7_I10_E,L10E-095,PM,48,0,68.93284386517814,6279.676476683938,0.0,0.0,23936.943005181343,24193.81467685344,1.0731181154439546,
D7_I10_E,L10E-095,NT,132,0,68.93284386517814,6279.676476683938,0.0,0.0,31185.925511457724,34525.57606380808,10.708838995730202,
D7_I10_E,L10E-098,AM,36,0,65.88078267720742,4037.538652849741,0.0,0.0,10391.243523316061,8621.541305947196,-17.030706800374524,
D7_I10_E,L10E-098,MD,72,14,65.88078267720742,4037.538652849741,4454.59585492228,4632.615852647465,22877.901554404147,22622.85127890973,-1.1148324722348428,3.9963220800036185
D7_I10_E,L10E-098,PM,48,48,65.88078267720742,4037.538652849741,14741.279792746114,15577.400836445233,14741.279792746114,15577.400836445233,5.671970517176921,5.671970517176921
D7_I10_E,L10E-098,NT,132,4,65.88078267720742,4037.538652849741,1278.9740932642487,1341.6570528535499,26137.239997863362,20289.548028254012,-22.373027795158865,4.901034346154676
D7_I10_E,L10E-100,AM,36,0,71.50750000000002,6184.04487046632,0.0,0.0,15131.202072538857,13994.146561000942,-7.514640978865268,
D7_I10_E,L10E-100,MD,72,0,71.50750000000002,6184.04487046632,0.0,0.0,30947.39378238342,34419.696185283305,11.220015576486016,
D7_I10_E,L10E-100,PM,48,6,71.50750000000002,6184.04487046632,2819.4300518134705,3090.380082533651,22734.46632124352,24208.043280394664,6.4816870487705565,9.610099408066688
D7_I10_E,L10E-100,NT,132,0,71.50750000000002,6184.04487046632,0.0,0.0,28000.129373430904,31204.936184945836,11.445685727995057,
D7_I10_E,L10E-102,AM,36,0,66.48031088082905,5291.299896373057,0.0,0.0,12882.19170984456,11908.365354159565,-7.559477281655395,
D7_I10_E,L10E-102,MD,72,0,66.48031088082905,5291.299896373057,0.0,0.0,27523.502590673572,29027.79402841942,5.465479667023126,
D7_I10_E,L10E-102,PM,48,0,66.48031088082905,5291.299896373057,0.0,0.0,20217.300518134714,19538.16968388297,-3.359156845111792,
D7_I10_E,L10E-102,NT,132,0,66.48031088082905,5291.299896373057,0.0,0.0,30079.05507184445,29522.924176788692,-1.8488974927152049,
D7_I10_E,L10E-104,AM,36,0,65.24715025906731,5495.317305699482,0.0,0.0,14620.27979274611,16186.404752387265,10.712004023467399,
D7_I10_E,L10E-104,MD,72,0,65.24715025906731,5495.317305699482,0.0,0.0,30522.300518134714,30802.38971879475,0.9176542917976417,
D7_I10_E,L10E-104,PM,48,0,65.24715025906731,5495.317305699482,0.0,0.0,20931.113989637306,20450.96686707741,-2.293939647921311,
D7_I10_E,L10E-104,NT,132,0,65.24715025906731,5495.317305699482,0.0,0.0,29145.65493296298,34208.33883855817,17.37028698528035,
D7_I10_E,L10E-106,AM,36,0,67.05082273916993,5382.373367875647,0.0,0.0,13626.927461139896,14132.737361467724,3.7118411451903075,
D7_I10_E,L10E-106,MD,72,17,67.05082273916993,5382.373367875647,7292.165803108809,7381.634518465465,29822.326424870465,31195.052460013627,4.603014585737919,1.2269155388446205
D7_I10_E,L10E-106,PM,48,48,67.05082273916993,5382.373367875647,20388.65284974093,20194.773194662335,20388.65284974093,20194.773194662335,-0.9509193986843474,-0.9509193986843474
D7_I10_E,L10E-106,NT,132,0,67.05082273916993,5382.373367875647,0.0,0.0,29321.94388654452,32232.911982073776,9.927609529547816,
D7_I10_E,L10E-110,AM,36,0,64.84977111265424,4793.96518134715,0.0,0.0,12490.761658031086,11935.836912902701,-4.442681401831,
D7_I10_E,L10E-110,MD,72,16,64.84977111265424,4793.96518134715,6039.870466321243,6241.795607880311,27398.746113989633,27612.68736056832,0.7808432024173947,3.343203181012196
D7_I10_E,L10E-110,PM,48,48,64.84977111265424,4793.96518134715,18051.943005181347,18331.196397704214,18051.943005181347,18331.196397704214,1.5469436860215806,1.5469436860215806
D7_I10_E,L10E-110,NT,132,2,64.84977111265424,4793.96518134715,788.0103626943005,798.3995888582409,30423.876635863468,24338.382865291816,-20.00236144593786,1.3184123782862978
D7_I10_E,L10E-117,AM,36,0,66.24497409326436,1997.5277720207255,0.0,0.0,5398.62694300518,4391.255593912936,-18.65976959933231,
D7_I10_E,L10E-117,MD,72,0,66.24497409326436,1997.5277720207255,0.0,0.0,10576.937823834196,10340.146602063893,-2.2387502480795076,
D7_I10_E,L10E-117,PM,48,0,66.24497409326436,1997.5277720207255,0.0,0.0,7423.9896373057,7266.750885465587,-2.117981833514219,
D7_I10_E,L10E-117,NT,132,0,66.24497409326436,1997.5277720207255,0.0,0.0,8994.524651460926,10224.997450483781,13.680242666553774,
D7_I10_E,L10E-118,AM,36,0,68.93284386517814,6279.676476683938,0.0,0.0,17789.720207253882,16911.725847767055,-4.93540285770666,
D7_I10_E,L10E-118,MD,72,0,68.93284386517814,6279.676476683938,0.0,0.0,34847.05699481865,35414.492152781124,1.6283589114766326,
D7_I10_E,L10E-118,PM,48,0,68.93284386517814,6279.676476683938,0.0,0.0,23936.943005181343,24193.81467685344,1.0731181154439546,
D7_I10_E,L10E-118,NT,132,0,68.93284386517814,6279.676476683938,0.0,0.0,31185.925511457724,34525.57606380808,10.708838995730202,
D7_I10_E,L10E-123,AM,36,0,69.5561139896373,6837.138497409326,0.0,0.0,19132.950777202073,17838.42978257387,-6.765924449932183,
D7_I10_E,L10E-123,MD,72,18,69.5561139896373,6837.138497409326,9405.9896373057,10093.49037612303,37877.06476683938,39493.94105666326,4.268747591126495,7.309180270522411
D7_I10_E,L10E-123,PM,48,48,69.5561139896373,6837.138497409326,23245.40673575129,25830.41240380588,23245.40673575129,25830.41240380588,11.120500912031222,11.120500912031222
D7_I10_E,L10E-123,NT,132,7,69.5561139896373,6837.138497409326,3393.3056994818653,3960.13383589768,36090.67190588109,40890.35066966463,13.298945434710552,16.704305082279074
D7_I10_E,L10E-124,AM,36,0,68.93284386517814,6279.676476683938,0.0,0.0,17789.720207253882,16911.725847767055,-4.93540285770666,
D7_I10_E,L10E-124,MD,72,0,68.93284386517814,6279.676476683938,0.0,0.0,34847.05699481865,35414.492152781124,1.6283589114766326,
D7_I10_E,L10E-124,PM,48,0,68.93284386517814,6279.676476683938,0.0,0.0,23936.943005181343,24193.81467685344,1.0731181154439546,
D7_I10_E,L10E-124,NT,132,0,68.93284386517814,6279.676476683938,0.0,0.0,31185.925511457724,34525.57606380808,10.708838995730202,
D7_I10_E,L10E-126,AM,36,0,70.7201707975001,7406.674196891192,0.0,0.0,20476.20725388601,18334.963156174672,-10.45723004832825,
D7_I10_E,L10E-126,MD,72,29,70.7201707975001,7406.674196891192,16177.316062176164,16117.331298643892,40915.108808290155,41250.86270468985,0.8206110314233412,-0.37079552196251103
D7_I10_E,L10E-126,PM,48,48,70.7201707975001,7406.674196891192,22552.072538860102,20192.086027250065,22552.072538860102,20192.086027250065,-10.464610325917846,-10.464610325917846
D7_I10_E,L10E-126,NT,132,12,70.7201707975001,7406.674196891192,6313.3678756476675,6525.918412390913,41000.43274931895,42868.77537460426,4.556885135112005,3.366674347666464
D7_I10_E,L10E-129,AM,36,0,69.62577132631802,6278.605492227979,0.0,0.0,17792.51813471502,16904.122826933006,-4.99308361557134,
D7_I10_E,L10E-129,MD,72,0,69.62577132631802,6278.605492227979,0.0,0.0,34841.66321243523,35405.36952908646,1.617908746819067,
D7_I10_E,L10E-129,PM,48,0,69.62577132631802,6278.605492227979,0.0,0.0,23942.97409326425,24186.153578159057,1.015661145301163,
D7_I10_E,L10E-129,NT,132,0,69.62577132631802,6278.605492227979,0.0,0.0,31183.093290956676,34414.26496289521,10.36193440397268,
D7_I10_E,L10E-134,AM,36,32,69.94330310880824,6860.8490673575125,15576.246113989637,14287.562959945644,17801.0414507772,16359.040356841146,-8.10065578423276,-8.273387211611762
D7_I10_E,L10E-134,MD,72,72,69.94330310880824,6860.8490673575125,34116.044041450776,33004.85037928185,34116.044041450776,33004.85037928185,-3.2570999756561183,-3.2570999756561183
D7_I10_E,L10E-134,PM,48,48,69.94330310880824,6860.8490673575125,21038.875647668392,18613.22241858113,21038.875647668392,18613.22241858113,-11.529386216777624,-11.529386216777624
D7_I10_E,L10E-134,NT,132,7,69.94330310880824,6860.8490673575125,3579.375647668394,3771.0219057081,41464.54056941402,45073.500520361005,8.703725885749002,5.354181200974098
D7_I10_E,L10E-135,AM,36,32,70.58976683937833,6861.637305699482,15577.663212435233,14296.25130187843,17801.953367875645,16366.807964629363,-8.061729932604257,-8.225957212464868
D7_I10_E,L10E-135,MD,72,72,70.58976683937833,6861.637305699482,34114.9067357513,33021.0164772914,34114.9067357513,33021.0164772914,-3.2064876123889188,-3.2064876123889188
D7_I10_E,L10E-135,PM,48,48,70.58976683937833,6861.637305699482,21037.81865284974,18624.886954885922,21037.81865284974,18624.886954885922,-11.469495662930655,-11.469495662930655
D7_I10_E,L10E-135,NT,132,7,70.58976683937833,6861.637305699482,3579.575129533678,3772.5412357271234,41461.32148389509,44953.32921659034,8.422326177065196,5.3907544669577465
D7_I10_E,L10E-136,AM,36,0,70.7201707975001,7406.674196891192,0.0,0.0,20476.20725388601,18334.963156174672,-10.45723004832825,
D7_I10_E,L10E-136,MD,72,29,70.7201707975001,7406.674196891192,16177.316062176164,16117.331298643892,40915.108808290155,41250.86270468985,0.8206110314233412,-0.37079552196251103
D7_I10_E,L10E-136,PM,48,48,70.7201707975001,7406.674196891192,22552.072538860102,20192.086027250065,22552.072538860102,20192.086027250065,-10.464610325917846,-10.464610325917846
D7_I10_E,L10E-136,NT,132,12,70.7201707975001,7406.674196891192,6313.3678756476675,6525.918412390913,41000.43274931895,42868.77537460426,4.556885135112005,3.366674347666464
D7_I10_E,L10E-146,AM,36,0,68.95135462849203,6256.5242487046635,0.0,0.0,17572.772020725388,16859.776677632253,-4.057386861061109,
D7_I10_E,L10E-146,MD,72,0,68.95135462849203,6256.5242487046635,0.0,0.0,34582.33678756477,35604.499181562845,2.9557354677247574,
D7_I10_E,L10E-146,PM,48,0,68.95135462849203,6256.5242487046635,0.0,0.0,23718.891191709845,24435.94669258638,3.023140900984275,
D7_I10_E,L10E-146,NT,132,0,68.95135462849203,6256.5242487046635,0.0,0.0,31371.043293627474,35370.06490665364,12.747493207656586,
D7_I10_E,L10E-147,AM,36,0,65.27256476683931,1501.121347150259,0.0,0.0,4279.989637305698,3055.397115522503,-28.612044083220955,
D7_I10_E,L10E-147,MD,72,0,65.27256476683931,1501.121347150259,0.0,0.0,8222.336787564767,6798.387288934981,-17.31806340970279,
D7_I10_E,L10E-147,PM,48,0,65.27256476683931,1501.121347150259,0.0,0.0,5914.036269430051,4887.631678216975,-17.355398994061172,
D7_I10_E,L10E-147,NT,132,0,65.27256476683931,1501.121347150259,0.0,0.0,6048.578601570429,5786.790307453573,-4.328096092673505,
D7_I10_E,L10E-151,AM,36,0,70.15298341434757,7752.319274611399,0.0,0.0,21813.818652849743,20538.488454760394,-5.846432568204834,
D7_I10_E,L10E-151,MD,72,3,70.15298341434757,7752.319274611399,1924.424870466321,1932.607131661633,44188.55958549222,44518.94359275972,0.7476686508151564,0.42517955992376016
D7_I10_E,L10E-151,PM,48,48,70.15298341434757,7752.319274611399,29807.1139896373,29496.26496195013,29807.1139896373,29496.26496195013,-1.0428685843092238,-1.0428685843092238
D7_I10_E,L10E-151,NT,132,0,70.15298341434757,7752.319274611399,0.0,0.0,41147.08741520217,46875.821558066775,13.922575090328435,
D7_I10_E,L10E-154,AM,36,0,67.07737478411056,5019.765388601037,0.0,0.0,10353.449050086358,10182.861984503345,-1.6476351480339804,
D7_I10_E,L10E-154,MD,72,2,67.07737478411056,5019.765388601037,806.7806563039724,836.1712155183055,25839.625215889464,27081.91497122987,4.807692623097686,3.642942971510664
D7_I10_E,L10E-154,PM,48,45,67.07737478411056,5019.765388601037,17874.227979274612,18160.578741898316,19039.378238341968,19413.521866159615,1.9651042336255933,1.6020315000778298
D7_I10_E,L10E-154,NT,132,0,67.07737478411056,5019.765388601037,0.0,0.0,25821.701333618217,25699.930884432033,-0.4715818203181164,
D7_I10_E,L10E-157,AM,36,0,69.62577132631802,6278.605492227979,0.0,0.0,17792.51813471502,16904.122826933006,-4.99308361557134,
D7_I10_E,L10E-157,MD,72,0,69.62577132631802,6278.605492227979,0.0,0.0,34841.66321243523,35405.36952908646,1.617908746819067,
D7_I10_E,L10E-157,PM,48,0,69.62577132631802,6278.605492227979,0.0,0.0,23942.97409326425,24186.153578159057,1.015661145301163,
D7_I10_E,L10E-157,NT,132,0,69.62577132631802,6278.605492227979,0.0,0.0,31183.093290956676,34414.26496289521,10.36193440397268,
D7_I10_E,L10E-161,AM,36,20,68.85329082313982,6016.507150259067,9685.440414507771,9596.672100929994,17492.720207253886,16762.642498564248,-4.173608792913117,-0.9165129284654047
D7_I10_E,L10E-161,MD,72,39,68.85329082313982,6016.507150259067,18577.22797927461,18724.345090695115,34213.20725388601,35251.9782846873,3.0361696963774256,0.7919217634871852
D7_I10_E,L10E-161,PM,48,48,68.85329082313982,6016.507150259067,21153.502590673575,20190.922738288067,21153.502590673575,20190.922738288067,-4.55045138865042,-4.55045138865042
D7_I10_E,L10E-161,NT,132,4,68.85329082313982,6016.507150259067,1895.2953367875646,1991.4295253772307,35117.796031194914,38869.3178337384,10.682680083941017,5.072253739230372
D7_I10_E,L10E-162,AM,36,20,68.85329082313982,6016.507150259067,9685.440414507771,9596.672100929994,17492.720207253886,16762.642498564248,-4.173608792913117,-0.9165129284654047
D7_I10_E,L10E-162,MD,72,39,68.85329082313982,6016.507150259067,18577.22797927461,18724.345090695115,34213.20725388601,35251.9782846873,3.0361696963774256,0.7919217634871852
D7_I10_E,L10E-162,PM,48,48,68.85329082313982,6016.507150259067,21153.502590673575,20190.922738288067,21153.502590673575,20190.922738288067,-4.55045138865042,-4.55045138865042
D7_I10_E,L10E-162,NT,132,4,68.85329082313982,6016.507150259067,1895.2953367875646,1991.4295253772307,35117.796031194914,38869.3178337384,10.682680083941017,5.072253739230372
D7_I10_E,L10E-164,AM,36,0,69.62577132631802,6278.605492227979,0.0,0.0,17792.51813471502,16904.122826933006,-4.99308361557134,
D7_I10_E,L10E-164,MD,72,0,69.62577132631802,6278.605492227979,0.0,0.0,34841.66321243523,35405.36952908646,1.617908746819067,
D7_I10_E,L10E-164,PM,48,0,69.62577132631802,6278.605492227979,0.0,0.0,23942.97409326425,24186.153578159057,1.015661145301163,
D7_I10_E,L10E-164,NT,132,0,69.62577132631802,6278.605492227979,0.0,0.0,31183.093290956676,34414.26496289521,10.36193440397268,
D7_I10_E,L10E-165,AM,36,32,70.58976683937833,6861.637305699482,15577.663212435233,14296.25130187843,17801.953367875645,16366.807964629363,-8.061729932604257,-8.225957212464868
D7_I10_E,L10E-165,MD,72,72,70.58976683937833,6861.637305699482,34114.9067357513,33021.0164772914,34114.9067357513,33021.0164772914,-3.2064876123889188,-3.2064876123889188
D7_I10_E,L10E-165,PM,48,48,70.58976683937833,6861.637305699482,21037.81865284974,18624.886954885922,21037.81865284974,18624.886954885922,-11.469495662930655,-11.469495662930655
D7_I10_E,L10E-165,NT,132,7,70.58976683937833,6861.637305699482,3579.575129533678,3772.5412357271234,41461.32148389509,44953.32921659034,8.422326177065196,5.3907544669577465
D7_I10_E,L10E-166,AM,36,0,65.27256476683931,1501.121347150259,0.0,0.0,4279.989637305698,3055.397115522503,-28.612044083220955,
D7_I10_E,L10E-166,MD,72,0,65.27256476683931,1501.121347150259,0.0,0.0,8222.336787564767,6798.387288934981,-17.31806340970279,
D7_I10_E,L10E-166,PM,48,0,65.27256476683931,1501.121347150259,0.0,0.0,5914.036269430051,4887.631678216975,-17.355398994061172,
D7_I10_E,L10E-166,NT,132,0,65.27256476683931,1501.121347150259,0.0,0.0,6048.578601570429,5786.790307453573,-4.328096092673505,
D7_I10_E,L10E-168,AM,36,0,65.34072164948451,1503.600310880829,0.0,0.0,4282.564766839378,3120.565979817583,-27.133244919477868,
D7_I10_E,L10E-168,MD,72,0,65.34072164948451,1503.600310880829,0.0,0.0,8217.23834196891,6874.594216865802,-16.339359639182632,
D7_I10_E,L10E-168,PM,48,0,65.34072164948451,1503.600310880829,0.0,0.0,5920.046632124352,4920.434080396535,-16.885214151921563,
D7_I10_E,L10E-168,NT,132,0,65.34072164948451,1503.600310880829,0.0,0.0,6047.798221248864,6171.685030100314,2.0484613460841876,
D7_I10_E,L10E-169,AM,36,0,68.64075102825703,5652.471917098445,0.0,0.0,10722.720207253884,11755.16514378511,9.628572942085919,
D7_I10_E,L10E-169,MD,72,15,68.64075102825703,5652.471917098445,6856.772020725388,6679.59657624531,28666.673575129535,30947.824865851653,7.957502584817468,-2.583948306062165
D7_I10_E,L10E-169,PM,48,48,68.64075102825703,5652.471917098445,20496.668393782384,18565.272382042946,20496.668393782384,18565.272382042946,-9.422975356938117,-9.422975356938117
D7_I10_E,L10E-169,NT,132,14,68.64075102825703,5652.471917098445,6160.39378238342,6366.18275797286,30061.540756369854,31703.213193179574,5.461038907201921,3.3405165783058237
D7_I10_E,L10E-170,AM,36,0,68.93284386517814,6279.676476683938,0.0,0.0,17789.720207253882,16911.725847767055,-4.93540285770666,
D7_I10_E,L10E-170,MD,72,0,68.93284386517814,6279.676476683938,0.0,0.0,34847.05699481865,35414.492152781124,1.6283589114766326,
D7_I10_E,L10E-170,PM,48,0,68.93284386517814,6279.676476683938,0.0,0.0,23936.943005181343,24193.81467685344,1.0731181154439546,
D7_I10_E,L10E-170,NT,132,0,68.93284386517814,6279.676476683938,0.0,0.0,31185.925511457724,34525.57606380808,10.708838995730202,
D7_I10_E,L10E-177,AM,36,20,68.85329082313982,6016.507150259067,9685.440414507771,9596.672100929994,17492.720207253886,16762.642498564248,-4.173608792913117,-0.9165129284654047
D7_I10_E,L10E-177,MD,72,39,68.85329082313982,6016.507150259067,18577.22797927461,18724.345090695115,34213.20725388601,35251.9782846873,3.0361696963774256,0.7919217634871852
D7_I10_E,L10E-177,PM,48,48,68.85329082313982,6016.507150259067,21153.502590673575,20190.922738288067,21153.502590673575,20190.922738288067,-4.55045138865042,-4.55045138865042
D7_I10_E,L10E-177,NT,132,4,68.85329082313982,6016.507150259067,1895.2953367875646,1991.4295253772307,35117.796031194914,38869.3178337384,10.682680083941017,5.072253739230372
D7_I10_E,L10E-178,AM,36,0,67.33790155440414,5404.341761658031,0.0,0.0,14536.119170984457,14345.648614422564,-1.3103260527891898,
D7_I10_E,L10E-178,MD,72,16,67.33790155440414,5404.341761658031,6314.963730569948,7016.29905493069,28566.49740932642,31575.347421517992,10.532792904492515,11.10592798760926
D7_I10_E,L10E-178,PM,48,48,67.33790155440414,5404.341761658031,16694.880829015543,18971.00987022341,16694.880829015543,18971.00987022341,13.633694451127656,13.633694451127656
D7_I10_E,L10E-178,NT,132,7,67.33790155440414,5404.341761658031,2817.9119170984454,3133.272351382019,28623.954008867047,35357.04091157253,23.522560512149102,11.191280762540474
D7_I10_E,L10E-180,AM,36,0,65.34072164948451,1503.600310880829,0.0,0.0,4282.564766839378,3120.565979817583,-27.133244919477868,
D7_I10_E,L10E-180,MD,72,0,65.34072164948451,1503.600310880829,0.0,0.0,8217.23834196891,6874.594216865802,-16.339359639182632,
D7_I10_E,L10E-180,PM,48,0,65.34072164948451,1503.600310880829,0.0,0.0,5920.046632124352,4920.434080396535,-16.885214151921563,
D7_I10_E,L10E-180,NT,132,0,65.34072164948451,1503.600310880829,0.0,0.0,6047.798221248864,6171.685030100314,2.0484613460841876,
D7_I10_E,L10E-185,AM,36,0,68.93284386517814,6279.676476683938,0.0,0.0,17789.720207253882,16911.725847767055,-4.93540285770666,
D7_I10_E,L10E-185,MD,72,0,68.93284386517814,6279.676476683938,0.0,0.0,34847.05699481865,35414.492152781124,1.6283589114766326,
D7_I10_E,L10E-185,PM,48,0,68.93284386517814,6279.676476683938,0.0,0.0,23936.943005181343,24193.81467685344,1.0731181154439546,
D7_I10_E,L10E-185,NT,132,0,68.93284386517814,6279.676476683938,0.0,0.0,31185.925511457724,34525.57606380808,10.708838995730202,
D7_I10_E,L10E-187,AM,36,0,67.63051813471499,5469.436787564767,0.0,0.0,10272.108808290155,10562.275002524848,2.8247967350239973,
D7_I10_E,L10E-187,MD,72,10,67.63051813471499,5469.436787564767,4461.709844559586,4409.660957299821,27494.875647668392,29494.44296145506,7.272509028264092,-1.1665681784132709
D7_I10_E,L10E-187,PM,48,48,67.63051813471499,5469.436787564767,20223.76165803109,18967.004243838845,20223.76165803109,18967.004243838845,-6.214261399254436,-6.214261399254436
D7_I10_E,L10E-187,NT,132,13,67.63051813471499,5469.436787564767,5510.766839378238,5856.973063515529,27620.831606217616,29059.021933780554,5.206904513473056,6.282360227317343
D7_I10_E,L10E-190,AM,36,0,70.7201707975001,7406.674196891192,0.0,0.0,20476.20725388601,18334.963156174672,-10.45723004832825,
D7_I10_E,L10E-190,MD,72,29,70.7201707975001,7406.674196891192,16177.316062176164,16117.331298643892,40915.108808290155,41250.86270468985,0.8206110314233412,-0.37079552196251103
D7_I10_E,L10E-190,PM,48,48,70.7201707975001,7406.674196891192,22552.072538860102,20192.086027250065,22552.072538860102,20192.086027250065,-10.464610325917846,-10.464610325917846
D7_I10_E,L10E-190,NT,132,12,70.7201707975001,7406.674196891192,6313.3678756476675,6525.918412390913,41000.43274931895,42868.77537460426,4.556885135112005,3.366674347666464
D7_I10_E,L10E-195,AM,36,0,65.34072164948451,1503.600310880829,0.0,0.0,4282.564766839378,3120.565979817583,-27.133244919477868,
D7_I10_E,L10E-195,MD,72,0,65.34072164948451,1503.600310880829,0.0,0.0,8217.23834196891,6874.594216865802,-16.339359639182632,
D7_I10_E,L10E-195,PM,48,0,65.34072164948451,1503.600310880829,0.0,0.0,5920.046632124352,4920.434080396535,-16.885214151921563,
D7_I10_E,L10E-195,NT,132,0,65.34072164948451,1503.600310880829,0.0,0.0,6047.798221248864,6171.685030100314,2.0484613460841876,
D7_I10_E,L10E-199,AM,36,0,68.93284386517814,6279.676476683938,0.0,0.0,17789.720207253882,16911.725847767055,-4.93540285770666,
D7_I10_E,L10E-199,MD,72,0,68.93284386517814,6279.676476683938,0.0,0.0,34847.05699481865,35414.492152781124,1.6283589114766326,
D7_I10_E,L10E-199,PM,48,0,68.93284386517814,6279.676476683938,0.0,0.0,23936.943005181343,24193.81467685344,1.0731181154439546,
D7_I10_E,L10E-199,NT,132,0,68.93284386517814,6279.676476683938,0.0,0.0,31185.925511457724,34525.57606380808,10.708838995730202,
D7_I10_E,L10E-203,AM,36,0,65.27256476683931,1501.121347150259,0.0,0.0,4279.989637305698,3055.397115522503,-28.612044083220955,
D7_I10_E,L10E-203,MD,72,0,65.27256476683931,1501.121347150259,0.0,0.0,8222.336787564767,6798.387288934981,-17.31806340970279,
D7_I10_E,L10E-203,PM,48,0,65.27256476683931,1501.121347150259,0.0,0.0,5914.036269430051,4887.631678216975,-17.355398994061172,
D7_I10_E,L10E-203,NT,132,0,65.27256476683931,1501.121347150259,0.0,0.0,6048.578601570429,5786.790307453573,-4.328096092673505,
D7_I10_E,L10E-204,AM,36,20,69.55329082313982,6014.902694300518,9684.455958549222,9593.650654245266,17492.155440414506,16754.69238033545,-4.215964479570047,-0.9376397052412158
D7_I10_E,L10E-204,MD,72,39,69.55329082313982,6014.902694300518,18575.0829015544,18719.46048354142,34212.0414507772,35242.551266268834,3.0121260579386555,0.7772648055042536
D7_I10_E,L10E-204,PM,48,48,69.55329082313982,6014.902694300518,21152.326424870465,20186.923800045835,21152.326424870465,20186.923800045835,-4.564049388390346,-4.564049388390346
D7_I10_E,L10E-204,NT,132,4,69.55329082313982,6014.902694300518,1895.3005181347148,1991.0084223445913,35110.127744244426,38822.485929182854,10.57346817983877,5.049748221673504
D7_I10_E,L10E-205,AM,36,20,69.55329082313982,6014.902694300518,9684.455958549222,9593.650654245266,17492.155440414506,16754.69238033545,-4.215964479570047,-0.9376397052412158
D7_I10_E,L10E-205,MD,72,39,69.55329082313982,6014.902694300518,18575.0829015544,18719.46048354142,34212.0414507772,35242.551266268834,3.0121260579386555,0.7772648055042536
D7_I10_E,L10E-205,PM,48,48,69.55329082313982,6014.902694300518,21152.326424870465,20186.923800045835,21152.326424870465,20186.923800045835,-4.564049388390346,-4.564049388390346
D7_I10_E,L10E-205,NT,132,4,69.55329082313982,6014.902694300518,1895.3005181347148,1991.0084223445913,35110.127744244426,38822.485929182854,10.57346817983877,5.049748221673504
D7_I10_E,L10E-206,AM,36,0,70.7201707975001,7406.674196891192,0.0,0.0,20476.20725388601,18334.963156174672,-10.45723004832825,
D7_I10_E,L10E-206,MD,72,29,70.7201707975001,7406.674196891192,16177.316062176164,16117.331298643892,40915.108808290155,41250.86270468985,0.8206110314233412,-0.37079552196251103
D7_I10_E,L10E-206,PM,48,48,70.7201707975001,7406.674196891192,22552.072538860102,20192.086027250065,22552.072538860102,20192.086027250065,-10.464610325917846,-10.464610325917846
D7_I10_E,L10E-206,NT,132,12,70.7201707975001,7406.674196891192,6313.3678756476675,6525.918412390913,41000.43274931895,42868.77537460426,4.556885135112005,3.366674347666464
D7_I10_E,L10E-208,AM,36,0,68.93284386517814,6279.676476683938,0.0,0.0,17789.720207253882,16911.725847767055,-4.93540285770666,
D7_I10_E,L10E-208,MD,72,0,68.93284386517814,6279.676476683938,0.0,0.0,34847.05699481865,35414.492152781124,1.6283589114766326,
D7_I10_E,L10E-208,PM,48,0,68.93284386517814,6279.676476683938,0.0,0.0,23936.943005181343,24193.81467685344,1.0731181154439546,
D7_I10_E,L10E-208,NT,132,0,68.93284386517814,6279.676476683938,0.0,0.0,31185.925511457724,34525.57606380808,10.708838995730202,
D7_I10_E,L10E-209,AM,36,0,65.27256476683931,1501.121347150259,0.0,0.0,4279.989637305698,3055.397115522503,-28.612044083220955,
D7_I10_E,L10E-209,MD,72,0,65.27256476683931,1501.121347150259,0.0,0.0,8222.336787564767,6798.387288934981,-17.31806340970279,
D7_I10_E,L10E-209,PM,48,0,65.27256476683931,1501.121347150259,0.0,0.0,5914.036269430051,4887.631678216975,-17.355398994061172,
D7_I10_E,L10E-209,NT,132,0,65.27256476683931,1501.121347150259,0.0,0.0,6048.578601570429,5786.790307453573,-4.328096092673505,
D7_I10_E,L10E-213,AM,36,0,68.93284386517814,6279.676476683938,0.0,0.0,17789.720207253882,16911.725847767055,-4.93540285770666,
D7_I10_E,L10E-213,MD,72,0,68.93284386517814,6279.676476683938,0.0,0.0,34847.05699481865,35414.492152781124,1.6283589114766326,
D7_I10_E,L10E-213,PM,48,0,68.93284386517814,6279.676476683938,0.0,0.0,23936.943005181343,24193.81467685344,1.0731181154439546,
D7_I10_E,L10E-213,NT,132,0,68.93284386517814,6279.676476683938,0.0,0.0,31185.925511457724,34525.57606380808,10.708838995730202,
D7_I10_E,L10E-214,AM,36,0,68.77948186528496,5281.682797927461,0.0,0.0,11847.974093264249,11281.683710171332,-4.779638937722372,
D7_I10_E,L10E-214,MD,72,19,68.77948186528496,5281.682797927461,7668.3212435233145,8293.184039838188,28879.621761658032,30286.056580926845,4.869990441273931,8.148625709214185
D7_I10_E,L10E-214,PM,48,48,68.77948186528496,5281.682797927461,18145.932642487045,18287.157708739414,18145.932642487045,18287.157708739414,0.7782739473070879,0.7782739473070879
D7_I10_E,L10E-214,NT,132,3,68.77948186528496,5281.682797927461,1245.461139896373,1304.3006761431636,31050.357673201215,30483.01731374418,-1.8271620746793873,4.724317312034828
D7_I10_E,L10E-215,AM,36,0,65.39670103092784,5340.661865284974,0.0,0.0,12641.290155440416,11504.723660932737,-8.990905837396163,
D7_I10_E,L10E-215,MD,72,1,65.39670103092784,5340.661865284974,392.1865284974093,445.00315084555143,29657.709844559584,30074.665637758113,1.4058934266464123,13.467219934988412
D7_I10_E,L10E-215,PM,48,47,65.39670103092784,5340.661865284974,17859.559585492225,20438.193425617566,18280.155440414506,20883.247055744654,14.239986217924205,14.438395458642953
D7_I10_E,L10E-215,NT,132,0,65.39670103092784,5340.661865284974,0.0,0.0,31956.511751509,27949.528610167228,-12.538862728509656,
D7_I10_E,L10E-216,AM,36,0,70.16786149244162,5446.19689119171,0.0,0.0,13898.720207253888,12310.636516730145,-11.426114540351028,
D7_I10_E,L10E-216,MD,72,19,70.16786149244162,5446.19689119171,7986.943005181347,7999.427920215117,30432.98445595855,30611.14805081085,0.5854292572262553,0.1563165659961658
D7_I10_E,L10E-216,PM,48,48,70.16786149244162,5446.19689119171,19092.20725388601,18953.015006777186,19092.20725388601,18953.015006777186,-0.7290526718983257,-0.7290526718983257
D7_I10_E,L10E-216,NT,132,10,70.16786149244162,5446.19689119171,4354.720207253886,4410.047442621339,30705.586106511404,29709.429069784375,-3.2442208830392083,1.27051182933157
D7_I10_E,L10E-217,AM,36,0,68.94691709844562,5142.915233160621,0.0,0.0,11810.694300518135,11558.219713193483,-2.1376777766026507,
D7_I10_E,L10E-217,MD,72,26,68.94691709844562,5142.915233160621,10472.300518134713,10575.296021666683,28247.367875647666,29261.326614339203,3.5895689225107628,0.9835040863620671
D7_I10_E,L10E-217,PM,48,48,68.94691709844562,5142.915233160621,18623.0621761658,17102.025103999287,18623.0621761658,17102.025103999287,-8.167491778624727,-8.167491778624727
D7_I10_E,L10E-217,NT,132,5,68.94691709844562,5142.915233160621,2084.8704663212434,2114.195789422696,29222.497996901868,29268.733075912856,0.15821740843609722,1.4065777023163153
D7_I10_E,L10E-221,AM,36,0,69.02380829015542,5471.800725388601,0.0,0.0,12871.487046632124,13060.19343062646,1.466080673590163,
D7_I10_E,L10E-221,MD,72,31,69.02380829015542,5471.800725388601,13180.155440414508,12841.256930709455,30118.507772020723,30564.18965726492,1.4797608454500653,-2.571278550068416
D7_I10_E,L10E-221,PM,48,48,69.02380829015542,5471.800725388601,19683.279792746114,17911.541611277906,19683.279792746114,17911.541611277906,-9.001234550967201,-9.001234550967201
D7_I10_E,L10E-221,NT,132,6,69.02380829015542,5471.800725388601,2623.8756476683934,2682.0415571491717,29827.815047273114,31686.218822967523,6.230438846255036,2.2167936781785063
D7_I10_E,L10E-222,AM,36,0,68.32850622295817,5001.398549222798,0.0,0.0,10481.077720207253,11449.38460550175,9.238619454444317,
D7_I10_E,L10E-222,MD,72,23,68.32850622295817,5001.398549222798,8978.253886010361,9313.848753523296,25876.243523316058,28801.637520267665,11.305327198345658,3.7378634172491867
D7_I10_E,L10E-222,PM,48,48,68.32850622295817,5001.398549222798,19172.30569948186,18283.496701810724,19172.30569948186,18283.496701810724,-4.6359004055269075,-4.6359004055269075
D7_I10_E,L10E-222,NT,132,3,68.32850622295817,5001.398549222798,1175.6165803108806,1241.8311822501755,25962.53640296993,27568.638577589423,6.186229841687449,5.632329710915191
D7_I10_E,L10E-224,AM,36,18,69.92029325356552,10062.889430051813,14010.911917098449,14905.438602051632,28526.637305699478,28690.198676092466,0.5733636553100134,6.384500097110261
D7_I10_E,L10E-224,MD,72,19,69.92029325356552,10062.889430051813,15066.880829015543,15891.090918332793,57061.76683937824,59402.49712064185,4.102099200419917,5.470343189613608
D7_I10_E,L10E-224,PM,48,48,69.92029325356552,10062.889430051813,36864.52331606217,38427.61729047068,36864.52331606217,38427.61729047068,4.240103584161773,4.240103584161773
D7_I10_E,L10E-224,NT,132,0,69.92029325356552,10062.889430051813,0.0,0.0,59057.805325570225,60035.74217682918,1.6558977189684705,
D7_I10_E,L10E-226,AM,36,0,64.20979381443296,5881.087150259067,0.0,0.0,14662.046632124353,14174.473289031415,-3.3254112152710715,
D7_I10_E,L10E-226,MD,72,30,64.20979381443296,5881.087150259067,13345.922279792745,13740.551803125958,32578.891191709845,32845.387437775455,0.8180028119969395,2.956929577888576
D7_I10_E,L10E-226,PM,48,48,64.20979381443296,5881.087150259067,20723.569948186527,20445.861519316124,20723.569948186527,20445.861519316124,-1.340060759631351,-1.340060759631351
D7_I10_E,L10E-226,NT,132,6,64.20979381443296,5881.087150259067,2779.383419689119,2903.667698380117,35391.51850862667,29016.81894400626,-18.011941372525683,4.47164928057676
D7_I10_E,L10E-231,AM,36,0,68.90917098445593,6264.105388601036,0.0,0.0,17722.963730569947,16879.18104423222,-4.7609570225678715,
D7_I10_E,L10E-231,MD,72,0,68.90917098445593,6264.105388601036,0.0,0.0,34740.41968911917,35427.06060972403,1.9764899985359747,
D7_I10_E,L10E-231,PM,48,0,68.90917098445593,6264.105388601036,0.0,0.0,23878.65284974093,24176.213681233206,1.2461374323112366,
D7_I10_E,L10E-231,NT,132,0,68.90917098445593,6264.105388601036,0.0,0.0,31144.512392500405,34484.66683051617,10.72469652413013,
D7_I10_E,L10E-233,AM,36,0,68.31424870466319,7681.21274611399,0.0,0.0,17169.730569948184,16716.34147837363,-2.6406302051594888,
D7_I10_E,L10E-233,MD,72,16,68.31424870466319,7681.21274611399,10099.461139896372,10114.827701483002,42099.0621761658,44312.695219099674,5.258152862576393,0.1521522918279969
D7_I10_E,L10E-233,PM,48,48,68.31424870466319,7681.21274611399,29177.03626943005,29428.51208983058,29177.03626943005,29428.51208983058,0.8618963834377226,0.8618963834377226
D7_I10_E,L10E-233,NT,132,13,68.31424870466319,7681.21274611399,7960.202072538859,8260.060511502703,51835.90775065434,45767.97511701373,-11.706041037863393,3.7669701878335045
D7_I10_E,L10E-246,AM,36,0,69.9953367875647,7009.233575129534,0.0,0.0,19801.86528497409,18748.65032115633,-5.3187664326600315,
D7_I10_E,L10E-246,MD,72,0,69.9953367875647,7009.233575129534,0.0,0.0,39516.01813471502,40011.55352403442,1.254011443233109,
D7_I10_E,L10E-246,PM,48,33,69.9953367875647,7009.233575129534,18513.810880829013,19147.982306665774,26869.461139896368,27880.66838987149,3.763407255211606,3.425396477898796
D7_I10_E,L10E-246,NT,132,0,69.9953367875647,7009.233575129534,0.0,0.0,36169.21614764169,41220.235848125354,13.964968662482347,
D7_I10_E,L10E-248,AM,36,0,68.93284386517814,6279.676476683938,0.0,0.0,17789.720207253882,16911.725847767055,-4.93540285770666,
D7_I10_E,L10E-248,MD,72,0,68.93284386517814,6279.676476683938,0.0,0.0,34847.05699481865,35414.492152781124,1.6283589114766326,
D7_I10_E,L10E-248,PM,48,0,68.93284386517814,6279.676476683938,0.0,0.0,23936.943005181343,24193.81467685344,1.0731181154439546,
D7_I10_E,L10E-248,NT,132,0,68.93284386517814,6279.676476683938,0.0,0.0,31185.925511457724,34525.57606380808,10.708838995730202,
D7_I10_E,L10E-249,AM,36,0,65.89207253886013,1501.64207253886,0.0,0.0,4275.81347150259,3060.762960421006,-28.416826860658063,
D7_I10_E,L10E-249,MD,72,0,65.89207253886013,1501.64207253886,0.0,0.0,8233.80310880829,6812.333988303803,-17.263822096788285,
D7_I10_E,L10E-249,PM,48,0,65.89207253886013,1501.64207253886,0.0,0.0,5901.740932642487,4889.344676332425,-17.154196835555858,
D7_I10_E,L10E-249,NT,132,0,65.89207253886013,1501.64207253886,0.0,0.0,6040.639549169381,6133.900158872832,1.5438863541572374,
D7_I10_E,L10E-253,AM,36,0,67.11699481865284,4934.255129533678,0.0,0.0,11491.461139896372,11160.018655575092,-2.8842501426608744,
D7_I10_E,L10E-253,MD,72,0,67.11699481865284,4934.255129533678,0.0,0.0,24994.20207253886,26419.917236687907,5.704183554295095,
D7_I10_E,L10E-253,PM,48,0,67.11699481865284,4934.255129533678,0.0,0.0,18674.38341968912,16763.590799160833,-10.232159089727503,
D7_I10_E,L10E-253,NT,132,0,67.11699481865284,4934.255129533678,0.0,0.0,26781.372816623043,27409.20291781836,2.344279008750533,
D7_I10_E,L10E-254,AM,36,0,69.62577132631802,6278.605492227979,0.0,0.0,17792.51813471502,16904.122826933006,-4.99308361557134,
D7_I10_E,L10E-254,MD,72,0,69.62577132631802,6278.605492227979,0.0,0.0,34841.66321243523,35405.36952908646,1.617908746819067,
D7_I10_E,L10E-254,PM,48,0,69.62577132631802,6278.605492227979,0.0,0.0,23942.97409326425,24186.153578159057,1.015661145301163,
D7_I10_E,L10E-254,NT,132,0,69.62577132631802,6278.605492227979,0.0,0.0,31183.093290956676,34414.26496289521,10.36193440397268,
D7_I10_E,L10E-258,AM,36,0,71.58559278350518,6321.642590673575,0.0,0.0,15723.015544041455,14805.256572979048,-5.837041682568391,
D7_I10_E,L10E-258,MD,72,0,71.58559278350518,6321.642590673575,0.0,0.0,32662.64248704663,35201.15738124483,7.771921378391017,
D7_I10_E,L10E-258,PM,48,0,71.58559278350518,6321.642590673575,0.0,0.0,23935.072538860102,22489.149559070444,-6.041021924801403,
D7_I10_E,L10E-258,NT,132,0,71.58559278350518,6321.642590673575,0.0,0.0,29474.17736766198,35937.95542445389,21.93030860933793,
D7_I10_E,L10E-263,AM,36,18,69.2202932535655,8052.004041450777,11210.243523316061,11926.651616331852,22822.497409326425,22961.01271547281,0.6069244029787109,6.39065593468814
D7_I10_E,L10E-263,MD,72,19,69.2202932535655,8052.004041450777,12054.948186528494,12715.448007725805,45648.756476683935,47536.29470809433,4.134917086677907,5.479076400638742
D7_I10_E,L10E-263,PM,48,48,69.2202932535655,8052.004041450777,29494.989637305698,30748.17135421899,29494.989637305698,30748.17135421899,4.248795243949668,4.248795243949668
D7_I10_E,L10E-263,NT,132,0,69.2202932535655,8052.004041450777,0.0,0.0,47245.856952085895,48049.590751411546,1.7011730788177963,
D7_I10_E,L10E-266,AM,36,0,67.25160621761657,6563.615440414507,0.0,0.0,15228.932642487047,14918.293242993353,-2.0397975799501777,
D7_I10_E,L10E-266,MD,72,3,67.25160621761657,6563.615440414507,1601.2797927461138,1640.3930157356758,35938.42487046632,37373.60140595961,3.9934319343881466,2.4426226551254246
D7_I10_E,L10E-266,PM,48,46,67.25160621761657,6563.615440414507,23607.901554404147,25093.859003328675,24622.326424870465,26187.740415405762,6.357701394755725,6.294322455980068
D7_I10_E,L10E-266,NT,132,0,67.25160621761657,6563.615440414507,0.0,0.0,44783.60357352705,37548.344230433955,-16.156045440188908,
D7_I10_E,L10E-273,AM,36,0,67.93196891191702,6000.867046632125,0.0,0.0,16108.886010362694,15289.850652871102,-5.084369936969657,
D7_I10_E,L10E-273,MD,72,4,67.93196891191702,6000.867046632125,1900.3575129533679,1996.095108175435,33458.87564766839,34417.68869408576,2.8656463430329944,5.037872851265767
D7_I10_E,L10E-273,PM,48,43,67.93196891191702,6000.867046632125,20043.181347150257,21295.05168069764,22331.772020725388,23788.94472863502,6.525110083325571,6.24586642142703
D7_I10_E,L10E-273,NT,132,0,67.93196891191702,6000.867046632125,0.0,0.0,30030.79381443299,34720.24955979127,15.615490467336565,
D7_I10_E,L10E-282,AM,36,0,68.93284386517814,6279.676476683938,0.0,0.0,17789.720207253882,16911.725847767055,-4.93540285770666,
D7_I10_E,L10E-282,MD,72,0,68.93284386517814,6279.676476683938,0.0,0.0,34847.05699481865,35414.492152781124,1.6283589114766326,
D7_I10_E,L10E-282,PM,48,0,68.93284386517814,6279.676476683938,0.0,0.0,23936.943005181343,24193.81467685344,1.0731181154439546,
D7_I10_E,L10E-282,NT,132,0,68.93284386517814,6279.676476683938,0.0,0.0,31185.925511457724,34525.57606380808,10.708838995730202,
D7_I10_E,L10E-284,AM,36,0,69.62577132631802,6278.605492227979,0.0,0.0,17792.51813471502,16904.122826933006,-4.99308361557134,
D7_I10_E,L10E-284,MD,72,0,69.62577132631802,6278.605492227979,0.0,0.0,34841.66321243523,35405.36952908646,1.617908746819067,
D7_I10_E,L10E-284,PM,48,0,69.62577132631802,6278.605492227979,0.0,0.0,23942.97409326425,24186.153578159057,1.015661145301163,
D7_I10_E,L10E-284,NT,132,0,69.62577132631802,6278.605492227979,0.0,0.0,31183.093290956676,34414.26496289521,10.36193440397268,
D7_I10_E,L10E-288,AM,36,0,65.34072164948451,1503.600310880829,0.0,0.0,4282.564766839378,3120.565979817583,-27.133244919477868,
D7_I10_E,L10E-288,MD,72,0,65.34072164948451,1503.600310880829,0.0,0.0,8217.23834196891,6874.594216865802,-16.339359639182632,
D7_I10_E,L10E-288,PM,48,0,65.34072164948451,1503.600310880829,0.0,0.0,5920.046632124352,4920.434080396535,-16.885214151921563,
D7_I10_E,L10E-288,NT,132,0,65.34072164948451,1503.600310880829,0.0,0.0,6047.798221248864,6171.685030100314,2.0484613460841876,
D7_I10_E,L10E-290,AM,36,0,65.34072164948451,1503.600310880829,0.0,0.0,4282.564766839378,3120.565979817583,-27.133244919477868,
D7_I10_E,L10E-290,MD,72,0,65.34072164948451,1503.600310880829,0.0,0.0,8217.23834196891,6874.594216865802,-16.339359639182632,
D7_I10_E,L10E-290,PM,48,0,65.34072164948451,1503.600310880829,0.0,0.0,5920.046632124352,4920.434080396535,-16.885214151921563,
D7_I10_E,L10E-290,NT,132,0,65.34072164948451,1503.600310880829,0.0,0.0,6047.798221248864,6171.685030100314,2.0484613460841876,
D7_I10_E,L10E-303,AM,36,0,67.5974352331606,5880.447202072539,0.0,0.0,15205.658031088082,15531.707496394529,2.144264093272626,
D7_I10_E,L10E-303,MD,72,20,67.5974352331606,5880.447202072539,8914.816062176164,9498.876824887897,31375.15025906735,33876.47117058724,7.972299386190226,6.551573903916985
D7_I10_E,L10E-303,PM,48,48,67.5974352331606,5880.447202072539,21249.523316062176,22432.795003249434,21249.523316062176,22432.795003249434,5.5684622642468495,5.5684622642468495
D7_I10_E,L10E-303,NT,132,2,67.5974352331606,5880.447202072539,902.5647668393782,979.5438495475379,29515.177020458308,36291.54788835915,22.958936899493544,8.528926181965511
D7_I10_E,L10E-304,AM,36,0,67.89902155333584,6253.119170984456,0.0,0.0,16302.145077720208,16300.183272471733,-0.012034031344475839,
D7_I10_E,L10E-304,MD,72,17,67.89902155333584,6253.119170984456,8241.616580310882,8776.744688988354,33418.91709844559,36240.10305242801,8.44188321743566,6.49299932195204
D7_I10_E,L10E-304,PM,48,48,67.89902155333584,6253.119170984456,23317.569948186523,24699.47274227548,23317.569948186523,24699.47274227548,5.926444295694852,5.926444295694852
D7_I10_E,L10E-304,NT,132,0,67.89902155333584,6253.119170984456,0.0,0.0,30323.61628652316,41185.95699434873,35.82138952422096,
D7_I10_E,L10E-308,AM,36,0,66.33838082901555,5852.271295336787,0.0,0.0,14982.567357512951,15447.411524465646,3.1025668422548445,
D7_I10_E,L10E-308,MD,72,20,66.33838082901555,5852.271295336787,9317.53626943005,9346.690249815712,31993.246113989637,33728.17645856188,5.422801857588352,0.3128936613996827
D7_I10_E,L10E-308,PM,48,48,66.33838082901555,5852.271295336787,22197.103626943008,21831.25035186627,22197.103626943008,21831.25035186627,-1.6482027620606403,-1.6482027620606403
D7_I10_E,L10E-308,NT,132,2,66.33838082901555,5852.271295336787,948.9663212435232,974.5107289410316,31394.35230489824,36166.26143224556,15.199896723471493,2.691813937509929
D7_I10_E,L10E-311,AM,36,9,67.54637305699481,6130.473264248704,3643.4455958549215,4578.401579014922,15286.487046632124,18314.59329270774,19.809039427032783,25.661313132373444
D7_I10_E,L10E-311,MD,72,0,67.54637305699481,6130.473264248704,0.0,0.0,32149.27461139896,35392.824210797495,10.089028877337377,
D7_I10_E,L10E-311,PM,48,0,67.54637305699481,6130.473264248704,0.0,0.0,23030.569948186523,23463.961166062774,1.8818084782585998,
D7_I10_E,L10E-311,NT,132,0,67.54637305699481,6130.473264248704,0.0,0.0,30223.134715025903,39616.58568595817,31.080333193439948,
D7_I10_E,L10E-317,AM,36,0,68.19037311041079,3805.619067357513,0.0,0.0,9705.20725388601,8248.99015519798,-15.004492542958875,
D7_I10_E,L10E-317,MD,72,0,68.19037311041079,3805.619067357513,0.0,0.0,19866.0207253886,18860.248598655082,-5.062775986376327,
D7_I10_E,L10E-317,PM,48,0,68.19037311041079,3805.619067357513,0.0,0.0,14243.124352331604,13741.915309877299,-3.518954339342391,
D7_I10_E,L10E-317,NT,132,0,68.19037311041079,3805.619067357513,0.0,0.0,22245.64999198761,22958.343775082718,3.203744477467743,
D7_I10_E,L10E-322,AM,36,0,67.45578988836066,4359.57481865285,0.0,0.0,10918.347150259066,9706.962840459179,-11.094942239230265,
D7_I10_E,L10E-322,MD,72,0,67.45578988836066,4359.57481865285,0.0,0.0,23036.512953367874,24113.841497632344,4.676612933759872,
D7_I10_E,L10E-322,PM,48,0,67.45578988836066,4359.57481865285,0.0,0.0,16890.725388601033,16655.959918531284,-1.3899075656524766,
D7_I10_E,L10E-322,NT,132,0,67.45578988836066,4359.57481865285,0.0,0.0,25038.780220073713,21402.3290059215,-14.523276222684572,
D7_I10_E,L10E-323,AM,36,0,69.62577132631802,6278.605492227979,0.0,0.0,17792.51813471502,16904.122826933006,-4.99308361557134,
D7_I10_E,L10E-323,MD,72,0,69.62577132631802,6278.605492227979,0.0,0.0,34841.66321243523,35405.36952908646,1.617908746819067,
D7_I10_E,L10E-323,PM,48,0,69.62577132631802,6278.605492227979,0.0,0.0,23942.97409326425,24186.153578159057,1.015661145301163,
D7_I10_E,L10E-323,NT,132,0,69.62577132631802,6278.605492227979,0.0,0.0,31183.093290956676,34414.26496289521,10.36193440397268,
D7_I10_E,L10E-324,AM,36,0,64.33800518134714,5035.642694300518,0.0,0.0,12927.740932642486,12902.993727478151,-0.19142714332902408,
D7_I10_E,L10E-324,MD,72,2,64.33800518134714,5035.642694300518,766.0621761658031,839.0867755741083,26379.606217616576,29992.43537867292,13.69553863409704,9.532463771256618
D7_I10_E,L10E-324,PM,48,44,64.33800518134714,5035.642694300518,16322.63212435233,17937.52444893007,17882.124352331604,19610.31708792062,9.66435923125476,9.893577900150207
D7_I10_E,L10E-324,NT,132,0,64.33800518134714,5035.642694300518,0.0,0.0,27456.35054217189,32513.24007062638,18.41792309829124,
D7_I10_E,L10E-325,AM,36,0,62.958277869771926,4977.3175647668395,0.0,0.0,13327.505181347151,12996.422314128322,-2.484207379504189,
D7_I10_E,L10E-325,MD,72,7,62.958277869771926,4977.3175647668395,2669.6994818652847,2894.363453782551,27235.235751295335,29182.42434609912,7.149519881468898,8.415328146233765
D7_I10_E,L10E-325,PM,48,45,62.958277869771926,4977.3175647668395,16124.790155440412,18166.979445066696,17306.049222797927,19410.324674047373,12.159190258614332,12.664904596834461
D7_I10_E,L10E-325,NT,132,0,62.958277869771926,4977.3175647668395,0.0,0.0,31138.945115111368,30010.324148293632,-3.624467568331432,
D7_I10_E,L10E-326,AM,36,0,64.99365585438814,5284.19689119171,0.0,0.0,14253.256476683939,13125.647477266884,-7.9112376968845215,
D7_I10_E,L10E-326,MD,72,0,64.99365585438814,5284.19689119171,0.0,0.0,29477.810880829016,30786.888194177478,4.440890535056062,
D7_I10_E,L10E-326,PM,48,32,64.99365585438814,5284.19689119171,13665.658031088084,14062.546792606541,20499.867875647666,21088.15648701221,2.869719038840183,2.904278451982137
D7_I10_E,L10E-326,NT,132,0,64.99365585438814,5284.19689119171,0.0,0.0,29705.33563912184,33549.14473668243,12.939793524831622,
D7_I10_E,L10E-329,AM,36,0,66.2886547192992,4953.549637305699,0.0,0.0,13225.0621761658,12705.247992428938,-3.9305235530285136,
D7_I10_E,L10E-329,MD,72,5,66.2886547192992,4953.549637305699,1965.8341968911914,2059.3118821156722,27037.870466321245,29302.540338510695,8.375918048022143,4.755115429994468
D7_I10_E,L10E-329,PM,48,44,66.2886547192992,4953.549637305699,16728.533678756474,17667.84500254705,18262.0,19315.29709154812,5.767698453335451,5.6150248541114145
D7_I10_E,L10E-329,NT,132,0,66.2886547192992,4953.549637305699,0.0,0.0,26257.725228353185,32020.52488773836,21.94706361373027,
D7_I10_E,L10E-331,AM,36,0,67.26432642487045,4855.913471502591,0.0,0.0,13104.331606217618,12573.484048675988,-4.050931962754659,
D7_I10_E,L10E-331,MD,72,10,67.26432642487045,4855.913471502591,3775.5699481865286,4032.774704999021,26370.238341968914,28768.283583158907,9.093756416199858,6.812342516287708
D7_I10_E,L10E-331,PM,48,46,67.26432642487045,4855.913471502591,16374.253886010361,17431.183643459077,17127.62176165803,18240.058436007348,6.494986226515259,6.454826979027866
D7_I10_E,L10E-331,NT,132,0,67.26432642487045,4855.913471502591,0.0,0.0,26551.112173495003,31671.76212469084,19.28600925541489,
D7_I10_E,L10E-333,AM,36,0,66.80764248704664,4887.708497409327,0.0,0.0,13139.720207253886,12522.600724869095,-4.69659530531027,
D7_I10_E,L10E-333,MD,72,8,66.80764248704664,4887.708497409327,3042.367875647668,3248.3120539830034,26589.0829015544,28827.789419344994,8.419645484123555,6.7692069714446825
D7_I10_E,L10E-333,PM,48,47,66.80764248704664,4887.708497409327,16857.606217616576,18070.911085598076,17235.310880829013,18478.205937821233,7.211329494350478,7.1973734130387355
D7_I10_E,L10E-333,NT,132,0,66.80764248704664,4887.708497409327,0.0,0.0,26841.223839538485,30497.7241819485,13.622703511096255,
D7_I10_E,L10E-337,AM,36,0,68.5925388601036,5909.530880829016,0.0,0.0,15788.64766839378,15045.367875022905,-4.707684970757796,
D7_I10_E,L10E-337,MD,72,10,68.5925388601036,5909.530880829016,4410.668393782384,4899.421955011482,31046.347150259062,34923.10689847074,12.487007664537202,11.081167695990999
D7_I10_E,L10E-337,PM,48,48,68.5925388601036,5909.530880829016,19636.269430051812,21465.488928310915,19636.269430051812,21465.488928310915,9.315514358647075,9.315514358647075
D7_I10_E,L10E-337,NT,132,0,68.5925388601036,5909.530880829016,0.0,0.0,29850.881576838845,38790.354611756,29.94709892204072,
D7_I10_E,L10E-349,AM,36,0,68.60569587628865,6395.210362694301,0.0,0.0,16584.943005181347,15564.550190192407,-6.152525303645337,
D7_I10_E,L10E-349,MD,72,22,68.60569587628865,6395.210362694301,10818.823834196892,10571.888494674895,35672.243523316065,36156.4203114822,1.3572927866162077,-2.2824601204935644
D7_I10_E,L10E-349,PM,48,48,68.60569587628865,6395.210362694301,22724.20725388601,20855.394379778627,22724.20725388601,20855.394379778627,-8.223885890619135,-8.223885890619135
D7_I10_E,L10E-349,NT,132,10,68.60569587628865,6395.210362694301,5213.191709844559,5129.084353113125,35716.64398269323,38128.981177316746,6.754098161608995,-1.613356297114615
D7_I10_E,L10E-351,AM,36,0,68.47340673575127,5683.047979274611,0.0,0.0,14566.375647668394,14733.366376272304,1.1464123447251646,
D7_I10_E,L10E-351,MD,72,18,68.47340673575127,5683.047979274611,7892.481865284975,8101.009887852564,31550.78756476684,32719.782521498135,3.7051213201306124,2.6421096193429063
D7_I10_E,L10E-351,PM,48,48,68.47340673575127,5683.047979274611,20385.813471502588,20568.643816546053,20385.813471502588,20568.643816546053,0.8968508678794905,0.8968508678794905
D7_I10_E,L10E-351,NT,132,2,68.47340673575127,5683.047979274611,901.6839378238342,945.0271516651505,29754.15576091021,35171.01427595791,18.20538468163882,4.806918702125589
D7_I10_W,L10W-001,AM,36,32,67.60611398963731,6196.117616580311,13526.772020725388,16297.119970962787,15207.264248704663,18361.69559547215,20.74292453382058,20.480480827153293
D7_I10_W,L10W-001,MD,72,5,67.60611398963731,6196.117616580311,2059.663212435233,2580.078635921467,31443.81865284974,35980.22580609269,14.42702364915153,25.267015517110842
D7_I10_W,L10W-001,PM,48,0,67.60611398963731,6196.117616580311,0.0,0.0,22811.47668393782,21772.397887007195,-4.555070289080712,
D7_I10_W,L10W-001,NT,132,0,67.60611398963731,6196.117616580311,0.0,0.0,29495.476790769724,43005.92659247723,45.80515818593396,
D7_I10_W,L10W-010,AM,36,0,68.93284386517814,6279.676476683938,0.0,0.0,17789.720207253882,16911.725847767055,-4.93540285770666,
D7_I10_W,L10W-010,MD,72,0,68.93284386517814,6279.676476683938,0.0,0.0,34847.05699481865,35414.492152781124,1.6283589114766326,
D7_I10_W,L10W-010,PM,48,0,68.93284386517814,6279.676476683938,0.0,0.0,23936.943005181343,24193.81467685344,1.0731181154439546,
D7_I10_W,L10W-010,NT,132,0,68.93284386517814,6279.676476683938,0.0,0.0,31185.925511457724,34525.57606380808,10.708838995730202,
D7_I10_W,L10W-013,AM,36,0,69.62577132631802,6278.605492227979,0.0,0.0,17792.51813471502,16904.122826933006,-4.99308361557134,
D7_I10_W,L10W-013,MD,72,0,69.62577132631802,6278.605492227979,0.0,0.0,34841.66321243523,35405.36952908646,1.617908746819067,
D7_I10_W,L10W-013,PM,48,0,69.62577132631802,6278.605492227979,0.0,0.0,23942.97409326425,24186.153578159057,1.015661145301163,
D7_I10_W,L10W-013,NT,132,0,69.62577132631802,6278.605492227979,0.0,0.0,31183.093290956676,34414.26496289521,10.36193440397268,
D7_I10_W,L10W-014,AM,36,33,69.76818652849731,7429.546321243523,15748.948186528498,16064.678708967049,17558.906735751294,17867.116097673952,1.7552878807375851,2.004772120011315
D7_I10_W,L10W-014,MD,72,72,69.76818652849731,7429.546321243523,37596.66839378238,40451.78165194653,37596.66839378238,40451.78165194653,7.594059208278998,7.594059208278998
D7_I10_W,L10W-014,PM,48,1,69.76818652849731,7429.546321243523,538.8963730569948,618.5922422339789,26097.26943005181,28082.29948928705,7.606274919127809,14.788718789271824
D7_I10_W,L10W-014,NT,132,0,69.76818652849731,7429.546321243523,0.0,0.0,38912.63236472411,44885.90019653287,15.350459397919774,
D7_I10_W,L10W-016,AM,36,33,69.76818652849731,7429.546321243523,15748.948186528498,16064.678708967049,17558.906735751294,17867.116097673952,1.7552878807375851,2.004772120011315
D7_I10_W,L10W-016,MD,72,72,69.76818652849731,7429.546321243523,37596.66839378238,40451.78165194653,37596.66839378238,40451.78165194653,7.594059208278998,7.594059208278998
D7_I10_W,L10W-016,PM,48,1,69.76818652849731,7429.546321243523,538.8963730569948,618.5922422339789,26097.26943005181,28082.29948928705,7.606274919127809,14.788718789271824
D7_I10_W,L10W-016,NT,132,0,69.76818652849731,7429.546321243523,0.0,0.0,38912.63236472411,44885.90019653287,15.350459397919774,
D7_I10_W,L10W-021,AM,36,33,69.76818652849731,7429.546321243523,15748.948186528498,16064.678708967049,17558.906735751294,17867.116097673952,1.7552878807375851,2.004772120011315
D7_I10_W,L10W-021,MD,72,72,69.76818652849731,7429.546321243523,37596.66839378238,40451.78165194653,37596.66839378238,40451.78165194653,7.594059208278998,7.594059208278998
D7_I10_W,L10W-021,PM,48,1,69.76818652849731,7429.546321243523,538.8963730569948,618.5922422339789,26097.26943005181,28082.29948928705,7.606274919127809,14.788718789271824
D7_I10_W,L10W-021,NT,132,0,69.76818652849731,7429.546321243523,0.0,0.0,38912.63236472411,44885.90019653287,15.350459397919774,
D7_I10_W,L10W-024,AM,36,0,64.53865284974096,2363.340310880829,0.0,0.0,6803.3316062176145,5801.902526584963,-14.719686435943208,
D7_I10_W,L10W-024,MD,72,0,64.53865284974096,2363.340310880829,0.0,0.0,12535.611398963727,11311.855650615327,-9.762234241319598,
D7_I10_W,L10W-024,PM,48,0,64.53865284974096,2363.340310880829,0.0,0.0,8319.601036269429,7519.819401130827,-9.613221014468621,
D7_I10_W,L10W-024,NT,132,0,64.53865284974096,2363.340310880829,0.0,0.0,11044.098872923454,10691.205528140443,-3.1953113499209187,
D7_I10_W,L10W-029,AM,36,0,65.43629533678757,4771.8683937823835,0.0,0.0,13407.683937823833,12904.834527455721,-3.7504569223141133,
D7_I10_W,L10W-029,MD,72,0,65.43629533678757,4771.8683937823835,0.0,0.0,24741.61139896373,23792.155864268054,-3.837484630186389,
D7_I10_W,L10W-029,PM,48,0,65.43629533678757,4771.8683937823835,0.0,0.0,16526.48186528497,13428.924928538167,-18.74299056506055,
D7_I10_W,L10W-029,NT,132,0,65.43629533678757,4771.8683937823835,0.0,0.0,24387.03103466695,21296.313812835266,-12.673610073477704,
D7_I10_W,L10W-031,AM,36,0,68.69966321243524,6331.4766839378235,0.0,0.0,18083.00518134715,17778.37408786897,-1.6846264789682768,
D7_I10_W,L10W-031,MD,72,0,68.69966321243524,6331.4766839378235,0.0,0.0,33287.979274611396,35332.41758183839,6.141671413459083,
D7_I10_W,L10W-031,PM,48,0,68.69966321243524,6331.4766839378235,0.0,0.0,22341.243523316058,23286.13308004536,4.229350777825711,
D7_I10_W,L10W-031,NT,132,0,68.69966321243524,6331.4766839378235,0.0,0.0,29501.11759521393,36987.76616794787,25.377508321747527,
D7_I10_W,L10W-045,AM,36,0,66.7324611398964,4669.905699481866,0.0,0.0,13104.238341968914,12638.673444796841,-3.5527810546684684,
D7_I10_W,L10W-045,MD,72,0,66.7324611398964,4669.905699481866,0.0,0.0,22615.709844559584,23975.365662848017,6.011997092434887,
D7_I10_W,L10W-045,PM,48,0,66.7324611398964,4669.905699481866,0.0,0.0,13830.404145077719,13004.831678357123,-5.969257716987393,
D7_I10_W,L10W-045,NT,132,0,66.7324611398964,4669.905699481866,0.0,0.0,25134.213049516584,25418.423513583082,1.1307712857632706,
D7_I10_W,L10W-051,AM,36,0,65.34072164948451,1503.600310880829,0.0,0.0,4282.564766839378,3120.565979817583,-27.133244919477868,
D7_I10_W,L10W-051,MD,72,0,65.34072164948451,1503.600310880829,0.0,0.0,8217.23834196891,6874.594216865802,-16.339359639182632,
D7_I10_W,L10W-051,PM,48,0,65.34072164948451,1503.600310880829,0.0,0.0,5920.046632124352,4920.434080396535,-16.885214151921563,
D7_I10_W,L10W-051,NT,132,0,65.34072164948451,1503.600310880829,0.0,0.0,6047.798221248864,6171.685030100314,2.0484613460841876,
D7_I10_W,L10W-061,AM,36,0,68.93284386517814,6279.676476683938,0.0,0.0,17789.720207253882,16911.725847767055,-4.93540285770666,
D7_I10_W,L10W-061,MD,72,0,68.93284386517814,6279.676476683938,0.0,0.0,34847.05699481865,35414.492152781124,1.6283589114766326,
D7_I10_W,L10W-061,PM,48,0,68.93284386517814,6279.676476683938,0.0,0.0,23936.943005181343,24193.81467685344,1.0731181154439546,
D7_I10_W,L10W-061,NT,132,0,68.93284386517814,6279.676476683938,0.0,0.0,31185.925511457724,34525.57606380808,10.708838995730202,
D7_I10_W,L10W-062,AM,36,0,69.32577132631795,6283.735336787565,0.0,0.0,17788.32124352331,16913.554691271558,-4.917645348743931,
D7_I10_W,L10W-062,MD,72,0,69.32577132631795,6283.735336787565,0.0,0.0,34845.06735751295,35438.93647359807,1.7043132963181915,
D7_I10_W,L10W-062,PM,48,0,69.32577132631795,6283.735336787565,0.0,0.0,23936.98445595855,24209.38663168028,1.1379970447945145,
D7_I10_W,L10W-062,NT,132,0,69.32577132631795,6283.735336787565,0.0,0.0,31195.48507024197,34471.91629794429,10.502902007533702,
D7_I10_W,L10W-068,AM,36,18,70.00647668393783,5882.119274611399,8024.658031088083,8782.828194684495,16270.150259067355,17585.67719218634,8.085524178769287,9.448005892079237
D7_I10_W,L10W-068,MD,72,0,70.00647668393783,5882.119274611399,0.0,0.0,29257.963730569947,33612.05533791762,14.88173150887577,
D7_I10_W,L10W-068,PM,48,0,70.00647668393783,5882.119274611399,0.0,0.0,18833.87046632124,20790.35500778273,10.38811722189594,
D7_I10_W,L10W-068,NT,132,0,70.00647668393783,5882.119274611399,0.0,0.0,27267.623604508306,37256.362341935615,36.632230524759834,
D7_I10_W,L10W-071,AM,36,34,65.99873711340209,5712.248393782384,15652.906735751298,15600.676239634431,16548.160621761657,16547.2015326632,-0.005795744435771051,-0.33367921369883274
D7_I10_W,L10W-071,MD,72,13,65.99873711340209,5712.248393782384,5846.450777202073,6035.665198212927,32147.38341968912,32798.59741930472,2.0257138539516677,3.236398085291084
D7_I10_W,L10W-071,PM,48,0,65.99873711340209,5712.248393782384,0.0,0.0,20875.886010362694,20252.921800856704,-2.9841330288772094,
D7_I10_W,L10W-071,NT,132,0,65.99873711340209,5712.248393782384,0.0,0.0,27821.351476951022,32549.369392491266,16.99420648007425,
D7_I10_W,L10W-078,AM,36,0,70.85298341434755,7750.984352331606,0.0,0.0,21813.81347150259,20518.03040646544,-5.9401950361863705,
D7_I10_W,L10W-078,MD,72,3,70.85298341434755,7750.984352331606,1924.2331606217615,1932.3394296637443,44190.9585492228,44508.893358490095,0.7194566936427926,0.4212727026990601
D7_I10_W,L10W-078,PM,48,48,70.85298341434755,7750.984352331606,29798.725388601033,29492.76810644857,29798.725388601033,29492.76810644857,-1.02674620529072,-1.02674620529072
D7_I10_W,L10W-078,NT,132,0,70.85298341434755,7750.984352331606,0.0,0.0,41142.24071897869,46810.63085517028,13.777543558965167,
D7_I10_W,L10W-081,AM,36,0,69.03919689119171,7225.066010362694,0.0,0.0,20136.55958549223,18884.855840325603,-6.216075491209728,
D7_I10_W,L10W-081,MD,72,0,69.03919689119171,7225.066010362694,0.0,0.0,40934.99481865285,40665.58687470114,-0.6581360157616217,
D7_I10_W,L10W-081,PM,48,47,69.03919689119171,7225.066010362694,26535.81865284973,27074.47463418475,27125.63212435233,27676.539051814896,2.030945951552527,2.029920344203025
D7_I10_W,L10W-081,NT,132,2,69.03919689119171,7225.066010362694,1059.0,1200.856547611404,36915.59331766466,48336.75663445745,30.938587979642733,13.395330274920116
D7_I10_W,L10W-084,AM,36,36,68.66274611398964,5840.260725388601,12835.21761658031,15776.888375634862,12835.21761658031,15776.888375634862,22.918744714188197,22.918744714188197
D7_I10_W,L10W-084,MD,72,24,68.66274611398964,5840.260725388601,9305.181347150257,11395.178265266952,28945.352331606213,33804.33584461819,16.786748550669117,22.460571590652158
D7_I10_W,L10W-084,PM,48,0,68.66274611398964,5840.260725388601,0.0,0.0,20547.129533678755,20962.224776221363,2.0202103747008837,
D7_I10_W,L10W-084,NT,132,0,68.66274611398964,5840.260725388601,0.0,0.0,29928.025158912445,37922.27786489825,26.711594445466268,
D7_I10_W,L10W-086,AM,36,11,66.35347150259068,6007.978756476684,4575.953367875647,5478.5281522839405,15710.901554404149,17985.090878746407,14.47523120469651,19.724300311812556
D7_I10_W,L10W-086,MD,72,0,66.35347150259068,6007.978756476684,0.0,0.0,31519.1243523316,34505.62258177044,9.475194158488467,
D7_I10_W,L10W-086,PM,48,0,66.35347150259068,6007.978756476684,0.0,0.0,22564.00518134715,21451.595184785576,-4.930020125510183,
D7_I10_W,L10W-086,NT,132,0,66.35347150259068,6007.978756476684,0.0,0.0,29919.398696650824,42804.0375098042,43.06449786571306,
D7_I10_W,L10W-091,AM,36,0,65.27256476683931,1501.121347150259,0.0,0.0,4279.989637305698,3055.397115522503,-28.612044083220955,
D7_I10_W,L10W-091,MD,72,0,65.27256476683931,1501.121347150259,0.0,0.0,8222.336787564767,6798.387288934981,-17.31806340970279,
D7_I10_W,L10W-091,PM,48,0,65.27256476683931,1501.121347150259,0.0,0.0,5914.036269430051,4887.631678216975,-17.355398994061172,
D7_I10_W,L10W-091,NT,132,0,65.27256476683931,1501.121347150259,0.0,0.0,6048.578601570429,5786.790307453573,-4.328096092673505,
D7_I10_W,L10W-097,AM,36,24,63.92797179637839,5387.86414507772,8989.119170984455,10762.357660552392,13488.21243523316,16148.58211604754,19.72366385530162,19.72649884642411
D7_I10_W,L10W-097,MD,72,0,63.92797179637839,5387.86414507772,0.0,0.0,28898.709844559584,31632.022757290022,9.458252383695969,
D7_I10_W,L10W-097,PM,48,0,63.92797179637839,5387.86414507772,0.0,0.0,20575.932642487045,19576.81900625033,-4.855739244468822,
D7_I10_W,L10W-097,NT,132,0,63.92797179637839,5387.86414507772,0.0,0.0,28788.087228246353,32786.00600151364,13.887406765061492,
D7_I10_W,L10W-099,AM,36,9,66.85766892794186,5447.831502590673,3534.849740932642,4077.9216749936368,14458.362694300517,16325.987031915292,12.917260253479412,15.3633668716484
D7_I10_W,L10W-099,MD,72,0,66.85766892794186,5447.831502590673,0.0,0.0,28000.015544041446,31365.55039136777,12.01976063917768,
D7_I10_W,L10W-099,PM,48,0,66.85766892794186,5447.831502590673,0.0,0.0,19499.746113989637,19265.451150118606,-1.201528278888417,
D7_I10_W,L10W-099,NT,132,0,66.85766892794186,5447.831502590673,0.0,0.0,27235.528096789698,37303.62760340899,36.966786437330136,
D7_I10_W,L10W-101,AM,36,0,69.40323834196896,6869.579067357513,0.0,0.0,19436.0518134715,18306.499901896357,-5.811632539445214,
D7_I10_W,L10W-101,MD,72,0,69.40323834196896,6869.579067357513,0.0,0.0,38871.85492227979,39152.80367323626,0.7227562243124214,
D7_I10_W,L10W-101,PM,48,34,69.40323834196896,6869.579067357513,18733.34196891192,19328.08734527963,26384.699481865282,27322.145015816775,3.552989241343522,3.1747959192475874
D7_I10_W,L10W-101,NT,132,0,69.40323834196896,6869.579067357513,0.0,0.0,35742.85807382084,42846.52262245394,19.874360729524415,
D7_I10_W,L10W-103,AM,36,0,69.66658031088072,7494.06341968912,0.0,0.0,20888.20725388601,19418.214070615977,-7.037431050941703,
D7_I10_W,L10W-103,MD,72,2,69.66658031088072,7494.06341968912,1237.3056994818653,1248.232147089033,42458.673575129535,42598.58289123271,0.329518810463101,0.8830839146496591
D7_I10_W,L10W-103,PM,48,48,69.66658031088072,7494.06341968912,28511.21243523316,28666.115581417354,28511.21243523316,28666.115581417354,0.5433060643635456,0.5433060643635456
D7_I10_W,L10W-103,NT,132,2,69.66658031088072,7494.06341968912,1130.3316062176166,1247.3317528445998,38970.89025693071,46421.27459931027,19.1178192062332,10.350957717487537
D7_I10_W,L10W-107,AM,36,36,67.57981865284975,6043.813989637306,14011.56994818653,16989.915527659756,14011.56994818653,16989.915527659756,21.25633023627522,21.25633023627522
D7_I10_W,L10W-107,MD,72,19,67.57981865284975,6043.813989637306,7471.766839378238,9514.748822486476,28378.533678756477,34926.660459371924,23.074225239189243,27.342689179501274
D7_I10_W,L10W-107,PM,48,0,67.57981865284975,6043.813989637306,0.0,0.0,20403.62176165803,21061.346456880878,3.223568359117637,
D7_I10_W,L10W-107,NT,132,0,67.57981865284975,6043.813989637306,0.0,0.0,25345.51631857272,41592.05241865233,64.1002372801317,
D7_I10_W,L10W-109,AM,36,36,68.6060621761658,6130.82238341969,14076.886010362696,17365.419543110424,14076.886010362696,17365.419543110424,23.36122868599543,23.36122868599543
D7_I10_W,L10W-109,MD,72,21,68.6060621761658,6130.82238341969,8776.953367875649,10638.113620480568,31232.04663212435,35588.2365795678,13.947820963365237,21.205083069222113
D7_I10_W,L10W-109,PM,48,0,68.6060621761658,6130.82238341969,0.0,0.0,22425.326424870465,21595.22572755755,-3.7016214684496394,
D7_I10_W,L10W-109,NT,132,0,68.6060621761658,6130.82238341969,0.0,0.0,29301.86958495807,39633.48356573373,35.259231329318766,
D7_I10_W,L10W-113,AM,36,36,65.25312843865177,5889.9220725388595,13668.839378238343,15813.512706021633,13668.839378238343,15813.512706021633,15.690237250119024,15.690237250119024
D7_I10_W,L10W-113,MD,72,26,65.25312843865177,5889.9220725388595,11513.316062176167,12448.503251136743,31376.0518134715,34567.23800836375,10.170770413892845,8.122657138136558
D7_I10_W,L10W-113,PM,48,0,65.25312843865177,5889.9220725388595,0.0,0.0,20808.896373056992,22152.786916637735,6.458249969089133,
D7_I10_W,L10W-113,NT,132,0,65.25312843865177,5889.9220725388595,0.0,0.0,35417.36427007104,38785.341035631354,9.509394148808461,
D7_I10_W,L10W-116,AM,36,0,68.10451030927834,9731.76,0.0,0.0,27683.56994818653,28521.184099970902,3.025672459701106,
D7_I10_W,L10W-116,MD,72,0,68.10451030927834,9731.76,0.0,0.0,52292.331606217616,56038.386320026744,7.163678877466076,
D7_I10_W,L10W-116,PM,48,0,68.10451030927834,9731.76,0.0,0.0,33950.26943005181,35122.271623968336,3.4521145593003766,
D7_I10_W,L10W-116,NT,132,0,68.10451030927834,9731.76,0.0,0.0,73976.74758292825,53160.54496514766,-28.13884537765808,
D7_I10_W,L10W-124,AM,36,15,71.95307956305747,5898.561139896373,6648.0103626943,7333.314605533751,16497.160621761657,16858.25018135744,2.18879822943268,10.308411170431924
D7_I10_W,L10W-124,MD,72,3,71.95307956305747,5898.561139896373,1258.3056994818653,1469.6107926213322,30024.27979274611,32273.101635533538,7.4900109455106545,16.792826514771118
D7_I10_W,L10W-124,PM,48,0,71.95307956305747,5898.561139896373,0.0,0.0,20202.072538860102,18895.593011532677,-6.4670569062373175,
D7_I10_W,L10W-124,NT,132,0,71.95307956305747,5898.561139896373,0.0,0.0,26519.478767159868,32690.84850335008,23.271082325465862,
D7_I10_W,L10W-125,AM,36,16,67.61723799476523,5215.561243523316,6181.373056994818,6890.419666758372,14369.404145077719,14804.251096955524,3.0262003036971,11.470697581683718
D7_I10_W,L10W-125,MD,72,3,67.61723799476523,5215.561243523316,1111.8860103626944,1296.8092912651675,26715.39378238342,28481.008813994384,6.608979998547652,16.63149632057621
D7_I10_W,L10W-125,PM,48,0,67.61723799476523,5215.561243523316,0.0,0.0,18054.699481865282,16606.256359440715,-8.0225268987691,
D7_I10_W,L10W-125,NT,132,0,67.61723799476523,5215.561243523316,0.0,0.0,23246.437610170397,22814.738654960434,-1.8570542396616176,
D7_I10_W,L10W-129,AM,36,20,63.442494658405,5649.763212435233,8349.725388601037,9104.577076201842,15488.740932642484,16031.708261614682,3.505561435454675,9.040437289486448
D7_I10_W,L10W-129,MD,72,12,63.442494658405,5649.763212435233,4867.098445595855,5608.529915567884,29114.14507772021,31642.637693736942,8.684756530775399,15.233541672922934
D7_I10_W,L10W-129,PM,48,0,63.442494658405,5649.763212435233,0.0,0.0,19512.64766839378,19545.174698750827,0.16669716437166837,
D7_I10_W,L10W-129,NT,132,0,63.442494658405,5649.763212435233,0.0,0.0,25642.87938678489,26248.250337865007,2.3607760343485276,
D7_I10_W,L10W-140,AM,36,33,69.76818652849731,7429.546321243523,15748.948186528498,16064.678708967049,17558.906735751294,17867.116097673952,1.7552878807375851,2.004772120011315
D7_I10_W,L10W-140,MD,72,72,69.76818652849731,7429.546321243523,37596.66839378238,40451.78165194653,37596.66839378238,40451.78165194653,7.594059208278998,7.594059208278998
D7_I10_W,L10W-140,PM,48,1,69.76818652849731,7429.546321243523,538.8963730569948,618.5922422339789,26097.26943005181,28082.29948928705,7.606274919127809,14.788718789271824
D7_I10_W,L10W-140,NT,132,0,69.76818652849731,7429.546321243523,0.0,0.0,38912.63236472411,44885.90019653287,15.350459397919774,
D7_I10_W,L10W-142,AM,36,33,69.76818652849731,7429.546321243523,15748.948186528498,16064.678708967049,17558.906735751294,17867.116097673952,1.7552878807375851,2.004772120011315
D7_I10_W,L10W-142,MD,72,72,69.76818652849731,7429.546321243523,37596.66839378238,40451.78165194653,37596.66839378238,40451.78165194653,7.594059208278998,7.594059208278998
D7_I10_W,L10W-142,PM,48,1,69.76818652849731,7429.546321243523,538.8963730569948,618.5922422339789,26097.26943005181,28082.29948928705,7.606274919127809,14.788718789271824
D7_I10_W,L10W-142,NT,132,0,69.76818652849731,7429.546321243523,0.0,0.0,38912.63236472411,44885.90019653287,15.350459397919774,
D7_I10_W,L10W-144,AM,36,33,70.46818652849736,7423.443730569948,15747.134715025904,16053.454649059855,17557.108808290155,17854.281328725985,1.6926051075989819,1.9452423541005233
D7_I10_W,L10W-144,MD,72,72,70.46818652849736,7423.443730569948,37589.26424870466,40420.444174156364,37589.26424870466,40420.444174156364,7.531884387838919,7.531884387838919
D7_I10_W,L10W-144,PM,48,1,70.46818652849736,7423.443730569948,538.4974093264248,618.0988457551416,26094.854922279792,28056.519129257755,7.517436723907951,14.782139161688015
D7_I10_W,L10W-144,NT,132,0,70.46818652849736,7423.443730569948,0.0,0.0,38899.41984936703,44775.50943370443,15.105854038676666,
D7_I10_W,L10W-145,AM,36,0,65.34072164948451,1503.600310880829,0.0,0.0,4282.564766839378,3120.565979817583,-27.133244919477868,
D7_I10_W,L10W-145,MD,72,0,65.34072164948451,1503.600310880829,0.0,0.0,8217.23834196891,6874.594216865802,-16.339359639182632,
D7_I10_W,L10W-145,PM,48,0,65.34072164948451,1503.600310880829,0.0,0.0,5920.046632124352,4920.434080396535,-16.885214151921563,
D7_I10_W,L10W-145,NT,132,0,65.34072164948451,1503.600310880829,0.0,0.0,6047.798221248864,6171.685030100314,2.0484613460841876,
D7_I10_W,L10W-147,AM,36,21,69.49720207253885,5743.34829015544,8873.746113989637,9456.5831578996,15737.725388601039,16211.28493382376,3.0090723629332343,6.568105920802821
D7_I10_W,L10W-147,MD,72,13,69.49720207253885,5743.34829015544,5294.673575129534,6110.2669525272995,28933.27461139896,32722.92135652715,13.09788399697823,15.404035127468882
D7_I10_W,L10W-147,PM,48,0,69.49720207253885,5743.34829015544,0.0,0.0,19276.61139896373,20709.098821530515,7.431220108757247,
D7_I10_W,L10W-147,NT,132,0,69.49720207253885,5743.34829015544,0.0,0.0,25393.488942898344,35097.59576443903,38.21494101642373,
D7_I10_W,L10W-150,AM,36,0,68.93284386517814,6279.676476683938,0.0,0.0,17789.720207253882,16911.725847767055,-4.93540285770666,
D7_I10_W,L10W-150,MD,72,0,68.93284386517814,6279.676476683938,0.0,0.0,34847.05699481865,35414.492152781124,1.6283589114766326,
D7_I10_W,L10W-150,PM,48,0,68.93284386517814,6279.676476683938,0.0,0.0,23936.943005181343,24193.81467685344,1.0731181154439546,
D7_I10_W,L10W-150,NT,132,0,68.93284386517814,6279.676476683938,0.0,0.0,31185.925511457724,34525.57606380808,10.708838995730202,
D7_I10_W,L10W-159,AM,36,0,68.93284386517814,6279.676476683938,0.0,0.0,17789.720207253882,16911.725847767055,-4.93540285770666,
D7_I10_W,L10W-159,MD,72,0,68.93284386517814,6279.676476683938,0.0,0.0,34847.05699481865,35414.492152781124,1.6283589114766326,
D7_I10_W,L10W-159,PM,48,0,68.93284386517814,6279.676476683938,0.0,0.0,23936.943005181343,24193.81467685344,1.0731181154439546,
D7_I10_W,L10W-159,NT,132,0,68.93284386517814,6279.676476683938,0.0,0.0,31185.925511457724,34525.57606380808,10.708838995730202,
D7_I10_W,L10W-161,AM,36,0,65.34072164948451,1503.600310880829,0.0,0.0,4282.564766839378,3120.565979817583,-27.133244919477868,
D7_I10_W,L10W-161,MD,72,0,65.34072164948451,1503.600310880829,0.0,0.0,8217.23834196891,6874.594216865802,-16.339359639182632,
D7_I10_W,L10W-161,PM,48,0,65.34072164948451,1503.600310880829,0.0,0.0,5920.046632124352,4920.434080396535,-16.885214151921563,
D7_I10_W,L10W-161,NT,132,0,65.34072164948451,1503.600310880829,0.0,0.0,6047.798221248864,6171.685030100314,2.0484613460841876,
D7_I10_W,L10W-164,AM,36,0,65.80300518134716,5817.013989637306,0.0,0.0,15794.875647668394,17136.016307279115,8.490985871159404,
D7_I10_W,L10W-164,MD,72,0,65.80300518134716,5817.013989637306,0.0,0.0,31884.766839378237,33844.24973933477,6.145514282188637,
D7_I10_W,L10W-164,PM,48,0,65.80300518134716,5817.013989637306,0.0,0.0,22322.20207253886,22488.434613833368,0.7446959791615206,
D7_I10_W,L10W-164,NT,132,0,65.80300518134716,5817.013989637306,0.0,0.0,31472.772848672616,34405.000383612445,9.316711778268047,
D7_I10_W,L10W-169,AM,36,33,69.39608808290157,5725.656373056995,15100.082901554404,15574.251776655694,16455.22279792746,16986.746722236243,3.230122927145825,3.1401739857499646
D7_I10_W,L10W-169,MD,72,10,69.39608808290157,5725.656373056995,4457.347150259067,4741.801980502534,31999.005181347144,33192.93438881096,3.731144767462269,6.381706890990843
D7_I10_W,L10W-169,PM,48,0,69.39608808290157,5725.656373056995,0.0,0.0,21307.953367875645,21041.002694616822,-1.252821745242245,
D7_I10_W,L10W-169,NT,132,0,69.39608808290157,5725.656373056995,0.0,0.0,28398.99780994605,36113.020903703116,27.16301168576949,
D7_I10_W,L10W-175,AM,36,0,65.27256476683931,1501.121347150259,0.0,0.0,4279.989637305698,3055.397115522503,-28.612044083220955,
D7_I10_W,L10W-175,MD,72,0,65.27256476683931,1501.121347150259,0.0,0.0,8222.336787564767,6798.387288934981,-17.31806340970279,
D7_I10_W,L10W-175,PM,48,0,65.27256476683931,1501.121347150259,0.0,0.0,5914.036269430051,4887.631678216975,-17.355398994061172,
D7_I10_W,L10W-175,NT,132,0,65.27256476683931,1501.121347150259,0.0,0.0,6048.578601570429,5786.790307453573,-4.328096092673505,
D7_I10_W,L10W-176,AM,36,28,63.9110014155227,4675.189740932642,9474.974093264249,10831.80346426743,12369.284974093265,13922.236094205431,12.554898066983904,14.320138056818013
D7_I10_W,L10W-176,MD,72,0,63.9110014155227,4675.189740932642,0.0,0.0,25112.590673575127,27349.364023225906,8.906979684913342,
D7_I10_W,L10W-176,PM,48,0,63.9110014155227,4675.189740932642,0.0,0.0,17782.803108808286,17140.135473848488,-3.6139838642281785,
D7_I10_W,L10W-176,NT,132,0,63.9110014155227,4675.189740932642,0.0,0.0,28653.65998077026,27477.803229059013,-4.103687809865737,
D7_I10_W,L10W-189,AM,36,0,69.32577132631795,6283.735336787565,0.0,0.0,17788.32124352331,16913.554691271558,-4.917645348743931,
D7_I10_W,L10W-189,MD,72,0,69.32577132631795,6283.735336787565,0.0,0.0,34845.06735751295,35438.93647359807,1.7043132963181915,
D7_I10_W,L10W-189,PM,48,0,69.32577132631795,6283.735336787565,0.0,0.0,23936.98445595855,24209.38663168028,1.1379970447945145,
D7_I10_W,L10W-189,NT,132,0,69.32577132631795,6283.735336787565,0.0,0.0,31195.48507024197,34471.91629794429,10.502902007533702,
D7_I10_W,L10W-190,AM,36,0,67.0283419689119,4662.246735751295,0.0,0.0,11650.922279792745,11257.498615575969,-3.376759837280235,
D7_I10_W,L10W-190,MD,72,0,67.0283419689119,4662.246735751295,0.0,0.0,17317.226252158893,20835.49659646918,20.31659281388481,
D7_I10_W,L10W-190,PM,48,0,67.0283419689119,4662.246735751295,0.0,0.0,10770.6908462867,13164.753842517046,22.22757138234752,
D7_I10_W,L10W-190,NT,132,0,67.0283419689119,4662.246735751295,0.0,0.0,18439.8622491676,24701.73951811985,33.95837335625932,
D7_I10_W,L10W-191,AM,36,0,66.8180829015544,4483.236683937824,0.0,0.0,11962.875647668392,12521.21907629436,4.667301116139164,
D7_I10_W,L10W-191,MD,72,0,66.8180829015544,4483.236683937824,0.0,0.0,20527.673575129535,23666.514070419427,15.290775565979283,
D7_I10_W,L10W-191,PM,48,0,66.8180829015544,4483.236683937824,0.0,0.0,12657.751295336786,13662.503320489313,7.9378398398670225,
D7_I10_W,L10W-191,NT,132,0,66.8180829015544,4483.236683937824,0.0,0.0,22975.568425831952,25857.60429369551,12.54391540808722,
D7_I10_W,L10W-196,AM,36,0,64.54922493456543,5285.672642487047,0.0,0.0,14919.124352331608,15416.801183325359,3.3358313748217543,
D7_I10_W,L10W-196,MD,72,0,64.54922493456543,5285.672642487047,0.0,0.0,27457.067357512955,30560.919193381476,11.304382203146062,
D7_I10_W,L10W-196,PM,48,0,64.54922493456543,5285.672642487047,0.0,0.0,19038.663212435233,19084.694367247568,0.24177724191407451,
D7_I10_W,L10W-196,NT,132,0,64.54922493456543,5285.672642487047,0.0,0.0,27912.960098285344,35050.581533953315,25.57099429990739,
D7_I10_W,L10W-197,AM,36,0,65.27256476683931,1501.121347150259,0.0,0.0,4279.989637305698,3055.397115522503,-28.612044083220955,
D7_I10_W,L10W-197,MD,72,0,65.27256476683931,1501.121347150259,0.0,0.0,8222.336787564767,6798.387288934981,-17.31806340970279,
D7_I10_W,L10W-197,PM,48,0,65.27256476683931,1501.121347150259,0.0,0.0,5914.036269430051,4887.631678216975,-17.355398994061172,
D7_I10_W,L10W-197,NT,132,0,65.27256476683931,1501.121347150259,0.0,0.0,6048.578601570429,5786.790307453573,-4.328096092673505,
D7_I10_W,L10W-198,AM,36,33,70.46818652849736,7423.443730569948,15747.134715025904,16053.454649059855,17557.108808290155,17854.281328725985,1.6926051075989819,1.9452423541005233
D7_I10_W,L10W-198,MD,72,72,70.46818652849736,7423.443730569948,37589.26424870466,40420.444174156364,37589.26424870466,40420.444174156364,7.531884387838919,7.531884387838919
D7_I10_W,L10W-198,PM,48,1,70.46818652849736,7423.443730569948,538.4974093264248,618.0988457551416,26094.854922279792,28056.519129257755,7.517436723907951,14.782139161688015
D7_I10_W,L10W-198,NT,132,0,70.46818652849736,7423.443730569948,0.0,0.0,38899.41984936703,44775.50943370443,15.105854038676666,
D7_I10_W,L10W-204,AM,36,0,68.99997235724587,6277.251606217616,0.0,0.0,17793.730569948184,16892.484741326953,-5.064962769208974,
D7_I10_W,L10W-204,MD,72,0,68.99997235724587,6277.251606217616,0.0,0.0,34845.25388601036,35391.81663102993,1.5685428690160912,
D7_I10_W,L10W-204,PM,48,0,68.99997235724587,6277.251606217616,0.0,0.0,23936.39378238342,24181.459990362335,1.023822595027982,
D7_I10_W,L10W-204,NT,132,0,68.99997235724587,6277.251606217616,0.0,0.0,31189.858180652744,34140.27793622691,9.459548480423441,
D7_I10_W,L10W-208,AM,36,0,68.93284386517814,6279.676476683938,0.0,0.0,17789.720207253882,16911.725847767055,-4.93540285770666,
D7_I10_W,L10W-208,MD,72,0,68.93284386517814,6279.676476683938,0.0,0.0,34847.05699481865,35414.492152781124,1.6283589114766326,
D7_I10_W,L10W-208,PM,48,0,68.93284386517814,6279.676476683938,0.0,0.0,23936.943005181343,24193.81467685344,1.0731181154439546,
D7_I10_W,L10W-208,NT,132,0,68.93284386517814,6279.676476683938,0.0,0.0,31185.925511457724,34525.57606380808,10.708838995730202,
D7_I10_W,L10W-212,AM,36,0,69.32577132631795,6283.735336787565,0.0,0.0,17788.32124352331,16913.554691271558,-4.917645348743931,
D7_I10_W,L10W-212,MD,72,0,69.32577132631795,6283.735336787565,0.0,0.0,34845.06735751295,35438.93647359807,1.7043132963181915,
D7_I10_W,L10W-212,PM,48,0,69.32577132631795,6283.735336787565,0.0,0.0,23936.98445595855,24209.38663168028,1.1379970447945145,
D7_I10_W,L10W-212,NT,132,0,69.32577132631795,6283.735336787565,0.0,0.0,31195.48507024197,34471.91629794429,10.502902007533702,
D7_I10_W,L10W-216,AM,36,33,71.5681865284974,6480.258341968912,13748.222797927461,14014.711898511629,15328.20207253886,15586.985990889887,1.6882861872929662,1.9383530838934355
D7_I10_W,L10W-216,MD,72,72,71.5681865284974,6480.258341968912,32815.78238341969,35278.913422045545,32815.78238341969,35278.913422045545,7.505934217403766,7.505934217403766
D7_I10_W,L10W-216,PM,48,1,71.5681865284974,6480.258341968912,470.2849740932643,539.533616920151,22781.124352331608,24498.181379102265,7.537191756713796,14.724825720915694
D7_I10_W,L10W-216,NT,132,0,71.5681865284974,6480.258341968912,0.0,0.0,33961.15076651888,39228.00939891981,15.508481054161875,
D7_I10_W,L10W-220,AM,36,0,65.89207253886013,1501.64207253886,0.0,0.0,4275.81347150259,3060.762960421006,-28.416826860658063,
D7_I10_W,L10W-220,MD,72,0,65.89207253886013,1501.64207253886,0.0,0.0,8233.80310880829,6812.333988303803,-17.263822096788285,
D7_I10_W,L10W-220,PM,48,0,65.89207253886013,1501.64207253886,0.0,0.0,5901.740932642487,4889.344676332425,-17.154196835555858,
D7_I10_W,L10W-220,NT,132,0,65.89207253886013,1501.64207253886,0.0,0.0,6040.639549169381,6133.900158872832,1.5438863541572374,
D7_I10_W,L10W-221,AM,36,34,68.63453367875648,6422.02725388601,16575.673575129535,18090.669793915724,17547.051813471502,19160.95375325248,9.19756752836353,9.139877253973674
D7_I10_W,L10W-221,MD,72,0,68.63453367875648,6422.02725388601,0.0,0.0,33450.0932642487,37382.277230157124,11.755375193859686,
D7_I10_W,L10W-221,PM,48,0,68.63453367875648,6422.02725388601,0.0,0.0,23475.430051813473,22857.56316259966,-2.631972610725749,
D7_I10_W,L10W-221,NT,132,0,68.63453367875648,6422.02725388601,0.0,0.0,30756.447011377593,43651.60868735827,41.926694820147546,
D7_I10_W,L10W-223,AM,36,0,65.34072164948451,1503.600310880829,0.0,0.0,4282.564766839378,3120.565979817583,-27.133244919477868,
D7_I10_W,L10W-223,MD,72,0,65.34072164948451,1503.600310880829,0.0,0.0,8217.23834196891,6874.594216865802,-16.339359639182632,
D7_I10_W,L10W-223,PM,48,0,65.34072164948451,1503.600310880829,0.0,0.0,5920.046632124352,4920.434080396535,-16.885214151921563,
D7_I10_W,L10W-223,NT,132,0,65.34072164948451,1503.600310880829,0.0,0.0,6047.798221248864,6171.685030100314,2.0484613460841876,
D7_I10_W,L10W-232,AM,36,25,66.9352411730143,5444.219999999999,10003.554404145078,11275.25055292216,14495.901554404143,16260.32842006633,12.171901547759328,12.712442971771528
D7_I10_W,L10W-232,MD,72,0,66.9352411730143,5444.219999999999,0.0,0.0,28937.730569948184,31224.79101987665,7.9033856659912995,
D7_I10_W,L10W-232,PM,48,0,66.9352411730143,5444.219999999999,0.0,0.0,20308.533678756477,19021.479671308018,-6.337503375710324,
D7_I10_W,L10W-232,NT,132,0,66.9352411730143,5444.219999999999,0.0,0.0,27481.253618930612,36211.34756623185,31.767451617590936,
D7_I10_W,L10W-236,AM,36,34,67.63646907216494,6569.132642487046,15079.0207253886,18327.46482480668,15978.347150259066,19420.408794730803,21.542038185194457,21.5428054551889
D7_I10_W,L10W-236,MD,72,5,67.63646907216494,6569.132642487046,2163.523316062176,2734.500089793948,33005.46632124352,38097.62923568148,15.428241082479301,26.391061722921737
D7_I10_W,L10W-236,PM,48,0,67.63646907216494,6569.132642487046,0.0,0.0,24109.47668393782,22560.105141060943,-6.4264005527299455,
D7_I10_W,L10W-236,NT,132,0,67.63646907216494,6569.132642487046,0.0,0.0,31473.819267133167,40509.41465113599,28.708290237398437,
D7_I10_W,L10W-237,AM,36,34,62.93566850061427,5364.386113989637,12604.849740932641,14548.66003039344,13435.735751295335,15438.616251062705,14.907114406252544,15.421130195217817
D7_I10_W,L10W-237,MD,72,22,62.93566850061427,5364.386113989637,9340.62694300518,9792.19777132402,29678.9585492228,31563.300242064266,6.349082936034531,4.834480930179991
D7_I10_W,L10W-237,PM,48,0,62.93566850061427,5364.386113989637,0.0,0.0,19419.854922279792,19921.392755336426,2.58260339772794,
D7_I10_W,L10W-237,NT,132,0,62.93566850061427,5364.386113989637,0.0,0.0,36274.42305432403,33811.55713474664,-6.789538501795153,
D7_I10_W,L10W-239,AM,36,0,68.61582901554405,6717.778134715026,0.0,0.0,18137.507772020723,19595.23646794715,8.037094810650604,
D7_I10_W,L10W-239,MD,72,0,68.61582901554405,6717.778134715026,0.0,0.0,36366.54922279793,38440.55154215811,5.703049543287445,
D7_I10_W,L10W-239,PM,48,0,68.61582901554405,6717.778134715026,0.0,0.0,25685.502590673575,26606.590400347508,3.586022140008193,
D7_I10_W,L10W-239,NT,132,0,68.61582901554405,6717.778134715026,0.0,0.0,34074.97764542492,40859.21778054057,19.909741998103815,
D7_I10_W,L10W-241,AM,36,0,68.99404145077715,6081.454818652849,0.0,0.0,17240.47150259067,16233.052423817779,-5.843338325297598,
D7_I10_W,L10W-241,MD,72,0,68.99404145077715,6081.454818652849,0.0,0.0,34037.08808290155,34182.63731479869,0.42761951769385836,
D7_I10_W,L10W-241,PM,48,0,68.99404145077715,6081.454818652849,0.0,0.0,23342.585492227976,23877.14496275416,2.2900611018610895,
D7_I10_W,L10W-241,NT,132,0,68.99404145077715,6081.454818652849,0.0,0.0,31875.67205277495,38977.22691648769,22.278918078825306,
D7_I10_W,L10W-244,AM,36,0,65.27256476683931,1501.121347150259,0.0,0.0,4279.989637305698,3055.397115522503,-28.612044083220955,
D7_I10_W,L10W-244,MD,72,0,65.27256476683931,1501.121347150259,0.0,0.0,8222.336787564767,6798.387288934981,-17.31806340970279,
D7_I10_W,L10W-244,PM,48,0,65.27256476683931,1501.121347150259,0.0,0.0,5914.036269430051,4887.631678216975,-17.355398994061172,
D7_I10_W,L10W-244,NT,132,0,65.27256476683931,1501.121347150259,0.0,0.0,6048.578601570429,5786.790307453573,-4.328096092673505,
D7_I10_W,L10W-246,AM,36,0,69.62577132631802,6278.605492227979,0.0,0.0,17792.51813471502,16904.122826933006,-4.99308361557134,
D7_I10_W,L10W-246,MD,72,0,69.62577132631802,6278.605492227979,0.0,0.0,34841.66321243523,35405.36952908646,1.617908746819067,
D7_I10_W,L10W-246,PM,48,0,69.62577132631802,6278.605492227979,0.0,0.0,23942.97409326425,24186.153578159057,1.015661145301163,
D7_I10_W,L10W-246,NT,132,0,69.62577132631802,6278.605492227979,0.0,0.0,31183.093290956676,34414.26496289521,10.36193440397268,
D7_I10_W,L10W-248,AM,36,25,66.38458335558998,5285.372020725388,9904.549222797927,10980.448780411622,14195.046632124351,15821.019546680816,11.454509144596809,10.862680707742145
D7_I10_W,L10W-248,MD,72,0,66.38458335558998,5285.372020725388,0.0,0.0,27687.300518134714,30608.701912763237,10.551412885900719,
D7_I10_W,L10W-248,PM,48,0,66.38458335558998,5285.372020725388,0.0,0.0,19049.735751295335,18211.456818509854,-4.400475385746386,
D7_I10_W,L10W-248,NT,132,0,66.38458335558998,5285.372020725388,0.0,0.0,27625.576545056352,34373.62840331335,24.42682724558222,
D7_I10_W,L10W-251,AM,36,30,70.07247409326418,6411.626113989637,14518.655440414506,15620.639631506998,17674.813471502588,18676.62660326738,5.668026615273955,7.590125653268
D7_I10_W,L10W-251,MD,72,48,70.07247409326418,6411.626113989637,23724.582901554404,25366.25508511553,36215.46373056994,38147.43083152589,5.334646866126272,6.919709359583995
D7_I10_W,L10W-251,PM,48,0,70.07247409326418,6411.626113989637,0.0,0.0,25018.91450777202,24567.707452455757,-1.8034637560958027,
D7_I10_W,L10W-251,NT,132,0,70.07247409326418,6411.626113989637,0.0,0.0,35041.256570161844,37580.010078717816,7.245041294317507,
D7_I10_W,L10W-253,AM,36,0,65.34072164948451,1503.600310880829,0.0,0.0,4282.564766839378,3120.565979817583,-27.133244919477868,
D7_I10_W,L10W-253,MD,72,0,65.34072164948451,1503.600310880829,0.0,0.0,8217.23834196891,6874.594216865802,-16.339359639182632,
D7_I10_W,L10W-253,PM,48,0,65.34072164948451,1503.600310880829,0.0,0.0,5920.046632124352,4920.434080396535,-16.885214151921563,
D7_I10_W,L10W-253,NT,132,0,65.34072164948451,1503.600310880829,0.0,0.0,6047.798221248864,6171.685030100314,2.0484613460841876,
D7_I10_W,L10W-259,AM,36,0,69.45212435233162,7111.336787564767,0.0,0.0,19979.37305699482,18660.97813544317,-6.598780240954951,
D7_I10_W,L10W-259,MD,72,2,69.45212435233162,7111.336787564767,1176.0362694300518,1184.5289151066384,40436.04145077719,40436.4886873308,0.001106034462226436,0.7221414761895392
D7_I10_W,L10W-259,PM,48,48,69.45212435233162,7111.336787564767,26683.274611398963,27283.141230180994,26683.274611398963,27283.141230180994,2.2480997085933776,2.2480997085933776
D7_I10_W,L10W-259,NT,132,1,69.45212435233162,7111.336787564767,534.0,592.5381717404882,36556.47241066182,48623.23158196354,33.00854370123088,10.96220444578431
D7_I10_W,L10W-260,AM,36,33,70.46818652849736,7423.443730569948,15747.134715025904,16053.454649059855,17557.108808290155,17854.281328725985,1.6926051075989819,1.9452423541005233
D7_I10_W,L10W-260,MD,72,72,70.46818652849736,7423.443730569948,37589.26424870466,40420.444174156364,37589.26424870466,40420.444174156364,7.531884387838919,7.531884387838919
D7_I10_W,L10W-260,PM,48,1,70.46818652849736,7423.443730569948,538.4974093264248,618.0988457551416,26094.854922279792,28056.519129257755,7.517436723907951,14.782139161688015
D7_I10_W,L10W-260,NT,132,0,70.46818652849736,7423.443730569948,0.0,0.0,38899.41984936703,44775.50943370443,15.105854038676666,
D7_I10_W,L10W-262,AM,36,28,66.42134715025907,6567.00310880829,13632.554404145078,15095.98165009067,17766.84455958549,19445.684929622978,9.449288332585354,10.734798501890648
D7_I10_W,L10W-262,MD,72,24,66.42134715025907,6567.00310880829,11118.336787564767,13095.606372128612,33516.51295336787,39263.51594377318,17.146780747750274,17.783861222618377
D7_I10_W,L10W-262,PM,48,0,66.42134715025907,6567.00310880829,0.0,0.0,23061.803108808293,25467.317742338353,10.430730945800548,
D7_I10_W,L10W-262,NT,132,0,66.42134715025907,6567.00310880829,0.0,0.0,32779.83892420276,45122.25360630439,37.652456775767405,
D7_I10_W,L10W-265,AM,36,0,68.93284386517814,6279.676476683938,0.0,0.0,17789.720207253882,16911.725847767055,-4.93540285770666,
D7_I10_W,L10W-265,MD,72,0,68.93284386517814,6279.676476683938,0.0,0.0,34847.05699481865,35414.492152781124,1.6283589114766326,
D7_I10_W,L10W-265,PM,48,0,68.93284386517814,6279.676476683938,0.0,0.0,23936.943005181343,24193.81467685344,1.0731181154439546,
D7_I10_W,L10W-265,NT,132,0,68.93284386517814,6279.676476683938,0.0,0.0,31185.925511457724,34525.57606380808,10.708838995730202,
D7_I10_W,L10W-268,AM,36,0,65.27256476683931,1501.121347150259,0.0,0.0,4279.989637305698,3055.397115522503,-28.612044083220955,
D7_I10_W,L10W-268,MD,72,0,65.27256476683931,1501.121347150259,0.0,0.0,8222.336787564767,6798.387288934981,-17.31806340970279,
D7_I10_W,L10W-268,PM,48,0,65.27256476683931,1501.121347150259,0.0,0.0,5914.036269430051,4887.631678216975,-17.355398994061172,
D7_I10_W,L10W-268,NT,132,0,65.27256476683931,1501.121347150259,0.0,0.0,6048.578601570429,5786.790307453573,-4.328096092673505,
D7_I10_W,L10W-269,AM,36,0,65.34072164948451,1503.600310880829,0.0,0.0,4282.564766839378,3120.565979817583,-27.133244919477868,
D7_I10_W,L10W-269,MD,72,0,65.34072164948451,1503.600310880829,0.0,0.0,8217.23834196891,6874.594216865802,-16.339359639182632,
D7_I10_W,L10W-269,PM,48,0,65.34072164948451,1503.600310880829,0.0,0.0,5920.046632124352,4920.434080396535,-16.885214151921563,
D7_I10_W,L10W-269,NT,132,0,65.34072164948451,1503.600310880829,0.0,0.0,6047.798221248864,6171.685030100314,2.0484613460841876,
D7_I10_W,L10W-273,AM,36,0,66.345,4513.634300518134,0.0,0.0,12633.512953367877,13326.340054719694,5.484041563966744,
D7_I10_W,L10W-273,MD,72,0,66.345,4513.634300518134,0.0,0.0,22534.24870466321,24920.779621720714,10.590683312036225,
D7_I10_W,L10W-273,PM,48,0,66.345,4513.634300518134,0.0,0.0,14921.777202072539,14972.295777069467,0.3385560199217495,
D7_I10_W,L10W-273,NT,132,0,66.345,4513.634300518134,0.0,0.0,23899.404732653165,25513.625427937353,6.754229711331337,
D7_I10_W,L10W-275,AM,36,0,68.62725388601041,6124.134093264249,0.0,0.0,17576.911917098445,17147.202040000047,-2.44474045910411,
D7_I10_W,L10W-275,MD,72,0,68.62725388601041,6124.134093264249,0.0,0.0,33481.21243523316,33983.99007635428,1.5016709508166954,
D7_I10_W,L10W-275,PM,48,0,68.62725388601041,6124.134093264249,0.0,0.0,22301.580310880825,22855.63113424014,2.484356783850852,
D7_I10_W,L10W-275,NT,132,0,68.62725388601041,6124.134093264249,0.0,0.0,30504.852785641793,34595.28221347407,13.409110532595605,
D7_I10_W,L10W-278,AM,36,30,64.93822472090164,5560.583316062176,13219.730569948188,13800.46825100911,15785.435233160622,16520.42320721977,4.656114723496196,4.392961550828326
D7_I10_W,L10W-278,MD,72,10,64.93822472090164,5560.583316062176,4240.274611398963,4611.4950210307725,30599.160621761654,32399.449117596094,5.883457125141213,8.754631330571655
D7_I10_W,L10W-278,PM,48,0,64.93822472090164,5560.583316062176,0.0,0.0,21040.497409326425,21037.36211273999,-0.014901247463120975,
D7_I10_W,L10W-278,NT,132,0,64.93822472090164,5560.583316062176,0.0,0.0,27342.18911917098,30966.91133049867,13.256883695483682,
D7_I10_W,L10W-280,AM,36,0,69.2793075957482,6279.132901554404,0.0,0.0,17791.119170984457,16907.8993053177,-4.964386204029259,
D7_I10_W,L10W-280,MD,72,0,69.2793075957482,6279.132901554404,0.0,0.0,34844.36010362694,35409.87794341952,1.6229824227241667,
D7_I10_W,L10W-280,PM,48,0,69.2793075957482,6279.132901554404,0.0,0.0,23939.9585492228,24189.94595272781,1.0442265511488307,
D7_I10_W,L10W-280,NT,132,0,69.2793075957482,6279.132901554404,0.0,0.0,31184.5094012072,34471.5698946447,10.540683680950432,
D7_I10_W,L10W-282,AM,36,12,63.57292746113989,5441.373886010363,5197.642487046633,5439.346238159998,15688.005181347151,16195.468031386228,3.2347187814703457,4.650257337162583
D7_I10_W,L10W-282,MD,72,0,63.57292746113989,5441.373886010363,0.0,0.0,28698.25388601036,32336.92606505604,12.67907167278716,
D7_I10_W,L10W-282,PM,48,0,63.57292746113989,5441.373886010363,0.0,0.0,19320.683937823836,20333.71323971577,5.243237274373809,
D7_I10_W,L10W-282,NT,132,0,63.57292746113989,5441.373886010363,0.0,0.0,31157.057662518026,32411.842463764217,4.027289145328053,
D7_I10_W,L10W-286,AM,36,0,68.93284386517814,6279.676476683938,0.0,0.0,17789.720207253882,16911.725847767055,-4.93540285770666,
D7_I10_W,L10W-286,MD,72,0,68.93284386517814,6279.676476683938,0.0,0.0,34847.05699481865,35414.492152781124,1.6283589114766326,
D7_I10_W,L10W-286,PM,48,0,68.93284386517814,6279.676476683938,0.0,0.0,23936.943005181343,24193.81467685344,1.0731181154439546,
D7_I10_W,L10W-286,NT,132,0,68.93284386517814,6279.676476683938,0.0,0.0,31185.925511457724,34525.57606380808,10.708838995730202,
D7_I10_W,L10W-287,AM,36,0,68.93284386517814,6279.676476683938,0.0,0.0,17789.720207253882,16911.725847767055,-4.93540285770666,
D7_I10_W,L10W-287,MD,72,0,68.93284386517814,6279.676476683938,0.0,0.0,34847.05699481865,35414.492152781124,1.6283589114766326,
D7_I10_W,L10W-287,PM,48,0,68.93284386517814,6279.676476683938,0.0,0.0,23936.943005181343,24193.81467685344,1.0731181154439546,
D7_I10_W,L10W-287,NT,132,0,68.93284386517814,6279.676476683938,0.0,0.0,31185.925511457724,34525.57606380808,10.708838995730202,
D7_I10_W,L10W-288,AM,36,30,69.53401120399548,7439.164041450777,16525.494818652845,17263.72907498695,20190.702072538857,20822.768700111177,3.1304836518388646,4.467244487595229
D7_I10_W,L10W-288,MD,72,72,69.53401120399548,7439.164041450777,41622.71243523316,43853.990512035474,41622.71243523316,43853.990512035474,5.3607224187378115,5.3607224187378115
D7_I10_W,L10W-288,PM,48,37,69.53401120399548,7439.164041450777,21423.585492227976,22903.46430374535,27796.12953367876,29689.42660440194,6.811369433392499,6.9077083854812384
D7_I10_W,L10W-288,NT,132,0,69.53401120399548,7439.164041450777,0.0,0.0,43079.244658405,45580.01903519075,5.805056232103269,
D7_I10_W,L10W-289,AM,36,0,68.93284386517814,6279.676476683938,0.0,0.0,17789.720207253882,16911.725847767055,-4.93540285770666,
D7_I10_W,L10W-289,MD,72,0,68.93284386517814,6279.676476683938,0.0,0.0,34847.05699481865,35414.492152781124,1.6283589114766326,
D7_I10_W,L10W-289,PM,48,0,68.93284386517814,6279.676476683938,0.0,0.0,23936.943005181343,24193.81467685344,1.0731181154439546,
D7_I10_W,L10W-289,NT,132,0,68.93284386517814,6279.676476683938,0.0,0.0,31185.925511457724,34525.57606380808,10.708838995730202,
D7_I10_W,L10W-291,AM,36,16,70.00652849740933,5888.824352331607,7140.694300518135,7832.357019015135,16290.321243523314,17622.073971966136,8.175116429777578,9.686211023580894
D7_I10_W,L10W-291,MD,72,0,70.00652849740933,5888.824352331607,0.0,0.0,29286.170984455955,33690.21614840406,15.037968487876462,
D7_I10_W,L10W-291,PM,48,0,70.00652849740933,5888.824352331607,0.0,0.0,18876.943005181347,20999.874345042845,11.246160669546946,
D7_I10_W,L10W-291,NT,132,0,70.00652849740933,5888.824352331607,0.0,0.0,27283.146413118957,37622.34885275354,37.89593136758974,
D7_I10_W,L10W-292,AM,36,10,66.99834196891192,5522.18207253886,4443.4611398963725,4598.079105607726,16121.290155440416,16523.563897842814,2.495294970338609,3.479674083859758
D7_I10_W,L10W-292,MD,72,0,66.99834196891192,5522.18207253886,0.0,0.0,30597.03626943005,31746.643091405545,3.7572489435000778,
D7_I10_W,L10W-292,PM,48,0,66.99834196891192,5522.18207253886,0.0,0.0,19942.803108808286,20032.91508661793,0.4518521158635074,
D7_I10_W,L10W-292,NT,132,0,66.99834196891192,5522.18207253886,0.0,0.0,28068.72394637038,36076.32473963492,28.528553020665605,
D7_I10_W,L10W-296,AM,36,36,68.54549222797928,6293.580932642487,15083.005181347151,16404.233589151616,15083.005181347151,16404.233589151616,8.759715931400738,8.759715931400738
D7_I10_W,L10W-296,MD,72,65,68.54549222797928,6293.580932642487,28090.82383419689,32392.567935036815,31249.238341968914,36062.51675539215,15.402866337893489,15.31369861642547
D7_I10_W,L10W-296,PM,48,11,68.54549222797928,6293.580932642487,5126.393782383419,5713.314494507535,22134.38341968912,24933.195536735366,12.644635560783819,11.4489978148194
D7_I10_W,L10W-296,NT,132,0,68.54549222797928,6293.580932642487,0.0,0.0,32954.93448533732,40981.31507971581,24.35562600784316,
D7_I10_W,L10W-297,AM,36,0,70.08749131990811,7189.347979274611,0.0,0.0,20151.68911917098,20311.04434907776,0.7907785246408028,
D7_I10_W,L10W-297,MD,72,0,70.08749131990811,7189.347979274611,0.0,0.0,32150.994818652853,38093.65089424263,18.483583817885666,
D7_I10_W,L10W-297,PM,48,0,70.08749131990811,7189.347979274611,0.0,0.0,20588.227979274612,21895.62753873879,6.35022868787099,
D7_I10_W,L10W-297,NT,132,0,70.08749131990811,7189.347979274611,0.0,0.0,27544.16233107206,38137.084794414695,38.45795829990791,
D7_I10_W,L10W-298,AM,36,20,69.55329082313982,6014.902694300518,9684.455958549222,9593.650654245266,17492.155440414506,16754.69238033545,-4.215964479570047,-0.9376397052412158
D7_I10_W,L10W-298,MD,72,39,69.55329082313982,6014.902694300518,18575.0829015544,18719.46048354142,34212.0414507772,35242.551266268834,3.0121260579386555,0.7772648055042536
D7_I10_W,L10W-298,PM,48,48,69.55329082313982,6014.902694300518,21152.326424870465,20186.923800045835,21152.326424870465,20186.923800045835,-4.564049388390346,-4.564049388390346
D7_I10_W,L10W-298,NT,132,4,69.55329082313982,6014.902694300518,1895.3005181347148,1991.0084223445913,35110.127744244426,38822.485929182854,10.57346817983877,5.049748221673504
D7_I10_W,L10W-301,AM,36,34,68.76481958762888,5783.940310880829,15291.575129533676,15623.53901248061,16192.751295336786,16584.710153264678,2.4205822147146083,2.170893973543577
D7_I10_W,L10W-301,MD,72,13,68.76481958762888,5783.940310880829,5664.088082901555,6077.171403299346,30980.68911917098,33294.40830935033,7.468262507910482,7.293024302443047
D7_I10_W,L10W-301,PM,48,0,68.76481958762888,5783.940310880829,0.0,0.0,20221.989637305698,20737.55926008948,2.549549436187309,
D7_I10_W,L10W-301,NT,132,0,68.76481958762888,5783.940310880829,0.0,0.0,27939.686848993108,32557.415847044365,16.52749017198692,
D7_I10_W,L10W-302,AM,36,0,69.49077720207255,6628.648290155441,0.0,0.0,19216.290155440412,19785.8526979331,2.9639568193730463,
D7_I10_W,L10W-302,MD,72,0,69.49077720207255,6628.648290155441,0.0,0.0,32350.528497409327,37637.13525579368,16.341639546345306,
D7_I10_W,L10W-302,PM,48,0,69.49077720207255,6628.648290155441,0.0,0.0,19124.093264248702,22246.06252274709,16.324796241894052,
D7_I10_W,L10W-302,NT,132,0,69.49077720207255,6628.648290155441,0.0,0.0,30116.764782864164,45620.97585705157,51.48033391358487,
D7_I10_W,L10W-304,AM,36,0,69.32577132631795,6283.735336787565,0.0,0.0,17788.32124352331,16913.554691271558,-4.917645348743931,
D7_I10_W,L10W-304,MD,72,0,69.32577132631795,6283.735336787565,0.0,0.0,34845.06735751295,35438.93647359807,1.7043132963181915,
D7_I10_W,L10W-304,PM,48,0,69.32577132631795,6283.735336787565,0.0,0.0,23936.98445595855,24209.38663168028,1.1379970447945145,
D7_I10_W,L10W-304,NT,132,0,69.32577132631795,6283.735336787565,0.0,0.0,31195.48507024197,34471.91629794429,10.502902007533702,
D7_I10_W,L10W-306,AM,36,34,65.90427461139899,6559.713575129534,14333.316062176165,18219.81636321328,15328.730569948188,19308.88122436468,25.96529853698084,27.115151052121867
D7_I10_W,L10W-306,MD,72,12,65.90427461139899,6559.713575129534,5420.9896373057,6555.350449155994,33387.9067357513,37773.17351221174,13.134296831387635,20.925345513371724
D7_I10_W,L10W-306,PM,48,0,65.90427461139899,6559.713575129534,0.0,0.0,23494.26424870466,22166.17891584448,-5.652806654430149,
D7_I10_W,L10W-306,NT,132,0,65.90427461139899,6559.713575129534,0.0,0.0,35282.273810159706,40543.55010554692,14.9119535880712,
D7_I10_W,L10W-310,AM,36,0,65.8810561668714,6277.128497409326,0.0,0.0,17352.886010362694,17450.15573836687,0.5605391976071804,
D7_I10_W,L10W-310,MD,72,0,65.8810561668714,6277.128497409326,0.0,0.0,35136.450777202066,35312.31944730321,0.5005305493611699,
D7_I10_W,L10W-310,PM,48,17,65.8810561668714,6277.128497409326,8575.974093264249,8879.848662134917,24224.44041450777,24981.360667638586,3.1246139856238035,3.5433242400922964
D7_I10_W,L10W-310,NT,132,0,65.8810561668714,6277.128497409326,0.0,0.0,34801.75380588644,36495.25959318683,4.866150702479675,
D7_I10_W,L10W-312,AM,36,33,69.5738860103627,5915.117720207254,15743.99481865285,16048.28950051645,17145.958549222796,17510.924182275296,2.128581099766177,1.9327666540075525
D7_I10_W,L10W-312,MD,72,10,69.5738860103627,5915.117720207254,4630.844559585492,4892.3931500178805,33041.9585492228,34211.46070458075,3.539445622194991,5.647967386229866
D7_I10_W,L10W-312,PM,48,0,69.5738860103627,5915.117720207254,0.0,0.0,21963.979274611396,21499.792860718575,-2.1133985244166738,
D7_I10_W,L10W-312,NT,132,0,69.5738860103627,5915.117720207254,0.0,0.0,29397.363228460017,38471.34151618102,30.86664003571705,
D7_I10_W,L10W-315,AM,36,33,69.91445595854921,5808.2384455958545,15021.0207253886,15537.963132920479,16371.305699481865,16967.43432398308,3.6413016496300776,3.441459917954443
D7_I10_W,L10W-315,MD,72,13,69.91445595854921,5808.2384455958545,5763.248704663212,6168.7685261519155,32010.673575129535,34104.90027991871,6.542276281297209,7.036306122978613
D7_I10_W,L10W-315,PM,48,0,69.91445595854921,5808.2384455958545,0.0,0.0,21887.81865284974,22331.55257676736,2.0273099432859594,
D7_I10_W,L10W-315,NT,132,0,69.91445595854921,5808.2384455958545,0.0,0.0,28318.510202446447,38259.561293372426,35.104428233894765,
D7_I10_W,L10W-336,AM,36,0,65.27256476683931,1501.121347150259,0.0,0.0,4279.989637305698,3055.397115522503,-28.612044083220955,
D7_I10_W,L10W-336,MD,72,0,65.27256476683931,1501.121347150259,0.0,0.0,8222.336787564767,6798.387288934981,-17.31806340970279,
D7_I10_W,L10W-336,PM,48,0,65.27256476683931,1501.121347150259,0.0,0.0,5914.036269430051,4887.631678216975,-17.355398994061172,
D7_I10_W,L10W-336,NT,132,0,65.27256476683931,1501.121347150259,0.0,0.0,6048.578601570429,5786.790307453573,-4.328096092673505,
D7_I10_W,L10W-361,AM,36,0,65.14880829015544,5829.6969948186525,0.0,0.0,15992.595854922278,16238.106838699652,1.535154055067363,
D7_I10_W,L10W-361,MD,72,0,65.14880829015544,5829.6969948186525,0.0,0.0,32185.761658031086,33489.03041932907,4.049209010944101,
D7_I10_W,L10W-361,PM,48,0,65.14880829015544,5829.6969948186525,0.0,0.0,22491.730569948188,22890.349250573992,1.7722899506826297,
D7_I10_W,L10W-361,NT,132,0,65.14880829015544,5829.6969948186525,0.0,0.0,32368.17309438598,34871.59024954853,7.7341935482813735,
D7_I10_W,L10W-364,AM,36,0,65.34072164948451,1503.600310880829,0.0,0.0,4282.564766839378,3120.565979817583,-27.133244919477868,
D7_I10_W,L10W-364,MD,72,0,65.34072164948451,1503.600310880829,0.0,0.0,8217.23834196891,6874.594216865802,-16.339359639182632,
D7_I10_W,L10W-364,PM,48,0,65.34072164948451,1503.600310880829,0.0,0.0,5920.046632124352,4920.434080396535,-16.885214151921563,
D7_I10_W,L10W-364,NT,132,0,65.34072164948451,1503.600310880829,0.0,0.0,6047.798221248864,6171.685030100314,2.0484613460841876,
D7_I10_W,L10W-365,AM,36,0,66.71059585492226,1452.2919170984455,0.0,0.0,4068.300518134715,2955.801439810566,-27.345548180747997,
D7_I10_W,L10W-365,MD,72,0,66.71059585492226,1452.2919170984455,0.0,0.0,7978.150259067357,6627.930713150502,-16.923967361761562,
D7_I10_W,L10W-365,PM,48,0,66.71059585492226,1452.2919170984455,0.0,0.0,5616.300518134715,4898.808655463026,-12.77516864268478,
D7_I10_W,L10W-365,NT,132,0,66.71059585492226,1452.2919170984455,0.0,0.0,6291.166524224133,7032.843511679146,11.789180664653937,
D7_I10_W,L10W-370,AM,36,0,69.97059585492228,7475.532124352331,0.0,0.0,20556.93264248705,19483.272965682914,-5.222859341306084,
D7_I10_W,L10W-370,MD,72,3,69.97059585492228,7475.532124352331,1853.4559585492227,1866.691201323418,42029.39378238341,42643.46944962786,1.4610623946278212,0.7140845571833853
D7_I10_W,L10W-370,PM,48,48,69.97059585492228,7475.532124352331,28477.352331606213,28522.5897748694,28477.352331606213,28522.5897748694,0.15885410531294364,0.15885410531294364
D7_I10_W,L10W-370,NT,132,2,69.97059585492228,7475.532124352331,1157.585492227979,1244.726888495812,39513.76427541264,46033.53820361536,16.50000714373759,7.5278583614687395
D7_I10_W,L10W-371,AM,36,31,68.89215025906738,6355.791917098446,13538.119170984457,16089.487924101744,15659.637305699482,18736.7758588094,19.650126583646756,18.84581396347509
D7_I10_W,L10W-371,MD,72,2,68.89215025906738,6355.791917098446,849.4559585492227,1058.7583493647553,32655.08808290155,36373.88031409481,11.388094320102121,24.63958121772411
D7_I10_W,L10W-371,PM,48,0,68.89215025906738,6355.791917098446,0.0,0.0,23410.81865284974,22465.220256689296,-4.039151343583357,
D7_I10_W,L10W-371,NT,132,0,68.89215025906738,6355.791917098446,0.0,0.0,29500.733774905188,39946.20247072236,35.40748774426288,
D7_I10_W,L10W-377,AM,36,35,67.95786643341704,5288.73450777202,11408.45595854922,14475.232722256173,11800.336787564764,14915.557188682018,26.399419416571945,26.881611103637415
D7_I10_W,L10W-377,MD,72,36,67.95786643341704,5288.73450777202,12493.720207253886,15639.872625552141,25824.746113989637,31146.442755862576,20.606965963510866,25.181870300501778
D7_I10_W,L10W-377,PM,48,0,67.95786643341704,5288.73450777202,0.0,0.0,18286.595854922278,19910.73062485761,8.881558835884466,
D7_I10_W,L10W-377,NT,132,0,67.95786643341704,5288.73450777202,0.0,0.0,26743.97054110357,33934.14568292534,26.88521934606151,
D7_I10_W,L10W-383,AM,36,0,67.4462176165803,6772.089015544041,0.0,0.0,18794.19689119171,20294.999974889215,7.985460045919214,
D7_I10_W,L10W-383,MD,72,0,67.4462176165803,6772.089015544041,0.0,0.0,35486.9067357513,39491.17966299366,11.283803790112408,
D7_I10_W,L10W-383,PM,48,0,67.4462176165803,6772.089015544041,0.0,0.0,24906.326424870465,24501.55961844755,-1.6251565948269702,
D7_I10_W,L10W-383,NT,132,0,67.4462176165803,6772.089015544041,0.0,0.0,32914.1974253512,41805.49904534241,27.013575646668947,
D7_I10_W,L10W-385,AM,36,0,68.28691709844556,6962.321658031088,0.0,0.0,19709.191709844563,20574.83524592984,4.392080349256009,
D7_I10_W,L10W-385,MD,72,0,68.28691709844556,6962.321658031088,0.0,0.0,35560.1347150259,40655.736032881236,14.329533222218618,
D7_I10_W,L10W-385,PM,48,0,68.28691709844556,6962.321658031088,0.0,0.0,24757.455958549224,26025.303870558146,5.121075098070039,
D7_I10_W,L10W-385,NT,132,0,68.28691709844556,6962.321658031088,0.0,0.0,32036.122429357405,48913.22435561562,52.681475304864925,
D7_I10_W,L10W-386,AM,36,0,64.60683937823835,6151.644248704663,0.0,0.0,17543.699481865282,18081.531839069467,3.065672424223497,
D7_I10_W,L10W-386,MD,72,0,64.60683937823835,6151.644248704663,0.0,0.0,32559.97409326425,34842.975002479376,7.01167913302307,
D7_I10_W,L10W-386,PM,48,0,64.60683937823835,6151.644248704663,0.0,0.0,22426.943005181343,21800.78939135801,-2.79197041557859,
D7_I10_W,L10W-386,NT,132,0,64.60683937823835,6151.644248704663,0.0,0.0,33565.06156188237,37508.30826042738,11.748069316884834,
D7_I10_W,L10W-388,AM,36,29,66.62914507772021,5135.270051813472,10345.279792746114,12361.732154648162,12911.497409326425,15355.718452240057,18.930577650490687,19.491520793047474
D7_I10_W,L10W-388,MD,72,0,66.62914507772021,5135.270051813472,0.0,0.0,26736.77720207254,29672.47673868788,10.980005235589042,
D7_I10_W,L10W-388,PM,48,0,66.62914507772021,5135.270051813472,0.0,0.0,19112.30569948186,18372.030721020914,-3.873289754260349,
D7_I10_W,L10W-388,NT,132,0,66.62914507772021,5135.270051813472,0.0,0.0,25772.309278350516,33682.446439976084,30.692388005254585,
D7_I10_W,L10W-390,AM,36,9,63.64690721649485,5421.809844559585,3381.3056994818653,4061.721384594058,14014.772020725391,16248.091485140782,15.935467670203282,20.122868074793
D7_I10_W,L10W-390,MD,72,0,63.64690721649485,5421.809844559585,0.0,0.0,29272.388601036266,31166.109356682464,6.469307241907682,
D7_I10_W,L10W-390,PM,48,0,63.64690721649485,5421.809844559585,0.0,0.0,20767.26424870466,19181.82487182986,-7.634319850163662,
D7_I10_W,L10W-390,NT,132,0,63.64690721649485,5421.809844559585,0.0,0.0,29943.465199508577,33287.63753686106,11.168287688384734,
D7_I10_W,L10W-395,AM,36,25,66.68092489717431,5273.179274611399,9549.072538860102,10936.599235709913,13857.067357512957,15759.20802707387,13.72686312684783,14.530486507493256
D7_I10_W,L10W-395,MD,72,0,66.68092489717431,5273.179274611399,0.0,0.0,27804.165803108805,30073.804500274942,8.162944766040662,
D7_I10_W,L10W-395,PM,48,0,66.68092489717431,5273.179274611399,0.0,0.0,19649.36787564767,18227.472419666406,-7.236341977919201,
D7_I10_W,L10W-395,NT,132,0,66.68092489717431,5273.179274611399,0.0,0.0,26619.01252604028,36063.829949421524,35.4814718019377,
D7_I10_W,L10W-402,AM,36,0,64.60499999999995,4451.016062176165,0.0,0.0,10819.326424870467,11153.368686886803,3.0874589498332345,
D7_I10_W,L10W-402,MD,72,0,64.60499999999995,4451.016062176165,0.0,0.0,13904.621761658029,19146.067664058697,37.69571004695681,
D7_I10_W,L10W-402,PM,48,0,64.60499999999995,4451.016062176165,0.0,0.0,8665.362694300518,13206.883140705238,52.41004452579718,
D7_I10_W,L10W-402,NT,132,0,64.60499999999995,4451.016062176165,0.0,0.0,14134.614764168582,21611.61510541661,52.89850813764174,
D7_I210_E,L210E-001,AM,36,0,64.32088082901562,2061.3080829015544,0.0,0.0,5715.259067357512,4865.5737102655385,-14.866961358670858,
D7_I210_E,L210E-001,MD,72,0,64.32088082901562,2061.3080829015544,0.0,0.0,10248.300518134714,10226.415238387504,-0.21355033167190274,
D7_I210_E,L210E-001,PM,48,0,64.32088082901562,2061.3080829015544,0.0,0.0,7428.445595854922,6991.345585799145,-5.884138268437742,
D7_I210_E,L210E-001,NT,132,0,64.32088082901562,2061.3080829015544,0.0,0.0,8772.046899204102,10800.171274083204,23.120309298199444,
D7_I210_E,L210E-008,AM,36,0,70.48559585492222,6162.253678756477,0.0,0.0,15252.466321243523,14644.884584299378,-3.9834983021592345,
D7_I210_E,L210E-008,MD,72,28,70.48559585492222,6162.253678756477,13699.295336787563,13102.79490238885,34718.91709844559,34437.268422973364,-0.8112254039306944,-4.354241730937018
D7_I210_E,L210E-008,PM,48,48,70.48559585492222,6162.253678756477,21384.813471502588,19985.881157720854,21384.813471502588,19985.881157720854,-6.541709216430395,-6.541709216430395
D7_I210_E,L210E-008,NT,132,2,70.48559585492222,6162.253678756477,914.8393782383419,1020.9745021179781,26900.506169542223,35109.03340086185,30.514396939540255,11.601503652369564
D7_I210_E,L210E-009,AM,36,0,67.18355816996957,6008.612331606218,0.0,0.0,15059.321243523316,14828.347048578567,-1.5337623204238757,
D7_I210_E,L210E-009,MD,72,29,67.18355816996957,6008.612331606218,13452.326424870465,13777.622409069601,33627.834196891185,34396.483305839276,2.285752643026744,2.4181392416833827
D7_I210_E,L210E-009,PM,48,48,67.18355816996957,6008.612331606218,18726.9585492228,19674.650645975336,18726.9585492228,19674.650645975336,5.0605766775292365,5.0605766775292365
D7_I210_E,L210E-009,NT,132,4,67.18355816996957,6008.612331606218,1739.6062176165801,1983.3339065702924,25590.60979648523,35271.06844175306,37.82816713729659,14.010509187972522
D7_I210_E,L210E-012,AM,36,0,65.13636597938158,987.3907772020725,0.0,0.0,2120.865284974093,1940.5808896791386,-8.500511398448229,
D7_I210_E,L210E-012,MD,72,0,65.13636597938158,987.3907772020725,0.0,0.0,4403.3937823834185,4712.897963855413,7.028764556788502,
D7_I210_E,L210E-012,PM,48,0,65.13636597938158,987.3907772020725,0.0,0.0,3526.7461139896373,3559.24967490628,0.9216303035738749,
D7_I210_E,L210E-012,NT,132,0,65.13636597938158,987.3907772020725,0.0,0.0,3368.9499759628225,3746.0705713243124,11.194009945300879,
D7_I210_E,L210E-014,AM,36,0,65.34072164948451,1503.600310880829,0.0,0.0,4282.564766839378,3120.565979817583,-27.133244919477868,
D7_I210_E,L210E-014,MD,72,0,65.34072164948451,1503.600310880829,0.0,0.0,8217.23834196891,6874.594216865802,-16.339359639182632,
D7_I210_E,L210E-014,PM,48,0,65.34072164948451,1503.600310880829,0.0,0.0,5920.046632124352,4920.434080396535,-16.885214151921563,
D7_I210_E,L210E-014,NT,132,0,65.34072164948451,1503.600310880829,0.0,0.0,6047.798221248864,6171.685030100314,2.0484613460841876,
D7_I210_E,L210E-020,AM,36,0,65.27168660862135,3637.556269430052,0.0,0.0,9677.088082901551,9198.716703746912,-4.943340135550427,
D7_I210_E,L210E-020,MD,72,0,65.27168660862135,3637.556269430052,0.0,0.0,17823.974093264245,16544.331293431576,-7.179334940327653,
D7_I210_E,L210E-020,PM,48,0,65.27168660862135,3637.556269430052,0.0,0.0,13509.974093264249,10952.910289541296,-18.9272295125854,
D7_I210_E,L210E-020,NT,132,0,65.27168660862135,3637.556269430052,0.0,0.0,11225.641418727633,16756.108615618126,49.266380339426,
D7_I210_E,L210E-024,AM,36,0,65.27256476683931,1501.121347150259,0.0,0.0,4279.989637305698,3055.397115522503,-28.612044083220955,
D7_I210_E,L210E-024,MD,72,0,65.27256476683931,1501.121347150259,0.0,0.0,8222.336787564767,6798.387288934981,-17.31806340970279,
D7_I210_E,L210E-024,PM,48,0,65.27256476683931,1501.121347150259,0.0,0.0,5914.036269430051,4887.631678216975,-17.355398994061172,
D7_I210_E,L210E-024,NT,132,0,65.27256476683931,1501.121347150259,0.0,0.0,6048.578601570429,5786.790307453573,-4.328096092673505,
D7_I210_E,L210E-028,AM,36,0,65.27256476683931,1501.121347150259,0.0,0.0,4279.989637305698,3055.397115522503,-28.612044083220955,
D7_I210_E,L210E-028,MD,72,0,65.27256476683931,1501.121347150259,0.0,0.0,8222.336787564767,6798.387288934981,-17.31806340970279,
D7_I210_E,L210E-028,PM,48,0,65.27256476683931,1501.121347150259,0.0,0.0,5914.036269430051,4887.631678216975,-17.355398994061172,
D7_I210_E,L210E-028,NT,132,0,65.27256476683931,1501.121347150259,0.0,0.0,6048.578601570429,5786.790307453573,-4.328096092673505,
D7_I210_E,L210E-035,AM,36,0,68.68367875647665,4973.211295336788,0.0,0.0,12682.82383419689,13955.643243221393,10.035772992388187,
D7_I210_E,L210E-035,MD,72,0,68.68367875647665,4973.211295336788,0.0,0.0,20905.202072538857,25488.24631369822,21.922984648781096,
D7_I210_E,L210E-035,PM,48,0,68.68367875647665,4973.211295336788,0.0,0.0,16281.689119170984,15898.972786661889,-2.35059353920757,
D7_I210_E,L210E-035,NT,132,0,68.68367875647665,4973.211295336788,0.0,0.0,10294.480129266598,30630.03437003486,197.53842821994948,
D7_I210_E,L210E-042,AM,36,0,65.13144503498746,4395.63481865285,0.0,0.0,11001.119170984453,11319.177485585213,2.891145070400118,
D7_I210_E,L210E-042,MD,72,11,65.13144503498746,4395.63481865285,3427.984455958549,4021.8451951040024,21585.455958549224,26054.684322242305,20.704813334846325,17.323904083438887
D7_I210_E,L210E-042,PM,48,29,65.13144503498746,4395.63481865285,9435.279792746114,10554.42145521001,15106.678756476682,17388.058573455564,15.101796058255273,11.861245103979812
D7_I210_E,L210E-042,NT,132,0,65.13144503498746,4395.63481865285,0.0,0.0,13791.946477218098,26026.628357352136,88.7088845678426,
D7_I210_E,L210E-045,AM,36,0,65.27256476683931,1501.121347150259,0.0,0.0,4279.989637305698,3055.397115522503,-28.612044083220955,
D7_I210_E,L210E-045,MD,72,0,65.27256476683931,1501.121347150259,0.0,0.0,8222.336787564767,6798.387288934981,-17.31806340970279,
D7_I210_E,L210E-045,PM,48,0,65.27256476683931,1501.121347150259,0.0,0.0,5914.036269430051,4887.631678216975,-17.355398994061172,
D7_I210_E,L210E-045,NT,132,0,65.27256476683931,1501.121347150259,0.0,0.0,6048.578601570429,5786.790307453573,-4.328096092673505,
D7_I210_E,L210E-046,AM,36,0,67.06123484322417,5051.48829015544,0.0,0.0,12904.502590673575,13766.580148893077,6.680440041466985,
D7_I210_E,L210E-046,MD,72,0,67.06123484322417,5051.48829015544,0.0,0.0,21843.362694300515,25510.66734053952,16.789102930547855,
D7_I210_E,L210E-046,PM,48,0,67.06123484322417,5051.48829015544,0.0,0.0,17461.585492227976,14889.318205346848,-14.7310064600149,
D7_I210_E,L210E-046,NT,132,0,67.06123484322417,5051.48829015544,0.0,0.0,12348.200363228456,29485.662009468542,138.785095334811,
D7_I210_E,L210E-051,AM,36,0,66.37909326424871,4400.674507772021,0.0,0.0,11056.150259067355,9625.846816598181,-12.936722176836874,
D7_I210_E,L210E-051,MD,72,0,66.37909326424871,4400.674507772021,0.0,0.0,21419.82383419689,22392.71696864847,4.542022109903397,
D7_I210_E,L210E-051,PM,48,0,66.37909326424871,4400.674507772021,0.0,0.0,15275.124352331604,10448.3603247658,-31.598852593491618,
D7_I210_E,L210E-051,NT,132,0,66.37909326424871,4400.674507772021,0.0,0.0,11505.664734789805,26725.394422925066,132.28031616561188,
D7_I210_E,L210E-052,AM,36,0,64.05968324341644,4758.740207253886,0.0,0.0,11887.968911917098,10594.887723077845,-10.877225524563771,
D7_I210_E,L210E-052,MD,72,0,64.05968324341644,4758.740207253886,0.0,0.0,21414.19689119171,23182.368026066153,8.257004191465821,
D7_I210_E,L210E-052,PM,48,0,64.05968324341644,4758.740207253886,0.0,0.0,15242.492227979275,13183.314837228028,-13.50945344076607,
D7_I210_E,L210E-052,NT,132,0,64.05968324341644,4758.740207253886,0.0,0.0,12754.205170663961,28841.44148565691,126.13280168955816,
D7_I210_E,L210E-065,AM,36,16,66.4855440414508,4878.295958549223,5890.772020725389,6328.114409887666,12732.160621761659,13273.96219113165,4.255378057703341,7.424194785056759
D7_I210_E,L210E-065,MD,72,4,66.4855440414508,4878.295958549223,1351.1606217616577,1617.003829524309,22218.65803108808,25448.979326570145,14.538777683882778,19.67517432650176
D7_I210_E,L210E-065,PM,48,0,66.4855440414508,4878.295958549223,0.0,0.0,17721.585492227976,15081.7087475132,-14.896391442360096,
D7_I210_E,L210E-065,NT,132,0,66.4855440414508,4878.295958549223,0.0,0.0,11563.474493883874,29778.360184253674,157.52087056536487,
D7_I210_E,L210E-070,AM,36,15,65.07036269430051,5835.601554404146,6907.284974093263,7271.261901396125,15648.051813471504,16239.142265021817,3.7774060221441754,5.269464466400441
D7_I210_E,L210E-070,MD,72,1,65.07036269430051,5835.601554404146,435.88601036269426,485.9646696911539,28893.81865284974,31291.53307594394,8.298364615290192,11.488934753099771
D7_I210_E,L210E-070,PM,48,0,65.07036269430051,5835.601554404146,0.0,0.0,21264.202072538857,20234.881525579523,-4.840626248038836,
D7_I210_E,L210E-070,NT,132,0,65.07036269430051,5835.601554404146,0.0,0.0,15087.426326050956,35515.2148388082,135.3961111146257,
D7_I210_E,L210E-075,AM,36,0,64.18455958549228,3101.20103626943,0.0,0.0,8080.39378238342,7697.087105682667,-4.743663329087059,
D7_I210_E,L210E-075,MD,72,0,64.18455958549228,3101.20103626943,0.0,0.0,14287.077720207251,14724.315079015076,3.060369428727947,
D7_I210_E,L210E-075,PM,48,0,64.18455958549228,3101.20103626943,0.0,0.0,11420.233160621763,8949.231220408517,-21.6370533373481,
D7_I210_E,L210E-075,NT,132,0,64.18455958549228,3101.20103626943,0.0,0.0,9959.151861545857,13854.20890912263,39.11032888871104,
D7_I210_E,L210E-081,AM,36,0,66.17648589818918,2218.39896373057,0.0,0.0,5603.937823834196,4775.294166105224,-14.786810342624698,
D7_I210_E,L210E-081,MD,72,0,66.17648589818918,2218.39896373057,0.0,0.0,12021.20725388601,10982.22994188106,-8.642869971891447,
D7_I210_E,L210E-081,PM,48,0,66.17648589818918,2218.39896373057,0.0,0.0,8407.269430051812,7547.8159782306,-10.2227418660938,
D7_I210_E,L210E-081,NT,132,0,66.17648589818918,2218.39896373057,0.0,0.0,10007.779231878638,10442.482073385876,4.343649389492345,
D7_I210_E,L210E-090,AM,36,0,68.93284386517814,6279.676476683938,0.0,0.0,17789.720207253882,16911.725847767055,-4.93540285770666,
D7_I210_E,L210E-090,MD,72,0,68.93284386517814,6279.676476683938,0.0,0.0,34847.05699481865,35414.492152781124,1.6283589114766326,
D7_I210_E,L210E-090,PM,48,0,68.93284386517814,6279.676476683938,0.0,0.0,23936.943005181343,24193.81467685344,1.0731181154439546,
D7_I210_E,L210E-090,NT,132,0,68.93284386517814,6279.676476683938,0.0,0.0,31185.925511457724,34525.57606380808,10.708838995730202,
D7_I210_E,L210E-093,AM,36,0,65.91948186528492,2201.13792746114,0.0,0.0,5810.378238341969,4864.961544029391,-16.2711729861903,
D7_I210_E,L210E-093,MD,72,0,65.91948186528492,2201.13792746114,0.0,0.0,12119.523316062176,11136.902299401556,-8.107753011690964,
D7_I210_E,L210E-093,PM,48,0,65.91948186528492,2201.13792746114,0.0,0.0,8597.45595854922,7932.444720652793,-7.734976964146556,
D7_I210_E,L210E-093,NT,132,0,65.91948186528492,2201.13792746114,0.0,0.0,10324.564526467602,10942.074193412143,5.980975423820737,
D7_I210_E,L210E-097,AM,36,0,65.96474093264244,2404.9946113989636,0.0,0.0,6084.772020725388,5431.2717816474205,-10.73992972706414,
D7_I210_E,L210E-097,MD,72,0,65.96474093264244,2404.9946113989636,0.0,0.0,12924.0310880829,12170.236991355621,-5.832499872445709,
D7_I210_E,L210E-097,PM,48,0,65.96474093264244,2404.9946113989636,0.0,0.0,9341.787564766839,8674.565362346286,-7.142339705272523,
D7_I210_E,L210E-097,NT,132,0,65.96474093264244,2404.9946113989636,0.0,0.0,10930.132151060305,11257.398408305562,2.99416560314424,
D7_I210_E,L210E-102,AM,36,0,64.47025906735753,5084.68414507772,0.0,0.0,12346.471502590672,12112.565757437635,-1.8945149235873295,
D7_I210_E,L210E-102,MD,72,0,64.47025906735753,5084.68414507772,0.0,0.0,27635.528497409327,28412.35121741856,2.810956628103045,
D7_I210_E,L210E-102,PM,48,0,64.47025906735753,5084.68414507772,0.0,0.0,19861.051813471502,19610.12339579878,-1.2634195813462492,
D7_I210_E,L210E-102,NT,132,0,64.47025906735753,5084.68414507772,0.0,0.0,25718.985684525396,32092.8187812734,24.782599029879364,
D7_I210_E,L210E-127,AM,36,0,64.75199481865285,4712.421761658031,0.0,0.0,12067.968911917098,9792.28483943112,-18.857225180939466,
D7_I210_E,L210E-127,MD,72,9,64.75199481865285,4712.421761658031,3295.160621761658,3493.45250143924,26868.238341968914,26164.07309963336,-2.6208091255303114,6.017669620352871
D7_I210_E,L210E-127,PM,48,48,64.75199481865285,4712.421761658031,16239.81865284974,17567.145078430087,16239.81865284974,17567.145078430087,8.173283544317341,8.173283544317341
D7_I210_E,L210E-127,NT,132,4,64.75199481865285,4712.421761658031,1444.678756476684,1565.944339631188,25294.749318946637,24685.22252324969,-2.4096969217259288,8.393947970152858
D7_I210_E,L210E-128,AM,36,0,64.97829015544039,5428.745595854923,0.0,0.0,12361.005181347151,12079.126426558563,-2.2803869964713295,
D7_I210_E,L210E-128,MD,72,8,64.97829015544039,5428.745595854923,3310.046632124352,3544.491796047413,29927.440414507775,30455.817455410674,1.7655269999193108,7.08283568115766
D7_I210_E,L210E-128,PM,48,48,64.97829015544039,5428.745595854923,17465.43523316062,18796.18838675172,17465.43523316062,18796.18838675172,7.619352943833174,7.619352943833174
D7_I210_E,L210E-128,NT,132,5,64.97829015544039,5428.745595854923,1998.3575129533679,2238.651666594251,24113.838176379464,34470.63172716156,42.94958552441071,12.024582792783301
D7_I210_E,L210E-130,AM,36,0,66.32468911917097,2074.62,0.0,0.0,5626.40932642487,5157.479266103881,-8.334446235872369,
D7_I210_E,L210E-130,MD,72,0,66.32468911917097,2074.62,0.0,0.0,9524.549222797927,10671.101198654429,12.037860785181516,
D7_I210_E,L210E-130,PM,48,0,66.32468911917097,2074.62,0.0,0.0,6981.025906735751,7164.181293280961,2.6236170584682887,
D7_I210_E,L210E-130,NT,132,0,66.32468911917097,2074.62,0.0,0.0,7137.196704235885,13765.625263570622,92.87159698710285,
D7_I210_E,L210E-136,AM,36,0,66.18607512953372,6718.1499481865285,0.0,0.0,17210.593264248702,15655.535300878404,-9.03546983822223,
D7_I210_E,L210E-136,MD,72,0,66.18607512953372,6718.1499481865285,0.0,0.0,37168.98186528497,37567.54294900765,1.0722948644846395,
D7_I210_E,L210E-136,PM,48,0,66.18607512953372,6718.1499481865285,0.0,0.0,25763.437823834196,25769.237145464525,0.022509890450118065,
D7_I210_E,L210E-136,NT,132,0,66.18607512953372,6718.1499481865285,0.0,0.0,32908.90469259121,41518.848423098425,26.162960484204667,
D7_I210_E,L210E-139,AM,36,0,67.14752417071738,4866.627979274612,0.0,0.0,11911.212435233161,11135.41463282591,-6.513172413183181,
D7_I210_E,L210E-139,MD,72,23,67.14752417071738,4866.627979274612,9141.160621761657,8731.935310073864,27237.0,27567.85079122224,1.214710839013993,-4.476732535621151
D7_I210_E,L210E-139,PM,48,48,67.14752417071738,4866.627979274612,19077.098445595853,16100.36869997342,19077.098445595853,16100.36869997342,-15.603681839308441,-15.603681839308441
D7_I210_E,L210E-139,NT,132,11,67.14752417071738,4866.627979274612,4145.056994818652,4310.130539506934,22827.055686127875,30611.385119651335,34.101329319724925,3.9824191777006877
D7_I210_E,L210E-141,AM,36,0,66.81499999999998,5215.054611398963,0.0,0.0,13405.495682210707,13301.68014397757,-0.7744252110789289,
D7_I210_E,L210E-141,MD,72,25,66.81499999999998,5215.054611398963,10707.701208981001,10548.340068233796,29863.316062176164,29945.49753503577,0.2751920539852421,-1.4882852783895617
D7_I210_E,L210E-141,PM,48,48,66.81499999999998,5215.054611398963,20404.92573402418,19547.20556461174,20404.92573402418,19547.20556461174,-4.203495668608256,-4.203495668608256
D7_I210_E,L210E-141,NT,132,9,66.81499999999998,5215.054611398963,3751.7651122625216,3867.075872804599,26640.081486031733,31730.23729798483,19.107133041698958,3.0735069251853715
D7_I210_E,L210E-145,AM,36,0,69.13370466321244,7179.838445595855,0.0,0.0,16971.715025906735,16496.72070712046,-2.7987408347430494,
D7_I210_E,L210E-145,MD,72,10,69.13370466321244,7179.838445595855,5830.549222797927,5921.594631302983,39936.233160621756,40275.322952453185,0.8490780551776763,1.5615237094485195
D7_I210_E,L210E-145,PM,48,37,69.13370466321244,7179.838445595855,21172.507772020726,21765.64058809495,27293.466321243526,28235.04587670335,3.449835005848839,2.801429204612421
D7_I210_E,L210E-145,NT,132,0,69.13370466321244,7179.838445595855,0.0,0.0,27356.08421024518,41198.11447774881,50.59945773349983,
D7_I210_E,L210E-152,AM,36,0,61.66852331606219,5491.063523316063,0.0,0.0,13950.398963730568,13764.659465899127,-1.3314278560372492,
D7_I210_E,L210E-152,MD,72,8,61.66852331606219,5491.063523316063,3403.7357512953367,3618.334351164273,31443.25388601036,31472.269197703543,0.09227833670895215,6.304796128408846
D7_I210_E,L210E-152,PM,48,48,61.66852331606219,5491.063523316063,18104.015544041446,19997.401878269426,18104.015544041446,19997.401878269426,10.458377753940606,10.458377753940606
D7_I210_E,L210E-152,NT,132,4,61.66852331606219,5491.063523316063,1664.6891191709842,1823.8504177334635,29290.718204155757,33403.196034175766,14.040208237149104,9.561022339218606
D7_I210_E,L210E-154,AM,36,0,63.69774611398962,4598.630984455958,0.0,0.0,12083.974093264247,12138.08181010737,0.447764257234566,
D7_I210_E,L210E-154,MD,72,15,63.69774611398962,4598.630984455958,5384.813471502591,5609.482529166215,26248.450777202073,26792.18970652346,2.0715086537360388,4.172271868888554
D7_I210_E,L210E-154,PM,48,48,63.69774611398962,4598.630984455958,14821.176165803106,16291.527196275525,14821.176165803106,16291.527196275525,9.920609633295898,9.920609633295898
D7_I210_E,L210E-154,NT,132,3,63.69774611398962,4598.630984455958,1065.20207253886,1135.4545189807504,24144.52235457507,28321.777215069847,17.3010457574997,6.595222470272426
D7_I210_E,L210E-157,AM,36,0,69.51464718765016,6242.074196891192,0.0,0.0,17661.497409326425,16798.827394781416,-4.884467010648046,
D7_I210_E,L210E-157,MD,72,0,69.51464718765016,6242.074196891192,0.0,0.0,34672.694300518124,35255.616572511404,1.6812142342932077,
D7_I210_E,L210E-157,PM,48,0,69.51464718765016,6242.074196891192,0.0,0.0,23688.108808290155,24136.108139606316,1.8912414449876827,
D7_I210_E,L210E-157,NT,132,0,69.51464718765016,6242.074196891192,0.0,0.0,30906.692644623683,34847.547581756065,12.750814143867661,
D7_I210_E,L210E-162,AM,36,0,64.33123711340205,3696.779689119171,0.0,0.0,9355.269430051812,8892.424194677236,-4.947428172274593,
D7_I210_E,L210E-162,MD,72,0,64.33123711340205,3696.779689119171,0.0,0.0,16284.155440414508,17757.91367110792,9.050258922460253,
D7_I210_E,L210E-162,PM,48,0,64.33123711340205,3696.779689119171,0.0,0.0,12890.21761658031,11919.232448839735,-7.532729055649341,
D7_I210_E,L210E-162,NT,132,0,64.33123711340205,3696.779689119171,0.0,0.0,11325.43736979862,18386.724580078284,62.34891403938092,
D7_I210_E,L210E-164,AM,36,0,66.01492227979276,2383.6302590673577,0.0,0.0,5983.300518134714,5254.4426606417,-12.181535179186264,
D7_I210_E,L210E-164,MD,72,0,66.01492227979276,2383.6302590673577,0.0,0.0,12760.792746113992,11721.572073931955,-8.143856677701372,
D7_I210_E,L210E-164,PM,48,0,66.01492227979276,2383.6302590673577,0.0,0.0,9281.21761658031,8020.707263242697,-13.581303719091672,
D7_I210_E,L210E-164,NT,132,0,66.01492227979276,2383.6302590673577,0.0,0.0,10707.60979648523,10852.648153273247,1.3545353215581786,
D7_I210_E,L210E-166,AM,36,0,64.88536082474228,2947.214611398964,0.0,0.0,7452.098445595854,7188.369785448275,-3.538985187500321,
D7_I210_E,L210E-166,MD,72,0,64.88536082474228,2947.214611398964,0.0,0.0,13292.19170984456,15037.9986829689,13.134079098718903,
D7_I210_E,L210E-166,PM,48,0,64.88536082474228,2947.214611398964,0.0,0.0,10186.730569948188,10339.61454972113,1.5008149938112982,
D7_I210_E,L210E-166,NT,132,0,64.88536082474228,2947.214611398964,0.0,0.0,11041.281929384111,14671.830859404628,32.88158887020677,
D7_I210_E,L210E-167,AM,36,0,67.45963436782222,7145.149740932643,0.0,0.0,17652.48186528497,13861.02422735882,-21.4783262028574,
D7_I210_E,L210E-167,MD,72,0,67.45963436782222,7145.149740932643,0.0,0.0,40573.269430051805,35131.95348979446,-13.411085714051602,
D7_I210_E,L210E-167,PM,48,0,67.45963436782222,7145.149740932643,0.0,0.0,27816.68911917098,27352.676978434873,-1.668107008523581,
D7_I210_E,L210E-167,NT,132,0,67.45963436782222,7145.149740932643,0.0,0.0,29882.15811121201,27827.96061681473,-6.8743277736239925,
D7_I210_E,L210E-168,AM,36,0,69.13544041450774,2407.583005181347,0.0,0.0,5146.378238341969,5630.488239847666,9.406809586962348,
D7_I210_E,L210E-168,MD,72,0,69.13544041450774,2407.583005181347,0.0,0.0,10052.673575129535,12767.908258868187,27.010075115302495,
D7_I210_E,L210E-168,PM,48,0,69.13544041450774,2407.583005181347,0.0,0.0,8253.243523316061,9316.024276166303,12.877128244765862,
D7_I210_E,L210E-168,NT,132,0,69.13544041450774,2407.583005181347,0.0,0.0,5364.445275359223,13617.817460917213,153.8532273498738,
D7_I210_E,L210E-169,AM,36,0,70.55298341434754,7748.279378238342,0.0,0.0,21815.409326424866,20516.58032329474,-5.953722819020693,
D7_I210_E,L210E-169,MD,72,3,70.55298341434754,7748.279378238342,1924.4300518134714,1931.6508852221027,44186.9689119171,44491.688696922574,0.6896145911544762,0.3752193228237516
D7_I210_E,L210E-169,PM,48,48,70.55298341434754,7748.279378238342,29801.937823834196,29481.7027233192,29801.937823834196,29481.7027233192,-1.074544556155971,-1.074544556155971
D7_I210_E,L210E-169,NT,132,0,70.55298341434754,7748.279378238342,0.0,0.0,41142.9472250414,46823.12099864747,13.80594769387078,
D7_I210_E,L210E-170,AM,36,0,69.30194300518136,6782.974196891192,0.0,0.0,16502.21243523316,16533.162907161037,0.18755346926571193,
D7_I210_E,L210E-170,MD,72,16,69.30194300518136,6782.974196891192,8547.430051813471,8728.563880781825,38322.12953367876,38580.98305456539,0.6754674754155859,2.119161290239786
D7_I210_E,L210E-170,PM,48,45,69.30194300518136,6782.974196891192,23189.077720207253,23737.16461390787,24719.797927461135,25425.904304480246,2.856440732610922,2.3635562410617412
D7_I210_E,L210E-170,NT,132,0,69.30194300518136,6782.974196891192,0.0,0.0,28325.47195662625,40493.51045620859,42.95793735834238,
D7_I210_E,L210E-172,AM,36,0,64.84025906735754,4251.595025906736,0.0,0.0,10418.974093264247,9533.387109381285,-8.49975224005485,
D7_I210_E,L210E-172,MD,72,0,64.84025906735754,4251.595025906736,0.0,0.0,18318.160621761657,20755.881017232852,13.307670162992377,
D7_I210_E,L210E-172,PM,48,0,64.84025906735754,4251.595025906736,0.0,0.0,13185.80310880829,11500.968720288394,-12.77763951590028,
D7_I210_E,L210E-172,NT,132,0,64.84025906735754,4251.595025906736,0.0,0.0,10248.825944126915,26042.59205154318,154.1031742905818,
D7_I210_E,L210E-173,AM,36,0,66.88308290155439,4479.936683937824,0.0,0.0,11297.678756476686,11131.621117440052,-1.4698385625581394,
D7_I210_E,L210E-173,MD,72,0,66.88308290155439,4479.936683937824,0.0,0.0,20610.362694300515,23106.797477430926,12.112522327521983,
D7_I210_E,L210E-173,PM,48,0,66.88308290155439,4479.936683937824,0.0,0.0,14536.953367875649,11309.51939702165,-22.201584397911837,
D7_I210_E,L210E-173,NT,132,0,66.88308290155439,4479.936683937824,0.0,0.0,10632.086026387478,28748.33888171119,170.39227119082267,
D7_I210_E,L210E-177,AM,36,0,63.79238675818602,5106.315233160622,0.0,0.0,13434.000000000002,12697.048413811472,-5.4857197125839665,
D7_I210_E,L210E-177,MD,72,15,63.79238675818602,5106.315233160622,5696.523316062176,6303.408105408846,27957.077720207253,29575.93589821902,5.790512850496044,10.65359967254887
D7_I210_E,L210E-177,PM,48,48,63.79238675818602,5106.315233160622,18021.43523316062,19855.29805834523,18021.43523316062,19855.29805834523,10.17600874435451,10.17600874435451
D7_I210_E,L210E-177,NT,132,2,63.79238675818602,5106.315233160622,753.2435233160622,850.1616178563565,30440.79653864644,29918.25022519139,-1.7165986862125764,12.8667677238862
D7_I210_E,L210E-178,AM,36,0,64.16922279792745,4161.198652849741,0.0,0.0,11291.243523316061,10376.42222816394,-8.102042022767861,
D7_I210_E,L210E-178,MD,72,0,64.16922279792745,4161.198652849741,0.0,0.0,23259.606217616576,23817.5967728236,2.398968193986049,
D7_I210_E,L210E-178,PM,48,0,64.16922279792745,4161.198652849741,0.0,0.0,15964.041450777202,16112.285418111285,0.9286117665828663,
D7_I210_E,L210E-178,NT,132,0,64.16922279792745,4161.198652849741,0.0,0.0,25456.321457187114,23787.95145631292,-6.553853445322366,
D7_I210_E,L210E-182,AM,36,0,68.93284386517814,6279.676476683938,0.0,0.0,17789.720207253882,16911.725847767055,-4.93540285770666,
D7_I210_E,L210E-182,MD,72,0,68.93284386517814,6279.676476683938,0.0,0.0,34847.05699481865,35414.492152781124,1.6283589114766326,
D7_I210_E,L210E-182,PM,48,0,68.93284386517814,6279.676476683938,0.0,0.0,23936.943005181343,24193.81467685344,1.0731181154439546,
D7_I210_E,L210E-182,NT,132,0,68.93284386517814,6279.676476683938,0.0,0.0,31185.925511457724,34525.57606380808,10.708838995730202,
D7_I210_E,L210E-190,AM,36,0,65.27256476683931,1501.121347150259,0.0,0.0,4279.989637305698,3055.397115522503,-28.612044083220955,
D7_I210_E,L210E-190,MD,72,0,65.27256476683931,1501.121347150259,0.0,0.0,8222.336787564767,6798.387288934981,-17.31806340970279,
D7_I210_E,L210E-190,PM,48,0,65.27256476683931,1501.121347150259,0.0,0.0,5914.036269430051,4887.631678216975,-17.355398994061172,
D7_I210_E,L210E-190,NT,132,0,65.27256476683931,1501.121347150259,0.0,0.0,6048.578601570429,5786.790307453573,-4.328096092673505,
D7_I210_E,L210E-191,AM,36,0,64.61085492227977,1887.9341968911917,0.0,0.0,5219.829015544042,4369.97138829864,-16.28133076226492,
D7_I210_E,L210E-191,MD,72,0,64.61085492227977,1887.9341968911917,0.0,0.0,9296.777202072539,9228.044867075207,-0.7393135653719827,
D7_I210_E,L210E-191,PM,48,0,64.61085492227977,1887.9341968911917,0.0,0.0,6782.518134715026,6332.695538075765,-6.632088373445387,
D7_I210_E,L210E-191,NT,132,0,64.61085492227977,1887.9341968911917,0.0,0.0,7197.440975375248,10748.993788572225,49.34466048902627,
D7_I210_E,L210E-196,AM,36,0,64.02598445595851,3972.70103626943,0.0,0.0,9896.181347150257,10665.15534450227,7.770411337232098,
D7_I210_E,L210E-196,MD,72,0,64.02598445595851,3972.70103626943,0.0,0.0,16430.544041450776,18792.733600655472,14.376818888317963,
D7_I210_E,L210E-196,PM,48,0,64.02598445595851,3972.70103626943,0.0,0.0,12620.24870466321,11489.645328262233,-8.958645767283624,
D7_I210_E,L210E-196,NT,132,0,64.02598445595851,3972.70103626943,0.0,0.0,13674.793306981464,16775.336979675136,22.6734225745901,
D7_I210_E,L210E-203,AM,36,0,65.65619170984455,3740.663626943005,0.0,0.0,8860.160621761657,9216.207443229305,4.018514298636441,
D7_I210_E,L210E-203,MD,72,0,65.65619170984455,3740.663626943005,0.0,0.0,17107.963730569947,19338.096238037397,13.035639673951739,
D7_I210_E,L210E-203,PM,48,0,65.65619170984455,3740.663626943005,0.0,0.0,12082.64248704663,8786.438547666185,-27.280488874136505,
D7_I210_E,L210E-203,NT,132,0,65.65619170984455,3740.663626943005,0.0,0.0,9884.932615779071,20767.976832827582,110.0973030375157,
D7_I210_E,L210E-206,AM,36,0,67.12518134715023,3660.135544041451,0.0,0.0,9682.326424870465,8271.05228382957,-14.575775274585176,
D7_I210_E,L210E-206,MD,72,0,67.12518134715023,3660.135544041451,0.0,0.0,17641.056994818653,16470.861590703258,-6.63336332091151,
D7_I210_E,L210E-206,PM,48,0,67.12518134715023,3660.135544041451,0.0,0.0,12449.082901554404,7701.036169554653,-38.13973101108441,
D7_I210_E,L210E-206,NT,132,0,67.12518134715023,3660.135544041451,0.0,0.0,9898.706372522833,21086.589782568837,113.02369207659007,
D7_I210_E,L210E-211,AM,36,0,65.83670984455962,2219.604559585492,0.0,0.0,5720.062176165802,4971.3691836201815,-13.088896055452928,
D7_I210_E,L210E-211,MD,72,0,65.83670984455962,2219.604559585492,0.0,0.0,11997.316062176164,11329.108813274637,-5.569639454679182,
D7_I210_E,L210E-211,PM,48,0,65.83670984455962,2219.604559585492,0.0,0.0,8663.269430051812,7895.770659644532,-8.859227761576035,
D7_I210_E,L210E-211,NT,132,0,65.83670984455962,2219.604559585492,0.0,0.0,10041.898429571069,10863.421174942685,8.18095055564814,
D7_I210_E,L210E-220,AM,36,0,65.69189119170983,5585.430777202072,0.0,0.0,14897.841968911918,13659.821943546147,-8.31006281278329,
D7_I210_E,L210E-220,MD,72,0,65.69189119170983,5585.430777202072,0.0,0.0,31884.510362694295,31666.495939275395,-0.6837628081439249,
D7_I210_E,L210E-220,PM,48,0,65.69189119170983,5585.430777202072,0.0,0.0,21434.5310880829,22301.217066113837,4.043410021284748,
D7_I210_E,L210E-220,NT,132,0,65.69189119170983,5585.430777202072,0.0,0.0,29368.86005021099,29405.687665147347,0.12539681442654751,
D7_I210_E,L210E-221,AM,36,0,65.27256476683931,1501.121347150259,0.0,0.0,4279.989637305698,3055.397115522503,-28.612044083220955,
D7_I210_E,L210E-221,MD,72,0,65.27256476683931,1501.121347150259,0.0,0.0,8222.336787564767,6798.387288934981,-17.31806340970279,
D7_I210_E,L210E-221,PM,48,0,65.27256476683931,1501.121347150259,0.0,0.0,5914.036269430051,4887.631678216975,-17.355398994061172,
D7_I210_E,L210E-221,NT,132,0,65.27256476683931,1501.121347150259,0.0,0.0,6048.578601570429,5786.790307453573,-4.328096092673505,
D7_I210_E,L210E-224,AM,36,0,69.3758741520218,5878.043937823834,0.0,0.0,13984.829015544037,15516.879578673843,10.955089700610158,
D7_I210_E,L210E-224,MD,72,11,69.3758741520218,5878.043937823834,5294.336787564767,5384.854112354828,31864.082901554404,34590.44442751669,8.556221543816307,1.7097009204753735
D7_I210_E,L210E-224,PM,48,32,69.3758741520218,5878.043937823834,15400.046632124351,15658.740778338828,23106.212435233163,23495.464093596085,1.6846190584198801,1.679827031658744
D7_I210_E,L210E-224,NT,132,0,69.3758741520218,5878.043937823834,0.0,0.0,26742.90972704449,39772.06142217511,48.72002272046911,
D7_I210_E,L210E-230,AM,36,0,63.35402836386947,3987.5381347150255,0.0,0.0,10084.119170984455,9570.98731388737,-5.088514409603026,
D7_I210_E,L210E-230,MD,72,0,63.35402836386947,3987.5381347150255,0.0,0.0,18934.875647668392,20791.509116745357,9.805363941249796,
D7_I210_E,L210E-230,PM,48,0,63.35402836386947,3987.5381347150255,0.0,0.0,12929.440414507771,10694.628051283467,-17.284679704441675,
D7_I210_E,L210E-230,NT,132,0,63.35402836386947,3987.5381347150255,0.0,0.0,16126.22872709791,19590.06480880597,21.479517253079518,
D7_I210_E,L210E-231,AM,36,0,67.14587655573956,5457.686735751295,0.0,0.0,14151.575129533678,13686.74279907492,-3.2846684994709463,
D7_I210_E,L210E-231,MD,72,22,67.14587655573956,5457.686735751295,9525.393782383417,9762.789779857709,31014.243523316058,31446.548962951132,1.3938932262206347,2.492243395893408
D7_I210_E,L210E-231,PM,48,48,67.14587655573956,5457.686735751295,20651.60103626943,20689.56158771806,20651.60103626943,20689.56158771806,0.18381408483518402,0.18381408483518402
D7_I210_E,L210E-231,NT,132,9,67.14587655573956,5457.686735751295,3865.9274611398964,4059.9672297435814,28858.31619571604,35046.09661766279,21.441931608141832,5.0192294230598655
D7_I210_E,L210E-237,AM,36,0,66.44598445595858,5769.755129533679,0.0,0.0,14919.979274611398,13166.801873860895,-11.750535094467587,
D7_I210_E,L210E-237,MD,72,14,66.44598445595858,5769.755129533679,5928.994818652849,6611.016492600631,31955.937823834196,32775.43108920003,2.564447552387641,11.503158542188553
D7_I210_E,L210E-237,PM,48,48,66.44598445595858,5769.755129533679,19943.56476683938,22062.33710353286,19943.56476683938,22062.33710353286,10.623839626787342,10.623839626787342
D7_I210_E,L210E-237,NT,132,2,66.44598445595858,5769.755129533679,852.7461139896373,960.1140960756335,30433.152342289413,35905.70815607661,17.982218050354977,12.590849764611297
D7_I210_E,L210E-241,AM,36,0,65.27256476683931,1501.121347150259,0.0,0.0,4279.989637305698,3055.397115522503,-28.612044083220955,
D7_I210_E,L210E-241,MD,72,0,65.27256476683931,1501.121347150259,0.0,0.0,8222.336787564767,6798.387288934981,-17.31806340970279,
D7_I210_E,L210E-241,PM,48,0,65.27256476683931,1501.121347150259,0.0,0.0,5914.036269430051,4887.631678216975,-17.355398994061172,
D7_I210_E,L210E-241,NT,132,0,65.27256476683931,1501.121347150259,0.0,0.0,6048.578601570429,5786.790307453573,-4.328096092673505,
D7_I210_E,L210E-243,AM,36,0,66.53637305699483,4292.34,0.0,0.0,10577.730569948186,10053.845964090237,-4.952712705183939,
D7_I210_E,L210E-243,MD,72,0,66.53637305699483,4292.34,0.0,0.0,20766.243523316058,21921.70169253172,5.564117400040734,
D7_I210_E,L210E-243,PM,48,0,66.53637305699483,4292.34,0.0,0.0,15070.321243523316,12209.299482777165,-18.98447760014217,
D7_I210_E,L210E-243,NT,132,0,66.53637305699483,4292.34,0.0,0.0,10983.236418994711,26724.27822445872,143.31879243026236,
D7_I210_E,L210E-245,AM,36,0,67.8759067357513,5071.418860103627,0.0,0.0,11651.186528497406,11570.631236146992,-0.6913913201319546,
D7_I210_E,L210E-245,MD,72,16,67.8759067357513,5071.418860103627,6381.476683937823,6448.126830986043,28083.803108808286,28603.214879458323,1.8495065238764854,1.0444314121836284
D7_I210_E,L210E-245,PM,48,48,67.8759067357513,5071.418860103627,17447.68393782383,17621.4929160685,17447.68393782383,17621.4929160685,0.996172207520788,0.996172207520788
D7_I210_E,L210E-245,NT,132,9,67.8759067357513,5071.418860103627,3433.777202072539,3711.926253694545,23421.808343571392,31155.96981847543,33.02119700346212,8.10038145323239
D7_I210_E,L210E-249,AM,36,0,63.6849742268041,3776.815647668394,0.0,0.0,9604.823834196888,9330.265982086074,-2.858541258542217,
D7_I210_E,L210E-249,MD,72,0,63.6849742268041,3776.815647668394,0.0,0.0,19184.19689119171,20764.144987578384,8.235674943015706,
D7_I210_E,L210E-249,PM,48,0,63.6849742268041,3776.815647668394,0.0,0.0,13544.932642487045,13343.020269151306,-1.4906856952716832,
D7_I210_E,L210E-249,NT,132,0,63.6849742268041,3776.815647668394,0.0,0.0,15512.576571764326,18637.42395873609,20.14396107903536,
D7_I210_E,L210E-258,AM,36,0,64.99031769136265,6127.205906735751,0.0,0.0,16163.222797927461,13315.680576091127,-17.617416139320078,
D7_I210_E,L210E-258,MD,72,20,64.99031769136265,6127.205906735751,9044.248704663212,9896.816958681215,33742.227979274605,34613.066348417924,2.5808561594634827,9.42663433811167
D7_I210_E,L210E-258,PM,48,48,64.99031769136265,6127.205906735751,18179.139896373057,21894.01195482472,18179.139896373057,21894.01195482472,20.434806484947188,20.434806484947188
D7_I210_E,L210E-258,NT,132,2,64.99031769136265,6127.205906735751,829.8238341968911,1017.270304135097,28539.697906094756,32872.777972304815,15.182641667992968,22.588706447509775
D7_I210_E,L210E-260,AM,36,0,67.381996821751,4917.483730569948,0.0,0.0,12577.103626943006,10748.006502519878,-14.543071113008779,
D7_I210_E,L210E-260,MD,72,0,67.381996821751,4917.483730569948,0.0,0.0,26858.243523316058,26849.00928098275,-0.0343814081709782,
D7_I210_E,L210E-260,PM,48,0,67.381996821751,4917.483730569948,0.0,0.0,18108.917098445596,18457.765036180022,1.9263876235005262,
D7_I210_E,L210E-260,NT,132,0,67.381996821751,4917.483730569948,0.0,0.0,24342.579696597404,28536.73594419493,17.229711476240062,
D7_I210_E,L210E-262,AM,36,0,64.91386597938144,2109.2033160621763,0.0,0.0,5673.6476683937835,4346.337237174562,-23.394304842249483,
D7_I210_E,L210E-262,MD,72,0,64.91386597938144,2109.2033160621763,0.0,0.0,11720.290155440412,9751.997749500712,-16.793888033787663,
D7_I210_E,L210E-262,PM,48,0,64.91386597938144,2109.2033160621763,0.0,0.0,8005.673575129535,6875.278232221261,-14.11992797732805,
D7_I210_E,L210E-262,NT,132,0,64.91386597938144,2109.2033160621763,0.0,0.0,9437.952139308796,8960.75991862555,-5.056099179564115,
D7_I210_E,L210E-276,AM,36,0,67.45155440414509,6228.237202072539,0.0,0.0,15693.528497409327,13357.84406532233,-14.883105685713504,
D7_I210_E,L210E-276,MD,72,7,67.45155440414509,6228.237202072539,3304.6943005181347,3588.6181502740064,35446.321243523314,34693.72374509278,-2.1232034017297323,8.591531437911096
D7_I210_E,L210E-276,PM,48,48,67.45155440414509,6228.237202072539,20256.803108808286,22682.187884769963,20256.803108808286,22682.187884769963,11.97318630651568,11.97318630651568
D7_I210_E,L210E-276,NT,132,4,67.45155440414509,6228.237202072539,1860.9274611398962,2069.477578516705,30482.108033758872,37995.93622685099,24.649962478876347,11.20678380709493
D7_I210_E,L210E-278,AM,36,0,64.77922279792746,3744.549015544041,0.0,0.0,8937.025906735751,10203.924673691357,14.175843062072326,
D7_I210_E,L210E-278,MD,72,0,64.77922279792746,3744.549015544041,0.0,0.0,14022.01554404145,18053.277852438296,28.749521035225932,
D7_I210_E,L210E-278,PM,48,0,64.77922279792746,3744.549015544041,0.0,0.0,10975.259067357512,11122.399090099858,1.3406519321258454,
D7_I210_E,L210E-278,NT,132,0,64.77922279792746,3744.549015544041,0.0,0.0,9192.693419154959,17805.353376158615,93.69027731369047,
D7_I210_E,L210E-286,AM,36,0,65.34072164948451,1503.600310880829,0.0,0.0,4282.564766839378,3120.565979817583,-27.133244919477868,
D7_I210_E,L210E-286,MD,72,0,65.34072164948451,1503.600310880829,0.0,0.0,8217.23834196891,6874.594216865802,-16.339359639182632,
D7_I210_E,L210E-286,PM,48,0,65.34072164948451,1503.600310880829,0.0,0.0,5920.046632124352,4920.434080396535,-16.885214151921563,
D7_I210_E,L210E-286,NT,132,0,65.34072164948451,1503.600310880829,0.0,0.0,6047.798221248864,6171.685030100314,2.0484613460841876,
D7_I210_E,L210E-291,AM,36,0,65.34072164948451,1503.600310880829,0.0,0.0,4282.564766839378,3120.565979817583,-27.133244919477868,
D7_I210_E,L210E-291,MD,72,0,65.34072164948451,1503.600310880829,0.0,0.0,8217.23834196891,6874.594216865802,-16.339359639182632,
D7_I210_E,L210E-291,PM,48,0,65.34072164948451,1503.600310880829,0.0,0.0,5920.046632124352,4920.434080396535,-16.885214151921563,
D7_I210_E,L210E-291,NT,132,0,65.34072164948451,1503.600310880829,0.0,0.0,6047.798221248864,6171.685030100314,2.0484613460841876,
D7_I210_E,L210E-292,AM,36,0,65.41405927835049,1627.9691191709844,0.0,0.0,4396.347150259067,3398.276863455049,-22.702262871693478,
D7_I210_E,L210E-292,MD,72,0,65.41405927835049,1627.9691191709844,0.0,0.0,8662.779792746114,7483.844427952055,-13.609203892972726,
D7_I210_E,L210E-292,PM,48,0,65.41405927835049,1627.9691191709844,0.0,0.0,6384.702072538859,5306.50253077057,-16.887233413845827,
D7_I210_E,L210E-292,NT,132,0,65.41405927835049,1627.9691191709844,0.0,0.0,6538.606725068105,6886.2065290805585,5.3161142522887035,
D7_I210_E,L210E-298,AM,36,0,67.0575129533678,5728.284248704663,0.0,0.0,15998.927461139898,15745.762774107494,-1.5823853670648889,
D7_I210_E,L210E-298,MD,72,0,67.0575129533678,5728.284248704663,0.0,0.0,31857.62176165803,32711.39593259182,2.6799683206777924,
D7_I210_E,L210E-298,PM,48,0,67.0575129533678,5728.284248704663,0.0,0.0,22143.020725388596,22108.95182388966,-0.15385841851231308,
D7_I210_E,L210E-298,NT,132,0,67.0575129533678,5728.284248704663,0.0,0.0,28756.31694353934,33077.77768675392,15.027865883170694,
D7_I210_E,L210E-304,AM,36,0,70.90664948453609,7421.638134715026,0.0,0.0,18511.020725388604,16665.186326219697,-9.971543042125557,
D7_I210_E,L210E-304,MD,72,0,70.90664948453609,7421.638134715026,0.0,0.0,41250.87046632124,39815.04670165171,-3.4807114333303453,
D7_I210_E,L210E-304,PM,48,15,70.90664948453609,7421.638134715026,8554.19170984456,9272.139410615571,27710.81865284974,29461.19750397579,6.316590184700457,8.392934424707416
D7_I210_E,L210E-304,NT,132,0,70.90664948453609,7421.638134715026,0.0,0.0,30174.693686234707,37733.60901890494,25.05051223144152,
D7_I210_E,L210E-310,AM,36,0,63.18178756476683,4701.055336787565,0.0,0.0,12333.36787564767,11635.00678716532,-5.662371345147902,
D7_I210_E,L210E-310,MD,72,9,63.18178756476683,4701.055336787565,3257.580310880829,3474.2343217472535,26923.507772020723,27095.95666819928,0.6405142213963984,6.6507649908972635
D7_I210_E,L210E-310,PM,48,48,63.18178756476683,4701.055336787565,15480.891191709845,17605.905771818634,15480.891191709845,17605.905771818634,13.726694114656354,13.726694114656354
D7_I210_E,L210E-310,NT,132,2,63.18178756476683,4701.055336787565,714.0984455958549,780.4405262743418,24137.163880134613,28679.326939079452,18.818130752648756,9.29032699729938
D7_I210_E,L210E-314,AM,36,0,68.6063261844987,6716.527772020725,0.0,0.0,17208.461139896375,16644.617122270312,-3.276551070094454,
D7_I210_E,L210E-314,MD,72,24,68.6063261844987,6716.527772020725,12526.787564766837,13037.37473771795,37116.891191709845,38693.93744869415,4.24886407872582,4.07596257469236
D7_I210_E,L210E-314,PM,48,48,68.6063261844987,6716.527772020725,24386.295336787567,25147.231632701023,24386.295336787567,25147.231632701023,3.120343969448928,3.120343969448928
D7_I210_E,L210E-314,NT,132,8,68.6063261844987,6716.527772020725,4037.222797927461,4433.951145340943,33353.90662891939,42854.26810725425,28.483504448314324,9.826763774769761
D7_I210_E,L210E-315,AM,36,0,63.41768695582505,5343.7106735751295,0.0,0.0,13960.119170984457,13703.244527466188,-1.8400605351003942,
D7_I210_E,L210E-315,MD,72,15,63.41768695582505,5343.7106735751295,6300.709844559585,6571.165599471796,30353.751295336788,30905.847716143606,1.8188737709386056,4.292464842604026
D7_I210_E,L210E-315,PM,48,48,63.41768695582505,5343.7106735751295,19918.720207253886,20576.09072745071,19918.720207253886,20576.09072745071,3.3002648431068806,3.3002648431068806
D7_I210_E,L210E-315,NT,132,4,63.41768695582505,5343.7106735751295,1684.0310880829015,1779.5036726991686,30806.926926980395,31686.313344038866,2.854508725076091,5.669288725836585
D7_I210_E,L210E-317,AM,36,0,68.93284386517814,6279.676476683938,0.0,0.0,17789.720207253882,16911.725847767055,-4.93540285770666,
D7_I210_E,L210E-317,MD,72,0,68.93284386517814,6279.676476683938,0.0,0.0,34847.05699481865,35414.492152781124,1.6283589114766326,
D7_I210_E,L210E-317,PM,48,0,68.93284386517814,6279.676476683938,0.0,0.0,23936.943005181343,24193.81467685344,1.0731181154439546,
D7_I210_E,L210E-317,NT,132,0,68.93284386517814,6279.676476683938,0.0,0.0,31185.925511457724,34525.57606380808,10.708838995730202,
D7_I210_E,L210E-319,AM,36,0,68.43683937823828,5854.90756476684,0.0,0.0,14998.927461139898,14178.708670651344,-5.468516283005069,
D7_I210_E,L210E-319,MD,72,17,68.43683937823828,5854.90756476684,7575.720207253886,8029.87574743328,33266.38860103626,33775.51218622048,1.530444411294954,5.994882700981116
D7_I210_E,L210E-319,PM,48,48,68.43683937823828,5854.90756476684,18241.00518134715,20138.565392922705,18241.00518134715,20138.565392922705,10.402717354172768,10.402717354172768
D7_I210_E,L210E-319,NT,132,5,68.43683937823828,5854.90756476684,2204.5751295336786,2400.7597628809353,26069.63682495593,38149.8609841787,46.33829094104838,8.898976982869012
D7_I210_W,L210W-001,AM,36,18,70.74041450777203,6915.329533678757,8797.58549222798,9867.178889310895,18855.82383419689,19084.510645942806,1.2128179270065633,12.157806230218766
D7_I210_W,L210W-001,MD,72,12,70.74041450777203,6915.329533678757,5912.362694300518,6812.222360270418,35577.41450777202,40791.545081609984,14.655732143489294,15.21996725331751
D7_I210_W,L210W-001,PM,48,7,70.74041450777203,6915.329533678757,3380.367875647668,4031.399556942339,23284.803108808293,27271.004887746534,17.11932783073575,19.259196195323433
D7_I210_W,L210W-001,NT,132,0,70.74041450777203,6915.329533678757,0.0,0.0,28811.14750814593,41569.080915377766,44.281240112441616,
D7_I210_W,L210W-004,AM,36,0,66.04080310880832,4490.365803108808,0.0,0.0,10367.689119170984,10371.585445325472,0.037581433140041816,
D7_I210_W,L210W-004,MD,72,0,66.04080310880832,4490.365803108808,0.0,0.0,21427.248704663212,25564.1523438614,19.30674206575981,
D7_I210_W,L210W-004,PM,48,0,66.04080310880832,4490.365803108808,0.0,0.0,16551.87046632124,16288.442165283926,-1.5915319152196294,
D7_I210_W,L210W-004,NT,132,0,66.04080310880832,4490.365803108808,0.0,0.0,14491.479247903422,28148.18922202605,94.23958548675031,
D7_I210_W,L210W-006,AM,36,0,63.535647000694404,4203.429948186528,0.0,0.0,9532.58031088083,8333.033816310333,-12.5836494994046,
D7_I210_W,L210W-006,MD,72,0,63.535647000694404,4203.429948186528,0.0,0.0,20269.145077720208,23380.85461340571,15.351952555245587,
D7_I210_W,L210W-006,PM,48,0,63.535647000694404,4203.429948186528,0.0,0.0,15644.751295336788,14766.256238256981,-5.6152701982655255,
D7_I210_W,L210W-006,NT,132,0,63.535647000694404,4203.429948186528,0.0,0.0,17537.072111532503,23373.458251388984,33.28027679157704,
D7_I210_W,L210W-008,AM,36,0,63.504041450777194,2484.8420207253885,0.0,0.0,5770.401554404145,4926.592170417804,-14.623061775351154,
D7_I210_W,L210W-008,MD,72,0,63.504041450777194,2484.8420207253885,0.0,0.0,12437.686528497408,13010.737154152292,4.607373118319885,
D7_I210_W,L210W-008,PM,48,0,63.504041450777194,2484.8420207253885,0.0,0.0,9792.766839378239,9654.058310219503,-1.416438596301169,
D7_I210_W,L210W-008,NT,132,0,63.504041450777194,2484.8420207253885,0.0,0.0,11568.101049623418,12912.882370721973,11.624909873538254,
D7_I210_W,L210W-022,AM,36,0,68.45432642487046,5319.473160621761,0.0,0.0,7876.917098445596,5896.694008652907,-25.139570025225478,
D7_I210_W,L210W-022,MD,72,0,68.45432642487046,5319.473160621761,0.0,0.0,18895.388601036266,28890.09617802286,52.89495647863237,
D7_I210_W,L210W-022,PM,48,9,68.45432642487046,5319.473160621761,3804.108808290155,3986.8439721395443,19711.08808290155,20859.123132284614,5.8243108881387915,4.803626106886353
D7_I210_W,L210W-022,NT,132,0,68.45432642487046,5319.473160621761,0.0,0.0,11772.043640831153,39660.070674677176,236.90047271925522,
D7_I210_W,L210W-028,AM,36,7,65.06262886597938,4653.550259067358,2518.103626943005,2705.2961791226617,11458.362694300517,11708.579550627863,2.1837051505779805,7.43387008289685
D7_I210_W,L210W-028,MD,72,2,65.06262886597938,4653.550259067358,650.4922279792746,775.2631885814874,22185.181347150257,27380.279736385826,23.41697508775556,19.18100712591267
D7_I210_W,L210W-028,PM,48,0,65.06262886597938,4653.550259067358,0.0,0.0,15163.808290155439,16851.384428609384,11.128973053223998,
D7_I210_W,L210W-028,NT,132,0,65.06262886597938,4653.550259067358,0.0,0.0,12036.032824101278,29274.4030913089,143.2230247219752,
D7_I210_W,L210W-029,AM,36,0,63.05350034720363,4510.128808290155,0.0,0.0,11120.424870466319,9618.985815254238,-13.5016339096864,
D7_I210_W,L210W-029,MD,72,0,63.05350034720363,4510.128808290155,0.0,0.0,22296.450777202073,23351.35989427293,4.731287179345564,
D7_I210_W,L210W-029,PM,48,0,63.05350034720363,4510.128808290155,0.0,0.0,15883.538860103627,14188.329536692228,-10.67274326170118,
D7_I210_W,L210W-029,NT,132,0,63.05350034720363,4510.128808290155,0.0,0.0,19430.778484055336,18765.60717932368,-3.4232869531063144,
D7_I210_W,L210W-034,AM,36,0,65.29139896373056,3562.0461139896374,0.0,0.0,7764.191709844561,6094.360176561779,-21.506830275269085,
D7_I210_W,L210W-034,MD,72,0,65.29139896373056,3562.0461139896374,0.0,0.0,15995.40932642487,17910.066090179782,11.970039182378692,
D7_I210_W,L210W-034,PM,48,0,65.29139896373056,3562.0461139896374,0.0,0.0,13625.341968911918,13692.931486900992,0.49605740643639434,
D7_I210_W,L210W-034,NT,132,0,65.29139896373056,3562.0461139896374,0.0,0.0,12402.799289567864,18900.73556096628,52.390884667979,
D7_I210_W,L210W-038,AM,36,0,66.87613989637305,5335.3147150259065,0.0,0.0,9986.82383419689,8201.295278689007,-17.878843015072263,
D7_I210_W,L210W-038,MD,72,0,66.87613989637305,5335.3147150259065,0.0,0.0,22798.974093264245,28689.38319588047,25.836290170426977,
D7_I210_W,L210W-038,PM,48,0,66.87613989637305,5335.3147150259065,0.0,0.0,19306.45595854922,18932.45328639038,-1.9371896787365863,
D7_I210_W,L210W-038,NT,132,0,66.87613989637305,5335.3147150259065,0.0,0.0,15526.062817157203,35665.93165939394,129.71652298083586,
D7_I210_W,L210W-052,AM,36,0,68.83303108808288,5689.623419689119,0.0,0.0,8238.81865284974,7276.520723233837,-11.680047469949502,
D7_I210_W,L210W-052,MD,72,0,68.83303108808288,5689.623419689119,0.0,0.0,20063.0414507772,31071.20026177686,54.867846622393465,
D7_I210_W,L210W-052,PM,48,0,68.83303108808288,5689.623419689119,0.0,0.0,20957.088082901555,21717.075673954492,3.626398801429837,
D7_I210_W,L210W-052,NT,132,0,68.83303108808288,5689.623419689119,0.0,0.0,12294.192724747612,43441.15691530057,253.34696541608324,
D7_I210_W,L210W-053,AM,36,0,68.33386010362695,5313.592227979275,0.0,0.0,7768.222797927461,6031.539811831907,-22.35624583989656,
D7_I210_W,L210W-053,MD,72,0,68.33386010362695,5313.592227979275,0.0,0.0,18918.81865284974,28411.641916079738,50.176617459146144,
D7_I210_W,L210W-053,PM,48,0,68.33386010362695,5313.592227979275,0.0,0.0,19713.124352331604,19953.31320243022,1.2184210164037657,
D7_I210_W,L210W-053,NT,132,0,68.33386010362695,5313.592227979275,0.0,0.0,12477.142727418404,40209.30867195721,222.2637550149814,
D7_I210_W,L210W-054,AM,36,0,67.83378238341969,4356.999481865285,0.0,0.0,6402.062176165804,6036.671920691658,-5.707383736984862,
D7_I210_W,L210W-054,MD,72,0,67.83378238341969,4356.999481865285,0.0,0.0,15237.23834196891,24761.116143746905,62.50396291003576,
D7_I210_W,L210W-054,PM,48,0,67.83378238341969,4356.999481865285,0.0,0.0,16018.19170984456,17153.986046602957,7.0906526612511085,
D7_I210_W,L210W-054,NT,132,0,67.83378238341969,4356.999481865285,0.0,0.0,9295.163319267132,34723.903021794074,273.5695848379331,
D7_I210_W,L210W-058,AM,36,0,66.18989637305698,5781.466632124352,0.0,0.0,8967.658031088084,7581.1827139893285,-15.460840637458254,
D7_I210_W,L210W-058,MD,72,0,66.18989637305698,5781.466632124352,0.0,0.0,21536.642487046633,32369.0085138482,50.29737589467239,
D7_I210_W,L210W-058,PM,48,0,66.18989637305698,5781.466632124352,0.0,0.0,21605.336787564767,22668.920742549442,4.922783502254104,
D7_I210_W,L210W-058,NT,132,0,66.18989637305698,5781.466632124352,0.0,0.0,17532.372442711392,43051.72678072497,145.55562529486735,
D7_I210_W,L210W-065,AM,36,0,66.8383160621762,3905.708082901554,0.0,0.0,6942.575129533679,6085.325667450566,-12.347716028831698,
D7_I210_W,L210W-065,MD,72,0,66.8383160621762,3905.708082901554,0.0,0.0,15854.797927461139,19732.413675492404,24.457049315747383,
D7_I210_W,L210W-065,PM,48,0,66.8383160621762,3905.708082901554,0.0,0.0,14760.56476683938,14522.550562066224,-1.612500663307073,
D7_I210_W,L210W-065,NT,132,0,66.8383160621762,3905.708082901554,0.0,0.0,10573.047994231078,23075.055099332345,118.24411571689335,
D7_I210_W,L210W-072,AM,36,21,68.44063057528979,7555.048290155441,11526.222797927461,12220.815769353165,20575.031088082902,20926.487932118565,1.708171630609238,6.026197685078575
D7_I210_W,L210W-072,MD,72,55,68.44063057528979,7555.048290155441,28951.40414507772,33910.165619816704,37714.33160621761,44611.852751386876,18.288859569851525,17.12787901370949
D7_I210_W,L210W-072,PM,48,43,68.44063057528979,7555.048290155441,21328.04663212435,24933.574723403544,23786.78238341969,28038.112658097718,17.872658042398246,16.90510225089502
D7_I210_W,L210W-072,NT,132,0,68.44063057528979,7555.048290155441,0.0,0.0,30302.61166604348,48260.857669867415,59.26303053260453,
D7_I210_W,L210W-079,AM,36,32,63.896735751295346,5302.401450777202,12003.735751295335,12914.916342438339,13749.891191709841,14585.526728117964,6.077397448148162,7.590808478474523
D7_I210_W,L210W-079,MD,72,23,63.896735751295346,5302.401450777202,8984.854922279792,9937.049758021616,29268.072538860102,30947.103250478765,5.7367314140326915,10.597776413514053
D7_I210_W,L210W-079,PM,48,0,63.896735751295346,5302.401450777202,0.0,0.0,20156.00518134715,18721.729957157324,-7.115870487655656,
D7_I210_W,L210W-079,NT,132,0,63.896735751295346,5302.401450777202,0.0,0.0,23764.461139896368,34851.04607482042,46.6519517091495,
D7_I210_W,L210W-099,AM,36,0,64.66395051012225,1660.0548186528497,0.0,0.0,4760.367875647668,3658.1844140779867,-23.15332533874233,
D7_I210_W,L210W-099,MD,72,0,64.66395051012225,1660.0548186528497,0.0,0.0,9015.357512953367,7769.743729784991,-13.816576673511443,
D7_I210_W,L210W-099,PM,48,0,64.66395051012225,1660.0548186528497,0.0,0.0,6367.103626943004,5370.392734194911,-15.654070534213016,
D7_I210_W,L210W-099,NT,132,0,64.66395051012225,1660.0548186528497,0.0,0.0,6994.368516639069,7069.099756855107,1.0684487103912068,
D7_I210_W,L210W-105,AM,36,15,66.66945595854925,5715.813575129534,6112.170984455957,7095.843576826982,15325.150259067357,15511.362617119281,1.2150768827975984,16.09366941586928
D7_I210_W,L210W-105,MD,72,2,66.66945595854925,5715.813575129534,818.880829015544,950.2585553506053,28127.76683937824,33225.342171427896,18.12292942116245,16.043570893337826
D7_I210_W,L210W-105,PM,48,0,66.66945595854925,5715.813575129534,0.0,0.0,18997.963730569947,21890.893028070044,15.227575641935958,
D7_I210_W,L210W-105,NT,132,0,66.66945595854925,5715.813575129534,0.0,0.0,20935.46415789755,33431.80413808365,59.68981574011135,
D7_I210_W,L210W-106,AM,36,0,67.99134715025909,2123.8911917098444,0.0,0.0,5957.756476683937,5725.043907486799,-3.906043661030346,
D7_I210_W,L210W-106,MD,72,0,67.99134715025909,2123.8911917098444,0.0,0.0,10732.927461139896,11479.93160089476,6.959929082344966,
D7_I210_W,L210W-106,PM,48,0,67.99134715025909,2123.8911917098444,0.0,0.0,7377.575129533679,6642.573620005323,-9.962643505804774,
D7_I210_W,L210W-106,NT,132,0,67.99134715025909,2123.8911917098444,0.0,0.0,6602.994337909299,9979.762273664404,51.13994898296836,
D7_I210_W,L210W-108,AM,36,36,66.71654145077719,6263.486891191709,14281.404145077719,18014.165941763247,14281.404145077719,18014.165941763247,26.137218432909314,26.137218432909314
D7_I210_W,L210W-108,MD,72,24,66.71654145077719,6263.486891191709,10491.42487046632,12460.924717109536,32766.748704663216,36963.69162643455,12.808542463579986,18.772472480715344
D7_I210_W,L210W-108,PM,48,0,66.71654145077719,6263.486891191709,0.0,0.0,23527.65803108808,22687.927619703467,-3.569120268048115,
D7_I210_W,L210W-108,NT,132,0,66.71654145077719,6263.486891191709,0.0,0.0,31689.743336360236,45327.43287993663,43.03502681868917,
D7_I210_W,L210W-112,AM,36,36,70.17953367875647,5785.68279792746,12691.694300518133,14496.907440657214,12691.694300518133,14496.907440657214,14.223578801968028,14.223578801968028
D7_I210_W,L210W-112,MD,72,32,70.17953367875647,5785.68279792746,13133.963730569947,14818.090743069832,30500.098445595853,33785.97127844586,10.773318777023423,12.822686639372971
D7_I210_W,L210W-112,PM,48,0,70.17953367875647,5785.68279792746,0.0,0.0,21642.202072538857,21659.761328572393,0.08113433177770649,
D7_I210_W,L210W-112,NT,132,1,70.17953367875647,5785.68279792746,390.6113989637306,479.6351506717401,29488.0504246568,42566.23381751532,44.35079025069433,22.790873984779854
D7_I210_W,L210W-113,AM,36,36,69.34520725388599,5949.4498445595855,13061.60103626943,14648.11421421581,13061.60103626943,14648.11421421581,12.146391346213624,12.146391346213624
D7_I210_W,L210W-113,MD,72,34,69.34520725388599,5949.4498445595855,14505.538860103627,16194.227462680976,31522.78238341969,34748.71801881602,10.233664008964842,11.641681283705758
D7_I210_W,L210W-113,PM,48,0,69.34520725388599,5949.4498445595855,0.0,0.0,22297.528497409327,22352.354704363916,0.24588468161822985,
D7_I210_W,L210W-113,NT,132,1,69.34520725388599,5949.4498445595855,402.52331606217615,494.16418475167245,29571.877864430317,42442.4347810559,43.52296115799451,22.766598860906957
D7_I210_W,L210W-129,AM,36,29,67.17459844559585,5569.870569948186,11308.52331606218,12084.609769601426,14395.375647668394,15192.100884642223,5.534591499895133,6.8628452349470255
D7_I210_W,L210W-129,MD,72,32,67.17459844559585,5569.870569948186,12851.608808290155,14310.044936920905,29483.84455958549,32791.0842204631,11.21712487051622,11.348276705169866
D7_I210_W,L210W-129,PM,48,0,67.17459844559585,5569.870569948186,0.0,0.0,20728.077720207253,21997.555774687622,6.124436967171289,
D7_I210_W,L210W-129,NT,132,0,67.17459844559585,5569.870569948186,0.0,0.0,22144.944928155543,40513.4033814959,82.94650771511431,
D7_I210_W,L210W-130,AM,36,32,64.19880829015544,5791.971295336787,12794.310880829016,13637.907568222417,14620.569948186527,15438.882031251433,5.59699167655503,6.593529696526647
D7_I210_W,L210W-130,MD,72,42,64.19880829015544,5791.971295336787,17075.093264248702,19236.74197021436,29968.0518134715,33638.972002792245,12.249445550112679,12.659659730770843
D7_I210_W,L210W-130,PM,48,0,64.19880829015544,5791.971295336787,0.0,0.0,21306.160621761657,22376.2105803476,5.022256133247288,
D7_I210_W,L210W-130,NT,132,0,64.19880829015544,5791.971295336787,0.0,0.0,20839.947144917467,42265.375771436986,102.80941922515787,
D7_I210_W,L210W-132,AM,36,32,69.34549222797932,5868.884766839378,13507.683937823836,14575.572966690223,15452.160621761659,16426.81620058608,6.307568259753843,7.905789280989269
D7_I210_W,L210W-132,MD,72,20,69.34549222797932,5868.884766839378,8682.683937823833,9652.050528106927,32084.378238341964,34292.14653887293,6.88113163400063,11.164365733276359
D7_I210_W,L210W-132,PM,48,0,69.34549222797932,5868.884766839378,0.0,0.0,22138.03626943005,20826.998188163176,-5.922106483659793,
D7_I210_W,L210W-132,NT,132,0,69.34549222797932,5868.884766839378,0.0,0.0,24491.092943753007,40607.464449357605,65.8050318236836,
D7_I210_W,L210W-136,AM,36,0,65.27256476683931,1501.121347150259,0.0,0.0,4279.989637305698,3055.397115522503,-28.612044083220955,
D7_I210_W,L210W-136,MD,72,0,65.27256476683931,1501.121347150259,0.0,0.0,8222.336787564767,6798.387288934981,-17.31806340970279,
D7_I210_W,L210W-136,PM,48,0,65.27256476683931,1501.121347150259,0.0,0.0,5914.036269430051,4887.631678216975,-17.355398994061172,
D7_I210_W,L210W-136,NT,132,0,65.27256476683931,1501.121347150259,0.0,0.0,6048.578601570429,5786.790307453573,-4.328096092673505,
D7_I210_W,L210W-137,AM,36,0,65.27256476683931,1501.121347150259,0.0,0.0,4279.989637305698,3055.397115522503,-28.612044083220955,
D7_I210_W,L210W-137,MD,72,0,65.27256476683931,1501.121347150259,0.0,0.0,8222.336787564767,6798.387288934981,-17.31806340970279,
D7_I210_W,L210W-137,PM,48,0,65.27256476683931,1501.121347150259,0.0,0.0,5914.036269430051,4887.631678216975,-17.355398994061172,
D7_I210_W,L210W-137,NT,132,0,65.27256476683931,1501.121347150259,0.0,0.0,6048.578601570429,5786.790307453573,-4.328096092673505,
D7_I210_W,L210W-141,AM,36,14,66.57748704663211,4240.085129533679,4722.966321243523,4938.574119880755,12159.834196891192,12494.549420515857,2.7526298319942524,4.565092866901136
D7_I210_W,L210W-141,MD,72,0,66.57748704663211,4240.085129533679,0.0,0.0,23199.699481865282,24523.646404344927,5.706741690833307,
D7_I210_W,L210W-141,PM,48,0,66.57748704663211,4240.085129533679,0.0,0.0,15182.440414507771,14344.581156933917,-5.51860725086876,
D7_I210_W,L210W-141,NT,132,0,66.57748704663211,4240.085129533679,0.0,0.0,18612.67918380428,26506.99976395246,42.413671359131236,
D7_I210_W,L210W-143,AM,36,36,70.15847150259066,6176.384766839378,13778.917098445596,17759.7412556617,13778.917098445596,17759.7412556617,28.890689513366624,28.890689513366624
D7_I210_W,L210W-143,MD,72,26,70.15847150259066,6176.384766839378,11200.725388601037,13249.141719159426,32362.455958549224,36356.37062580178,12.341197690212619,18.28824705088351
D7_I210_W,L210W-143,PM,48,0,70.15847150259066,6176.384766839378,0.0,0.0,23135.82383419689,22614.86428568767,-2.251744101453586,
D7_I210_W,L210W-143,NT,132,0,70.15847150259066,6176.384766839378,0.0,0.0,29770.65007211153,46300.3727807189,55.523553125539706,
D7_I210_W,L210W-150,AM,36,18,70.96727979274613,7519.968186528497,10393.709844559586,10760.749473389926,21102.85492227979,20613.15662671774,-2.3205310246673707,3.5313630486082963
D7_I210_W,L210W-150,MD,72,72,70.96727979274613,7519.968186528497,35853.64766839378,42921.655720131275,35853.64766839378,42921.655720131275,19.713497820664386,19.713497820664386
D7_I210_W,L210W-150,PM,48,46,70.96727979274613,7519.968186528497,22119.103626943004,24737.789283146405,23046.176165803106,25988.908017493322,12.768850808563922,11.839022504572078
D7_I210_W,L210W-150,NT,132,0,70.96727979274613,7519.968186528497,0.0,0.0,27844.44741199722,47518.50002108349,70.6570050322112,
D7_I210_W,L210W-151,AM,36,27,66.00354922279791,4111.254715025907,7816.99481865285,9162.353770331774,10714.559585492229,12119.294239234707,13.11052164612088,17.210692636876765
D7_I210_W,L210W-151,MD,72,0,66.00354922279791,4111.254715025907,0.0,0.0,21834.088082901555,23151.057289962228,6.031711524018268,
D7_I210_W,L210W-151,PM,48,0,66.00354922279791,4111.254715025907,0.0,0.0,14731.761658031086,12932.066483431117,-12.216428804486236,
D7_I210_W,L210W-151,NT,132,0,66.00354922279791,4111.254715025907,0.0,0.0,19053.0076918968,24327.481989587486,27.683158391490636,
D7_I210_W,L210W-154,AM,36,32,69.32475482078948,5691.749844559586,12772.310880829014,13475.87278322078,14662.331606217616,15292.370246126753,4.296988070041783,5.508493403866317
D7_I210_W,L210W-154,MD,72,24,69.32475482078948,5691.749844559586,10195.621761658029,11057.692812829957,31655.445595854922,33187.74157386652,4.8405446493296065,8.455306319952543
D7_I210_W,L210W-154,PM,48,0,69.32475482078948,5691.749844559586,0.0,0.0,21604.746113989637,20296.28095013918,-6.056378339031687,
D7_I210_W,L210W-154,NT,132,0,69.32475482078948,5691.749844559586,0.0,0.0,25053.86376261952,39229.92852717682,56.582349528490894,
D7_I210_W,L210W-155,AM,36,31,69.72386010362696,5482.269948186528,11531.968911917098,12372.086602456322,13806.445595854922,14586.086641375567,5.646935267355952,7.285119279770597
D7_I210_W,L210W-155,MD,72,32,69.72386010362696,5482.269948186528,12651.658031088082,13931.959357889282,29363.398963730568,32059.06379308139,9.1803569221686,10.119632728415521
D7_I210_W,L210W-155,PM,48,0,69.72386010362696,5482.269948186528,0.0,0.0,20203.792746113988,21626.035013216497,7.039481571479018,
D7_I210_W,L210W-155,NT,132,0,69.72386010362696,5482.269948186528,0.0,0.0,23495.43552694835,36164.56878243247,53.92167870628795,
D7_I210_W,L210W-159,AM,36,0,65.81455958549226,4234.1490155440415,0.0,0.0,8361.062176165804,6280.959237523123,-24.87845317754316,
D7_I210_W,L210W-159,MD,72,0,65.81455958549226,4234.1490155440415,0.0,0.0,17983.766839378237,21183.371820061664,17.791628468388488,
D7_I210_W,L210W-159,PM,48,22,65.81455958549226,4234.1490155440415,7143.243523316062,7727.343168997413,15708.487046632124,16704.996598381505,6.343765308467636,8.176952721474601
D7_I210_W,L210W-159,NT,132,0,65.81455958549226,4234.1490155440415,0.0,0.0,12480.533518508626,24854.4923154242,99.14607238997432,
D7_I210_W,L210W-161,AM,36,0,65.34072164948451,1503.600310880829,0.0,0.0,4282.564766839378,3120.565979817583,-27.133244919477868,
D7_I210_W,L210W-161,MD,72,0,65.34072164948451,1503.600310880829,0.0,0.0,8217.23834196891,6874.594216865802,-16.339359639182632,
D7_I210_W,L210W-161,PM,48,0,65.34072164948451,1503.600310880829,0.0,0.0,5920.046632124352,4920.434080396535,-16.885214151921563,
D7_I210_W,L210W-161,NT,132,0,65.34072164948451,1503.600310880829,0.0,0.0,6047.798221248864,6171.685030100314,2.0484613460841876,
D7_I210_W,L210W-167,AM,36,0,67.28515544041454,2954.0791709844557,0.0,0.0,5168.295336787564,4564.798845108235,-11.676896391421053,
D7_I210_W,L210W-167,MD,72,0,67.28515544041454,2954.0791709844557,0.0,0.0,11078.808290155439,8205.927465758543,-25.931316339770227,
D7_I210_W,L210W-167,PM,48,0,67.28515544041454,2954.0791709844557,0.0,0.0,10274.21243523316,5843.693384536995,-43.1227121166258,
D7_I210_W,L210W-167,NT,132,0,67.28515544041454,2954.0791709844557,0.0,0.0,5652.340847176967,15512.216112486467,174.43879503894328,
D7_I210_W,L210W-169,AM,36,0,64.11461139896376,2860.2192746113988,0.0,0.0,5685.917098445596,4897.865852239699,-13.8597034139195,
D7_I210_W,L210W-169,MD,72,0,64.11461139896376,2860.2192746113988,0.0,0.0,12009.663212435233,13393.48469059146,11.522566900322145,
D7_I210_W,L210W-169,PM,48,0,64.11461139896376,2860.2192746113988,0.0,0.0,10855.139896373057,9804.099912282301,-9.682417676090306,
D7_I210_W,L210W-169,NT,132,0,64.11461139896376,2860.2192746113988,0.0,0.0,9235.62250948133,13632.264397875471,47.60525761940279,
D7_I210_W,L210W-172,AM,36,0,66.22175257731955,1617.8183937823835,0.0,0.0,4002.2720207253888,2981.28606777033,-25.5101589214321,
D7_I210_W,L210W-172,MD,72,0,66.22175257731955,1617.8183937823835,0.0,0.0,8067.505181347149,6640.965395967521,-17.68253943831268,
D7_I210_W,L210W-172,PM,48,0,66.22175257731955,1617.8183937823835,0.0,0.0,6178.772020725388,4827.1378035576645,-21.875450536675434,
D7_I210_W,L210W-172,NT,132,0,66.22175257731955,1617.8183937823835,0.0,0.0,6338.792265370439,5750.493045909735,-9.280935465808703,
D7_I210_W,L210W-176,AM,36,0,60.2665383793601,5091.110984455959,0.0,0.0,9983.797927461139,8462.443004700854,-15.238238331884618,
D7_I210_W,L210W-176,MD,72,0,60.2665383793601,5091.110984455959,0.0,0.0,22814.08808290155,27903.304268705906,22.307339952888864,
D7_I210_W,L210W-176,PM,48,0,60.2665383793601,5091.110984455959,0.0,0.0,18498.316062176164,19119.23435630012,3.356620635288845,
D7_I210_W,L210W-176,NT,132,0,60.2665383793601,5091.110984455959,0.0,0.0,19065.0069440735,28622.126013627225,50.12911402334752,
D7_I210_W,L210W-177,AM,36,33,70.46818652849736,7423.443730569948,15747.134715025904,16053.454649059855,17557.108808290155,17854.281328725985,1.6926051075989819,1.9452423541005233
D7_I210_W,L210W-177,MD,72,72,70.46818652849736,7423.443730569948,37589.26424870466,40420.444174156364,37589.26424870466,40420.444174156364,7.531884387838919,7.531884387838919
D7_I210_W,L210W-177,PM,48,1,70.46818652849736,7423.443730569948,538.4974093264248,618.0988457551416,26094.854922279792,28056.519129257755,7.517436723907951,14.782139161688015
D7_I210_W,L210W-177,NT,132,0,70.46818652849736,7423.443730569948,0.0,0.0,38899.41984936703,44775.50943370443,15.105854038676666,
D7_I210_W,L210W-180,AM,36,0,65.27256476683931,1501.121347150259,0.0,0.0,4279.989637305698,3055.397115522503,-28.612044083220955,
D7_I210_W,L210W-180,MD,72,0,65.27256476683931,1501.121347150259,0.0,0.0,8222.336787564767,6798.387288934981,-17.31806340970279,
D7_I210_W,L210W-180,PM,48,0,65.27256476683931,1501.121347150259,0.0,0.0,5914.036269430051,4887.631678216975,-17.355398994061172,
D7_I210_W,L210W-180,NT,132,0,65.27256476683931,1501.121347150259,0.0,0.0,6048.578601570429,5786.790307453573,-4.328096092673505,
D7_I210_W,L210W-181,AM,36,0,65.28251295336796,2035.4446632124352,0.0,0.0,5693.725388601037,5015.423761761683,-11.913142635879993,
D7_I210_W,L210W-181,MD,72,0,65.28251295336796,2035.4446632124352,0.0,0.0,11097.077720207253,10023.75245843526,-9.672143323079725,
D7_I210_W,L210W-181,PM,48,0,65.28251295336796,2035.4446632124352,0.0,0.0,7694.968911917099,6510.638263166,-15.390973794799113,
D7_I210_W,L210W-181,NT,132,0,65.28251295336796,2035.4446632124352,0.0,0.0,9815.418914587895,10909.73635557942,11.148963182459033,
D7_I210_W,L210W-182,AM,36,36,72.52795310079587,6491.086321243523,16554.0414507772,17581.892336890836,16554.0414507772,17581.892336890836,6.209063141287345,6.209063141287345
D7_I210_W,L210W-182,MD,72,27,72.52795310079587,6491.086321243523,12790.906735751292,14416.115335784272,34641.02590673575,38410.93680883745,10.882792306011533,12.705968651076411
D7_I210_W,L210W-182,PM,48,0,72.52795310079587,6491.086321243523,0.0,0.0,23228.528497409327,24073.403118259757,3.637228337320892,
D7_I210_W,L210W-182,NT,132,0,72.52795310079587,6491.086321243523,0.0,0.0,31494.475134875276,45563.66145414802,44.67191867469254,
D7_I210_W,L210W-184,AM,36,0,65.34072164948451,1503.600310880829,0.0,0.0,4282.564766839378,3120.565979817583,-27.133244919477868,
D7_I210_W,L210W-184,MD,72,0,65.34072164948451,1503.600310880829,0.0,0.0,8217.23834196891,6874.594216865802,-16.339359639182632,
D7_I210_W,L210W-184,PM,48,0,65.34072164948451,1503.600310880829,0.0,0.0,5920.046632124352,4920.434080396535,-16.885214151921563,
D7_I210_W,L210W-184,NT,132,0,65.34072164948451,1503.600310880829,0.0,0.0,6047.798221248864,6171.685030100314,2.0484613460841876,
D7_I210_W,L210W-188,AM,36,0,63.10515463917524,3979.454300518135,0.0,0.0,7884.072538860104,6554.713731225735,-16.86132136763129,
D7_I210_W,L210W-188,MD,72,0,63.10515463917524,3979.454300518135,0.0,0.0,17978.55958549223,22419.373637647397,24.7006109195682,
D7_I210_W,L210W-188,PM,48,0,63.10515463917524,3979.454300518135,0.0,0.0,14534.222797927461,14700.688085884143,1.1453332611663245,
D7_I210_W,L210W-188,NT,132,0,63.10515463917524,3979.454300518135,0.0,0.0,16056.474867795521,23828.39975276545,48.40368106300893,
D7_I210_W,L210W-190,AM,36,0,65.27256476683931,1501.121347150259,0.0,0.0,4279.989637305698,3055.397115522503,-28.612044083220955,
D7_I210_W,L210W-190,MD,72,0,65.27256476683931,1501.121347150259,0.0,0.0,8222.336787564767,6798.387288934981,-17.31806340970279,
D7_I210_W,L210W-190,PM,48,0,65.27256476683931,1501.121347150259,0.0,0.0,5914.036269430051,4887.631678216975,-17.355398994061172,
D7_I210_W,L210W-190,NT,132,0,65.27256476683931,1501.121347150259,0.0,0.0,6048.578601570429,5786.790307453573,-4.328096092673505,
D7_I210_W,L210W-192,AM,36,0,65.27256476683931,1501.121347150259,0.0,0.0,4279.989637305698,3055.397115522503,-28.612044083220955,
D7_I210_W,L210W-192,MD,72,0,65.27256476683931,1501.121347150259,0.0,0.0,8222.336787564767,6798.387288934981,-17.31806340970279,
D7_I210_W,L210W-192,PM,48,0,65.27256476683931,1501.121347150259,0.0,0.0,5914.036269430051,4887.631678216975,-17.355398994061172,
D7_I210_W,L210W-192,NT,132,0,65.27256476683931,1501.121347150259,0.0,0.0,6048.578601570429,5786.790307453573,-4.328096092673505,
D7_I210_W,L210W-197,AM,36,0,64.22940708295499,3367.4201036269433,0.0,0.0,7910.5854922279805,6388.778605567106,-19.23760116310006,
D7_I210_W,L210W-197,MD,72,0,64.22940708295499,3367.4201036269433,0.0,0.0,16014.036269430051,16659.425692216846,4.030148376888651,
D7_I210_W,L210W-197,PM,48,0,64.22940708295499,3367.4201036269433,0.0,0.0,12672.300518134714,13008.285321214149,2.6513323496284125,
D7_I210_W,L210W-197,NT,132,0,64.22940708295499,3367.4201036269433,0.0,0.0,13523.132151060305,16172.263931786929,19.58963168542958,
D7_I210_W,L210W-202,AM,36,0,69.09123711340207,10702.809326424871,0.0,0.0,28500.958549222796,25843.01568470293,-9.325801656563401,
D7_I210_W,L210W-202,MD,72,0,69.09123711340207,10702.809326424871,0.0,0.0,58389.067357512955,59462.328304595474,1.8381196954405918,
D7_I210_W,L210W-202,PM,48,0,69.09123711340207,10702.809326424871,0.0,0.0,41454.979274611396,41384.06660940479,-0.17105946365780456,
D7_I210_W,L210W-202,NT,132,0,69.09123711340207,10702.809326424871,0.0,0.0,95132.87086694085,61793.352412434775,-35.04521428890435,
D7_I210_W,L210W-206,AM,36,0,67.67256343144065,4929.635440414508,0.0,0.0,9708.445595854922,9061.660024915349,-6.662091933807843,
D7_I210_W,L210W-206,MD,72,0,67.67256343144065,4929.635440414508,0.0,0.0,22174.336787564767,22954.363572233113,3.5177006290703576,
D7_I210_W,L210W-206,PM,48,21,67.67256343144065,4929.635440414508,8372.207253886008,8575.444845168968,18642.772020725388,19058.13609764564,2.2280167158536766,2.427526996403791
D7_I210_W,L210W-206,NT,132,0,67.67256343144065,4929.635440414508,0.0,0.0,21061.152475829287,23935.763151716645,13.648876428706302,
D7_I210_W,L210W-210,AM,36,0,65.77735150365899,2222.518445595855,0.0,0.0,6355.606217616581,5268.798091568575,-17.099991548179496,
D7_I210_W,L210W-210,MD,72,0,65.77735150365899,2222.518445595855,0.0,0.0,11854.248704663212,10766.74906675123,-9.173922911573321,
D7_I210_W,L210W-210,PM,48,0,65.77735150365899,2222.518445595855,0.0,0.0,8129.709844559586,7104.133756384717,-12.615162260202748,
D7_I210_W,L210W-210,NT,132,0,65.77735150365899,2222.518445595855,0.0,0.0,9815.253672346562,10305.421840324288,4.993942941675807,
D7_I210_W,L210W-211,AM,36,27,70.0255958549223,6296.594922279793,12429.487046632124,13501.278647472005,17115.906735751294,18025.86079061507,5.3164233067657705,8.622975323268001
D7_I210_W,L210W-211,MD,72,16,70.0255958549223,6296.594922279793,7449.704663212435,8270.729445875813,34554.932642487045,37077.05805047248,7.298886772779733,11.02090377780613
D7_I210_W,L210W-211,PM,48,0,70.0255958549223,6296.594922279793,0.0,0.0,23331.683937823836,24745.403195508134,6.059225135449679,
D7_I210_W,L210W-211,NT,132,0,70.0255958549223,6296.594922279793,0.0,0.0,27675.26654559051,39960.34044197933,44.39008338420572,
D7_I210_W,L210W-221,AM,36,0,67.65191709844564,5317.825803108808,0.0,0.0,7805.549222797928,6893.082864143611,-11.689969950983672,
D7_I210_W,L210W-221,MD,72,0,67.65191709844564,5317.825803108808,0.0,0.0,19322.139896373053,28488.677895606263,47.440594304742895,
D7_I210_W,L210W-221,PM,48,27,67.65191709844564,5317.825803108808,11452.694300518133,11754.707292152605,19677.56476683938,20740.60200085143,5.402280447850345,2.637047525321695
D7_I210_W,L210W-221,NT,132,0,67.65191709844564,5317.825803108808,0.0,0.0,12860.857699909193,38331.35002243936,198.04660713033164,
D7_I210_W,L210W-222,AM,36,36,69.8513471502591,6543.266424870466,16865.64766839378,18310.455090157266,16865.64766839378,18310.455090157266,8.566569456274452,8.566569456274452
D7_I210_W,L210W-222,MD,72,26,69.8513471502591,6543.266424870466,12546.093264248704,14031.0254848826,35137.63730569948,38729.41042014044,10.22201089729605,11.835813662133003
D7_I210_W,L210W-222,PM,48,0,69.8513471502591,6543.266424870466,0.0,0.0,23405.813471502588,24738.792928198178,5.695078525335339,
D7_I210_W,L210W-222,NT,132,0,69.8513471502591,6543.266424870466,0.0,0.0,31864.81170877624,47063.460222472844,47.697280161585184,
D7_I210_W,L210W-228,AM,36,0,67.18809411890388,7332.415336787565,0.0,0.0,21631.145077720208,21613.939657347597,-0.07954003503186001,
D7_I210_W,L210W-228,MD,72,0,67.18809411890388,7332.415336787565,0.0,0.0,41308.68911917098,42677.79897463241,3.31433866495182,
D7_I210_W,L210W-228,PM,48,0,67.18809411890388,7332.415336787565,0.0,0.0,27639.57512953368,26703.49084385402,-3.3867535274788994,
D7_I210_W,L210W-228,NT,132,0,67.18809411890388,7332.415336787565,0.0,0.0,40375.54938304578,45763.54112795389,13.344689613488207,
D7_I210_W,L210W-230,AM,36,0,70.55298341434754,7748.279378238342,0.0,0.0,21815.409326424866,20516.58032329474,-5.953722819020693,
D7_I210_W,L210W-230,MD,72,3,70.55298341434754,7748.279378238342,1924.4300518134714,1931.6508852221027,44186.9689119171,44491.688696922574,0.6896145911544762,0.3752193228237516
D7_I210_W,L210W-230,PM,48,48,70.55298341434754,7748.279378238342,29801.937823834196,29481.7027233192,29801.937823834196,29481.7027233192,-1.074544556155971,-1.074544556155971
D7_I210_W,L210W-230,NT,132,0,70.55298341434754,7748.279378238342,0.0,0.0,41142.9472250414,46823.12099864747,13.80594769387078,
D7_I210_W,L210W-231,AM,36,16,66.44258466428076,6407.603005181347,7945.129533678756,8468.872677840287,18062.68911917098,17230.746748643956,-4.605861093208071,6.592002583990938
D7_I210_W,L210W-231,MD,72,72,66.44258466428076,6407.603005181347,30949.435233160624,37730.283865070924,30949.435233160624,37730.283865070924,21.909442226735663,21.909442226735663
D7_I210_W,L210W-231,PM,48,45,66.44258466428076,6407.603005181347,18656.86528497409,22379.517242963462,19923.834196891192,23970.120345305,20.30877244022222,19.95325528231975
D7_I210_W,L210W-231,NT,132,0,66.44258466428076,6407.603005181347,0.0,0.0,30791.86939800224,39392.58758085769,27.93178313302881,
D7_I210_W,L210W-233,AM,36,36,69.72157216494843,6245.428290155441,14918.20725388601,16641.753416006126,14918.20725388601,16641.753416006126,11.55330619013322,11.55330619013322
D7_I210_W,L210W-233,MD,72,27,69.72157216494843,6245.428290155441,12272.010362694298,13812.656632366883,33341.30051813471,36954.464811764105,10.836902692695364,12.554147398343124
D7_I210_W,L210W-233,PM,48,0,69.72157216494843,6245.428290155441,0.0,0.0,22583.787564766833,23289.61901591801,3.125390057478011,
D7_I210_W,L210W-233,NT,132,0,69.72157216494843,6245.428290155441,0.0,0.0,30766.277682816093,45012.63536270244,46.305106606521235,
D7_I210_W,L210W-234,AM,36,36,66.35414507772022,5393.644041450777,12742.668393782384,15198.443149559786,12742.668393782384,15198.443149559786,19.272060449879277,19.272060449879277
D7_I210_W,L210W-234,MD,72,26,66.35414507772022,5393.644041450777,10137.865284974094,11608.871962220292,28839.668393782387,31945.10764185142,10.767943672814706,14.510023914269807
D7_I210_W,L210W-234,PM,48,0,66.35414507772022,5393.644041450777,0.0,0.0,20042.761658031086,19739.27225860718,-1.5142094916959659,
D7_I210_W,L210W-234,NT,132,0,66.35414507772022,5393.644041450777,0.0,0.0,27739.65474600716,40105.47761934437,44.57814268621041,
D7_I210_W,L210W-236,AM,36,0,65.15369264462376,1852.1651813471503,0.0,0.0,5291.243523316061,4052.848033364859,-23.404620945797834,
D7_I210_W,L210W-236,MD,72,0,65.15369264462376,1852.1651813471503,0.0,0.0,9934.316062176165,8686.427158780112,-12.561397237473198,
D7_I210_W,L210W-236,PM,48,0,65.15369264462376,1852.1651813471503,0.0,0.0,6913.290155440414,5930.116726434856,-14.221498113048964,
D7_I210_W,L210W-236,NT,132,0,65.15369264462376,1852.1651813471503,0.0,0.0,7820.49748945035,8215.72561979734,5.053746655889124,
D7_I210_W,L210W-238,AM,36,0,67.40512953367876,5011.302590673575,0.0,0.0,8482.544041450778,6089.377252092805,-28.21284248762553,
D7_I210_W,L210W-238,MD,72,0,67.40512953367876,5011.302590673575,0.0,0.0,20037.678756476682,26942.777731376387,34.460573297033235,
D7_I210_W,L210W-238,PM,48,0,67.40512953367876,5011.302590673575,0.0,0.0,17692.746113989637,19006.251118143467,7.4239747503935725,
D7_I210_W,L210W-238,NT,132,0,67.40512953367876,5011.302590673575,0.0,0.0,12068.754713957585,35864.83196846448,197.17094114926866,
D7_I210_W,L210W-239,AM,36,0,65.34072164948451,1503.600310880829,0.0,0.0,4282.564766839378,3120.565979817583,-27.133244919477868,
D7_I210_W,L210W-239,MD,72,0,65.34072164948451,1503.600310880829,0.0,0.0,8217.23834196891,6874.594216865802,-16.339359639182632,
D7_I210_W,L210W-239,PM,48,0,65.34072164948451,1503.600310880829,0.0,0.0,5920.046632124352,4920.434080396535,-16.885214151921563,
D7_I210_W,L210W-239,NT,132,0,65.34072164948451,1503.600310880829,0.0,0.0,6047.798221248864,6171.685030100314,2.0484613460841876,
D7_I210_W,L210W-242,AM,36,36,65.7279792746114,5708.935958549223,13529.088082901559,15686.625419963279,13529.088082901559,15686.625419963279,15.947396630438648,15.947396630438648
D7_I210_W,L210W-242,MD,72,28,65.7279792746114,5708.935958549223,11765.78756476684,13138.242586309967,30936.26424870466,33751.26223421892,9.099346847065178,11.664795186792274
D7_I210_W,L210W-242,PM,48,0,65.7279792746114,5708.935958549223,0.0,0.0,21496.83419689119,20922.975675931015,-2.6695024751280036,
D7_I210_W,L210W-242,NT,132,0,65.7279792746114,5708.935958549223,0.0,0.0,29722.694621013834,40969.39211600542,37.83875465665289,
D7_I210_W,L210W-246,AM,36,0,65.27256476683931,1501.121347150259,0.0,0.0,4279.989637305698,3055.397115522503,-28.612044083220955,
D7_I210_W,L210W-246,MD,72,0,65.27256476683931,1501.121347150259,0.0,0.0,8222.336787564767,6798.387288934981,-17.31806340970279,
D7_I210_W,L210W-246,PM,48,0,65.27256476683931,1501.121347150259,0.0,0.0,5914.036269430051,4887.631678216975,-17.355398994061172,
D7_I210_W,L210W-246,NT,132,0,65.27256476683931,1501.121347150259,0.0,0.0,6048.578601570429,5786.790307453573,-4.328096092673505,
D7_I210_W,L210W-251,AM,36,0,65.29113989637307,4222.558756476684,0.0,0.0,7092.637305699483,6713.6395638904905,-5.343537607716639,
D7_I210_W,L210W-251,MD,72,3,65.29113989637307,4222.558756476684,1029.3523316062176,1053.9529312082182,17479.20725388601,23789.568598443446,36.10210264629997,2.389910514275845
D7_I210_W,L210W-251,PM,48,48,65.29113989637307,4222.558756476684,16339.497409326426,16530.44273421471,16339.497409326426,16530.44273421471,1.1686119842296618,1.1686119842296618
D7_I210_W,L210W-251,NT,132,1,65.29113989637307,4222.558756476684,292.1347150259067,351.7740233803993,13494.242321457185,32566.181251837355,141.33389986671497,20.415002150361943
D7_I210_W,L210W-256,AM,36,0,69.35453367875647,7348.191295336787,0.0,0.0,10491.36787564767,11630.179997814816,10.854753504645775,
D7_I210_W,L210W-256,MD,72,0,69.35453367875647,7348.191295336787,0.0,0.0,26828.22279792746,38597.264913118444,43.86813917506369,
D7_I210_W,L210W-256,PM,48,29,69.35453367875647,7348.191295336787,16783.57512953368,17034.976380453158,27144.41968911917,28217.456720935545,3.9530667595981046,1.497900471021166
D7_I210_W,L210W-256,NT,132,0,69.35453367875647,7348.191295336787,0.0,0.0,18474.076678596226,50497.96201945673,173.34498442329664,
D7_I210_W,L210W-261,AM,36,0,63.615827012445926,3038.3626943005183,0.0,0.0,5999.077720207255,4483.7213434771475,-25.25982238279379,
D7_I210_W,L210W-261,MD,72,0,63.615827012445926,3038.3626943005183,0.0,0.0,14000.20725388601,15079.721431067317,7.7107014032357855,
D7_I210_W,L210W-261,PM,48,0,63.615827012445926,3038.3626943005183,0.0,0.0,11866.808290155439,11500.901418884681,-3.0834480706519,
D7_I210_W,L210W-261,NT,132,0,63.615827012445926,3038.3626943005183,0.0,0.0,13378.024170717374,16445.817121385648,22.931584750633387,
D7_I210_W,L210W-263,AM,36,0,65.27256476683931,1501.121347150259,0.0,0.0,4279.989637305698,3055.397115522503,-28.612044083220955,
D7_I210_W,L210W-263,MD,72,0,65.27256476683931,1501.121347150259,0.0,0.0,8222.336787564767,6798.387288934981,-17.31806340970279,
D7_I210_W,L210W-263,PM,48,0,65.27256476683931,1501.121347150259,0.0,0.0,5914.036269430051,4887.631678216975,-17.355398994061172,
D7_I210_W,L210W-263,NT,132,0,65.27256476683931,1501.121347150259,0.0,0.0,6048.578601570429,5786.790307453573,-4.328096092673505,
D7_I210_W,L210W-265,AM,36,7,66.7919170984456,3861.6854922279795,1778.2590673575128,2241.4720790458105,9459.787564766839,11462.105308505912,21.166624832007265,26.048679868486808
D7_I210_W,L210W-265,MD,72,0,66.7919170984456,3861.6854922279795,0.0,0.0,20581.974093264245,22224.92057184528,7.982453340657505,
D7_I210_W,L210W-265,PM,48,0,66.7919170984456,3861.6854922279795,0.0,0.0,14479.994818652849,13196.475750121617,-8.86408513681115,
D7_I210_W,L210W-265,NT,132,0,66.7919170984456,3861.6854922279795,0.0,0.0,20369.079028898028,25991.87871486161,27.604584762945844,
D7_I210_W,L210W-274,AM,36,0,65.04421678863305,3875.3101554404147,0.0,0.0,5437.041450777201,4608.525796324671,-15.238354571199695,
D7_I210_W,L210W-274,MD,72,0,65.04421678863305,3875.3101554404147,0.0,0.0,12603.575129533678,20218.873388012515,60.42173097880836,
D7_I210_W,L210W-274,PM,48,0,65.04421678863305,3875.3101554404147,0.0,0.0,13992.0310880829,14807.023358170178,5.8246888172040405,
D7_I210_W,L210W-274,NT,132,0,65.04421678863305,3875.3101554404147,0.0,0.0,9101.064259387853,22098.226083224785,142.80925234024372,
D7_I210_W,L210W-281,AM,36,0,65.27256476683931,1501.121347150259,0.0,0.0,4279.989637305698,3055.397115522503,-28.612044083220955,
D7_I210_W,L210W-281,MD,72,0,65.27256476683931,1501.121347150259,0.0,0.0,8222.336787564767,6798.387288934981,-17.31806340970279,
D7_I210_W,L210W-281,PM,48,0,65.27256476683931,1501.121347150259,0.0,0.0,5914.036269430051,4887.631678216975,-17.355398994061172,
D7_I210_W,L210W-281,NT,132,0,65.27256476683931,1501.121347150259,0.0,0.0,6048.578601570429,5786.790307453573,-4.328096092673505,
D7_I210_W,L210W-282,AM,36,0,65.40919689119178,1928.6042487046632,0.0,0.0,5550.624352331606,4616.191621294775,-16.83473194586319,
D7_I210_W,L210W-282,MD,72,0,65.40919689119178,1928.6042487046632,0.0,0.0,10242.981865284974,9470.861371694891,-7.538044133485351,
D7_I210_W,L210W-282,PM,48,0,65.40919689119178,1928.6042487046632,0.0,0.0,7044.772020725389,6211.166207520839,-11.832970758345633,
D7_I210_W,L210W-282,NT,132,0,65.40919689119178,1928.6042487046632,0.0,0.0,8328.102184712356,9646.555059733615,15.831372451715389,
D7_I210_W,L210W-285,AM,36,0,65.86862133433033,2300.806787564767,0.0,0.0,6588.196891191708,5478.223334529529,-16.847911120358177,
D7_I210_W,L210W-285,MD,72,0,65.86862133433033,2300.806787564767,0.0,0.0,12288.02590673575,11223.979311409305,-8.659215104219317,
D7_I210_W,L210W-285,PM,48,0,65.86862133433033,2300.806787564767,0.0,0.0,8376.699481865284,7354.339348446412,-12.204808536252004,
D7_I210_W,L210W-285,NT,132,0,65.86862133433033,2300.806787564767,0.0,0.0,10173.768121361038,10314.710035520911,1.3853462402386523,
D7_I210_W,L210W-291,AM,36,36,70.14186528497413,5860.112642487046,12890.917098445594,14580.733993996715,12890.917098445594,14580.733993996715,13.10858554629043,13.10858554629043
D7_I210_W,L210W-291,MD,72,35,70.14186528497413,5860.112642487046,14766.134715025904,16625.997295170033,31114.072538860102,34433.80922326246,10.669566577169078,12.595459922572335
D7_I210_W,L210W-291,PM,48,0,70.14186528497413,5860.112642487046,0.0,0.0,21547.062176165804,21962.970212079836,1.93023082457193,
D7_I210_W,L210W-291,NT,132,1,70.14186528497413,5860.112642487046,399.23834196891187,486.8876676259342,29086.52537257625,42118.06806815452,44.80267934603439,21.954135272871035
D7_I210_W,L210W-294,AM,36,20,66.62129026227231,5287.888911917098,7571.233160621761,8751.748927103656,14044.46113989637,15417.802337441959,9.77852538353581,15.592120087145073
D7_I210_W,L210W-294,MD,72,5,66.62129026227231,5287.888911917098,1893.8756476683934,2199.5690064293876,28161.663212435233,30857.511886158918,9.57276086070545,16.141152621997247
D7_I210_W,L210W-294,PM,48,0,66.62129026227231,5287.888911917098,0.0,0.0,19820.78238341969,20416.48738469076,3.0054565442854844,
D7_I210_W,L210W-294,NT,132,0,66.62129026227231,5287.888911917098,0.0,0.0,22913.821296939266,33746.64962130548,47.27639350933236,
D7_I210_W,L210W-298,AM,36,0,66.00049222797932,6646.322176165803,0.0,0.0,19389.512953367877,18795.850618531502,-3.0617702273602436,
D7_I210_W,L210W-298,MD,72,0,66.00049222797932,6646.322176165803,0.0,0.0,36656.49740932642,36709.24750711524,0.14390381383082806,
D7_I210_W,L210W-298,PM,48,0,66.00049222797932,6646.322176165803,0.0,0.0,24388.119170984457,21760.499551013698,-10.774179023599926,
D7_I210_W,L210W-298,NT,132,0,66.00049222797932,6646.322176165803,0.0,0.0,33736.1781956092,38352.75373455719,13.684346555736541,
D7_I210_W,L210W-299,AM,36,32,68.96883713476844,5650.807150259067,12041.518134715025,13788.517272107376,13894.321243523316,15592.19336426219,12.219899705646418,14.50813026935408
D7_I210_W,L210W-299,MD,72,20,68.96883713476844,5650.807150259067,8022.3626943005165,9328.50528399891,29770.461139896368,33017.45545102691,10.906765252551418,16.28127073619273
D7_I210_W,L210W-299,PM,48,0,68.96883713476844,5650.807150259067,0.0,0.0,20466.02590673575,19360.857736651466,-5.400013540100885,
D7_I210_W,L210W-299,NT,132,0,68.96883713476844,5650.807150259067,0.0,0.0,23368.420436942473,37188.310327496336,59.139170008711375,
D7_I210_W,L210W-301,AM,36,33,68.17956973452273,5567.279378238341,12917.222797927461,13078.70353522011,14279.813471502588,14416.113391751645,0.9544937020435409,1.2501196257028035
D7_I210_W,L210W-301,MD,72,36,68.17956973452273,5567.279378238341,14662.150259067357,15655.844932697448,30170.03626943005,32220.08670678274,6.794988309079077,6.777277930401583
D7_I210_W,L210W-301,PM,48,0,68.17956973452273,5567.279378238341,0.0,0.0,21001.989637305698,21801.631084269724,3.8074556781212188,
D7_I210_W,L210W-301,NT,132,0,68.17956973452273,5567.279378238341,0.0,0.0,24173.76462261631,40420.30820091773,67.20733750795937,
D7_I210_W,L210W-305,AM,36,35,68.82265544041451,6531.993886010362,17794.854922279792,18766.623427670704,18310.0621761658,19308.121290607025,5.450877800624827,5.460952110231722
D7_I210_W,L210W-305,MD,72,35,68.82265544041451,6531.993886010362,17398.77979274611,18961.981942778424,35989.4481865285,38966.268465499845,8.271369606843889,8.984550460740028
D7_I210_W,L210W-305,PM,48,0,68.82265544041451,6531.993886010362,0.0,0.0,24136.593264248706,25504.916644053013,5.669082479137923,
D7_I210_W,L210W-305,NT,132,0,68.82265544041451,6531.993886010362,0.0,0.0,32675.242214625287,45923.80591576332,40.54618360321759,
D7_I210_W,L210W-306,AM,36,33,65.0120725388601,5384.192953367876,13716.663212435233,14676.616266101797,14987.005181347151,16015.030384573323,6.859443836755686,6.998444437975931
D7_I210_W,L210W-306,MD,72,21,65.0120725388601,5384.192953367876,8675.00518134715,9416.114157463368,30041.518134715025,31951.238801317468,6.356937948470821,8.543037849818678
D7_I210_W,L210W-306,PM,48,0,65.0120725388601,5384.192953367876,0.0,0.0,20216.43005181347,20351.04852791699,0.6658864881608824,
D7_I210_W,L210W-306,NT,132,0,65.0120725388601,5384.192953367876,0.0,0.0,31462.621574702207,37817.469982172006,20.19808931808616,
D7_I210_W,L210W-308,AM,36,19,66.36301613161689,6478.495647668394,9199.290155440412,9299.81425406872,18031.00518134715,17647.124029915656,-2.129005829517564,1.0927375583306118
D7_I210_W,L210W-308,MD,72,36,66.36301613161689,6478.495647668394,16713.61139896373,19055.902489831395,33003.0207253886,38476.260485412626,16.5840569733472,14.014272768199515
D7_I210_W,L210W-308,PM,48,35,66.36301613161689,6478.495647668394,15850.0725388601,18687.189322380334,21563.445595854922,25539.919067321338,18.44080740153513,17.899708512780553
D7_I210_W,L210W-308,NT,132,0,66.36301613161689,6478.495647668394,0.0,0.0,27137.14056407243,41156.507279210375,51.66117882625612,
D7_I405_N,L405N-002,AM,36,0,68.93284386517814,6279.676476683938,0.0,0.0,17789.720207253882,16911.725847767055,-4.93540285770666,
D7_I405_N,L405N-002,MD,72,0,68.93284386517814,6279.676476683938,0.0,0.0,34847.05699481865,35414.492152781124,1.6283589114766326,
D7_I405_N,L405N-002,PM,48,0,68.93284386517814,6279.676476683938,0.0,0.0,23936.943005181343,24193.81467685344,1.0731181154439546,
D7_I405_N,L405N-002,NT,132,0,68.93284386517814,6279.676476683938,0.0,0.0,31185.925511457724,34525.57606380808,10.708838995730202,
D7_I405_N,L405N-006,AM,36,0,64.99642487046633,6176.550777202073,0.0,0.0,18153.772020725384,16641.32844542423,-8.331291004285285,
D7_I405_N,L405N-006,MD,72,0,64.99642487046633,6176.550777202073,0.0,0.0,34302.233160621756,33578.308785877285,-2.1104292870807044,
D7_I405_N,L405N-006,PM,48,0,64.99642487046633,6176.550777202073,0.0,0.0,22946.336787564767,22754.866218336818,-0.8344276082085245,
D7_I405_N,L405N-006,NT,132,0,64.99642487046633,6176.550777202073,0.0,0.0,30783.92543133379,34155.861627148704,10.953561472646847,
D7_I405_N,L405N-007,AM,36,0,70.85298341434755,7750.984352331606,0.0,0.0,21813.81347150259,20518.03040646544,-5.9401950361863705,
D7_I405_N,L405N-007,MD,72,3,70.85298341434755,7750.984352331606,1924.2331606217615,1932.3394296637443,44190.9585492228,44508.893358490095,0.7194566936427926,0.4212727026990601
D7_I405_N,L405N-007,PM,48,48,70.85298341434755,7750.984352331606,29798.725388601033,29492.76810644857,29798.725388601033,29492.76810644857,-1.02674620529072,-1.02674620529072
D7_I405_N,L405N-007,NT,132,0,70.85298341434755,7750.984352331606,0.0,0.0,41142.24071897869,46810.63085517028,13.777543558965167,
D7_I405_N,L405N-008,AM,36,0,66.48252957908228,6655.637564766839,0.0,0.0,16945.878238341964,14897.18659453645,-12.089616218120332,
D7_I405_N,L405N-008,MD,72,19,66.48252957908228,6655.637564766839,10141.743523316061,10061.59424537379,37426.067357512955,36773.833309162015,-1.7427266458975403,-0.7902909175134117
D7_I405_N,L405N-008,PM,48,48,66.48252957908228,6655.637564766839,22313.958549222796,21526.867214387472,22313.958549222796,21526.867214387472,-3.5273496322898694,-3.5273496322898694
D7_I405_N,L405N-008,NT,132,9,66.48252957908228,6655.637564766839,4622.5129533678755,4797.81598318549,38593.48458949842,36019.59434531029,-6.6692351612336775,3.7923750909100655
D7_I405_N,L405N-012,AM,36,0,69.62577132631802,6278.605492227979,0.0,0.0,17792.51813471502,16904.122826933006,-4.99308361557134,
D7_I405_N,L405N-012,MD,72,0,69.62577132631802,6278.605492227979,0.0,0.0,34841.66321243523,35405.36952908646,1.617908746819067,
D7_I405_N,L405N-012,PM,48,0,69.62577132631802,6278.605492227979,0.0,0.0,23942.97409326425,24186.153578159057,1.015661145301163,
D7_I405_N,L405N-012,NT,132,0,69.62577132631802,6278.605492227979,0.0,0.0,31183.093290956676,34414.26496289521,10.36193440397268,
D7_I405_N,L405N-021,AM,36,35,67.4061398963731,6945.733678756476,16832.787564766833,17284.104010443105,17376.979274611396,17862.299783725266,2.7928934105535044,2.6811747248621747
D7_I405_N,L405N-021,MD,72,47,67.4061398963731,6945.733678756476,23427.160621761654,25881.080233899225,36359.68911917098,40261.63657902983,10.731520412812088,10.47467788246651
D7_I405_N,L405N-021,PM,48,8,67.4061398963731,6945.733678756476,4090.243523316062,4624.779707868141,24492.751295336784,27109.998563228582,10.685803470311237,13.068566248073099
D7_I405_N,L405N-021,NT,132,0,67.4061398963731,6945.733678756476,0.0,0.0,34835.196570696,39999.85226044556,14.82596970356744,
D7_I405_N,L405N-024,AM,36,0,68.93284386517814,6279.676476683938,0.0,0.0,17789.720207253882,16911.725847767055,-4.93540285770666,
D7_I405_N,L405N-024,MD,72,0,68.93284386517814,6279.676476683938,0.0,0.0,34847.05699481865,35414.492152781124,1.6283589114766326,
D7_I405_N,L405N-024,PM,48,0,68.93284386517814,6279.676476683938,0.0,0.0,23936.943005181343,24193.81467685344,1.0731181154439546,
D7_I405_N,L405N-024,NT,132,0,68.93284386517814,6279.676476683938,0.0,0.0,31185.925511457724,34525.57606380808,10.708838995730202,
D7_I405_N,L405N-026,AM,36,0,69.62577132631802,6278.605492227979,0.0,0.0,17792.51813471502,16904.122826933006,-4.99308361557134,
D7_I405_N,L405N-026,MD,72,0,69.62577132631802,6278.605492227979,0.0,0.0,34841.66321243523,35405.36952908646,1.617908746819067,
D7_I405_N,L405N-026,PM,48,0,69.62577132631802,6278.605492227979,0.0,0.0,23942.97409326425,24186.153578159057,1.015661145301163,
D7_I405_N,L405N-026,NT,132,0,69.62577132631802,6278.605492227979,0.0,0.0,31183.093290956676,34414.26496289521,10.36193440397268,
D7_I405_N,L405N-028,AM,36,0,70.85298341434755,7750.984352331606,0.0,0.0,21813.81347150259,20518.03040646544,-5.9401950361863705,
D7_I405_N,L405N-028,MD,72,3,70.85298341434755,7750.984352331606,1924.2331606217615,1932.3394296637443,44190.9585492228,44508.893358490095,0.7194566936427926,0.4212727026990601
D7_I405_N,L405N-028,PM,48,48,70.85298341434755,7750.984352331606,29798.725388601033,29492.76810644857,29798.725388601033,29492.76810644857,-1.02674620529072,-1.02674620529072
D7_I405_N,L405N-028,NT,132,0,70.85298341434755,7750.984352331606,0.0,0.0,41142.24071897869,46810.63085517028,13.777543558965167,
D7_I405_N,L405N-029,AM,36,0,69.62577132631802,6278.605492227979,0.0,0.0,17792.51813471502,16904.122826933006,-4.99308361557134,
D7_I405_N,L405N-029,MD,72,0,69.62577132631802,6278.605492227979,0.0,0.0,34841.66321243523,35405.36952908646,1.617908746819067,
D7_I405_N,L405N-029,PM,48,0,69.62577132631802,6278.605492227979,0.0,0.0,23942.97409326425,24186.153578159057,1.015661145301163,
D7_I405_N,L405N-029,NT,132,0,69.62577132631802,6278.605492227979,0.0,0.0,31183.093290956676,34414.26496289521,10.36193440397268,
D7_I405_N,L405N-037,AM,36,0,68.93284386517814,6279.676476683938,0.0,0.0,17789.720207253882,16911.725847767055,-4.93540285770666,
D7_I405_N,L405N-037,MD,72,0,68.93284386517814,6279.676476683938,0.0,0.0,34847.05699481865,35414.492152781124,1.6283589114766326,
D7_I405_N,L405N-037,PM,48,0,68.93284386517814,6279.676476683938,0.0,0.0,23936.943005181343,24193.81467685344,1.0731181154439546,
D7_I405_N,L405N-037,NT,132,0,68.93284386517814,6279.676476683938,0.0,0.0,31185.925511457724,34525.57606380808,10.708838995730202,
D7_I405_N,L405N-041,AM,36,0,65.69124352331602,5250.53378238342,0.0,0.0,14476.238341968909,13108.423206145448,-9.448691735462438,
D7_I405_N,L405N-041,MD,72,0,65.69124352331602,5250.53378238342,0.0,0.0,28970.84455958549,28838.142747201236,-0.45805296463249623,
D7_I405_N,L405N-041,PM,48,0,65.69124352331602,5250.53378238342,0.0,0.0,20023.243523316058,20580.97333001955,2.785411894202082,
D7_I405_N,L405N-041,NT,132,0,65.69124352331602,5250.53378238342,0.0,0.0,28438.983040435873,26967.176428477822,-5.17531379327231,
D7_I405_N,L405N-042,AM,36,6,67.15088082901545,7025.8933678756475,3296.39896373057,3508.623655032849,20085.792746113988,19833.025789573287,-1.2584365463474392,6.438076629598929
D7_I405_N,L405N-042,MD,72,0,67.15088082901545,7025.8933678756475,0.0,0.0,39330.0103626943,40599.02058783576,3.2265697706124983,
D7_I405_N,L405N-042,PM,48,35,67.15088082901545,7025.8933678756475,18802.854922279792,20357.200313220936,25854.720207253886,27954.269867855008,8.120566162661722,8.266539296111763
D7_I405_N,L405N-042,NT,132,0,67.15088082901545,7025.8933678756475,0.0,0.0,40861.229902248815,40274.0857535183,-1.4369223592513527,
D7_I405_N,L405N-046,AM,36,0,70.55266839378224,7753.841658031088,0.0,0.0,21846.21243523316,20530.485457798044,-6.022677758608332,
D7_I405_N,L405N-046,MD,72,3,70.55266839378224,7753.841658031088,1924.9119170984454,1933.4319901092226,44215.63730569948,44512.55868410309,0.6715302469819593,0.4426214485502328
D7_I405_N,L405N-046,PM,48,48,70.55266839378224,7753.841658031088,29823.160621761657,29547.477803294896,29823.160621761657,29547.477803294896,-0.9243916899458273,-0.9243916899458273
D7_I405_N,L405N-046,NT,132,0,70.55266839378224,7753.841658031088,0.0,0.0,41182.71406441963,46881.95908127872,13.838925253794839,
D7_I405_N,L405N-051,AM,36,0,69.62577132631802,6278.605492227979,0.0,0.0,17792.51813471502,16904.122826933006,-4.99308361557134,
D7_I405_N,L405N-051,MD,72,0,69.62577132631802,6278.605492227979,0.0,0.0,34841.66321243523,35405.36952908646,1.617908746819067,
D7_I405_N,L405N-051,PM,48,0,69.62577132631802,6278.605492227979,0.0,0.0,23942.97409326425,24186.153578159057,1.015661145301163,
D7_I405_N,L405N-051,NT,132,0,69.62577132631802,6278.605492227979,0.0,0.0,31183.093290956676,34414.26496289521,10.36193440397268,
D7_I405_N,L405N-054,AM,36,0,68.92569721168742,6281.96829015544,0.0,0.0,17816.647668393784,16969.86424204019,-4.752765178467127,
D7_I405_N,L405N-054,MD,72,0,68.92569721168742,6281.96829015544,0.0,0.0,34867.95336787564,35534.010636527004,1.9102275996072966,
D7_I405_N,L405N-054,PM,48,0,68.92569721168742,6281.96829015544,0.0,0.0,23946.989637305698,24251.040192373745,1.269681741517868,
D7_I405_N,L405N-054,NT,132,0,68.92569721168742,6281.96829015544,0.0,0.0,31228.67018321671,35759.53054561651,14.508656102925666,
D7_I405_N,L405N-056,AM,36,0,67.1273772768548,6244.655751295337,0.0,0.0,17865.40932642487,16631.550769150002,-6.906410789311483,
D7_I405_N,L405N-056,MD,72,0,67.1273772768548,6244.655751295337,0.0,0.0,34235.68911917098,34205.30986709039,-0.08873562315290401,
D7_I405_N,L405N-056,PM,48,0,67.1273772768548,6244.655751295337,0.0,0.0,23598.388601036266,23477.113030135435,-0.5139146276093831,
D7_I405_N,L405N-056,NT,132,0,67.1273772768548,6244.655751295337,0.0,0.0,31750.12627530581,32980.17707423754,3.874160336453273,
D7_I405_N,L405N-057,AM,36,0,68.46300518134719,6161.587772020725,0.0,0.0,17670.927461139894,16732.240955961446,-5.312038698832938,
D7_I405_N,L405N-057,MD,72,0,68.46300518134719,6161.587772020725,0.0,0.0,33682.834196891185,33416.844797159116,-0.7896882969444972,
D7_I405_N,L405N-057,PM,48,0,68.46300518134719,6161.587772020725,0.0,0.0,23292.19170984456,22986.22439592726,-1.3136046522748677,
D7_I405_N,L405N-057,NT,132,0,68.46300518134719,6161.587772020725,0.0,0.0,29458.681961433686,33054.64787167056,12.206811950869332,
D7_I405_N,L405N-061,AM,36,0,68.93284386517814,6279.676476683938,0.0,0.0,17789.720207253882,16911.725847767055,-4.93540285770666,
D7_I405_N,L405N-061,MD,72,0,68.93284386517814,6279.676476683938,0.0,0.0,34847.05699481865,35414.492152781124,1.6283589114766326,
D7_I405_N,L405N-061,PM,48,0,68.93284386517814,6279.676476683938,0.0,0.0,23936.943005181343,24193.81467685344,1.0731181154439546,
D7_I405_N,L405N-061,NT,132,0,68.93284386517814,6279.676476683938,0.0,0.0,31185.925511457724,34525.57606380808,10.708838995730202,
D7_I405_N,L405N-063,AM,36,0,68.93284386517814,6279.676476683938,0.0,0.0,17789.720207253882,16911.725847767055,-4.93540285770666,
D7_I405_N,L405N-063,MD,72,0,68.93284386517814,6279.676476683938,0.0,0.0,34847.05699481865,35414.492152781124,1.6283589114766326,
D7_I405_N,L405N-063,PM,48,0,68.93284386517814,6279.676476683938,0.0,0.0,23936.943005181343,24193.81467685344,1.0731181154439546,
D7_I405_N,L405N-063,NT,132,0,68.93284386517814,6279.676476683938,0.0,0.0,31185.925511457724,34525.57606380808,10.708838995730202,
D7_I405_N,L405N-069,AM,36,35,67.98634715025902,6372.7737823834195,16036.746113989633,17683.86152954668,16549.362694300515,18214.436702132396,10.061257575829922,10.270882907600493
D7_I405_N,L405N-069,MD,72,24,67.98634715025902,6372.7737823834195,10893.362694300518,12400.30273081799,33106.73056994818,36567.84468485125,10.454412306254147,13.833561580630313
D7_I405_N,L405N-069,PM,48,0,67.98634715025902,6372.7737823834195,0.0,0.0,22662.48186528497,24420.546194737355,7.7575983950170775,
D7_I405_N,L405N-069,NT,132,0,67.98634715025902,6372.7737823834195,0.0,0.0,29604.664681373863,39184.53285971062,32.35931999717615,
D7_I405_N,L405N-072,AM,36,0,68.93284386517814,6279.676476683938,0.0,0.0,17789.720207253882,16911.725847767055,-4.93540285770666,
D7_I405_N,L405N-072,MD,72,0,68.93284386517814,6279.676476683938,0.0,0.0,34847.05699481865,35414.492152781124,1.6283589114766326,
D7_I405_N,L405N-072,PM,48,0,68.93284386517814,6279.676476683938,0.0,0.0,23936.943005181343,24193.81467685344,1.0731181154439546,
D7_I405_N,L405N-072,NT,132,0,68.93284386517814,6279.676476683938,0.0,0.0,31185.925511457724,34525.57606380808,10.708838995730202,
D7_I405_N,L405N-074,AM,36,33,67.06722797927462,5404.836994818653,13796.989637305698,14646.5095245784,15066.21761658031,15989.939531907261,6.131080400102535,6.157284375829953
D7_I405_N,L405N-074,MD,72,22,67.06722797927462,5404.836994818653,8827.839378238341,9816.26092365431,29495.202072538857,31413.486490276806,6.503716818146309,11.196641704339845
D7_I405_N,L405N-074,PM,48,0,67.06722797927462,5404.836994818653,0.0,0.0,20511.093264248706,20840.683594385417,1.606888164811741,
D7_I405_N,L405N-074,NT,132,0,67.06722797927462,5404.836994818653,0.0,0.0,27443.29776721329,33194.031511228015,20.954966100630834,
D7_I405_N,L405N-076,AM,36,33,68.32502163345974,6876.02207253886,17968.554404145078,18667.758481119574,19614.886010362694,20352.411225768865,3.760028047150163,3.8912650469711707
D7_I405_N,L405N-076,MD,72,25,68.32502163345974,6876.02207253886,13185.031088082902,14209.943355992229,37557.0725388601,40871.86720935533,8.82601983172526,7.773301868326113
D7_I405_N,L405N-076,PM,48,13,68.32502163345974,6876.02207253886,6631.766839378238,7395.668041560837,24757.357512953364,27144.117399210576,9.64060839291281,11.518818750482772
D7_I405_N,L405N-076,NT,132,0,68.32502163345974,6876.02207253886,0.0,0.0,32104.062550077448,43523.30365815174,35.56945819633267,
D7_I405_N,L405N-088,AM,36,33,67.40042799529945,6788.65554404145,12844.81347150259,14041.32320704045,14495.82901554404,15689.658970288234,8.235679059569726,9.315119586535282
D7_I405_N,L405N-088,MD,72,71,67.40042799529945,6788.65554404145,31770.26424870466,35422.8027057802,32255.274611398963,35988.511950296466,11.574036754838797,11.496720419076976
D7_I405_N,L405N-088,PM,48,0,67.40042799529945,6788.65554404145,0.0,0.0,23191.963730569947,24829.11400838146,7.059127449624035,
D7_I405_N,L405N-088,NT,132,0,67.40042799529945,6788.65554404145,0.0,0.0,34938.401180492496,39932.857969276476,14.295035319396884,
D7_I405_N,L405N-092,AM,36,33,70.22940414507768,7319.102797927461,16355.093264248702,16403.810562869847,18157.0829015544,18174.626168808158,0.0966194148524561,0.297872337589402
D7_I405_N,L405N-092,MD,72,72,70.22940414507768,7319.102797927461,38432.78756476684,40160.12391970074,38432.78756476684,40160.12391970074,4.4944342171979965,4.4944342171979965
D7_I405_N,L405N-092,PM,48,2,70.22940414507768,7319.102797927461,1085.7461139896373,1218.4507464642347,26059.145077720204,27864.861535569355,6.929300452734284,12.222436789293823
D7_I405_N,L405N-092,NT,132,0,70.22940414507768,7319.102797927461,0.0,0.0,38668.73826184498,43948.178448317354,13.652993151011808,
D7_I405_N,L405N-093,AM,36,33,67.69452646760334,7594.30414507772,14438.466321243523,16289.931374355208,16287.43523316062,18125.686678374306,11.286316224122709,12.823142097769752
D7_I405_N,L405N-093,MD,72,70,67.69452646760334,7594.30414507772,35110.50259067357,39676.573640647446,36203.44041450777,40942.06079371154,13.088867590895775,13.004858128082642
D7_I405_N,L405N-093,PM,48,0,67.69452646760334,7594.30414507772,0.0,0.0,26036.922279792743,27608.188839579077,6.034763029598911,
D7_I405_N,L405N-093,NT,132,0,67.69452646760334,7594.30414507772,0.0,0.0,40433.417098445585,45287.67133300673,12.00555031681396,
D7_I405_N,L405N-097,AM,36,0,70.7201707975001,7406.674196891192,0.0,0.0,20476.20725388601,18334.963156174672,-10.45723004832825,
D7_I405_N,L405N-097,MD,72,29,70.7201707975001,7406.674196891192,16177.316062176164,16117.331298643892,40915.108808290155,41250.86270468985,0.8206110314233412,-0.37079552196251103
D7_I405_N,L405N-097,PM,48,48,70.7201707975001,7406.674196891192,22552.072538860102,20192.086027250065,22552.072538860102,20192.086027250065,-10.464610325917846,-10.464610325917846
D7_I405_N,L405N-097,NT,132,12,70.7201707975001,7406.674196891192,6313.3678756476675,6525.918412390913,41000.43274931895,42868.77537460426,4.556885135112005,3.366674347666464
D7_I405_N,L405N-098,AM,36,36,69.07190721649481,6890.691606217617,19838.072538860106,19793.740698567115,19838.072538860106,19793.740698567115,-0.22346848569159494,-0.22346848569159494
D7_I405_N,L405N-098,MD,72,72,69.07190721649481,6890.691606217617,38815.37564766839,39263.77345205839,38815.37564766839,39263.77345205839,1.1552066594953427,1.1552066594953427
D7_I405_N,L405N-098,PM,48,44,69.07190721649481,6890.691606217617,20086.329015544037,24402.07330654931,22060.196891191707,26691.332122743293,20.993172701013957,21.485978287349
D7_I405_N,L405N-098,NT,132,0,69.07190721649481,6890.691606217617,0.0,0.0,41587.84930025106,42684.10078722301,2.635989851404349,
D7_I405_N,L405N-101,AM,36,0,68.93284386517814,6279.676476683938,0.0,0.0,17789.720207253882,16911.725847767055,-4.93540285770666,
D7_I405_N,L405N-101,MD,72,0,68.93284386517814,6279.676476683938,0.0,0.0,34847.05699481865,35414.492152781124,1.6283589114766326,
D7_I405_N,L405N-101,PM,48,0,68.93284386517814,6279.676476683938,0.0,0.0,23936.943005181343,24193.81467685344,1.0731181154439546,
D7_I405_N,L405N-101,NT,132,0,68.93284386517814,6279.676476683938,0.0,0.0,31185.925511457724,34525.57606380808,10.708838995730202,
D7_I405_N,L405N-110,AM,36,0,68.93284386517814,6279.676476683938,0.0,0.0,17789.720207253882,16911.725847767055,-4.93540285770666,
D7_I405_N,L405N-110,MD,72,0,68.93284386517814,6279.676476683938,0.0,0.0,34847.05699481865,35414.492152781124,1.6283589114766326,
D7_I405_N,L405N-110,PM,48,0,68.93284386517814,6279.676476683938,0.0,0.0,23936.943005181343,24193.81467685344,1.0731181154439546,
D7_I405_N,L405N-110,NT,132,0,68.93284386517814,6279.676476683938,0.0,0.0,31185.925511457724,34525.57606380808,10.708838995730202,
D7_I405_N,L405N-112,AM,36,0,68.93284386517814,6279.676476683938,0.0,0.0,17789.720207253882,16911.725847767055,-4.93540285770666,
D7_I405_N,L405N-112,MD,72,0,68.93284386517814,6279.676476683938,0.0,0.0,34847.05699481865,35414.492152781124,1.6283589114766326,
D7_I405_N,L405N-112,PM,48,0,68.93284386517814,6279.676476683938,0.0,0.0,23936.943005181343,24193.81467685344,1.0731181154439546,
D7_I405_N,L405N-112,NT,132,0,68.93284386517814,6279.676476683938,0.0,0.0,31185.925511457724,34525.57606380808,10.708838995730202,
D7_I405_N,L405N-115,AM,36,0,68.19261551199186,8194.454611398964,0.0,0.0,17908.139896373053,16406.80487139002,-8.383534156370418,
D7_I405_N,L405N-115,MD,72,4,68.19261551199186,8194.454611398964,2631.559585492228,2726.265461609657,45288.73056994819,45613.176573021075,0.7163945621566558,3.5988497710461074
D7_I405_N,L405N-115,PM,48,48,68.19261551199186,8194.454611398964,26760.093264248702,28568.98088718864,26760.093264248702,28568.98088718864,6.759646183134199,6.759646183134199
D7_I405_N,L405N-115,NT,132,6,68.19261551199186,8194.454611398964,3700.7512953367877,4055.5369799727487,40931.09694994925,49094.9043716414,19.94524464290536,9.586855649635693
D7_I405_N,L405N-116,AM,36,0,65.95407216494846,7443.837823834197,0.0,0.0,17002.23316062176,16094.833615808478,-5.336943307628996,
D7_I405_N,L405N-116,MD,72,0,65.95407216494846,7443.837823834197,0.0,0.0,41366.33678756477,40954.79020400445,-0.9948828335315232,
D7_I405_N,L405N-116,PM,48,46,65.95407216494846,7443.837823834197,25187.740932642486,27451.63664911436,26389.12953367876,28692.032715784328,8.726711425500113,8.988085602936861
D7_I405_N,L405N-116,NT,132,1,65.95407216494846,7443.837823834197,571.5025906735751,620.0166518413021,42493.389802895144,43074.81566286246,1.36827366012513,8.48886111094406
D7_I405_N,L405N-117,AM,36,33,70.46818652849736,7423.443730569948,15747.134715025904,16053.454649059855,17557.108808290155,17854.281328725985,1.6926051075989819,1.9452423541005233
D7_I405_N,L405N-117,MD,72,72,70.46818652849736,7423.443730569948,37589.26424870466,40420.444174156364,37589.26424870466,40420.444174156364,7.531884387838919,7.531884387838919
D7_I405_N,L405N-117,PM,48,1,70.46818652849736,7423.443730569948,538.4974093264248,618.0988457551416,26094.854922279792,28056.519129257755,7.517436723907951,14.782139161688015
D7_I405_N,L405N-117,NT,132,0,70.46818652849736,7423.443730569948,0.0,0.0,38899.41984936703,44775.50943370443,15.105854038676666,
D7_I405_N,L405N-120,AM,36,0,68.93284386517814,6279.676476683938,0.0,0.0,17789.720207253882,16911.725847767055,-4.93540285770666,
D7_I405_N,L405N-120,MD,72,0,68.93284386517814,6279.676476683938,0.0,0.0,34847.05699481865,35414.492152781124,1.6283589114766326,
D7_I405_N,L405N-120,PM,48,0,68.93284386517814,6279.676476683938,0.0,0.0,23936.943005181343,24193.81467685344,1.0731181154439546,
D7_I405_N,L405N-120,NT,132,0,68.93284386517814,6279.676476683938,0.0,0.0,31185.925511457724,34525.57606380808,10.708838995730202,
D7_I405_N,L405N-122,AM,36,0,70.1521243523316,7939.031191709845,0.0,0.0,17471.86010362694,15525.573718226278,-11.139548816537491,
D7_I405_N,L405N-122,MD,72,24,70.1521243523316,7939.031191709845,15487.518134715025,15235.57044093819,44040.642487046636,44787.27691100664,1.695330453409263,-1.6267790073614012
D7_I405_N,L405N-122,PM,48,48,70.1521243523316,7939.031191709845,27009.927461139894,27787.082785768092,27009.927461139894,27787.082785768092,2.87729511953084,2.87729511953084
D7_I405_N,L405N-122,NT,132,7,70.1521243523316,7939.031191709845,4199.186528497409,4588.1015726949645,39260.224934565456,47243.941012603944,20.33538037885634,9.261675840266149
D7_I405_N,L405N-126,AM,36,0,68.93284386517814,6279.676476683938,0.0,0.0,17789.720207253882,16911.725847767055,-4.93540285770666,
D7_I405_N,L405N-126,MD,72,0,68.93284386517814,6279.676476683938,0.0,0.0,34847.05699481865,35414.492152781124,1.6283589114766326,
D7_I405_N,L405N-126,PM,48,0,68.93284386517814,6279.676476683938,0.0,0.0,23936.943005181343,24193.81467685344,1.0731181154439546,
D7_I405_N,L405N-126,NT,132,0,68.93284386517814,6279.676476683938,0.0,0.0,31185.925511457724,34525.57606380808,10.708838995730202,
D7_I405_N,L405N-127,AM,36,0,65.34072164948451,1503.600310880829,0.0,0.0,4282.564766839378,3120.565979817583,-27.133244919477868,
D7_I405_N,L405N-127,MD,72,0,65.34072164948451,1503.600310880829,0.0,0.0,8217.23834196891,6874.594216865802,-16.339359639182632,
D7_I405_N,L405N-127,PM,48,0,65.34072164948451,1503.600310880829,0.0,0.0,5920.046632124352,4920.434080396535,-16.885214151921563,
D7_I405_N,L405N-127,NT,132,0,65.34072164948451,1503.600310880829,0.0,0.0,6047.798221248864,6171.685030100314,2.0484613460841876,
D7_I405_N,L405N-129,AM,36,24,69.19839378238332,5819.6316062176165,10915.792746113988,11163.663737662908,16478.91191709844,16968.202519789564,2.9691924148428557,2.270755750993547
D7_I405_N,L405N-129,MD,72,12,69.19839378238332,5819.6316062176165,5304.642487046631,5741.458995011284,33413.48704663212,32992.75575699753,-1.2591660638334885,8.234607874730719
D7_I405_N,L405N-129,PM,48,16,69.19839378238332,5819.6316062176165,7376.310880829014,7602.945548821041,22209.34715025907,22689.286006389804,2.1609768755635694,3.072466327050399
D7_I405_N,L405N-129,NT,132,0,69.19839378238332,5819.6316062176165,0.0,0.0,30967.138747930127,37225.49208935528,20.209659640716612,
D7_I405_N,L405N-131,AM,36,0,68.93284386517814,6279.676476683938,0.0,0.0,17789.720207253882,16911.725847767055,-4.93540285770666,
D7_I405_N,L405N-131,MD,72,0,68.93284386517814,6279.676476683938,0.0,0.0,34847.05699481865,35414.492152781124,1.6283589114766326,
D7_I405_N,L405N-131,PM,48,0,68.93284386517814,6279.676476683938,0.0,0.0,23936.943005181343,24193.81467685344,1.0731181154439546,
D7_I405_N,L405N-131,NT,132,0,68.93284386517814,6279.676476683938,0.0,0.0,31185.925511457724,34525.57606380808,10.708838995730202,
D7_I405_N,L405N-134,AM,36,0,68.93284386517814,6279.676476683938,0.0,0.0,17789.720207253882,16911.725847767055,-4.93540285770666,
D7_I405_N,L405N-134,MD,72,0,68.93284386517814,6279.676476683938,0.0,0.0,34847.05699481865,35414.492152781124,1.6283589114766326,
D7_I405_N,L405N-134,PM,48,0,68.93284386517814,6279.676476683938,0.0,0.0,23936.943005181343,24193.81467685344,1.0731181154439546,
D7_I405_N,L405N-134,NT,132,0,68.93284386517814,6279.676476683938,0.0,0.0,31185.925511457724,34525.57606380808,10.708838995730202,
D7_I405_N,L405N-135,AM,36,33,69.10613989637301,7121.088497409326,12882.264248704663,14242.197025387264,14566.49740932642,15982.537750519597,9.721213696070375,10.556628481047847
D7_I405_N,L405N-135,MD,72,71,69.10613989637301,7121.088497409326,31689.968911917094,36208.57941428093,32174.48704663213,36802.00339670607,14.38256449393287,14.258803834498565
D7_I405_N,L405N-135,PM,48,0,69.10613989637301,7121.088497409326,0.0,0.0,23291.274611398963,25855.414801187057,11.009016176955724,
D7_I405_N,L405N-135,NT,132,0,69.10613989637301,7121.088497409326,0.0,0.0,36218.09980770257,45844.52599623358,26.579048154491346,
D7_I405_N,L405N-137,AM,36,0,67.0749093264249,3889.6918134715024,0.0,0.0,11036.14248704663,9653.544625094726,-12.527908764993665,
D7_I405_N,L405N-137,MD,72,0,67.0749093264249,3889.6918134715024,0.0,0.0,21532.14766839378,20514.022087436428,-4.728397727142751,
D7_I405_N,L405N-137,PM,48,0,67.0749093264249,3889.6918134715024,0.0,0.0,14928.494818652849,14248.058028885964,-4.557973178358835,
D7_I405_N,L405N-137,NT,132,0,67.0749093264249,3889.6918134715024,0.0,0.0,18616.861866353294,18914.11770808568,1.5967021932392536,
D7_I405_N,L405N-145,AM,36,0,66.57443005181348,3493.9529533678756,0.0,0.0,9764.160621761657,9021.791041442353,-7.603004590735268,
D7_I405_N,L405N-145,MD,72,0,66.57443005181348,3493.9529533678756,0.0,0.0,16787.49740932642,15492.691236236047,-7.712919570555135,
D7_I405_N,L405N-145,PM,48,0,66.57443005181348,3493.9529533678756,0.0,0.0,11526.523316062176,11057.326360110306,-4.070585232739214,
D7_I405_N,L405N-145,NT,132,0,66.57443005181348,3493.9529533678756,0.0,0.0,12852.167619251108,17545.170449410085,36.51526317731326,
D7_I405_N,L405N-146,AM,36,33,69.76818652849731,7429.546321243523,15748.948186528498,16064.678708967049,17558.906735751294,17867.116097673952,1.7552878807375851,2.004772120011315
D7_I405_N,L405N-146,MD,72,72,69.76818652849731,7429.546321243523,37596.66839378238,40451.78165194653,37596.66839378238,40451.78165194653,7.594059208278998,7.594059208278998
D7_I405_N,L405N-146,PM,48,1,69.76818652849731,7429.546321243523,538.8963730569948,618.5922422339789,26097.26943005181,28082.29948928705,7.606274919127809,14.788718789271824
D7_I405_N,L405N-146,NT,132,0,69.76818652849731,7429.546321243523,0.0,0.0,38912.63236472411,44885.90019653287,15.350459397919774,
D7_I405_N,L405N-147,AM,36,0,66.5427672132899,6483.204870466321,0.0,0.0,11004.689119170984,11261.897365871417,2.337260452477091,
D7_I405_N,L405N-147,MD,72,19,66.5427672132899,6483.204870466321,9777.440414507771,9580.408298406912,31048.43005181347,36612.21885088667,17.9197105611729,-2.015170716954749
D7_I405_N,L405N-147,PM,48,48,66.5427672132899,6483.204870466321,23528.668393782387,21715.818349845234,23528.668393782387,21715.818349845234,-7.704856108287926,-7.704856108287926
D7_I405_N,L405N-147,NT,132,4,66.5427672132899,6483.204870466321,1954.4145077720207,2144.8895775606493,30840.562950697076,42199.715329863975,36.83185808678681,9.745889064534472
D7_I405_N,L405N-148,AM,36,0,68.94096709577484,6300.84310880829,0.0,0.0,17853.0829015544,16970.951963308606,-4.941056640525603,
D7_I405_N,L405N-148,MD,72,0,68.94096709577484,6300.84310880829,0.0,0.0,34967.25388601037,35511.49635638391,1.5564346921486008,
D7_I405_N,L405N-148,PM,48,0,68.94096709577484,6300.84310880829,0.0,0.0,24016.134715025903,24262.234407923555,1.0247264841651578,
D7_I405_N,L405N-148,NT,132,0,68.94096709577484,6300.84310880829,0.0,0.0,31317.936728807224,34922.81125323623,11.510574772676922,
D7_I405_N,L405N-149,AM,36,0,66.02123711340208,7407.837512953368,0.0,0.0,16895.79792746114,16111.893821466256,-4.639639449763928,
D7_I405_N,L405N-149,MD,72,0,66.02123711340208,7407.837512953368,0.0,0.0,41133.937823834196,40951.50025687348,-0.4435207923492517,
D7_I405_N,L405N-149,PM,48,47,66.02123711340208,7407.837512953368,25682.69430051814,27728.082171834205,26282.943005181347,28345.380252504146,7.847055966739404,7.964070464658382
D7_I405_N,L405N-149,NT,132,1,66.02123711340208,7407.837512953368,568.9844559585492,616.479069412826,42170.16721863148,43051.1805694199,2.0891862871228315,8.347260273440012
D7_I405_N,L405N-155,AM,36,0,68.93284386517814,6279.676476683938,0.0,0.0,17789.720207253882,16911.725847767055,-4.93540285770666,
D7_I405_N,L405N-155,MD,72,0,68.93284386517814,6279.676476683938,0.0,0.0,34847.05699481865,35414.492152781124,1.6283589114766326,
D7_I405_N,L405N-155,PM,48,0,68.93284386517814,6279.676476683938,0.0,0.0,23936.943005181343,24193.81467685344,1.0731181154439546,
D7_I405_N,L405N-155,NT,132,0,68.93284386517814,6279.676476683938,0.0,0.0,31185.925511457724,34525.57606380808,10.708838995730202,
D7_I405_N,L405N-159,AM,36,0,69.9453367875648,7004.572538860104,0.0,0.0,19801.766839378237,18737.304924065225,-5.37559059223038,
D7_I405_N,L405N-159,MD,72,0,69.9453367875648,7004.572538860104,0.0,0.0,39519.00777202072,39984.530337797594,1.1779712903279496,
D7_I405_N,L405N-159,PM,48,33,69.9453367875648,7004.572538860104,18511.891191709845,19132.859975341627,26867.83419689119,27860.430932305753,3.694368247699757,3.354431901100792
D7_I405_N,L405N-159,NT,132,0,69.9453367875648,7004.572538860104,0.0,0.0,36164.0831152182,41177.9164224999,13.86412394670066,
D7_I405_N,L405N-160,AM,36,0,68.93284386517814,6279.676476683938,0.0,0.0,17789.720207253882,16911.725847767055,-4.93540285770666,
D7_I405_N,L405N-160,MD,72,0,68.93284386517814,6279.676476683938,0.0,0.0,34847.05699481865,35414.492152781124,1.6283589114766326,
D7_I405_N,L405N-160,PM,48,0,68.93284386517814,6279.676476683938,0.0,0.0,23936.943005181343,24193.81467685344,1.0731181154439546,
D7_I405_N,L405N-160,NT,132,0,68.93284386517814,6279.676476683938,0.0,0.0,31185.925511457724,34525.57606380808,10.708838995730202,
D7_I405_N,L405N-161,AM,36,0,69.64487260295928,7299.268290155441,0.0,0.0,13432.124352331604,13878.504815274458,3.323230571978509,
D7_I405_N,L405N-161,MD,72,28,69.64487260295928,7299.268290155441,16640.97409326425,16220.561449213277,39074.45077720207,42187.90495867865,7.968004973964001,-2.5263704017251114
D7_I405_N,L405N-161,PM,48,48,69.64487260295928,7299.268290155441,24700.165803108808,25126.242626428226,24700.165803108808,25126.242626428226,1.724995802521256,1.724995802521256
D7_I405_N,L405N-161,NT,132,7,69.64487260295928,7299.268290155441,3687.1865284974087,4211.104137180513,32830.88494204369,47511.29931217669,44.71525636926423,14.209143058911364
D7_I405_N,L405N-164,AM,36,0,68.93284386517814,6279.676476683938,0.0,0.0,17789.720207253882,16911.725847767055,-4.93540285770666,
D7_I405_N,L405N-164,MD,72,0,68.93284386517814,6279.676476683938,0.0,0.0,34847.05699481865,35414.492152781124,1.6283589114766326,
D7_I405_N,L405N-164,PM,48,0,68.93284386517814,6279.676476683938,0.0,0.0,23936.943005181343,24193.81467685344,1.0731181154439546,
D7_I405_N,L405N-164,NT,132,0,68.93284386517814,6279.676476683938,0.0,0.0,31185.925511457724,34525.57606380808,10.708838995730202,
D7_I405_N,L405N-165,AM,36,0,69.2793075957482,6279.132901554404,0.0,0.0,17791.119170984457,16907.8993053177,-4.964386204029259,
D7_I405_N,L405N-165,MD,72,0,69.2793075957482,6279.132901554404,0.0,0.0,34844.36010362694,35409.87794341952,1.6229824227241667,
D7_I405_N,L405N-165,PM,48,0,69.2793075957482,6279.132901554404,0.0,0.0,23939.9585492228,24189.94595272781,1.0442265511488307,
D7_I405_N,L405N-165,NT,132,0,69.2793075957482,6279.132901554404,0.0,0.0,31184.5094012072,34471.5698946447,10.540683680950432,
D7_I405_N,L405N-168,AM,36,0,69.63944981571494,6294.927668393782,0.0,0.0,17857.103626943008,16976.48859149511,-4.931455032378359,
D7_I405_N,L405N-168,MD,72,0,69.63944981571494,6294.927668393782,0.0,0.0,34947.77202072539,35523.969077201284,1.6487375965889572,
D7_I405_N,L405N-168,PM,48,0,69.63944981571494,6294.927668393782,0.0,0.0,24012.761658031086,24261.079704454824,1.0341086542233986,
D7_I405_N,L405N-168,NT,132,0,69.63944981571494,6294.927668393782,0.0,0.0,31293.784172854008,35209.9226974421,12.514109840334282,
D7_I405_N,L405N-169,AM,36,0,68.93465733668073,6279.8863212435235,0.0,0.0,17809.746113989633,16953.190023602834,-4.809479511411848,
D7_I405_N,L405N-169,MD,72,0,68.93465733668073,6279.8863212435235,0.0,0.0,34864.46632124352,35477.201896238286,1.7574787158621068,
D7_I405_N,L405N-169,PM,48,0,68.93465733668073,6279.8863212435235,0.0,0.0,23945.476683937828,24222.66721304642,1.1575903573242596,
D7_I405_N,L405N-169,NT,132,0,68.93465733668073,6279.8863212435235,0.0,0.0,31221.64686715453,35451.72043477029,13.548527999225543,
D7_I405_N,L405N-180,AM,36,0,68.93284386517814,6279.676476683938,0.0,0.0,17789.720207253882,16911.725847767055,-4.93540285770666,
D7_I405_N,L405N-180,MD,72,0,68.93284386517814,6279.676476683938,0.0,0.0,34847.05699481865,35414.492152781124,1.6283589114766326,
D7_I405_N,L405N-180,PM,48,0,68.93284386517814,6279.676476683938,0.0,0.0,23936.943005181343,24193.81467685344,1.0731181154439546,
D7_I405_N,L405N-180,NT,132,0,68.93284386517814,6279.676476683938,0.0,0.0,31185.925511457724,34525.57606380808,10.708838995730202,
D7_I405_N,L405N-183,AM,36,0,69.70341968911917,6313.4079792746115,0.0,0.0,17893.098445595857,17019.057059016992,-4.884796164489882,
D7_I405_N,L405N-183,MD,72,0,69.70341968911917,6313.4079792746115,0.0,0.0,35037.66839378238,35600.8274923106,1.607296159661581,
D7_I405_N,L405N-183,PM,48,0,69.70341968911917,6313.4079792746115,0.0,0.0,24071.63212435233,24317.888824430076,1.0230162159574423,
D7_I405_N,L405N-183,NT,132,0,69.70341968911917,6313.4079792746115,0.0,0.0,31483.86966508199,35249.5744701644,11.960743215942296,
D7_I405_N,L405N-184,AM,36,0,69.6273138454142,6296.985388601036,0.0,0.0,17844.383419689115,16968.30890413285,-4.909525282838427,
D7_I405_N,L405N-184,MD,72,0,69.6273138454142,6296.985388601036,0.0,0.0,34949.79792746114,35509.258977491976,1.6007561794548966,
D7_I405_N,L405N-184,PM,48,0,69.6273138454142,6296.985388601036,0.0,0.0,24011.90673575129,24257.806072534007,1.0240725132277724,
D7_I405_N,L405N-184,NT,132,0,69.6273138454142,6296.985388601036,0.0,0.0,31305.904492281385,34750.29925415364,11.002380597952325,
D7_I405_N,L405N-193,AM,36,0,69.69548361465739,7799.4107253886,0.0,0.0,22318.15803108808,21932.139737598456,-1.7296153784372412,
D7_I405_N,L405N-193,MD,72,5,69.69548361465739,7799.4107253886,3231.725388601036,3240.405589993339,44918.65803108808,45651.627088247056,1.6317697128255446,0.2685934090476949
D7_I405_N,L405N-193,PM,48,48,69.69548361465739,7799.4107253886,29651.051813471502,29728.66844774106,29651.051813471502,29728.66844774106,0.2617668835420331,0.2617668835420331
D7_I405_N,L405N-193,NT,132,0,69.69548361465739,7799.4107253886,0.0,0.0,44196.47218364403,46847.54972030453,5.998391739604946,
D7_I405_N,L405N-197,AM,36,0,67.60707253886014,5945.095647668393,0.0,0.0,16911.507772020723,17028.25164955008,0.6903221114471115,
D7_I405_N,L405N-197,MD,72,0,67.60707253886014,5945.095647668393,0.0,0.0,33609.72538860103,31339.113778077695,-6.755817205496799,
D7_I405_N,L405N-197,PM,48,0,67.60707253886014,5945.095647668393,0.0,0.0,22957.865284974094,21684.948846061743,-5.54457665428272,
D7_I405_N,L405N-197,NT,132,0,67.60707253886014,5945.095647668393,0.0,0.0,33207.06578174242,30284.473320736855,-8.801116245002403,
D7_I405_N,L405N-198,AM,36,0,69.62577132631802,6278.605492227979,0.0,0.0,17792.51813471502,16904.122826933006,-4.99308361557134,
D7_I405_N,L405N-198,MD,72,0,69.62577132631802,6278.605492227979,0.0,0.0,34841.66321243523,35405.36952908646,1.617908746819067,
D7_I405_N,L405N-198,PM,48,0,69.62577132631802,6278.605492227979,0.0,0.0,23942.97409326425,24186.153578159057,1.015661145301163,
D7_I405_N,L405N-198,NT,132,0,69.62577132631802,6278.605492227979,0.0,0.0,31183.093290956676,34414.26496289521,10.36193440397268,
D7_I405_N,L405N-202,AM,36,0,68.93284386517814,6279.676476683938,0.0,0.0,17789.720207253882,16911.725847767055,-4.93540285770666,
D7_I405_N,L405N-202,MD,72,0,68.93284386517814,6279.676476683938,0.0,0.0,34847.05699481865,35414.492152781124,1.6283589114766326,
D7_I405_N,L405N-202,PM,48,0,68.93284386517814,6279.676476683938,0.0,0.0,23936.943005181343,24193.81467685344,1.0731181154439546,
D7_I405_N,L405N-202,NT,132,0,68.93284386517814,6279.676476683938,0.0,0.0,31185.925511457724,34525.57606380808,10.708838995730202,
D7_I405_N,L405N-210,AM,36,0,68.93284386517814,6279.676476683938,0.0,0.0,17789.720207253882,16911.725847767055,-4.93540285770666,
D7_I405_N,L405N-210,MD,72,0,68.93284386517814,6279.676476683938,0.0,0.0,34847.05699481865,35414.492152781124,1.6283589114766326,
D7_I405_N,L405N-210,PM,48,0,68.93284386517814,6279.676476683938,0.0,0.0,23936.943005181343,24193.81467685344,1.0731181154439546,
D7_I405_N,L405N-210,NT,132,0,68.93284386517814,6279.676476683938,0.0,0.0,31185.925511457724,34525.57606380808,10.708838995730202,
D7_I405_N,L405N-215,AM,36,9,69.68138601036269,5346.826321243523,3733.7746113989633,4006.2951805200228,15227.082901554404,15551.648864936746,2.131504540171705,7.298795387623892
D7_I405_N,L405N-215,MD,72,0,69.68138601036269,5346.826321243523,0.0,0.0,29995.660621761654,29602.25003741664,-1.311558326071991,
D7_I405_N,L405N-215,PM,48,11,69.68138601036269,5346.826321243523,4523.316062176165,4893.762046487369,19730.30829015544,21189.734308289575,7.39687386872877,8.18969930951458
D7_I405_N,L405N-215,NT,132,0,69.68138601036269,5346.826321243523,0.0,0.0,27906.746447839327,33378.16814028585,19.606089526320073,
D7_I405_N,L405N-217,AM,36,0,66.45715025906735,6990.297512953368,0.0,0.0,20423.772020725388,18622.150891755446,-8.821196824669384,
D7_I405_N,L405N-217,MD,72,0,66.45715025906735,6990.297512953368,0.0,0.0,40041.82383419688,39118.21488849989,-2.306610581779255,
D7_I405_N,L405N-217,PM,48,0,66.45715025906735,6990.297512953368,0.0,0.0,27278.569948186523,25521.375869439642,-6.441664948289194,
D7_I405_N,L405N-217,NT,132,0,66.45715025906735,6990.297512953368,0.0,0.0,39039.39217990491,43385.315575503446,11.132149229094678,
D7_I405_N,L405N-220,AM,36,0,67.35655440414509,6865.924352331605,0.0,0.0,19784.108808290155,20238.288451833094,2.295679062140132,
D7_I405_N,L405N-220,MD,72,0,67.35655440414509,6865.924352331605,0.0,0.0,37209.2176165803,40301.88045854471,8.3115503094758,
D7_I405_N,L405N-220,PM,48,0,67.35655440414509,6865.924352331605,0.0,0.0,24486.590673575127,26912.60647560927,9.90752789710409,
D7_I405_N,L405N-220,NT,132,0,67.35655440414509,6865.924352331605,0.0,0.0,32760.27530580631,41901.43926403896,27.903196395338313,
D7_I405_N,L405N-224,AM,36,32,65.48370466321244,5765.0138860103625,15038.906735751294,15200.745505418972,16896.994818652853,17088.825702708138,1.1352958683725247,1.0761338740331865
D7_I405_N,L405N-224,MD,72,25,65.48370466321244,5765.0138860103625,11308.331606217616,11922.508922880941,32331.533678756474,34283.093781308766,6.036088859696037,5.4311930181250965
D7_I405_N,L405N-224,PM,48,11,65.48370466321244,5765.0138860103625,4894.901554404145,5250.926789662471,21402.792746113988,22776.866696236197,6.420068476211795,7.273389082523939
D7_I405_N,L405N-224,NT,132,0,65.48370466321244,5765.0138860103625,0.0,0.0,28597.16214411623,35736.38966076595,24.964811125913027,
D7_I405_N,L405N-228,AM,36,35,65.90675965493298,5822.794507772021,15487.621761658032,16379.885489703463,15961.036269430051,16864.226358937623,5.658718358014383,5.7611410052275795
D7_I405_N,L405N-228,MD,72,23,65.90675965493298,5822.794507772021,9913.098445595853,10908.740862481627,31541.528497409327,33671.58968871286,6.753195842993115,10.043705531120931
D7_I405_N,L405N-228,PM,48,6,65.90675965493298,5822.794507772021,2677.3160621761654,2909.107736466017,21294.316062176164,22538.255099659116,5.841648230686724,8.657613404875608
D7_I405_N,L405N-228,NT,132,0,65.90675965493298,5822.794507772021,0.0,0.0,30007.334250307147,37146.11468297279,23.790118686042796,
D7_I405_N,L405N-235,AM,36,0,65.89207253886013,1501.64207253886,0.0,0.0,4275.81347150259,3060.762960421006,-28.416826860658063,
D7_I405_N,L405N-235,MD,72,0,65.89207253886013,1501.64207253886,0.0,0.0,8233.80310880829,6812.333988303803,-17.263822096788285,
D7_I405_N,L405N-235,PM,48,0,65.89207253886013,1501.64207253886,0.0,0.0,5901.740932642487,4889.344676332425,-17.154196835555858,
D7_I405_N,L405N-235,NT,132,0,65.89207253886013,1501.64207253886,0.0,0.0,6040.639549169381,6133.900158872832,1.5438863541572374,
D7_I405_N,L405N-238,AM,36,0,65.34072164948451,1503.600310880829,0.0,0.0,4282.564766839378,3120.565979817583,-27.133244919477868,
D7_I405_N,L405N-238,MD,72,0,65.34072164948451,1503.600310880829,0.0,0.0,8217.23834196891,6874.594216865802,-16.339359639182632,
D7_I405_N,L405N-238,PM,48,0,65.34072164948451,1503.600310880829,0.0,0.0,5920.046632124352,4920.434080396535,-16.885214151921563,
D7_I405_N,L405N-238,NT,132,0,65.34072164948451,1503.600310880829,0.0,0.0,6047.798221248864,6171.685030100314,2.0484613460841876,
D7_I405_N,L405N-239,AM,36,33,70.16818652849736,7427.825906735751,15745.119170984453,16058.571515912958,17554.683937823836,17860.53809313042,1.7422937171063615,1.9907905524535061
D7_I405_N,L405N-239,MD,72,72,70.16818652849736,7427.825906735751,37593.720207253886,40442.68520288088,37593.720207253886,40442.68520288088,7.578300258449208,7.578300258449208
D7_I405_N,L405N-239,PM,48,1,70.16818652849736,7427.825906735751,539.2953367875648,618.4391205300583,26104.445595854922,28068.733421364537,7.524725312770177,14.67540665453023
D7_I405_N,L405N-239,NT,132,0,70.16818652849736,7427.825906735751,0.0,0.0,38909.19710485551,44860.62461819212,15.295683170480858,
D7_I405_N,L405N-241,AM,36,34,66.13171799049196,6932.221865284974,12744.891191709845,14557.227543995805,13816.502590673577,15692.407910101196,13.577280553574338,14.220100627181722
D7_I405_N,L405N-241,MD,72,47,66.13171799049196,6932.221865284974,21254.492227979277,24879.4169962216,33942.99481865285,38657.80150487804,13.890367398089001,17.054864117010027
D7_I405_N,L405N-241,PM,48,0,66.13171799049196,6932.221865284974,0.0,0.0,25680.0518134715,22142.787821295962,-13.774364700930716,
D7_I405_N,L405N-241,NT,132,0,66.13171799049196,6932.221865284974,0.0,0.0,32543.789113829385,44457.96861465303,36.60968751718204,
D7_I405_N,L405N-242,AM,36,33,66.60353626943,7252.1513471502585,14560.243523316061,15629.793511107855,16307.56994818653,17401.425202463033,6.70765330304865,7.345687495398471
D7_I405_N,L405N-242,MD,72,58,66.60353626943,7252.1513471502585,29181.83937823834,32073.22011415229,36777.639896373046,40502.552938395,10.12820032094908,9.908151088207717
D7_I405_N,L405N-242,PM,48,0,66.60353626943,7252.1513471502585,0.0,0.0,26396.88341968912,26411.43199776727,0.055114756718973784,
D7_I405_N,L405N-242,NT,132,0,66.60353626943,7252.1513471502585,0.0,0.0,38440.234082046896,44089.2151622551,14.695490844699366,
D7_I405_N,L405N-244,AM,36,30,69.73401120399546,7438.947823834197,16523.284974093265,17256.56990107757,20188.59067357513,20816.026987504203,3.1078757505858237,4.437888277869797
D7_I405_N,L405N-244,MD,72,72,69.73401120399546,7438.947823834197,41621.238341968914,43846.89154675028,41621.238341968914,43846.89154675028,5.347397851296323,5.347397851296323
D7_I405_N,L405N-244,PM,48,36,69.73401120399546,7438.947823834197,20848.790155440416,22283.90626324421,27799.71761658031,29688.895442249603,6.795672717706128,6.883450296655734
D7_I405_N,L405N-244,NT,132,0,69.73401120399546,7438.947823834197,0.0,0.0,43077.52702847069,45572.24205969919,5.791221556380647,
D7_I405_N,L405N-246,AM,36,33,64.52000000000001,5739.230051813472,10546.316062176165,13482.22491247204,11872.108808290157,14875.888428811071,25.301146317185115,27.838240699284228
D7_I405_N,L405N-246,MD,72,46,64.52000000000001,5739.230051813472,17707.077720207253,20981.648287440512,28980.150259067355,33009.38685188466,13.903435823479308,18.49300386532065
D7_I405_N,L405N-246,PM,48,0,64.52000000000001,5739.230051813472,0.0,0.0,21969.958549222796,19243.380857081895,-12.410481731370204,
D7_I405_N,L405N-246,NT,132,0,64.52000000000001,5739.230051813472,0.0,0.0,32689.972837989422,30454.600047336415,-6.838099259768284,
D7_I405_N,L405N-257,AM,36,31,70.55326424870464,6937.986528497409,15922.694300518135,15069.320675353194,18744.067357512955,17774.57922249718,-5.172239922767807,-5.35948005443508
D7_I405_N,L405N-257,MD,72,72,70.55326424870464,6937.986528497409,36642.41450777202,35321.3947186259,36642.41450777202,35321.3947186259,-3.605165780944702,-3.605165780944702
D7_I405_N,L405N-257,PM,48,48,70.55326424870464,6937.986528497409,22022.585492227983,22529.290746639606,22022.585492227983,22529.290746639606,2.3008436252430267,2.3008436252430267
D7_I405_N,L405N-257,NT,132,6,70.55326424870464,6937.986528497409,3057.974093264249,3392.0711167982226,40766.981972116875,45002.80416383565,10.39032566751182,10.925436689273592
D7_I405_N,L405N-259,AM,36,34,67.27423868917266,7027.0035233160625,18884.65284974093,18059.887760274843,19950.62694300518,19224.969607704552,-3.637265823142706,-4.367382848011432
D7_I405_N,L405N-259,MD,72,72,67.27423868917266,7027.0035233160625,38762.44041450777,37702.85374591101,38762.44041450777,37702.85374591101,-2.7335396256428357,-2.7335396256428357
D7_I405_N,L405N-259,PM,48,48,67.27423868917266,7027.0035233160625,22307.160621761654,25390.711220541096,22307.160621761654,25390.711220541096,13.823142492511117,13.823142492511117
D7_I405_N,L405N-259,NT,132,2,67.27423868917266,7027.0035233160625,1018.6373056994818,1169.4231798620751,42222.0361091822,43919.72589625411,4.020861956258684,14.80270488022733
D7_I405_N,L405N-266,AM,36,0,70.55298341434754,7748.279378238342,0.0,0.0,21815.409326424866,20516.58032329474,-5.953722819020693,
D7_I405_N,L405N-266,MD,72,3,70.55298341434754,7748.279378238342,1924.4300518134714,1931.6508852221027,44186.9689119171,44491.688696922574,0.6896145911544762,0.3752193228237516
D7_I405_N,L405N-266,PM,48,48,70.55298341434754,7748.279378238342,29801.937823834196,29481.7027233192,29801.937823834196,29481.7027233192,-1.074544556155971,-1.074544556155971
D7_I405_N,L405N-266,NT,132,0,70.55298341434754,7748.279378238342,0.0,0.0,41142.9472250414,46823.12099864747,13.80594769387078,
D7_I405_N,L405N-271,AM,36,18,69.70243523316056,10919.187046632123,14302.772020725388,16139.987040149048,28707.860103626943,31482.88934242905,9.666444063699167,12.845167473560014
D7_I405_N,L405N-271,MD,72,26,69.70243523316056,10919.187046632123,21368.445595854922,22834.001572829584,61366.207253886016,64077.03781347198,4.417464726752036,6.858505315234309
D7_I405_N,L405N-271,PM,48,48,69.70243523316056,10919.187046632123,28146.865284974094,30852.74593492993,28146.865284974094,30852.74593492993,9.613435182071033,9.613435182071033
D7_I405_N,L405N-271,NT,132,11,69.70243523316056,10919.187046632123,8147.430051813471,8913.0635217915,60367.8815234229,71093.72854752434,17.767472956525378,9.397238946624805
D7_I405_N,L405N-272,AM,36,0,65.56706185567009,3661.426632124352,0.0,0.0,7755.64248704663,7307.741467078284,-5.775163317757678,
D7_I405_N,L405N-272,MD,72,8,65.56706185567009,3661.426632124352,2359.906735751295,2387.9799157746206,19526.23316062176,19029.586975543585,-2.5434817918683503,1.1895885374634672
D7_I405_N,L405N-272,PM,48,48,65.56706185567009,3661.426632124352,12647.34715025907,12801.181715741634,12647.34715025907,12801.181715741634,1.2163386017233915,1.2163386017233915
D7_I405_N,L405N-272,NT,132,3,65.56706185567009,3661.426632124352,879.3212435233161,908.0352814784335,20787.62600822605,19226.91778805379,-7.507871363255514,3.2654775676821277
D7_I405_N,L405N-273,AM,36,0,67.65920103092786,4728.938860103627,0.0,0.0,8917.854922279792,8529.065366933663,-4.359675715006338,
D7_I405_N,L405N-273,MD,72,11,67.65920103092786,4728.938860103627,4177.21243523316,4156.410304376898,24544.492227979274,24664.179938589892,0.4876357167991506,-0.49799073374397096
D7_I405_N,L405N-273,PM,48,48,67.65920103092786,4728.938860103627,15863.906735751294,14172.394792834408,15863.906735751294,14172.394792834408,-10.662644272263988,-10.662644272263988
D7_I405_N,L405N-273,NT,132,4,67.65920103092786,4728.938860103627,1483.7046632124352,1538.3800906327065,22806.673708669405,27163.63695963959,19.10389610789227,3.6850613721123615
D7_I405_N,L405N-276,AM,36,0,70.4201707975,7413.174093264248,0.0,0.0,20477.792746113988,18355.820205738302,-10.362310853929149,
D7_I405_N,L405N-276,MD,72,29,70.4201707975,7413.174093264248,16176.663212435233,16130.436186268602,40907.44559585492,41276.01242725359,0.900977379619162,-0.2857636680665729
D7_I405_N,L405N-276,PM,48,48,70.4201707975,7413.174093264248,22552.015544041453,20202.02311687582,22552.015544041453,20202.02311687582,-10.420321068759348,-10.420321068759348
D7_I405_N,L405N-276,NT,132,12,70.4201707975,7413.174093264248,6313.984455958549,6531.2857326013955,40997.671091287855,42927.28176939339,4.706634856914064,3.4415871334269412
D7_I405_N,L405N-283,AM,36,0,66.18407216494846,6990.2676683937825,0.0,0.0,15529.704663212435,14666.065547605216,-5.561207597547244,
D7_I405_N,L405N-283,MD,72,17,66.18407216494846,6990.2676683937825,9728.41450777202,9824.329445005413,38686.668393782384,39398.76631497948,1.8406803965356329,0.9859256835403747
D7_I405_N,L405N-283,PM,48,48,66.18407216494846,6990.2676683937825,25039.502590673572,26838.119190658515,25039.502590673572,26838.119190658515,7.18311633177119,7.18311633177119
D7_I405_N,L405N-283,NT,132,1,66.18407216494846,6990.2676683937825,526.0932642487046,582.4220812152298,39895.17507077613,39657.25367728548,-0.596366335198595,10.707002121946273
D7_I405_N,L405N-299,AM,36,0,68.93284386517814,6279.676476683938,0.0,0.0,17789.720207253882,16911.725847767055,-4.93540285770666,
D7_I405_N,L405N-299,MD,72,0,68.93284386517814,6279.676476683938,0.0,0.0,34847.05699481865,35414.492152781124,1.6283589114766326,
D7_I405_N,L405N-299,PM,48,0,68.93284386517814,6279.676476683938,0.0,0.0,23936.943005181343,24193.81467685344,1.0731181154439546,
D7_I405_N,L405N-299,NT,132,0,68.93284386517814,6279.676476683938,0.0,0.0,31185.925511457724,34525.57606380808,10.708838995730202,
D7_I405_N,L405N-304,AM,36,0,68.93284386517814,6279.676476683938,0.0,0.0,17789.720207253882,16911.725847767055,-4.93540285770666,
D7_I405_N,L405N-304,MD,72,0,68.93284386517814,6279.676476683938,0.0,0.0,34847.05699481865,35414.492152781124,1.6283589114766326,
D7_I405_N,L405N-304,PM,48,0,68.93284386517814,6279.676476683938,0.0,0.0,23936.943005181343,24193.81467685344,1.0731181154439546,
D7_I405_N,L405N-304,NT,132,0,68.93284386517814,6279.676476683938,0.0,0.0,31185.925511457724,34525.57606380808,10.708838995730202,
D7_I405_N,L405N-307,AM,36,0,65.82953367875648,2418.6578238341967,0.0,0.0,6520.829015544041,5421.698869323687,-16.855681135025925,
D7_I405_N,L405N-307,MD,72,0,65.82953367875648,2418.6578238341967,0.0,0.0,12305.155440414508,12189.322001217086,-0.9413407230678612,
D7_I405_N,L405N-307,PM,48,0,65.82953367875648,2418.6578238341967,0.0,0.0,8255.17616580311,9538.888219326464,15.550389570619982,
D7_I405_N,L405N-307,NT,132,0,65.82953367875648,2418.6578238341967,0.0,0.0,11039.5127129961,11419.424294118759,3.4413799865949986,
D7_I405_N,L405N-338,AM,36,0,69.64975896052557,6310.115440414508,0.0,0.0,17886.507772020723,17020.08161739941,-4.844020787426347,
D7_I405_N,L405N-338,MD,72,0,69.64975896052557,6310.115440414508,0.0,0.0,35018.015544041446,35623.3181086969,1.7285461647424758,
D7_I405_N,L405N-338,PM,48,0,69.64975896052557,6310.115440414508,0.0,0.0,24059.68911917098,24324.709932701186,1.1015138733402605,
D7_I405_N,L405N-338,NT,132,0,69.64975896052557,6310.115440414508,0.0,0.0,31347.82065594786,35252.782784874005,12.456885509791338,
D7_I405_N,L405N-339,AM,36,0,68.93284386517814,6279.676476683938,0.0,0.0,17789.720207253882,16911.725847767055,-4.93540285770666,
D7_I405_N,L405N-339,MD,72,0,68.93284386517814,6279.676476683938,0.0,0.0,34847.05699481865,35414.492152781124,1.6283589114766326,
D7_I405_N,L405N-339,PM,48,0,68.93284386517814,6279.676476683938,0.0,0.0,23936.943005181343,24193.81467685344,1.0731181154439546,
D7_I405_N,L405N-339,NT,132,0,68.93284386517814,6279.676476683938,0.0,0.0,31185.925511457724,34525.57606380808,10.708838995730202,
D7_I405_N,L405N-344,AM,36,0,67.63180412371138,4248.304041450777,0.0,0.0,12315.637305699482,10178.622567704315,-17.352043462713784,
D7_I405_N,L405N-344,MD,72,0,67.63180412371138,4248.304041450777,0.0,0.0,23646.63730569948,20920.32319362938,-11.52939454699119,
D7_I405_N,L405N-344,PM,48,0,67.63180412371138,4248.304041450777,0.0,0.0,16025.450777202073,14273.305391428366,-10.933517004503376,
D7_I405_N,L405N-344,NT,132,0,67.63180412371138,4248.304041450777,0.0,0.0,22071.921718925267,21810.112814384902,-1.1861627087770994,
D7_I405_N,L405N-373,AM,36,35,68.75533678756474,5724.067150259068,16031.336787564767,16513.57191917709,16433.99481865285,16990.55059644496,3.3866128347588966,3.008078103545211
D7_I405_N,L405N-373,MD,72,72,68.75533678756474,5724.067150259068,32388.97409326425,33851.76532742728,32388.97409326425,33851.76532742728,4.51632469108443,4.51632469108443
D7_I405_N,L405N-373,PM,48,39,68.75533678756474,5724.067150259068,15558.274611398965,18326.201571917147,19344.492227979274,22595.356553294223,16.805115828333815,17.79070642248611
D7_I405_N,L405N-373,NT,132,0,68.75533678756474,5724.067150259068,0.0,0.0,36526.4881416591,37982.59114121257,3.9864303239510153,
D7_I405_N,L405N-376,AM,36,0,70.7201707975001,7406.674196891192,0.0,0.0,20476.20725388601,18334.963156174672,-10.45723004832825,
D7_I405_N,L405N-376,MD,72,29,70.7201707975001,7406.674196891192,16177.316062176164,16117.331298643892,40915.108808290155,41250.86270468985,0.8206110314233412,-0.37079552196251103
D7_I405_N,L405N-376,PM,48,48,70.7201707975001,7406.674196891192,22552.072538860102,20192.086027250065,22552.072538860102,20192.086027250065,-10.464610325917846,-10.464610325917846
D7_I405_N,L405N-376,NT,132,12,70.7201707975001,7406.674196891192,6313.3678756476675,6525.918412390913,41000.43274931895,42868.77537460426,4.556885135112005,3.366674347666464
D7_I405_N,L405N-381,AM,36,0,70.7201707975001,7406.674196891192,0.0,0.0,20476.20725388601,18334.963156174672,-10.45723004832825,
D7_I405_N,L405N-381,MD,72,29,70.7201707975001,7406.674196891192,16177.316062176164,16117.331298643892,40915.108808290155,41250.86270468985,0.8206110314233412,-0.37079552196251103
D7_I405_N,L405N-381,PM,48,48,70.7201707975001,7406.674196891192,22552.072538860102,20192.086027250065,22552.072538860102,20192.086027250065,-10.464610325917846,-10.464610325917846
D7_I405_N,L405N-381,NT,132,12,70.7201707975001,7406.674196891192,6313.3678756476675,6525.918412390913,41000.43274931895,42868.77537460426,4.556885135112005,3.366674347666464
D7_I405_N,L405N-397,AM,36,0,70.85298341434755,7750.984352331606,0.0,0.0,21813.81347150259,20518.03040646544,-5.9401950361863705,
D7_I405_N,L405N-397,MD,72,3,70.85298341434755,7750.984352331606,1924.2331606217615,1932.3394296637443,44190.9585492228,44508.893358490095,0.7194566936427926,0.4212727026990601
D7_I405_N,L405N-397,PM,48,48,70.85298341434755,7750.984352331606,29798.725388601033,29492.76810644857,29798.725388601033,29492.76810644857,-1.02674620529072,-1.02674620529072
D7_I405_N,L405N-397,NT,132,0,70.85298341434755,7750.984352331606,0.0,0.0,41142.24071897869,46810.63085517028,13.777543558965167,
D7_I405_N,L405N-427,AM,36,18,69.2202932535655,8052.004041450777,11210.243523316061,11926.651616331852,22822.497409326425,22961.01271547281,0.6069244029787109,6.39065593468814
D7_I405_N,L405N-427,MD,72,19,69.2202932535655,8052.004041450777,12054.948186528494,12715.448007725805,45648.756476683935,47536.29470809433,4.134917086677907,5.479076400638742
D7_I405_N,L405N-427,PM,48,48,69.2202932535655,8052.004041450777,29494.989637305698,30748.17135421899,29494.989637305698,30748.17135421899,4.248795243949668,4.248795243949668
D7_I405_N,L405N-427,NT,132,0,69.2202932535655,8052.004041450777,0.0,0.0,47245.856952085895,48049.590751411546,1.7011730788177963,
D7_I405_S,L405S-001,AM,36,0,69.89639896373056,7165.5435233160615,0.0,0.0,19902.13471502591,17475.402586946093,-12.193325805636611,
D7_I405_S,L405S-001,MD,72,18,69.89639896373056,7165.5435233160615,9315.839378238341,10128.024883919556,38064.398963730564,40292.24870822692,5.852843615419098,8.718328780748061
D7_I405_S,L405S-001,PM,48,48,69.89639896373056,7165.5435233160615,21436.958549222796,23365.589981517773,21436.958549222796,23365.589981517773,8.996758695346266,8.996758695346266
D7_I405_S,L405S-001,NT,132,7,69.89639896373056,7165.5435233160615,3475.103626943005,4105.210792563999,37459.88155013086,44194.43283992179,17.97803679859047,18.132039595472143
D7_I405_S,L405S-004,AM,36,36,69.91331606217618,7125.079896373057,13791.010362694302,14481.249315100213,13791.010362694302,14481.249315100213,5.004991905981435,5.004991905981435
D7_I405_S,L405S-004,MD,72,16,69.91331606217618,7125.079896373057,6459.300518134714,8408.446096154523,32594.181347150257,39286.404630388235,20.531956952565356,30.175799570673533
D7_I405_S,L405S-004,PM,48,0,69.91331606217618,7125.079896373057,0.0,0.0,21790.274611398963,22136.394702060483,1.5884154598054336,
D7_I405_S,L405S-004,NT,132,1,69.91331606217618,7125.079896373057,478.93264248704656,588.6127041321505,30795.610704556384,47843.274061065196,55.35744531926595,22.90093677381165
D7_I405_S,L405S-005,AM,36,0,70.15298341434757,7752.319274611399,0.0,0.0,21813.818652849743,20538.488454760394,-5.846432568204834,
D7_I405_S,L405S-005,MD,72,3,70.15298341434757,7752.319274611399,1924.424870466321,1932.607131661633,44188.55958549222,44518.94359275972,0.7476686508151564,0.42517955992376016
D7_I405_S,L405S-005,PM,48,48,70.15298341434757,7752.319274611399,29807.1139896373,29496.26496195013,29807.1139896373,29496.26496195013,-1.0428685843092238,-1.0428685843092238
D7_I405_S,L405S-005,NT,132,0,70.15298341434757,7752.319274611399,0.0,0.0,41147.08741520217,46875.821558066775,13.922575090328435,
D7_I405_S,L405S-007,AM,36,0,68.93284386517814,6279.676476683938,0.0,0.0,17789.720207253882,16911.725847767055,-4.93540285770666,
D7_I405_S,L405S-007,MD,72,0,68.93284386517814,6279.676476683938,0.0,0.0,34847.05699481865,35414.492152781124,1.6283589114766326,
D7_I405_S,L405S-007,PM,48,0,68.93284386517814,6279.676476683938,0.0,0.0,23936.943005181343,24193.81467685344,1.0731181154439546,
D7_I405_S,L405S-007,NT,132,0,68.93284386517814,6279.676476683938,0.0,0.0,31185.925511457724,34525.57606380808,10.708838995730202,
D7_I405_S,L405S-013,AM,36,0,68.59069948186534,4992.461658031088,0.0,0.0,13268.829015544043,12490.221142499287,-5.867947142378871,
D7_I405_S,L405S-013,MD,72,3,68.59069948186534,4992.461658031088,1229.699481865285,1243.1550325405706,27987.57512953368,28410.478322540705,1.5110390630475083,1.0942145519062432
D7_I405_S,L405S-013,PM,48,45,68.59069948186534,4992.461658031088,17520.18134715026,18114.471310494737,18692.725388601037,19360.98786792493,3.5749868755436016,3.3920308903716903
D7_I405_S,L405S-013,NT,132,0,68.59069948186534,4992.461658031088,0.0,0.0,26451.110410768655,29069.888008683745,9.900444848050483,
D7_I405_S,L405S-017,AM,36,0,65.39856805192034,5846.700621761658,0.0,0.0,15883.813471502592,14035.963950717889,-11.63353828159692,
D7_I405_S,L405S-017,MD,72,3,65.39856805192034,5846.700621761658,1434.424870466321,1458.6393356507226,33128.48186528497,32919.7721877721,-0.6300007297695668,1.688095743664129
D7_I405_S,L405S-017,PM,48,45,65.39856805192034,5846.700621761658,20600.43523316062,21309.474073544934,21989.25906735751,22768.860878915762,3.545375536165977,3.441863399288624
D7_I405_S,L405S-017,NT,132,0,65.39856805192034,5846.700621761658,0.0,0.0,33179.76948346776,33094.86473926454,-0.2558931105459363,
D7_I405_S,L405S-021,AM,36,0,70.85298341434755,7750.984352331606,0.0,0.0,21813.81347150259,20518.03040646544,-5.9401950361863705,
D7_I405_S,L405S-021,MD,72,3,70.85298341434755,7750.984352331606,1924.2331606217615,1932.3394296637443,44190.9585492228,44508.893358490095,0.7194566936427926,0.4212727026990601
D7_I405_S,L405S-021,PM,48,48,70.85298341434755,7750.984352331606,29798.725388601033,29492.76810644857,29798.725388601033,29492.76810644857,-1.02674620529072,-1.02674620529072
D7_I405_S,L405S-021,NT,132,0,70.85298341434755,7750.984352331606,0.0,0.0,41142.24071897869,46810.63085517028,13.777543558965167,
D7_I405_S,L405S-029,AM,36,0,70.85298341434755,7750.984352331606,0.0,0.0,21813.81347150259,20518.03040646544,-5.9401950361863705,
D7_I405_S,L405S-029,MD,72,3,70.85298341434755,7750.984352331606,1924.2331606217615,1932.3394296637443,44190.9585492228,44508.893358490095,0.7194566936427926,0.4212727026990601
D7_I405_S,L405S-029,PM,48,48,70.85298341434755,7750.984352331606,29798.725388601033,29492.76810644857,29798.725388601033,29492.76810644857,-1.02674620529072,-1.02674620529072
D7_I405_S,L405S-029,NT,132,0,70.85298341434755,7750.984352331606,0.0,0.0,41142.24071897869,46810.63085517028,13.777543558965167,
D7_I405_S,L405S-031,AM,36,0,67.44981865284963,3890.3281865284976,0.0,0.0,11034.051813471502,9644.492021702892,-12.593377439755113,
D7_I405_S,L405S-031,MD,72,0,67.44981865284963,3890.3281865284976,0.0,0.0,21536.862694300515,20505.928109924957,-4.786837335636556,
D7_I405_S,L405S-031,PM,48,0,67.44981865284963,3890.3281865284976,0.0,0.0,14921.772020725388,14246.699550955267,-4.524077092402218,
D7_I405_S,L405S-031,NT,132,0,67.44981865284963,3890.3281865284976,0.0,0.0,18622.709804497623,18884.646312432338,1.4065434659324088,
D7_I405_S,L405S-036,AM,36,0,65.34072164948451,1503.600310880829,0.0,0.0,4282.564766839378,3120.565979817583,-27.133244919477868,
D7_I405_S,L405S-036,MD,72,0,65.34072164948451,1503.600310880829,0.0,0.0,8217.23834196891,6874.594216865802,-16.339359639182632,
D7_I405_S,L405S-036,PM,48,0,65.34072164948451,1503.600310880829,0.0,0.0,5920.046632124352,4920.434080396535,-16.885214151921563,
D7_I405_S,L405S-036,NT,132,0,65.34072164948451,1503.600310880829,0.0,0.0,6047.798221248864,6171.685030100314,2.0484613460841876,
D7_I405_S,L405S-038,AM,36,0,67.34533678756478,6966.052849740932,0.0,0.0,18810.756476683935,16249.155132708329,-13.61774762833557,
D7_I405_S,L405S-038,MD,72,33,67.34533678756478,6966.052849740932,17702.544041450776,17801.57018545514,39805.52849740932,39695.286220168404,-0.27695217574637654,0.5593893384617139
D7_I405_S,L405S-038,PM,48,48,67.34533678756478,6966.052849740932,20576.295336787563,22103.25048180645,20576.295336787563,22103.25048180645,7.420942983302267,7.420942983302267
D7_I405_S,L405S-038,NT,132,15,67.34533678756478,6966.052849740932,7627.994818652849,8173.328194987252,41824.492147855344,40013.78045398881,-4.329309456921603,7.149105227508687
D7_I405_S,L405S-040,AM,36,0,69.64934098071681,6307.014715025907,0.0,0.0,17860.481865284975,16969.823398005068,-4.98675497110221,
D7_I405_S,L405S-040,MD,72,0,69.64934098071681,6307.014715025907,0.0,0.0,34989.31606217616,35558.02191584659,1.6253700205509456,
D7_I405_S,L405S-040,PM,48,0,69.64934098071681,6307.014715025907,0.0,0.0,24047.005181347144,24293.778545845493,1.0262124644517774,
D7_I405_S,L405S-040,NT,132,0,69.64934098071681,6307.014715025907,0.0,0.0,31327.26943005181,34741.517104742685,10.898644333858336,
D7_I405_S,L405S-041,AM,36,0,69.62577132631802,6278.605492227979,0.0,0.0,17792.51813471502,16904.122826933006,-4.99308361557134,
D7_I405_S,L405S-041,MD,72,0,69.62577132631802,6278.605492227979,0.0,0.0,34841.66321243523,35405.36952908646,1.617908746819067,
D7_I405_S,L405S-041,PM,48,0,69.62577132631802,6278.605492227979,0.0,0.0,23942.97409326425,24186.153578159057,1.015661145301163,
D7_I405_S,L405S-041,NT,132,0,69.62577132631802,6278.605492227979,0.0,0.0,31183.093290956676,34414.26496289521,10.36193440397268,
D7_I405_S,L405S-044,AM,36,0,70.8489119170984,7744.121347150259,0.0,0.0,21794.072538860106,20488.745563330795,-5.989366940033062,
D7_I405_S,L405S-044,MD,72,3,70.8489119170984,7744.121347150259,1922.3471502590673,1931.0647925968433,44143.44041450777,44446.23188679438,0.6859263107800249,0.4534894926028891
D7_I405_S,L405S-044,PM,48,48,70.8489119170984,7744.121347150259,29762.772020725388,29491.066132743174,29762.772020725388,29491.066132743174,-0.9129051816578483,-0.9129051816578483
D7_I405_S,L405S-044,NT,132,0,70.8489119170984,7744.121347150259,0.0,0.0,41091.9408151274,46632.84245965252,13.484156587914981,
D7_I405_S,L405S-046,AM,36,0,68.9332651834838,6290.821865284974,0.0,0.0,17800.761658031086,16940.01583965018,-4.8354437575010625,
D7_I405_S,L405S-046,MD,72,0,68.9332651834838,6290.821865284974,0.0,0.0,34898.0,35459.707472006834,1.609569236078956,
D7_I405_S,L405S-046,PM,48,0,68.9332651834838,6290.821865284974,0.0,0.0,23972.20725388601,24245.660951779882,1.1407113871399803,
D7_I405_S,L405S-046,NT,132,0,68.9332651834838,6290.821865284974,0.0,0.0,31232.529165108695,34624.75562187492,10.861196795281764,
D7_I405_S,L405S-052,AM,36,0,66.43715025906735,6027.2822797927465,0.0,0.0,16873.30569948186,16117.588539202112,-4.478773595045789,
D7_I405_S,L405S-052,MD,72,0,66.43715025906735,6027.2822797927465,0.0,0.0,33696.1347150259,34382.58342146374,2.037173439159291,
D7_I405_S,L405S-052,PM,48,22,66.43715025906735,6027.2822797927465,10829.694300518133,11023.39780048798,23491.98445595855,23995.555116848893,2.1435850250727344,1.788633128458471
D7_I405_S,L405S-052,NT,132,0,66.43715025906735,6027.2822797927465,0.0,0.0,30288.81144169649,35898.210519316555,18.519706817871363,
D7_I405_S,L405S-054,AM,36,0,60.85525906735749,7142.184559585492,0.0,0.0,20141.321243523314,18913.290588729844,-6.097070991250679,
D7_I405_S,L405S-054,MD,72,7,60.85525906735749,7142.184559585492,4107.968911917099,4137.623404646054,40876.67875647668,41079.48969288172,0.49615316746570426,0.7218772431049392
D7_I405_S,L405S-054,PM,48,48,60.85525906735749,7142.184559585492,27203.056994818653,26907.247020527808,27203.056994818653,26907.247020527808,-1.0874144562031685,-1.0874144562031685
D7_I405_S,L405S-054,NT,132,1,60.85525906735749,7142.184559585492,566.7512953367875,594.9151356279735,39023.92954436194,39885.75730440301,2.208459706912268,4.9693473174066405
D7_I405_S,L405S-056,AM,36,20,68.85329082313982,6016.507150259067,9685.440414507771,9596.672100929994,17492.720207253886,16762.642498564248,-4.173608792913117,-0.9165129284654047
D7_I405_S,L405S-056,MD,72,39,68.85329082313982,6016.507150259067,18577.22797927461,18724.345090695115,34213.20725388601,35251.9782846873,3.0361696963774256,0.7919217634871852
D7_I405_S,L405S-056,PM,48,48,68.85329082313982,6016.507150259067,21153.502590673575,20190.922738288067,21153.502590673575,20190.922738288067,-4.55045138865042,-4.55045138865042
D7_I405_S,L405S-056,NT,132,4,68.85329082313982,6016.507150259067,1895.2953367875646,1991.4295253772307,35117.796031194914,38869.3178337384,10.682680083941017,5.072253739230372
D7_I405_S,L405S-061,AM,36,0,68.3127202072538,6133.473575129534,0.0,0.0,16236.031088082906,14616.58334851384,-9.974406496164729,
D7_I405_S,L405S-061,MD,72,10,68.3127202072538,6133.473575129534,4559.689119170984,5074.886009593261,33000.47668393782,34353.851321819035,4.10107602639551,11.298947734312812
D7_I405_S,L405S-061,PM,48,43,68.3127202072538,6133.473575129534,18528.797927461135,21353.538861254452,20751.0414507772,23903.688727292785,15.19271832208454,15.245138647698395
D7_I405_S,L405S-061,NT,132,0,68.3127202072538,6133.473575129534,0.0,0.0,29591.236873030288,35985.255635423426,21.60781176477521,
D7_I405_S,L405S-064,AM,36,0,68.38738341968914,6148.686839378239,0.0,0.0,17273.59067357513,16313.23176029434,-5.559694746905936,
D7_I405_S,L405S-064,MD,72,0,68.38738341968914,6148.686839378239,0.0,0.0,34151.68393782384,34743.399047155464,1.7326088822117751,
D7_I405_S,L405S-064,PM,48,0,68.38738341968914,6148.686839378239,0.0,0.0,23390.03626943005,24118.808538395126,3.115738088519153,
D7_I405_S,L405S-064,NT,132,0,68.38738341968914,6148.686839378239,0.0,0.0,30990.975428662998,33630.52831689073,8.517166212801616,
D7_I405_S,L405S-065,AM,36,0,68.93284386517814,6279.676476683938,0.0,0.0,17789.720207253882,16911.725847767055,-4.93540285770666,
D7_I405_S,L405S-065,MD,72,0,68.93284386517814,6279.676476683938,0.0,0.0,34847.05699481865,35414.492152781124,1.6283589114766326,
D7_I405_S,L405S-065,PM,48,0,68.93284386517814,6279.676476683938,0.0,0.0,23936.943005181343,24193.81467685344,1.0731181154439546,
D7_I405_S,L405S-065,NT,132,0,68.93284386517814,6279.676476683938,0.0,0.0,31185.925511457724,34525.57606380808,10.708838995730202,
D7_I405_S,L405S-067,AM,36,0,66.41012953367881,5670.789637305699,0.0,0.0,15359.347150259064,14006.633706132277,-8.807102482243005,
D7_I405_S,L405S-067,MD,72,2,66.41012953367881,5670.789637305699,871.8860103626942,944.6067614724573,31179.150259067355,31805.21824474377,2.0079700071182818,8.340625981544553
D7_I405_S,L405S-067,PM,48,38,66.41012953367881,5670.789637305699,15975.642487046633,17858.387877803412,20207.81865284974,22541.97671763691,11.55076708122578,11.785099674603678
D7_I405_S,L405S-067,NT,132,0,66.41012953367881,5670.789637305699,0.0,0.0,29540.553683029753,31270.144001272274,5.854969195232531,
D7_I405_S,L405S-071,AM,36,0,68.93284386517814,6279.676476683938,0.0,0.0,17789.720207253882,16911.725847767055,-4.93540285770666,
D7_I405_S,L405S-071,MD,72,0,68.93284386517814,6279.676476683938,0.0,0.0,34847.05699481865,35414.492152781124,1.6283589114766326,
D7_I405_S,L405S-071,PM,48,0,68.93284386517814,6279.676476683938,0.0,0.0,23936.943005181343,24193.81467685344,1.0731181154439546,
D7_I405_S,L405S-071,NT,132,0,68.93284386517814,6279.676476683938,0.0,0.0,31185.925511457724,34525.57606380808,10.708838995730202,
D7_I405_S,L405S-073,AM,36,0,68.75873711340209,7198.802176165803,0.0,0.0,18263.321243523314,17828.82035341258,-2.3790902230601785,
D7_I405_S,L405S-073,MD,72,34,68.75873711340209,7198.802176165803,18049.77720207254,19703.257525515957,38350.0621761658,41464.53982858613,8.121180190304756,9.160668882126478
D7_I405_S,L405S-073,PM,48,48,68.75873711340209,7198.802176165803,22884.17616580311,26478.119315502292,22884.17616580311,26478.119315502292,15.704926948909694,15.704926948909694
D7_I405_S,L405S-073,NT,132,7,68.75873711340209,7198.802176165803,3567.1917098445597,4153.907832535315,35847.91736552535,44498.96443339601,24.13263504169507,16.447563529360224
D7_I405_S,L405S-074,AM,36,0,63.86417525773197,5329.869948186529,0.0,0.0,13525.709844559584,12445.629410780808,-7.985388169577023,
D7_I405_S,L405S-074,MD,72,31,63.86417525773197,5329.869948186529,11662.917098445596,11188.440842920814,28434.072538860102,28128.014047992114,-1.0763793700311706,-4.068246833273116
D7_I405_S,L405S-074,PM,48,48,63.86417525773197,5329.869948186529,14269.42487046632,14587.439316912623,14269.42487046632,14587.439316912623,2.2286423547770515,2.2286423547770515
D7_I405_S,L405S-074,NT,132,10,63.86417525773197,5329.869948186529,3661.989637305699,4226.573495496274,26479.98939693392,31859.45588030466,20.315213887485996,15.417407314291745
D7_I405_S,L405S-077,AM,36,0,67.82100735804708,8763.06652849741,0.0,0.0,24366.896373056985,24173.66862965021,-0.7929928393360453,
D7_I405_S,L405S-077,MD,72,0,67.82100735804708,8763.06652849741,0.0,0.0,50105.1347150259,51036.36028506157,1.858543191894475,
D7_I405_S,L405S-077,PM,48,42,67.82100735804708,8763.06652849741,28375.512953367877,30454.526878276207,32532.18911917098,34834.72254729322,7.077708234412581,7.326788870125332
D7_I405_S,L405S-077,NT,132,0,67.82100735804708,8763.06652849741,0.0,0.0,48180.43297633674,53428.50617502575,10.892540549119888,
D7_I405_S,L405S-078,AM,36,0,70.85298341434755,7750.984352331606,0.0,0.0,21813.81347150259,20518.03040646544,-5.9401950361863705,
D7_I405_S,L405S-078,MD,72,3,70.85298341434755,7750.984352331606,1924.2331606217615,1932.3394296637443,44190.9585492228,44508.893358490095,0.7194566936427926,0.4212727026990601
D7_I405_S,L405S-078,PM,48,48,70.85298341434755,7750.984352331606,29798.725388601033,29492.76810644857,29798.725388601033,29492.76810644857,-1.02674620529072,-1.02674620529072
D7_I405_S,L405S-078,NT,132,0,70.85298341434755,7750.984352331606,0.0,0.0,41142.24071897869,46810.63085517028,13.777543558965167,
D7_I405_S,L405S-082,AM,36,0,66.8749740932642,6500.658341968912,0.0,0.0,17790.181347150254,16267.842614928046,-8.557185014114912,
D7_I405_S,L405S-082,MD,72,32,66.8749740932642,6500.658341968912,16385.06735751295,16031.03773400643,37115.1658031088,37092.076237684196,-0.06221059484710989,-2.160684578108801
D7_I405_S,L405S-082,PM,48,48,66.8749740932642,6500.658341968912,21096.202072538857,18493.680974065894,21096.202072538857,18493.680974065894,-12.33644373297264,-12.33644373297264
D7_I405_S,L405S-082,NT,132,16,66.8749740932642,6500.658341968912,7715.41450777202,7963.955849648203,36783.133272795254,42184.60858393699,14.684652531046504,3.221360843617902
D7_I405_S,L405S-084,AM,36,0,67.62900018695584,7367.558549222798,0.0,0.0,19809.906735751298,17901.926100435092,-9.63144683499614,
D7_I405_S,L405S-084,MD,72,32,67.62900018695584,7367.558549222798,17963.82901554404,18621.67752630051,41008.072538860106,42493.007917177776,3.6210806467690344,3.6620728809388914
D7_I405_S,L405S-084,PM,48,48,67.62900018695584,7367.558549222798,22980.227979274612,23361.753698644272,22980.227979274612,23361.753698644272,1.6602347013865564,1.6602347013865564
D7_I405_S,L405S-084,NT,132,17,67.62900018695584,7367.558549222798,8997.704663212435,9869.242633889186,39067.36360237167,47499.17421346424,21.582747934853483,9.68622557973121
D7_I405_S,L405S-087,AM,36,0,68.79207474226803,6607.693523316062,0.0,0.0,17183.67616580311,15737.949539269492,-8.41337215962397,
D7_I405_S,L405S-087,MD,72,37,68.79207474226803,6607.693523316062,18398.196891191707,19278.901068658153,37063.41450777202,37989.84848224256,2.499591542695761,4.7869048400503384
D7_I405_S,L405S-087,PM,48,48,68.79207474226803,6607.693523316062,18190.82901554404,22017.639672276186,18190.82901554404,22017.639672276186,21.037032745798115,21.037032745798115
D7_I405_S,L405S-087,NT,132,16,68.79207474226803,6607.693523316062,7374.1217616580325,8407.583883929165,36719.76458255435,40541.34047772355,10.407408485905263,14.014714642286616
D7_I405_S,L405S-095,AM,36,18,69.31297833983226,6039.460414507772,8405.777202072537,8943.633327447707,17114.77720207254,17218.826608745097,0.6079506933923667,6.398648363444086
D7_I405_S,L405S-095,MD,72,19,69.31297833983226,6039.460414507772,9037.80310880829,9536.405729214566,34235.73056994819,35657.931524819505,4.154142269479457,5.516856413040639
D7_I405_S,L405S-095,PM,48,48,69.31297833983226,6039.460414507772,22121.502590673572,23054.50328247444,22121.502590673572,23054.50328247444,4.217618979436879,4.217618979436879
D7_I405_S,L405S-095,NT,132,0,69.31297833983226,6039.460414507772,0.0,0.0,35439.39351530367,36179.427148009025,2.0881667525878673,
D7_I405_S,L405S-106,AM,36,0,70.15298341434757,7752.319274611399,0.0,0.0,21813.818652849743,20538.488454760394,-5.846432568204834,
D7_I405_S,L405S-106,MD,72,3,70.15298341434757,7752.319274611399,1924.424870466321,1932.607131661633,44188.55958549222,44518.94359275972,0.7476686508151564,0.42517955992376016
D7_I405_S,L405S-106,PM,48,48,70.15298341434757,7752.319274611399,29807.1139896373,29496.26496195013,29807.1139896373,29496.26496195013,-1.0428685843092238,-1.0428685843092238
D7_I405_S,L405S-106,NT,132,0,70.15298341434757,7752.319274611399,0.0,0.0,41147.08741520217,46875.821558066775,13.922575090328435,
D7_I405_S,L405S-109,AM,36,0,68.94057769349928,6288.848704663213,0.0,0.0,17803.544041450776,16947.2954386214,-4.809427835468208,
D7_I405_S,L405S-109,MD,72,0,68.94057769349928,6288.848704663213,0.0,0.0,34894.15025906735,35488.142607021626,1.702269129766033,
D7_I405_S,L405S-109,PM,48,0,68.94057769349928,6288.848704663213,0.0,0.0,23961.170984455955,24250.35436383816,1.2068833345824492,
D7_I405_S,L405S-109,NT,132,0,68.94057769349928,6288.848704663213,0.0,0.0,31232.016478820577,35139.62985405268,12.51156286332641,
D7_I405_S,L405S-115,AM,36,0,65.27256476683931,1501.121347150259,0.0,0.0,4279.989637305698,3055.397115522503,-28.612044083220955,
D7_I405_S,L405S-115,MD,72,0,65.27256476683931,1501.121347150259,0.0,0.0,8222.336787564767,6798.387288934981,-17.31806340970279,
D7_I405_S,L405S-115,PM,48,0,65.27256476683931,1501.121347150259,0.0,0.0,5914.036269430051,4887.631678216975,-17.355398994061172,
D7_I405_S,L405S-115,NT,132,0,65.27256476683931,1501.121347150259,0.0,0.0,6048.578601570429,5786.790307453573,-4.328096092673505,
D7_I405_S,L405S-116,AM,36,0,65.27256476683931,1501.121347150259,0.0,0.0,4279.989637305698,3055.397115522503,-28.612044083220955,
D7_I405_S,L405S-116,MD,72,0,65.27256476683931,1501.121347150259,0.0,0.0,8222.336787564767,6798.387288934981,-17.31806340970279,
D7_I405_S,L405S-116,PM,48,0,65.27256476683931,1501.121347150259,0.0,0.0,5914.036269430051,4887.631678216975,-17.355398994061172,
D7_I405_S,L405S-116,NT,132,0,65.27256476683931,1501.121347150259,0.0,0.0,6048.578601570429,5786.790307453573,-4.328096092673505,
D7_I405_S,L405S-119,AM,36,0,70.02017079750014,7408.896373056995,0.0,0.0,20476.181347150257,18360.50727905114,-10.332366334475559,
D7_I405_S,L405S-119,MD,72,29,70.02017079750014,7408.896373056995,16175.46632124352,16120.679301429263,40907.0725388601,41260.52117360704,0.8640281809733039,-0.3387044226496552
D7_I405_S,L405S-119,PM,48,48,70.02017079750014,7408.896373056995,22553.87046632124,20187.682156967083,22553.87046632124,20187.682156967083,-10.49127382764519,-10.49127382764519
D7_I405_S,L405S-119,NT,132,12,70.02017079750014,7408.896373056995,6313.585492227978,6527.357272516005,40995.41830030447,42902.57815725783,4.65212927694214,3.385901411348274
D7_I405_S,L405S-124,AM,36,0,65.17782383419684,6313.375025906736,0.0,0.0,17948.31606217616,16487.354860106054,-8.139823240292161,
D7_I405_S,L405S-124,MD,72,9,65.17782383419684,6313.375025906736,4253.79792746114,4710.01889585744,35451.07772020725,35595.68343208474,0.407902160320124,10.725026815474367
D7_I405_S,L405S-124,PM,48,45,65.17782383419684,6313.375025906736,19980.077720207253,23260.945734030232,21354.585492227976,24837.917412398227,16.311868574728425,16.42069695507144
D7_I405_S,L405S-124,NT,132,0,65.17782383419684,6313.375025906736,0.0,0.0,36943.10600395278,34646.2397545969,-6.2173068206829285,
D7_I405_S,L405S-126,AM,36,0,68.93284386517814,6279.676476683938,0.0,0.0,17789.720207253882,16911.725847767055,-4.93540285770666,
D7_I405_S,L405S-126,MD,72,0,68.93284386517814,6279.676476683938,0.0,0.0,34847.05699481865,35414.492152781124,1.6283589114766326,
D7_I405_S,L405S-126,PM,48,0,68.93284386517814,6279.676476683938,0.0,0.0,23936.943005181343,24193.81467685344,1.0731181154439546,
D7_I405_S,L405S-126,NT,132,0,68.93284386517814,6279.676476683938,0.0,0.0,31185.925511457724,34525.57606380808,10.708838995730202,
D7_I405_S,L405S-127,AM,36,0,70.85298341434755,7750.984352331606,0.0,0.0,21813.81347150259,20518.03040646544,-5.9401950361863705,
D7_I405_S,L405S-127,MD,72,3,70.85298341434755,7750.984352331606,1924.2331606217615,1932.3394296637443,44190.9585492228,44508.893358490095,0.7194566936427926,0.4212727026990601
D7_I405_S,L405S-127,PM,48,48,70.85298341434755,7750.984352331606,29798.725388601033,29492.76810644857,29798.725388601033,29492.76810644857,-1.02674620529072,-1.02674620529072
D7_I405_S,L405S-127,NT,132,0,70.85298341434755,7750.984352331606,0.0,0.0,41142.24071897869,46810.63085517028,13.777543558965167,
D7_I405_S,L405S-128,AM,36,32,64.62388841408047,6325.058238341969,13389.943005181347,15684.442371879853,15426.875647668394,17770.72075471845,15.193258574067164,17.135990540143684
D7_I405_S,L405S-128,MD,72,48,64.62388841408047,6325.058238341969,20998.80310880829,24232.2040971616,31911.575129533674,36446.11840968807,14.209713126813798,15.398025171239441
D7_I405_S,L405S-128,PM,48,0,64.62388841408047,6325.058238341969,0.0,0.0,20522.487046632123,20927.53020880297,1.9736553432851054,
D7_I405_S,L405S-128,NT,132,0,64.62388841408047,6325.058238341969,0.0,0.0,32899.08851022916,39462.32767267755,19.949607906029726,
D7_I405_S,L405S-129,AM,36,0,68.93284386517814,6279.676476683938,0.0,0.0,17789.720207253882,16911.725847767055,-4.93540285770666,
D7_I405_S,L405S-129,MD,72,0,68.93284386517814,6279.676476683938,0.0,0.0,34847.05699481865,35414.492152781124,1.6283589114766326,
D7_I405_S,L405S-129,PM,48,0,68.93284386517814,6279.676476683938,0.0,0.0,23936.943005181343,24193.81467685344,1.0731181154439546,
D7_I405_S,L405S-129,NT,132,0,68.93284386517814,6279.676476683938,0.0,0.0,31185.925511457724,34525.57606380808,10.708838995730202,
D7_I405_S,L405S-133,AM,36,0,70.8335751295337,7755.796787564766,0.0,0.0,21817.518134715025,20514.84550368137,-5.970764515881868,
D7_I405_S,L405S-133,MD,72,3,70.8335751295337,7755.796787564766,1924.9481865284972,1933.7361073888208,44193.99481865284,44527.78452192736,0.7552829397844683,0.4565276573065537
D7_I405_S,L405S-133,PM,48,48,70.8335751295337,7755.796787564766,29806.21761658031,29528.159849699667,29806.21761658031,29528.159849699667,-0.9328851129569972,-0.9328851129569972
D7_I405_S,L405S-133,NT,132,0,70.8335751295337,7755.796787564766,0.0,0.0,41119.70725388601,46793.59113337881,13.798453973566636,
D7_I405_S,L405S-135,AM,36,0,69.32577132631795,6283.735336787565,0.0,0.0,17788.32124352331,16913.554691271558,-4.917645348743931,
D7_I405_S,L405S-135,MD,72,0,69.32577132631795,6283.735336787565,0.0,0.0,34845.06735751295,35438.93647359807,1.7043132963181915,
D7_I405_S,L405S-135,PM,48,0,69.32577132631795,6283.735336787565,0.0,0.0,23936.98445595855,24209.38663168028,1.1379970447945145,
D7_I405_S,L405S-135,NT,132,0,69.32577132631795,6283.735336787565,0.0,0.0,31195.48507024197,34471.91629794429,10.502902007533702,
D7_I405_S,L405S-140,AM,36,0,69.62577132631802,6278.605492227979,0.0,0.0,17792.51813471502,16904.122826933006,-4.99308361557134,
D7_I405_S,L405S-140,MD,72,0,69.62577132631802,6278.605492227979,0.0,0.0,34841.66321243523,35405.36952908646,1.617908746819067,
D7_I405_S,L405S-140,PM,48,0,69.62577132631802,6278.605492227979,0.0,0.0,23942.97409326425,24186.153578159057,1.015661145301163,
D7_I405_S,L405S-140,NT,132,0,69.62577132631802,6278.605492227979,0.0,0.0,31183.093290956676,34414.26496289521,10.36193440397268,
D7_I405_S,L405S-142,AM,36,0,68.93284386517814,6279.676476683938,0.0,0.0,17789.720207253882,16911.725847767055,-4.93540285770666,
D7_I405_S,L405S-142,MD,72,0,68.93284386517814,6279.676476683938,0.0,0.0,34847.05699481865,35414.492152781124,1.6283589114766326,
D7_I405_S,L405S-142,PM,48,0,68.93284386517814,6279.676476683938,0.0,0.0,23936.943005181343,24193.81467685344,1.0731181154439546,
D7_I405_S,L405S-142,NT,132,0,68.93284386517814,6279.676476683938,0.0,0.0,31185.925511457724,34525.57606380808,10.708838995730202,
D7_I405_S,L405S-145,AM,36,0,65.34072164948451,1503.600310880829,0.0,0.0,4282.564766839378,3120.565979817583,-27.133244919477868,
D7_I405_S,L405S-145,MD,72,0,65.34072164948451,1503.600310880829,0.0,0.0,8217.23834196891,6874.594216865802,-16.339359639182632,
D7_I405_S,L405S-145,PM,48,0,65.34072164948451,1503.600310880829,0.0,0.0,5920.046632124352,4920.434080396535,-16.885214151921563,
D7_I405_S,L405S-145,NT,132,0,65.34072164948451,1503.600310880829,0.0,0.0,6047.798221248864,6171.685030100314,2.0484613460841876,
D7_I405_S,L405S-149,AM,36,0,65.34072164948451,1503.600310880829,0.0,0.0,4282.564766839378,3120.565979817583,-27.133244919477868,
D7_I405_S,L405S-149,MD,72,0,65.34072164948451,1503.600310880829,0.0,0.0,8217.23834196891,6874.594216865802,-16.339359639182632,
D7_I405_S,L405S-149,PM,48,0,65.34072164948451,1503.600310880829,0.0,0.0,5920.046632124352,4920.434080396535,-16.885214151921563,
D7_I405_S,L405S-149,NT,132,0,65.34072164948451,1503.600310880829,0.0,0.0,6047.798221248864,6171.685030100314,2.0484613460841876,
D7_I405_S,L405S-155,AM,36,0,65.34072164948451,1503.600310880829,0.0,0.0,4282.564766839378,3120.565979817583,-27.133244919477868,
D7_I405_S,L405S-155,MD,72,0,65.34072164948451,1503.600310880829,0.0,0.0,8217.23834196891,6874.594216865802,-16.339359639182632,
D7_I405_S,L405S-155,PM,48,0,65.34072164948451,1503.600310880829,0.0,0.0,5920.046632124352,4920.434080396535,-16.885214151921563,
D7_I405_S,L405S-155,NT,132,0,65.34072164948451,1503.600310880829,0.0,0.0,6047.798221248864,6171.685030100314,2.0484613460841876,
D7_I405_S,L405S-157,AM,36,0,65.34072164948451,1503.600310880829,0.0,0.0,4282.564766839378,3120.565979817583,-27.133244919477868,
D7_I405_S,L405S-157,MD,72,0,65.34072164948451,1503.600310880829,0.0,0.0,8217.23834196891,6874.594216865802,-16.339359639182632,
D7_I405_S,L405S-157,PM,48,0,65.34072164948451,1503.600310880829,0.0,0.0,5920.046632124352,4920.434080396535,-16.885214151921563,
D7_I405_S,L405S-157,NT,132,0,65.34072164948451,1503.600310880829,0.0,0.0,6047.798221248864,6171.685030100314,2.0484613460841876,
D7_I405_S,L405S-158,AM,36,0,68.93284386517814,6279.676476683938,0.0,0.0,17789.720207253882,16911.725847767055,-4.93540285770666,
D7_I405_S,L405S-158,MD,72,0,68.93284386517814,6279.676476683938,0.0,0.0,34847.05699481865,35414.492152781124,1.6283589114766326,
D7_I405_S,L405S-158,PM,48,0,68.93284386517814,6279.676476683938,0.0,0.0,23936.943005181343,24193.81467685344,1.0731181154439546,
D7_I405_S,L405S-158,NT,132,0,68.93284386517814,6279.676476683938,0.0,0.0,31185.925511457724,34525.57606380808,10.708838995730202,
D7_I405_S,L405S-169,AM,36,0,65.34072164948451,1503.600310880829,0.0,0.0,4282.564766839378,3120.565979817583,-27.133244919477868,
D7_I405_S,L405S-169,MD,72,0,65.34072164948451,1503.600310880829,0.0,0.0,8217.23834196891,6874.594216865802,-16.339359639182632,
D7_I405_S,L405S-169,PM,48,0,65.34072164948451,1503.600310880829,0.0,0.0,5920.046632124352,4920.434080396535,-16.885214151921563,
D7_I405_S,L405S-169,NT,132,0,65.34072164948451,1503.600310880829,0.0,0.0,6047.798221248864,6171.685030100314,2.0484613460841876,
D7_I405_S,L405S-173,AM,36,36,69.91331606217618,7125.079896373057,13791.010362694302,14481.249315100213,13791.010362694302,14481.249315100213,5.004991905981435,5.004991905981435
D7_I405_S,L405S-173,MD,72,16,69.91331606217618,7125.079896373057,6459.300518134714,8408.446096154523,32594.181347150257,39286.404630388235,20.531956952565356,30.175799570673533
D7_I405_S,L405S-173,PM,48,0,69.91331606217618,7125.079896373057,0.0,0.0,21790.274611398963,22136.394702060483,1.5884154598054336,
D7_I405_S,L405S-173,NT,132,1,69.91331606217618,7125.079896373057,478.93264248704656,588.6127041321505,30795.610704556384,47843.274061065196,55.35744531926595,22.90093677381165
D7_I405_S,L405S-175,AM,36,36,69.91331606217618,7125.079896373057,13791.010362694302,14481.249315100213,13791.010362694302,14481.249315100213,5.004991905981435,5.004991905981435
D7_I405_S,L405S-175,MD,72,16,69.91331606217618,7125.079896373057,6459.300518134714,8408.446096154523,32594.181347150257,39286.404630388235,20.531956952565356,30.175799570673533
D7_I405_S,L405S-175,PM,48,0,69.91331606217618,7125.079896373057,0.0,0.0,21790.274611398963,22136.394702060483,1.5884154598054336,
D7_I405_S,L405S-175,NT,132,1,69.91331606217618,7125.079896373057,478.93264248704656,588.6127041321505,30795.610704556384,47843.274061065196,55.35744531926595,22.90093677381165
D7_I405_S,L405S-176,AM,36,36,69.91331606217618,7125.079896373057,13791.010362694302,14481.249315100213,13791.010362694302,14481.249315100213,5.004991905981435,5.004991905981435
D7_I405_S,L405S-176,MD,72,16,69.91331606217618,7125.079896373057,6459.300518134714,8408.446096154523,32594.181347150257,39286.404630388235,20.531956952565356,30.175799570673533
D7_I405_S,L405S-176,PM,48,0,69.91331606217618,7125.079896373057,0.0,0.0,21790.274611398963,22136.394702060483,1.5884154598054336,
D7_I405_S,L405S-176,NT,132,1,69.91331606217618,7125.079896373057,478.93264248704656,588.6127041321505,30795.610704556384,47843.274061065196,55.35744531926595,22.90093677381165
D7_I405_S,L405S-180,AM,36,0,68.93284386517814,6279.676476683938,0.0,0.0,17789.720207253882,16911.725847767055,-4.93540285770666,
D7_I405_S,L405S-180,MD,72,0,68.93284386517814,6279.676476683938,0.0,0.0,34847.05699481865,35414.492152781124,1.6283589114766326,
D7_I405_S,L405S-180,PM,48,0,68.93284386517814,6279.676476683938,0.0,0.0,23936.943005181343,24193.81467685344,1.0731181154439546,
D7_I405_S,L405S-180,NT,132,0,68.93284386517814,6279.676476683938,0.0,0.0,31185.925511457724,34525.57606380808,10.708838995730202,
D7_I405_S,L405S-181,AM,36,0,65.96777202072542,5616.071191709844,0.0,0.0,15351.870466321243,11362.212194486656,-25.98809233433186,
D7_I405_S,L405S-181,MD,72,0,65.96777202072542,5616.071191709844,0.0,0.0,31030.71502590673,23494.08885123252,-24.28763297391659,
D7_I405_S,L405S-181,PM,48,0,65.96777202072542,5616.071191709844,0.0,0.0,19011.03626943005,16115.204108350597,-15.232374080186156,
D7_I405_S,L405S-181,NT,132,0,65.96777202072542,5616.071191709844,0.0,0.0,30369.081913359325,24112.781051276485,-20.600889022366857,
D7_I405_S,L405S-184,AM,36,0,67.61590673575128,6905.785803108808,0.0,0.0,18339.83419689119,19768.35303884324,7.78915897829765,
D7_I405_S,L405S-184,MD,72,0,67.61590673575128,6905.785803108808,0.0,0.0,37351.74611398963,38507.85145050539,3.0951841795764183,
D7_I405_S,L405S-184,PM,48,0,67.61590673575128,6905.785803108808,0.0,0.0,22671.968911917094,21772.846038645657,-3.965790870500136,
D7_I405_S,L405S-184,NT,132,0,67.61590673575128,6905.785803108808,0.0,0.0,32451.472731157526,37169.56015867919,14.538900796917304,
D7_I405_S,L405S-186,AM,36,0,64.81809278350516,6205.135958549223,0.0,0.0,16350.212435233161,15715.079574377445,-3.8845541816145754,
D7_I405_S,L405S-186,MD,72,0,64.81809278350516,6205.135958549223,0.0,0.0,33307.409326424866,30944.509682740743,-7.094216246381809,
D7_I405_S,L405S-186,PM,48,0,64.81809278350516,6205.135958549223,0.0,0.0,20313.336787564767,18040.17763005178,-11.190476391375286,
D7_I405_S,L405S-186,NT,132,0,64.81809278350516,6205.135958549223,0.0,0.0,33093.602959243624,28815.174977449446,-12.92826286416523,
D7_I405_S,L405S-193,AM,36,33,70.46818652849736,7423.443730569948,15747.134715025904,16053.454649059855,17557.108808290155,17854.281328725985,1.6926051075989819,1.9452423541005233
D7_I405_S,L405S-193,MD,72,72,70.46818652849736,7423.443730569948,37589.26424870466,40420.444174156364,37589.26424870466,40420.444174156364,7.531884387838919,7.531884387838919
D7_I405_S,L405S-193,PM,48,1,70.46818652849736,7423.443730569948,538.4974093264248,618.0988457551416,26094.854922279792,28056.519129257755,7.517436723907951,14.782139161688015
D7_I405_S,L405S-193,NT,132,0,70.46818652849736,7423.443730569948,0.0,0.0,38899.41984936703,44775.50943370443,15.105854038676666,
D7_I405_S,L405S-194,AM,36,33,70.46818652849736,7423.443730569948,15747.134715025904,16053.454649059855,17557.108808290155,17854.281328725985,1.6926051075989819,1.9452423541005233
D7_I405_S,L405S-194,MD,72,72,70.46818652849736,7423.443730569948,37589.26424870466,40420.444174156364,37589.26424870466,40420.444174156364,7.531884387838919,7.531884387838919
D7_I405_S,L405S-194,PM,48,1,70.46818652849736,7423.443730569948,538.4974093264248,618.0988457551416,26094.854922279792,28056.519129257755,7.517436723907951,14.782139161688015
D7_I405_S,L405S-194,NT,132,0,70.46818652849736,7423.443730569948,0.0,0.0,38899.41984936703,44775.50943370443,15.105854038676666,
D7_I405_S,L405S-196,AM,36,18,69.31297833983226,6039.460414507772,8405.777202072537,8943.633327447707,17114.77720207254,17218.826608745097,0.6079506933923667,6.398648363444086
D7_I405_S,L405S-196,MD,72,19,69.31297833983226,6039.460414507772,9037.80310880829,9536.405729214566,34235.73056994819,35657.931524819505,4.154142269479457,5.516856413040639
D7_I405_S,L405S-196,PM,48,48,69.31297833983226,6039.460414507772,22121.502590673572,23054.50328247444,22121.502590673572,23054.50328247444,4.217618979436879,4.217618979436879
D7_I405_S,L405S-196,NT,132,0,69.31297833983226,6039.460414507772,0.0,0.0,35439.39351530367,36179.427148009025,2.0881667525878673,
D7_I405_S,L405S-202,AM,36,0,70.7201707975001,7406.674196891192,0.0,0.0,20476.20725388601,18334.963156174672,-10.45723004832825,
D7_I405_S,L405S-202,MD,72,29,70.7201707975001,7406.674196891192,16177.316062176164,16117.331298643892,40915.108808290155,41250.86270468985,0.8206110314233412,-0.37079552196251103
D7_I405_S,L405S-202,PM,48,48,70.7201707975001,7406.674196891192,22552.072538860102,20192.086027250065,22552.072538860102,20192.086027250065,-10.464610325917846,-10.464610325917846
D7_I405_S,L405S-202,NT,132,12,70.7201707975001,7406.674196891192,6313.3678756476675,6525.918412390913,41000.43274931895,42868.77537460426,4.556885135112005,3.366674347666464
D7_I405_S,L405S-206,AM,36,0,70.57017079750007,7409.92414507772,0.0,0.0,20477.0,18345.39276037438,-10.409763342411587,
D7_I405_S,L405S-206,MD,72,29,70.57017079750007,7409.92414507772,16176.9896373057,16123.885350407903,40911.27720207254,41263.46929206689,0.8608679906392873,-0.3282705131697244
D7_I405_S,L405S-206,PM,48,48,70.57017079750007,7409.92414507772,22552.044041450776,20197.065776158062,22552.044041450776,20197.065776158062,-10.442416044258565,-10.442416044258565
D7_I405_S,L405S-206,NT,132,12,70.57017079750007,7409.92414507772,6313.676165803108,6528.602653557449,40999.051920303405,42898.13376886273,4.632014057912568,3.40414177271954
D7_I405_S,L405S-214,AM,36,0,67.14531021312958,6375.078652849741,0.0,0.0,17341.36269430052,15440.139403365132,-10.963517253233219,
D7_I405_S,L405S-214,MD,72,38,67.14531021312958,6375.078652849741,18610.694300518135,17684.15079163249,36062.13989637305,35421.12860837225,-1.7775187214147308,-4.978554232981234
D7_I405_S,L405S-214,PM,48,48,67.14531021312958,6375.078652849741,18617.63730569948,15955.619418639912,18617.63730569948,15955.619418639912,-14.298365809525343,-14.298365809525343
D7_I405_S,L405S-214,NT,132,18,67.14531021312958,6375.078652849741,8254.80829015544,8462.82706677166,37614.6136691416,36153.9442332126,-3.8832498687267223,2.5199710193669773
D7_I405_S,L405S-220,AM,36,0,66.65478727097911,5833.937098445595,0.0,0.0,14859.569948186527,12114.079420433292,-18.476244853158054,
D7_I405_S,L405S-220,MD,72,22,66.65478727097911,5833.937098445595,8802.336787564764,10427.283017220409,31161.450777202073,31670.766571976055,1.6344418570736146,18.4603960161038
D7_I405_S,L405S-220,PM,48,48,66.65478727097911,5833.937098445595,16236.38341968912,22522.88185995284,16236.38341968912,22522.88185995284,38.71858823338927,38.71858823338927
D7_I405_S,L405S-220,NT,132,1,66.65478727097911,5833.937098445595,387.01554404145077,485.9177965261208,29465.972116874098,32939.78071301094,11.789221079685746,25.555111159586204
D7_I405_S,L405S-222,AM,36,0,65.34072164948451,1503.600310880829,0.0,0.0,4282.564766839378,3120.565979817583,-27.133244919477868,
D7_I405_S,L405S-222,MD,72,0,65.34072164948451,1503.600310880829,0.0,0.0,8217.23834196891,6874.594216865802,-16.339359639182632,
D7_I405_S,L405S-222,PM,48,0,65.34072164948451,1503.600310880829,0.0,0.0,5920.046632124352,4920.434080396535,-16.885214151921563,
D7_I405_S,L405S-222,NT,132,0,65.34072164948451,1503.600310880829,0.0,0.0,6047.798221248864,6171.685030100314,2.0484613460841876,
D7_I405_S,L405S-226,AM,36,0,67.4722797927461,6173.411502590673,0.0,0.0,16845.129533678755,15550.143765828154,-7.687597564990606,
D7_I405_S,L405S-226,MD,72,0,67.4722797927461,6173.411502590673,0.0,0.0,34375.94300518135,33784.55604306325,-1.720351241066937,
D7_I405_S,L405S-226,PM,48,0,67.4722797927461,6173.411502590673,0.0,0.0,22089.585492227976,23016.158972685997,4.194616874019784,
D7_I405_S,L405S-226,NT,132,0,67.4722797927461,6173.411502590673,0.0,0.0,30224.849447144923,34645.96016959546,14.627403620924117,
D7_I405_S,L405S-227,AM,36,0,64.5166696490572,3016.9097409326423,0.0,0.0,8120.259067357512,6364.438245917679,-21.622719261483013,
D7_I405_S,L405S-227,MD,72,0,64.5166696490572,3016.9097409326423,0.0,0.0,16390.45077720207,14779.048814302703,-9.831346219841066,
D7_I405_S,L405S-227,PM,48,0,64.5166696490572,3016.9097409326423,0.0,0.0,10424.725388601037,10101.022609973284,-3.1051444192640933,
D7_I405_S,L405S-227,NT,132,0,64.5166696490572,3016.9097409326423,0.0,0.0,15198.165883232732,14242.686148280529,-6.286809489336667,
D7_I405_S,L405S-228,AM,36,0,67.14760309278354,7041.229740932643,0.0,0.0,20165.113989637306,19744.86644491992,-2.084032576921447,
D7_I405_S,L405S-228,MD,72,0,67.14760309278354,7041.229740932643,0.0,0.0,40699.331606217616,41046.90589293543,0.8540049013107469,
D7_I405_S,L405S-228,PM,48,37,67.14760309278354,7041.229740932643,19742.150259067355,21576.115300877063,25813.072538860102,28025.06682187728,8.569279304845047,9.289591142522015
D7_I405_S,L405S-228,NT,132,0,67.14760309278354,7041.229740932643,0.0,0.0,42156.165856524756,42156.47270075003,0.0007278750783962157,
D7_I405_S,L405S-231,AM,36,0,68.47458762886598,6378.445803108808,0.0,0.0,16014.715025906735,15678.106852920577,-2.1018680160192216,
D7_I405_S,L405S-231,MD,72,0,68.47458762886598,6378.445803108808,0.0,0.0,35148.20207253886,37155.35025323856,5.710528739300381,
D7_I405_S,L405S-231,PM,48,19,68.47458762886598,6378.445803108808,9141.60103626943,10070.20214154567,23270.81865284974,25471.504055752408,9.456845656064504,10.15797015853132
D7_I405_S,L405S-231,NT,132,0,68.47458762886598,6378.445803108808,0.0,0.0,29596.0237166818,37725.46115504885,27.468005554357255,
D7_I405_S,L405S-234,AM,36,0,66.99534546765662,6391.562487046633,0.0,0.0,15022.875647668394,14230.372136650189,-5.2753116620598846,
D7_I405_S,L405S-234,MD,72,1,66.99534546765662,6391.562487046633,526.7357512953367,532.5630178048605,34665.69948186528,36664.282701700366,5.765304752845403,1.106297891341805
D7_I405_S,L405S-234,PM,48,48,66.99534546765662,6391.562487046633,24950.720207253886,25337.980206341686,24950.720207253886,25337.980206341686,1.5520994819829417,1.5520994819829417
D7_I405_S,L405S-234,NT,132,2,66.99534546765662,6391.562487046633,1021.1554404145078,1064.6316951859167,27835.898589818928,40544.475362862926,45.65534944753751,4.2575550254876955
D7_I405_S,L405S-241,AM,36,0,66.00204663212428,7828.7008290155445,0.0,0.0,21345.65803108808,19948.698389225035,-6.544467450141369,
D7_I405_S,L405S-241,MD,72,11,66.00204663212428,7828.7008290155445,7024.041450777201,7132.608482615053,45150.66321243523,45694.94019510412,1.2054684116334007,1.54564907679807
D7_I405_S,L405S-241,PM,48,48,66.00204663212428,7828.7008290155445,28639.84455958549,28931.77027025176,28639.84455958549,28931.77027025176,1.0192992146270747,1.0192992146270747
D7_I405_S,L405S-241,NT,132,4,66.00204663212428,7828.7008290155445,2426.761658031088,2596.571864819576,43117.49097270445,51034.79107277602,18.362154015602663,6.997399444915452
D7_I405_S,L405S-254,AM,36,0,68.15665803108803,6819.410051813472,0.0,0.0,18914.673575129535,15947.770548710696,-15.685721535897667,
D7_I405_S,L405S-254,MD,72,19,68.15665803108803,6819.410051813472,9524.025906735751,10230.664108174593,36619.367875647666,38091.54614258218,4.020217585223607,7.419532541790764
D7_I405_S,L405S-254,PM,48,48,68.15665803108803,6819.410051813472,20903.23316062176,22435.7143819043,20903.23316062176,22435.7143819043,7.331311905229492,7.331311905229492
D7_I405_S,L405S-254,NT,132,8,68.15665803108803,6819.410051813472,3860.227979274611,4444.002550765454,38225.965867207946,40064.82421456833,4.810495446337033,15.12280037928076
D7_I405_S,L405S-260,AM,36,20,68.85329082313982,6016.507150259067,9685.440414507771,9596.672100929994,17492.720207253886,16762.642498564248,-4.173608792913117,-0.9165129284654047
D7_I405_S,L405S-260,MD,72,39,68.85329082313982,6016.507150259067,18577.22797927461,18724.345090695115,34213.20725388601,35251.9782846873,3.0361696963774256,0.7919217634871852
D7_I405_S,L405S-260,PM,48,48,68.85329082313982,6016.507150259067,21153.502590673575,20190.922738288067,21153.502590673575,20190.922738288067,-4.55045138865042,-4.55045138865042
D7_I405_S,L405S-260,NT,132,4,68.85329082313982,6016.507150259067,1895.2953367875646,1991.4295253772307,35117.796031194914,38869.3178337384,10.682680083941017,5.072253739230372
D7_I405_S,L405S-264,AM,36,0,68.93284386517814,6279.676476683938,0.0,0.0,17789.720207253882,16911.725847767055,-4.93540285770666,
D7_I405_S,L405S-264,MD,72,0,68.93284386517814,6279.676476683938,0.0,0.0,34847.05699481865,35414.492152781124,1.6283589114766326,
D7_I405_S,L405S-264,PM,48,0,68.93284386517814,6279.676476683938,0.0,0.0,23936.943005181343,24193.81467685344,1.0731181154439546,
D7_I405_S,L405S-264,NT,132,0,68.93284386517814,6279.676476683938,0.0,0.0,31185.925511457724,34525.57606380808,10.708838995730202,
D7_I405_S,L405S-270,AM,36,0,68.9229792746113,6137.321347150259,0.0,0.0,17001.36787564767,16043.177591340038,-5.635959949317484,
D7_I405_S,L405S-270,MD,72,0,68.9229792746113,6137.321347150259,0.0,0.0,34260.580310880825,34865.435275646836,1.7654545231795593,
D7_I405_S,L405S-270,PM,48,8,68.9229792746113,6137.321347150259,3927.8134715025903,4077.8551365946696,23312.077720207253,24387.205763370162,4.6118928396973065,3.8199793900773145
D7_I405_S,L405S-270,NT,132,0,68.9229792746113,6137.321347150259,0.0,0.0,30386.567998504353,35421.265660137884,16.56882627179661,
D7_I405_S,L405S-278,AM,36,0,68.93284386517814,6279.676476683938,0.0,0.0,17789.720207253882,16911.725847767055,-4.93540285770666,
D7_I405_S,L405S-278,MD,72,0,68.93284386517814,6279.676476683938,0.0,0.0,34847.05699481865,35414.492152781124,1.6283589114766326,
D7_I405_S,L405S-278,PM,48,0,68.93284386517814,6279.676476683938,0.0,0.0,23936.943005181343,24193.81467685344,1.0731181154439546,
D7_I405_S,L405S-278,NT,132,0,68.93284386517814,6279.676476683938,0.0,0.0,31185.925511457724,34525.57606380808,10.708838995730202,
D7_I405_S,L405S-282,AM,36,0,67.45503979488277,5735.167461139896,0.0,0.0,14833.663212435233,14455.815314521322,-2.5472325514115526,
D7_I405_S,L405S-282,MD,72,5,67.45503979488277,5735.167461139896,2071.922279792746,2388.5832603865892,30687.00518134715,33090.52532481758,7.832371159279463,15.283439136796137
D7_I405_S,L405S-282,PM,48,42,67.45503979488277,5735.167461139896,16395.139896373053,20014.704960031308,18802.020725388596,22879.876002931713,21.688388376451147,22.077061168956398
D7_I405_S,L405S-282,NT,132,0,67.45503979488277,5735.167461139896,0.0,0.0,28977.921398429567,34874.16268660715,20.34735758685965,
D7_I405_S,L405S-286,AM,36,0,70.15298341434757,7752.319274611399,0.0,0.0,21813.818652849743,20538.488454760394,-5.846432568204834,
D7_I405_S,L405S-286,MD,72,3,70.15298341434757,7752.319274611399,1924.424870466321,1932.607131661633,44188.55958549222,44518.94359275972,0.7476686508151564,0.42517955992376016
D7_I405_S,L405S-286,PM,48,48,70.15298341434757,7752.319274611399,29807.1139896373,29496.26496195013,29807.1139896373,29496.26496195013,-1.0428685843092238,-1.0428685843092238
D7_I405_S,L405S-286,NT,132,0,70.15298341434757,7752.319274611399,0.0,0.0,41147.08741520217,46875.821558066775,13.922575090328435,
D7_I405_S,L405S-289,AM,36,0,68.1637305699482,6242.007668393782,0.0,0.0,17560.461139896375,16747.75411919923,-4.628050563266357,
D7_I405_S,L405S-289,MD,72,5,68.1637305699482,6242.007668393782,2449.3782383419684,2594.5692066070064,34895.72538860103,35809.11453833054,2.617481481063803,5.927666294745911
D7_I405_S,L405S-289,PM,48,42,68.1637305699482,6242.007668393782,20117.875647668396,21615.055430922337,22988.352331606213,24724.278826863716,7.551330648742552,7.442037168708021
D7_I405_S,L405S-289,NT,132,0,68.1637305699482,6242.007668393782,0.0,0.0,31103.361946477213,36566.60514390616,17.564799608576465,
D7_I405_S,L405S-299,AM,36,0,70.85298341434755,7750.984352331606,0.0,0.0,21813.81347150259,20518.03040646544,-5.9401950361863705,
D7_I405_S,L405S-299,MD,72,3,70.85298341434755,7750.984352331606,1924.2331606217615,1932.3394296637443,44190.9585492228,44508.893358490095,0.7194566936427926,0.4212727026990601
D7_I405_S,L405S-299,PM,48,48,70.85298341434755,7750.984352331606,29798.725388601033,29492.76810644857,29798.725388601033,29492.76810644857,-1.02674620529072,-1.02674620529072
D7_I405_S,L405S-299,NT,132,0,70.85298341434755,7750.984352331606,0.0,0.0,41142.24071897869,46810.63085517028,13.777543558965167,
D7_I405_S,L405S-305,AM,36,0,68.94413719886758,6292.384663212435,0.0,0.0,17805.953367875645,16950.589981311965,-4.803805608672838,
D7_I405_S,L405S-305,MD,72,0,68.94413719886758,6292.384663212435,0.0,0.0,34917.67875647668,35479.84834159769,1.6099855578651148,
D7_I405_S,L405S-305,PM,48,0,68.94413719886758,6292.384663212435,0.0,0.0,23973.331606217616,24252.432196517773,1.1642127797863966,
D7_I405_S,L405S-305,NT,132,0,68.94413719886758,6292.384663212435,0.0,0.0,31249.784413225792,34783.31822241721,11.307386196545819,
D7_I405_S,L405S-309,AM,36,0,69.65804016879437,6302.908601036269,0.0,0.0,17841.025906735747,16971.933461852066,-4.871314292277115,
D7_I405_S,L405S-309,MD,72,0,69.65804016879437,6302.908601036269,0.0,0.0,34945.26943005181,35545.68012451845,1.718145844227776,
D7_I405_S,L405S-309,PM,48,0,69.65804016879437,6302.908601036269,0.0,0.0,24021.34196891191,24286.742137561887,1.104851548233455,
D7_I405_S,L405S-309,NT,132,0,69.65804016879437,6302.908601036269,0.0,0.0,31247.474974627432,34863.86012996787,11.573367634590952,
D7_I405_S,L405S-310,AM,36,0,70.85298341434755,7750.984352331606,0.0,0.0,21813.81347150259,20518.03040646544,-5.9401950361863705,
D7_I405_S,L405S-310,MD,72,3,70.85298341434755,7750.984352331606,1924.2331606217615,1932.3394296637443,44190.9585492228,44508.893358490095,0.7194566936427926,0.4212727026990601
D7_I405_S,L405S-310,PM,48,48,70.85298341434755,7750.984352331606,29798.725388601033,29492.76810644857,29798.725388601033,29492.76810644857,-1.02674620529072,-1.02674620529072
D7_I405_S,L405S-310,NT,132,0,70.85298341434755,7750.984352331606,0.0,0.0,41142.24071897869,46810.63085517028,13.777543558965167,
D7_I405_S,L405S-313,AM,36,0,69.62577132631802,6278.605492227979,0.0,0.0,17792.51813471502,16904.122826933006,-4.99308361557134,
D7_I405_S,L405S-313,MD,72,0,69.62577132631802,6278.605492227979,0.0,0.0,34841.66321243523,35405.36952908646,1.617908746819067,
D7_I405_S,L405S-313,PM,48,0,69.62577132631802,6278.605492227979,0.0,0.0,23942.97409326425,24186.153578159057,1.015661145301163,
D7_I405_S,L405S-313,NT,132,0,69.62577132631802,6278.605492227979,0.0,0.0,31183.093290956676,34414.26496289521,10.36193440397268,
D7_I405_S,L405S-317,AM,36,0,68.93338790662892,6308.858238341969,0.0,0.0,17847.554404145078,16976.055893909277,-4.883013607922639,
D7_I405_S,L405S-317,MD,72,0,68.93338790662892,6308.858238341969,0.0,0.0,34991.139896373046,35564.40564909085,1.6383168836898128,
D7_I405_S,L405S-317,PM,48,0,68.93338790662892,6308.858238341969,0.0,0.0,24031.1243523316,24305.841826960783,1.1431736218473183,
D7_I405_S,L405S-317,NT,132,0,68.93338790662892,6308.858238341969,0.0,0.0,31307.06447305165,34801.83277860304,11.162874464195141,
D7_I405_S,L405S-319,AM,36,0,69.6158773569788,6319.306943005181,0.0,0.0,17891.65803108808,17014.824106377127,-4.9007974732548005,
D7_I405_S,L405S-319,MD,72,0,69.6158773569788,6319.306943005181,0.0,0.0,35045.35233160621,35625.444410505705,1.655261084010636,
D7_I405_S,L405S-319,PM,48,0,69.6158773569788,6319.306943005181,0.0,0.0,24080.89637305699,24343.378150033903,1.0900000270363404,
D7_I405_S,L405S-319,NT,132,0,69.6158773569788,6319.306943005181,0.0,0.0,31459.016906148172,34873.79233490508,10.85467940382316,
D7_I405_S,L405S-322,AM,36,0,68.917284199562,6306.147046632124,0.0,0.0,17840.23316062176,16992.03317197074,-4.754422103200018,
D7_I405_S,L405S-322,MD,72,0,68.917284199562,6306.147046632124,0.0,0.0,34981.30051813471,35551.554978704204,1.630169410865289,
D7_I405_S,L405S-322,PM,48,0,68.917284199562,6306.147046632124,0.0,0.0,24030.502590673575,24290.328175321207,1.0812324197849765,
D7_I405_S,L405S-322,NT,132,0,68.917284199562,6306.147046632124,0.0,0.0,31384.470434271672,34522.10632657375,9.997415437909677,
D7_I405_S,L405S-323,AM,36,0,68.93284386517814,6279.676476683938,0.0,0.0,17789.720207253882,16911.725847767055,-4.93540285770666,
D7_I405_S,L405S-323,MD,72,0,68.93284386517814,6279.676476683938,0.0,0.0,34847.05699481865,35414.492152781124,1.6283589114766326,
D7_I405_S,L405S-323,PM,48,0,68.93284386517814,6279.676476683938,0.0,0.0,23936.943005181343,24193.81467685344,1.0731181154439546,
D7_I405_S,L405S-323,NT,132,0,68.93284386517814,6279.676476683938,0.0,0.0,31185.925511457724,34525.57606380808,10.708838995730202,
D7_I405_S,L405S-334,AM,36,0,67.02411917098445,5811.604663212435,0.0,0.0,16229.56476683938,15289.968292395686,-5.7894126425589585,
D7_I405_S,L405S-334,MD,72,18,67.02411917098445,5811.604663212435,7629.715025906736,8476.123748872586,32077.336787564767,32798.74867061821,2.248976864354612,11.093582395828216
D7_I405_S,L405S-334,PM,48,48,67.02411917098445,5811.604663212435,18265.310880829016,21409.03031774309,18265.310880829016,21409.03031774309,17.211420366316748,17.211420366316748
D7_I405_S,L405S-334,NT,132,4,67.02411917098445,5811.604663212435,1631.3367875647668,1928.1592332476596,30492.137652903155,35622.03927117103,16.823686409468433,18.19504396305465
D7_I405_S,L405S-336,AM,36,7,69.04476683937834,7797.212953367876,4110.797927461139,4544.575181321129,21687.08808290155,22604.41075738376,4.229810249193581,10.552142467579145
D7_I405_S,L405S-336,MD,72,0,69.04476683937834,7797.212953367876,0.0,0.0,44076.99481865284,44720.01222878192,1.4588503884501645,
D7_I405_S,L405S-336,PM,48,38,69.04476683937834,7797.212953367876,22680.51813471502,24426.555419753466,28772.160621761657,30908.12937216062,7.423734277304969,7.698401221116474
D7_I405_S,L405S-336,NT,132,0,69.04476683937834,7797.212953367876,0.0,0.0,44156.46375727791,49424.653860887396,11.93073370315162,
D7_I405_S,L405S-363,AM,36,0,67.42873711340208,5565.020518134715,0.0,0.0,15084.39378238342,12934.592798748043,-14.251822212080285,
D7_I405_S,L405S-363,MD,72,30,67.42873711340208,5565.020518134715,12610.186528497408,13463.578478124904,31665.735751295335,32040.021086323126,1.1819884368626437,6.767480779915023
D7_I405_S,L405S-363,PM,48,48,67.42873711340208,5565.020518134715,16403.69430051813,19706.48542287304,16403.69430051813,19706.48542287304,20.13443473066056,20.13443473066056
D7_I405_S,L405S-363,NT,132,13,67.42873711340208,5565.020518134715,5180.041450777202,5851.916224575885,34866.93389776186,33102.003440520595,-5.061903241668629,12.970451688139997
D7_I405_S,L405S-364,AM,36,0,70.55298341434754,7748.279378238342,0.0,0.0,21815.409326424866,20516.58032329474,-5.953722819020693,
D7_I405_S,L405S-364,MD,72,3,70.55298341434754,7748.279378238342,1924.4300518134714,1931.6508852221027,44186.9689119171,44491.688696922574,0.6896145911544762,0.3752193228237516
D7_I405_S,L405S-364,PM,48,48,70.55298341434754,7748.279378238342,29801.937823834196,29481.7027233192,29801.937823834196,29481.7027233192,-1.074544556155971,-1.074544556155971
D7_I405_S,L405S-364,NT,132,0,70.55298341434754,7748.279378238342,0.0,0.0,41142.9472250414,46823.12099864747,13.80594769387078,
D7_I405_S,L405S-373,AM,36,0,70.83733160621765,7765.569015544042,0.0,0.0,21844.953367875645,20536.036256398867,-5.991851250191367,
D7_I405_S,L405S-373,MD,72,3,70.83733160621765,7765.569015544042,1927.3316062176164,1936.3537661777166,44260.461139896375,44572.86889538841,0.705839359659162,0.4681166401772548
D7_I405_S,L405S-373,PM,48,48,70.83733160621765,7765.569015544042,29852.580310880825,29583.376596840106,29852.580310880825,29583.376596840106,-0.9017770364814945,-0.9017770364814945
D7_I405_S,L405S-373,NT,132,0,70.83733160621765,7765.569015544042,0.0,0.0,41187.82375407295,46778.18477873557,13.572848757540399,
D7_I405_S,L405S-377,AM,36,20,69.55329082313982,6014.902694300518,9684.455958549222,9593.650654245266,17492.155440414506,16754.69238033545,-4.215964479570047,-0.9376397052412158
D7_I405_S,L405S-377,MD,72,39,69.55329082313982,6014.902694300518,18575.0829015544,18719.46048354142,34212.0414507772,35242.551266268834,3.0121260579386555,0.7772648055042536
D7_I405_S,L405S-377,PM,48,48,69.55329082313982,6014.902694300518,21152.326424870465,20186.923800045835,21152.326424870465,20186.923800045835,-4.564049388390346,-4.564049388390346
D7_I405_S,L405S-377,NT,132,4,69.55329082313982,6014.902694300518,1895.3005181347148,1991.0084223445913,35110.127744244426,38822.485929182854,10.57346817983877,5.049748221673504
D7_I405_S,L405S-387,AM,36,0,70.7201707975001,7406.674196891192,0.0,0.0,20476.20725388601,18334.963156174672,-10.45723004832825,
D7_I405_S,L405S-387,MD,72,29,70.7201707975001,7406.674196891192,16177.316062176164,16117.331298643892,40915.108808290155,41250.86270468985,0.8206110314233412,-0.37079552196251103
D7_I405_S,L405S-387,PM,48,48,70.7201707975001,7406.674196891192,22552.072538860102,20192.086027250065,22552.072538860102,20192.086027250065,-10.464610325917846,-10.464610325917846
D7_I405_S,L405S-387,NT,132,12,70.7201707975001,7406.674196891192,6313.3678756476675,6525.918412390913,41000.43274931895,42868.77537460426,4.556885135112005,3.366674347666464
D7_I405_S,L405S-392,AM,36,0,70.60742268041241,6862.3467357512955,0.0,0.0,18108.694300518135,16751.63841002361,-7.49394665332495,
D7_I405_S,L405S-392,MD,72,40,70.60742268041241,6862.3467357512955,20283.927461139894,20356.936381864703,37837.28497409326,38362.750649940695,1.3887510063346713,0.35993483443815477
D7_I405_S,L405S-392,PM,48,48,70.60742268041241,6862.3467357512955,18216.512953367874,18440.496888108544,18216.512953367874,18440.496888108544,1.2295653691463508,1.2295653691463508
D7_I405_S,L405S-392,NT,132,19,70.60742268041241,6862.3467357512955,8920.129533678755,9735.352439595841,36941.920249986644,41100.407355828735,11.256824436037792,9.139137529776201
D7_I405_S,L405S-394,AM,36,0,68.93284386517814,6279.676476683938,0.0,0.0,17789.720207253882,16911.725847767055,-4.93540285770666,
D7_I405_S,L405S-394,MD,72,0,68.93284386517814,6279.676476683938,0.0,0.0,34847.05699481865,35414.492152781124,1.6283589114766326,
D7_I405_S,L405S-394,PM,48,0,68.93284386517814,6279.676476683938,0.0,0.0,23936.943005181343,24193.81467685344,1.0731181154439546,
D7_I405_S,L405S-394,NT,132,0,68.93284386517814,6279.676476683938,0.0,0.0,31185.925511457724,34525.57606380808,10.708838995730202,
D7_I405_S,L405S-403,AM,36,0,67.30651914961807,6154.665388601036,0.0,0.0,15910.316062176167,15831.769541413627,-0.4936829693111507,
D7_I405_S,L405S-403,MD,72,37,67.30651914961807,6154.665388601036,16789.989637305698,17877.41133171445,32993.68393782383,35256.914677155546,6.859587864140136,6.476607299343469
D7_I405_S,L405S-403,PM,48,48,67.30651914961807,6154.665388601036,19094.948186528494,20943.567526131657,19094.948186528494,20943.567526131657,9.681195892992084,9.681195892992084
D7_I405_S,L405S-403,NT,132,11,67.30651914961807,6154.665388601036,4774.834196891192,5438.7232789074515,31930.102745579825,37179.617464165705,16.440644618071534,13.903919060655673
D7_I405_S,L405S-406,AM,36,0,68.93284386517814,6279.676476683938,0.0,0.0,17789.720207253882,16911.725847767055,-4.93540285770666,
D7_I405_S,L405S-406,MD,72,0,68.93284386517814,6279.676476683938,0.0,0.0,34847.05699481865,35414.492152781124,1.6283589114766326,
D7_I405_S,L405S-406,PM,48,0,68.93284386517814,6279.676476683938,0.0,0.0,23936.943005181343,24193.81467685344,1.0731181154439546,
D7_I405_S,L405S-406,NT,132,0,68.93284386517814,6279.676476683938,0.0,0.0,31185.925511457724,34525.57606380808,10.708838995730202,
D7_I405_S,L405S-413,AM,36,33,70.31818652849738,7425.634818652849,15746.12694300518,16056.019044053173,17555.89637305699,17857.416025479586,1.7174836648349063,1.9680528562336734
D7_I405_S,L405S-413,MD,72,72,70.31818652849738,7425.634818652849,37591.49222797927,40431.56802832742,37591.49222797927,40431.56802832742,7.555102583116621,7.555102583116621
D7_I405_S,L405S-413,PM,48,1,70.31818652849738,7425.634818652849,538.8963730569948,618.2690818697863,26099.650259067355,28062.635922020818,7.521118648980731,14.728751719469619
D7_I405_S,L405S-413,NT,132,0,70.31818652849738,7425.634818652849,0.0,0.0,38904.308477111255,44818.072128887914,15.200793647973281,
D7_I405_S,L405S-417,AM,36,34,68.55145077720209,7136.767150259067,15817.290155440412,17342.091286677518,16975.943005181347,18527.67180226519,9.14075168967185,9.640090788324098
D7_I405_S,L405S-417,MD,72,51,68.55145077720209,7136.767150259067,24666.35751295336,27403.293400905142,35488.056994818646,39434.29641999642,11.119908384259908,11.09582509908283
D7_I405_S,L405S-417,PM,48,0,68.55145077720209,7136.767150259067,0.0,0.0,23046.937823834192,23826.03940154909,3.380499325637882,
D7_I405_S,L405S-417,NT,132,0,68.55145077720209,7136.767150259067,0.0,0.0,32682.369558250102,47659.99841698938,45.827854776700036,
D7_I405_S,L405S-420,AM,36,0,68.93284386517814,6279.676476683938,0.0,0.0,17789.720207253882,16911.725847767055,-4.93540285770666,
D7_I405_S,L405S-420,MD,72,0,68.93284386517814,6279.676476683938,0.0,0.0,34847.05699481865,35414.492152781124,1.6283589114766326,
D7_I405_S,L405S-420,PM,48,0,68.93284386517814,6279.676476683938,0.0,0.0,23936.943005181343,24193.81467685344,1.0731181154439546,
D7_I405_S,L405S-420,NT,132,0,68.93284386517814,6279.676476683938,0.0,0.0,31185.925511457724,34525.57606380808,10.708838995730202,
D7_I405_S,L405S-421,AM,36,0,66.01562429891565,5970.460725388601,0.0,0.0,16990.22279792746,15517.585649777051,-8.667556427394517,
D7_I405_S,L405S-421,MD,72,13,66.01562429891565,5970.460725388601,6010.994818652849,6366.195127341805,33979.61139896373,33764.37704815161,-0.6334220491370403,5.909176757010778
D7_I405_S,L405S-421,PM,48,48,66.01562429891565,5970.460725388601,20680.78238341969,22323.760262676955,20680.78238341969,22323.760262676955,7.944466745970319,7.944466745970319
D7_I405_S,L405S-421,NT,132,3,66.01562429891565,5970.460725388601,1355.3108808290156,1489.4650849930624,35170.65402489183,33175.40198864495,-5.673059235221359,9.8984082590695
D7_I405_S,L405S-422,AM,36,33,64.66572164948445,6302.177409326425,13824.24870466321,16070.426436761503,15356.331606217616,17626.12568403776,14.780835267331222,16.24809984314453
D7_I405_S,L405S-422,MD,72,49,64.66572164948445,6302.177409326425,21356.336787564767,24566.76821687379,31770.62694300518,36230.05355265741,14.036319200285863,15.03268777433015
D7_I405_S,L405S-422,PM,48,0,64.66572164948445,6302.177409326425,0.0,0.0,20447.455958549224,20927.24493515043,2.3464482700137657,
D7_I405_S,L405S-422,NT,132,0,64.66572164948445,6302.177409326425,0.0,0.0,32690.86977191389,39478.60561533505,20.763399355170385,
D7_I405_S,L405S-424,AM,36,0,67.08484455958546,5880.917720207254,0.0,0.0,15869.455958549219,14418.88765603831,-9.140630317131041,
D7_I405_S,L405S-424,MD,72,0,67.08484455958546,5880.917720207254,0.0,0.0,32205.63730569948,32787.5475239064,1.8068582611279063,
D7_I405_S,L405S-424,PM,48,38,67.08484455958546,5880.917720207254,16237.756476683935,18546.19687472785,20550.0414507772,23409.095642530294,13.912644403181798,14.216498451363305
D7_I405_S,L405S-424,NT,132,0,67.08484455958546,5880.917720207254,0.0,0.0,30188.349286897064,33915.43225884058,12.346097285820177,
D7_I405_S,L405S-425,AM,36,0,68.20919689119171,5688.929222797928,0.0,0.0,14033.202072538861,11707.241126882162,-16.574698587204846,
D7_I405_S,L405S-425,MD,72,31,68.20919689119171,5688.929222797928,11862.544041450778,12259.578929034857,29000.072538860102,29786.301749247235,2.7111284267775053,3.346962390164683
D7_I405_S,L405S-425,PM,48,48,68.20919689119171,5688.929222797928,14627.523316062176,16575.485562904098,14627.523316062176,16575.485562904098,13.317102319726986,13.317102319726986
D7_I405_S,L405S-425,NT,132,9,68.20919689119171,5688.929222797928,3373.6113989637297,4110.918557571999,25427.042973131778,35188.35605725344,38.38949379381722,21.85513004949971
D7_I405_S,L405S-430,AM,36,36,69.91331606217618,7125.079896373057,13791.010362694302,14481.249315100213,13791.010362694302,14481.249315100213,5.004991905981435,5.004991905981435
D7_I405_S,L405S-430,MD,72,16,69.91331606217618,7125.079896373057,6459.300518134714,8408.446096154523,32594.181347150257,39286.404630388235,20.531956952565356,30.175799570673533
D7_I405_S,L405S-430,PM,48,0,69.91331606217618,7125.079896373057,0.0,0.0,21790.274611398963,22136.394702060483,1.5884154598054336,
D7_I405_S,L405S-430,NT,132,1,69.91331606217618,7125.079896373057,478.93264248704656,588.6127041321505,30795.610704556384,47843.274061065196,55.35744531926595,22.90093677381165
D7_I405_S,L405S-431,AM,36,0,63.43602385022169,7593.756373056995,0.0,0.0,19773.414507772024,20421.923256938524,3.27970037198988,
D7_I405_S,L405S-431,MD,72,36,63.43602385022169,7593.756373056995,21831.943005181347,22287.6839812096,42291.44559585492,44931.863595854724,6.243385542391095,2.087496178970846
D7_I405_S,L405S-431,PM,48,48,63.43602385022169,7593.756373056995,29099.108808290155,26313.476427598172,29099.108808290155,26313.476427598172,-9.572913036767549,-9.572913036767549
D7_I405_S,L405S-431,NT,132,15,63.43602385022169,7593.756373056995,8737.673575129533,9168.65637695128,40826.29111692751,46508.07506107347,13.916973079609873,4.9324662693794625
