link_id,time_la,period,flow_observed_vph,mainline_inflow_vph,on_ramp_flow_vph,D_vph,D_source,mu_vph,mu_source,D_rolling_1h_vph,D_peak_1h_vph,D_reference_window
L405S-012,06:00,AM,5068.8,6376.8,0.0,6376.8,observed_upstream_mainline,5634.0,daily_period_median_fallback_no_congestion,,7095.0,1h_rolling_peak
L405S-012,06:05,AM,5191.2,6777.6,0.0,6777.6,observed_upstream_mainline,5634.0,daily_period_median_fallback_no_congestion,,7095.0,1h_rolling_peak
L405S-012,06:10,AM,5527.2,6864.0,0.0,6864.0,observed_upstream_mainline,5634.0,daily_period_median_fallback_no_congestion,,7095.0,1h_rolling_peak
L405S-012,06:15,AM,5416.8,6895.2,0.0,6895.2,observed_upstream_mainline,5634.0,daily_period_median_fallback_no_congestion,,7095.0,1h_rolling_peak
L405S-012,06:20,AM,5553.6,6962.4,0.0,6962.4,observed_upstream_mainline,5634.0,daily_period_median_fallback_no_congestion,,7095.0,1h_rolling_peak
L405S-012,06:25,AM,5604.0,7123.2,0.0,7123.2,observed_upstream_mainline,5634.0,daily_period_median_fallback_no_congestion,,7095.0,1h_rolling_peak
L405S-012,06:30,AM,5577.6,7128.0,0.0,7128.0,observed_upstream_mainline,5634.0,daily_period_median_fallback_no_congestion,,7095.0,1h_rolling_peak
L405S-012,06:35,AM,5479.2,7003.2,0.0,7003.2,observed_upstream_mainline,5634.0,daily_period_median_fallback_no_congestion,,7095.0,1h_rolling_peak
L405S-012,06:40,AM,5889.6,7214.4,0.0,7214.4,observed_upstream_mainline,5634.0,daily_period_median_fallback_no_congestion,,7095.0,1h_rolling_peak
L405S-012,06:45,AM,5786.4,7288.8,0.0,7288.8,observed_upstream_mainline,5634.0,daily_period_median_fallback_no_congestion,,7095.0,1h_rolling_peak
L405S-012,06:50,AM,5532.0,6885.6,0.0,6885.6,observed_upstream_mainline,5634.0,daily_period_median_fallback_no_congestion,,7095.0,1h_rolling_peak
L405S-012,06:55,AM,5311.2,6796.8,0.0,6796.8,observed_upstream_mainline,5634.0,daily_period_median_fallback_no_congestion,6943.0,7095.0,1h_rolling_peak
L405S-012,07:00,AM,5131.2,6511.2,0.0,6511.2,observed_upstream_mainline,5634.0,daily_period_median_fallback_no_congestion,6954.2,7095.0,1h_rolling_peak
L405S-012,07:05,AM,5277.6,6626.4,0.0,6626.4,observed_upstream_mainline,5634.0,daily_period_median_fallback_no_congestion,6941.600000000001,7095.0,1h_rolling_peak
L405S-012,07:10,AM,5301.6,6933.6,0.0,6933.6,observed_upstream_mainline,5634.0,daily_period_median_fallback_no_congestion,6947.400000000001,7095.0,1h_rolling_peak
L405S-012,07:15,AM,5253.6,6789.6,0.0,6789.6,observed_upstream_mainline,5634.0,daily_period_median_fallback_no_congestion,6938.599999999999,7095.0,1h_rolling_peak
L405S-012,07:20,AM,5779.2,7320.0,0.0,7320.0,observed_upstream_mainline,5634.0,daily_period_median_fallback_no_congestion,6968.400000000001,7095.0,1h_rolling_peak
L405S-012,07:25,AM,5414.4,6952.8,0.0,6952.8,observed_upstream_mainline,5634.0,daily_period_median_fallback_no_congestion,6954.200000000001,7095.0,1h_rolling_peak
L405S-012,07:30,AM,5452.8,6912.0,0.0,6912.0,observed_upstream_mainline,5634.0,daily_period_median_fallback_no_congestion,6936.200000000001,7095.0,1h_rolling_peak
L405S-012,07:35,AM,5349.6,6729.6,0.0,6729.6,observed_upstream_mainline,5634.0,daily_period_median_fallback_no_congestion,6913.400000000001,7095.0,1h_rolling_peak
L405S-012,07:40,AM,5745.6,7048.8,0.0,7048.8,observed_upstream_mainline,5634.0,daily_period_median_fallback_no_congestion,6899.599999999999,7095.0,1h_rolling_peak
L405S-012,07:45,AM,5719.2,7152.0,0.0,7152.0,observed_upstream_mainline,5634.0,daily_period_median_fallback_no_congestion,6888.2,7095.0,1h_rolling_peak
L405S-012,07:50,AM,5812.8,7276.8,0.0,7276.8,observed_upstream_mainline,5634.0,daily_period_median_fallback_no_congestion,6920.8,7095.0,1h_rolling_peak
L405S-012,07:55,AM,5637.6,7140.0,0.0,7140.0,observed_upstream_mainline,5634.0,daily_period_median_fallback_no_congestion,6949.400000000001,7095.0,1h_rolling_peak
L405S-012,08:00,AM,5287.2,6631.2,0.0,6631.2,observed_upstream_mainline,5634.0,daily_period_median_fallback_no_congestion,6959.400000000001,7095.0,1h_rolling_peak
L405S-012,08:05,AM,5563.2,6878.4,0.0,6878.4,observed_upstream_mainline,5634.0,daily_period_median_fallback_no_congestion,6980.399999999999,7095.0,1h_rolling_peak
L405S-012,08:10,AM,5371.2,6691.2,0.0,6691.2,observed_upstream_mainline,5634.0,daily_period_median_fallback_no_congestion,6960.200000000001,7095.0,1h_rolling_peak
L405S-012,08:15,AM,5865.6,7346.4,0.0,7346.4,observed_upstream_mainline,5634.0,daily_period_median_fallback_no_congestion,7006.599999999999,7095.0,1h_rolling_peak
L405S-012,08:20,AM,5632.8,7312.8,0.0,7312.8,observed_upstream_mainline,5634.0,daily_period_median_fallback_no_congestion,7006.0,7095.0,1h_rolling_peak
L405S-012,08:25,AM,5572.8,7015.2,0.0,7015.2,observed_upstream_mainline,5634.0,daily_period_median_fallback_no_congestion,7011.2,7095.0,1h_rolling_peak
L405S-012,08:30,AM,5740.8,7171.2,0.0,7171.2,observed_upstream_mainline,5634.0,daily_period_median_fallback_no_congestion,7032.799999999999,7095.0,1h_rolling_peak
L405S-012,08:35,AM,5601.6,6972.0,0.0,6972.0,observed_upstream_mainline,5634.0,daily_period_median_fallback_no_congestion,7053.0,7095.0,1h_rolling_peak
L405S-012,08:40,AM,5980.8,7468.8,0.0,7468.8,observed_upstream_mainline,5634.0,daily_period_median_fallback_no_congestion,7088.0,7095.0,1h_rolling_peak
L405S-012,08:45,AM,5815.2,7236.0,0.0,7236.0,observed_upstream_mainline,5634.0,daily_period_median_fallback_no_congestion,7095.0,7095.0,1h_rolling_peak
L405S-012,08:50,AM,5484.0,6964.8,0.0,6964.8,observed_upstream_mainline,5634.0,daily_period_median_fallback_no_congestion,7069.0,7095.0,1h_rolling_peak
L405S-012,08:55,AM,5539.2,7058.4,0.0,7058.4,observed_upstream_mainline,5634.0,daily_period_median_fallback_no_congestion,7062.2,7095.0,1h_rolling_peak
L405S-012,09:00,AM,5404.8,6760.8,0.0,6760.8,observed_upstream_mainline,5634.0,daily_period_median_fallback_no_congestion,7073.0,7095.0,1h_rolling_peak
L405S-012,09:05,AM,5064.0,6259.2,0.0,6259.2,observed_upstream_mainline,5634.0,daily_period_median_fallback_no_congestion,7021.400000000001,7095.0,1h_rolling_peak
L405S-012,09:10,AM,5704.8,7245.6,0.0,7245.6,observed_upstream_mainline,5634.0,daily_period_median_fallback_no_congestion,7067.599999999999,7095.0,1h_rolling_peak
L405S-012,09:15,AM,5577.6,7003.2,0.0,7003.2,observed_upstream_mainline,5634.0,daily_period_median_fallback_no_congestion,7039.0,7095.0,1h_rolling_peak
L405S-012,09:20,AM,5779.2,6967.2,0.0,6967.2,observed_upstream_mainline,5634.0,daily_period_median_fallback_no_congestion,7010.2,7095.0,1h_rolling_peak
L405S-012,09:25,AM,5239.2,6609.6,0.0,6609.6,observed_upstream_mainline,5634.0,daily_period_median_fallback_no_congestion,6976.400000000001,7095.0,1h_rolling_peak
L405S-012,09:30,AM,5246.4,6727.2,0.0,6727.2,observed_upstream_mainline,5634.0,daily_period_median_fallback_no_congestion,6939.400000000001,7095.0,1h_rolling_peak
L405S-012,09:35,AM,5484.0,6847.2,0.0,6847.2,observed_upstream_mainline,5634.0,daily_period_median_fallback_no_congestion,6929.0,7095.0,1h_rolling_peak
L405S-012,09:40,AM,5553.6,6945.6,0.0,6945.6,observed_upstream_mainline,5634.0,daily_period_median_fallback_no_congestion,6885.400000000001,7095.0,1h_rolling_peak
L405S-012,09:45,AM,5625.6,7286.4,0.0,7286.4,observed_upstream_mainline,5634.0,daily_period_median_fallback_no_congestion,6889.599999999999,7095.0,1h_rolling_peak
L405S-012,09:50,AM,5294.4,6897.6,0.0,6897.6,observed_upstream_mainline,5634.0,daily_period_median_fallback_no_congestion,6884.0,7095.0,1h_rolling_peak
L405S-012,09:55,AM,5520.0,6758.4,0.0,6758.4,observed_upstream_mainline,5634.0,daily_period_median_fallback_no_congestion,6859.0,7095.0,1h_rolling_peak
L405S-012,10:00,MD,5282.4,6391.2,0.0,6391.2,observed_upstream_mainline,4470.0,daily_congested_median_across_weekdays,,6520.400000000001,1h_rolling_peak
L405S-012,10:05,MD,5469.6,6739.2,0.0,6739.2,observed_upstream_mainline,4470.0,daily_congested_median_across_weekdays,,6520.400000000001,1h_rolling_peak
L405S-012,10:10,MD,5704.8,7156.8,0.0,7156.8,observed_upstream_mainline,4470.0,daily_congested_median_across_weekdays,,6520.400000000001,1h_rolling_peak
L405S-012,10:15,MD,5587.2,6888.0,0.0,6888.0,observed_upstream_mainline,4470.0,daily_congested_median_across_weekdays,,6520.400000000001,1h_rolling_peak
L405S-012,10:20,MD,5594.4,7118.4,0.0,7118.4,observed_upstream_mainline,4470.0,daily_congested_median_across_weekdays,,6520.400000000001,1h_rolling_peak
L405S-012,10:25,MD,5239.2,6657.6,0.0,6657.6,observed_upstream_mainline,4470.0,daily_congested_median_across_weekdays,,6520.400000000001,1h_rolling_peak
L405S-012,10:30,MD,4862.4,6177.6,0.0,6177.6,observed_upstream_mainline,4470.0,daily_congested_median_across_weekdays,,6520.400000000001,1h_rolling_peak
L405S-012,10:35,MD,4783.2,5716.8,0.0,5716.8,observed_upstream_mainline,4470.0,daily_congested_median_across_weekdays,,6520.400000000001,1h_rolling_peak
L405S-012,10:40,MD,5047.2,6220.8,0.0,6220.8,observed_upstream_mainline,4470.0,daily_congested_median_across_weekdays,,6520.400000000001,1h_rolling_peak
L405S-012,10:45,MD,5011.2,6499.2,0.0,6499.2,observed_upstream_mainline,4470.0,daily_congested_median_across_weekdays,,6520.400000000001,1h_rolling_peak
L405S-012,10:50,MD,4752.0,6324.0,0.0,6324.0,observed_upstream_mainline,4470.0,daily_congested_median_across_weekdays,,6520.400000000001,1h_rolling_peak
L405S-012,10:55,MD,4694.4,6355.2,0.0,6355.2,observed_upstream_mainline,4470.0,daily_congested_median_across_weekdays,6520.400000000001,6520.400000000001,1h_rolling_peak
L405S-012,11:00,MD,4665.6,5844.0,0.0,5844.0,observed_upstream_mainline,4470.0,daily_congested_median_across_weekdays,6474.8,6520.400000000001,1h_rolling_peak
L405S-012,11:05,MD,4615.2,5572.8,0.0,5572.8,observed_upstream_mainline,4470.0,daily_congested_median_across_weekdays,6377.600000000001,6520.400000000001,1h_rolling_peak
L405S-012,11:10,MD,4814.4,6151.2,0.0,6151.2,observed_upstream_mainline,4470.0,daily_congested_median_across_weekdays,6293.8,6520.400000000001,1h_rolling_peak
L405S-012,11:15,MD,5052.0,6520.8,0.0,6520.8,observed_upstream_mainline,4470.0,daily_congested_median_across_weekdays,6263.200000000001,6520.400000000001,1h_rolling_peak
L405S-012,11:20,MD,5138.4,7072.8,0.0,7072.8,observed_upstream_mainline,4470.0,daily_congested_median_across_weekdays,6259.399999999999,6520.400000000001,1h_rolling_peak
L405S-012,11:25,MD,4730.4,6686.4,0.0,6686.4,observed_upstream_mainline,4470.0,daily_congested_median_across_weekdays,6261.8,6520.400000000001,1h_rolling_peak
L405S-012,11:30,MD,4807.2,6369.6,0.0,6369.6,observed_upstream_mainline,4470.0,daily_congested_median_across_weekdays,6277.799999999999,6520.400000000001,1h_rolling_peak
L405S-012,11:35,MD,4514.4,5712.0,0.0,5712.0,observed_upstream_mainline,4470.0,daily_congested_median_across_weekdays,6277.399999999999,6520.400000000001,1h_rolling_peak
L405S-012,11:40,MD,4663.2,6163.2,0.0,6163.2,observed_upstream_mainline,4470.0,daily_congested_median_across_weekdays,6272.600000000001,6520.400000000001,1h_rolling_peak
L405S-012,11:45,MD,4521.6,5896.8,0.0,5896.8,observed_upstream_mainline,4470.0,daily_congested_median_across_weekdays,6222.399999999999,6520.400000000001,1h_rolling_peak
L405S-012,11:50,MD,4646.4,5959.2,0.0,5959.2,observed_upstream_mainline,4470.0,daily_congested_median_across_weekdays,6192.0,6520.400000000001,1h_rolling_peak
L405S-012,11:55,MD,4550.4,5709.6,0.0,5709.6,observed_upstream_mainline,4470.0,daily_congested_median_across_weekdays,6138.2,6520.400000000001,1h_rolling_peak
L405S-012,12:00,MD,4411.2,5524.8,0.0,5524.8,observed_upstream_mainline,4470.0,daily_congested_median_across_weekdays,6111.599999999999,6520.400000000001,1h_rolling_peak
L405S-012,12:05,MD,4500.0,5889.6,0.0,5889.6,observed_upstream_mainline,4470.0,daily_congested_median_across_weekdays,6138.0,6520.400000000001,1h_rolling_peak
L405S-012,12:10,MD,4240.8,5935.2,0.0,5935.2,observed_upstream_mainline,4470.0,daily_congested_median_across_weekdays,6120.0,6520.400000000001,1h_rolling_peak
L405S-012,12:15,MD,4310.4,5618.4,0.0,5618.4,observed_upstream_mainline,4470.0,daily_congested_median_across_weekdays,6044.799999999999,6520.400000000001,1h_rolling_peak
L405S-012,12:20,MD,4300.8,5354.4,0.0,5354.4,observed_upstream_mainline,4470.0,daily_congested_median_across_weekdays,5901.599999999999,6520.400000000001,1h_rolling_peak
L405S-012,12:25,MD,4473.6,5536.8,0.0,5536.8,observed_upstream_mainline,4470.0,daily_congested_median_across_weekdays,5805.799999999999,6520.400000000001,1h_rolling_peak
L405S-012,12:30,MD,3924.0,5385.6,0.0,5385.6,observed_upstream_mainline,4470.0,daily_congested_median_across_weekdays,5723.8,6520.400000000001,1h_rolling_peak
L405S-012,12:35,MD,4221.6,5930.4,0.0,5930.4,observed_upstream_mainline,4470.0,daily_congested_median_across_weekdays,5742.0,6520.400000000001,1h_rolling_peak
L405S-012,12:40,MD,4358.4,6108.0,0.0,6108.0,observed_upstream_mainline,4470.0,daily_congested_median_across_weekdays,5737.400000000001,6520.400000000001,1h_rolling_peak
L405S-012,12:45,MD,3844.8,5421.6,0.0,5421.6,observed_upstream_mainline,4470.0,daily_congested_median_across_weekdays,5697.8,6520.400000000001,1h_rolling_peak
L405S-012,12:50,MD,3914.4,5220.0,0.0,5220.0,observed_upstream_mainline,4470.0,daily_congested_median_across_weekdays,5636.200000000001,6520.400000000001,1h_rolling_peak
L405S-012,12:55,MD,3686.4,4824.0,0.0,4824.0,observed_upstream_mainline,4470.0,daily_congested_median_across_weekdays,5562.400000000001,6520.400000000001,1h_rolling_peak
L405S-012,13:00,MD,3859.2,4980.0,0.0,4980.0,observed_upstream_mainline,4470.0,daily_congested_median_across_weekdays,5517.0,6520.400000000001,1h_rolling_peak
L405S-012,13:05,MD,3871.2,5196.0,0.0,5196.0,observed_upstream_mainline,4470.0,daily_congested_median_across_weekdays,5459.2,6520.400000000001,1h_rolling_peak
L405S-012,13:10,MD,3806.4,5095.2,0.0,5095.2,observed_upstream_mainline,4470.0,daily_congested_median_across_weekdays,5389.2,6520.400000000001,1h_rolling_peak
L405S-012,13:15,MD,3552.0,5155.2,0.0,5155.2,observed_upstream_mainline,4470.0,daily_congested_median_across_weekdays,5350.6,6520.400000000001,1h_rolling_peak
L405S-012,13:20,MD,3643.2,5220.0,0.0,5220.0,observed_upstream_mainline,4470.0,daily_congested_median_across_weekdays,5339.400000000001,6520.400000000001,1h_rolling_peak
L405S-012,13:25,MD,3777.6,5076.0,0.0,5076.0,observed_upstream_mainline,4470.0,daily_congested_median_across_weekdays,5301.0,6520.400000000001,1h_rolling_peak
L405S-012,13:30,MD,3693.6,5107.2,0.0,5107.2,observed_upstream_mainline,4470.0,daily_congested_median_across_weekdays,5277.8,6520.400000000001,1h_rolling_peak
L405S-012,13:35,MD,3547.2,4939.2,0.0,4939.2,observed_upstream_mainline,4470.0,daily_congested_median_across_weekdays,5195.2,6520.400000000001,1h_rolling_peak
L405S-012,13:40,MD,3508.8,4692.0,0.0,4692.0,observed_upstream_mainline,4470.0,daily_congested_median_across_weekdays,5077.2,6520.400000000001,1h_rolling_peak
L405S-012,13:45,MD,3403.2,4346.4,0.0,4346.4,observed_upstream_mainline,4470.0,daily_congested_median_across_weekdays,4987.599999999999,6520.400000000001,1h_rolling_peak
L405S-012,13:50,MD,3307.2,4344.0,0.0,4344.0,observed_upstream_mainline,4470.0,daily_congested_median_across_weekdays,4914.599999999999,6520.400000000001,1h_rolling_peak
L405S-012,13:55,MD,3475.2,4418.4,0.0,4418.4,observed_upstream_mainline,4470.0,daily_congested_median_across_weekdays,4880.8,6520.400000000001,1h_rolling_peak
L405S-012,14:00,MD,3261.6,4200.0,0.0,4200.0,observed_upstream_mainline,4470.0,daily_congested_median_across_weekdays,4815.8,6520.400000000001,1h_rolling_peak
L405S-012,14:05,MD,3225.6,4483.2,0.0,4483.2,observed_upstream_mainline,4470.0,daily_congested_median_across_weekdays,4756.400000000001,6520.400000000001,1h_rolling_peak
L405S-012,14:10,MD,3232.8,4485.6,0.0,4485.6,observed_upstream_mainline,4470.0,daily_congested_median_across_weekdays,4705.6,6520.400000000001,1h_rolling_peak
L405S-012,14:15,MD,3285.6,4845.6,0.0,4845.6,observed_upstream_mainline,4470.0,daily_congested_median_across_weekdays,4679.8,6520.400000000001,1h_rolling_peak
L405S-012,14:20,MD,3172.8,4634.4,0.0,4634.4,observed_upstream_mainline,4470.0,daily_congested_median_across_weekdays,4631.0,6520.400000000001,1h_rolling_peak
L405S-012,14:25,MD,3112.8,4507.2,0.0,4507.2,observed_upstream_mainline,4470.0,daily_congested_median_across_weekdays,4583.599999999999,6520.400000000001,1h_rolling_peak
L405S-012,14:30,MD,3175.2,4840.8,0.0,4840.8,observed_upstream_mainline,4470.0,daily_congested_median_across_weekdays,4561.400000000001,6520.400000000001,1h_rolling_peak
L405S-012,14:35,MD,3079.2,4550.4,0.0,4550.4,observed_upstream_mainline,4470.0,daily_congested_median_across_weekdays,4529.0,6520.400000000001,1h_rolling_peak
L405S-012,14:40,MD,2918.4,4584.0,0.0,4584.0,observed_upstream_mainline,4470.0,daily_congested_median_across_weekdays,4520.0,6520.400000000001,1h_rolling_peak
L405S-012,14:45,MD,2966.4,4639.2,0.0,4639.2,observed_upstream_mainline,4470.0,daily_congested_median_across_weekdays,4544.400000000001,6520.400000000001,1h_rolling_peak
L405S-012,14:50,MD,2685.6,4353.6,0.0,4353.6,observed_upstream_mainline,4470.0,daily_congested_median_across_weekdays,4545.2,6520.400000000001,1h_rolling_peak
L405S-012,14:55,MD,2354.4,4034.4,0.0,4034.4,observed_upstream_mainline,4470.0,daily_congested_median_across_weekdays,4513.2,6520.400000000001,1h_rolling_peak
L405S-012,00:00,NT1,7478.4,8702.4,0.0,8702.4,observed_upstream_mainline,6756.0,daily_congested_median_across_weekdays,,8459.800000000001,1h_rolling_peak
L405S-012,00:05,NT1,7420.8,8712.0,0.0,8712.0,observed_upstream_mainline,6756.0,daily_congested_median_across_weekdays,,8459.800000000001,1h_rolling_peak
L405S-012,00:10,NT1,7332.0,8592.0,0.0,8592.0,observed_upstream_mainline,6756.0,daily_congested_median_across_weekdays,,8459.800000000001,1h_rolling_peak
L405S-012,00:15,NT1,7447.2,8476.8,0.0,8476.8,observed_upstream_mainline,6756.0,daily_congested_median_across_weekdays,,8459.800000000001,1h_rolling_peak
L405S-012,00:20,NT1,7490.4,8853.6,0.0,8853.6,observed_upstream_mainline,6756.0,daily_congested_median_across_weekdays,,8459.800000000001,1h_rolling_peak
L405S-012,00:25,NT1,7171.2,8436.0,0.0,8436.0,observed_upstream_mainline,6756.0,daily_congested_median_across_weekdays,,8459.800000000001,1h_rolling_peak
L405S-012,00:30,NT1,7284.0,8479.2,0.0,8479.2,observed_upstream_mainline,6756.0,daily_congested_median_across_weekdays,,8459.800000000001,1h_rolling_peak
L405S-012,00:35,NT1,7140.0,8356.8,0.0,8356.8,observed_upstream_mainline,6756.0,daily_congested_median_across_weekdays,,8459.800000000001,1h_rolling_peak
L405S-012,00:40,NT1,7312.8,8544.0,0.0,8544.0,observed_upstream_mainline,6756.0,daily_congested_median_across_weekdays,,8459.800000000001,1h_rolling_peak
L405S-012,00:45,NT1,6856.8,8292.0,0.0,8292.0,observed_upstream_mainline,6756.0,daily_congested_median_across_weekdays,,8459.800000000001,1h_rolling_peak
L405S-012,00:50,NT1,6924.0,8018.4,0.0,8018.4,observed_upstream_mainline,6756.0,daily_congested_median_across_weekdays,,8459.800000000001,1h_rolling_peak
L405S-012,00:55,NT1,6816.0,8054.4,0.0,8054.4,observed_upstream_mainline,6756.0,daily_congested_median_across_weekdays,8459.800000000001,8459.800000000001,1h_rolling_peak
L405S-012,01:00,NT1,6940.8,7864.8,0.0,7864.8,observed_upstream_mainline,6756.0,daily_congested_median_across_weekdays,8390.0,8459.800000000001,1h_rolling_peak
L405S-012,01:05,NT1,6796.8,8174.4,0.0,8174.4,observed_upstream_mainline,6756.0,daily_congested_median_across_weekdays,8345.2,8459.800000000001,1h_rolling_peak
L405S-012,01:10,NT1,6708.0,7922.4,0.0,7922.4,observed_upstream_mainline,6756.0,daily_congested_median_across_weekdays,8289.4,8459.800000000001,1h_rolling_peak
L405S-012,01:15,NT1,6595.2,7905.6,0.0,7905.6,observed_upstream_mainline,6756.0,daily_congested_median_across_weekdays,8241.800000000001,8459.800000000001,1h_rolling_peak
L405S-012,01:20,NT1,6345.6,7579.2,0.0,7579.2,observed_upstream_mainline,6756.0,daily_congested_median_across_weekdays,8135.599999999999,8459.800000000001,1h_rolling_peak
L405S-012,01:25,NT1,6588.0,7680.0,0.0,7680.0,observed_upstream_mainline,6756.0,daily_congested_median_across_weekdays,8072.599999999999,8459.800000000001,1h_rolling_peak
L405S-012,01:30,NT1,6508.8,7819.2,0.0,7819.2,observed_upstream_mainline,6756.0,daily_congested_median_across_weekdays,8017.599999999999,8459.800000000001,1h_rolling_peak
L405S-012,01:35,NT1,6576.0,7800.0,0.0,7800.0,observed_upstream_mainline,6756.0,daily_congested_median_across_weekdays,7971.2,8459.800000000001,1h_rolling_peak
L405S-012,01:40,NT1,6417.6,7531.2,0.0,7531.2,observed_upstream_mainline,6756.0,daily_congested_median_across_weekdays,7886.799999999999,8459.800000000001,1h_rolling_peak
L405S-012,01:45,NT1,6739.2,7833.6,0.0,7833.6,observed_upstream_mainline,6756.0,daily_congested_median_across_weekdays,7848.599999999999,8459.800000000001,1h_rolling_peak
L405S-012,01:50,NT1,6648.0,7884.0,0.0,7884.0,observed_upstream_mainline,6756.0,daily_congested_median_across_weekdays,7837.400000000001,8459.800000000001,1h_rolling_peak
L405S-012,01:55,NT1,6650.4,7869.6,0.0,7869.6,observed_upstream_mainline,6756.0,daily_congested_median_across_weekdays,7822.0,8459.800000000001,1h_rolling_peak
L405S-012,02:00,NT1,6662.4,7776.0,0.0,7776.0,observed_upstream_mainline,6756.0,daily_congested_median_across_weekdays,7814.600000000001,8459.800000000001,1h_rolling_peak
L405S-012,02:05,NT1,6544.8,7809.6,0.0,7809.6,observed_upstream_mainline,6756.0,daily_congested_median_across_weekdays,7784.2,8459.800000000001,1h_rolling_peak
L405S-012,02:10,NT1,6619.2,8006.4,0.0,8006.4,observed_upstream_mainline,6756.0,daily_congested_median_across_weekdays,7791.2,8459.800000000001,1h_rolling_peak
L405S-012,02:15,NT1,6403.2,7689.6,0.0,7689.6,observed_upstream_mainline,6756.0,daily_congested_median_across_weekdays,7773.2,8459.800000000001,1h_rolling_peak
L405S-012,02:20,NT1,6429.6,7809.6,0.0,7809.6,observed_upstream_mainline,6756.0,daily_congested_median_across_weekdays,7792.400000000001,8459.800000000001,1h_rolling_peak
L405S-012,02:25,NT1,6535.2,7804.8,0.0,7804.8,observed_upstream_mainline,6756.0,daily_congested_median_across_weekdays,7802.8,8459.800000000001,1h_rolling_peak
L405S-012,02:30,NT1,6367.2,7780.8,0.0,7780.8,observed_upstream_mainline,6756.0,daily_congested_median_across_weekdays,7799.599999999999,8459.800000000001,1h_rolling_peak
L405S-012,02:35,NT1,6508.8,7946.4,0.0,7946.4,observed_upstream_mainline,6756.0,daily_congested_median_across_weekdays,7811.8,8459.800000000001,1h_rolling_peak
L405S-012,02:40,NT1,6600.0,7960.8,0.0,7960.8,observed_upstream_mainline,6756.0,daily_congested_median_across_weekdays,7847.600000000001,8459.800000000001,1h_rolling_peak
L405S-012,02:45,NT1,6338.4,7752.0,0.0,7752.0,observed_upstream_mainline,6756.0,daily_congested_median_across_weekdays,7840.8,8459.800000000001,1h_rolling_peak
L405S-012,02:50,NT1,6180.0,7629.6,0.0,7629.6,observed_upstream_mainline,6756.0,daily_congested_median_across_weekdays,7819.599999999999,8459.800000000001,1h_rolling_peak
L405S-012,02:55,NT1,6079.2,7744.8,0.0,7744.8,observed_upstream_mainline,6756.0,daily_congested_median_across_weekdays,7809.200000000001,8459.800000000001,1h_rolling_peak
L405S-012,03:00,NT1,5457.6,7123.2,0.0,7123.2,observed_upstream_mainline,6756.0,daily_congested_median_across_weekdays,7754.799999999999,8459.800000000001,1h_rolling_peak
L405S-012,03:05,NT1,5385.6,6885.6,0.0,6885.6,observed_upstream_mainline,6756.0,daily_congested_median_across_weekdays,7677.8,8459.800000000001,1h_rolling_peak
L405S-012,03:10,NT1,5140.8,6552.0,0.0,6552.0,observed_upstream_mainline,6756.0,daily_congested_median_across_weekdays,7556.600000000001,8459.800000000001,1h_rolling_peak
L405S-012,03:15,NT1,5558.4,7065.6,0.0,7065.6,observed_upstream_mainline,6756.0,daily_congested_median_across_weekdays,7504.599999999999,8459.800000000001,1h_rolling_peak
L405S-012,03:20,NT1,5287.2,6895.2,0.0,6895.2,observed_upstream_mainline,6756.0,daily_congested_median_across_weekdays,7428.400000000001,8459.800000000001,1h_rolling_peak
L405S-012,03:25,NT1,5361.6,7154.4,0.0,7154.4,observed_upstream_mainline,6756.0,daily_congested_median_across_weekdays,7374.2,8459.800000000001,1h_rolling_peak
L405S-012,03:30,NT1,5364.0,7147.2,0.0,7147.2,observed_upstream_mainline,6756.0,daily_congested_median_across_weekdays,7321.400000000001,8459.800000000001,1h_rolling_peak
L405S-012,03:35,NT1,5083.2,6619.2,0.0,6619.2,observed_upstream_mainline,6756.0,daily_congested_median_across_weekdays,7210.799999999999,8459.800000000001,1h_rolling_peak
L405S-012,03:40,NT1,5611.2,7214.4,0.0,7214.4,observed_upstream_mainline,6756.0,daily_congested_median_across_weekdays,7148.599999999999,8459.800000000001,1h_rolling_peak
L405S-012,03:45,NT1,5572.8,7132.8,0.0,7132.8,observed_upstream_mainline,6756.0,daily_congested_median_across_weekdays,7097.0,8459.800000000001,1h_rolling_peak
L405S-012,03:50,NT1,5846.4,7380.0,0.0,7380.0,observed_upstream_mainline,6756.0,daily_congested_median_across_weekdays,7076.200000000001,8459.800000000001,1h_rolling_peak
L405S-012,03:55,NT1,5227.2,7034.4,0.0,7034.4,observed_upstream_mainline,6756.0,daily_congested_median_across_weekdays,7017.0,8459.800000000001,1h_rolling_peak
L405S-012,04:00,NT1,5215.2,6578.4,0.0,6578.4,observed_upstream_mainline,6756.0,daily_congested_median_across_weekdays,6971.599999999999,8459.800000000001,1h_rolling_peak
L405S-012,04:05,NT1,5301.6,6856.8,0.0,6856.8,observed_upstream_mainline,6756.0,daily_congested_median_across_weekdays,6969.2,8459.800000000001,1h_rolling_peak
L405S-012,04:10,NT1,5164.8,6717.6,0.0,6717.6,observed_upstream_mainline,6756.0,daily_congested_median_across_weekdays,6983.0,8459.800000000001,1h_rolling_peak
L405S-012,04:15,NT1,5467.2,7120.8,0.0,7120.8,observed_upstream_mainline,6756.0,daily_congested_median_across_weekdays,6987.600000000001,8459.800000000001,1h_rolling_peak
L405S-012,04:20,NT1,5083.2,6808.8,0.0,6808.8,observed_upstream_mainline,6756.0,daily_congested_median_across_weekdays,6980.399999999999,8459.800000000001,1h_rolling_peak
L405S-012,04:25,NT1,5414.4,7236.0,0.0,7236.0,observed_upstream_mainline,6756.0,daily_congested_median_across_weekdays,6987.2,8459.800000000001,1h_rolling_peak
L405S-012,04:30,NT1,5289.6,6928.8,0.0,6928.8,observed_upstream_mainline,6756.0,daily_congested_median_across_weekdays,6969.0,8459.800000000001,1h_rolling_peak
L405S-012,04:35,NT1,5272.8,7087.2,0.0,7087.2,observed_upstream_mainline,6756.0,daily_congested_median_across_weekdays,7008.0,8459.800000000001,1h_rolling_peak
L405S-012,04:40,NT1,5764.8,7226.4,0.0,7226.4,observed_upstream_mainline,6756.0,daily_congested_median_across_weekdays,7009.0,8459.800000000001,1h_rolling_peak
L405S-012,04:45,NT1,5488.8,7044.0,0.0,7044.0,observed_upstream_mainline,6756.0,daily_congested_median_across_weekdays,7001.599999999999,8459.800000000001,1h_rolling_peak
L405S-012,04:50,NT1,5481.6,7070.4,0.0,7070.4,observed_upstream_mainline,6756.0,daily_congested_median_across_weekdays,6975.799999999999,8459.800000000001,1h_rolling_peak
L405S-012,04:55,NT1,5364.0,7096.8,0.0,7096.8,observed_upstream_mainline,6756.0,daily_congested_median_across_weekdays,6981.0,8459.800000000001,1h_rolling_peak
L405S-012,05:00,NT1,5116.8,6739.2,0.0,6739.2,observed_upstream_mainline,6756.0,daily_congested_median_across_weekdays,6994.400000000001,8459.800000000001,1h_rolling_peak
L405S-012,05:05,NT1,5018.4,6506.4,0.0,6506.4,observed_upstream_mainline,6756.0,daily_congested_median_across_weekdays,6965.2,8459.800000000001,1h_rolling_peak
L405S-012,05:10,NT1,5215.2,6938.4,0.0,6938.4,observed_upstream_mainline,6756.0,daily_congested_median_across_weekdays,6983.599999999999,8459.800000000001,1h_rolling_peak
L405S-012,05:15,NT1,5565.6,7214.4,0.0,7214.4,observed_upstream_mainline,6756.0,daily_congested_median_across_weekdays,6991.399999999999,8459.800000000001,1h_rolling_peak
L405S-012,05:20,NT1,5354.4,7164.0,0.0,7164.0,observed_upstream_mainline,6756.0,daily_congested_median_across_weekdays,7021.0,8459.800000000001,1h_rolling_peak
L405S-012,05:25,NT1,5368.8,6938.4,0.0,6938.4,observed_upstream_mainline,6756.0,daily_congested_median_across_weekdays,6996.200000000001,8459.800000000001,1h_rolling_peak
L405S-012,05:30,NT1,5450.4,6780.0,0.0,6780.0,observed_upstream_mainline,6756.0,daily_congested_median_across_weekdays,6983.8,8459.800000000001,1h_rolling_peak
L405S-012,05:35,NT1,5455.2,6964.8,0.0,6964.8,observed_upstream_mainline,6756.0,daily_congested_median_across_weekdays,6973.599999999999,8459.800000000001,1h_rolling_peak
L405S-012,05:40,NT1,5716.8,7305.6,0.0,7305.6,observed_upstream_mainline,6756.0,daily_congested_median_across_weekdays,6980.2,8459.800000000001,1h_rolling_peak
L405S-012,05:45,NT1,5656.8,7389.6,0.0,7389.6,observed_upstream_mainline,6756.0,daily_congested_median_across_weekdays,7009.0,8459.800000000001,1h_rolling_peak
L405S-012,05:50,NT1,5500.8,7010.4,0.0,7010.4,observed_upstream_mainline,6756.0,daily_congested_median_across_weekdays,7004.0,8459.800000000001,1h_rolling_peak
L405S-012,05:55,NT1,5356.8,6885.6,0.0,6885.6,observed_upstream_mainline,6756.0,daily_congested_median_across_weekdays,6986.400000000001,8459.800000000001,1h_rolling_peak
L405S-012,19:00,NT2,350.4,1022.4,0.0,1022.4,observed_upstream_mainline,1866.0,daily_period_median_fallback_no_congestion,,7896.400000000001,1h_rolling_peak
L405S-012,19:05,NT2,362.4,996.0,0.0,996.0,observed_upstream_mainline,1866.0,daily_period_median_fallback_no_congestion,,7896.400000000001,1h_rolling_peak
L405S-012,19:10,NT2,463.2,1108.8,0.0,1108.8,observed_upstream_mainline,1866.0,daily_period_median_fallback_no_congestion,,7896.400000000001,1h_rolling_peak
L405S-012,19:15,NT2,403.2,1048.8,0.0,1048.8,observed_upstream_mainline,1866.0,daily_period_median_fallback_no_congestion,,7896.400000000001,1h_rolling_peak
L405S-012,19:20,NT2,393.6,1036.8,0.0,1036.8,observed_upstream_mainline,1866.0,daily_period_median_fallback_no_congestion,,7896.400000000001,1h_rolling_peak
L405S-012,19:25,NT2,441.6,1065.6,0.0,1065.6,observed_upstream_mainline,1866.0,daily_period_median_fallback_no_congestion,,7896.400000000001,1h_rolling_peak
L405S-012,19:30,NT2,384.0,1008.0,0.0,1008.0,observed_upstream_mainline,1866.0,daily_period_median_fallback_no_congestion,,7896.400000000001,1h_rolling_peak
L405S-012,19:35,NT2,463.2,1111.2,0.0,1111.2,observed_upstream_mainline,1866.0,daily_period_median_fallback_no_congestion,,7896.400000000001,1h_rolling_peak
L405S-012,19:40,NT2,381.6,1065.6,0.0,1065.6,observed_upstream_mainline,1866.0,daily_period_median_fallback_no_congestion,,7896.400000000001,1h_rolling_peak
L405S-012,19:45,NT2,408.0,1104.0,0.0,1104.0,observed_upstream_mainline,1866.0,daily_period_median_fallback_no_congestion,,7896.400000000001,1h_rolling_peak
L405S-012,19:50,NT2,446.4,1058.4,0.0,1058.4,observed_upstream_mainline,1866.0,daily_period_median_fallback_no_congestion,,7896.400000000001,1h_rolling_peak
L405S-012,19:55,NT2,432.0,1044.0,0.0,1044.0,observed_upstream_mainline,1866.0,daily_period_median_fallback_no_congestion,1055.8,7896.400000000001,1h_rolling_peak
L405S-012,20:00,NT2,388.8,1005.6,0.0,1005.6,observed_upstream_mainline,1866.0,daily_period_median_fallback_no_congestion,1054.3999999999999,7896.400000000001,1h_rolling_peak
L405S-012,20:05,NT2,480.0,1142.4,0.0,1142.4,observed_upstream_mainline,1866.0,daily_period_median_fallback_no_congestion,1066.6000000000001,7896.400000000001,1h_rolling_peak
L405S-012,20:10,NT2,537.6,1243.2,0.0,1243.2,observed_upstream_mainline,1866.0,daily_period_median_fallback_no_congestion,1077.8,7896.400000000001,1h_rolling_peak
L405S-012,20:15,NT2,607.2,1272.0,0.0,1272.0,observed_upstream_mainline,1866.0,daily_period_median_fallback_no_congestion,1096.3999999999999,7896.400000000001,1h_rolling_peak
L405S-012,20:20,NT2,588.0,1336.8,0.0,1336.8,observed_upstream_mainline,1866.0,daily_period_median_fallback_no_congestion,1121.4,7896.400000000001,1h_rolling_peak
L405S-012,20:25,NT2,763.2,1466.4,0.0,1466.4,observed_upstream_mainline,1866.0,daily_period_median_fallback_no_congestion,1154.8,7896.400000000001,1h_rolling_peak
L405S-012,20:30,NT2,768.0,1564.8,0.0,1564.8,observed_upstream_mainline,1866.0,daily_period_median_fallback_no_congestion,1201.2,7896.400000000001,1h_rolling_peak
L405S-012,20:35,NT2,813.6,1514.4,0.0,1514.4,observed_upstream_mainline,1866.0,daily_period_median_fallback_no_congestion,1234.8,7896.400000000001,1h_rolling_peak
L405S-012,20:40,NT2,902.4,1725.6,0.0,1725.6,observed_upstream_mainline,1866.0,daily_period_median_fallback_no_congestion,1289.8,7896.400000000001,1h_rolling_peak
L405S-012,20:45,NT2,1017.6,1833.6,0.0,1833.6,observed_upstream_mainline,1866.0,daily_period_median_fallback_no_congestion,1350.6000000000001,7896.400000000001,1h_rolling_peak
L405S-012,20:50,NT2,955.2,1735.2,0.0,1735.2,observed_upstream_mainline,1866.0,daily_period_median_fallback_no_congestion,1407.0,7896.400000000001,1h_rolling_peak
L405S-012,20:55,NT2,880.8,1737.6,0.0,1737.6,observed_upstream_mainline,1866.0,daily_period_median_fallback_no_congestion,1464.8,7896.400000000001,1h_rolling_peak
L405S-012,21:00,NT2,890.4,1752.0,0.0,1752.0,observed_upstream_mainline,1866.0,daily_period_median_fallback_no_congestion,1527.0,7896.400000000001,1h_rolling_peak
L405S-012,21:05,NT2,842.4,1708.8,0.0,1708.8,observed_upstream_mainline,1866.0,daily_period_median_fallback_no_congestion,1574.1999999999998,7896.400000000001,1h_rolling_peak
L405S-012,21:10,NT2,1190.4,1912.8,0.0,1912.8,observed_upstream_mainline,1866.0,daily_period_median_fallback_no_congestion,1630.0,7896.400000000001,1h_rolling_peak
L405S-012,21:15,NT2,1286.4,2143.2,0.0,2143.2,observed_upstream_mainline,1866.0,daily_period_median_fallback_no_congestion,1702.5999999999997,7896.400000000001,1h_rolling_peak
L405S-012,21:20,NT2,1392.0,2347.2,0.0,2347.2,observed_upstream_mainline,1866.0,daily_period_median_fallback_no_congestion,1786.8,7896.400000000001,1h_rolling_peak
L405S-012,21:25,NT2,1648.8,2536.8,0.0,2536.8,observed_upstream_mainline,1866.0,daily_period_median_fallback_no_congestion,1875.9999999999998,7896.400000000001,1h_rolling_peak
L405S-012,21:30,NT2,2076.0,3100.8,0.0,3100.8,observed_upstream_mainline,1866.0,daily_period_median_fallback_no_congestion,2004.0,7896.400000000001,1h_rolling_peak
L405S-012,21:35,NT2,2505.6,3559.2,0.0,3559.2,observed_upstream_mainline,1866.0,daily_period_median_fallback_no_congestion,2174.4,7896.400000000001,1h_rolling_peak
L405S-012,21:40,NT2,2796.0,3765.6,0.0,3765.6,observed_upstream_mainline,1866.0,daily_period_median_fallback_no_congestion,2344.4,7896.400000000001,1h_rolling_peak
L405S-012,21:45,NT2,2872.8,3792.0,0.0,3792.0,observed_upstream_mainline,1866.0,daily_period_median_fallback_no_congestion,2507.6,7896.400000000001,1h_rolling_peak
L405S-012,21:50,NT2,2904.0,3981.6,0.0,3981.6,observed_upstream_mainline,1866.0,daily_period_median_fallback_no_congestion,2694.7999999999997,7896.400000000001,1h_rolling_peak
L405S-012,21:55,NT2,2563.2,3487.2,0.0,3487.2,observed_upstream_mainline,1866.0,daily_period_median_fallback_no_congestion,2840.6,7896.400000000001,1h_rolling_peak
L405S-012,22:00,NT2,2232.0,3156.0,0.0,3156.0,observed_upstream_mainline,1866.0,daily_period_median_fallback_no_congestion,2957.6,7896.400000000001,1h_rolling_peak
L405S-012,22:05,NT2,2366.4,3328.8,0.0,3328.8,observed_upstream_mainline,1866.0,daily_period_median_fallback_no_congestion,3092.6,7896.400000000001,1h_rolling_peak
L405S-012,22:10,NT2,2498.4,3487.2,0.0,3487.2,observed_upstream_mainline,1866.0,daily_period_median_fallback_no_congestion,3223.7999999999997,7896.400000000001,1h_rolling_peak
L405S-012,22:15,NT2,2834.4,3835.2,0.0,3835.2,observed_upstream_mainline,1866.0,daily_period_median_fallback_no_congestion,3364.7999999999997,7896.400000000001,1h_rolling_peak
L405S-012,22:20,NT2,3314.4,4377.6,0.0,4377.6,observed_upstream_mainline,1866.0,daily_period_median_fallback_no_congestion,3534.0,7896.400000000001,1h_rolling_peak
L405S-012,22:25,NT2,3561.6,4680.0,0.0,4680.0,observed_upstream_mainline,1866.0,daily_period_median_fallback_no_congestion,3712.6,7896.400000000001,1h_rolling_peak
L405S-012,22:30,NT2,3820.8,4785.6,0.0,4785.6,observed_upstream_mainline,1866.0,daily_period_median_fallback_no_congestion,3853.0,7896.400000000001,1h_rolling_peak
L405S-012,22:35,NT2,4248.0,5474.4,0.0,5474.4,observed_upstream_mainline,1866.0,daily_period_median_fallback_no_congestion,4012.6,7896.400000000001,1h_rolling_peak
L405S-012,22:40,NT2,4958.4,6019.2,0.0,6019.2,observed_upstream_mainline,1866.0,daily_period_median_fallback_no_congestion,4200.4,7896.400000000001,1h_rolling_peak
L405S-012,22:45,NT2,5352.0,6482.4,0.0,6482.4,observed_upstream_mainline,1866.0,daily_period_median_fallback_no_congestion,4424.599999999999,7896.400000000001,1h_rolling_peak
L405S-012,22:50,NT2,5596.8,6993.6,0.0,6993.6,observed_upstream_mainline,1866.0,daily_period_median_fallback_no_congestion,4675.599999999999,7896.400000000001,1h_rolling_peak
L405S-012,22:55,NT2,5488.8,6662.4,0.0,6662.4,observed_upstream_mainline,1866.0,daily_period_median_fallback_no_congestion,4940.2,7896.400000000001,1h_rolling_peak
L405S-012,23:00,NT2,4872.0,6184.8,0.0,6184.8,observed_upstream_mainline,1866.0,daily_period_median_fallback_no_congestion,5192.6,7896.400000000001,1h_rolling_peak
L405S-012,23:05,NT2,4857.6,6064.8,0.0,6064.8,observed_upstream_mainline,1866.0,daily_period_median_fallback_no_congestion,5420.599999999999,7896.400000000001,1h_rolling_peak
L405S-012,23:10,NT2,5272.8,6487.2,0.0,6487.2,observed_upstream_mainline,1866.0,daily_period_median_fallback_no_congestion,5670.599999999999,7896.400000000001,1h_rolling_peak
L405S-012,23:15,NT2,5805.6,6909.6,0.0,6909.6,observed_upstream_mainline,1866.0,daily_period_median_fallback_no_congestion,5926.8,7896.400000000001,1h_rolling_peak
L405S-012,23:20,NT2,6547.2,7653.6,0.0,7653.6,observed_upstream_mainline,1866.0,daily_period_median_fallback_no_congestion,6199.799999999999,7896.400000000001,1h_rolling_peak
L405S-012,23:25,NT2,6595.2,7929.6,0.0,7929.6,observed_upstream_mainline,1866.0,daily_period_median_fallback_no_congestion,6470.600000000001,7896.400000000001,1h_rolling_peak
L405S-012,23:30,NT2,7140.0,8433.6,0.0,8433.6,observed_upstream_mainline,1866.0,daily_period_median_fallback_no_congestion,6774.599999999999,7896.400000000001,1h_rolling_peak
L405S-012,23:35,NT2,7600.8,8752.8,0.0,8752.8,observed_upstream_mainline,1866.0,daily_period_median_fallback_no_congestion,7047.799999999999,7896.400000000001,1h_rolling_peak
L405S-012,23:40,NT2,7855.2,9175.2,0.0,9175.2,observed_upstream_mainline,1866.0,daily_period_median_fallback_no_congestion,7310.799999999999,7896.400000000001,1h_rolling_peak
L405S-012,23:45,NT2,7922.4,9184.8,0.0,9184.8,observed_upstream_mainline,1866.0,daily_period_median_fallback_no_congestion,7536.0,7896.400000000001,1h_rolling_peak
L405S-012,23:50,NT2,7989.6,9292.8,0.0,9292.8,observed_upstream_mainline,1866.0,daily_period_median_fallback_no_congestion,7727.599999999999,7896.400000000001,1h_rolling_peak
L405S-012,23:55,NT2,7404.0,8688.0,0.0,8688.0,observed_upstream_mainline,1866.0,daily_period_median_fallback_no_congestion,7896.400000000001,7896.400000000001,1h_rolling_peak
L405S-012,15:00,PM,2380.8,3991.2,0.0,3991.2,observed_upstream_mainline,990.0,daily_period_median_fallback_no_congestion,,3748.6,1h_rolling_peak
L405S-012,15:05,PM,2916.0,4521.6,0.0,4521.6,observed_upstream_mainline,990.0,daily_period_median_fallback_no_congestion,,3748.6,1h_rolling_peak
L405S-012,15:10,PM,2551.2,4226.4,0.0,4226.4,observed_upstream_mainline,990.0,daily_period_median_fallback_no_congestion,,3748.6,1h_rolling_peak
L405S-012,15:15,PM,2416.8,3950.4,0.0,3950.4,observed_upstream_mainline,990.0,daily_period_median_fallback_no_congestion,,3748.6,1h_rolling_peak
L405S-012,15:20,PM,2186.4,3720.0,0.0,3720.0,observed_upstream_mainline,990.0,daily_period_median_fallback_no_congestion,,3748.6,1h_rolling_peak
L405S-012,15:25,PM,2162.4,3700.8,0.0,3700.8,observed_upstream_mainline,990.0,daily_period_median_fallback_no_congestion,,3748.6,1h_rolling_peak
L405S-012,15:30,PM,2090.4,3780.0,0.0,3780.0,observed_upstream_mainline,990.0,daily_period_median_fallback_no_congestion,,3748.6,1h_rolling_peak
L405S-012,15:35,PM,2121.6,3619.2,0.0,3619.2,observed_upstream_mainline,990.0,daily_period_median_fallback_no_congestion,,3748.6,1h_rolling_peak
L405S-012,15:40,PM,2097.6,3525.6,0.0,3525.6,observed_upstream_mainline,990.0,daily_period_median_fallback_no_congestion,,3748.6,1h_rolling_peak
L405S-012,15:45,PM,1924.8,3420.0,0.0,3420.0,observed_upstream_mainline,990.0,daily_period_median_fallback_no_congestion,,3748.6,1h_rolling_peak
L405S-012,15:50,PM,1795.2,3225.6,0.0,3225.6,observed_upstream_mainline,990.0,daily_period_median_fallback_no_congestion,,3748.6,1h_rolling_peak
L405S-012,15:55,PM,1720.8,3302.4,0.0,3302.4,observed_upstream_mainline,990.0,daily_period_median_fallback_no_congestion,3748.6,3748.6,1h_rolling_peak
L405S-012,16:00,PM,1612.8,3112.8,0.0,3112.8,observed_upstream_mainline,990.0,daily_period_median_fallback_no_congestion,3675.4,3748.6,1h_rolling_peak
L405S-012,16:05,PM,1507.2,2988.0,0.0,2988.0,observed_upstream_mainline,990.0,daily_period_median_fallback_no_congestion,3547.6,3748.6,1h_rolling_peak
L405S-012,16:10,PM,1461.6,2992.8,0.0,2992.8,observed_upstream_mainline,990.0,daily_period_median_fallback_no_congestion,3444.8000000000006,3748.6,1h_rolling_peak
L405S-012,16:15,PM,1507.2,3055.2,0.0,3055.2,observed_upstream_mainline,990.0,daily_period_median_fallback_no_congestion,3370.2000000000003,3748.6,1h_rolling_peak
L405S-012,16:20,PM,1548.0,2971.2,0.0,2971.2,observed_upstream_mainline,990.0,daily_period_median_fallback_no_congestion,3307.7999999999997,3748.6,1h_rolling_peak
L405S-012,16:25,PM,1512.0,3009.6,0.0,3009.6,observed_upstream_mainline,990.0,daily_period_median_fallback_no_congestion,3250.2000000000003,3748.6,1h_rolling_peak
L405S-012,16:30,PM,1356.0,2817.6,0.0,2817.6,observed_upstream_mainline,990.0,daily_period_median_fallback_no_congestion,3170.0,3748.6,1h_rolling_peak
L405S-012,16:35,PM,1348.8,2851.2,0.0,2851.2,observed_upstream_mainline,990.0,daily_period_median_fallback_no_congestion,3106.0,3748.6,1h_rolling_peak
L405S-012,16:40,PM,1221.6,2712.0,0.0,2712.0,observed_upstream_mainline,990.0,daily_period_median_fallback_no_congestion,3038.2000000000003,3748.6,1h_rolling_peak
L405S-012,16:45,PM,1144.8,2498.4,0.0,2498.4,observed_upstream_mainline,990.0,daily_period_median_fallback_no_congestion,2961.4,3748.6,1h_rolling_peak
L405S-012,16:50,PM,1135.2,2544.0,0.0,2544.0,observed_upstream_mainline,990.0,daily_period_median_fallback_no_congestion,2904.6,3748.6,1h_rolling_peak
L405S-012,16:55,PM,1039.2,2464.8,0.0,2464.8,observed_upstream_mainline,990.0,daily_period_median_fallback_no_congestion,2834.7999999999997,3748.6,1h_rolling_peak
L405S-012,17:00,PM,1029.6,1819.2,0.0,1819.2,observed_upstream_mainline,990.0,daily_period_median_fallback_no_congestion,2727.0,3748.6,1h_rolling_peak
L405S-012,17:05,PM,1106.4,1845.6,0.0,1845.6,observed_upstream_mainline,990.0,daily_period_median_fallback_no_congestion,2631.7999999999997,3748.6,1h_rolling_peak
L405S-012,17:10,PM,948.0,1725.6,0.0,1725.6,observed_upstream_mainline,990.0,daily_period_median_fallback_no_congestion,2526.2000000000003,3748.6,1h_rolling_peak
L405S-012,17:15,PM,972.0,1728.0,0.0,1728.0,observed_upstream_mainline,990.0,daily_period_median_fallback_no_congestion,2415.6,3748.6,1h_rolling_peak
L405S-012,17:20,PM,919.2,1639.2,0.0,1639.2,observed_upstream_mainline,990.0,daily_period_median_fallback_no_congestion,2304.6,3748.6,1h_rolling_peak
L405S-012,17:25,PM,933.6,1735.2,0.0,1735.2,observed_upstream_mainline,990.0,daily_period_median_fallback_no_congestion,2198.4,3748.6,1h_rolling_peak
L405S-012,17:30,PM,885.6,1639.2,0.0,1639.2,observed_upstream_mainline,990.0,daily_period_median_fallback_no_congestion,2100.2,3748.6,1h_rolling_peak
L405S-012,17:35,PM,859.2,1684.8,0.0,1684.8,observed_upstream_mainline,990.0,daily_period_median_fallback_no_congestion,2003.0,3748.6,1h_rolling_peak
L405S-012,17:40,PM,770.4,1449.6,0.0,1449.6,observed_upstream_mainline,990.0,daily_period_median_fallback_no_congestion,1897.8000000000002,3748.6,1h_rolling_peak
L405S-012,17:45,PM,640.8,1322.4,0.0,1322.4,observed_upstream_mainline,990.0,daily_period_median_fallback_no_congestion,1799.8,3748.6,1h_rolling_peak
L405S-012,17:50,PM,559.2,1200.0,0.0,1200.0,observed_upstream_mainline,990.0,daily_period_median_fallback_no_congestion,1687.8,3748.6,1h_rolling_peak
L405S-012,17:55,PM,734.4,1437.6,0.0,1437.6,observed_upstream_mainline,990.0,daily_period_median_fallback_no_congestion,1602.2,3748.6,1h_rolling_peak
L405S-012,18:00,PM,628.8,1365.6,0.0,1365.6,observed_upstream_mainline,990.0,daily_period_median_fallback_no_congestion,1564.3999999999999,3748.6,1h_rolling_peak
L405S-012,18:05,PM,602.4,1329.6,0.0,1329.6,observed_upstream_mainline,990.0,daily_period_median_fallback_no_congestion,1521.3999999999999,3748.6,1h_rolling_peak
L405S-012,18:10,PM,636.0,1392.0,0.0,1392.0,observed_upstream_mainline,990.0,daily_period_median_fallback_no_congestion,1493.5999999999997,3748.6,1h_rolling_peak
L405S-012,18:15,PM,475.2,1156.8,0.0,1156.8,observed_upstream_mainline,990.0,daily_period_median_fallback_no_congestion,1446.0,3748.6,1h_rolling_peak
L405S-012,18:20,PM,520.8,1135.2,0.0,1135.2,observed_upstream_mainline,990.0,daily_period_median_fallback_no_congestion,1404.0,3748.6,1h_rolling_peak
L405S-012,18:25,PM,494.4,1132.8,0.0,1132.8,observed_upstream_mainline,990.0,daily_period_median_fallback_no_congestion,1353.8,3748.6,1h_rolling_peak
L405S-012,18:30,PM,470.4,1125.6,0.0,1125.6,observed_upstream_mainline,990.0,daily_period_median_fallback_no_congestion,1311.0,3748.6,1h_rolling_peak
L405S-012,18:35,PM,458.4,1144.8,0.0,1144.8,observed_upstream_mainline,990.0,daily_period_median_fallback_no_congestion,1265.9999999999998,3748.6,1h_rolling_peak
L405S-012,18:40,PM,460.8,1132.8,0.0,1132.8,observed_upstream_mainline,990.0,daily_period_median_fallback_no_congestion,1239.6000000000001,3748.6,1h_rolling_peak
L405S-012,18:45,PM,424.8,1065.6,0.0,1065.6,observed_upstream_mainline,990.0,daily_period_median_fallback_no_congestion,1218.1999999999998,3748.6,1h_rolling_peak
L405S-012,18:50,PM,439.2,1058.4,0.0,1058.4,observed_upstream_mainline,990.0,daily_period_median_fallback_no_congestion,1206.3999999999999,3748.6,1h_rolling_peak
L405S-012,18:55,PM,369.6,1005.6,0.0,1005.6,observed_upstream_mainline,990.0,daily_period_median_fallback_no_congestion,1170.4,3748.6,1h_rolling_peak
L405S-018,06:00,AM,6590.4,6804.0,0.0,6804.0,observed_upstream_mainline,7824.0,daily_period_median_fallback_no_congestion,,7826.2,1h_rolling_peak
L405S-018,06:05,AM,6703.2,6904.8,0.0,6904.8,observed_upstream_mainline,7824.0,daily_period_median_fallback_no_congestion,,7826.2,1h_rolling_peak
L405S-018,06:10,AM,7104.0,7324.8,0.0,7324.8,observed_upstream_mainline,7824.0,daily_period_median_fallback_no_congestion,,7826.2,1h_rolling_peak
L405S-018,06:15,AM,7300.8,7291.2,0.0,7291.2,observed_upstream_mainline,7824.0,daily_period_median_fallback_no_congestion,,7826.2,1h_rolling_peak
L405S-018,06:20,AM,6585.6,7084.8,0.0,7084.8,observed_upstream_mainline,7824.0,daily_period_median_fallback_no_congestion,,7826.2,1h_rolling_peak
L405S-018,06:25,AM,7113.6,7312.8,0.0,7312.8,observed_upstream_mainline,7824.0,daily_period_median_fallback_no_congestion,,7826.2,1h_rolling_peak
L405S-018,06:30,AM,7190.4,7435.2,0.0,7435.2,observed_upstream_mainline,7824.0,daily_period_median_fallback_no_congestion,,7826.2,1h_rolling_peak
L405S-018,06:35,AM,7087.2,7377.6,0.0,7377.6,observed_upstream_mainline,7824.0,daily_period_median_fallback_no_congestion,,7826.2,1h_rolling_peak
L405S-018,06:40,AM,7377.6,7728.0,0.0,7728.0,observed_upstream_mainline,7824.0,daily_period_median_fallback_no_congestion,,7826.2,1h_rolling_peak
L405S-018,06:45,AM,7694.4,7764.0,0.0,7764.0,observed_upstream_mainline,7824.0,daily_period_median_fallback_no_congestion,,7826.2,1h_rolling_peak
L405S-018,06:50,AM,7336.8,7704.0,0.0,7704.0,observed_upstream_mainline,7824.0,daily_period_median_fallback_no_congestion,,7826.2,1h_rolling_peak
L405S-018,06:55,AM,7320.0,7382.4,0.0,7382.4,observed_upstream_mainline,7824.0,daily_period_median_fallback_no_congestion,7342.8,7826.2,1h_rolling_peak
L405S-018,07:00,AM,7024.8,7322.4,0.0,7322.4,observed_upstream_mainline,7824.0,daily_period_median_fallback_no_congestion,7386.0,7826.2,1h_rolling_peak
L405S-018,07:05,AM,7358.4,7272.0,0.0,7272.0,observed_upstream_mainline,7824.0,daily_period_median_fallback_no_congestion,7416.599999999999,7826.2,1h_rolling_peak
L405S-018,07:10,AM,7238.4,7533.6,0.0,7533.6,observed_upstream_mainline,7824.0,daily_period_median_fallback_no_congestion,7434.0,7826.2,1h_rolling_peak
L405S-018,07:15,AM,7459.2,7360.8,0.0,7360.8,observed_upstream_mainline,7824.0,daily_period_median_fallback_no_congestion,7439.799999999999,7826.2,1h_rolling_peak
L405S-018,07:20,AM,7864.8,7857.6,0.0,7857.6,observed_upstream_mainline,7824.0,daily_period_median_fallback_no_congestion,7504.2,7826.2,1h_rolling_peak
L405S-018,07:25,AM,7516.8,7620.0,0.0,7620.0,observed_upstream_mainline,7824.0,daily_period_median_fallback_no_congestion,7529.8,7826.2,1h_rolling_peak
L405S-018,07:30,AM,7557.6,7869.6,0.0,7869.6,observed_upstream_mainline,7824.0,daily_period_median_fallback_no_congestion,7566.0,7826.2,1h_rolling_peak
L405S-018,07:35,AM,7161.6,7274.4,0.0,7274.4,observed_upstream_mainline,7824.0,daily_period_median_fallback_no_congestion,7557.400000000001,7826.2,1h_rolling_peak
L405S-018,07:40,AM,7737.6,7653.6,0.0,7653.6,observed_upstream_mainline,7824.0,daily_period_median_fallback_no_congestion,7551.200000000001,7826.2,1h_rolling_peak
L405S-018,07:45,AM,8364.0,8090.4,0.0,8090.4,observed_upstream_mainline,7824.0,daily_period_median_fallback_no_congestion,7578.400000000001,7826.2,1h_rolling_peak
L405S-018,07:50,AM,8109.6,8061.6,0.0,8061.6,observed_upstream_mainline,7824.0,daily_period_median_fallback_no_congestion,7608.200000000001,7826.2,1h_rolling_peak
L405S-018,07:55,AM,8102.4,7975.2,0.0,7975.2,observed_upstream_mainline,7824.0,daily_period_median_fallback_no_congestion,7657.599999999999,7826.2,1h_rolling_peak
L405S-018,08:00,AM,7596.0,7497.6,0.0,7497.6,observed_upstream_mainline,7824.0,daily_period_median_fallback_no_congestion,7672.2,7826.2,1h_rolling_peak
L405S-018,08:05,AM,7644.0,7572.0,0.0,7572.0,observed_upstream_mainline,7824.0,daily_period_median_fallback_no_congestion,7697.2,7826.2,1h_rolling_peak
L405S-018,08:10,AM,8395.2,7658.4,0.0,7658.4,observed_upstream_mainline,7824.0,daily_period_median_fallback_no_congestion,7707.599999999999,7826.2,1h_rolling_peak
L405S-018,08:15,AM,7864.8,7792.8,0.0,7792.8,observed_upstream_mainline,7824.0,daily_period_median_fallback_no_congestion,7743.600000000001,7826.2,1h_rolling_peak
L405S-018,08:20,AM,8210.4,7790.4,0.0,7790.4,observed_upstream_mainline,7824.0,daily_period_median_fallback_no_congestion,7738.0,7826.2,1h_rolling_peak
L405S-018,08:25,AM,8145.6,7783.2,0.0,7783.2,observed_upstream_mainline,7824.0,daily_period_median_fallback_no_congestion,7751.599999999999,7826.2,1h_rolling_peak
L405S-018,08:30,AM,8140.8,7759.2,0.0,7759.2,observed_upstream_mainline,7824.0,daily_period_median_fallback_no_congestion,7742.399999999999,7826.2,1h_rolling_peak
L405S-018,08:35,AM,8011.2,7749.6,0.0,7749.6,observed_upstream_mainline,7824.0,daily_period_median_fallback_no_congestion,7782.0,7826.2,1h_rolling_peak
L405S-018,08:40,AM,8193.6,8080.8,0.0,8080.8,observed_upstream_mainline,7824.0,daily_period_median_fallback_no_congestion,7817.599999999999,7826.2,1h_rolling_peak
L405S-018,08:45,AM,8716.8,8193.6,0.0,8193.6,observed_upstream_mainline,7824.0,daily_period_median_fallback_no_congestion,7826.2,7826.2,1h_rolling_peak
L405S-018,08:50,AM,8220.0,7754.4,0.0,7754.4,observed_upstream_mainline,7824.0,daily_period_median_fallback_no_congestion,7800.599999999999,7826.2,1h_rolling_peak
L405S-018,08:55,AM,7946.4,7651.2,0.0,7651.2,observed_upstream_mainline,7824.0,daily_period_median_fallback_no_congestion,7773.599999999999,7826.2,1h_rolling_peak
L405S-018,09:00,AM,8104.8,7598.4,0.0,7598.4,observed_upstream_mainline,7824.0,daily_period_median_fallback_no_congestion,7782.0,7826.2,1h_rolling_peak
L405S-018,09:05,AM,8056.8,7368.0,0.0,7368.0,observed_upstream_mainline,7824.0,daily_period_median_fallback_no_congestion,7765.0,7826.2,1h_rolling_peak
L405S-018,09:10,AM,8208.0,7665.6,0.0,7665.6,observed_upstream_mainline,7824.0,daily_period_median_fallback_no_congestion,7765.599999999999,7826.2,1h_rolling_peak
L405S-018,09:15,AM,8294.4,7884.0,0.0,7884.0,observed_upstream_mainline,7824.0,daily_period_median_fallback_no_congestion,7773.2,7826.2,1h_rolling_peak
L405S-018,09:20,AM,8548.8,7692.0,0.0,7692.0,observed_upstream_mainline,7824.0,daily_period_median_fallback_no_congestion,7765.0,7826.2,1h_rolling_peak
L405S-018,09:25,AM,8352.0,7420.8,0.0,7420.8,observed_upstream_mainline,7824.0,daily_period_median_fallback_no_congestion,7734.8,7826.2,1h_rolling_peak
L405S-018,09:30,AM,7675.2,7312.8,0.0,7312.8,observed_upstream_mainline,7824.0,daily_period_median_fallback_no_congestion,7697.600000000001,7826.2,1h_rolling_peak
L405S-018,09:35,AM,7848.0,7444.8,0.0,7444.8,observed_upstream_mainline,7824.0,daily_period_median_fallback_no_congestion,7672.2,7826.2,1h_rolling_peak
L405S-018,09:40,AM,8212.8,7514.4,0.0,7514.4,observed_upstream_mainline,7824.0,daily_period_median_fallback_no_congestion,7625.0,7826.2,1h_rolling_peak
L405S-018,09:45,AM,8349.6,7713.6,0.0,7713.6,observed_upstream_mainline,7824.0,daily_period_median_fallback_no_congestion,7585.0,7826.2,1h_rolling_peak
L405S-018,09:50,AM,8032.8,7389.6,0.0,7389.6,observed_upstream_mainline,7824.0,daily_period_median_fallback_no_congestion,7554.599999999999,7826.2,1h_rolling_peak
L405S-018,09:55,AM,7888.8,7048.8,0.0,7048.8,observed_upstream_mainline,7824.0,daily_period_median_fallback_no_congestion,7504.400000000001,7826.2,1h_rolling_peak
L405S-018,10:00,MD,8023.2,7236.0,0.0,7236.0,observed_upstream_mainline,8106.0,daily_congested_median_across_weekdays,,6985.400000000001,1h_rolling_peak
L405S-018,10:05,MD,7658.4,7231.2,0.0,7231.2,observed_upstream_mainline,8106.0,daily_congested_median_across_weekdays,,6985.400000000001,1h_rolling_peak
L405S-018,10:10,MD,7749.6,7298.4,0.0,7298.4,observed_upstream_mainline,8106.0,daily_congested_median_across_weekdays,,6985.400000000001,1h_rolling_peak
L405S-018,10:15,MD,8227.2,7274.4,0.0,7274.4,observed_upstream_mainline,8106.0,daily_congested_median_across_weekdays,,6985.400000000001,1h_rolling_peak
L405S-018,10:20,MD,8239.2,6943.2,0.0,6943.2,observed_upstream_mainline,8106.0,daily_congested_median_across_weekdays,,6985.400000000001,1h_rolling_peak
L405S-018,10:25,MD,8450.4,7080.0,0.0,7080.0,observed_upstream_mainline,8106.0,daily_congested_median_across_weekdays,,6985.400000000001,1h_rolling_peak
L405S-018,10:30,MD,7771.2,7108.8,0.0,7108.8,observed_upstream_mainline,8106.0,daily_congested_median_across_weekdays,,6985.400000000001,1h_rolling_peak
L405S-018,10:35,MD,8126.4,6950.4,0.0,6950.4,observed_upstream_mainline,8106.0,daily_congested_median_across_weekdays,,6985.400000000001,1h_rolling_peak
L405S-018,10:40,MD,7641.6,6703.2,0.0,6703.2,observed_upstream_mainline,8106.0,daily_congested_median_across_weekdays,,6985.400000000001,1h_rolling_peak
L405S-018,10:45,MD,7500.0,6902.4,0.0,6902.4,observed_upstream_mainline,8106.0,daily_congested_median_across_weekdays,,6985.400000000001,1h_rolling_peak
L405S-018,10:50,MD,7562.4,6708.0,0.0,6708.0,observed_upstream_mainline,8106.0,daily_congested_median_across_weekdays,,6985.400000000001,1h_rolling_peak
L405S-018,10:55,MD,6729.6,6388.8,0.0,6388.8,observed_upstream_mainline,8106.0,daily_congested_median_across_weekdays,6985.400000000001,6985.400000000001,1h_rolling_peak
L405S-018,11:00,MD,7281.6,6619.2,0.0,6619.2,observed_upstream_mainline,8106.0,daily_congested_median_across_weekdays,6934.0,6985.400000000001,1h_rolling_peak
L405S-018,11:05,MD,6873.6,6343.2,0.0,6343.2,observed_upstream_mainline,8106.0,daily_congested_median_across_weekdays,6860.0,6985.400000000001,1h_rolling_peak
L405S-018,11:10,MD,7329.6,6770.4,0.0,6770.4,observed_upstream_mainline,8106.0,daily_congested_median_across_weekdays,6815.999999999999,6985.400000000001,1h_rolling_peak
L405S-018,11:15,MD,7728.0,7185.6,0.0,7185.6,observed_upstream_mainline,8106.0,daily_congested_median_across_weekdays,6808.599999999999,6985.400000000001,1h_rolling_peak
L405S-018,11:20,MD,7572.0,6986.4,0.0,6986.4,observed_upstream_mainline,8106.0,daily_congested_median_across_weekdays,6812.2,6985.400000000001,1h_rolling_peak
L405S-018,11:25,MD,7593.6,6760.8,0.0,6760.8,observed_upstream_mainline,8106.0,daily_congested_median_across_weekdays,6785.599999999999,6985.400000000001,1h_rolling_peak
L405S-018,11:30,MD,7228.8,6686.4,0.0,6686.4,observed_upstream_mainline,8106.0,daily_congested_median_across_weekdays,6750.400000000001,6985.400000000001,1h_rolling_peak
L405S-018,11:35,MD,6837.6,6549.6,0.0,6549.6,observed_upstream_mainline,8106.0,daily_congested_median_across_weekdays,6717.0,6985.400000000001,1h_rolling_peak
L405S-018,11:40,MD,6448.8,6552.0,0.0,6552.0,observed_upstream_mainline,8106.0,daily_congested_median_across_weekdays,6704.399999999999,6985.400000000001,1h_rolling_peak
L405S-018,11:45,MD,6844.8,6278.4,0.0,6278.4,observed_upstream_mainline,8106.0,daily_congested_median_across_weekdays,6652.400000000001,6985.400000000001,1h_rolling_peak
L405S-018,11:50,MD,6864.0,6242.4,0.0,6242.4,observed_upstream_mainline,8106.0,daily_congested_median_across_weekdays,6613.599999999999,6985.400000000001,1h_rolling_peak
L405S-018,11:55,MD,6225.6,6204.0,0.0,6204.0,observed_upstream_mainline,8106.0,daily_congested_median_across_weekdays,6598.2,6985.400000000001,1h_rolling_peak
L405S-018,12:00,MD,6302.4,5956.8,0.0,5956.8,observed_upstream_mainline,8106.0,daily_congested_median_across_weekdays,6543.0,6985.400000000001,1h_rolling_peak
L405S-018,12:05,MD,5868.0,5690.4,0.0,5690.4,observed_upstream_mainline,8106.0,daily_congested_median_across_weekdays,6488.599999999999,6985.400000000001,1h_rolling_peak
L405S-018,12:10,MD,5920.8,5764.8,0.0,5764.8,observed_upstream_mainline,8106.0,daily_congested_median_across_weekdays,6404.8,6985.400000000001,1h_rolling_peak
L405S-018,12:15,MD,5743.2,5640.0,0.0,5640.0,observed_upstream_mainline,8106.0,daily_congested_median_across_weekdays,6276.0,6985.400000000001,1h_rolling_peak
L405S-018,12:20,MD,5719.2,5685.6,0.0,5685.6,observed_upstream_mainline,8106.0,daily_congested_median_across_weekdays,6167.600000000001,6985.400000000001,1h_rolling_peak
L405S-018,12:25,MD,6019.2,5793.6,0.0,5793.6,observed_upstream_mainline,8106.0,daily_congested_median_across_weekdays,6087.0,6985.400000000001,1h_rolling_peak
L405S-018,12:30,MD,5388.0,5431.2,0.0,5431.2,observed_upstream_mainline,8106.0,daily_congested_median_across_weekdays,5982.399999999999,6985.400000000001,1h_rolling_peak
L405S-018,12:35,MD,5392.8,5395.2,0.0,5395.2,observed_upstream_mainline,8106.0,daily_congested_median_across_weekdays,5886.200000000001,6985.400000000001,1h_rolling_peak
L405S-018,12:40,MD,5733.6,5440.8,0.0,5440.8,observed_upstream_mainline,8106.0,daily_congested_median_across_weekdays,5793.599999999999,6985.400000000001,1h_rolling_peak
L405S-018,12:45,MD,5419.2,5558.4,0.0,5558.4,observed_upstream_mainline,8106.0,daily_congested_median_across_weekdays,5733.599999999999,6985.400000000001,1h_rolling_peak
L405S-018,12:50,MD,5452.8,5241.6,0.0,5241.6,observed_upstream_mainline,8106.0,daily_congested_median_across_weekdays,5650.2,6985.400000000001,1h_rolling_peak
L405S-018,12:55,MD,5073.6,5210.4,0.0,5210.4,observed_upstream_mainline,8106.0,daily_congested_median_across_weekdays,5567.400000000001,6985.400000000001,1h_rolling_peak
L405S-018,13:00,MD,5124.0,5140.8,0.0,5140.8,observed_upstream_mainline,8106.0,daily_congested_median_across_weekdays,5499.400000000001,6985.400000000001,1h_rolling_peak
L405S-018,13:05,MD,5275.2,5167.2,0.0,5167.2,observed_upstream_mainline,8106.0,daily_congested_median_across_weekdays,5455.8,6985.400000000001,1h_rolling_peak
L405S-018,13:10,MD,4936.8,5200.8,0.0,5200.8,observed_upstream_mainline,8106.0,daily_congested_median_across_weekdays,5408.8,6985.400000000001,1h_rolling_peak
L405S-018,13:15,MD,4987.2,5090.4,0.0,5090.4,observed_upstream_mainline,8106.0,daily_congested_median_across_weekdays,5363.0,6985.400000000001,1h_rolling_peak
L405S-018,13:20,MD,5328.0,5287.2,0.0,5287.2,observed_upstream_mainline,8106.0,daily_congested_median_across_weekdays,5329.8,6985.400000000001,1h_rolling_peak
L405S-018,13:25,MD,5112.0,5104.8,0.0,5104.8,observed_upstream_mainline,8106.0,daily_congested_median_across_weekdays,5272.400000000001,6985.400000000001,1h_rolling_peak
L405S-018,13:30,MD,4946.4,5013.6,0.0,5013.6,observed_upstream_mainline,8106.0,daily_congested_median_across_weekdays,5237.599999999999,6985.400000000001,1h_rolling_peak
L405S-018,13:35,MD,4687.2,4960.8,0.0,4960.8,observed_upstream_mainline,8106.0,daily_congested_median_across_weekdays,5201.400000000001,6985.400000000001,1h_rolling_peak
L405S-018,13:40,MD,4593.6,4797.6,0.0,4797.6,observed_upstream_mainline,8106.0,daily_congested_median_across_weekdays,5147.8,6985.400000000001,1h_rolling_peak
L405S-018,13:45,MD,4490.4,4495.2,0.0,4495.2,observed_upstream_mainline,8106.0,daily_congested_median_across_weekdays,5059.2,6985.400000000001,1h_rolling_peak
L405S-018,13:50,MD,4380.0,4632.0,0.0,4632.0,observed_upstream_mainline,8106.0,daily_congested_median_across_weekdays,5008.400000000001,6985.400000000001,1h_rolling_peak
L405S-018,13:55,MD,4368.0,4574.4,0.0,4574.4,observed_upstream_mainline,8106.0,daily_congested_median_across_weekdays,4955.4,6985.400000000001,1h_rolling_peak
L405S-018,14:00,MD,4144.8,4423.2,0.0,4423.2,observed_upstream_mainline,8106.0,daily_congested_median_across_weekdays,4895.6,6985.400000000001,1h_rolling_peak
L405S-018,14:05,MD,4245.6,4370.4,0.0,4370.4,observed_upstream_mainline,8106.0,daily_congested_median_across_weekdays,4829.2,6985.400000000001,1h_rolling_peak
L405S-018,14:10,MD,4389.6,4540.8,0.0,4540.8,observed_upstream_mainline,8106.0,daily_congested_median_across_weekdays,4774.2,6985.400000000001,1h_rolling_peak
L405S-018,14:15,MD,4068.0,4495.2,0.0,4495.2,observed_upstream_mainline,8106.0,daily_congested_median_across_weekdays,4724.599999999999,6985.400000000001,1h_rolling_peak
L405S-018,14:20,MD,3986.4,4262.4,0.0,4262.4,observed_upstream_mainline,8106.0,daily_congested_median_across_weekdays,4639.2,6985.400000000001,1h_rolling_peak
L405S-018,14:25,MD,4137.6,4236.0,0.0,4236.0,observed_upstream_mainline,8106.0,daily_congested_median_across_weekdays,4566.8,6985.400000000001,1h_rolling_peak
L405S-018,14:30,MD,3907.2,4082.4,0.0,4082.4,observed_upstream_mainline,8106.0,daily_congested_median_across_weekdays,4489.2,6985.400000000001,1h_rolling_peak
L405S-018,14:35,MD,4005.6,3957.6,0.0,3957.6,observed_upstream_mainline,8106.0,daily_congested_median_across_weekdays,4405.599999999999,6985.400000000001,1h_rolling_peak
L405S-018,14:40,MD,3988.8,3950.4,0.0,3950.4,observed_upstream_mainline,8106.0,daily_congested_median_across_weekdays,4335.0,6985.400000000001,1h_rolling_peak
L405S-018,14:45,MD,3624.0,3720.0,0.0,3720.0,observed_upstream_mainline,8106.0,daily_congested_median_across_weekdays,4270.400000000001,6985.400000000001,1h_rolling_peak
L405S-018,14:50,MD,3494.4,3650.4,0.0,3650.4,observed_upstream_mainline,8106.0,daily_congested_median_across_weekdays,4188.6,6985.400000000001,1h_rolling_peak
L405S-018,14:55,MD,3367.2,3352.8,0.0,3352.8,observed_upstream_mainline,8106.0,daily_congested_median_across_weekdays,4086.7999999999997,6985.400000000001,1h_rolling_peak
L405S-018,00:00,NT1,10965.6,8433.6,0.0,8433.6,observed_upstream_mainline,10344.0,daily_congested_median_across_weekdays,,8549.0,1h_rolling_peak
L405S-018,00:05,NT1,10596.0,8527.2,0.0,8527.2,observed_upstream_mainline,10344.0,daily_congested_median_across_weekdays,,8549.0,1h_rolling_peak
L405S-018,00:10,NT1,10790.4,8652.0,0.0,8652.0,observed_upstream_mainline,10344.0,daily_congested_median_across_weekdays,,8549.0,1h_rolling_peak
L405S-018,00:15,NT1,10838.4,8628.0,0.0,8628.0,observed_upstream_mainline,10344.0,daily_congested_median_across_weekdays,,8549.0,1h_rolling_peak
L405S-018,00:20,NT1,10987.2,8745.6,0.0,8745.6,observed_upstream_mainline,10344.0,daily_congested_median_across_weekdays,,8549.0,1h_rolling_peak
L405S-018,00:25,NT1,11001.6,8548.8,0.0,8548.8,observed_upstream_mainline,10344.0,daily_congested_median_across_weekdays,,8549.0,1h_rolling_peak
L405S-018,00:30,NT1,11340.0,8515.2,0.0,8515.2,observed_upstream_mainline,10344.0,daily_congested_median_across_weekdays,,8549.0,1h_rolling_peak
L405S-018,00:35,NT1,11109.6,8748.0,0.0,8748.0,observed_upstream_mainline,10344.0,daily_congested_median_across_weekdays,,8549.0,1h_rolling_peak
L405S-018,00:40,NT1,11529.6,8450.4,0.0,8450.4,observed_upstream_mainline,10344.0,daily_congested_median_across_weekdays,,8549.0,1h_rolling_peak
L405S-018,00:45,NT1,11445.6,8479.2,0.0,8479.2,observed_upstream_mainline,10344.0,daily_congested_median_across_weekdays,,8549.0,1h_rolling_peak
L405S-018,00:50,NT1,11368.8,8352.0,0.0,8352.0,observed_upstream_mainline,10344.0,daily_congested_median_across_weekdays,,8549.0,1h_rolling_peak
L405S-018,00:55,NT1,10783.2,8508.0,0.0,8508.0,observed_upstream_mainline,10344.0,daily_congested_median_across_weekdays,8549.0,8549.0,1h_rolling_peak
L405S-018,01:00,NT1,10500.0,8061.6,0.0,8061.6,observed_upstream_mainline,10344.0,daily_congested_median_across_weekdays,8518.0,8549.0,1h_rolling_peak
L405S-018,01:05,NT1,10557.6,8431.2,0.0,8431.2,observed_upstream_mainline,10344.0,daily_congested_median_across_weekdays,8510.0,8549.0,1h_rolling_peak
L405S-018,01:10,NT1,10641.6,8200.8,0.0,8200.8,observed_upstream_mainline,10344.0,daily_congested_median_across_weekdays,8472.4,8549.0,1h_rolling_peak
L405S-018,01:15,NT1,10497.6,8040.0,0.0,8040.0,observed_upstream_mainline,10344.0,daily_congested_median_across_weekdays,8423.4,8549.0,1h_rolling_peak
L405S-018,01:20,NT1,10646.4,8232.0,0.0,8232.0,observed_upstream_mainline,10344.0,daily_congested_median_across_weekdays,8380.6,8549.0,1h_rolling_peak
L405S-018,01:25,NT1,10303.2,8205.6,0.0,8205.6,observed_upstream_mainline,10344.0,daily_congested_median_across_weekdays,8352.0,8549.0,1h_rolling_peak
L405S-018,01:30,NT1,9964.8,8104.8,0.0,8104.8,observed_upstream_mainline,10344.0,daily_congested_median_across_weekdays,8317.8,8549.0,1h_rolling_peak
L405S-018,01:35,NT1,10392.0,8220.0,0.0,8220.0,observed_upstream_mainline,10344.0,daily_congested_median_across_weekdays,8273.800000000001,8549.0,1h_rolling_peak
L405S-018,01:40,NT1,10214.4,8212.8,0.0,8212.8,observed_upstream_mainline,10344.0,daily_congested_median_across_weekdays,8254.0,8549.0,1h_rolling_peak
L405S-018,01:45,NT1,10341.6,8316.0,0.0,8316.0,observed_upstream_mainline,10344.0,daily_congested_median_across_weekdays,8240.4,8549.0,1h_rolling_peak
L405S-018,01:50,NT1,10039.2,8352.0,0.0,8352.0,observed_upstream_mainline,10344.0,daily_congested_median_across_weekdays,8240.4,8549.0,1h_rolling_peak
L405S-018,01:55,NT1,10233.6,8328.0,0.0,8328.0,observed_upstream_mainline,10344.0,daily_congested_median_across_weekdays,8225.4,8549.0,1h_rolling_peak
L405S-018,02:00,NT1,9621.6,8059.2,0.0,8059.2,observed_upstream_mainline,10344.0,daily_congested_median_across_weekdays,8225.199999999999,8549.0,1h_rolling_peak
L405S-018,02:05,NT1,9504.0,8119.2,0.0,8119.2,observed_upstream_mainline,10344.0,daily_congested_median_across_weekdays,8199.199999999999,8549.0,1h_rolling_peak
L405S-018,02:10,NT1,9556.8,7886.4,0.0,7886.4,observed_upstream_mainline,10344.0,daily_congested_median_across_weekdays,8173.0,8549.0,1h_rolling_peak
L405S-018,02:15,NT1,9012.0,7639.2,0.0,7639.2,observed_upstream_mainline,10344.0,daily_congested_median_across_weekdays,8139.599999999999,8549.0,1h_rolling_peak
L405S-018,02:20,NT1,8858.4,7473.6,0.0,7473.6,observed_upstream_mainline,10344.0,daily_congested_median_across_weekdays,8076.400000000001,8549.0,1h_rolling_peak
L405S-018,02:25,NT1,8606.4,7778.4,0.0,7778.4,observed_upstream_mainline,10344.0,daily_congested_median_across_weekdays,8040.8,8549.0,1h_rolling_peak
L405S-018,02:30,NT1,8241.6,7238.4,0.0,7238.4,observed_upstream_mainline,10344.0,daily_congested_median_across_weekdays,7968.599999999999,8549.0,1h_rolling_peak
L405S-018,02:35,NT1,8088.0,7401.6,0.0,7401.6,observed_upstream_mainline,10344.0,daily_congested_median_across_weekdays,7900.400000000001,8549.0,1h_rolling_peak
L405S-018,02:40,NT1,8277.6,7617.6,0.0,7617.6,observed_upstream_mainline,10344.0,daily_congested_median_across_weekdays,7850.8,8549.0,1h_rolling_peak
L405S-018,02:45,NT1,7977.6,7461.6,0.0,7461.6,observed_upstream_mainline,10344.0,daily_congested_median_across_weekdays,7779.599999999999,8549.0,1h_rolling_peak
L405S-018,02:50,NT1,7404.0,6967.2,0.0,6967.2,observed_upstream_mainline,10344.0,daily_congested_median_across_weekdays,7664.2,8549.0,1h_rolling_peak
L405S-018,02:55,NT1,6986.4,6708.0,0.0,6708.0,observed_upstream_mainline,10344.0,daily_congested_median_across_weekdays,7529.2,8549.0,1h_rolling_peak
L405S-018,03:00,NT1,6871.2,6535.2,0.0,6535.2,observed_upstream_mainline,10344.0,daily_congested_median_across_weekdays,7402.200000000001,8549.0,1h_rolling_peak
L405S-018,03:05,NT1,6127.2,6144.0,0.0,6144.0,observed_upstream_mainline,10344.0,daily_congested_median_across_weekdays,7237.600000000001,8549.0,1h_rolling_peak
L405S-018,03:10,NT1,6523.2,6172.8,0.0,6172.8,observed_upstream_mainline,10344.0,daily_congested_median_across_weekdays,7094.799999999999,8549.0,1h_rolling_peak
L405S-018,03:15,NT1,6252.0,6242.4,0.0,6242.4,observed_upstream_mainline,10344.0,daily_congested_median_across_weekdays,6978.400000000001,8549.0,1h_rolling_peak
L405S-018,03:20,NT1,6120.0,6242.4,0.0,6242.4,observed_upstream_mainline,10344.0,daily_congested_median_across_weekdays,6875.799999999999,8549.0,1h_rolling_peak
L405S-018,03:25,NT1,6136.8,6230.4,0.0,6230.4,observed_upstream_mainline,10344.0,daily_congested_median_across_weekdays,6746.8,8549.0,1h_rolling_peak
L405S-018,03:30,NT1,6045.6,6280.8,0.0,6280.8,observed_upstream_mainline,10344.0,daily_congested_median_across_weekdays,6667.0,8549.0,1h_rolling_peak
L405S-018,03:35,NT1,6057.6,6132.0,0.0,6132.0,observed_upstream_mainline,10344.0,daily_congested_median_across_weekdays,6561.2,8549.0,1h_rolling_peak
L405S-018,03:40,NT1,6340.8,6568.8,0.0,6568.8,observed_upstream_mainline,10344.0,daily_congested_median_across_weekdays,6473.799999999999,8549.0,1h_rolling_peak
L405S-018,03:45,NT1,6225.6,6465.6,0.0,6465.6,observed_upstream_mainline,10344.0,daily_congested_median_across_weekdays,6390.8,8549.0,1h_rolling_peak
L405S-018,03:50,NT1,6535.2,6607.2,0.0,6607.2,observed_upstream_mainline,10344.0,daily_congested_median_across_weekdays,6360.8,8549.0,1h_rolling_peak
L405S-018,03:55,NT1,5940.0,6201.6,0.0,6201.6,observed_upstream_mainline,10344.0,daily_congested_median_across_weekdays,6318.600000000001,8549.0,1h_rolling_peak
L405S-018,04:00,NT1,5769.6,5995.2,0.0,5995.2,observed_upstream_mainline,10344.0,daily_congested_median_across_weekdays,6273.599999999999,8549.0,1h_rolling_peak
L405S-018,04:05,NT1,6093.6,6410.4,0.0,6410.4,observed_upstream_mainline,10344.0,daily_congested_median_across_weekdays,6295.799999999999,8549.0,1h_rolling_peak
L405S-018,04:10,NT1,5743.2,6124.8,0.0,6124.8,observed_upstream_mainline,10344.0,daily_congested_median_across_weekdays,6291.8,8549.0,1h_rolling_peak
L405S-018,04:15,NT1,5860.8,6172.8,0.0,6172.8,observed_upstream_mainline,10344.0,daily_congested_median_across_weekdays,6286.0,8549.0,1h_rolling_peak
L405S-018,04:20,NT1,6165.6,6232.8,0.0,6232.8,observed_upstream_mainline,10344.0,daily_congested_median_across_weekdays,6285.200000000001,8549.0,1h_rolling_peak
L405S-018,04:25,NT1,5932.8,6120.0,0.0,6120.0,observed_upstream_mainline,10344.0,daily_congested_median_across_weekdays,6276.0,8549.0,1h_rolling_peak
L405S-018,04:30,NT1,5676.0,6180.0,0.0,6180.0,observed_upstream_mainline,10344.0,daily_congested_median_across_weekdays,6267.600000000001,8549.0,1h_rolling_peak
L405S-018,04:35,NT1,6052.8,6160.8,0.0,6160.8,observed_upstream_mainline,10344.0,daily_congested_median_across_weekdays,6270.0,8549.0,1h_rolling_peak
L405S-018,04:40,NT1,6530.4,6703.2,0.0,6703.2,observed_upstream_mainline,10344.0,daily_congested_median_across_weekdays,6281.200000000001,8549.0,1h_rolling_peak
L405S-018,04:45,NT1,6628.8,6628.8,0.0,6628.8,observed_upstream_mainline,10344.0,daily_congested_median_across_weekdays,6294.799999999999,8549.0,1h_rolling_peak
L405S-018,04:50,NT1,6676.8,6705.6,0.0,6705.6,observed_upstream_mainline,10344.0,daily_congested_median_across_weekdays,6303.0,8549.0,1h_rolling_peak
L405S-018,04:55,NT1,6336.0,6722.4,0.0,6722.4,observed_upstream_mainline,10344.0,daily_congested_median_across_weekdays,6346.399999999999,8549.0,1h_rolling_peak
L405S-018,05:00,NT1,5978.4,6434.4,0.0,6434.4,observed_upstream_mainline,10344.0,daily_congested_median_across_weekdays,6383.0,8549.0,1h_rolling_peak
L405S-018,05:05,NT1,6348.0,6508.8,0.0,6508.8,observed_upstream_mainline,10344.0,daily_congested_median_across_weekdays,6391.200000000001,8549.0,1h_rolling_peak
L405S-018,05:10,NT1,6156.0,6398.4,0.0,6398.4,observed_upstream_mainline,10344.0,daily_congested_median_across_weekdays,6414.0,8549.0,1h_rolling_peak
L405S-018,05:15,NT1,6321.6,6703.2,0.0,6703.2,observed_upstream_mainline,10344.0,daily_congested_median_across_weekdays,6458.2,8549.0,1h_rolling_peak
L405S-018,05:20,NT1,6444.0,6607.2,0.0,6607.2,observed_upstream_mainline,10344.0,daily_congested_median_across_weekdays,6489.399999999999,8549.0,1h_rolling_peak
L405S-018,05:25,NT1,6422.4,6612.0,0.0,6612.0,observed_upstream_mainline,10344.0,daily_congested_median_across_weekdays,6530.399999999999,8549.0,1h_rolling_peak
L405S-018,05:30,NT1,6777.6,6974.4,0.0,6974.4,observed_upstream_mainline,10344.0,daily_congested_median_across_weekdays,6596.599999999999,8549.0,1h_rolling_peak
L405S-018,05:35,NT1,6732.0,6955.2,0.0,6955.2,observed_upstream_mainline,10344.0,daily_congested_median_across_weekdays,6662.8,8549.0,1h_rolling_peak
L405S-018,05:40,NT1,7200.0,7296.0,0.0,7296.0,observed_upstream_mainline,10344.0,daily_congested_median_across_weekdays,6712.2,8549.0,1h_rolling_peak
L405S-018,05:45,NT1,7207.2,7111.2,0.0,7111.2,observed_upstream_mainline,10344.0,daily_congested_median_across_weekdays,6752.400000000001,8549.0,1h_rolling_peak
L405S-018,05:50,NT1,6703.2,7029.6,0.0,7029.6,observed_upstream_mainline,10344.0,daily_congested_median_across_weekdays,6779.400000000001,8549.0,1h_rolling_peak
L405S-018,05:55,NT1,6931.2,6974.4,0.0,6974.4,observed_upstream_mainline,10344.0,daily_congested_median_across_weekdays,6800.400000000001,8549.0,1h_rolling_peak
L405S-018,19:00,NT2,698.4,441.6,0.0,441.6,observed_upstream_mainline,2010.0,daily_period_median_fallback_no_congestion,,7311.400000000001,1h_rolling_peak
L405S-018,19:05,NT2,628.8,400.8,0.0,400.8,observed_upstream_mainline,2010.0,daily_period_median_fallback_no_congestion,,7311.400000000001,1h_rolling_peak
L405S-018,19:10,NT2,669.6,432.0,0.0,432.0,observed_upstream_mainline,2010.0,daily_period_median_fallback_no_congestion,,7311.400000000001,1h_rolling_peak
L405S-018,19:15,NT2,717.6,475.2,0.0,475.2,observed_upstream_mainline,2010.0,daily_period_median_fallback_no_congestion,,7311.400000000001,1h_rolling_peak
L405S-018,19:20,NT2,679.2,458.4,0.0,458.4,observed_upstream_mainline,2010.0,daily_period_median_fallback_no_congestion,,7311.400000000001,1h_rolling_peak
L405S-018,19:25,NT2,717.6,441.6,0.0,441.6,observed_upstream_mainline,2010.0,daily_period_median_fallback_no_congestion,,7311.400000000001,1h_rolling_peak
L405S-018,19:30,NT2,784.8,441.6,0.0,441.6,observed_upstream_mainline,2010.0,daily_period_median_fallback_no_congestion,,7311.400000000001,1h_rolling_peak
L405S-018,19:35,NT2,712.8,456.0,0.0,456.0,observed_upstream_mainline,2010.0,daily_period_median_fallback_no_congestion,,7311.400000000001,1h_rolling_peak
L405S-018,19:40,NT2,664.8,429.6,0.0,429.6,observed_upstream_mainline,2010.0,daily_period_median_fallback_no_congestion,,7311.400000000001,1h_rolling_peak
L405S-018,19:45,NT2,679.2,405.6,0.0,405.6,observed_upstream_mainline,2010.0,daily_period_median_fallback_no_congestion,,7311.400000000001,1h_rolling_peak
L405S-018,19:50,NT2,753.6,434.4,0.0,434.4,observed_upstream_mainline,2010.0,daily_period_median_fallback_no_congestion,,7311.400000000001,1h_rolling_peak
L405S-018,19:55,NT2,734.4,470.4,0.0,470.4,observed_upstream_mainline,2010.0,daily_period_median_fallback_no_congestion,440.59999999999997,7311.400000000001,1h_rolling_peak
L405S-018,20:00,NT2,715.2,420.0,0.0,420.0,observed_upstream_mainline,2010.0,daily_period_median_fallback_no_congestion,438.79999999999995,7311.400000000001,1h_rolling_peak
L405S-018,20:05,NT2,669.6,504.0,0.0,504.0,observed_upstream_mainline,2010.0,daily_period_median_fallback_no_congestion,447.40000000000003,7311.400000000001,1h_rolling_peak
L405S-018,20:10,NT2,806.4,544.8,0.0,544.8,observed_upstream_mainline,2010.0,daily_period_median_fallback_no_congestion,456.8,7311.400000000001,1h_rolling_peak
L405S-018,20:15,NT2,700.8,590.4,0.0,590.4,observed_upstream_mainline,2010.0,daily_period_median_fallback_no_congestion,466.3999999999999,7311.400000000001,1h_rolling_peak
L405S-018,20:20,NT2,799.2,607.2,0.0,607.2,observed_upstream_mainline,2010.0,daily_period_median_fallback_no_congestion,478.8,7311.400000000001,1h_rolling_peak
L405S-018,20:25,NT2,823.2,780.0,0.0,780.0,observed_upstream_mainline,2010.0,daily_period_median_fallback_no_congestion,507.0,7311.400000000001,1h_rolling_peak
L405S-018,20:30,NT2,837.6,746.4,0.0,746.4,observed_upstream_mainline,2010.0,daily_period_median_fallback_no_congestion,532.4,7311.400000000001,1h_rolling_peak
L405S-018,20:35,NT2,871.2,804.0,0.0,804.0,observed_upstream_mainline,2010.0,daily_period_median_fallback_no_congestion,561.4,7311.400000000001,1h_rolling_peak
L405S-018,20:40,NT2,873.6,957.6,0.0,957.6,observed_upstream_mainline,2010.0,daily_period_median_fallback_no_congestion,605.4,7311.400000000001,1h_rolling_peak
L405S-018,20:45,NT2,1036.8,1032.0,0.0,1032.0,observed_upstream_mainline,2010.0,daily_period_median_fallback_no_congestion,657.6,7311.400000000001,1h_rolling_peak
L405S-018,20:50,NT2,1147.2,957.6,0.0,957.6,observed_upstream_mainline,2010.0,daily_period_median_fallback_no_congestion,701.1999999999999,7311.400000000001,1h_rolling_peak
L405S-018,20:55,NT2,991.2,916.8,0.0,916.8,observed_upstream_mainline,2010.0,daily_period_median_fallback_no_congestion,738.4,7311.400000000001,1h_rolling_peak
L405S-018,21:00,NT2,914.4,832.8,0.0,832.8,observed_upstream_mainline,2010.0,daily_period_median_fallback_no_congestion,772.8000000000001,7311.400000000001,1h_rolling_peak
L405S-018,21:05,NT2,1024.8,861.6,0.0,861.6,observed_upstream_mainline,2010.0,daily_period_median_fallback_no_congestion,802.6,7311.400000000001,1h_rolling_peak
L405S-018,21:10,NT2,1183.2,1183.2,0.0,1183.2,observed_upstream_mainline,2010.0,daily_period_median_fallback_no_congestion,855.8000000000001,7311.400000000001,1h_rolling_peak
L405S-018,21:15,NT2,1394.4,1336.8,0.0,1336.8,observed_upstream_mainline,2010.0,daily_period_median_fallback_no_congestion,918.0,7311.400000000001,1h_rolling_peak
L405S-018,21:20,NT2,1521.6,1456.8,0.0,1456.8,observed_upstream_mainline,2010.0,daily_period_median_fallback_no_congestion,988.8000000000001,7311.400000000001,1h_rolling_peak
L405S-018,21:25,NT2,1711.2,1593.6,0.0,1593.6,observed_upstream_mainline,2010.0,daily_period_median_fallback_no_congestion,1056.6000000000001,7311.400000000001,1h_rolling_peak
L405S-018,21:30,NT2,2222.4,2131.2,0.0,2131.2,observed_upstream_mainline,2010.0,daily_period_median_fallback_no_congestion,1171.9999999999998,7311.400000000001,1h_rolling_peak
L405S-018,21:35,NT2,2678.4,2380.8,0.0,2380.8,observed_upstream_mainline,2010.0,daily_period_median_fallback_no_congestion,1303.4,7311.400000000001,1h_rolling_peak
L405S-018,21:40,NT2,3213.6,2956.8,0.0,2956.8,observed_upstream_mainline,2010.0,daily_period_median_fallback_no_congestion,1470.0,7311.400000000001,1h_rolling_peak
L405S-018,21:45,NT2,3232.8,2976.0,0.0,2976.0,observed_upstream_mainline,2010.0,daily_period_median_fallback_no_congestion,1632.0,7311.400000000001,1h_rolling_peak
L405S-018,21:50,NT2,3321.6,2995.2,0.0,2995.2,observed_upstream_mainline,2010.0,daily_period_median_fallback_no_congestion,1801.8,7311.400000000001,1h_rolling_peak
L405S-018,21:55,NT2,2940.0,2599.2,0.0,2599.2,observed_upstream_mainline,2010.0,daily_period_median_fallback_no_congestion,1942.0,7311.400000000001,1h_rolling_peak
L405S-018,22:00,NT2,2436.0,2323.2,0.0,2323.2,observed_upstream_mainline,2010.0,daily_period_median_fallback_no_congestion,2066.2,7311.400000000001,1h_rolling_peak
L405S-018,22:05,NT2,2332.8,2498.4,0.0,2498.4,observed_upstream_mainline,2010.0,daily_period_median_fallback_no_congestion,2202.6,7311.400000000001,1h_rolling_peak
L405S-018,22:10,NT2,2625.6,2666.4,0.0,2666.4,observed_upstream_mainline,2010.0,daily_period_median_fallback_no_congestion,2326.2000000000003,7311.400000000001,1h_rolling_peak
L405S-018,22:15,NT2,3084.0,3069.6,0.0,3069.6,observed_upstream_mainline,2010.0,daily_period_median_fallback_no_congestion,2470.6,7311.400000000001,1h_rolling_peak
L405S-018,22:20,NT2,3552.0,3628.8,0.0,3628.8,observed_upstream_mainline,2010.0,daily_period_median_fallback_no_congestion,2651.6,7311.400000000001,1h_rolling_peak
L405S-018,22:25,NT2,3652.8,3890.4,0.0,3890.4,observed_upstream_mainline,2010.0,daily_period_median_fallback_no_congestion,2843.0,7311.400000000001,1h_rolling_peak
L405S-018,22:30,NT2,4375.2,4274.4,0.0,4274.4,observed_upstream_mainline,2010.0,daily_period_median_fallback_no_congestion,3021.6,7311.400000000001,1h_rolling_peak
L405S-018,22:35,NT2,4948.8,4548.0,0.0,4548.0,observed_upstream_mainline,2010.0,daily_period_median_fallback_no_congestion,3202.2000000000003,7311.400000000001,1h_rolling_peak
L405S-018,22:40,NT2,5733.6,5414.4,0.0,5414.4,observed_upstream_mainline,2010.0,daily_period_median_fallback_no_congestion,3407.0,7311.400000000001,1h_rolling_peak
L405S-018,22:45,NT2,6444.0,5745.6,0.0,5745.6,observed_upstream_mainline,2010.0,daily_period_median_fallback_no_congestion,3637.7999999999997,7311.400000000001,1h_rolling_peak
L405S-018,22:50,NT2,6628.8,6014.4,0.0,6014.4,observed_upstream_mainline,2010.0,daily_period_median_fallback_no_congestion,3889.4,7311.400000000001,1h_rolling_peak
L405S-018,22:55,NT2,6446.4,5724.0,0.0,5724.0,observed_upstream_mainline,2010.0,daily_period_median_fallback_no_congestion,4149.8,7311.400000000001,1h_rolling_peak
L405S-018,23:00,NT2,6057.6,5203.2,0.0,5203.2,observed_upstream_mainline,2010.0,daily_period_median_fallback_no_congestion,4389.8,7311.400000000001,1h_rolling_peak
L405S-018,23:05,NT2,5858.4,5272.8,0.0,5272.8,observed_upstream_mainline,2010.0,daily_period_median_fallback_no_congestion,4621.0,7311.400000000001,1h_rolling_peak
L405S-018,23:10,NT2,6117.6,5716.8,0.0,5716.8,observed_upstream_mainline,2010.0,daily_period_median_fallback_no_congestion,4875.2,7311.400000000001,1h_rolling_peak
L405S-018,23:15,NT2,6916.8,6357.6,0.0,6357.6,observed_upstream_mainline,2010.0,daily_period_median_fallback_no_congestion,5149.2,7311.400000000001,1h_rolling_peak
L405S-018,23:20,NT2,7533.6,6861.6,0.0,6861.6,observed_upstream_mainline,2010.0,daily_period_median_fallback_no_congestion,5418.599999999999,7311.400000000001,1h_rolling_peak
L405S-018,23:25,NT2,7951.2,7212.0,0.0,7212.0,observed_upstream_mainline,2010.0,daily_period_median_fallback_no_congestion,5695.400000000001,7311.400000000001,1h_rolling_peak
L405S-018,23:30,NT2,9264.0,7800.0,0.0,7800.0,observed_upstream_mainline,2010.0,daily_period_median_fallback_no_congestion,5989.200000000001,7311.400000000001,1h_rolling_peak
L405S-018,23:35,NT2,9991.2,8580.0,0.0,8580.0,observed_upstream_mainline,2010.0,daily_period_median_fallback_no_congestion,6325.2,7311.400000000001,1h_rolling_peak
L405S-018,23:40,NT2,10843.2,8683.2,0.0,8683.2,observed_upstream_mainline,2010.0,daily_period_median_fallback_no_congestion,6597.600000000001,7311.400000000001,1h_rolling_peak
L405S-018,23:45,NT2,11232.0,8988.0,0.0,8988.0,observed_upstream_mainline,2010.0,daily_period_median_fallback_no_congestion,6867.8,7311.400000000001,1h_rolling_peak
L405S-018,23:50,NT2,11179.2,8654.4,0.0,8654.4,observed_upstream_mainline,2010.0,daily_period_median_fallback_no_congestion,7087.8,7311.400000000001,1h_rolling_peak
L405S-018,23:55,NT2,10778.4,8407.2,0.0,8407.2,observed_upstream_mainline,2010.0,daily_period_median_fallback_no_congestion,7311.400000000001,7311.400000000001,1h_rolling_peak
L405S-018,15:00,PM,3230.4,3528.0,0.0,3528.0,observed_upstream_mainline,1314.0,daily_period_median_fallback_no_congestion,,3012.6,1h_rolling_peak
L405S-018,15:05,PM,3777.6,4180.8,0.0,4180.8,observed_upstream_mainline,1314.0,daily_period_median_fallback_no_congestion,,3012.6,1h_rolling_peak
L405S-018,15:10,PM,3542.4,3705.6,0.0,3705.6,observed_upstream_mainline,1314.0,daily_period_median_fallback_no_congestion,,3012.6,1h_rolling_peak
L405S-018,15:15,PM,3235.2,3576.0,0.0,3576.0,observed_upstream_mainline,1314.0,daily_period_median_fallback_no_congestion,,3012.6,1h_rolling_peak
L405S-018,15:20,PM,3175.2,3064.8,0.0,3064.8,observed_upstream_mainline,1314.0,daily_period_median_fallback_no_congestion,,3012.6,1h_rolling_peak
L405S-018,15:25,PM,2676.0,2875.2,0.0,2875.2,observed_upstream_mainline,1314.0,daily_period_median_fallback_no_congestion,,3012.6,1h_rolling_peak
L405S-018,15:30,PM,2774.4,2628.0,0.0,2628.0,observed_upstream_mainline,1314.0,daily_period_median_fallback_no_congestion,,3012.6,1h_rolling_peak
L405S-018,15:35,PM,2584.8,2654.4,0.0,2654.4,observed_upstream_mainline,1314.0,daily_period_median_fallback_no_congestion,,3012.6,1h_rolling_peak
L405S-018,15:40,PM,2522.4,2719.2,0.0,2719.2,observed_upstream_mainline,1314.0,daily_period_median_fallback_no_congestion,,3012.6,1h_rolling_peak
L405S-018,15:45,PM,2404.8,2443.2,0.0,2443.2,observed_upstream_mainline,1314.0,daily_period_median_fallback_no_congestion,,3012.6,1h_rolling_peak
L405S-018,15:50,PM,2464.8,2529.6,0.0,2529.6,observed_upstream_mainline,1314.0,daily_period_median_fallback_no_congestion,,3012.6,1h_rolling_peak
L405S-018,15:55,PM,2270.4,2246.4,0.0,2246.4,observed_upstream_mainline,1314.0,daily_period_median_fallback_no_congestion,3012.6,3012.6,1h_rolling_peak
L405S-018,16:00,PM,2030.4,2059.2,0.0,2059.2,observed_upstream_mainline,1314.0,daily_period_median_fallback_no_congestion,2890.2000000000003,3012.6,1h_rolling_peak
L405S-018,16:05,PM,2025.6,1975.2,0.0,1975.2,observed_upstream_mainline,1314.0,daily_period_median_fallback_no_congestion,2706.4,3012.6,1h_rolling_peak
L405S-018,16:10,PM,1800.0,1744.8,0.0,1744.8,observed_upstream_mainline,1314.0,daily_period_median_fallback_no_congestion,2543.0,3012.6,1h_rolling_peak
L405S-018,16:15,PM,1982.4,1797.6,0.0,1797.6,observed_upstream_mainline,1314.0,daily_period_median_fallback_no_congestion,2394.7999999999997,3012.6,1h_rolling_peak
L405S-018,16:20,PM,1898.4,1783.2,0.0,1783.2,observed_upstream_mainline,1314.0,daily_period_median_fallback_no_congestion,2288.0,3012.6,1h_rolling_peak
L405S-018,16:25,PM,1680.0,1720.8,0.0,1720.8,observed_upstream_mainline,1314.0,daily_period_median_fallback_no_congestion,2191.7999999999997,3012.6,1h_rolling_peak
L405S-018,16:30,PM,1948.8,1548.0,0.0,1548.0,observed_upstream_mainline,1314.0,daily_period_median_fallback_no_congestion,2101.7999999999997,3012.6,1h_rolling_peak
L405S-018,16:35,PM,1735.2,1579.2,0.0,1579.2,observed_upstream_mainline,1314.0,daily_period_median_fallback_no_congestion,2012.2,3012.6,1h_rolling_peak
L405S-018,16:40,PM,1605.6,1444.8,0.0,1444.8,observed_upstream_mainline,1314.0,daily_period_median_fallback_no_congestion,1906.0,3012.6,1h_rolling_peak
L405S-018,16:45,PM,1615.2,1471.2,0.0,1471.2,observed_upstream_mainline,1314.0,daily_period_median_fallback_no_congestion,1825.0,3012.6,1h_rolling_peak
L405S-018,16:50,PM,1555.2,1310.4,0.0,1310.4,observed_upstream_mainline,1314.0,daily_period_median_fallback_no_congestion,1723.3999999999999,3012.6,1h_rolling_peak
L405S-018,16:55,PM,1540.8,1320.0,0.0,1320.0,observed_upstream_mainline,1314.0,daily_period_median_fallback_no_congestion,1646.1999999999998,3012.6,1h_rolling_peak
L405S-018,17:00,PM,1219.2,1173.6,0.0,1173.6,observed_upstream_mainline,1314.0,daily_period_median_fallback_no_congestion,1572.3999999999999,3012.6,1h_rolling_peak
L405S-018,17:05,PM,1382.4,1291.2,0.0,1291.2,observed_upstream_mainline,1314.0,daily_period_median_fallback_no_congestion,1515.4000000000003,3012.6,1h_rolling_peak
L405S-018,17:10,PM,1296.0,1120.8,0.0,1120.8,observed_upstream_mainline,1314.0,daily_period_median_fallback_no_congestion,1463.3999999999999,3012.6,1h_rolling_peak
L405S-018,17:15,PM,1372.8,1137.6,0.0,1137.6,observed_upstream_mainline,1314.0,daily_period_median_fallback_no_congestion,1408.3999999999999,3012.6,1h_rolling_peak
L405S-018,17:20,PM,1195.2,1015.2,0.0,1015.2,observed_upstream_mainline,1314.0,daily_period_median_fallback_no_congestion,1344.4,3012.6,1h_rolling_peak
L405S-018,17:25,PM,1204.8,1082.4,0.0,1082.4,observed_upstream_mainline,1314.0,daily_period_median_fallback_no_congestion,1291.2,3012.6,1h_rolling_peak
L405S-018,17:30,PM,1212.0,1032.0,0.0,1032.0,observed_upstream_mainline,1314.0,daily_period_median_fallback_no_congestion,1248.2,3012.6,1h_rolling_peak
L405S-018,17:35,PM,1096.8,907.2,0.0,907.2,observed_upstream_mainline,1314.0,daily_period_median_fallback_no_congestion,1192.2,3012.6,1h_rolling_peak
L405S-018,17:40,PM,1087.2,864.0,0.0,864.0,observed_upstream_mainline,1314.0,daily_period_median_fallback_no_congestion,1143.8,3012.6,1h_rolling_peak
L405S-018,17:45,PM,876.0,770.4,0.0,770.4,observed_upstream_mainline,1314.0,daily_period_median_fallback_no_congestion,1085.4,3012.6,1h_rolling_peak
L405S-018,17:50,PM,849.6,621.6,0.0,621.6,observed_upstream_mainline,1314.0,daily_period_median_fallback_no_congestion,1028.0,3012.6,1h_rolling_peak
L405S-018,17:55,PM,828.0,679.2,0.0,679.2,observed_upstream_mainline,1314.0,daily_period_median_fallback_no_congestion,974.5999999999999,3012.6,1h_rolling_peak
L405S-018,18:00,PM,950.4,722.4,0.0,722.4,observed_upstream_mainline,1314.0,daily_period_median_fallback_no_congestion,937.0,3012.6,1h_rolling_peak
L405S-018,18:05,PM,864.0,724.8,0.0,724.8,observed_upstream_mainline,1314.0,daily_period_median_fallback_no_congestion,889.8000000000001,3012.6,1h_rolling_peak
L405S-018,18:10,PM,878.4,960.0,0.0,960.0,observed_upstream_mainline,1314.0,daily_period_median_fallback_no_congestion,876.4000000000001,3012.6,1h_rolling_peak
L405S-018,18:15,PM,854.4,787.2,0.0,787.2,observed_upstream_mainline,1314.0,daily_period_median_fallback_no_congestion,847.1999999999999,3012.6,1h_rolling_peak
L405S-018,18:20,PM,794.4,542.4,0.0,542.4,observed_upstream_mainline,1314.0,daily_period_median_fallback_no_congestion,807.8000000000001,3012.6,1h_rolling_peak
L405S-018,18:25,PM,715.2,468.0,0.0,468.0,observed_upstream_mainline,1314.0,daily_period_median_fallback_no_congestion,756.6,3012.6,1h_rolling_peak
L405S-018,18:30,PM,756.0,482.4,0.0,482.4,observed_upstream_mainline,1314.0,daily_period_median_fallback_no_congestion,710.8000000000001,3012.6,1h_rolling_peak
L405S-018,18:35,PM,784.8,511.2,0.0,511.2,observed_upstream_mainline,1314.0,daily_period_median_fallback_no_congestion,677.8000000000001,3012.6,1h_rolling_peak
L405S-018,18:40,PM,717.6,480.0,0.0,480.0,observed_upstream_mainline,1314.0,daily_period_median_fallback_no_congestion,645.8000000000001,3012.6,1h_rolling_peak
L405S-018,18:45,PM,746.4,511.2,0.0,511.2,observed_upstream_mainline,1314.0,daily_period_median_fallback_no_congestion,624.1999999999999,3012.6,1h_rolling_peak
L405S-018,18:50,PM,715.2,477.6,0.0,477.6,observed_upstream_mainline,1314.0,daily_period_median_fallback_no_congestion,612.2,3012.6,1h_rolling_peak
L405S-018,18:55,PM,696.0,444.0,0.0,444.0,observed_upstream_mainline,1314.0,daily_period_median_fallback_no_congestion,592.6,3012.6,1h_rolling_peak
L405S-028,06:00,AM,5359.2,3897.6,0.0,3897.6,observed_upstream_mainline,5736.0,daily_congested_median_across_weekdays,,4188.2,1h_rolling_peak
L405S-028,06:05,AM,5344.8,3588.0,0.0,3588.0,observed_upstream_mainline,5736.0,daily_congested_median_across_weekdays,,4188.2,1h_rolling_peak
L405S-028,06:10,AM,5392.8,3991.2,0.0,3991.2,observed_upstream_mainline,5736.0,daily_congested_median_across_weekdays,,4188.2,1h_rolling_peak
L405S-028,06:15,AM,5853.6,3986.4,0.0,3986.4,observed_upstream_mainline,5736.0,daily_congested_median_across_weekdays,,4188.2,1h_rolling_peak
L405S-028,06:20,AM,5568.0,3974.4,0.0,3974.4,observed_upstream_mainline,5736.0,daily_congested_median_across_weekdays,,4188.2,1h_rolling_peak
L405S-028,06:25,AM,5640.0,3900.0,0.0,3900.0,observed_upstream_mainline,5736.0,daily_congested_median_across_weekdays,,4188.2,1h_rolling_peak
L405S-028,06:30,AM,5640.0,4029.6,0.0,4029.6,observed_upstream_mainline,5736.0,daily_congested_median_across_weekdays,,4188.2,1h_rolling_peak
L405S-028,06:35,AM,5836.8,4106.4,0.0,4106.4,observed_upstream_mainline,5736.0,daily_congested_median_across_weekdays,,4188.2,1h_rolling_peak
L405S-028,06:40,AM,5841.6,4012.8,0.0,4012.8,observed_upstream_mainline,5736.0,daily_congested_median_across_weekdays,,4188.2,1h_rolling_peak
L405S-028,06:45,AM,5707.2,3996.0,0.0,3996.0,observed_upstream_mainline,5736.0,daily_congested_median_across_weekdays,,4188.2,1h_rolling_peak
L405S-028,06:50,AM,5572.8,4008.0,0.0,4008.0,observed_upstream_mainline,5736.0,daily_congested_median_across_weekdays,,4188.2,1h_rolling_peak
L405S-028,06:55,AM,5733.6,3780.0,0.0,3780.0,observed_upstream_mainline,5736.0,daily_congested_median_across_weekdays,3939.2000000000003,4188.2,1h_rolling_peak
L405S-028,07:00,AM,5424.0,3861.6,0.0,3861.6,observed_upstream_mainline,5736.0,daily_congested_median_across_weekdays,3936.2000000000003,4188.2,1h_rolling_peak
L405S-028,07:05,AM,5172.0,3734.4,0.0,3734.4,observed_upstream_mainline,5736.0,daily_congested_median_across_weekdays,3948.4,4188.2,1h_rolling_peak
L405S-028,07:10,AM,5671.2,4068.0,0.0,4068.0,observed_upstream_mainline,5736.0,daily_congested_median_across_weekdays,3954.7999999999997,4188.2,1h_rolling_peak
L405S-028,07:15,AM,5493.6,3859.2,0.0,3859.2,observed_upstream_mainline,5736.0,daily_congested_median_across_weekdays,3944.2000000000003,4188.2,1h_rolling_peak
L405S-028,07:20,AM,5637.6,3832.8,0.0,3832.8,observed_upstream_mainline,5736.0,daily_congested_median_across_weekdays,3932.4,4188.2,1h_rolling_peak
L405S-028,07:25,AM,5632.8,3825.6,0.0,3825.6,observed_upstream_mainline,5736.0,daily_congested_median_across_weekdays,3926.2000000000003,4188.2,1h_rolling_peak
L405S-028,07:30,AM,5709.6,3924.0,0.0,3924.0,observed_upstream_mainline,5736.0,daily_congested_median_across_weekdays,3917.4,4188.2,1h_rolling_peak
L405S-028,07:35,AM,5762.4,3883.2,0.0,3883.2,observed_upstream_mainline,5736.0,daily_congested_median_across_weekdays,3898.7999999999997,4188.2,1h_rolling_peak
L405S-028,07:40,AM,6055.2,4236.0,0.0,4236.0,observed_upstream_mainline,5736.0,daily_congested_median_across_weekdays,3917.3999999999996,4188.2,1h_rolling_peak
L405S-028,07:45,AM,6352.8,4411.2,0.0,4411.2,observed_upstream_mainline,5736.0,daily_congested_median_across_weekdays,3952.0,4188.2,1h_rolling_peak
L405S-028,07:50,AM,5997.6,4101.6,0.0,4101.6,observed_upstream_mainline,5736.0,daily_congested_median_across_weekdays,3959.7999999999997,4188.2,1h_rolling_peak
L405S-028,07:55,AM,5870.4,4056.0,0.0,4056.0,observed_upstream_mainline,5736.0,daily_congested_median_across_weekdays,3982.7999999999997,4188.2,1h_rolling_peak
L405S-028,08:00,AM,5733.6,3950.4,0.0,3950.4,observed_upstream_mainline,5736.0,daily_congested_median_across_weekdays,3990.2000000000003,4188.2,1h_rolling_peak
L405S-028,08:05,AM,5548.8,3952.8,0.0,3952.8,observed_upstream_mainline,5736.0,daily_congested_median_across_weekdays,4008.3999999999996,4188.2,1h_rolling_peak
L405S-028,08:10,AM,6088.8,4274.4,0.0,4274.4,observed_upstream_mainline,5736.0,daily_congested_median_across_weekdays,4025.6,4188.2,1h_rolling_peak
L405S-028,08:15,AM,6352.8,4300.8,0.0,4300.8,observed_upstream_mainline,5736.0,daily_congested_median_across_weekdays,4062.4,4188.2,1h_rolling_peak
L405S-028,08:20,AM,6057.6,4233.6,0.0,4233.6,observed_upstream_mainline,5736.0,daily_congested_median_across_weekdays,4095.7999999999997,4188.2,1h_rolling_peak
L405S-028,08:25,AM,5810.4,4183.2,0.0,4183.2,observed_upstream_mainline,5736.0,daily_congested_median_across_weekdays,4125.599999999999,4188.2,1h_rolling_peak
L405S-028,08:30,AM,5930.4,4135.2,0.0,4135.2,observed_upstream_mainline,5736.0,daily_congested_median_across_weekdays,4143.2,4188.2,1h_rolling_peak
L405S-028,08:35,AM,5824.8,3873.6,0.0,3873.6,observed_upstream_mainline,5736.0,daily_congested_median_across_weekdays,4142.400000000001,4188.2,1h_rolling_peak
L405S-028,08:40,AM,6084.0,4214.4,0.0,4214.4,observed_upstream_mainline,5736.0,daily_congested_median_across_weekdays,4140.599999999999,4188.2,1h_rolling_peak
L405S-028,08:45,AM,6002.4,4212.0,0.0,4212.0,observed_upstream_mainline,5736.0,daily_congested_median_across_weekdays,4124.0,4188.2,1h_rolling_peak
L405S-028,08:50,AM,6120.0,4399.2,0.0,4399.2,observed_upstream_mainline,5736.0,daily_congested_median_across_weekdays,4148.8,4188.2,1h_rolling_peak
L405S-028,08:55,AM,5623.2,4046.4,0.0,4046.4,observed_upstream_mainline,5736.0,daily_congested_median_across_weekdays,4148.0,4188.2,1h_rolling_peak
L405S-028,09:00,AM,5971.2,4293.6,0.0,4293.6,observed_upstream_mainline,5736.0,daily_congested_median_across_weekdays,4176.599999999999,4188.2,1h_rolling_peak
L405S-028,09:05,AM,5793.6,4092.0,0.0,4092.0,observed_upstream_mainline,5736.0,daily_congested_median_across_weekdays,4188.2,4188.2,1h_rolling_peak
L405S-028,09:10,AM,5731.2,4029.6,0.0,4029.6,observed_upstream_mainline,5736.0,daily_congested_median_across_weekdays,4167.8,4188.2,1h_rolling_peak
L405S-028,09:15,AM,5500.8,4329.6,0.0,4329.6,observed_upstream_mainline,5736.0,daily_congested_median_across_weekdays,4170.2,4188.2,1h_rolling_peak
L405S-028,09:20,AM,5433.6,3962.4,0.0,3962.4,observed_upstream_mainline,5736.0,daily_congested_median_across_weekdays,4147.599999999999,4188.2,1h_rolling_peak
L405S-028,09:25,AM,5426.4,4144.8,0.0,4144.8,observed_upstream_mainline,5736.0,daily_congested_median_across_weekdays,4144.400000000001,4188.2,1h_rolling_peak
L405S-028,09:30,AM,5779.2,4084.8,0.0,4084.8,observed_upstream_mainline,5736.0,daily_congested_median_across_weekdays,4140.2,4188.2,1h_rolling_peak
L405S-028,09:35,AM,5757.6,4178.4,0.0,4178.4,observed_upstream_mainline,5736.0,daily_congested_median_across_weekdays,4165.599999999999,4188.2,1h_rolling_peak
L405S-028,09:40,AM,5846.4,4250.4,0.0,4250.4,observed_upstream_mainline,5736.0,daily_congested_median_across_weekdays,4168.6,4188.2,1h_rolling_peak
L405S-028,09:45,AM,5966.4,4226.4,0.0,4226.4,observed_upstream_mainline,5736.0,daily_congested_median_across_weekdays,4169.8,4188.2,1h_rolling_peak
L405S-028,09:50,AM,5565.6,4226.4,0.0,4226.4,observed_upstream_mainline,5736.0,daily_congested_median_across_weekdays,4155.400000000001,4188.2,1h_rolling_peak
L405S-028,09:55,AM,5580.0,3979.2,0.0,3979.2,observed_upstream_mainline,5736.0,daily_congested_median_across_weekdays,4149.8,4188.2,1h_rolling_peak
L405S-028,10:00,MD,5817.6,4238.4,0.0,4238.4,observed_upstream_mainline,4386.0,daily_congested_median_across_weekdays,,4149.2,1h_rolling_peak
L405S-028,10:05,MD,5796.0,4161.6,0.0,4161.6,observed_upstream_mainline,4386.0,daily_congested_median_across_weekdays,,4149.2,1h_rolling_peak
L405S-028,10:10,MD,5678.4,3880.8,0.0,3880.8,observed_upstream_mainline,4386.0,daily_congested_median_across_weekdays,,4149.2,1h_rolling_peak
L405S-028,10:15,MD,6206.4,4317.6,0.0,4317.6,observed_upstream_mainline,4386.0,daily_congested_median_across_weekdays,,4149.2,1h_rolling_peak
L405S-028,10:20,MD,5851.2,4233.6,0.0,4233.6,observed_upstream_mainline,4386.0,daily_congested_median_across_weekdays,,4149.2,1h_rolling_peak
L405S-028,10:25,MD,6153.6,4113.6,0.0,4113.6,observed_upstream_mainline,4386.0,daily_congested_median_across_weekdays,,4149.2,1h_rolling_peak
L405S-028,10:30,MD,5796.0,4065.6,0.0,4065.6,observed_upstream_mainline,4386.0,daily_congested_median_across_weekdays,,4149.2,1h_rolling_peak
L405S-028,10:35,MD,6112.8,4420.8,0.0,4420.8,observed_upstream_mainline,4386.0,daily_congested_median_across_weekdays,,4149.2,1h_rolling_peak
L405S-028,10:40,MD,6165.6,4312.8,0.0,4312.8,observed_upstream_mainline,4386.0,daily_congested_median_across_weekdays,,4149.2,1h_rolling_peak
L405S-028,10:45,MD,5901.6,3969.6,0.0,3969.6,observed_upstream_mainline,4386.0,daily_congested_median_across_weekdays,,4149.2,1h_rolling_peak
L405S-028,10:50,MD,5992.8,4080.0,0.0,4080.0,observed_upstream_mainline,4386.0,daily_congested_median_across_weekdays,,4149.2,1h_rolling_peak
L405S-028,10:55,MD,6012.0,3996.0,0.0,3996.0,observed_upstream_mainline,4386.0,daily_congested_median_across_weekdays,4149.2,4149.2,1h_rolling_peak
L405S-028,11:00,MD,5822.4,3969.6,0.0,3969.6,observed_upstream_mainline,4386.0,daily_congested_median_across_weekdays,4126.8,4149.2,1h_rolling_peak
L405S-028,11:05,MD,5323.2,3921.6,0.0,3921.6,observed_upstream_mainline,4386.0,daily_congested_median_across_weekdays,4106.8,4149.2,1h_rolling_peak
L405S-028,11:10,MD,5313.6,4226.4,0.0,4226.4,observed_upstream_mainline,4386.0,daily_congested_median_across_weekdays,4135.599999999999,4149.2,1h_rolling_peak
L405S-028,11:15,MD,5323.2,3890.4,0.0,3890.4,observed_upstream_mainline,4386.0,daily_congested_median_across_weekdays,4100.0,4149.2,1h_rolling_peak
L405S-028,11:20,MD,5268.0,4116.0,0.0,4116.0,observed_upstream_mainline,4386.0,daily_congested_median_across_weekdays,4090.2000000000003,4149.2,1h_rolling_peak
L405S-028,11:25,MD,5316.0,3878.4,0.0,3878.4,observed_upstream_mainline,4386.0,daily_congested_median_across_weekdays,4070.6000000000004,4149.2,1h_rolling_peak
L405S-028,11:30,MD,4917.6,3787.2,0.0,3787.2,observed_upstream_mainline,4386.0,daily_congested_median_across_weekdays,4047.3999999999996,4149.2,1h_rolling_peak
L405S-028,11:35,MD,4977.6,3748.8,0.0,3748.8,observed_upstream_mainline,4386.0,daily_congested_median_across_weekdays,3991.4,4149.2,1h_rolling_peak
L405S-028,11:40,MD,4960.8,3549.6,0.0,3549.6,observed_upstream_mainline,4386.0,daily_congested_median_across_weekdays,3927.7999999999997,4149.2,1h_rolling_peak
L405S-028,11:45,MD,4975.2,3451.2,0.0,3451.2,observed_upstream_mainline,4386.0,daily_congested_median_across_weekdays,3884.6,4149.2,1h_rolling_peak
L405S-028,11:50,MD,5001.6,3516.0,0.0,3516.0,observed_upstream_mainline,4386.0,daily_congested_median_across_weekdays,3837.6,4149.2,1h_rolling_peak
L405S-028,11:55,MD,4665.6,3523.2,0.0,3523.2,observed_upstream_mainline,4386.0,daily_congested_median_across_weekdays,3798.2000000000003,4149.2,1h_rolling_peak
L405S-028,12:00,MD,4396.8,3396.0,0.0,3396.0,observed_upstream_mainline,4386.0,daily_congested_median_across_weekdays,3750.4,4149.2,1h_rolling_peak
L405S-028,12:05,MD,4747.2,3300.0,0.0,3300.0,observed_upstream_mainline,4386.0,daily_congested_median_across_weekdays,3698.6000000000004,4149.2,1h_rolling_peak
L405S-028,12:10,MD,4538.4,3225.6,0.0,3225.6,observed_upstream_mainline,4386.0,daily_congested_median_across_weekdays,3615.2000000000003,4149.2,1h_rolling_peak
L405S-028,12:15,MD,4608.0,3244.8,0.0,3244.8,observed_upstream_mainline,4386.0,daily_congested_median_across_weekdays,3561.4,4149.2,1h_rolling_peak
L405S-028,12:20,MD,4624.8,3316.8,0.0,3316.8,observed_upstream_mainline,4386.0,daily_congested_median_across_weekdays,3494.7999999999997,4149.2,1h_rolling_peak
L405S-028,12:25,MD,4336.8,3064.8,0.0,3064.8,observed_upstream_mainline,4386.0,daily_congested_median_across_weekdays,3427.0,4149.2,1h_rolling_peak
L405S-028,12:30,MD,4075.2,3184.8,0.0,3184.8,observed_upstream_mainline,4386.0,daily_congested_median_across_weekdays,3376.7999999999997,4149.2,1h_rolling_peak
L405S-028,12:35,MD,4581.6,3033.6,0.0,3033.6,observed_upstream_mainline,4386.0,daily_congested_median_across_weekdays,3317.2000000000003,4149.2,1h_rolling_peak
L405S-028,12:40,MD,4341.6,3009.6,0.0,3009.6,observed_upstream_mainline,4386.0,daily_congested_median_across_weekdays,3272.2000000000003,4149.2,1h_rolling_peak
L405S-028,12:45,MD,4192.8,2956.8,0.0,2956.8,observed_upstream_mainline,4386.0,daily_congested_median_across_weekdays,3231.0,4149.2,1h_rolling_peak
L405S-028,12:50,MD,4147.2,3012.0,0.0,3012.0,observed_upstream_mainline,4386.0,daily_congested_median_across_weekdays,3189.0,4149.2,1h_rolling_peak
L405S-028,12:55,MD,4245.6,2810.4,0.0,2810.4,observed_upstream_mainline,4386.0,daily_congested_median_across_weekdays,3129.6,4149.2,1h_rolling_peak
L405S-028,13:00,MD,4080.0,2704.8,0.0,2704.8,observed_upstream_mainline,4386.0,daily_congested_median_across_weekdays,3072.0,4149.2,1h_rolling_peak
L405S-028,13:05,MD,3948.0,2572.8,0.0,2572.8,observed_upstream_mainline,4386.0,daily_congested_median_across_weekdays,3011.4,4149.2,1h_rolling_peak
L405S-028,13:10,MD,3976.8,2664.0,0.0,2664.0,observed_upstream_mainline,4386.0,daily_congested_median_across_weekdays,2964.6,4149.2,1h_rolling_peak
L405S-028,13:15,MD,4053.6,2558.4,0.0,2558.4,observed_upstream_mainline,4386.0,daily_congested_median_across_weekdays,2907.4,4149.2,1h_rolling_peak
L405S-028,13:20,MD,4051.2,2702.4,0.0,2702.4,observed_upstream_mainline,4386.0,daily_congested_median_across_weekdays,2856.2000000000003,4149.2,1h_rolling_peak
L405S-028,13:25,MD,4041.6,2556.0,0.0,2556.0,observed_upstream_mainline,4386.0,daily_congested_median_across_weekdays,2813.7999999999997,4149.2,1h_rolling_peak
L405S-028,13:30,MD,3880.8,2683.2,0.0,2683.2,observed_upstream_mainline,4386.0,daily_congested_median_across_weekdays,2772.0,4149.2,1h_rolling_peak
L405S-028,13:35,MD,3760.8,2431.2,0.0,2431.2,observed_upstream_mainline,4386.0,daily_congested_median_across_weekdays,2721.8,4149.2,1h_rolling_peak
L405S-028,13:40,MD,3914.4,2664.0,0.0,2664.0,observed_upstream_mainline,4386.0,daily_congested_median_across_weekdays,2693.0,4149.2,1h_rolling_peak
L405S-028,13:45,MD,3669.6,2575.2,0.0,2575.2,observed_upstream_mainline,4386.0,daily_congested_median_across_weekdays,2661.2000000000003,4149.2,1h_rolling_peak
L405S-028,13:50,MD,3511.2,2318.4,0.0,2318.4,observed_upstream_mainline,4386.0,daily_congested_median_across_weekdays,2603.4,4149.2,1h_rolling_peak
L405S-028,13:55,MD,3343.2,2335.2,0.0,2335.2,observed_upstream_mainline,4386.0,daily_congested_median_across_weekdays,2563.8,4149.2,1h_rolling_peak
L405S-028,14:00,MD,3556.8,2294.4,0.0,2294.4,observed_upstream_mainline,4386.0,daily_congested_median_across_weekdays,2529.6,4149.2,1h_rolling_peak
L405S-028,14:05,MD,3350.4,2260.8,0.0,2260.8,observed_upstream_mainline,4386.0,daily_congested_median_across_weekdays,2503.6,4149.2,1h_rolling_peak
L405S-028,14:10,MD,3460.8,2352.0,0.0,2352.0,observed_upstream_mainline,4386.0,daily_congested_median_across_weekdays,2477.6,4149.2,1h_rolling_peak
L405S-028,14:15,MD,3379.2,2232.0,0.0,2232.0,observed_upstream_mainline,4386.0,daily_congested_median_across_weekdays,2450.4,4149.2,1h_rolling_peak
L405S-028,14:20,MD,3283.2,2400.0,0.0,2400.0,observed_upstream_mainline,4386.0,daily_congested_median_across_weekdays,2425.2000000000003,4149.2,1h_rolling_peak
L405S-028,14:25,MD,3518.4,2311.2,0.0,2311.2,observed_upstream_mainline,4386.0,daily_congested_median_across_weekdays,2404.7999999999997,4149.2,1h_rolling_peak
L405S-028,14:30,MD,3595.2,2522.4,0.0,2522.4,observed_upstream_mainline,4386.0,daily_congested_median_across_weekdays,2391.4,4149.2,1h_rolling_peak
L405S-028,14:35,MD,3472.8,2368.8,0.0,2368.8,observed_upstream_mainline,4386.0,daily_congested_median_across_weekdays,2386.2,4149.2,1h_rolling_peak
L405S-028,14:40,MD,3300.0,2275.2,0.0,2275.2,observed_upstream_mainline,4386.0,daily_congested_median_across_weekdays,2353.7999999999997,4149.2,1h_rolling_peak
L405S-028,14:45,MD,3160.8,2145.6,0.0,2145.6,observed_upstream_mainline,4386.0,daily_congested_median_across_weekdays,2318.0,4149.2,1h_rolling_peak
L405S-028,14:50,MD,3026.4,2172.0,0.0,2172.0,observed_upstream_mainline,4386.0,daily_congested_median_across_weekdays,2305.7999999999997,4149.2,1h_rolling_peak
L405S-028,14:55,MD,2884.8,1992.0,0.0,1992.0,observed_upstream_mainline,4386.0,daily_congested_median_across_weekdays,2277.2000000000003,4149.2,1h_rolling_peak
L405S-028,00:00,NT1,5757.6,4917.6,0.0,4917.6,observed_upstream_mainline,5076.0,daily_congested_median_across_weekdays,,5070.2,1h_rolling_peak
L405S-028,00:05,NT1,6182.4,5056.8,0.0,5056.8,observed_upstream_mainline,5076.0,daily_congested_median_across_weekdays,,5070.2,1h_rolling_peak
L405S-028,00:10,NT1,5452.8,5400.0,0.0,5400.0,observed_upstream_mainline,5076.0,daily_congested_median_across_weekdays,,5070.2,1h_rolling_peak
L405S-028,00:15,NT1,4970.4,4934.4,0.0,4934.4,observed_upstream_mainline,5076.0,daily_congested_median_across_weekdays,,5070.2,1h_rolling_peak
L405S-028,00:20,NT1,5342.4,4648.8,0.0,4648.8,observed_upstream_mainline,5076.0,daily_congested_median_across_weekdays,,5070.2,1h_rolling_peak
L405S-028,00:25,NT1,5342.4,5450.4,0.0,5450.4,observed_upstream_mainline,5076.0,daily_congested_median_across_weekdays,,5070.2,1h_rolling_peak
L405S-028,00:30,NT1,5421.6,5484.0,0.0,5484.0,observed_upstream_mainline,5076.0,daily_congested_median_across_weekdays,,5070.2,1h_rolling_peak
L405S-028,00:35,NT1,5068.8,5044.8,0.0,5044.8,observed_upstream_mainline,5076.0,daily_congested_median_across_weekdays,,5070.2,1h_rolling_peak
L405S-028,00:40,NT1,5078.4,4869.6,0.0,4869.6,observed_upstream_mainline,5076.0,daily_congested_median_across_weekdays,,5070.2,1h_rolling_peak
L405S-028,00:45,NT1,5109.6,4982.4,0.0,4982.4,observed_upstream_mainline,5076.0,daily_congested_median_across_weekdays,,5070.2,1h_rolling_peak
L405S-028,00:50,NT1,5114.4,4963.2,0.0,4963.2,observed_upstream_mainline,5076.0,daily_congested_median_across_weekdays,,5070.2,1h_rolling_peak
L405S-028,00:55,NT1,5196.0,4970.4,0.0,4970.4,observed_upstream_mainline,5076.0,daily_congested_median_across_weekdays,5060.2,5070.2,1h_rolling_peak
L405S-028,01:00,NT1,4960.8,4687.2,0.0,4687.2,observed_upstream_mainline,5076.0,daily_congested_median_across_weekdays,5041.0,5070.2,1h_rolling_peak
L405S-028,01:05,NT1,5330.4,4963.2,0.0,4963.2,observed_upstream_mainline,5076.0,daily_congested_median_across_weekdays,5033.2,5070.2,1h_rolling_peak
L405S-028,01:10,NT1,5592.0,5116.8,0.0,5116.8,observed_upstream_mainline,5076.0,daily_congested_median_across_weekdays,5009.599999999999,5070.2,1h_rolling_peak
L405S-028,01:15,NT1,5484.0,5325.6,0.0,5325.6,observed_upstream_mainline,5076.0,daily_congested_median_across_weekdays,5042.2,5070.2,1h_rolling_peak
L405S-028,01:20,NT1,5455.2,4984.8,0.0,4984.8,observed_upstream_mainline,5076.0,daily_congested_median_across_weekdays,5070.2,5070.2,1h_rolling_peak
L405S-028,01:25,NT1,5227.2,4869.6,0.0,4869.6,observed_upstream_mainline,5076.0,daily_congested_median_across_weekdays,5021.8,5070.2,1h_rolling_peak
L405S-028,01:30,NT1,5558.4,5198.4,0.0,5198.4,observed_upstream_mainline,5076.0,daily_congested_median_across_weekdays,4998.0,5070.2,1h_rolling_peak
L405S-028,01:35,NT1,5512.8,5013.6,0.0,5013.6,observed_upstream_mainline,5076.0,daily_congested_median_across_weekdays,4995.4,5070.2,1h_rolling_peak
L405S-028,01:40,NT1,5347.2,4723.2,0.0,4723.2,observed_upstream_mainline,5076.0,daily_congested_median_across_weekdays,4983.2,5070.2,1h_rolling_peak
L405S-028,01:45,NT1,5676.0,4706.4,0.0,4706.4,observed_upstream_mainline,5076.0,daily_congested_median_across_weekdays,4960.2,5070.2,1h_rolling_peak
L405S-028,01:50,NT1,5390.4,4372.8,0.0,4372.8,observed_upstream_mainline,5076.0,daily_congested_median_across_weekdays,4911.0,5070.2,1h_rolling_peak
L405S-028,01:55,NT1,5080.8,4310.4,0.0,4310.4,observed_upstream_mainline,5076.0,daily_congested_median_across_weekdays,4856.0,5070.2,1h_rolling_peak
L405S-028,02:00,NT1,5320.8,4161.6,0.0,4161.6,observed_upstream_mainline,5076.0,daily_congested_median_across_weekdays,4812.2,5070.2,1h_rolling_peak
L405S-028,02:05,NT1,4864.8,3960.0,0.0,3960.0,observed_upstream_mainline,5076.0,daily_congested_median_across_weekdays,4728.599999999999,5070.2,1h_rolling_peak
L405S-028,02:10,NT1,5104.8,3765.6,0.0,3765.6,observed_upstream_mainline,5076.0,daily_congested_median_across_weekdays,4616.0,5070.2,1h_rolling_peak
L405S-028,02:15,NT1,5328.0,3885.6,0.0,3885.6,observed_upstream_mainline,5076.0,daily_congested_median_across_weekdays,4496.0,5070.2,1h_rolling_peak
L405S-028,02:20,NT1,5100.0,3880.8,0.0,3880.8,observed_upstream_mainline,5076.0,daily_congested_median_across_weekdays,4404.0,5070.2,1h_rolling_peak
L405S-028,02:25,NT1,5395.2,3828.0,0.0,3828.0,observed_upstream_mainline,5076.0,daily_congested_median_across_weekdays,4317.2,5070.2,1h_rolling_peak
L405S-028,02:30,NT1,5476.8,4020.0,0.0,4020.0,observed_upstream_mainline,5076.0,daily_congested_median_across_weekdays,4219.0,5070.2,1h_rolling_peak
L405S-028,02:35,NT1,5640.0,3854.4,0.0,3854.4,observed_upstream_mainline,5076.0,daily_congested_median_across_weekdays,4122.400000000001,5070.2,1h_rolling_peak
L405S-028,02:40,NT1,5618.4,3979.2,0.0,3979.2,observed_upstream_mainline,5076.0,daily_congested_median_across_weekdays,4060.3999999999996,5070.2,1h_rolling_peak
L405S-028,02:45,NT1,6045.6,4152.0,0.0,4152.0,observed_upstream_mainline,5076.0,daily_congested_median_across_weekdays,4014.2000000000003,5070.2,1h_rolling_peak
L405S-028,02:50,NT1,5623.2,4041.6,0.0,4041.6,observed_upstream_mainline,5076.0,daily_congested_median_across_weekdays,3986.6,5070.2,1h_rolling_peak
L405S-028,02:55,NT1,5376.0,3796.8,0.0,3796.8,observed_upstream_mainline,5076.0,daily_congested_median_across_weekdays,3943.7999999999997,5070.2,1h_rolling_peak
L405S-028,03:00,NT1,5354.4,3672.0,0.0,3672.0,observed_upstream_mainline,5076.0,daily_congested_median_across_weekdays,3903.0,5070.2,1h_rolling_peak
L405S-028,03:05,NT1,5407.2,3734.4,0.0,3734.4,observed_upstream_mainline,5076.0,daily_congested_median_across_weekdays,3884.2000000000003,5070.2,1h_rolling_peak
L405S-028,03:10,NT1,5296.8,3643.2,0.0,3643.2,observed_upstream_mainline,5076.0,daily_congested_median_across_weekdays,3874.0,5070.2,1h_rolling_peak
L405S-028,03:15,NT1,5248.8,3468.0,0.0,3468.0,observed_upstream_mainline,5076.0,daily_congested_median_across_weekdays,3839.2000000000003,5070.2,1h_rolling_peak
L405S-028,03:20,NT1,5244.0,3655.2,0.0,3655.2,observed_upstream_mainline,5076.0,daily_congested_median_across_weekdays,3820.4,5070.2,1h_rolling_peak
L405S-028,03:25,NT1,5260.8,3684.0,0.0,3684.0,observed_upstream_mainline,5076.0,daily_congested_median_across_weekdays,3808.4,5070.2,1h_rolling_peak
L405S-028,03:30,NT1,5407.2,3756.0,0.0,3756.0,observed_upstream_mainline,5076.0,daily_congested_median_across_weekdays,3786.4,5070.2,1h_rolling_peak
L405S-028,03:35,NT1,5548.8,3732.0,0.0,3732.0,observed_upstream_mainline,5076.0,daily_congested_median_across_weekdays,3776.2000000000003,5070.2,1h_rolling_peak
L405S-028,03:40,NT1,5762.4,3808.8,0.0,3808.8,observed_upstream_mainline,5076.0,daily_congested_median_across_weekdays,3762.0,5070.2,1h_rolling_peak
L405S-028,03:45,NT1,5781.6,3928.8,0.0,3928.8,observed_upstream_mainline,5076.0,daily_congested_median_across_weekdays,3743.4,5070.2,1h_rolling_peak
L405S-028,03:50,NT1,5692.8,3866.4,0.0,3866.4,observed_upstream_mainline,5076.0,daily_congested_median_across_weekdays,3728.8000000000006,5070.2,1h_rolling_peak
L405S-028,03:55,NT1,5486.4,3895.2,0.0,3895.2,observed_upstream_mainline,5076.0,daily_congested_median_across_weekdays,3737.0,5070.2,1h_rolling_peak
L405S-028,04:00,NT1,5500.8,3775.2,0.0,3775.2,observed_upstream_mainline,5076.0,daily_congested_median_across_weekdays,3745.6,5070.2,1h_rolling_peak
L405S-028,04:05,NT1,5383.2,3741.6,0.0,3741.6,observed_upstream_mainline,5076.0,daily_congested_median_across_weekdays,3746.2000000000003,5070.2,1h_rolling_peak
L405S-028,04:10,NT1,5359.2,3787.2,0.0,3787.2,observed_upstream_mainline,5076.0,daily_congested_median_across_weekdays,3758.2000000000003,5070.2,1h_rolling_peak
L405S-028,04:15,NT1,5632.8,3736.8,0.0,3736.8,observed_upstream_mainline,5076.0,daily_congested_median_across_weekdays,3780.6000000000004,5070.2,1h_rolling_peak
L405S-028,04:20,NT1,5270.4,3708.0,0.0,3708.0,observed_upstream_mainline,5076.0,daily_congested_median_across_weekdays,3785.0,5070.2,1h_rolling_peak
L405S-028,04:25,NT1,5359.2,3662.4,0.0,3662.4,observed_upstream_mainline,5076.0,daily_congested_median_across_weekdays,3783.1999999999994,5070.2,1h_rolling_peak
L405S-028,04:30,NT1,5287.2,3828.0,0.0,3828.0,observed_upstream_mainline,5076.0,daily_congested_median_across_weekdays,3789.1999999999994,5070.2,1h_rolling_peak
L405S-028,04:35,NT1,5815.2,3835.2,0.0,3835.2,observed_upstream_mainline,5076.0,daily_congested_median_across_weekdays,3797.7999999999997,5070.2,1h_rolling_peak
L405S-028,04:40,NT1,5784.0,4106.4,0.0,4106.4,observed_upstream_mainline,5076.0,daily_congested_median_across_weekdays,3822.6,5070.2,1h_rolling_peak
L405S-028,04:45,NT1,5534.4,3607.2,0.0,3607.2,observed_upstream_mainline,5076.0,daily_congested_median_across_weekdays,3795.7999999999997,5070.2,1h_rolling_peak
L405S-028,04:50,NT1,5527.2,3868.8,0.0,3868.8,observed_upstream_mainline,5076.0,daily_congested_median_across_weekdays,3796.0,5070.2,1h_rolling_peak
L405S-028,04:55,NT1,5551.2,3715.2,0.0,3715.2,observed_upstream_mainline,5076.0,daily_congested_median_across_weekdays,3781.0,5070.2,1h_rolling_peak
L405S-028,05:00,NT1,5191.2,3537.6,0.0,3537.6,observed_upstream_mainline,5076.0,daily_congested_median_across_weekdays,3761.2000000000003,5070.2,1h_rolling_peak
L405S-028,05:05,NT1,5121.6,3657.6,0.0,3657.6,observed_upstream_mainline,5076.0,daily_congested_median_across_weekdays,3754.1999999999994,5070.2,1h_rolling_peak
L405S-028,05:10,NT1,5289.6,3607.2,0.0,3607.2,observed_upstream_mainline,5076.0,daily_congested_median_across_weekdays,3739.2000000000003,5070.2,1h_rolling_peak
L405S-028,05:15,NT1,5488.8,3662.4,0.0,3662.4,observed_upstream_mainline,5076.0,daily_congested_median_across_weekdays,3732.9999999999995,5070.2,1h_rolling_peak
L405S-028,05:20,NT1,5529.6,3856.8,0.0,3856.8,observed_upstream_mainline,5076.0,daily_congested_median_across_weekdays,3745.3999999999996,5070.2,1h_rolling_peak
L405S-028,05:25,NT1,5167.2,3708.0,0.0,3708.0,observed_upstream_mainline,5076.0,daily_congested_median_across_weekdays,3749.2000000000003,5070.2,1h_rolling_peak
L405S-028,05:30,NT1,5534.4,3715.2,0.0,3715.2,observed_upstream_mainline,5076.0,daily_congested_median_across_weekdays,3739.7999999999997,5070.2,1h_rolling_peak
L405S-028,05:35,NT1,5623.2,3914.4,0.0,3914.4,observed_upstream_mainline,5076.0,daily_congested_median_across_weekdays,3746.3999999999996,5070.2,1h_rolling_peak
L405S-028,05:40,NT1,5656.8,3986.4,0.0,3986.4,observed_upstream_mainline,5076.0,daily_congested_median_across_weekdays,3736.3999999999996,5070.2,1h_rolling_peak
L405S-028,05:45,NT1,5668.8,3919.2,0.0,3919.2,observed_upstream_mainline,5076.0,daily_congested_median_across_weekdays,3762.3999999999996,5070.2,1h_rolling_peak
L405S-028,05:50,NT1,5594.4,3950.4,0.0,3950.4,observed_upstream_mainline,5076.0,daily_congested_median_across_weekdays,3769.2000000000003,5070.2,1h_rolling_peak
L405S-028,05:55,NT1,5642.4,3768.0,0.0,3768.0,observed_upstream_mainline,5076.0,daily_congested_median_across_weekdays,3773.6,5070.2,1h_rolling_peak
L405S-028,19:00,NT2,1034.4,770.4,0.0,770.4,observed_upstream_mainline,1974.0,daily_congested_median_across_weekdays,,4203.599999999999,1h_rolling_peak
L405S-028,19:05,NT2,991.2,686.4,0.0,686.4,observed_upstream_mainline,1974.0,daily_congested_median_across_weekdays,,4203.599999999999,1h_rolling_peak
L405S-028,19:10,NT2,1036.8,727.2,0.0,727.2,observed_upstream_mainline,1974.0,daily_congested_median_across_weekdays,,4203.599999999999,1h_rolling_peak
L405S-028,19:15,NT2,1000.8,720.0,0.0,720.0,observed_upstream_mainline,1974.0,daily_congested_median_across_weekdays,,4203.599999999999,1h_rolling_peak
L405S-028,19:20,NT2,960.0,751.2,0.0,751.2,observed_upstream_mainline,1974.0,daily_congested_median_across_weekdays,,4203.599999999999,1h_rolling_peak
L405S-028,19:25,NT2,1017.6,705.6,0.0,705.6,observed_upstream_mainline,1974.0,daily_congested_median_across_weekdays,,4203.599999999999,1h_rolling_peak
L405S-028,19:30,NT2,969.6,712.8,0.0,712.8,observed_upstream_mainline,1974.0,daily_congested_median_across_weekdays,,4203.599999999999,1h_rolling_peak
L405S-028,19:35,NT2,1020.0,760.8,0.0,760.8,observed_upstream_mainline,1974.0,daily_congested_median_across_weekdays,,4203.599999999999,1h_rolling_peak
L405S-028,19:40,NT2,969.6,717.6,0.0,717.6,observed_upstream_mainline,1974.0,daily_congested_median_across_weekdays,,4203.599999999999,1h_rolling_peak
L405S-028,19:45,NT2,1046.4,782.4,0.0,782.4,observed_upstream_mainline,1974.0,daily_congested_median_across_weekdays,,4203.599999999999,1h_rolling_peak
L405S-028,19:50,NT2,909.6,688.8,0.0,688.8,observed_upstream_mainline,1974.0,daily_congested_median_across_weekdays,,4203.599999999999,1h_rolling_peak
L405S-028,19:55,NT2,964.8,729.6,0.0,729.6,observed_upstream_mainline,1974.0,daily_congested_median_across_weekdays,729.4,4203.599999999999,1h_rolling_peak
L405S-028,20:00,NT2,1063.2,784.8,0.0,784.8,observed_upstream_mainline,1974.0,daily_congested_median_across_weekdays,730.6,4203.599999999999,1h_rolling_peak
L405S-028,20:05,NT2,972.0,753.6,0.0,753.6,observed_upstream_mainline,1974.0,daily_congested_median_across_weekdays,736.1999999999999,4203.599999999999,1h_rolling_peak
L405S-028,20:10,NT2,972.0,736.8,0.0,736.8,observed_upstream_mainline,1974.0,daily_congested_median_across_weekdays,737.0,4203.599999999999,1h_rolling_peak
L405S-028,20:15,NT2,1051.2,780.0,0.0,780.0,observed_upstream_mainline,1974.0,daily_congested_median_across_weekdays,742.0,4203.599999999999,1h_rolling_peak
L405S-028,20:20,NT2,1056.0,789.6,0.0,789.6,observed_upstream_mainline,1974.0,daily_congested_median_across_weekdays,745.1999999999999,4203.599999999999,1h_rolling_peak
L405S-028,20:25,NT2,1178.4,852.0,0.0,852.0,observed_upstream_mainline,1974.0,daily_congested_median_across_weekdays,757.4,4203.599999999999,1h_rolling_peak
L405S-028,20:30,NT2,1252.8,912.0,0.0,912.0,observed_upstream_mainline,1974.0,daily_congested_median_across_weekdays,774.0,4203.599999999999,1h_rolling_peak
L405S-028,20:35,NT2,1286.4,943.2,0.0,943.2,observed_upstream_mainline,1974.0,daily_congested_median_across_weekdays,789.1999999999999,4203.599999999999,1h_rolling_peak
L405S-028,20:40,NT2,1296.0,957.6,0.0,957.6,observed_upstream_mainline,1974.0,daily_congested_median_across_weekdays,809.1999999999999,4203.599999999999,1h_rolling_peak
L405S-028,20:45,NT2,1238.4,914.4,0.0,914.4,observed_upstream_mainline,1974.0,daily_congested_median_across_weekdays,820.1999999999999,4203.599999999999,1h_rolling_peak
L405S-028,20:50,NT2,1387.2,1008.0,0.0,1008.0,observed_upstream_mainline,1974.0,daily_congested_median_across_weekdays,846.8000000000001,4203.599999999999,1h_rolling_peak
L405S-028,20:55,NT2,1394.4,1053.6,0.0,1053.6,observed_upstream_mainline,1974.0,daily_congested_median_across_weekdays,873.8000000000001,4203.599999999999,1h_rolling_peak
L405S-028,21:00,NT2,1180.8,844.8,0.0,844.8,observed_upstream_mainline,1974.0,daily_congested_median_across_weekdays,878.8000000000001,4203.599999999999,1h_rolling_peak
L405S-028,21:05,NT2,1240.8,900.0,0.0,900.0,observed_upstream_mainline,1974.0,daily_congested_median_across_weekdays,891.0,4203.599999999999,1h_rolling_peak
L405S-028,21:10,NT2,1346.4,1051.2,0.0,1051.2,observed_upstream_mainline,1974.0,daily_congested_median_across_weekdays,917.2000000000002,4203.599999999999,1h_rolling_peak
L405S-028,21:15,NT2,1569.6,1096.8,0.0,1096.8,observed_upstream_mainline,1974.0,daily_congested_median_across_weekdays,943.6,4203.599999999999,1h_rolling_peak
L405S-028,21:20,NT2,1656.0,1185.6,0.0,1185.6,observed_upstream_mainline,1974.0,daily_congested_median_across_weekdays,976.6,4203.599999999999,1h_rolling_peak
L405S-028,21:25,NT2,1912.8,1231.2,0.0,1231.2,observed_upstream_mainline,1974.0,daily_congested_median_across_weekdays,1008.1999999999999,4203.599999999999,1h_rolling_peak
L405S-028,21:30,NT2,2102.4,1360.8,0.0,1360.8,observed_upstream_mainline,1974.0,daily_congested_median_across_weekdays,1045.6000000000001,4203.599999999999,1h_rolling_peak
L405S-028,21:35,NT2,2248.8,1540.8,0.0,1540.8,observed_upstream_mainline,1974.0,daily_congested_median_across_weekdays,1095.3999999999999,4203.599999999999,1h_rolling_peak
L405S-028,21:40,NT2,2424.0,1694.4,0.0,1694.4,observed_upstream_mainline,1974.0,daily_congested_median_across_weekdays,1156.8,4203.599999999999,1h_rolling_peak
L405S-028,21:45,NT2,2558.4,1804.8,0.0,1804.8,observed_upstream_mainline,1974.0,daily_congested_median_across_weekdays,1231.0,4203.599999999999,1h_rolling_peak
L405S-028,21:50,NT2,2496.0,1672.8,0.0,1672.8,observed_upstream_mainline,1974.0,daily_congested_median_across_weekdays,1286.3999999999999,4203.599999999999,1h_rolling_peak
L405S-028,21:55,NT2,2092.8,1454.4,0.0,1454.4,observed_upstream_mainline,1974.0,daily_congested_median_across_weekdays,1319.8,4203.599999999999,1h_rolling_peak
L405S-028,22:00,NT2,2232.0,1593.6,0.0,1593.6,observed_upstream_mainline,1974.0,daily_congested_median_across_weekdays,1382.2,4203.599999999999,1h_rolling_peak
L405S-028,22:05,NT2,2342.4,1586.4,0.0,1586.4,observed_upstream_mainline,1974.0,daily_congested_median_across_weekdays,1439.3999999999999,4203.599999999999,1h_rolling_peak
L405S-028,22:10,NT2,2373.6,1639.2,0.0,1639.2,observed_upstream_mainline,1974.0,daily_congested_median_across_weekdays,1488.3999999999999,4203.599999999999,1h_rolling_peak
L405S-028,22:15,NT2,2700.0,1790.4,0.0,1790.4,observed_upstream_mainline,1974.0,daily_congested_median_across_weekdays,1546.2,4203.599999999999,1h_rolling_peak
L405S-028,22:20,NT2,2944.8,2028.0,0.0,2028.0,observed_upstream_mainline,1974.0,daily_congested_median_across_weekdays,1616.4000000000003,4203.599999999999,1h_rolling_peak
L405S-028,22:25,NT2,3055.2,2023.2,0.0,2023.2,observed_upstream_mainline,1974.0,daily_congested_median_across_weekdays,1682.3999999999999,4203.599999999999,1h_rolling_peak
L405S-028,22:30,NT2,3436.8,2205.6,0.0,2205.6,observed_upstream_mainline,1974.0,daily_congested_median_across_weekdays,1752.8000000000002,4203.599999999999,1h_rolling_peak
L405S-028,22:35,NT2,3883.2,2582.4,0.0,2582.4,observed_upstream_mainline,1974.0,daily_congested_median_across_weekdays,1839.5999999999997,4203.599999999999,1h_rolling_peak
L405S-028,22:40,NT2,4332.0,2678.4,0.0,2678.4,observed_upstream_mainline,1974.0,daily_congested_median_across_weekdays,1921.6000000000001,4203.599999999999,1h_rolling_peak
L405S-028,22:45,NT2,4675.2,2935.2,0.0,2935.2,observed_upstream_mainline,1974.0,daily_congested_median_across_weekdays,2015.8000000000002,4203.599999999999,1h_rolling_peak
L405S-028,22:50,NT2,4596.0,2985.6,0.0,2985.6,observed_upstream_mainline,1974.0,daily_congested_median_across_weekdays,2125.2,4203.599999999999,1h_rolling_peak
L405S-028,22:55,NT2,4368.0,2988.0,0.0,2988.0,observed_upstream_mainline,1974.0,daily_congested_median_across_weekdays,2253.0,4203.599999999999,1h_rolling_peak
L405S-028,23:00,NT2,4507.2,2899.2,0.0,2899.2,observed_upstream_mainline,1974.0,daily_congested_median_across_weekdays,2361.7999999999997,4203.599999999999,1h_rolling_peak
L405S-028,23:05,NT2,4276.8,2788.8,0.0,2788.8,observed_upstream_mainline,1974.0,daily_congested_median_across_weekdays,2462.0,4203.599999999999,1h_rolling_peak
L405S-028,23:10,NT2,4656.0,3055.2,0.0,3055.2,observed_upstream_mainline,1974.0,daily_congested_median_across_weekdays,2580.0,4203.599999999999,1h_rolling_peak
L405S-028,23:15,NT2,5764.8,3667.2,0.0,3667.2,observed_upstream_mainline,1974.0,daily_congested_median_across_weekdays,2736.3999999999996,4203.599999999999,1h_rolling_peak
L405S-028,23:20,NT2,5817.6,3816.0,0.0,3816.0,observed_upstream_mainline,1974.0,daily_congested_median_across_weekdays,2885.3999999999996,4203.599999999999,1h_rolling_peak
L405S-028,23:25,NT2,6499.2,4226.4,0.0,4226.4,observed_upstream_mainline,1974.0,daily_congested_median_across_weekdays,3069.0,4203.599999999999,1h_rolling_peak
L405S-028,23:30,NT2,6684.0,4435.2,0.0,4435.2,observed_upstream_mainline,1974.0,daily_congested_median_across_weekdays,3254.7999999999997,4203.599999999999,1h_rolling_peak
L405S-028,23:35,NT2,6782.4,4864.8,0.0,4864.8,observed_upstream_mainline,1974.0,daily_congested_median_across_weekdays,3445.0,4203.599999999999,1h_rolling_peak
L405S-028,23:40,NT2,6684.0,5172.0,0.0,5172.0,observed_upstream_mainline,1974.0,daily_congested_median_across_weekdays,3652.7999999999997,4203.599999999999,1h_rolling_peak
L405S-028,23:45,NT2,6525.6,5474.4,0.0,5474.4,observed_upstream_mainline,1974.0,daily_congested_median_across_weekdays,3864.4,4203.599999999999,1h_rolling_peak
L405S-028,23:50,NT2,6122.4,4903.2,0.0,4903.2,observed_upstream_mainline,1974.0,daily_congested_median_across_weekdays,4024.1999999999994,4203.599999999999,1h_rolling_peak
L405S-028,23:55,NT2,5810.4,5140.8,0.0,5140.8,observed_upstream_mainline,1974.0,daily_congested_median_across_weekdays,4203.599999999999,4203.599999999999,1h_rolling_peak
L405S-028,15:00,PM,2851.2,1944.0,0.0,1944.0,observed_upstream_mainline,1698.0,daily_period_median_fallback_no_congestion,,1835.6000000000001,1h_rolling_peak
L405S-028,15:05,PM,2774.4,2020.8,0.0,2020.8,observed_upstream_mainline,1698.0,daily_period_median_fallback_no_congestion,,1835.6000000000001,1h_rolling_peak
L405S-028,15:10,PM,2702.4,1828.8,0.0,1828.8,observed_upstream_mainline,1698.0,daily_period_median_fallback_no_congestion,,1835.6000000000001,1h_rolling_peak
L405S-028,15:15,PM,2611.2,1850.4,0.0,1850.4,observed_upstream_mainline,1698.0,daily_period_median_fallback_no_congestion,,1835.6000000000001,1h_rolling_peak
L405S-028,15:20,PM,2887.2,1948.8,0.0,1948.8,observed_upstream_mainline,1698.0,daily_period_median_fallback_no_congestion,,1835.6000000000001,1h_rolling_peak
L405S-028,15:25,PM,2757.6,1864.8,0.0,1864.8,observed_upstream_mainline,1698.0,daily_period_median_fallback_no_congestion,,1835.6000000000001,1h_rolling_peak
L405S-028,15:30,PM,2409.6,1735.2,0.0,1735.2,observed_upstream_mainline,1698.0,daily_period_median_fallback_no_congestion,,1835.6000000000001,1h_rolling_peak
L405S-028,15:35,PM,2568.0,1879.2,0.0,1879.2,observed_upstream_mainline,1698.0,daily_period_median_fallback_no_congestion,,1835.6000000000001,1h_rolling_peak
L405S-028,15:40,PM,2604.0,1831.2,0.0,1831.2,observed_upstream_mainline,1698.0,daily_period_median_fallback_no_congestion,,1835.6000000000001,1h_rolling_peak
L405S-028,15:45,PM,2450.4,1718.4,0.0,1718.4,observed_upstream_mainline,1698.0,daily_period_median_fallback_no_congestion,,1835.6000000000001,1h_rolling_peak
L405S-028,15:50,PM,2383.2,1785.6,0.0,1785.6,observed_upstream_mainline,1698.0,daily_period_median_fallback_no_congestion,,1835.6000000000001,1h_rolling_peak
L405S-028,15:55,PM,2284.8,1620.0,0.0,1620.0,observed_upstream_mainline,1698.0,daily_period_median_fallback_no_congestion,1835.6000000000001,1835.6000000000001,1h_rolling_peak
L405S-028,16:00,PM,2220.0,1593.6,0.0,1593.6,observed_upstream_mainline,1698.0,daily_period_median_fallback_no_congestion,1806.3999999999999,1835.6000000000001,1h_rolling_peak
L405S-028,16:05,PM,2176.8,1476.0,0.0,1476.0,observed_upstream_mainline,1698.0,daily_period_median_fallback_no_congestion,1761.0,1835.6000000000001,1h_rolling_peak
L405S-028,16:10,PM,2020.8,1430.4,0.0,1430.4,observed_upstream_mainline,1698.0,daily_period_median_fallback_no_congestion,1727.8000000000002,1835.6000000000001,1h_rolling_peak
L405S-028,16:15,PM,2071.2,1531.2,0.0,1531.2,observed_upstream_mainline,1698.0,daily_period_median_fallback_no_congestion,1701.2,1835.6000000000001,1h_rolling_peak
L405S-028,16:20,PM,2196.0,1519.2,0.0,1519.2,observed_upstream_mainline,1698.0,daily_period_median_fallback_no_congestion,1665.3999999999999,1835.6000000000001,1h_rolling_peak
L405S-028,16:25,PM,1944.0,1370.4,0.0,1370.4,observed_upstream_mainline,1698.0,daily_period_median_fallback_no_congestion,1624.2,1835.6000000000001,1h_rolling_peak
L405S-028,16:30,PM,1975.2,1389.6,0.0,1389.6,observed_upstream_mainline,1698.0,daily_period_median_fallback_no_congestion,1595.3999999999999,1835.6000000000001,1h_rolling_peak
L405S-028,16:35,PM,1929.6,1380.0,0.0,1380.0,observed_upstream_mainline,1698.0,daily_period_median_fallback_no_congestion,1553.8,1835.6000000000001,1h_rolling_peak
L405S-028,16:40,PM,1915.2,1356.0,0.0,1356.0,observed_upstream_mainline,1698.0,daily_period_median_fallback_no_congestion,1514.1999999999998,1835.6000000000001,1h_rolling_peak
L405S-028,16:45,PM,1960.8,1332.0,0.0,1332.0,observed_upstream_mainline,1698.0,daily_period_median_fallback_no_congestion,1482.0,1835.6000000000001,1h_rolling_peak
L405S-028,16:50,PM,1711.2,1300.8,0.0,1300.8,observed_upstream_mainline,1698.0,daily_period_median_fallback_no_congestion,1441.6000000000001,1835.6000000000001,1h_rolling_peak
L405S-028,16:55,PM,1720.8,1298.4,0.0,1298.4,observed_upstream_mainline,1698.0,daily_period_median_fallback_no_congestion,1414.8,1835.6000000000001,1h_rolling_peak
L405S-028,17:00,PM,1562.4,1125.6,0.0,1125.6,observed_upstream_mainline,1698.0,daily_period_median_fallback_no_congestion,1375.8000000000002,1835.6000000000001,1h_rolling_peak
L405S-028,17:05,PM,1629.6,1176.0,0.0,1176.0,observed_upstream_mainline,1698.0,daily_period_median_fallback_no_congestion,1350.8,1835.6000000000001,1h_rolling_peak
L405S-028,17:10,PM,1485.6,1077.6,0.0,1077.6,observed_upstream_mainline,1698.0,daily_period_median_fallback_no_congestion,1321.3999999999999,1835.6000000000001,1h_rolling_peak
L405S-028,17:15,PM,1500.0,1156.8,0.0,1156.8,observed_upstream_mainline,1698.0,daily_period_median_fallback_no_congestion,1290.2,1835.6000000000001,1h_rolling_peak
L405S-028,17:20,PM,1466.4,998.4,0.0,998.4,observed_upstream_mainline,1698.0,daily_period_median_fallback_no_congestion,1246.8,1835.6000000000001,1h_rolling_peak
L405S-028,17:25,PM,1300.8,967.2,0.0,967.2,observed_upstream_mainline,1698.0,daily_period_median_fallback_no_congestion,1213.2,1835.6000000000001,1h_rolling_peak
L405S-028,17:30,PM,1346.4,988.8,0.0,988.8,observed_upstream_mainline,1698.0,daily_period_median_fallback_no_congestion,1179.8,1835.6000000000001,1h_rolling_peak
L405S-028,17:35,PM,1363.2,950.4,0.0,950.4,observed_upstream_mainline,1698.0,daily_period_median_fallback_no_congestion,1144.0,1835.6000000000001,1h_rolling_peak
L405S-028,17:40,PM,1195.2,931.2,0.0,931.2,observed_upstream_mainline,1698.0,daily_period_median_fallback_no_congestion,1108.6,1835.6000000000001,1h_rolling_peak
L405S-028,17:45,PM,1152.0,842.4,0.0,842.4,observed_upstream_mainline,1698.0,daily_period_median_fallback_no_congestion,1067.8,1835.6000000000001,1h_rolling_peak
L405S-028,17:50,PM,1377.6,1022.4,0.0,1022.4,observed_upstream_mainline,1698.0,daily_period_median_fallback_no_congestion,1044.6000000000001,1835.6000000000001,1h_rolling_peak
L405S-028,17:55,PM,1192.8,873.6,0.0,873.6,observed_upstream_mainline,1698.0,daily_period_median_fallback_no_congestion,1009.1999999999999,1835.6000000000001,1h_rolling_peak
L405S-028,18:00,PM,1200.0,892.8,0.0,892.8,observed_upstream_mainline,1698.0,daily_period_median_fallback_no_congestion,989.8000000000001,1835.6000000000001,1h_rolling_peak
L405S-028,18:05,PM,1108.8,828.0,0.0,828.0,observed_upstream_mainline,1698.0,daily_period_median_fallback_no_congestion,960.8000000000001,1835.6000000000001,1h_rolling_peak
L405S-028,18:10,PM,1192.8,844.8,0.0,844.8,observed_upstream_mainline,1698.0,daily_period_median_fallback_no_congestion,941.4,1835.6000000000001,1h_rolling_peak
L405S-028,18:15,PM,969.6,746.4,0.0,746.4,observed_upstream_mainline,1698.0,daily_period_median_fallback_no_congestion,907.2000000000002,1835.6000000000001,1h_rolling_peak
L405S-028,18:20,PM,1039.2,775.2,0.0,775.2,observed_upstream_mainline,1698.0,daily_period_median_fallback_no_congestion,888.5999999999999,1835.6000000000001,1h_rolling_peak
L405S-028,18:25,PM,1032.0,808.8,0.0,808.8,observed_upstream_mainline,1698.0,daily_period_median_fallback_no_congestion,875.4,1835.6000000000001,1h_rolling_peak
L405S-028,18:30,PM,993.6,801.6,0.0,801.6,observed_upstream_mainline,1698.0,daily_period_median_fallback_no_congestion,859.7999999999998,1835.6000000000001,1h_rolling_peak
L405S-028,18:35,PM,1053.6,801.6,0.0,801.6,observed_upstream_mainline,1698.0,daily_period_median_fallback_no_congestion,847.4,1835.6000000000001,1h_rolling_peak
L405S-028,18:40,PM,1029.6,765.6,0.0,765.6,observed_upstream_mainline,1698.0,daily_period_median_fallback_no_congestion,833.6,1835.6000000000001,1h_rolling_peak
L405S-028,18:45,PM,1094.4,856.8,0.0,856.8,observed_upstream_mainline,1698.0,daily_period_median_fallback_no_congestion,834.7999999999998,1835.6000000000001,1h_rolling_peak
L405S-028,18:50,PM,1046.4,756.0,0.0,756.0,observed_upstream_mainline,1698.0,daily_period_median_fallback_no_congestion,812.5999999999999,1835.6000000000001,1h_rolling_peak
L405S-028,18:55,PM,967.2,727.2,0.0,727.2,observed_upstream_mainline,1698.0,daily_period_median_fallback_no_congestion,800.4,1835.6000000000001,1h_rolling_peak
L405S-030,06:00,AM,5338.8,6394.8,595.2,6990.0,observed_upstream_mainline,6141.0,daily_period_median_fallback_no_congestion,,7728.599999999999,1h_rolling_peak
L405S-030,06:05,AM,5256.0,6396.0,559.2,6955.2,observed_upstream_mainline,6141.0,daily_period_median_fallback_no_congestion,,7728.599999999999,1h_rolling_peak
L405S-030,06:10,AM,5695.8,6837.6,523.2,7360.8,observed_upstream_mainline,6141.0,daily_period_median_fallback_no_congestion,,7728.599999999999,1h_rolling_peak
L405S-030,06:15,AM,5651.4,6906.0,607.2,7513.2,observed_upstream_mainline,6141.0,daily_period_median_fallback_no_congestion,,7728.599999999999,1h_rolling_peak
L405S-030,06:20,AM,5655.6,6892.8,583.2,7476.0,observed_upstream_mainline,6141.0,daily_period_median_fallback_no_congestion,,7728.599999999999,1h_rolling_peak
L405S-030,06:25,AM,5620.2,6838.8,667.2,7506.0,observed_upstream_mainline,6141.0,daily_period_median_fallback_no_congestion,,7728.599999999999,1h_rolling_peak
L405S-030,06:30,AM,5673.6,6890.4,645.6,7536.0,observed_upstream_mainline,6141.0,daily_period_median_fallback_no_congestion,,7728.599999999999,1h_rolling_peak
L405S-030,06:35,AM,5825.4,7200.0,631.2,7831.2,observed_upstream_mainline,6141.0,daily_period_median_fallback_no_congestion,,7728.599999999999,1h_rolling_peak
L405S-030,06:40,AM,5841.0,6903.6,648.0,7551.6,observed_upstream_mainline,6141.0,daily_period_median_fallback_no_congestion,,7728.599999999999,1h_rolling_peak
L405S-030,06:45,AM,5503.2,6696.0,676.8,7372.8,observed_upstream_mainline,6141.0,daily_period_median_fallback_no_congestion,,7728.599999999999,1h_rolling_peak
L405S-030,06:50,AM,5562.0,6746.4,672.0,7418.4,observed_upstream_mainline,6141.0,daily_period_median_fallback_no_congestion,,7728.599999999999,1h_rolling_peak
L405S-030,06:55,AM,5317.8,6328.8,561.6,6890.400000000001,observed_upstream_mainline,6141.0,daily_period_median_fallback_no_congestion,7366.8,7728.599999999999,1h_rolling_peak
L405S-030,07:00,AM,5401.2,6424.8,609.6,7034.400000000001,observed_upstream_mainline,6141.0,daily_period_median_fallback_no_congestion,7370.5,7728.599999999999,1h_rolling_peak
L405S-030,07:05,AM,5115.0,6295.2,643.2,6938.4,observed_upstream_mainline,6141.0,daily_period_median_fallback_no_congestion,7369.099999999999,7728.599999999999,1h_rolling_peak
L405S-030,07:10,AM,5599.8,6637.2,662.4,7299.599999999999,observed_upstream_mainline,6141.0,daily_period_median_fallback_no_congestion,7364.0,7728.599999999999,1h_rolling_peak
L405S-030,07:15,AM,5419.2,6468.0,657.6,7125.6,observed_upstream_mainline,6141.0,daily_period_median_fallback_no_congestion,7331.700000000001,7728.599999999999,1h_rolling_peak
L405S-030,07:20,AM,5575.2,6578.4,669.6,7248.0,observed_upstream_mainline,6141.0,daily_period_median_fallback_no_congestion,7312.700000000001,7728.599999999999,1h_rolling_peak
L405S-030,07:25,AM,5426.4,6496.8,621.6,7118.400000000001,observed_upstream_mainline,6141.0,daily_period_median_fallback_no_congestion,7280.400000000001,7728.599999999999,1h_rolling_peak
L405S-030,07:30,AM,5305.8,6600.0,645.6,7245.6,observed_upstream_mainline,6141.0,daily_period_median_fallback_no_congestion,7256.200000000001,7728.599999999999,1h_rolling_peak
L405S-030,07:35,AM,5750.4,6892.8,708.0,7600.8,observed_upstream_mainline,6141.0,daily_period_median_fallback_no_congestion,7237.0,7728.599999999999,1h_rolling_peak
L405S-030,07:40,AM,5936.4,7243.2,818.4,8061.599999999999,observed_upstream_mainline,6141.0,daily_period_median_fallback_no_congestion,7279.5,7728.599999999999,1h_rolling_peak
L405S-030,07:45,AM,5919.0,7089.6,907.2,7996.8,observed_upstream_mainline,6141.0,daily_period_median_fallback_no_congestion,7331.5,7728.599999999999,1h_rolling_peak
L405S-030,07:50,AM,5697.6,6798.0,739.2,7537.2,observed_upstream_mainline,6141.0,daily_period_median_fallback_no_congestion,7341.400000000001,7728.599999999999,1h_rolling_peak
L405S-030,07:55,AM,5821.8,7003.2,679.2,7682.4,observed_upstream_mainline,6141.0,daily_period_median_fallback_no_congestion,7407.399999999999,7728.599999999999,1h_rolling_peak
L405S-030,08:00,AM,5514.0,6896.4,636.0,7532.4,observed_upstream_mainline,6141.0,daily_period_median_fallback_no_congestion,7448.900000000001,7728.599999999999,1h_rolling_peak
L405S-030,08:05,AM,5414.4,6634.8,679.2,7314.0,observed_upstream_mainline,6141.0,daily_period_median_fallback_no_congestion,7480.200000000001,7728.599999999999,1h_rolling_peak
L405S-030,08:10,AM,5922.0,7074.0,775.2,7849.2,observed_upstream_mainline,6141.0,daily_period_median_fallback_no_congestion,7526.0,7728.599999999999,1h_rolling_peak
L405S-030,08:15,AM,5940.6,7140.0,832.8,7972.8,observed_upstream_mainline,6141.0,daily_period_median_fallback_no_congestion,7596.599999999999,7728.599999999999,1h_rolling_peak
L405S-030,08:20,AM,6114.6,7197.6,667.2,7864.8,observed_upstream_mainline,6141.0,daily_period_median_fallback_no_congestion,7648.0,7728.599999999999,1h_rolling_peak
L405S-030,08:25,AM,5548.8,6981.6,720.0,7701.6,observed_upstream_mainline,6141.0,daily_period_median_fallback_no_congestion,7696.599999999999,7728.599999999999,1h_rolling_peak
L405S-030,08:30,AM,5754.0,6948.0,681.6,7629.6,observed_upstream_mainline,6141.0,daily_period_median_fallback_no_congestion,7728.599999999999,7728.599999999999,1h_rolling_peak
L405S-030,08:35,AM,5518.2,6790.8,700.8,7491.6,observed_upstream_mainline,6141.0,daily_period_median_fallback_no_congestion,7719.5,7728.599999999999,1h_rolling_peak
L405S-030,08:40,AM,5708.4,6837.6,782.4,7620.0,observed_upstream_mainline,6141.0,daily_period_median_fallback_no_congestion,7682.7,7728.599999999999,1h_rolling_peak
L405S-030,08:45,AM,5648.4,6964.8,801.6,7766.400000000001,observed_upstream_mainline,6141.0,daily_period_median_fallback_no_congestion,7663.5,7728.599999999999,1h_rolling_peak
L405S-030,08:50,AM,5809.8,7082.4,904.8,7987.2,observed_upstream_mainline,6141.0,daily_period_median_fallback_no_congestion,7701.0,7728.599999999999,1h_rolling_peak
L405S-030,08:55,AM,5625.6,6889.2,746.4,7635.599999999999,observed_upstream_mainline,6141.0,daily_period_median_fallback_no_congestion,7697.100000000001,7728.599999999999,1h_rolling_peak
L405S-030,09:00,AM,5628.0,7010.4,763.2,7773.599999999999,observed_upstream_mainline,6141.0,daily_period_median_fallback_no_congestion,7717.2,7728.599999999999,1h_rolling_peak
L405S-030,09:05,AM,5343.0,6630.0,784.8,7414.8,observed_upstream_mainline,6141.0,daily_period_median_fallback_no_congestion,7725.599999999999,7728.599999999999,1h_rolling_peak
L405S-030,09:10,AM,5481.6,6668.4,825.6,7494.0,observed_upstream_mainline,6141.0,daily_period_median_fallback_no_congestion,7696.0,7728.599999999999,1h_rolling_peak
L405S-030,09:15,AM,5487.0,6775.2,871.2,7646.4,observed_upstream_mainline,6141.0,daily_period_median_fallback_no_congestion,7668.799999999999,7728.599999999999,1h_rolling_peak
L405S-030,09:20,AM,5393.4,6798.0,813.6,7611.6,observed_upstream_mainline,6141.0,daily_period_median_fallback_no_congestion,7647.7,7728.599999999999,1h_rolling_peak
L405S-030,09:25,AM,5564.4,6855.6,837.6,7693.200000000001,observed_upstream_mainline,6141.0,daily_period_median_fallback_no_congestion,7647.0,7728.599999999999,1h_rolling_peak
L405S-030,09:30,AM,5645.4,7051.2,724.8,7776.0,observed_upstream_mainline,6141.0,daily_period_median_fallback_no_congestion,7659.2,7728.599999999999,1h_rolling_peak
L405S-030,09:35,AM,5696.4,7034.4,703.2,7737.599999999999,observed_upstream_mainline,6141.0,daily_period_median_fallback_no_congestion,7679.7,7728.599999999999,1h_rolling_peak
L405S-030,09:40,AM,5556.6,7056.0,897.6,7953.6,observed_upstream_mainline,6141.0,daily_period_median_fallback_no_congestion,7707.5,7728.599999999999,1h_rolling_peak
L405S-030,09:45,AM,5434.8,6866.4,876.0,7742.4,observed_upstream_mainline,6141.0,daily_period_median_fallback_no_congestion,7705.5,7728.599999999999,1h_rolling_peak
L405S-030,09:50,AM,5481.6,6864.0,763.2,7627.2,observed_upstream_mainline,6141.0,daily_period_median_fallback_no_congestion,7675.5,7728.599999999999,1h_rolling_peak
L405S-030,09:55,AM,5684.4,7050.0,811.2,7861.2,observed_upstream_mainline,6141.0,daily_period_median_fallback_no_congestion,7694.299999999999,7728.599999999999,1h_rolling_peak
L405S-030,10:00,MD,5669.4,6808.8,734.4,7543.2,observed_upstream_mainline,4293.0,daily_period_median_fallback_no_congestion,,7761.2,1h_rolling_peak
L405S-030,10:05,MD,5425.2,6604.8,748.8,7353.6,observed_upstream_mainline,4293.0,daily_period_median_fallback_no_congestion,,7761.2,1h_rolling_peak
L405S-030,10:10,MD,5395.2,6970.8,878.4,7849.2,observed_upstream_mainline,4293.0,daily_period_median_fallback_no_congestion,,7761.2,1h_rolling_peak
L405S-030,10:15,MD,5574.6,7167.6,890.4,8058.0,observed_upstream_mainline,4293.0,daily_period_median_fallback_no_congestion,,7761.2,1h_rolling_peak
L405S-030,10:20,MD,5642.4,7104.0,801.6,7905.6,observed_upstream_mainline,4293.0,daily_period_median_fallback_no_congestion,,7761.2,1h_rolling_peak
L405S-030,10:25,MD,5503.2,6928.8,741.6,7670.400000000001,observed_upstream_mainline,4293.0,daily_period_median_fallback_no_congestion,,7761.2,1h_rolling_peak
L405S-030,10:30,MD,5794.2,7524.0,693.6,8217.6,observed_upstream_mainline,4293.0,daily_period_median_fallback_no_congestion,,7761.2,1h_rolling_peak
L405S-030,10:35,MD,5847.6,7345.2,744.0,8089.2,observed_upstream_mainline,4293.0,daily_period_median_fallback_no_congestion,,7761.2,1h_rolling_peak
L405S-030,10:40,MD,5675.4,7012.8,676.8,7689.6,observed_upstream_mainline,4293.0,daily_period_median_fallback_no_congestion,,7761.2,1h_rolling_peak
L405S-030,10:45,MD,5601.0,7093.2,679.2,7772.4,observed_upstream_mainline,4293.0,daily_period_median_fallback_no_congestion,,7761.2,1h_rolling_peak
L405S-030,10:50,MD,5458.2,6858.0,660.0,7518.0,observed_upstream_mainline,4293.0,daily_period_median_fallback_no_congestion,,7761.2,1h_rolling_peak
L405S-030,10:55,MD,5097.6,6813.6,597.6,7411.200000000001,observed_upstream_mainline,4293.0,daily_period_median_fallback_no_congestion,7756.5,7761.2,1h_rolling_peak
L405S-030,11:00,MD,5049.6,6603.6,602.4,7206.0,observed_upstream_mainline,4293.0,daily_period_median_fallback_no_congestion,7728.400000000001,7761.2,1h_rolling_peak
L405S-030,11:05,MD,5484.6,7164.0,583.2,7747.2,observed_upstream_mainline,4293.0,daily_period_median_fallback_no_congestion,7761.2,7761.2,1h_rolling_peak
L405S-030,11:10,MD,5474.4,6734.4,609.6,7344.0,observed_upstream_mainline,4293.0,daily_period_median_fallback_no_congestion,7719.099999999999,7761.2,1h_rolling_peak
L405S-030,11:15,MD,5376.6,6744.0,616.8,7360.8,observed_upstream_mainline,4293.0,daily_period_median_fallback_no_congestion,7661.0,7761.2,1h_rolling_peak
L405S-030,11:20,MD,5510.4,6922.8,559.2,7482.0,observed_upstream_mainline,4293.0,daily_period_median_fallback_no_congestion,7625.7,7761.2,1h_rolling_peak
L405S-030,11:25,MD,5357.4,6804.0,504.0,7308.0,observed_upstream_mainline,4293.0,daily_period_median_fallback_no_congestion,7595.5,7761.2,1h_rolling_peak
L405S-030,11:30,MD,4704.0,6285.6,516.0,6801.6,observed_upstream_mainline,4293.0,daily_period_median_fallback_no_congestion,7477.5,7761.2,1h_rolling_peak
L405S-030,11:35,MD,5124.0,6442.8,506.4,6949.2,observed_upstream_mainline,4293.0,daily_period_median_fallback_no_congestion,7382.5,7761.2,1h_rolling_peak
L405S-030,11:40,MD,4776.6,6189.6,429.6,6619.200000000001,observed_upstream_mainline,4293.0,daily_period_median_fallback_no_congestion,7293.299999999999,7761.2,1h_rolling_peak
L405S-030,11:45,MD,5002.8,6144.0,508.8,6652.8,observed_upstream_mainline,4293.0,daily_period_median_fallback_no_congestion,7200.0,7761.2,1h_rolling_peak
L405S-030,11:50,MD,4732.2,5917.2,511.2,6428.4,observed_upstream_mainline,4293.0,daily_period_median_fallback_no_congestion,7109.2,7761.2,1h_rolling_peak
L405S-030,11:55,MD,4830.6,5929.2,398.4,6327.599999999999,observed_upstream_mainline,4293.0,daily_period_median_fallback_no_congestion,7018.900000000001,7761.2,1h_rolling_peak
L405S-030,12:00,MD,4558.2,5883.6,484.8,6368.400000000001,observed_upstream_mainline,4293.0,daily_period_median_fallback_no_congestion,6949.099999999999,7761.2,1h_rolling_peak
L405S-030,12:05,MD,4562.4,5614.8,400.8,6015.6,observed_upstream_mainline,4293.0,daily_period_median_fallback_no_congestion,6804.8,7761.2,1h_rolling_peak
L405S-030,12:10,MD,4284.0,5461.2,379.2,5840.4,observed_upstream_mainline,4293.0,daily_period_median_fallback_no_congestion,6679.5,7761.2,1h_rolling_peak
L405S-030,12:15,MD,4635.6,6020.4,441.6,6462.0,observed_upstream_mainline,4293.0,daily_period_median_fallback_no_congestion,6604.599999999999,7761.2,1h_rolling_peak
L405S-030,12:20,MD,4521.0,5223.6,376.8,5600.400000000001,observed_upstream_mainline,4293.0,daily_period_median_fallback_no_congestion,6447.8,7761.2,1h_rolling_peak
L405S-030,12:25,MD,4371.0,5366.4,384.0,5750.4,observed_upstream_mainline,4293.0,daily_period_median_fallback_no_congestion,6318.0,7761.2,1h_rolling_peak
L405S-030,12:30,MD,4488.6,5520.0,381.6,5901.6,observed_upstream_mainline,4293.0,daily_period_median_fallback_no_congestion,6243.0,7761.2,1h_rolling_peak
L405S-030,12:35,MD,4416.6,5568.0,319.2,5887.2,observed_upstream_mainline,4293.0,daily_period_median_fallback_no_congestion,6154.5,7761.2,1h_rolling_peak
L405S-030,12:40,MD,4123.8,5157.6,340.8,5498.400000000001,observed_upstream_mainline,4293.0,daily_period_median_fallback_no_congestion,6061.100000000001,7761.2,1h_rolling_peak
L405S-030,12:45,MD,3954.6,5095.2,396.0,5491.2,observed_upstream_mainline,4293.0,daily_period_median_fallback_no_congestion,5964.3,7761.2,1h_rolling_peak
L405S-030,12:50,MD,4175.4,5145.6,384.0,5529.6,observed_upstream_mainline,4293.0,daily_period_median_fallback_no_congestion,5889.400000000001,7761.2,1h_rolling_peak
L405S-030,12:55,MD,4178.4,4920.0,283.2,5203.2,observed_upstream_mainline,4293.0,daily_period_median_fallback_no_congestion,5795.7,7761.2,1h_rolling_peak
L405S-030,13:00,MD,3803.4,4605.6,314.4,4920.0,observed_upstream_mainline,4293.0,daily_period_median_fallback_no_congestion,5675.0,7761.2,1h_rolling_peak
L405S-030,13:05,MD,3755.4,4617.6,304.8,4922.400000000001,observed_upstream_mainline,4293.0,daily_period_median_fallback_no_congestion,5583.900000000001,7761.2,1h_rolling_peak
L405S-030,13:10,MD,3697.2,4615.2,357.6,4972.8,observed_upstream_mainline,4293.0,daily_period_median_fallback_no_congestion,5511.599999999999,7761.2,1h_rolling_peak
L405S-030,13:15,MD,3693.6,4442.4,283.2,4725.599999999999,observed_upstream_mainline,4293.0,daily_period_median_fallback_no_congestion,5366.900000000001,7761.2,1h_rolling_peak
L405S-030,13:20,MD,3804.6,4610.4,302.4,4912.799999999999,observed_upstream_mainline,4293.0,daily_period_median_fallback_no_congestion,5309.599999999999,7761.2,1h_rolling_peak
L405S-030,13:25,MD,3808.2,4412.4,240.0,4652.4,observed_upstream_mainline,4293.0,daily_period_median_fallback_no_congestion,5218.1,7761.2,1h_rolling_peak
L405S-030,13:30,MD,3682.2,4458.0,292.8,4750.8,observed_upstream_mainline,4293.0,daily_period_median_fallback_no_congestion,5122.2,7761.2,1h_rolling_peak
L405S-030,13:35,MD,3619.2,4158.0,273.6,4431.6,observed_upstream_mainline,4293.0,daily_period_median_fallback_no_congestion,5000.900000000001,7761.2,1h_rolling_peak
L405S-030,13:40,MD,3650.4,4286.4,266.4,4552.799999999999,observed_upstream_mainline,4293.0,daily_period_median_fallback_no_congestion,4922.099999999999,7761.2,1h_rolling_peak
L405S-030,13:45,MD,3609.6,4266.0,268.8,4534.8,observed_upstream_mainline,4293.0,daily_period_median_fallback_no_congestion,4842.400000000001,7761.2,1h_rolling_peak
L405S-030,13:50,MD,3446.4,3942.0,252.0,4194.0,observed_upstream_mainline,4293.0,daily_period_median_fallback_no_congestion,4731.099999999999,7761.2,1h_rolling_peak
L405S-030,13:55,MD,3330.0,3722.4,225.6,3948.0,observed_upstream_mainline,4293.0,daily_period_median_fallback_no_congestion,4626.5,7761.2,1h_rolling_peak
L405S-030,14:00,MD,3393.0,3982.8,228.0,4210.8,observed_upstream_mainline,4293.0,daily_period_median_fallback_no_congestion,4567.400000000001,7761.2,1h_rolling_peak
L405S-030,14:05,MD,3379.2,4004.4,199.2,4203.6,observed_upstream_mainline,4293.0,daily_period_median_fallback_no_congestion,4507.5,7761.2,1h_rolling_peak
L405S-030,14:10,MD,3348.6,3774.0,225.6,3999.6,observed_upstream_mainline,4293.0,daily_period_median_fallback_no_congestion,4426.4,7761.2,1h_rolling_peak
L405S-030,14:15,MD,3349.8,3954.0,237.6,4191.6,observed_upstream_mainline,4293.0,daily_period_median_fallback_no_congestion,4381.9,7761.2,1h_rolling_peak
L405S-030,14:20,MD,3297.0,3890.4,240.0,4130.4,observed_upstream_mainline,4293.0,daily_period_median_fallback_no_congestion,4316.7,7761.2,1h_rolling_peak
L405S-030,14:25,MD,3547.2,4202.4,192.0,4394.4,observed_upstream_mainline,4293.0,daily_period_median_fallback_no_congestion,4295.2,7761.2,1h_rolling_peak
L405S-030,14:30,MD,3546.6,4072.8,196.8,4269.6,observed_upstream_mainline,4293.0,daily_period_median_fallback_no_congestion,4255.1,7761.2,1h_rolling_peak
L405S-030,14:35,MD,3495.6,3993.6,182.4,4176.0,observed_upstream_mainline,4293.0,daily_period_median_fallback_no_congestion,4233.8,7761.2,1h_rolling_peak
L405S-030,14:40,MD,3207.0,3706.8,228.0,3934.8,observed_upstream_mainline,4293.0,daily_period_median_fallback_no_congestion,4182.3,7761.2,1h_rolling_peak
L405S-030,14:45,MD,3038.4,3392.4,180.0,3572.4,observed_upstream_mainline,4293.0,daily_period_median_fallback_no_congestion,4102.099999999999,7761.2,1h_rolling_peak
L405S-030,14:50,MD,2997.6,3463.2,192.0,3655.2,observed_upstream_mainline,4293.0,daily_period_median_fallback_no_congestion,4057.2000000000003,7761.2,1h_rolling_peak
L405S-030,14:55,MD,2780.4,3274.8,192.0,3466.8,observed_upstream_mainline,4293.0,daily_period_median_fallback_no_congestion,4017.1,7761.2,1h_rolling_peak
L405S-030,00:00,NT1,6307.2,7353.6,549.6,7903.200000000001,observed_upstream_mainline,6093.0,daily_congested_median_across_weekdays,,7693.900000000001,1h_rolling_peak
L405S-030,00:05,NT1,6649.8,7582.8,624.0,8206.8,observed_upstream_mainline,6093.0,daily_congested_median_across_weekdays,,7693.900000000001,1h_rolling_peak
L405S-030,00:10,NT1,6624.0,7312.8,765.6,8078.400000000001,observed_upstream_mainline,6093.0,daily_congested_median_across_weekdays,,7693.900000000001,1h_rolling_peak
L405S-030,00:15,NT1,6644.4,7690.8,566.4,8257.2,observed_upstream_mainline,6093.0,daily_congested_median_across_weekdays,,7693.900000000001,1h_rolling_peak
L405S-030,00:20,NT1,5973.0,7238.4,734.4,7972.799999999999,observed_upstream_mainline,6093.0,daily_congested_median_across_weekdays,,7693.900000000001,1h_rolling_peak
L405S-030,00:25,NT1,6439.2,6987.6,820.8,7808.400000000001,observed_upstream_mainline,6093.0,daily_congested_median_across_weekdays,,7693.900000000001,1h_rolling_peak
L405S-030,00:30,NT1,6674.4,6796.8,696.0,7492.8,observed_upstream_mainline,6093.0,daily_congested_median_across_weekdays,,7693.900000000001,1h_rolling_peak
L405S-030,00:35,NT1,6160.2,6986.4,662.4,7648.799999999999,observed_upstream_mainline,6093.0,daily_congested_median_across_weekdays,,7693.900000000001,1h_rolling_peak
L405S-030,00:40,NT1,5904.0,6609.6,775.2,7384.8,observed_upstream_mainline,6093.0,daily_congested_median_across_weekdays,,7693.900000000001,1h_rolling_peak
L405S-030,00:45,NT1,5932.2,6169.2,796.8,6966.0,observed_upstream_mainline,6093.0,daily_congested_median_across_weekdays,,7693.900000000001,1h_rolling_peak
L405S-030,00:50,NT1,5901.6,6196.8,796.8,6993.6,observed_upstream_mainline,6093.0,daily_congested_median_across_weekdays,,7693.900000000001,1h_rolling_peak
L405S-030,00:55,NT1,6069.0,6865.2,748.8,7614.0,observed_upstream_mainline,6093.0,daily_congested_median_across_weekdays,7693.900000000001,7693.900000000001,1h_rolling_peak
L405S-030,01:00,NT1,5973.0,6780.0,720.0,7500.0,observed_upstream_mainline,6093.0,daily_congested_median_across_weekdays,7660.3,7693.900000000001,1h_rolling_peak
L405S-030,01:05,NT1,6024.6,6715.2,715.2,7430.4,observed_upstream_mainline,6093.0,daily_congested_median_across_weekdays,7595.599999999999,7693.900000000001,1h_rolling_peak
L405S-030,01:10,NT1,6293.4,6774.0,847.2,7621.2,observed_upstream_mainline,6093.0,daily_congested_median_across_weekdays,7557.5,7693.900000000001,1h_rolling_peak
L405S-030,01:15,NT1,6162.0,6972.0,876.0,7848.0,observed_upstream_mainline,6093.0,daily_congested_median_across_weekdays,7523.399999999999,7693.900000000001,1h_rolling_peak
L405S-030,01:20,NT1,6077.4,6729.6,748.8,7478.400000000001,observed_upstream_mainline,6093.0,daily_congested_median_across_weekdays,7482.200000000001,7693.900000000001,1h_rolling_peak
L405S-030,01:25,NT1,5865.0,6862.8,777.6,7640.400000000001,observed_upstream_mainline,6093.0,daily_congested_median_across_weekdays,7468.2,7693.900000000001,1h_rolling_peak
L405S-030,01:30,NT1,6282.6,7078.8,777.6,7856.400000000001,observed_upstream_mainline,6093.0,daily_congested_median_across_weekdays,7498.5,7693.900000000001,1h_rolling_peak
L405S-030,01:35,NT1,5895.6,6828.0,660.0,7488.0,observed_upstream_mainline,6093.0,daily_congested_median_across_weekdays,7485.100000000001,7693.900000000001,1h_rolling_peak
L405S-030,01:40,NT1,6081.6,6669.6,753.6,7423.200000000001,observed_upstream_mainline,6093.0,daily_congested_median_across_weekdays,7488.3,7693.900000000001,1h_rolling_peak
L405S-030,01:45,NT1,6051.6,6711.6,753.6,7465.200000000001,observed_upstream_mainline,6093.0,daily_congested_median_across_weekdays,7529.900000000001,7693.900000000001,1h_rolling_peak
L405S-030,01:50,NT1,5788.2,6584.4,621.6,7206.0,observed_upstream_mainline,6093.0,daily_congested_median_across_weekdays,7547.599999999999,7693.900000000001,1h_rolling_peak
L405S-030,01:55,NT1,5559.0,6385.2,631.2,7016.4,observed_upstream_mainline,6093.0,daily_congested_median_across_weekdays,7497.8,7693.900000000001,1h_rolling_peak
L405S-030,02:00,NT1,5419.8,6045.6,679.2,6724.8,observed_upstream_mainline,6093.0,daily_congested_median_across_weekdays,7433.2,7693.900000000001,1h_rolling_peak
L405S-030,02:05,NT1,5426.4,6031.2,597.6,6628.8,observed_upstream_mainline,6093.0,daily_congested_median_across_weekdays,7366.400000000001,7693.900000000001,1h_rolling_peak
L405S-030,02:10,NT1,5359.2,6030.0,636.0,6666.0,observed_upstream_mainline,6093.0,daily_congested_median_across_weekdays,7286.8,7693.900000000001,1h_rolling_peak
L405S-030,02:15,NT1,5455.2,5982.0,732.0,6714.0,observed_upstream_mainline,6093.0,daily_congested_median_across_weekdays,7192.3,7693.900000000001,1h_rolling_peak
L405S-030,02:20,NT1,5773.2,6176.4,612.0,6788.4,observed_upstream_mainline,6093.0,daily_congested_median_across_weekdays,7134.8,7693.900000000001,1h_rolling_peak
L405S-030,02:25,NT1,5730.0,6552.0,600.0,7152.0,observed_upstream_mainline,6093.0,daily_congested_median_across_weekdays,7094.100000000001,7693.900000000001,1h_rolling_peak
L405S-030,02:30,NT1,5874.6,7119.6,674.4,7794.0,observed_upstream_mainline,6093.0,daily_congested_median_across_weekdays,7088.900000000001,7693.900000000001,1h_rolling_peak
L405S-030,02:35,NT1,6004.8,6909.6,554.4,7464.0,observed_upstream_mainline,6093.0,daily_congested_median_across_weekdays,7086.900000000001,7693.900000000001,1h_rolling_peak
L405S-030,02:40,NT1,6099.0,7243.2,657.6,7900.8,observed_upstream_mainline,6093.0,daily_congested_median_across_weekdays,7126.7,7693.900000000001,1h_rolling_peak
L405S-030,02:45,NT1,6154.8,7029.6,765.6,7795.200000000001,observed_upstream_mainline,6093.0,daily_congested_median_across_weekdays,7154.200000000001,7693.900000000001,1h_rolling_peak
L405S-030,02:50,NT1,6111.0,6700.8,664.8,7365.6,observed_upstream_mainline,6093.0,daily_congested_median_across_weekdays,7167.5,7693.900000000001,1h_rolling_peak
L405S-030,02:55,NT1,5467.2,6350.4,573.6,6924.0,observed_upstream_mainline,6093.0,daily_congested_median_across_weekdays,7159.799999999999,7693.900000000001,1h_rolling_peak
L405S-030,03:00,NT1,5665.8,6457.2,566.4,7023.599999999999,observed_upstream_mainline,6093.0,daily_congested_median_across_weekdays,7184.7,7693.900000000001,1h_rolling_peak
L405S-030,03:05,NT1,5395.2,6214.8,621.6,6836.400000000001,observed_upstream_mainline,6093.0,daily_congested_median_across_weekdays,7202.0,7693.900000000001,1h_rolling_peak
L405S-030,03:10,NT1,5682.6,6384.0,552.0,6936.0,observed_upstream_mainline,6093.0,daily_congested_median_across_weekdays,7224.5,7693.900000000001,1h_rolling_peak
L405S-030,03:15,NT1,5313.0,6247.2,588.0,6835.2,observed_upstream_mainline,6093.0,daily_congested_median_across_weekdays,7234.600000000001,7693.900000000001,1h_rolling_peak
L405S-030,03:20,NT1,5733.6,6492.0,585.6,7077.6,observed_upstream_mainline,6093.0,daily_congested_median_across_weekdays,7258.7,7693.900000000001,1h_rolling_peak
L405S-030,03:25,NT1,5567.4,6417.6,537.6,6955.200000000001,observed_upstream_mainline,6093.0,daily_congested_median_across_weekdays,7242.299999999999,7693.900000000001,1h_rolling_peak
L405S-030,03:30,NT1,5880.6,6715.2,633.6,7348.8,observed_upstream_mainline,6093.0,daily_congested_median_across_weekdays,7205.2,7693.900000000001,1h_rolling_peak
L405S-030,03:35,NT1,5653.2,6826.8,633.6,7460.400000000001,observed_upstream_mainline,6093.0,daily_congested_median_across_weekdays,7204.900000000001,7693.900000000001,1h_rolling_peak
L405S-030,03:40,NT1,5889.6,6734.4,621.6,7356.0,observed_upstream_mainline,6093.0,daily_congested_median_across_weekdays,7159.5,7693.900000000001,1h_rolling_peak
L405S-030,03:45,NT1,6048.0,6840.0,600.0,7440.0,observed_upstream_mainline,6093.0,daily_congested_median_across_weekdays,7129.900000000001,7693.900000000001,1h_rolling_peak
L405S-030,03:50,NT1,5961.6,6682.8,631.2,7314.0,observed_upstream_mainline,6093.0,daily_congested_median_across_weekdays,7125.600000000001,7693.900000000001,1h_rolling_peak
L405S-030,03:55,NT1,6124.2,6652.8,556.8,7209.6,observed_upstream_mainline,6093.0,daily_congested_median_across_weekdays,7149.400000000001,7693.900000000001,1h_rolling_peak
L405S-030,04:00,NT1,5778.6,6358.8,463.2,6822.0,observed_upstream_mainline,6093.0,daily_congested_median_across_weekdays,7132.599999999999,7693.900000000001,1h_rolling_peak
L405S-030,04:05,NT1,6035.4,6540.0,633.6,7173.6,observed_upstream_mainline,6093.0,daily_congested_median_across_weekdays,7160.700000000001,7693.900000000001,1h_rolling_peak
L405S-030,04:10,NT1,5651.4,6534.0,554.4,7088.4,observed_upstream_mainline,6093.0,daily_congested_median_across_weekdays,7173.400000000001,7693.900000000001,1h_rolling_peak
L405S-030,04:15,NT1,5814.6,6369.6,540.0,6909.6,observed_upstream_mainline,6093.0,daily_congested_median_across_weekdays,7179.599999999999,7693.900000000001,1h_rolling_peak
L405S-030,04:20,NT1,5635.2,6750.0,602.4,7352.4,observed_upstream_mainline,6093.0,daily_congested_median_across_weekdays,7202.5,7693.900000000001,1h_rolling_peak
L405S-030,04:25,NT1,5332.8,6430.8,561.6,6992.400000000001,observed_upstream_mainline,6093.0,daily_congested_median_across_weekdays,7205.600000000001,7693.900000000001,1h_rolling_peak
L405S-030,04:30,NT1,5710.8,6938.4,520.8,7459.2,observed_upstream_mainline,6093.0,daily_congested_median_across_weekdays,7214.8,7693.900000000001,1h_rolling_peak
L405S-030,04:35,NT1,5581.2,6636.0,619.2,7255.2,observed_upstream_mainline,6093.0,daily_congested_median_across_weekdays,7197.7,7693.900000000001,1h_rolling_peak
L405S-030,04:40,NT1,5582.4,6672.0,576.0,7248.0,observed_upstream_mainline,6093.0,daily_congested_median_across_weekdays,7188.7,7693.900000000001,1h_rolling_peak
L405S-030,04:45,NT1,5350.8,6723.6,568.8,7292.400000000001,observed_upstream_mainline,6093.0,daily_congested_median_across_weekdays,7176.400000000001,7693.900000000001,1h_rolling_peak
L405S-030,04:50,NT1,5440.2,6679.2,580.8,7260.0,observed_upstream_mainline,6093.0,daily_congested_median_across_weekdays,7171.900000000001,7693.900000000001,1h_rolling_peak
L405S-030,04:55,NT1,5297.4,6457.2,628.8,7086.0,observed_upstream_mainline,6093.0,daily_congested_median_across_weekdays,7161.600000000001,7693.900000000001,1h_rolling_peak
L405S-030,05:00,NT1,5125.2,6174.0,501.6,6675.6,observed_upstream_mainline,6093.0,daily_congested_median_across_weekdays,7149.400000000001,7693.900000000001,1h_rolling_peak
L405S-030,05:05,NT1,5182.8,6196.8,588.0,6784.8,observed_upstream_mainline,6093.0,daily_congested_median_across_weekdays,7117.0,7693.900000000001,1h_rolling_peak
L405S-030,05:10,NT1,5279.4,6440.4,511.2,6951.599999999999,observed_upstream_mainline,6093.0,daily_congested_median_across_weekdays,7105.600000000001,7693.900000000001,1h_rolling_peak
L405S-030,05:15,NT1,5373.0,6508.8,604.8,7113.6,observed_upstream_mainline,6093.0,daily_congested_median_across_weekdays,7122.599999999999,7693.900000000001,1h_rolling_peak
L405S-030,05:20,NT1,5550.6,6774.0,453.6,7227.6,observed_upstream_mainline,6093.0,daily_congested_median_across_weekdays,7112.200000000001,7693.900000000001,1h_rolling_peak
L405S-030,05:25,NT1,5619.0,6823.2,592.8,7416.0,observed_upstream_mainline,6093.0,daily_congested_median_across_weekdays,7147.5,7693.900000000001,1h_rolling_peak
L405S-030,05:30,NT1,5517.0,6640.8,600.0,7240.8,observed_upstream_mainline,6093.0,daily_congested_median_across_weekdays,7129.3,7693.900000000001,1h_rolling_peak
L405S-030,05:35,NT1,5511.0,6925.2,609.6,7534.8,observed_upstream_mainline,6093.0,daily_congested_median_across_weekdays,7152.599999999999,7693.900000000001,1h_rolling_peak
L405S-030,05:40,NT1,5661.0,6775.2,638.4,7413.599999999999,observed_upstream_mainline,6093.0,daily_congested_median_across_weekdays,7166.400000000001,7693.900000000001,1h_rolling_peak
L405S-030,05:45,NT1,5420.4,6450.0,568.8,7018.8,observed_upstream_mainline,6093.0,daily_congested_median_across_weekdays,7143.599999999999,7693.900000000001,1h_rolling_peak
L405S-030,05:50,NT1,5436.6,6583.2,571.2,7154.4,observed_upstream_mainline,6093.0,daily_congested_median_across_weekdays,7134.799999999999,7693.900000000001,1h_rolling_peak
L405S-030,05:55,NT1,5545.2,6543.6,549.6,7093.200000000001,observed_upstream_mainline,6093.0,daily_congested_median_across_weekdays,7135.399999999999,7693.900000000001,1h_rolling_peak
L405S-030,19:00,NT2,888.6,660.0,19.2,679.2,observed_upstream_mainline,1806.0,daily_period_median_fallback_no_congestion,,8249.1,1h_rolling_peak
L405S-030,19:05,NT2,760.8,523.2,12.0,535.2,observed_upstream_mainline,1806.0,daily_period_median_fallback_no_congestion,,8249.1,1h_rolling_peak
L405S-030,19:10,NT2,792.6,540.0,16.8,556.8,observed_upstream_mainline,1806.0,daily_period_median_fallback_no_congestion,,8249.1,1h_rolling_peak
L405S-030,19:15,NT2,800.4,559.2,14.4,573.6,observed_upstream_mainline,1806.0,daily_period_median_fallback_no_congestion,,8249.1,1h_rolling_peak
L405S-030,19:20,NT2,742.2,519.6,36.0,555.6,observed_upstream_mainline,1806.0,daily_period_median_fallback_no_congestion,,8249.1,1h_rolling_peak
L405S-030,19:25,NT2,804.6,580.8,31.2,612.0,observed_upstream_mainline,1806.0,daily_period_median_fallback_no_congestion,,8249.1,1h_rolling_peak
L405S-030,19:30,NT2,797.4,596.4,26.4,622.8,observed_upstream_mainline,1806.0,daily_period_median_fallback_no_congestion,,8249.1,1h_rolling_peak
L405S-030,19:35,NT2,844.2,602.4,26.4,628.8,observed_upstream_mainline,1806.0,daily_period_median_fallback_no_congestion,,8249.1,1h_rolling_peak
L405S-030,19:40,NT2,795.0,567.6,31.2,598.8000000000001,observed_upstream_mainline,1806.0,daily_period_median_fallback_no_congestion,,8249.1,1h_rolling_peak
L405S-030,19:45,NT2,828.6,579.6,28.8,608.4,observed_upstream_mainline,1806.0,daily_period_median_fallback_no_congestion,,8249.1,1h_rolling_peak
L405S-030,19:50,NT2,800.4,588.0,24.0,612.0,observed_upstream_mainline,1806.0,daily_period_median_fallback_no_congestion,,8249.1,1h_rolling_peak
L405S-030,19:55,NT2,780.0,604.8,26.4,631.1999999999999,observed_upstream_mainline,1806.0,daily_period_median_fallback_no_congestion,601.1999999999999,8249.1,1h_rolling_peak
L405S-030,20:00,NT2,859.2,598.8,40.8,639.5999999999999,observed_upstream_mainline,1806.0,daily_period_median_fallback_no_congestion,597.9,8249.1,1h_rolling_peak
L405S-030,20:05,NT2,780.6,522.0,40.8,562.8,observed_upstream_mainline,1806.0,daily_period_median_fallback_no_congestion,600.2,8249.1,1h_rolling_peak
L405S-030,20:10,NT2,815.4,588.0,31.2,619.2,observed_upstream_mainline,1806.0,daily_period_median_fallback_no_congestion,605.4,8249.1,1h_rolling_peak
L405S-030,20:15,NT2,871.2,672.0,26.4,698.4,observed_upstream_mainline,1806.0,daily_period_median_fallback_no_congestion,615.8,8249.1,1h_rolling_peak
L405S-030,20:20,NT2,908.4,766.8,31.2,798.0,observed_upstream_mainline,1806.0,daily_period_median_fallback_no_congestion,636.0,8249.1,1h_rolling_peak
L405S-030,20:25,NT2,1014.0,843.6,19.2,862.8000000000001,observed_upstream_mainline,1806.0,daily_period_median_fallback_no_congestion,656.9,8249.1,1h_rolling_peak
L405S-030,20:30,NT2,1078.8,916.8,64.8,981.5999999999999,observed_upstream_mainline,1806.0,daily_period_median_fallback_no_congestion,686.8000000000001,8249.1,1h_rolling_peak
L405S-030,20:35,NT2,1105.8,916.8,55.2,972.0,observed_upstream_mainline,1806.0,daily_period_median_fallback_no_congestion,715.4,8249.1,1h_rolling_peak
L405S-030,20:40,NT2,1160.4,1009.2,76.8,1086.0,observed_upstream_mainline,1806.0,daily_period_median_fallback_no_congestion,756.0,8249.1,1h_rolling_peak
L405S-030,20:45,NT2,1105.2,956.4,50.4,1006.8,observed_upstream_mainline,1806.0,daily_period_median_fallback_no_congestion,789.1999999999999,8249.1,1h_rolling_peak
L405S-030,20:50,NT2,1224.6,1045.2,81.6,1126.8,observed_upstream_mainline,1806.0,daily_period_median_fallback_no_congestion,832.1,8249.1,1h_rolling_peak
L405S-030,20:55,NT2,1231.8,1034.4,74.4,1108.8000000000002,observed_upstream_mainline,1806.0,daily_period_median_fallback_no_congestion,871.9,8249.1,1h_rolling_peak
L405S-030,21:00,NT2,1120.8,892.8,43.2,936.0,observed_upstream_mainline,1806.0,daily_period_median_fallback_no_congestion,896.6,8249.1,1h_rolling_peak
L405S-030,21:05,NT2,1272.6,966.0,55.2,1021.2,observed_upstream_mainline,1806.0,daily_period_median_fallback_no_congestion,934.8000000000001,8249.1,1h_rolling_peak
L405S-030,21:10,NT2,1476.0,1071.6,57.6,1129.1999999999998,observed_upstream_mainline,1806.0,daily_period_median_fallback_no_congestion,977.3000000000001,8249.1,1h_rolling_peak
L405S-030,21:15,NT2,1599.0,1336.8,67.2,1404.0,observed_upstream_mainline,1806.0,daily_period_median_fallback_no_congestion,1036.1,8249.1,1h_rolling_peak
L405S-030,21:20,NT2,1906.8,1620.0,93.6,1713.6,observed_upstream_mainline,1806.0,daily_period_median_fallback_no_congestion,1112.3999999999999,8249.1,1h_rolling_peak
L405S-030,21:25,NT2,2049.0,1920.0,100.8,2020.8,observed_upstream_mainline,1806.0,daily_period_median_fallback_no_congestion,1208.8999999999999,8249.1,1h_rolling_peak
L405S-030,21:30,NT2,2238.6,2115.6,129.6,2245.2,observed_upstream_mainline,1806.0,daily_period_median_fallback_no_congestion,1314.2,8249.1,1h_rolling_peak
L405S-030,21:35,NT2,2293.2,2328.0,204.0,2532.0,observed_upstream_mainline,1806.0,daily_period_median_fallback_no_congestion,1444.1999999999998,8249.1,1h_rolling_peak
L405S-030,21:40,NT2,2484.0,2686.8,264.0,2950.8,observed_upstream_mainline,1806.0,daily_period_median_fallback_no_congestion,1599.6000000000001,8249.1,1h_rolling_peak
L405S-030,21:45,NT2,2635.8,2973.6,230.4,3204.0,observed_upstream_mainline,1806.0,daily_period_median_fallback_no_congestion,1782.7,8249.1,1h_rolling_peak
L405S-030,21:50,NT2,2530.2,2746.8,153.6,2900.4,observed_upstream_mainline,1806.0,daily_period_median_fallback_no_congestion,1930.5,8249.1,1h_rolling_peak
L405S-030,21:55,NT2,2322.6,2455.2,158.4,2613.6,observed_upstream_mainline,1806.0,daily_period_median_fallback_no_congestion,2055.9,8249.1,1h_rolling_peak
L405S-030,22:00,NT2,2366.4,2410.8,146.4,2557.2000000000003,observed_upstream_mainline,1806.0,daily_period_median_fallback_no_congestion,2191.0,8249.1,1h_rolling_peak
L405S-030,22:05,NT2,2336.4,2414.4,153.6,2568.0,observed_upstream_mainline,1806.0,daily_period_median_fallback_no_congestion,2319.9,8249.1,1h_rolling_peak
L405S-030,22:10,NT2,2728.2,2920.8,172.8,3093.6000000000004,observed_upstream_mainline,1806.0,daily_period_median_fallback_no_congestion,2483.6,8249.1,1h_rolling_peak
L405S-030,22:15,NT2,2814.6,3120.0,218.4,3338.4,observed_upstream_mainline,1806.0,daily_period_median_fallback_no_congestion,2644.8,8249.1,1h_rolling_peak
L405S-030,22:20,NT2,3355.8,3618.0,230.4,3848.4,observed_upstream_mainline,1806.0,daily_period_median_fallback_no_congestion,2822.7000000000003,8249.1,1h_rolling_peak
L405S-030,22:25,NT2,3358.2,3902.4,223.2,4125.6,observed_upstream_mainline,1806.0,daily_period_median_fallback_no_congestion,2998.1,8249.1,1h_rolling_peak
L405S-030,22:30,NT2,3687.0,4525.2,268.8,4794.0,observed_upstream_mainline,1806.0,daily_period_median_fallback_no_congestion,3210.5,8249.1,1h_rolling_peak
L405S-030,22:35,NT2,4296.0,5090.4,355.2,5445.599999999999,observed_upstream_mainline,1806.0,daily_period_median_fallback_no_congestion,3453.3000000000006,8249.1,1h_rolling_peak
L405S-030,22:40,NT2,4655.4,5761.2,331.2,6092.4,observed_upstream_mainline,1806.0,daily_period_median_fallback_no_congestion,3715.1,8249.1,1h_rolling_peak
L405S-030,22:45,NT2,5016.6,6134.4,384.0,6518.4,observed_upstream_mainline,1806.0,daily_period_median_fallback_no_congestion,3991.2999999999997,8249.1,1h_rolling_peak
L405S-030,22:50,NT2,4774.2,5907.6,422.4,6330.0,observed_upstream_mainline,1806.0,daily_period_median_fallback_no_congestion,4277.099999999999,8249.1,1h_rolling_peak
L405S-030,22:55,NT2,4858.2,6105.6,307.2,6412.8,observed_upstream_mainline,1806.0,daily_period_median_fallback_no_congestion,4593.7,8249.1,1h_rolling_peak
L405S-030,23:00,NT2,4591.8,5626.8,422.4,6049.2,observed_upstream_mainline,1806.0,daily_period_median_fallback_no_congestion,4884.7,8249.1,1h_rolling_peak
L405S-030,23:05,NT2,4748.4,6040.8,338.4,6379.2,observed_upstream_mainline,1806.0,daily_period_median_fallback_no_congestion,5202.3,8249.1,1h_rolling_peak
L405S-030,23:10,NT2,5456.4,6951.6,424.8,7376.400000000001,observed_upstream_mainline,1806.0,daily_period_median_fallback_no_congestion,5559.200000000001,8249.1,1h_rolling_peak
L405S-030,23:15,NT2,5887.2,7527.6,612.0,8139.6,observed_upstream_mainline,1806.0,daily_period_median_fallback_no_congestion,5959.3,8249.1,1h_rolling_peak
L405S-030,23:20,NT2,6360.6,7905.6,540.0,8445.6,observed_upstream_mainline,1806.0,daily_period_median_fallback_no_congestion,6342.399999999999,8249.1,1h_rolling_peak
L405S-030,23:25,NT2,6777.0,8444.4,693.6,9138.0,observed_upstream_mainline,1806.0,daily_period_median_fallback_no_congestion,6760.099999999999,8249.1,1h_rolling_peak
L405S-030,23:30,NT2,6583.2,8406.0,643.2,9049.2,observed_upstream_mainline,1806.0,daily_period_median_fallback_no_congestion,7114.700000000001,8249.1,1h_rolling_peak
L405S-030,23:35,NT2,7064.4,8287.2,688.8,8976.0,observed_upstream_mainline,1806.0,daily_period_median_fallback_no_congestion,7408.900000000001,8249.1,1h_rolling_peak
L405S-030,23:40,NT2,7270.8,8468.4,724.8,9193.199999999999,observed_upstream_mainline,1806.0,daily_period_median_fallback_no_congestion,7667.3,8249.1,1h_rolling_peak
L405S-030,23:45,NT2,7047.6,8460.0,794.4,9254.4,observed_upstream_mainline,1806.0,daily_period_median_fallback_no_congestion,7895.3,8249.1,1h_rolling_peak
L405S-030,23:50,NT2,6811.8,7886.4,660.0,8546.4,observed_upstream_mainline,1806.0,daily_period_median_fallback_no_congestion,8080.0,8249.1,1h_rolling_peak
L405S-030,23:55,NT2,6578.4,7844.4,597.6,8442.0,observed_upstream_mainline,1806.0,daily_period_median_fallback_no_congestion,8249.1,8249.1,1h_rolling_peak
L405S-030,15:00,PM,2836.8,3146.4,160.8,3307.2000000000003,observed_upstream_mainline,1504.5,daily_period_median_fallback_no_congestion,,2942.7000000000003,1h_rolling_peak
L405S-030,15:05,PM,2743.8,2978.4,112.8,3091.2000000000003,observed_upstream_mainline,1504.5,daily_period_median_fallback_no_congestion,,2942.7000000000003,1h_rolling_peak
L405S-030,15:10,PM,2651.4,3104.4,158.4,3262.8,observed_upstream_mainline,1504.5,daily_period_median_fallback_no_congestion,,2942.7000000000003,1h_rolling_peak
L405S-030,15:15,PM,2650.2,2854.8,168.0,3022.8,observed_upstream_mainline,1504.5,daily_period_median_fallback_no_congestion,,2942.7000000000003,1h_rolling_peak
L405S-030,15:20,PM,2649.0,2925.6,165.6,3091.2,observed_upstream_mainline,1504.5,daily_period_median_fallback_no_congestion,,2942.7000000000003,1h_rolling_peak
L405S-030,15:25,PM,2670.6,3000.0,139.2,3139.2,observed_upstream_mainline,1504.5,daily_period_median_fallback_no_congestion,,2942.7000000000003,1h_rolling_peak
L405S-030,15:30,PM,2357.4,2714.4,120.0,2834.4,observed_upstream_mainline,1504.5,daily_period_median_fallback_no_congestion,,2942.7000000000003,1h_rolling_peak
L405S-030,15:35,PM,2533.2,2715.6,127.2,2842.7999999999997,observed_upstream_mainline,1504.5,daily_period_median_fallback_no_congestion,,2942.7000000000003,1h_rolling_peak
L405S-030,15:40,PM,2479.2,2768.4,158.4,2926.8,observed_upstream_mainline,1504.5,daily_period_median_fallback_no_congestion,,2942.7000000000003,1h_rolling_peak
L405S-030,15:45,PM,2376.6,2593.2,108.0,2701.2,observed_upstream_mainline,1504.5,daily_period_median_fallback_no_congestion,,2942.7000000000003,1h_rolling_peak
L405S-030,15:50,PM,2334.6,2475.6,153.6,2629.2,observed_upstream_mainline,1504.5,daily_period_median_fallback_no_congestion,,2942.7000000000003,1h_rolling_peak
L405S-030,15:55,PM,2235.6,2394.0,69.6,2463.6,observed_upstream_mainline,1504.5,daily_period_median_fallback_no_congestion,2942.7000000000003,2942.7000000000003,1h_rolling_peak
L405S-030,16:00,PM,2106.6,2193.6,146.4,2340.0,observed_upstream_mainline,1504.5,daily_period_median_fallback_no_congestion,2862.1,2942.7000000000003,1h_rolling_peak
L405S-030,16:05,PM,2031.0,2092.8,50.4,2143.2000000000003,observed_upstream_mainline,1504.5,daily_period_median_fallback_no_congestion,2783.1,2942.7000000000003,1h_rolling_peak
L405S-030,16:10,PM,1847.4,2028.0,86.4,2114.4,observed_upstream_mainline,1504.5,daily_period_median_fallback_no_congestion,2687.4,2942.7000000000003,1h_rolling_peak
L405S-030,16:15,PM,2010.0,2210.4,86.4,2296.8,observed_upstream_mainline,1504.5,daily_period_median_fallback_no_congestion,2626.9,2942.7000000000003,1h_rolling_peak
L405S-030,16:20,PM,1999.8,2149.2,84.0,2233.2,observed_upstream_mainline,1504.5,daily_period_median_fallback_no_congestion,2555.4,2942.7000000000003,1h_rolling_peak
L405S-030,16:25,PM,1864.8,2031.6,55.2,2086.7999999999997,observed_upstream_mainline,1504.5,daily_period_median_fallback_no_congestion,2467.7,2942.7000000000003,1h_rolling_peak
L405S-030,16:30,PM,1802.4,1934.4,72.0,2006.4,observed_upstream_mainline,1504.5,daily_period_median_fallback_no_congestion,2398.7000000000003,2942.7000000000003,1h_rolling_peak
L405S-030,16:35,PM,1815.0,1834.8,105.6,1940.3999999999999,observed_upstream_mainline,1504.5,daily_period_median_fallback_no_congestion,2323.4999999999995,2942.7000000000003,1h_rolling_peak
L405S-030,16:40,PM,1720.8,1718.4,105.6,1824.0,observed_upstream_mainline,1504.5,daily_period_median_fallback_no_congestion,2231.6,2942.7000000000003,1h_rolling_peak
L405S-030,16:45,PM,1801.2,1828.8,74.4,1903.2,observed_upstream_mainline,1504.5,daily_period_median_fallback_no_congestion,2165.1,2942.7000000000003,1h_rolling_peak
L405S-030,16:50,PM,1641.0,1653.6,55.2,1708.8,observed_upstream_mainline,1504.5,daily_period_median_fallback_no_congestion,2088.4,2942.7000000000003,1h_rolling_peak
L405S-030,16:55,PM,1604.4,1558.8,67.2,1626.0,observed_upstream_mainline,1504.5,daily_period_median_fallback_no_congestion,2018.5999999999997,2942.7000000000003,1h_rolling_peak
L405S-030,17:00,PM,1484.4,1622.4,33.6,1656.0,observed_upstream_mainline,1504.5,daily_period_median_fallback_no_congestion,1961.5999999999997,2942.7000000000003,1h_rolling_peak
L405S-030,17:05,PM,1381.2,1477.2,69.6,1546.8,observed_upstream_mainline,1504.5,daily_period_median_fallback_no_congestion,1911.9000000000003,2942.7000000000003,1h_rolling_peak
L405S-030,17:10,PM,1336.2,1466.4,74.4,1540.8000000000002,observed_upstream_mainline,1504.5,daily_period_median_fallback_no_congestion,1864.1000000000001,2942.7000000000003,1h_rolling_peak
L405S-030,17:15,PM,1346.4,1399.2,43.2,1442.4,observed_upstream_mainline,1504.5,daily_period_median_fallback_no_congestion,1792.9000000000003,2942.7000000000003,1h_rolling_peak
L405S-030,17:20,PM,1312.8,1327.2,45.6,1372.8,observed_upstream_mainline,1504.5,daily_period_median_fallback_no_congestion,1721.2,2942.7000000000003,1h_rolling_peak
L405S-030,17:25,PM,1246.8,1315.2,36.0,1351.2,observed_upstream_mainline,1504.5,daily_period_median_fallback_no_congestion,1659.9000000000003,2942.7000000000003,1h_rolling_peak
L405S-030,17:30,PM,1231.8,1198.8,31.2,1230.0,observed_upstream_mainline,1504.5,daily_period_median_fallback_no_congestion,1595.2,2942.7000000000003,1h_rolling_peak
L405S-030,17:35,PM,1180.8,1102.8,28.8,1131.6,observed_upstream_mainline,1504.5,daily_period_median_fallback_no_congestion,1527.8000000000002,2942.7000000000003,1h_rolling_peak
L405S-030,17:40,PM,1075.8,958.8,36.0,994.8,observed_upstream_mainline,1504.5,daily_period_median_fallback_no_congestion,1458.7,2942.7000000000003,1h_rolling_peak
L405S-030,17:45,PM,1027.8,885.6,38.4,924.0,observed_upstream_mainline,1504.5,daily_period_median_fallback_no_congestion,1377.1000000000001,2942.7000000000003,1h_rolling_peak
L405S-030,17:50,PM,1231.8,1183.2,36.0,1219.2,observed_upstream_mainline,1504.5,daily_period_median_fallback_no_congestion,1336.3,2942.7000000000003,1h_rolling_peak
L405S-030,17:55,PM,1075.8,970.8,21.6,992.4,observed_upstream_mainline,1504.5,daily_period_median_fallback_no_congestion,1283.5,2942.7000000000003,1h_rolling_peak
L405S-030,18:00,PM,1090.2,925.2,12.0,937.2,observed_upstream_mainline,1504.5,daily_period_median_fallback_no_congestion,1223.6000000000001,2942.7000000000003,1h_rolling_peak
L405S-030,18:05,PM,967.8,774.0,48.0,822.0,observed_upstream_mainline,1504.5,daily_period_median_fallback_no_congestion,1163.2,2942.7000000000003,1h_rolling_peak
L405S-030,18:10,PM,911.4,752.4,45.6,798.0,observed_upstream_mainline,1504.5,daily_period_median_fallback_no_congestion,1101.3,2942.7000000000003,1h_rolling_peak
L405S-030,18:15,PM,947.4,780.0,14.4,794.4,observed_upstream_mainline,1504.5,daily_period_median_fallback_no_congestion,1047.3,2942.7000000000003,1h_rolling_peak
L405S-030,18:20,PM,900.0,740.4,21.6,762.0,observed_upstream_mainline,1504.5,daily_period_median_fallback_no_congestion,996.4000000000001,2942.7000000000003,1h_rolling_peak
L405S-030,18:25,PM,945.0,763.2,19.2,782.4000000000001,observed_upstream_mainline,1504.5,daily_period_median_fallback_no_congestion,949.0,2942.7000000000003,1h_rolling_peak
L405S-030,18:30,PM,906.0,699.6,21.6,721.2,observed_upstream_mainline,1504.5,daily_period_median_fallback_no_congestion,906.6,2942.7000000000003,1h_rolling_peak
L405S-030,18:35,PM,874.8,656.4,28.8,685.1999999999999,observed_upstream_mainline,1504.5,daily_period_median_fallback_no_congestion,869.4,2942.7000000000003,1h_rolling_peak
L405S-030,18:40,PM,889.8,712.8,24.0,736.8,observed_upstream_mainline,1504.5,daily_period_median_fallback_no_congestion,847.9000000000001,2942.7000000000003,1h_rolling_peak
L405S-030,18:45,PM,867.0,661.2,31.2,692.4000000000001,observed_upstream_mainline,1504.5,daily_period_median_fallback_no_congestion,828.6,2942.7000000000003,1h_rolling_peak
L405S-030,18:50,PM,835.8,637.2,14.4,651.6,observed_upstream_mainline,1504.5,daily_period_median_fallback_no_congestion,781.3000000000001,2942.7000000000003,1h_rolling_peak
L405S-030,18:55,PM,774.0,550.8,26.4,577.1999999999999,observed_upstream_mainline,1504.5,daily_period_median_fallback_no_congestion,746.6999999999999,2942.7000000000003,1h_rolling_peak
L405S-058,06:00,AM,6376.8,6160.8,0.0,6160.8,observed_upstream_mainline,7044.0,daily_period_median_fallback_no_congestion,,7119.0,1h_rolling_peak
L405S-058,06:05,AM,6777.6,6286.8,0.0,6286.8,observed_upstream_mainline,7044.0,daily_period_median_fallback_no_congestion,,7119.0,1h_rolling_peak
L405S-058,06:10,AM,6864.0,6672.0,0.0,6672.0,observed_upstream_mainline,7044.0,daily_period_median_fallback_no_congestion,,7119.0,1h_rolling_peak
L405S-058,06:15,AM,6895.2,6621.6,0.0,6621.6,observed_upstream_mainline,7044.0,daily_period_median_fallback_no_congestion,,7119.0,1h_rolling_peak
L405S-058,06:20,AM,6962.4,6742.8,0.0,6742.8,observed_upstream_mainline,7044.0,daily_period_median_fallback_no_congestion,,7119.0,1h_rolling_peak
L405S-058,06:25,AM,7123.2,6663.6,0.0,6663.6,observed_upstream_mainline,7044.0,daily_period_median_fallback_no_congestion,,7119.0,1h_rolling_peak
L405S-058,06:30,AM,7128.0,6864.0,0.0,6864.0,observed_upstream_mainline,7044.0,daily_period_median_fallback_no_congestion,,7119.0,1h_rolling_peak
L405S-058,06:35,AM,7003.2,6832.8,0.0,6832.8,observed_upstream_mainline,7044.0,daily_period_median_fallback_no_congestion,,7119.0,1h_rolling_peak
L405S-058,06:40,AM,7214.4,7243.2,0.0,7243.2,observed_upstream_mainline,7044.0,daily_period_median_fallback_no_congestion,,7119.0,1h_rolling_peak
L405S-058,06:45,AM,7288.8,6968.4,0.0,6968.4,observed_upstream_mainline,7044.0,daily_period_median_fallback_no_congestion,,7119.0,1h_rolling_peak
L405S-058,06:50,AM,6885.6,7106.4,0.0,7106.4,observed_upstream_mainline,7044.0,daily_period_median_fallback_no_congestion,,7119.0,1h_rolling_peak
L405S-058,06:55,AM,6796.8,6784.8,0.0,6784.8,observed_upstream_mainline,7044.0,daily_period_median_fallback_no_congestion,6745.599999999999,7119.0,1h_rolling_peak
L405S-058,07:00,AM,6511.2,6877.2,0.0,6877.2,observed_upstream_mainline,7044.0,daily_period_median_fallback_no_congestion,6805.299999999999,7119.0,1h_rolling_peak
L405S-058,07:05,AM,6626.4,6895.2,0.0,6895.2,observed_upstream_mainline,7044.0,daily_period_median_fallback_no_congestion,6856.0,7119.0,1h_rolling_peak
L405S-058,07:10,AM,6933.6,7198.8,0.0,7198.8,observed_upstream_mainline,7044.0,daily_period_median_fallback_no_congestion,6899.899999999999,7119.0,1h_rolling_peak
L405S-058,07:15,AM,6789.6,7128.0,0.0,7128.0,observed_upstream_mainline,7044.0,daily_period_median_fallback_no_congestion,6942.099999999999,7119.0,1h_rolling_peak
L405S-058,07:20,AM,7320.0,7665.6,0.0,7665.6,observed_upstream_mainline,7044.0,daily_period_median_fallback_no_congestion,7019.0,7119.0,1h_rolling_peak
L405S-058,07:25,AM,6952.8,7057.2,0.0,7057.2,observed_upstream_mainline,7044.0,daily_period_median_fallback_no_congestion,7051.799999999999,7119.0,1h_rolling_peak
L405S-058,07:30,AM,6912.0,7018.8,0.0,7018.8,observed_upstream_mainline,7044.0,daily_period_median_fallback_no_congestion,7064.7,7119.0,1h_rolling_peak
L405S-058,07:35,AM,6729.6,6872.4,0.0,6872.4,observed_upstream_mainline,7044.0,daily_period_median_fallback_no_congestion,7068.0,7119.0,1h_rolling_peak
L405S-058,07:40,AM,7048.8,7456.8,0.0,7456.8,observed_upstream_mainline,7044.0,daily_period_median_fallback_no_congestion,7085.799999999999,7119.0,1h_rolling_peak
L405S-058,07:45,AM,7152.0,7194.0,0.0,7194.0,observed_upstream_mainline,7044.0,daily_period_median_fallback_no_congestion,7104.599999999999,7119.0,1h_rolling_peak
L405S-058,07:50,AM,7276.8,7114.8,0.0,7114.8,observed_upstream_mainline,7044.0,daily_period_median_fallback_no_congestion,7105.3,7119.0,1h_rolling_peak
L405S-058,07:55,AM,7140.0,6949.2,0.0,6949.2,observed_upstream_mainline,7044.0,daily_period_median_fallback_no_congestion,7119.0,7119.0,1h_rolling_peak
L405S-058,08:00,AM,6631.2,6783.6,0.0,6783.6,observed_upstream_mainline,7044.0,daily_period_median_fallback_no_congestion,7111.200000000001,7119.0,1h_rolling_peak
L405S-058,08:05,AM,6878.4,6882.0,0.0,6882.0,observed_upstream_mainline,7044.0,daily_period_median_fallback_no_congestion,7110.099999999999,7119.0,1h_rolling_peak
L405S-058,08:10,AM,6691.2,6979.2,0.0,6979.2,observed_upstream_mainline,7044.0,daily_period_median_fallback_no_congestion,7091.8,7119.0,1h_rolling_peak
L405S-058,08:15,AM,7346.4,7150.8,0.0,7150.8,observed_upstream_mainline,7044.0,daily_period_median_fallback_no_congestion,7093.700000000001,7119.0,1h_rolling_peak
L405S-058,08:20,AM,7312.8,7074.0,0.0,7074.0,observed_upstream_mainline,7044.0,daily_period_median_fallback_no_congestion,7044.400000000001,7119.0,1h_rolling_peak
L405S-058,08:25,AM,7015.2,6624.0,0.0,6624.0,observed_upstream_mainline,7044.0,daily_period_median_fallback_no_congestion,7008.3,7119.0,1h_rolling_peak
L405S-058,08:30,AM,7171.2,6963.6,0.0,6963.6,observed_upstream_mainline,7044.0,daily_period_median_fallback_no_congestion,7003.7,7119.0,1h_rolling_peak
L405S-058,08:35,AM,6972.0,6814.8,0.0,6814.8,observed_upstream_mainline,7044.0,daily_period_median_fallback_no_congestion,6998.900000000001,7119.0,1h_rolling_peak
L405S-058,08:40,AM,7468.8,6523.2,0.0,6523.2,observed_upstream_mainline,7044.0,daily_period_median_fallback_no_congestion,6921.100000000001,7119.0,1h_rolling_peak
L405S-058,08:45,AM,7236.0,6786.0,0.0,6786.0,observed_upstream_mainline,7044.0,daily_period_median_fallback_no_congestion,6887.100000000001,7119.0,1h_rolling_peak
L405S-058,08:50,AM,6964.8,6409.2,0.0,6409.2,observed_upstream_mainline,7044.0,daily_period_median_fallback_no_congestion,6828.3,7119.0,1h_rolling_peak
L405S-058,08:55,AM,7058.4,6693.6,0.0,6693.6,observed_upstream_mainline,7044.0,daily_period_median_fallback_no_congestion,6807.0,7119.0,1h_rolling_peak
L405S-058,09:00,AM,6760.8,6409.2,0.0,6409.2,observed_upstream_mainline,7044.0,daily_period_median_fallback_no_congestion,6775.8,7119.0,1h_rolling_peak
L405S-058,09:05,AM,6259.2,6586.8,0.0,6586.8,observed_upstream_mainline,7044.0,daily_period_median_fallback_no_congestion,6751.2,7119.0,1h_rolling_peak
L405S-058,09:10,AM,7245.6,6750.0,0.0,6750.0,observed_upstream_mainline,7044.0,daily_period_median_fallback_no_congestion,6732.099999999999,7119.0,1h_rolling_peak
L405S-058,09:15,AM,7003.2,7094.4,0.0,7094.4,observed_upstream_mainline,7044.0,daily_period_median_fallback_no_congestion,6727.400000000001,7119.0,1h_rolling_peak
L405S-058,09:20,AM,6967.2,6690.0,0.0,6690.0,observed_upstream_mainline,7044.0,daily_period_median_fallback_no_congestion,6695.400000000001,7119.0,1h_rolling_peak
L405S-058,09:25,AM,6609.6,6529.2,0.0,6529.2,observed_upstream_mainline,7044.0,daily_period_median_fallback_no_congestion,6687.5,7119.0,1h_rolling_peak
L405S-058,09:30,AM,6727.2,6163.2,0.0,6163.2,observed_upstream_mainline,7044.0,daily_period_median_fallback_no_congestion,6620.799999999999,7119.0,1h_rolling_peak
L405S-058,09:35,AM,6847.2,6391.2,0.0,6391.2,observed_upstream_mainline,7044.0,daily_period_median_fallback_no_congestion,6585.5,7119.0,1h_rolling_peak
L405S-058,09:40,AM,6945.6,6381.6,0.0,6381.6,observed_upstream_mainline,7044.0,daily_period_median_fallback_no_congestion,6573.7,7119.0,1h_rolling_peak
L405S-058,09:45,AM,7286.4,6372.0,0.0,6372.0,observed_upstream_mainline,7044.0,daily_period_median_fallback_no_congestion,6539.2,7119.0,1h_rolling_peak
L405S-058,09:50,AM,6897.6,6247.2,0.0,6247.2,observed_upstream_mainline,7044.0,daily_period_median_fallback_no_congestion,6525.7,7119.0,1h_rolling_peak
L405S-058,09:55,AM,6758.4,5996.4,0.0,5996.4,observed_upstream_mainline,7044.0,daily_period_median_fallback_no_congestion,6467.599999999999,7119.0,1h_rolling_peak
L405S-058,10:00,MD,6391.2,5893.2,0.0,5893.2,observed_upstream_mainline,5412.0,daily_period_median_fallback_no_congestion,,6265.799999999999,1h_rolling_peak
L405S-058,10:05,MD,6739.2,6220.8,0.0,6220.8,observed_upstream_mainline,5412.0,daily_period_median_fallback_no_congestion,,6265.799999999999,1h_rolling_peak
L405S-058,10:10,MD,7156.8,6444.0,0.0,6444.0,observed_upstream_mainline,5412.0,daily_period_median_fallback_no_congestion,,6265.799999999999,1h_rolling_peak
L405S-058,10:15,MD,6888.0,6346.8,0.0,6346.8,observed_upstream_mainline,5412.0,daily_period_median_fallback_no_congestion,,6265.799999999999,1h_rolling_peak
L405S-058,10:20,MD,7118.4,6384.0,0.0,6384.0,observed_upstream_mainline,5412.0,daily_period_median_fallback_no_congestion,,6265.799999999999,1h_rolling_peak
L405S-058,10:25,MD,6657.6,6483.6,0.0,6483.6,observed_upstream_mainline,5412.0,daily_period_median_fallback_no_congestion,,6265.799999999999,1h_rolling_peak
L405S-058,10:30,MD,6177.6,6062.4,0.0,6062.4,observed_upstream_mainline,5412.0,daily_period_median_fallback_no_congestion,,6265.799999999999,1h_rolling_peak
L405S-058,10:35,MD,5716.8,5739.6,0.0,5739.6,observed_upstream_mainline,5412.0,daily_period_median_fallback_no_congestion,,6265.799999999999,1h_rolling_peak
L405S-058,10:40,MD,6220.8,6195.6,0.0,6195.6,observed_upstream_mainline,5412.0,daily_period_median_fallback_no_congestion,,6265.799999999999,1h_rolling_peak
L405S-058,10:45,MD,6499.2,6094.8,0.0,6094.8,observed_upstream_mainline,5412.0,daily_period_median_fallback_no_congestion,,6265.799999999999,1h_rolling_peak
L405S-058,10:50,MD,6324.0,5866.8,0.0,5866.8,observed_upstream_mainline,5412.0,daily_period_median_fallback_no_congestion,,6265.799999999999,1h_rolling_peak
L405S-058,10:55,MD,6355.2,6168.0,0.0,6168.0,observed_upstream_mainline,5412.0,daily_period_median_fallback_no_congestion,6158.3,6265.799999999999,1h_rolling_peak
L405S-058,11:00,MD,5844.0,6081.6,0.0,6081.6,observed_upstream_mainline,5412.0,daily_period_median_fallback_no_congestion,6174.0,6265.799999999999,1h_rolling_peak
L405S-058,11:05,MD,5572.8,6000.0,0.0,6000.0,observed_upstream_mainline,5412.0,daily_period_median_fallback_no_congestion,6155.599999999999,6265.799999999999,1h_rolling_peak
L405S-058,11:10,MD,6151.2,6289.2,0.0,6289.2,observed_upstream_mainline,5412.0,daily_period_median_fallback_no_congestion,6142.7,6265.799999999999,1h_rolling_peak
L405S-058,11:15,MD,6520.8,6541.2,0.0,6541.2,observed_upstream_mainline,5412.0,daily_period_median_fallback_no_congestion,6158.900000000001,6265.799999999999,1h_rolling_peak
L405S-058,11:20,MD,7072.8,6454.8,0.0,6454.8,observed_upstream_mainline,5412.0,daily_period_median_fallback_no_congestion,6164.8,6265.799999999999,1h_rolling_peak
L405S-058,11:25,MD,6686.4,6390.0,0.0,6390.0,observed_upstream_mainline,5412.0,daily_period_median_fallback_no_congestion,6157.0,6265.799999999999,1h_rolling_peak
L405S-058,11:30,MD,6369.6,6343.2,0.0,6343.2,observed_upstream_mainline,5412.0,daily_period_median_fallback_no_congestion,6180.400000000001,6265.799999999999,1h_rolling_peak
L405S-058,11:35,MD,5712.0,6176.4,0.0,6176.4,observed_upstream_mainline,5412.0,daily_period_median_fallback_no_congestion,6216.8,6265.799999999999,1h_rolling_peak
L405S-058,11:40,MD,6163.2,6470.4,0.0,6470.4,observed_upstream_mainline,5412.0,daily_period_median_fallback_no_congestion,6239.7,6265.799999999999,1h_rolling_peak
L405S-058,11:45,MD,5896.8,5996.4,0.0,5996.4,observed_upstream_mainline,5412.0,daily_period_median_fallback_no_congestion,6231.5,6265.799999999999,1h_rolling_peak
L405S-058,11:50,MD,5959.2,6278.4,0.0,6278.4,observed_upstream_mainline,5412.0,daily_period_median_fallback_no_congestion,6265.799999999999,6265.799999999999,1h_rolling_peak
L405S-058,11:55,MD,5709.6,5968.8,0.0,5968.8,observed_upstream_mainline,5412.0,daily_period_median_fallback_no_congestion,6249.2,6265.799999999999,1h_rolling_peak
L405S-058,12:00,MD,5524.8,6006.0,0.0,6006.0,observed_upstream_mainline,5412.0,daily_period_median_fallback_no_congestion,6242.900000000001,6265.799999999999,1h_rolling_peak
L405S-058,12:05,MD,5889.6,6057.6,0.0,6057.6,observed_upstream_mainline,5412.0,daily_period_median_fallback_no_congestion,6247.700000000001,6265.799999999999,1h_rolling_peak
L405S-058,12:10,MD,5935.2,6014.4,0.0,6014.4,observed_upstream_mainline,5412.0,daily_period_median_fallback_no_congestion,6224.8,6265.799999999999,1h_rolling_peak
L405S-058,12:15,MD,5618.4,5988.0,0.0,5988.0,observed_upstream_mainline,5412.0,daily_period_median_fallback_no_congestion,6178.7,6265.799999999999,1h_rolling_peak
L405S-058,12:20,MD,5354.4,5594.4,0.0,5594.4,observed_upstream_mainline,5412.0,daily_period_median_fallback_no_congestion,6107.0,6265.799999999999,1h_rolling_peak
L405S-058,12:25,MD,5536.8,5700.0,0.0,5700.0,observed_upstream_mainline,5412.0,daily_period_median_fallback_no_congestion,6049.5,6265.799999999999,1h_rolling_peak
L405S-058,12:30,MD,5385.6,5514.0,0.0,5514.0,observed_upstream_mainline,5412.0,daily_period_median_fallback_no_congestion,5980.399999999999,6265.799999999999,1h_rolling_peak
L405S-058,12:35,MD,5930.4,5418.0,0.0,5418.0,observed_upstream_mainline,5412.0,daily_period_median_fallback_no_congestion,5917.2,6265.799999999999,1h_rolling_peak
L405S-058,12:40,MD,6108.0,5404.8,0.0,5404.8,observed_upstream_mainline,5412.0,daily_period_median_fallback_no_congestion,5828.400000000001,6265.799999999999,1h_rolling_peak
L405S-058,12:45,MD,5421.6,5112.0,0.0,5112.0,observed_upstream_mainline,5412.0,daily_period_median_fallback_no_congestion,5754.7,6265.799999999999,1h_rolling_peak
L405S-058,12:50,MD,5220.0,5456.4,0.0,5456.4,observed_upstream_mainline,5412.0,daily_period_median_fallback_no_congestion,5686.200000000001,6265.799999999999,1h_rolling_peak
L405S-058,12:55,MD,4824.0,5016.0,0.0,5016.0,observed_upstream_mainline,5412.0,daily_period_median_fallback_no_congestion,5606.8,6265.799999999999,1h_rolling_peak
L405S-058,13:00,MD,4980.0,4869.6,0.0,4869.6,observed_upstream_mainline,5412.0,daily_period_median_fallback_no_congestion,5512.099999999999,6265.799999999999,1h_rolling_peak
L405S-058,13:05,MD,5196.0,5137.2,0.0,5137.2,observed_upstream_mainline,5412.0,daily_period_median_fallback_no_congestion,5435.400000000001,6265.799999999999,1h_rolling_peak
L405S-058,13:10,MD,5095.2,4578.0,0.0,4578.0,observed_upstream_mainline,5412.0,daily_period_median_fallback_no_congestion,5315.7,6265.799999999999,1h_rolling_peak
L405S-058,13:15,MD,5155.2,4390.8,0.0,4390.8,observed_upstream_mainline,5412.0,daily_period_median_fallback_no_congestion,5182.599999999999,6265.799999999999,1h_rolling_peak
L405S-058,13:20,MD,5220.0,4736.4,0.0,4736.4,observed_upstream_mainline,5412.0,daily_period_median_fallback_no_congestion,5111.099999999999,6265.799999999999,1h_rolling_peak
L405S-058,13:25,MD,5076.0,4180.8,0.0,4180.8,observed_upstream_mainline,5412.0,daily_period_median_fallback_no_congestion,4984.5,6265.799999999999,1h_rolling_peak
L405S-058,13:30,MD,5107.2,4543.2,0.0,4543.2,observed_upstream_mainline,5412.0,daily_period_median_fallback_no_congestion,4903.599999999999,6265.799999999999,1h_rolling_peak
L405S-058,13:35,MD,4939.2,4423.2,0.0,4423.2,observed_upstream_mainline,5412.0,daily_period_median_fallback_no_congestion,4820.7,6265.799999999999,1h_rolling_peak
L405S-058,13:40,MD,4692.0,4299.6,0.0,4299.6,observed_upstream_mainline,5412.0,daily_period_median_fallback_no_congestion,4728.6,6265.799999999999,1h_rolling_peak
L405S-058,13:45,MD,4346.4,4480.8,0.0,4480.8,observed_upstream_mainline,5412.0,daily_period_median_fallback_no_congestion,4676.0,6265.799999999999,1h_rolling_peak
L405S-058,13:50,MD,4344.0,4269.6,0.0,4269.6,observed_upstream_mainline,5412.0,daily_period_median_fallback_no_congestion,4577.1,6265.799999999999,1h_rolling_peak
L405S-058,13:55,MD,4418.4,4276.8,0.0,4276.8,observed_upstream_mainline,5412.0,daily_period_median_fallback_no_congestion,4515.5,6265.799999999999,1h_rolling_peak
L405S-058,14:00,MD,4200.0,4096.8,0.0,4096.8,observed_upstream_mainline,5412.0,daily_period_median_fallback_no_congestion,4451.1,6265.799999999999,1h_rolling_peak
L405S-058,14:05,MD,4483.2,4179.6,0.0,4179.6,observed_upstream_mainline,5412.0,daily_period_median_fallback_no_congestion,4371.3,6265.799999999999,1h_rolling_peak
L405S-058,14:10,MD,4485.6,4129.2,0.0,4129.2,observed_upstream_mainline,5412.0,daily_period_median_fallback_no_congestion,4333.900000000001,6265.799999999999,1h_rolling_peak
L405S-058,14:15,MD,4845.6,4058.4,0.0,4058.4,observed_upstream_mainline,5412.0,daily_period_median_fallback_no_congestion,4306.2,6265.799999999999,1h_rolling_peak
L405S-058,14:20,MD,4634.4,4026.0,0.0,4026.0,observed_upstream_mainline,5412.0,daily_period_median_fallback_no_congestion,4247.0,6265.799999999999,1h_rolling_peak
L405S-058,14:25,MD,4507.2,4216.8,0.0,4216.8,observed_upstream_mainline,5412.0,daily_period_median_fallback_no_congestion,4250.0,6265.799999999999,1h_rolling_peak
L405S-058,14:30,MD,4840.8,3963.6,0.0,3963.6,observed_upstream_mainline,5412.0,daily_period_median_fallback_no_congestion,4201.7,6265.799999999999,1h_rolling_peak
L405S-058,14:35,MD,4550.4,3864.0,0.0,3864.0,observed_upstream_mainline,5412.0,daily_period_median_fallback_no_congestion,4155.099999999999,6265.799999999999,1h_rolling_peak
L405S-058,14:40,MD,4584.0,3522.0,0.0,3522.0,observed_upstream_mainline,5412.0,daily_period_median_fallback_no_congestion,4090.2999999999997,6265.799999999999,1h_rolling_peak
L405S-058,14:45,MD,4639.2,3594.0,0.0,3594.0,observed_upstream_mainline,5412.0,daily_period_median_fallback_no_congestion,4016.4,6265.799999999999,1h_rolling_peak
L405S-058,14:50,MD,4353.6,3648.0,0.0,3648.0,observed_upstream_mainline,5412.0,daily_period_median_fallback_no_congestion,3964.6,6265.799999999999,1h_rolling_peak
L405S-058,14:55,MD,4034.4,3546.0,0.0,3546.0,observed_upstream_mainline,5412.0,daily_period_median_fallback_no_congestion,3903.7000000000003,6265.799999999999,1h_rolling_peak
L405S-058,00:00,NT1,8702.4,6793.2,0.0,6793.2,observed_upstream_mainline,7674.0,daily_congested_median_across_weekdays,,6859.5,1h_rolling_peak
L405S-058,00:05,NT1,8712.0,6654.0,0.0,6654.0,observed_upstream_mainline,7674.0,daily_congested_median_across_weekdays,,6859.5,1h_rolling_peak
L405S-058,00:10,NT1,8592.0,6834.0,0.0,6834.0,observed_upstream_mainline,7674.0,daily_congested_median_across_weekdays,,6859.5,1h_rolling_peak
L405S-058,00:15,NT1,8476.8,6914.4,0.0,6914.4,observed_upstream_mainline,7674.0,daily_congested_median_across_weekdays,,6859.5,1h_rolling_peak
L405S-058,00:20,NT1,8853.6,6932.4,0.0,6932.4,observed_upstream_mainline,7674.0,daily_congested_median_across_weekdays,,6859.5,1h_rolling_peak
L405S-058,00:25,NT1,8436.0,6958.8,0.0,6958.8,observed_upstream_mainline,7674.0,daily_congested_median_across_weekdays,,6859.5,1h_rolling_peak
L405S-058,00:30,NT1,8479.2,6896.4,0.0,6896.4,observed_upstream_mainline,7674.0,daily_congested_median_across_weekdays,,6859.5,1h_rolling_peak
L405S-058,00:35,NT1,8356.8,7036.8,0.0,7036.8,observed_upstream_mainline,7674.0,daily_congested_median_across_weekdays,,6859.5,1h_rolling_peak
L405S-058,00:40,NT1,8544.0,7110.0,0.0,7110.0,observed_upstream_mainline,7674.0,daily_congested_median_across_weekdays,,6859.5,1h_rolling_peak
L405S-058,00:45,NT1,8292.0,6862.8,0.0,6862.8,observed_upstream_mainline,7674.0,daily_congested_median_across_weekdays,,6859.5,1h_rolling_peak
L405S-058,00:50,NT1,8018.4,6600.0,0.0,6600.0,observed_upstream_mainline,7674.0,daily_congested_median_across_weekdays,,6859.5,1h_rolling_peak
L405S-058,00:55,NT1,8054.4,6721.2,0.0,6721.2,observed_upstream_mainline,7674.0,daily_congested_median_across_weekdays,6859.5,6859.5,1h_rolling_peak
L405S-058,01:00,NT1,7864.8,6501.6,0.0,6501.6,observed_upstream_mainline,7674.0,daily_congested_median_across_weekdays,6835.200000000001,6859.5,1h_rolling_peak
L405S-058,01:05,NT1,8174.4,6884.4,0.0,6884.4,observed_upstream_mainline,7674.0,daily_congested_median_across_weekdays,6854.400000000001,6859.5,1h_rolling_peak
L405S-058,01:10,NT1,7922.4,6511.2,0.0,6511.2,observed_upstream_mainline,7674.0,daily_congested_median_across_weekdays,6827.5,6859.5,1h_rolling_peak
L405S-058,01:15,NT1,7905.6,6660.0,0.0,6660.0,observed_upstream_mainline,7674.0,daily_congested_median_across_weekdays,6806.299999999999,6859.5,1h_rolling_peak
L405S-058,01:20,NT1,7579.2,6270.0,0.0,6270.0,observed_upstream_mainline,7674.0,daily_congested_median_across_weekdays,6751.099999999999,6859.5,1h_rolling_peak
L405S-058,01:25,NT1,7680.0,6426.0,0.0,6426.0,observed_upstream_mainline,7674.0,daily_congested_median_across_weekdays,6706.7,6859.5,1h_rolling_peak
L405S-058,01:30,NT1,7819.2,6561.6,0.0,6561.6,observed_upstream_mainline,7674.0,daily_congested_median_across_weekdays,6678.8,6859.5,1h_rolling_peak
L405S-058,01:35,NT1,7800.0,6316.8,0.0,6316.8,observed_upstream_mainline,7674.0,daily_congested_median_across_weekdays,6618.8,6859.5,1h_rolling_peak
L405S-058,01:40,NT1,7531.2,6228.0,0.0,6228.0,observed_upstream_mainline,7674.0,daily_congested_median_across_weekdays,6545.3,6859.5,1h_rolling_peak
L405S-058,01:45,NT1,7833.6,6536.4,0.0,6536.4,observed_upstream_mainline,7674.0,daily_congested_median_across_weekdays,6518.099999999999,6859.5,1h_rolling_peak
L405S-058,01:50,NT1,7884.0,6397.2,0.0,6397.2,observed_upstream_mainline,7674.0,daily_congested_median_across_weekdays,6501.2,6859.5,1h_rolling_peak
L405S-058,01:55,NT1,7869.6,5970.0,0.0,5970.0,observed_upstream_mainline,7674.0,daily_congested_median_across_weekdays,6438.599999999999,6859.5,1h_rolling_peak
L405S-058,02:00,NT1,7776.0,6482.4,0.0,6482.4,observed_upstream_mainline,7674.0,daily_congested_median_across_weekdays,6437.0,6859.5,1h_rolling_peak
L405S-058,02:05,NT1,7809.6,6585.6,0.0,6585.6,observed_upstream_mainline,7674.0,daily_congested_median_across_weekdays,6412.099999999999,6859.5,1h_rolling_peak
L405S-058,02:10,NT1,8006.4,6560.4,0.0,6560.4,observed_upstream_mainline,7674.0,daily_congested_median_across_weekdays,6416.2,6859.5,1h_rolling_peak
L405S-058,02:15,NT1,7689.6,6154.8,0.0,6154.8,observed_upstream_mainline,7674.0,daily_congested_median_across_weekdays,6374.099999999999,6859.5,1h_rolling_peak
L405S-058,02:20,NT1,7809.6,6298.8,0.0,6298.8,observed_upstream_mainline,7674.0,daily_congested_median_across_weekdays,6376.5,6859.5,1h_rolling_peak
L405S-058,02:25,NT1,7804.8,6130.8,0.0,6130.8,observed_upstream_mainline,7674.0,daily_congested_median_across_weekdays,6351.900000000001,6859.5,1h_rolling_peak
L405S-058,02:30,NT1,7780.8,6362.4,0.0,6362.4,observed_upstream_mainline,7674.0,daily_congested_median_across_weekdays,6335.299999999999,6859.5,1h_rolling_peak
L405S-058,02:35,NT1,7946.4,6555.6,0.0,6555.6,observed_upstream_mainline,7674.0,daily_congested_median_across_weekdays,6355.2,6859.5,1h_rolling_peak
L405S-058,02:40,NT1,7960.8,6506.4,0.0,6506.4,observed_upstream_mainline,7674.0,daily_congested_median_across_weekdays,6378.399999999999,6859.5,1h_rolling_peak
L405S-058,02:45,NT1,7752.0,6567.6,0.0,6567.6,observed_upstream_mainline,7674.0,daily_congested_median_across_weekdays,6381.0,6859.5,1h_rolling_peak
L405S-058,02:50,NT1,7629.6,6165.6,0.0,6165.6,observed_upstream_mainline,7674.0,daily_congested_median_across_weekdays,6361.700000000001,6859.5,1h_rolling_peak
L405S-058,02:55,NT1,7744.8,6368.4,0.0,6368.4,observed_upstream_mainline,7674.0,daily_congested_median_across_weekdays,6394.900000000001,6859.5,1h_rolling_peak
L405S-058,03:00,NT1,7123.2,6348.0,0.0,6348.0,observed_upstream_mainline,7674.0,daily_congested_median_across_weekdays,6383.7,6859.5,1h_rolling_peak
L405S-058,03:05,NT1,6885.6,5896.8,0.0,5896.8,observed_upstream_mainline,7674.0,daily_congested_median_across_weekdays,6326.3,6859.5,1h_rolling_peak
L405S-058,03:10,NT1,6552.0,5792.4,0.0,5792.4,observed_upstream_mainline,7674.0,daily_congested_median_across_weekdays,6262.3,6859.5,1h_rolling_peak
L405S-058,03:15,NT1,7065.6,6234.0,0.0,6234.0,observed_upstream_mainline,7674.0,daily_congested_median_across_weekdays,6268.900000000001,6859.5,1h_rolling_peak
L405S-058,03:20,NT1,6895.2,5703.6,0.0,5703.6,observed_upstream_mainline,7674.0,daily_congested_median_across_weekdays,6219.3,6859.5,1h_rolling_peak
L405S-058,03:25,NT1,7154.4,6188.4,0.0,6188.4,observed_upstream_mainline,7674.0,daily_congested_median_across_weekdays,6224.099999999999,6859.5,1h_rolling_peak
L405S-058,03:30,NT1,7147.2,6238.8,0.0,6238.8,observed_upstream_mainline,7674.0,daily_congested_median_across_weekdays,6213.8,6859.5,1h_rolling_peak
L405S-058,03:35,NT1,6619.2,6079.2,0.0,6079.2,observed_upstream_mainline,7674.0,daily_congested_median_across_weekdays,6174.099999999999,6859.5,1h_rolling_peak
L405S-058,03:40,NT1,7214.4,6244.8,0.0,6244.8,observed_upstream_mainline,7674.0,daily_congested_median_across_weekdays,6152.3,6859.5,1h_rolling_peak
L405S-058,03:45,NT1,7132.8,5989.2,0.0,5989.2,observed_upstream_mainline,7674.0,daily_congested_median_across_weekdays,6104.099999999999,6859.5,1h_rolling_peak
L405S-058,03:50,NT1,7380.0,6140.4,0.0,6140.4,observed_upstream_mainline,7674.0,daily_congested_median_across_weekdays,6102.0,6859.5,1h_rolling_peak
L405S-058,03:55,NT1,7034.4,5803.2,0.0,5803.2,observed_upstream_mainline,7674.0,daily_congested_median_across_weekdays,6054.900000000001,6859.5,1h_rolling_peak
L405S-058,04:00,NT1,6578.4,6033.6,0.0,6033.6,observed_upstream_mainline,7674.0,daily_congested_median_across_weekdays,6028.7,6859.5,1h_rolling_peak
L405S-058,04:05,NT1,6856.8,6139.2,0.0,6139.2,observed_upstream_mainline,7674.0,daily_congested_median_across_weekdays,6048.899999999999,6859.5,1h_rolling_peak
L405S-058,04:10,NT1,6717.6,6019.2,0.0,6019.2,observed_upstream_mainline,7674.0,daily_congested_median_across_weekdays,6067.8,6859.5,1h_rolling_peak
L405S-058,04:15,NT1,7120.8,6110.4,0.0,6110.4,observed_upstream_mainline,7674.0,daily_congested_median_across_weekdays,6057.5,6859.5,1h_rolling_peak
L405S-058,04:20,NT1,6808.8,6297.6,0.0,6297.6,observed_upstream_mainline,7674.0,daily_congested_median_across_weekdays,6107.0,6859.5,1h_rolling_peak
L405S-058,04:25,NT1,7236.0,6357.6,0.0,6357.6,observed_upstream_mainline,7674.0,daily_congested_median_across_weekdays,6121.099999999999,6859.5,1h_rolling_peak
L405S-058,04:30,NT1,6928.8,6110.4,0.0,6110.4,observed_upstream_mainline,7674.0,daily_congested_median_across_weekdays,6110.400000000001,6859.5,1h_rolling_peak
L405S-058,04:35,NT1,7087.2,6266.4,0.0,6266.4,observed_upstream_mainline,7674.0,daily_congested_median_across_weekdays,6126.0,6859.5,1h_rolling_peak
L405S-058,04:40,NT1,7226.4,6126.0,0.0,6126.0,observed_upstream_mainline,7674.0,daily_congested_median_across_weekdays,6116.099999999999,6859.5,1h_rolling_peak
L405S-058,04:45,NT1,7044.0,6218.4,0.0,6218.4,observed_upstream_mainline,7674.0,daily_congested_median_across_weekdays,6135.2,6859.5,1h_rolling_peak
L405S-058,04:50,NT1,7070.4,6165.6,0.0,6165.6,observed_upstream_mainline,7674.0,daily_congested_median_across_weekdays,6137.3,6859.5,1h_rolling_peak
L405S-058,04:55,NT1,7096.8,6214.8,0.0,6214.8,observed_upstream_mainline,7674.0,daily_congested_median_across_weekdays,6171.599999999999,6859.5,1h_rolling_peak
L405S-058,05:00,NT1,6739.2,5868.0,0.0,5868.0,observed_upstream_mainline,7674.0,daily_congested_median_across_weekdays,6157.8,6859.5,1h_rolling_peak
L405S-058,05:05,NT1,6506.4,5757.6,0.0,5757.6,observed_upstream_mainline,7674.0,daily_congested_median_across_weekdays,6126.0,6859.5,1h_rolling_peak
L405S-058,05:10,NT1,6938.4,6020.4,0.0,6020.4,observed_upstream_mainline,7674.0,daily_congested_median_across_weekdays,6126.099999999999,6859.5,1h_rolling_peak
L405S-058,05:15,NT1,7214.4,6316.8,0.0,6316.8,observed_upstream_mainline,7674.0,daily_congested_median_across_weekdays,6143.3,6859.5,1h_rolling_peak
L405S-058,05:20,NT1,7164.0,6354.0,0.0,6354.0,observed_upstream_mainline,7674.0,daily_congested_median_across_weekdays,6148.0,6859.5,1h_rolling_peak
L405S-058,05:25,NT1,6938.4,6378.0,0.0,6378.0,observed_upstream_mainline,7674.0,daily_congested_median_across_weekdays,6149.700000000001,6859.5,1h_rolling_peak
L405S-058,05:30,NT1,6780.0,6266.4,0.0,6266.4,observed_upstream_mainline,7674.0,daily_congested_median_across_weekdays,6162.7,6859.5,1h_rolling_peak
L405S-058,05:35,NT1,6964.8,6465.6,0.0,6465.6,observed_upstream_mainline,7674.0,daily_congested_median_across_weekdays,6179.3,6859.5,1h_rolling_peak
L405S-058,05:40,NT1,7305.6,6462.0,0.0,6462.0,observed_upstream_mainline,7674.0,daily_congested_median_across_weekdays,6207.3,6859.5,1h_rolling_peak
L405S-058,05:45,NT1,7389.6,6451.2,0.0,6451.2,observed_upstream_mainline,7674.0,daily_congested_median_across_weekdays,6226.700000000001,6859.5,1h_rolling_peak
L405S-058,05:50,NT1,7010.4,6262.8,0.0,6262.8,observed_upstream_mainline,7674.0,daily_congested_median_across_weekdays,6234.8,6859.5,1h_rolling_peak
L405S-058,05:55,NT1,6885.6,6241.2,0.0,6241.2,observed_upstream_mainline,7674.0,daily_congested_median_across_weekdays,6237.0,6859.5,1h_rolling_peak
L405S-058,19:00,NT2,1022.4,756.0,0.0,756.0,observed_upstream_mainline,2814.0,daily_period_median_fallback_no_congestion,,6148.100000000001,1h_rolling_peak
L405S-058,19:05,NT2,996.0,861.6,0.0,861.6,observed_upstream_mainline,2814.0,daily_period_median_fallback_no_congestion,,6148.100000000001,1h_rolling_peak
L405S-058,19:10,NT2,1108.8,760.8,0.0,760.8,observed_upstream_mainline,2814.0,daily_period_median_fallback_no_congestion,,6148.100000000001,1h_rolling_peak
L405S-058,19:15,NT2,1048.8,568.8,0.0,568.8,observed_upstream_mainline,2814.0,daily_period_median_fallback_no_congestion,,6148.100000000001,1h_rolling_peak
L405S-058,19:20,NT2,1036.8,426.0,0.0,426.0,observed_upstream_mainline,2814.0,daily_period_median_fallback_no_congestion,,6148.100000000001,1h_rolling_peak
L405S-058,19:25,NT2,1065.6,411.6,0.0,411.6,observed_upstream_mainline,2814.0,daily_period_median_fallback_no_congestion,,6148.100000000001,1h_rolling_peak
L405S-058,19:30,NT2,1008.0,373.2,0.0,373.2,observed_upstream_mainline,2814.0,daily_period_median_fallback_no_congestion,,6148.100000000001,1h_rolling_peak
L405S-058,19:35,NT2,1111.2,460.8,0.0,460.8,observed_upstream_mainline,2814.0,daily_period_median_fallback_no_congestion,,6148.100000000001,1h_rolling_peak
L405S-058,19:40,NT2,1065.6,436.8,0.0,436.8,observed_upstream_mainline,2814.0,daily_period_median_fallback_no_congestion,,6148.100000000001,1h_rolling_peak
L405S-058,19:45,NT2,1104.0,505.2,0.0,505.2,observed_upstream_mainline,2814.0,daily_period_median_fallback_no_congestion,,6148.100000000001,1h_rolling_peak
L405S-058,19:50,NT2,1058.4,433.2,0.0,433.2,observed_upstream_mainline,2814.0,daily_period_median_fallback_no_congestion,,6148.100000000001,1h_rolling_peak
L405S-058,19:55,NT2,1044.0,390.0,0.0,390.0,observed_upstream_mainline,2814.0,daily_period_median_fallback_no_congestion,532.0,6148.100000000001,1h_rolling_peak
L405S-058,20:00,NT2,1005.6,415.2,0.0,415.2,observed_upstream_mainline,2814.0,daily_period_median_fallback_no_congestion,503.59999999999997,6148.100000000001,1h_rolling_peak
L405S-058,20:05,NT2,1142.4,456.0,0.0,456.0,observed_upstream_mainline,2814.0,daily_period_median_fallback_no_congestion,469.79999999999995,6148.100000000001,1h_rolling_peak
L405S-058,20:10,NT2,1243.2,483.6,0.0,483.6,observed_upstream_mainline,2814.0,daily_period_median_fallback_no_congestion,446.70000000000005,6148.100000000001,1h_rolling_peak
L405S-058,20:15,NT2,1272.0,690.0,0.0,690.0,observed_upstream_mainline,2814.0,daily_period_median_fallback_no_congestion,456.8,6148.100000000001,1h_rolling_peak
L405S-058,20:20,NT2,1336.8,938.4,0.0,938.4,observed_upstream_mainline,2814.0,daily_period_median_fallback_no_congestion,499.5,6148.100000000001,1h_rolling_peak
L405S-058,20:25,NT2,1466.4,1036.8,0.0,1036.8,observed_upstream_mainline,2814.0,daily_period_median_fallback_no_congestion,551.6,6148.100000000001,1h_rolling_peak
L405S-058,20:30,NT2,1564.8,1128.0,0.0,1128.0,observed_upstream_mainline,2814.0,daily_period_median_fallback_no_congestion,614.5,6148.100000000001,1h_rolling_peak
L405S-058,20:35,NT2,1514.4,1168.8,0.0,1168.8,observed_upstream_mainline,2814.0,daily_period_median_fallback_no_congestion,673.5,6148.100000000001,1h_rolling_peak
L405S-058,20:40,NT2,1725.6,1324.8,0.0,1324.8,observed_upstream_mainline,2814.0,daily_period_median_fallback_no_congestion,747.5,6148.100000000001,1h_rolling_peak
L405S-058,20:45,NT2,1833.6,1292.4,0.0,1292.4,observed_upstream_mainline,2814.0,daily_period_median_fallback_no_congestion,813.1,6148.100000000001,1h_rolling_peak
L405S-058,20:50,NT2,1735.2,1092.0,0.0,1092.0,observed_upstream_mainline,2814.0,daily_period_median_fallback_no_congestion,868.0,6148.100000000001,1h_rolling_peak
L405S-058,20:55,NT2,1737.6,1036.8,0.0,1036.8,observed_upstream_mainline,2814.0,daily_period_median_fallback_no_congestion,921.9,6148.100000000001,1h_rolling_peak
L405S-058,21:00,NT2,1752.0,1107.6,0.0,1107.6,observed_upstream_mainline,2814.0,daily_period_median_fallback_no_congestion,979.5999999999999,6148.100000000001,1h_rolling_peak
L405S-058,21:05,NT2,1708.8,1102.8,0.0,1102.8,observed_upstream_mainline,2814.0,daily_period_median_fallback_no_congestion,1033.5,6148.100000000001,1h_rolling_peak
L405S-058,21:10,NT2,1912.8,1344.0,0.0,1344.0,observed_upstream_mainline,2814.0,daily_period_median_fallback_no_congestion,1105.2,6148.100000000001,1h_rolling_peak
L405S-058,21:15,NT2,2143.2,1446.0,0.0,1446.0,observed_upstream_mainline,2814.0,daily_period_median_fallback_no_congestion,1168.2,6148.100000000001,1h_rolling_peak
L405S-058,21:20,NT2,2347.2,1546.8,0.0,1546.8,observed_upstream_mainline,2814.0,daily_period_median_fallback_no_congestion,1218.8999999999999,6148.100000000001,1h_rolling_peak
L405S-058,21:25,NT2,2536.8,1911.6,0.0,1911.6,observed_upstream_mainline,2814.0,daily_period_median_fallback_no_congestion,1291.8,6148.100000000001,1h_rolling_peak
L405S-058,21:30,NT2,3100.8,2528.4,0.0,2528.4,observed_upstream_mainline,2814.0,daily_period_median_fallback_no_congestion,1408.5,6148.100000000001,1h_rolling_peak
L405S-058,21:35,NT2,3559.2,2500.8,0.0,2500.8,observed_upstream_mainline,2814.0,daily_period_median_fallback_no_congestion,1519.5,6148.100000000001,1h_rolling_peak
L405S-058,21:40,NT2,3765.6,2414.4,0.0,2414.4,observed_upstream_mainline,2814.0,daily_period_median_fallback_no_congestion,1610.3000000000002,6148.100000000001,1h_rolling_peak
L405S-058,21:45,NT2,3792.0,2592.0,0.0,2592.0,observed_upstream_mainline,2814.0,daily_period_median_fallback_no_congestion,1718.6000000000001,6148.100000000001,1h_rolling_peak
L405S-058,21:50,NT2,3981.6,2919.6,0.0,2919.6,observed_upstream_mainline,2814.0,daily_period_median_fallback_no_congestion,1870.8999999999999,6148.100000000001,1h_rolling_peak
L405S-058,21:55,NT2,3487.2,2672.4,0.0,2672.4,observed_upstream_mainline,2814.0,daily_period_median_fallback_no_congestion,2007.2,6148.100000000001,1h_rolling_peak
L405S-058,22:00,NT2,3156.0,2691.6,0.0,2691.6,observed_upstream_mainline,2814.0,daily_period_median_fallback_no_congestion,2139.2,6148.100000000001,1h_rolling_peak
L405S-058,22:05,NT2,3328.8,2485.2,0.0,2485.2,observed_upstream_mainline,2814.0,daily_period_median_fallback_no_congestion,2254.4,6148.100000000001,1h_rolling_peak
L405S-058,22:10,NT2,3487.2,2742.0,0.0,2742.0,observed_upstream_mainline,2814.0,daily_period_median_fallback_no_congestion,2370.9,6148.100000000001,1h_rolling_peak
L405S-058,22:15,NT2,3835.2,3285.6,0.0,3285.6,observed_upstream_mainline,2814.0,daily_period_median_fallback_no_congestion,2524.2,6148.100000000001,1h_rolling_peak
L405S-058,22:20,NT2,4377.6,3547.2,0.0,3547.2,observed_upstream_mainline,2814.0,daily_period_median_fallback_no_congestion,2690.9,6148.100000000001,1h_rolling_peak
L405S-058,22:25,NT2,4680.0,3661.2,0.0,3661.2,observed_upstream_mainline,2814.0,daily_period_median_fallback_no_congestion,2836.7000000000003,6148.100000000001,1h_rolling_peak
L405S-058,22:30,NT2,4785.6,3970.8,0.0,3970.8,observed_upstream_mainline,2814.0,daily_period_median_fallback_no_congestion,2956.9,6148.100000000001,1h_rolling_peak
L405S-058,22:35,NT2,5474.4,4500.0,0.0,4500.0,observed_upstream_mainline,2814.0,daily_period_median_fallback_no_congestion,3123.5,6148.100000000001,1h_rolling_peak
L405S-058,22:40,NT2,6019.2,4314.0,0.0,4314.0,observed_upstream_mainline,2814.0,daily_period_median_fallback_no_congestion,3281.8000000000006,6148.100000000001,1h_rolling_peak
L405S-058,22:45,NT2,6482.4,5030.4,0.0,5030.4,observed_upstream_mainline,2814.0,daily_period_median_fallback_no_congestion,3485.0,6148.100000000001,1h_rolling_peak
L405S-058,22:50,NT2,6993.6,5352.0,0.0,5352.0,observed_upstream_mainline,2814.0,daily_period_median_fallback_no_congestion,3687.6999999999994,6148.100000000001,1h_rolling_peak
L405S-058,22:55,NT2,6662.4,4928.4,0.0,4928.4,observed_upstream_mainline,2814.0,daily_period_median_fallback_no_congestion,3875.7000000000003,6148.100000000001,1h_rolling_peak
L405S-058,23:00,NT2,6184.8,4734.0,0.0,4734.0,observed_upstream_mainline,2814.0,daily_period_median_fallback_no_congestion,4045.8999999999996,6148.100000000001,1h_rolling_peak
L405S-058,23:05,NT2,6064.8,4737.6,0.0,4737.6,observed_upstream_mainline,2814.0,daily_period_median_fallback_no_congestion,4233.599999999999,6148.100000000001,1h_rolling_peak
L405S-058,23:10,NT2,6487.2,5354.4,0.0,5354.4,observed_upstream_mainline,2814.0,daily_period_median_fallback_no_congestion,4451.3,6148.100000000001,1h_rolling_peak
L405S-058,23:15,NT2,6909.6,5613.6,0.0,5613.6,observed_upstream_mainline,2814.0,daily_period_median_fallback_no_congestion,4645.3,6148.100000000001,1h_rolling_peak
L405S-058,23:20,NT2,7653.6,5966.4,0.0,5966.4,observed_upstream_mainline,2814.0,daily_period_median_fallback_no_congestion,4846.9,6148.100000000001,1h_rolling_peak
L405S-058,23:25,NT2,7929.6,6193.2,0.0,6193.2,observed_upstream_mainline,2814.0,daily_period_median_fallback_no_congestion,5057.9,6148.100000000001,1h_rolling_peak
L405S-058,23:30,NT2,8433.6,6398.4,0.0,6398.4,observed_upstream_mainline,2814.0,daily_period_median_fallback_no_congestion,5260.2,6148.100000000001,1h_rolling_peak
L405S-058,23:35,NT2,8752.8,6715.2,0.0,6715.2,observed_upstream_mainline,2814.0,daily_period_median_fallback_no_congestion,5444.799999999999,6148.100000000001,1h_rolling_peak
L405S-058,23:40,NT2,9175.2,7036.8,0.0,7036.8,observed_upstream_mainline,2814.0,daily_period_median_fallback_no_congestion,5671.7,6148.100000000001,1h_rolling_peak
L405S-058,23:45,NT2,9184.8,7131.6,0.0,7131.6,observed_upstream_mainline,2814.0,daily_period_median_fallback_no_congestion,5846.8,6148.100000000001,1h_rolling_peak
L405S-058,23:50,NT2,9292.8,7180.8,0.0,7180.8,observed_upstream_mainline,2814.0,daily_period_median_fallback_no_congestion,5999.2,6148.100000000001,1h_rolling_peak
L405S-058,23:55,NT2,8688.0,6715.2,0.0,6715.2,observed_upstream_mainline,2814.0,daily_period_median_fallback_no_congestion,6148.100000000001,6148.100000000001,1h_rolling_peak
L405S-058,15:00,PM,3991.2,3384.0,0.0,3384.0,observed_upstream_mainline,2082.0,daily_period_median_fallback_no_congestion,,2888.2000000000003,1h_rolling_peak
L405S-058,15:05,PM,4521.6,3620.4,0.0,3620.4,observed_upstream_mainline,2082.0,daily_period_median_fallback_no_congestion,,2888.2000000000003,1h_rolling_peak
L405S-058,15:10,PM,4226.4,3267.6,0.0,3267.6,observed_upstream_mainline,2082.0,daily_period_median_fallback_no_congestion,,2888.2000000000003,1h_rolling_peak
L405S-058,15:15,PM,3950.4,3312.0,0.0,3312.0,observed_upstream_mainline,2082.0,daily_period_median_fallback_no_congestion,,2888.2000000000003,1h_rolling_peak
L405S-058,15:20,PM,3720.0,2958.0,0.0,2958.0,observed_upstream_mainline,2082.0,daily_period_median_fallback_no_congestion,,2888.2000000000003,1h_rolling_peak
L405S-058,15:25,PM,3700.8,2682.0,0.0,2682.0,observed_upstream_mainline,2082.0,daily_period_median_fallback_no_congestion,,2888.2000000000003,1h_rolling_peak
L405S-058,15:30,PM,3780.0,2514.0,0.0,2514.0,observed_upstream_mainline,2082.0,daily_period_median_fallback_no_congestion,,2888.2000000000003,1h_rolling_peak
L405S-058,15:35,PM,3619.2,2646.0,0.0,2646.0,observed_upstream_mainline,2082.0,daily_period_median_fallback_no_congestion,,2888.2000000000003,1h_rolling_peak
L405S-058,15:40,PM,3525.6,2234.4,0.0,2234.4,observed_upstream_mainline,2082.0,daily_period_median_fallback_no_congestion,,2888.2000000000003,1h_rolling_peak
L405S-058,15:45,PM,3420.0,2584.8,0.0,2584.8,observed_upstream_mainline,2082.0,daily_period_median_fallback_no_congestion,,2888.2000000000003,1h_rolling_peak
L405S-058,15:50,PM,3225.6,2624.4,0.0,2624.4,observed_upstream_mainline,2082.0,daily_period_median_fallback_no_congestion,,2888.2000000000003,1h_rolling_peak
L405S-058,15:55,PM,3302.4,2830.8,0.0,2830.8,observed_upstream_mainline,2082.0,daily_period_median_fallback_no_congestion,2888.2000000000003,2888.2000000000003,1h_rolling_peak
L405S-058,16:00,PM,3112.8,2258.4,0.0,2258.4,observed_upstream_mainline,2082.0,daily_period_median_fallback_no_congestion,2794.4,2888.2000000000003,1h_rolling_peak
L405S-058,16:05,PM,2988.0,2286.0,0.0,2286.0,observed_upstream_mainline,2082.0,daily_period_median_fallback_no_congestion,2683.2,2888.2000000000003,1h_rolling_peak
L405S-058,16:10,PM,2992.8,2545.2,0.0,2545.2,observed_upstream_mainline,2082.0,daily_period_median_fallback_no_congestion,2623.0,2888.2000000000003,1h_rolling_peak
L405S-058,16:15,PM,3055.2,2559.6,0.0,2559.6,observed_upstream_mainline,2082.0,daily_period_median_fallback_no_congestion,2560.2999999999997,2888.2000000000003,1h_rolling_peak
L405S-058,16:20,PM,2971.2,2228.4,0.0,2228.4,observed_upstream_mainline,2082.0,daily_period_median_fallback_no_congestion,2499.5,2888.2000000000003,1h_rolling_peak
L405S-058,16:25,PM,3009.6,2112.0,0.0,2112.0,observed_upstream_mainline,2082.0,daily_period_median_fallback_no_congestion,2452.0,2888.2000000000003,1h_rolling_peak
L405S-058,16:30,PM,2817.6,2149.2,0.0,2149.2,observed_upstream_mainline,2082.0,daily_period_median_fallback_no_congestion,2421.6,2888.2000000000003,1h_rolling_peak
L405S-058,16:35,PM,2851.2,1858.8,0.0,1858.8,observed_upstream_mainline,2082.0,daily_period_median_fallback_no_congestion,2356.0,2888.2000000000003,1h_rolling_peak
L405S-058,16:40,PM,2712.0,1768.8,0.0,1768.8,observed_upstream_mainline,2082.0,daily_period_median_fallback_no_congestion,2317.2,2888.2000000000003,1h_rolling_peak
L405S-058,16:45,PM,2498.4,1794.0,0.0,1794.0,observed_upstream_mainline,2082.0,daily_period_median_fallback_no_congestion,2251.2999999999997,2888.2000000000003,1h_rolling_peak
L405S-058,16:50,PM,2544.0,1586.4,0.0,1586.4,observed_upstream_mainline,2082.0,daily_period_median_fallback_no_congestion,2164.7999999999997,2888.2000000000003,1h_rolling_peak
L405S-058,16:55,PM,2464.8,1444.8,0.0,1444.8,observed_upstream_mainline,2082.0,daily_period_median_fallback_no_congestion,2049.2999999999997,2888.2000000000003,1h_rolling_peak
L405S-058,17:00,PM,1819.2,1448.4,0.0,1448.4,observed_upstream_mainline,2082.0,daily_period_median_fallback_no_congestion,1981.8000000000002,2888.2000000000003,1h_rolling_peak
L405S-058,17:05,PM,1845.6,1474.8,0.0,1474.8,observed_upstream_mainline,2082.0,daily_period_median_fallback_no_congestion,1914.2,2888.2000000000003,1h_rolling_peak
L405S-058,17:10,PM,1725.6,1394.4,0.0,1394.4,observed_upstream_mainline,2082.0,daily_period_median_fallback_no_congestion,1818.3,2888.2000000000003,1h_rolling_peak
L405S-058,17:15,PM,1728.0,1232.4,0.0,1232.4,observed_upstream_mainline,2082.0,daily_period_median_fallback_no_congestion,1707.7,2888.2000000000003,1h_rolling_peak
L405S-058,17:20,PM,1639.2,1156.8,0.0,1156.8,observed_upstream_mainline,2082.0,daily_period_median_fallback_no_congestion,1618.3999999999999,2888.2000000000003,1h_rolling_peak
L405S-058,17:25,PM,1735.2,1406.4,0.0,1406.4,observed_upstream_mainline,2082.0,daily_period_median_fallback_no_congestion,1559.6000000000001,2888.2000000000003,1h_rolling_peak
L405S-058,17:30,PM,1639.2,1345.2,0.0,1345.2,observed_upstream_mainline,2082.0,daily_period_median_fallback_no_congestion,1492.6000000000001,2888.2000000000003,1h_rolling_peak
L405S-058,17:35,PM,1684.8,1191.6,0.0,1191.6,observed_upstream_mainline,2082.0,daily_period_median_fallback_no_congestion,1437.0,2888.2000000000003,1h_rolling_peak
L405S-058,17:40,PM,1449.6,918.0,0.0,918.0,observed_upstream_mainline,2082.0,daily_period_median_fallback_no_congestion,1366.1000000000001,2888.2000000000003,1h_rolling_peak
L405S-058,17:45,PM,1322.4,934.8,0.0,934.8,observed_upstream_mainline,2082.0,daily_period_median_fallback_no_congestion,1294.5000000000002,2888.2000000000003,1h_rolling_peak
L405S-058,17:50,PM,1200.0,870.0,0.0,870.0,observed_upstream_mainline,2082.0,daily_period_median_fallback_no_congestion,1234.8,2888.2000000000003,1h_rolling_peak
L405S-058,17:55,PM,1437.6,1092.0,0.0,1092.0,observed_upstream_mainline,2082.0,daily_period_median_fallback_no_congestion,1205.4,2888.2000000000003,1h_rolling_peak
L405S-058,18:00,PM,1365.6,1228.8,0.0,1228.8,observed_upstream_mainline,2082.0,daily_period_median_fallback_no_congestion,1187.1000000000001,2888.2000000000003,1h_rolling_peak
L405S-058,18:05,PM,1329.6,1000.8,0.0,1000.8,observed_upstream_mainline,2082.0,daily_period_median_fallback_no_congestion,1147.6,2888.2000000000003,1h_rolling_peak
L405S-058,18:10,PM,1392.0,990.0,0.0,990.0,observed_upstream_mainline,2082.0,daily_period_median_fallback_no_congestion,1113.8999999999999,2888.2000000000003,1h_rolling_peak
L405S-058,18:15,PM,1156.8,897.6,0.0,897.6,observed_upstream_mainline,2082.0,daily_period_median_fallback_no_congestion,1086.0,2888.2000000000003,1h_rolling_peak
L405S-058,18:20,PM,1135.2,991.2,0.0,991.2,observed_upstream_mainline,2082.0,daily_period_median_fallback_no_congestion,1072.2,2888.2000000000003,1h_rolling_peak
L405S-058,18:25,PM,1132.8,1185.6,0.0,1185.6,observed_upstream_mainline,2082.0,daily_period_median_fallback_no_congestion,1053.8,2888.2000000000003,1h_rolling_peak
L405S-058,18:30,PM,1125.6,1184.4,0.0,1184.4,observed_upstream_mainline,2082.0,daily_period_median_fallback_no_congestion,1040.3999999999999,2888.2000000000003,1h_rolling_peak
L405S-058,18:35,PM,1144.8,1191.6,0.0,1191.6,observed_upstream_mainline,2082.0,daily_period_median_fallback_no_congestion,1040.3999999999999,2888.2000000000003,1h_rolling_peak
L405S-058,18:40,PM,1132.8,1105.2,0.0,1105.2,observed_upstream_mainline,2082.0,daily_period_median_fallback_no_congestion,1056.0,2888.2000000000003,1h_rolling_peak
L405S-058,18:45,PM,1065.6,1020.0,0.0,1020.0,observed_upstream_mainline,2082.0,daily_period_median_fallback_no_congestion,1063.1,2888.2000000000003,1h_rolling_peak
L405S-058,18:50,PM,1058.4,715.2,0.0,715.2,observed_upstream_mainline,2082.0,daily_period_median_fallback_no_congestion,1050.2,2888.2000000000003,1h_rolling_peak
L405S-058,18:55,PM,1005.6,651.6,0.0,651.6,observed_upstream_mainline,2082.0,daily_period_median_fallback_no_congestion,1013.5,2888.2000000000003,1h_rolling_peak
L405S-098,06:00,AM,5160.0,5121.6,0.0,5121.6,observed_upstream_mainline,6024.0,daily_period_median_fallback_no_congestion,,6296.0,1h_rolling_peak
L405S-098,06:05,AM,5128.8,5061.6,0.0,5061.6,observed_upstream_mainline,6024.0,daily_period_median_fallback_no_congestion,,6296.0,1h_rolling_peak
L405S-098,06:10,AM,5313.6,5361.6,0.0,5361.6,observed_upstream_mainline,6024.0,daily_period_median_fallback_no_congestion,,6296.0,1h_rolling_peak
L405S-098,06:15,AM,5469.6,5486.4,0.0,5486.4,observed_upstream_mainline,6024.0,daily_period_median_fallback_no_congestion,,6296.0,1h_rolling_peak
L405S-098,06:20,AM,5455.2,5548.8,0.0,5548.8,observed_upstream_mainline,6024.0,daily_period_median_fallback_no_congestion,,6296.0,1h_rolling_peak
L405S-098,06:25,AM,5527.2,5469.6,0.0,5469.6,observed_upstream_mainline,6024.0,daily_period_median_fallback_no_congestion,,6296.0,1h_rolling_peak
L405S-098,06:30,AM,5515.2,5474.4,0.0,5474.4,observed_upstream_mainline,6024.0,daily_period_median_fallback_no_congestion,,6296.0,1h_rolling_peak
L405S-098,06:35,AM,5517.6,5481.6,0.0,5481.6,observed_upstream_mainline,6024.0,daily_period_median_fallback_no_congestion,,6296.0,1h_rolling_peak
L405S-098,06:40,AM,5844.0,5767.2,0.0,5767.2,observed_upstream_mainline,6024.0,daily_period_median_fallback_no_congestion,,6296.0,1h_rolling_peak
L405S-098,06:45,AM,5733.6,5793.6,0.0,5793.6,observed_upstream_mainline,6024.0,daily_period_median_fallback_no_congestion,,6296.0,1h_rolling_peak
L405S-098,06:50,AM,5865.6,5834.4,0.0,5834.4,observed_upstream_mainline,6024.0,daily_period_median_fallback_no_congestion,,6296.0,1h_rolling_peak
L405S-098,06:55,AM,5661.6,5649.6,0.0,5649.6,observed_upstream_mainline,6024.0,daily_period_median_fallback_no_congestion,5504.2,6296.0,1h_rolling_peak
L405S-098,07:00,AM,5503.2,5404.8,0.0,5404.8,observed_upstream_mainline,6024.0,daily_period_median_fallback_no_congestion,5527.8,6296.0,1h_rolling_peak
L405S-098,07:05,AM,5596.8,5673.6,0.0,5673.6,observed_upstream_mainline,6024.0,daily_period_median_fallback_no_congestion,5578.799999999999,6296.0,1h_rolling_peak
L405S-098,07:10,AM,5875.2,5812.8,0.0,5812.8,observed_upstream_mainline,6024.0,daily_period_median_fallback_no_congestion,5616.400000000001,6296.0,1h_rolling_peak
L405S-098,07:15,AM,5940.0,5923.2,0.0,5923.2,observed_upstream_mainline,6024.0,daily_period_median_fallback_no_congestion,5652.8,6296.0,1h_rolling_peak
L405S-098,07:20,AM,6091.2,6110.4,0.0,6110.4,observed_upstream_mainline,6024.0,daily_period_median_fallback_no_congestion,5699.599999999999,6296.0,1h_rolling_peak
L405S-098,07:25,AM,5942.4,5860.8,0.0,5860.8,observed_upstream_mainline,6024.0,daily_period_median_fallback_no_congestion,5732.200000000001,6296.0,1h_rolling_peak
L405S-098,07:30,AM,5736.0,5757.6,0.0,5757.6,observed_upstream_mainline,6024.0,daily_period_median_fallback_no_congestion,5755.8,6296.0,1h_rolling_peak
L405S-098,07:35,AM,5952.0,5928.0,0.0,5928.0,observed_upstream_mainline,6024.0,daily_period_median_fallback_no_congestion,5793.0,6296.0,1h_rolling_peak
L405S-098,07:40,AM,6012.0,6076.8,0.0,6076.8,observed_upstream_mainline,6024.0,daily_period_median_fallback_no_congestion,5818.8,6296.0,1h_rolling_peak
L405S-098,07:45,AM,6151.2,6076.8,0.0,6076.8,observed_upstream_mainline,6024.0,daily_period_median_fallback_no_congestion,5842.400000000001,6296.0,1h_rolling_peak
L405S-098,07:50,AM,6036.0,6040.8,0.0,6040.8,observed_upstream_mainline,6024.0,daily_period_median_fallback_no_congestion,5859.599999999999,6296.0,1h_rolling_peak
L405S-098,07:55,AM,5964.0,6014.4,0.0,6014.4,observed_upstream_mainline,6024.0,daily_period_median_fallback_no_congestion,5890.0,6296.0,1h_rolling_peak
L405S-098,08:00,AM,5959.2,5978.4,0.0,5978.4,observed_upstream_mainline,6024.0,daily_period_median_fallback_no_congestion,5937.799999999999,6296.0,1h_rolling_peak
L405S-098,08:05,AM,5968.8,5983.2,0.0,5983.2,observed_upstream_mainline,6024.0,daily_period_median_fallback_no_congestion,5963.600000000001,6296.0,1h_rolling_peak
L405S-098,08:10,AM,6093.6,6086.4,0.0,6086.4,observed_upstream_mainline,6024.0,daily_period_median_fallback_no_congestion,5986.400000000001,6296.0,1h_rolling_peak
L405S-098,08:15,AM,6093.6,6100.8,0.0,6100.8,observed_upstream_mainline,6024.0,daily_period_median_fallback_no_congestion,6001.200000000001,6296.0,1h_rolling_peak
L405S-098,08:20,AM,5908.8,6009.6,0.0,6009.6,observed_upstream_mainline,6024.0,daily_period_median_fallback_no_congestion,5992.799999999999,6296.0,1h_rolling_peak
L405S-098,08:25,AM,6115.2,6072.0,0.0,6072.0,observed_upstream_mainline,6024.0,daily_period_median_fallback_no_congestion,6010.399999999999,6296.0,1h_rolling_peak
L405S-098,08:30,AM,5966.4,5940.0,0.0,5940.0,observed_upstream_mainline,6024.0,daily_period_median_fallback_no_congestion,6025.599999999999,6296.0,1h_rolling_peak
L405S-098,08:35,AM,5995.2,6014.4,0.0,6014.4,observed_upstream_mainline,6024.0,daily_period_median_fallback_no_congestion,6032.8,6296.0,1h_rolling_peak
L405S-098,08:40,AM,6247.2,6240.0,0.0,6240.0,observed_upstream_mainline,6024.0,daily_period_median_fallback_no_congestion,6046.400000000001,6296.0,1h_rolling_peak
L405S-098,08:45,AM,6177.6,6192.0,0.0,6192.0,observed_upstream_mainline,6024.0,daily_period_median_fallback_no_congestion,6056.0,6296.0,1h_rolling_peak
L405S-098,08:50,AM,6230.4,6165.6,0.0,6165.6,observed_upstream_mainline,6024.0,daily_period_median_fallback_no_congestion,6066.399999999999,6296.0,1h_rolling_peak
L405S-098,08:55,AM,6012.0,5978.4,0.0,5978.4,observed_upstream_mainline,6024.0,daily_period_median_fallback_no_congestion,6063.400000000001,6296.0,1h_rolling_peak
L405S-098,09:00,AM,6086.4,6199.2,0.0,6199.2,observed_upstream_mainline,6024.0,daily_period_median_fallback_no_congestion,6081.8,6296.0,1h_rolling_peak
L405S-098,09:05,AM,6225.6,6136.8,0.0,6136.8,observed_upstream_mainline,6024.0,daily_period_median_fallback_no_congestion,6094.599999999999,6296.0,1h_rolling_peak
L405S-098,09:10,AM,6252.0,6295.2,0.0,6295.2,observed_upstream_mainline,6024.0,daily_period_median_fallback_no_congestion,6112.0,6296.0,1h_rolling_peak
L405S-098,09:15,AM,6379.2,6379.2,0.0,6379.2,observed_upstream_mainline,6024.0,daily_period_median_fallback_no_congestion,6135.2,6296.0,1h_rolling_peak
L405S-098,09:20,AM,6369.6,6379.2,0.0,6379.2,observed_upstream_mainline,6024.0,daily_period_median_fallback_no_congestion,6166.0,6296.0,1h_rolling_peak
L405S-098,09:25,AM,6338.4,6324.0,0.0,6324.0,observed_upstream_mainline,6024.0,daily_period_median_fallback_no_congestion,6187.0,6296.0,1h_rolling_peak
L405S-098,09:30,AM,6249.6,6379.2,0.0,6379.2,observed_upstream_mainline,6024.0,daily_period_median_fallback_no_congestion,6223.600000000001,6296.0,1h_rolling_peak
L405S-098,09:35,AM,6192.0,6321.6,0.0,6321.6,observed_upstream_mainline,6024.0,daily_period_median_fallback_no_congestion,6249.2,6296.0,1h_rolling_peak
L405S-098,09:40,AM,6266.4,6216.0,0.0,6216.0,observed_upstream_mainline,6024.0,daily_period_median_fallback_no_congestion,6247.2,6296.0,1h_rolling_peak
L405S-098,09:45,AM,6199.2,6266.4,0.0,6266.4,observed_upstream_mainline,6024.0,daily_period_median_fallback_no_congestion,6253.400000000001,6296.0,1h_rolling_peak
L405S-098,09:50,AM,6386.4,6456.0,0.0,6456.0,observed_upstream_mainline,6024.0,daily_period_median_fallback_no_congestion,6277.600000000001,6296.0,1h_rolling_peak
L405S-098,09:55,AM,6139.2,6199.2,0.0,6199.2,observed_upstream_mainline,6024.0,daily_period_median_fallback_no_congestion,6296.0,6296.0,1h_rolling_peak
L405S-098,10:00,MD,6165.6,6213.6,0.0,6213.6,observed_upstream_mainline,4476.0,daily_period_median_fallback_no_congestion,,6293.400000000001,1h_rolling_peak
L405S-098,10:05,MD,6259.2,6326.4,0.0,6326.4,observed_upstream_mainline,4476.0,daily_period_median_fallback_no_congestion,,6293.400000000001,1h_rolling_peak
L405S-098,10:10,MD,6477.6,6487.2,0.0,6487.2,observed_upstream_mainline,4476.0,daily_period_median_fallback_no_congestion,,6293.400000000001,1h_rolling_peak
L405S-098,10:15,MD,6453.6,6424.8,0.0,6424.8,observed_upstream_mainline,4476.0,daily_period_median_fallback_no_congestion,,6293.400000000001,1h_rolling_peak
L405S-098,10:20,MD,6410.4,6506.4,0.0,6506.4,observed_upstream_mainline,4476.0,daily_period_median_fallback_no_congestion,,6293.400000000001,1h_rolling_peak
L405S-098,10:25,MD,6367.2,6436.8,0.0,6436.8,observed_upstream_mainline,4476.0,daily_period_median_fallback_no_congestion,,6293.400000000001,1h_rolling_peak
L405S-098,10:30,MD,6333.6,6292.8,0.0,6292.8,observed_upstream_mainline,4476.0,daily_period_median_fallback_no_congestion,,6293.400000000001,1h_rolling_peak
L405S-098,10:35,MD,6259.2,6170.4,0.0,6170.4,observed_upstream_mainline,4476.0,daily_period_median_fallback_no_congestion,,6293.400000000001,1h_rolling_peak
L405S-098,10:40,MD,6158.4,6297.6,0.0,6297.6,observed_upstream_mainline,4476.0,daily_period_median_fallback_no_congestion,,6293.400000000001,1h_rolling_peak
L405S-098,10:45,MD,6156.0,6141.6,0.0,6141.6,observed_upstream_mainline,4476.0,daily_period_median_fallback_no_congestion,,6293.400000000001,1h_rolling_peak
L405S-098,10:50,MD,6074.4,6129.6,0.0,6129.6,observed_upstream_mainline,4476.0,daily_period_median_fallback_no_congestion,,6293.400000000001,1h_rolling_peak
L405S-098,10:55,MD,6033.6,6093.6,0.0,6093.6,observed_upstream_mainline,4476.0,daily_period_median_fallback_no_congestion,6293.400000000001,6293.400000000001,1h_rolling_peak
L405S-098,11:00,MD,5892.0,5846.4,0.0,5846.4,observed_upstream_mainline,4476.0,daily_period_median_fallback_no_congestion,6262.799999999999,6293.400000000001,1h_rolling_peak
L405S-098,11:05,MD,5704.8,5688.0,0.0,5688.0,observed_upstream_mainline,4476.0,daily_period_median_fallback_no_congestion,6209.599999999999,6293.400000000001,1h_rolling_peak
L405S-098,11:10,MD,6014.4,5980.8,0.0,5980.8,observed_upstream_mainline,4476.0,daily_period_median_fallback_no_congestion,6167.400000000001,6293.400000000001,1h_rolling_peak
L405S-098,11:15,MD,5856.0,5920.8,0.0,5920.8,observed_upstream_mainline,4476.0,daily_period_median_fallback_no_congestion,6125.400000000001,6293.400000000001,1h_rolling_peak
L405S-098,11:20,MD,5836.8,5904.0,0.0,5904.0,observed_upstream_mainline,4476.0,daily_period_median_fallback_no_congestion,6075.200000000001,6293.400000000001,1h_rolling_peak
L405S-098,11:25,MD,5685.6,5697.6,0.0,5697.6,observed_upstream_mainline,4476.0,daily_period_median_fallback_no_congestion,6013.600000000001,6293.400000000001,1h_rolling_peak
L405S-098,11:30,MD,5604.0,5604.0,0.0,5604.0,observed_upstream_mainline,4476.0,daily_period_median_fallback_no_congestion,5956.2,6293.400000000001,1h_rolling_peak
L405S-098,11:35,MD,5440.8,5440.8,0.0,5440.8,observed_upstream_mainline,4476.0,daily_period_median_fallback_no_congestion,5895.400000000001,6293.400000000001,1h_rolling_peak
L405S-098,11:40,MD,5400.0,5414.4,0.0,5414.4,observed_upstream_mainline,4476.0,daily_period_median_fallback_no_congestion,5821.8,6293.400000000001,1h_rolling_peak
L405S-098,11:45,MD,5364.0,5251.2,0.0,5251.2,observed_upstream_mainline,4476.0,daily_period_median_fallback_no_congestion,5747.599999999999,6293.400000000001,1h_rolling_peak
L405S-098,11:50,MD,5080.8,5145.6,0.0,5145.6,observed_upstream_mainline,4476.0,daily_period_median_fallback_no_congestion,5665.599999999999,6293.400000000001,1h_rolling_peak
L405S-098,11:55,MD,4968.0,4896.0,0.0,4896.0,observed_upstream_mainline,4476.0,daily_period_median_fallback_no_congestion,5565.8,6293.400000000001,1h_rolling_peak
L405S-098,12:00,MD,4756.8,4718.4,0.0,4718.4,observed_upstream_mainline,4476.0,daily_period_median_fallback_no_congestion,5471.8,6293.400000000001,1h_rolling_peak
L405S-098,12:05,MD,4620.0,4521.6,0.0,4521.6,observed_upstream_mainline,4476.0,daily_period_median_fallback_no_congestion,5374.6,6293.400000000001,1h_rolling_peak
L405S-098,12:10,MD,4711.2,4699.2,0.0,4699.2,observed_upstream_mainline,4476.0,daily_period_median_fallback_no_congestion,5267.8,6293.400000000001,1h_rolling_peak
L405S-098,12:15,MD,4665.6,4644.0,0.0,4644.0,observed_upstream_mainline,4476.0,daily_period_median_fallback_no_congestion,5161.4,6293.400000000001,1h_rolling_peak
L405S-098,12:20,MD,4543.2,4514.4,0.0,4514.4,observed_upstream_mainline,4476.0,daily_period_median_fallback_no_congestion,5045.599999999999,6293.400000000001,1h_rolling_peak
L405S-098,12:25,MD,4545.6,4490.4,0.0,4490.4,observed_upstream_mainline,4476.0,daily_period_median_fallback_no_congestion,4945.0,6293.400000000001,1h_rolling_peak
L405S-098,12:30,MD,4346.4,4255.2,0.0,4255.2,observed_upstream_mainline,4476.0,daily_period_median_fallback_no_congestion,4832.599999999999,6293.400000000001,1h_rolling_peak
L405S-098,12:35,MD,4329.6,4288.8,0.0,4288.8,observed_upstream_mainline,4476.0,daily_period_median_fallback_no_congestion,4736.599999999999,6293.400000000001,1h_rolling_peak
L405S-098,12:40,MD,4221.6,4104.0,0.0,4104.0,observed_upstream_mainline,4476.0,daily_period_median_fallback_no_congestion,4627.400000000001,6293.400000000001,1h_rolling_peak
L405S-098,12:45,MD,4044.0,4092.0,0.0,4092.0,observed_upstream_mainline,4476.0,daily_period_median_fallback_no_congestion,4530.8,6293.400000000001,1h_rolling_peak
L405S-098,12:50,MD,4128.0,4142.4,0.0,4142.4,observed_upstream_mainline,4476.0,daily_period_median_fallback_no_congestion,4447.2,6293.400000000001,1h_rolling_peak
L405S-098,12:55,MD,3967.2,3972.0,0.0,3972.0,observed_upstream_mainline,4476.0,daily_period_median_fallback_no_congestion,4370.2,6293.400000000001,1h_rolling_peak
L405S-098,13:00,MD,3945.6,3928.8,0.0,3928.8,observed_upstream_mainline,4476.0,daily_period_median_fallback_no_congestion,4304.4,6293.400000000001,1h_rolling_peak
L405S-098,13:05,MD,3967.2,3916.8,0.0,3916.8,observed_upstream_mainline,4476.0,daily_period_median_fallback_no_congestion,4254.0,6293.400000000001,1h_rolling_peak
L405S-098,13:10,MD,3720.0,3746.4,0.0,3746.4,observed_upstream_mainline,4476.0,daily_period_median_fallback_no_congestion,4174.6,6293.400000000001,1h_rolling_peak
L405S-098,13:15,MD,3840.0,3854.4,0.0,3854.4,observed_upstream_mainline,4476.0,daily_period_median_fallback_no_congestion,4108.8,6293.400000000001,1h_rolling_peak
L405S-098,13:20,MD,3878.4,3873.6,0.0,3873.6,observed_upstream_mainline,4476.0,daily_period_median_fallback_no_congestion,4055.4,6293.400000000001,1h_rolling_peak
L405S-098,13:25,MD,4051.2,3972.0,0.0,3972.0,observed_upstream_mainline,4476.0,daily_period_median_fallback_no_congestion,4012.2000000000003,6293.400000000001,1h_rolling_peak
L405S-098,13:30,MD,3943.2,3904.8,0.0,3904.8,observed_upstream_mainline,4476.0,daily_period_median_fallback_no_congestion,3983.0,6293.400000000001,1h_rolling_peak
L405S-098,13:35,MD,3926.4,3895.2,0.0,3895.2,observed_upstream_mainline,4476.0,daily_period_median_fallback_no_congestion,3950.2000000000003,6293.400000000001,1h_rolling_peak
L405S-098,13:40,MD,4003.2,4000.8,0.0,4000.8,observed_upstream_mainline,4476.0,daily_period_median_fallback_no_congestion,3941.6,6293.400000000001,1h_rolling_peak
L405S-098,13:45,MD,3832.8,3837.6,0.0,3837.6,observed_upstream_mainline,4476.0,daily_period_median_fallback_no_congestion,3920.4,6293.400000000001,1h_rolling_peak
L405S-098,13:50,MD,3748.8,3715.2,0.0,3715.2,observed_upstream_mainline,4476.0,daily_period_median_fallback_no_congestion,3884.7999999999997,6293.400000000001,1h_rolling_peak
L405S-098,13:55,MD,3734.4,3729.6,0.0,3729.6,observed_upstream_mainline,4476.0,daily_period_median_fallback_no_congestion,3864.6,6293.400000000001,1h_rolling_peak
L405S-098,14:00,MD,3746.4,3684.0,0.0,3684.0,observed_upstream_mainline,4476.0,daily_period_median_fallback_no_congestion,3844.2000000000003,6293.400000000001,1h_rolling_peak
L405S-098,14:05,MD,3333.6,3316.8,0.0,3316.8,observed_upstream_mainline,4476.0,daily_period_median_fallback_no_congestion,3794.2000000000003,6293.400000000001,1h_rolling_peak
L405S-098,14:10,MD,3261.6,3280.8,0.0,3280.8,observed_upstream_mainline,4476.0,daily_period_median_fallback_no_congestion,3755.3999999999996,6293.400000000001,1h_rolling_peak
L405S-098,14:15,MD,3504.0,3530.4,0.0,3530.4,observed_upstream_mainline,4476.0,daily_period_median_fallback_no_congestion,3728.3999999999996,6293.400000000001,1h_rolling_peak
L405S-098,14:20,MD,3573.6,3652.8,0.0,3652.8,observed_upstream_mainline,4476.0,daily_period_median_fallback_no_congestion,3710.0,6293.400000000001,1h_rolling_peak
L405S-098,14:25,MD,3405.6,3434.4,0.0,3434.4,observed_upstream_mainline,4476.0,daily_period_median_fallback_no_congestion,3665.2000000000003,6293.400000000001,1h_rolling_peak
L405S-098,14:30,MD,3264.0,3316.8,0.0,3316.8,observed_upstream_mainline,4476.0,daily_period_median_fallback_no_congestion,3616.2000000000003,6293.400000000001,1h_rolling_peak
L405S-098,14:35,MD,3302.4,3256.8,0.0,3256.8,observed_upstream_mainline,4476.0,daily_period_median_fallback_no_congestion,3563.0,6293.400000000001,1h_rolling_peak
L405S-098,14:40,MD,3163.2,3160.8,0.0,3160.8,observed_upstream_mainline,4476.0,daily_period_median_fallback_no_congestion,3493.0,6293.400000000001,1h_rolling_peak
L405S-098,14:45,MD,2973.6,2908.8,0.0,2908.8,observed_upstream_mainline,4476.0,daily_period_median_fallback_no_congestion,3415.6,6293.400000000001,1h_rolling_peak
L405S-098,14:50,MD,2920.8,2997.6,0.0,2997.6,observed_upstream_mainline,4476.0,daily_period_median_fallback_no_congestion,3355.7999999999997,6293.400000000001,1h_rolling_peak
L405S-098,14:55,MD,2848.8,2774.4,0.0,2774.4,observed_upstream_mainline,4476.0,daily_period_median_fallback_no_congestion,3276.2000000000003,6293.400000000001,1h_rolling_peak
L405S-098,00:00,NT1,4958.4,5054.4,0.0,5054.4,observed_upstream_mainline,5154.0,daily_period_median_fallback_no_congestion,,5905.0,1h_rolling_peak
L405S-098,00:05,NT1,4992.0,5193.6,0.0,5193.6,observed_upstream_mainline,5154.0,daily_period_median_fallback_no_congestion,,5905.0,1h_rolling_peak
L405S-098,00:10,NT1,5306.4,5481.6,0.0,5481.6,observed_upstream_mainline,5154.0,daily_period_median_fallback_no_congestion,,5905.0,1h_rolling_peak
L405S-098,00:15,NT1,5589.6,5752.8,0.0,5752.8,observed_upstream_mainline,5154.0,daily_period_median_fallback_no_congestion,,5905.0,1h_rolling_peak
L405S-098,00:20,NT1,5856.0,6038.4,0.0,6038.4,observed_upstream_mainline,5154.0,daily_period_median_fallback_no_congestion,,5905.0,1h_rolling_peak
L405S-098,00:25,NT1,6004.8,6093.6,0.0,6093.6,observed_upstream_mainline,5154.0,daily_period_median_fallback_no_congestion,,5905.0,1h_rolling_peak
L405S-098,00:30,NT1,5863.2,5870.4,0.0,5870.4,observed_upstream_mainline,5154.0,daily_period_median_fallback_no_congestion,,5905.0,1h_rolling_peak
L405S-098,00:35,NT1,6069.6,6127.2,0.0,6127.2,observed_upstream_mainline,5154.0,daily_period_median_fallback_no_congestion,,5905.0,1h_rolling_peak
L405S-098,00:40,NT1,6156.0,6271.2,0.0,6271.2,observed_upstream_mainline,5154.0,daily_period_median_fallback_no_congestion,,5905.0,1h_rolling_peak
L405S-098,00:45,NT1,6261.6,6249.6,0.0,6249.6,observed_upstream_mainline,5154.0,daily_period_median_fallback_no_congestion,,5905.0,1h_rolling_peak
L405S-098,00:50,NT1,5920.8,5916.0,0.0,5916.0,observed_upstream_mainline,5154.0,daily_period_median_fallback_no_congestion,,5905.0,1h_rolling_peak
L405S-098,00:55,NT1,5810.4,5841.6,0.0,5841.6,observed_upstream_mainline,5154.0,daily_period_median_fallback_no_congestion,5824.2,5905.0,1h_rolling_peak
L405S-098,01:00,NT1,5568.0,5568.0,0.0,5568.0,observed_upstream_mainline,5154.0,daily_period_median_fallback_no_congestion,5867.0,5905.0,1h_rolling_peak
L405S-098,01:05,NT1,5404.8,5560.8,0.0,5560.8,observed_upstream_mainline,5154.0,daily_period_median_fallback_no_congestion,5897.599999999999,5905.0,1h_rolling_peak
L405S-098,01:10,NT1,5460.0,5570.4,0.0,5570.4,observed_upstream_mainline,5154.0,daily_period_median_fallback_no_congestion,5905.0,5905.0,1h_rolling_peak
L405S-098,01:15,NT1,5546.4,5611.2,0.0,5611.2,observed_upstream_mainline,5154.0,daily_period_median_fallback_no_congestion,5893.2,5905.0,1h_rolling_peak
L405S-098,01:20,NT1,5644.8,5709.6,0.0,5709.6,observed_upstream_mainline,5154.0,daily_period_median_fallback_no_congestion,5865.799999999999,5905.0,1h_rolling_peak
L405S-098,01:25,NT1,5517.6,5652.0,0.0,5652.0,observed_upstream_mainline,5154.0,daily_period_median_fallback_no_congestion,5829.0,5905.0,1h_rolling_peak
L405S-098,01:30,NT1,5440.8,5548.8,0.0,5548.8,observed_upstream_mainline,5154.0,daily_period_median_fallback_no_congestion,5802.2,5905.0,1h_rolling_peak
L405S-098,01:35,NT1,5491.2,5560.8,0.0,5560.8,observed_upstream_mainline,5154.0,daily_period_median_fallback_no_congestion,5755.0,5905.0,1h_rolling_peak
L405S-098,01:40,NT1,5438.4,5548.8,0.0,5548.8,observed_upstream_mainline,5154.0,daily_period_median_fallback_no_congestion,5694.8,5905.0,1h_rolling_peak
L405S-098,01:45,NT1,5364.0,5484.0,0.0,5484.0,observed_upstream_mainline,5154.0,daily_period_median_fallback_no_congestion,5631.0,5905.0,1h_rolling_peak
L405S-098,01:50,NT1,5546.4,5618.4,0.0,5618.4,observed_upstream_mainline,5154.0,daily_period_median_fallback_no_congestion,5606.2,5905.0,1h_rolling_peak
L405S-098,01:55,NT1,5328.0,5479.2,0.0,5479.2,observed_upstream_mainline,5154.0,daily_period_median_fallback_no_congestion,5576.0,5905.0,1h_rolling_peak
L405S-098,02:00,NT1,5066.4,5121.6,0.0,5121.6,observed_upstream_mainline,5154.0,daily_period_median_fallback_no_congestion,5538.8,5905.0,1h_rolling_peak
L405S-098,02:05,NT1,5102.4,5186.4,0.0,5186.4,observed_upstream_mainline,5154.0,daily_period_median_fallback_no_congestion,5507.599999999999,5905.0,1h_rolling_peak
L405S-098,02:10,NT1,5107.2,5162.4,0.0,5162.4,observed_upstream_mainline,5154.0,daily_period_median_fallback_no_congestion,5473.599999999999,5905.0,1h_rolling_peak
L405S-098,02:15,NT1,5128.8,5145.6,0.0,5145.6,observed_upstream_mainline,5154.0,daily_period_median_fallback_no_congestion,5434.8,5905.0,1h_rolling_peak
L405S-098,02:20,NT1,4917.6,4989.6,0.0,4989.6,observed_upstream_mainline,5154.0,daily_period_median_fallback_no_congestion,5374.8,5905.0,1h_rolling_peak
L405S-098,02:25,NT1,5020.8,4999.2,0.0,4999.2,observed_upstream_mainline,5154.0,daily_period_median_fallback_no_congestion,5320.400000000001,5905.0,1h_rolling_peak
L405S-098,02:30,NT1,4944.0,5035.2,0.0,5035.2,observed_upstream_mainline,5154.0,daily_period_median_fallback_no_congestion,5277.599999999999,5905.0,1h_rolling_peak
L405S-098,02:35,NT1,5030.4,5138.4,0.0,5138.4,observed_upstream_mainline,5154.0,daily_period_median_fallback_no_congestion,5242.400000000001,5905.0,1h_rolling_peak
L405S-098,02:40,NT1,5016.0,5116.8,0.0,5116.8,observed_upstream_mainline,5154.0,daily_period_median_fallback_no_congestion,5206.4,5905.0,1h_rolling_peak
L405S-098,02:45,NT1,5044.8,5140.8,0.0,5140.8,observed_upstream_mainline,5154.0,daily_period_median_fallback_no_congestion,5177.8,5905.0,1h_rolling_peak
L405S-098,02:50,NT1,5126.4,5061.6,0.0,5061.6,observed_upstream_mainline,5154.0,daily_period_median_fallback_no_congestion,5131.4,5905.0,1h_rolling_peak
L405S-098,02:55,NT1,4934.4,4972.8,0.0,4972.8,observed_upstream_mainline,5154.0,daily_period_median_fallback_no_congestion,5089.2,5905.0,1h_rolling_peak
L405S-098,03:00,NT1,4756.8,4737.6,0.0,4737.6,observed_upstream_mainline,5154.0,daily_period_median_fallback_no_congestion,5057.2,5905.0,1h_rolling_peak
L405S-098,03:05,NT1,4656.0,4634.4,0.0,4634.4,observed_upstream_mainline,5154.0,daily_period_median_fallback_no_congestion,5011.2,5905.0,1h_rolling_peak
L405S-098,03:10,NT1,4204.8,4183.2,0.0,4183.2,observed_upstream_mainline,5154.0,daily_period_median_fallback_no_congestion,4929.599999999999,5905.0,1h_rolling_peak
L405S-098,03:15,NT1,4646.4,4682.4,0.0,4682.4,observed_upstream_mainline,5154.0,daily_period_median_fallback_no_congestion,4891.0,5905.0,1h_rolling_peak
L405S-098,03:20,NT1,4766.4,4694.4,0.0,4694.4,observed_upstream_mainline,5154.0,daily_period_median_fallback_no_congestion,4866.400000000001,5905.0,1h_rolling_peak
L405S-098,03:25,NT1,4394.4,4420.8,0.0,4420.8,observed_upstream_mainline,5154.0,daily_period_median_fallback_no_congestion,4818.2,5905.0,1h_rolling_peak
L405S-098,03:30,NT1,4389.6,4360.8,0.0,4360.8,observed_upstream_mainline,5154.0,daily_period_median_fallback_no_congestion,4762.0,5905.0,1h_rolling_peak
L405S-098,03:35,NT1,4478.4,4531.2,0.0,4531.2,observed_upstream_mainline,5154.0,daily_period_median_fallback_no_congestion,4711.4,5905.0,1h_rolling_peak
L405S-098,03:40,NT1,4605.6,4608.0,0.0,4608.0,observed_upstream_mainline,5154.0,daily_period_median_fallback_no_congestion,4669.0,5905.0,1h_rolling_peak
L405S-098,03:45,NT1,4800.0,4816.8,0.0,4816.8,observed_upstream_mainline,5154.0,daily_period_median_fallback_no_congestion,4642.0,5905.0,1h_rolling_peak
L405S-098,03:50,NT1,4658.4,4610.4,0.0,4610.4,observed_upstream_mainline,5154.0,daily_period_median_fallback_no_congestion,4604.400000000001,5905.0,1h_rolling_peak
L405S-098,03:55,NT1,4629.6,4605.6,0.0,4605.6,observed_upstream_mainline,5154.0,daily_period_median_fallback_no_congestion,4573.8,5905.0,1h_rolling_peak
L405S-098,04:00,NT1,4600.8,4581.6,0.0,4581.6,observed_upstream_mainline,5154.0,daily_period_median_fallback_no_congestion,4560.8,5905.0,1h_rolling_peak
L405S-098,04:05,NT1,4557.6,4557.6,0.0,4557.6,observed_upstream_mainline,5154.0,daily_period_median_fallback_no_congestion,4554.4,5905.0,1h_rolling_peak
L405S-098,04:10,NT1,4656.0,4605.6,0.0,4605.6,observed_upstream_mainline,5154.0,daily_period_median_fallback_no_congestion,4589.6,5905.0,1h_rolling_peak
L405S-098,04:15,NT1,4658.4,4646.4,0.0,4646.4,observed_upstream_mainline,5154.0,daily_period_median_fallback_no_congestion,4586.599999999999,5905.0,1h_rolling_peak
L405S-098,04:20,NT1,4713.6,4682.4,0.0,4682.4,observed_upstream_mainline,5154.0,daily_period_median_fallback_no_congestion,4585.599999999999,5905.0,1h_rolling_peak
L405S-098,04:25,NT1,4867.2,4800.0,0.0,4800.0,observed_upstream_mainline,5154.0,daily_period_median_fallback_no_congestion,4617.2,5905.0,1h_rolling_peak
L405S-098,04:30,NT1,4771.2,4780.8,0.0,4780.8,observed_upstream_mainline,5154.0,daily_period_median_fallback_no_congestion,4652.2,5905.0,1h_rolling_peak
L405S-098,04:35,NT1,4831.2,4773.6,0.0,4773.6,observed_upstream_mainline,5154.0,daily_period_median_fallback_no_congestion,4672.400000000001,5905.0,1h_rolling_peak
L405S-098,04:40,NT1,4932.0,4941.6,0.0,4941.6,observed_upstream_mainline,5154.0,daily_period_median_fallback_no_congestion,4700.2,5905.0,1h_rolling_peak
L405S-098,04:45,NT1,5056.8,4963.2,0.0,4963.2,observed_upstream_mainline,5154.0,daily_period_median_fallback_no_congestion,4712.400000000001,5905.0,1h_rolling_peak
L405S-098,04:50,NT1,4996.8,5044.8,0.0,5044.8,observed_upstream_mainline,5154.0,daily_period_median_fallback_no_congestion,4748.599999999999,5905.0,1h_rolling_peak
L405S-098,04:55,NT1,4920.0,4893.6,0.0,4893.6,observed_upstream_mainline,5154.0,daily_period_median_fallback_no_congestion,4772.599999999999,5905.0,1h_rolling_peak
L405S-098,05:00,NT1,4876.8,4893.6,0.0,4893.6,observed_upstream_mainline,5154.0,daily_period_median_fallback_no_congestion,4798.6,5905.0,1h_rolling_peak
L405S-098,05:05,NT1,5061.6,5100.0,0.0,5100.0,observed_upstream_mainline,5154.0,daily_period_median_fallback_no_congestion,4843.8,5905.0,1h_rolling_peak
L405S-098,05:10,NT1,5246.4,5229.6,0.0,5229.6,observed_upstream_mainline,5154.0,daily_period_median_fallback_no_congestion,4895.8,5905.0,1h_rolling_peak
L405S-098,05:15,NT1,5335.2,5277.6,0.0,5277.6,observed_upstream_mainline,5154.0,daily_period_median_fallback_no_congestion,4948.400000000001,5905.0,1h_rolling_peak
L405S-098,05:20,NT1,5395.2,5421.6,0.0,5421.6,observed_upstream_mainline,5154.0,daily_period_median_fallback_no_congestion,5010.0,5905.0,1h_rolling_peak
L405S-098,05:25,NT1,5296.8,5272.8,0.0,5272.8,observed_upstream_mainline,5154.0,daily_period_median_fallback_no_congestion,5049.400000000001,5905.0,1h_rolling_peak
L405S-098,05:30,NT1,5275.2,5232.0,0.0,5232.0,observed_upstream_mainline,5154.0,daily_period_median_fallback_no_congestion,5087.0,5905.0,1h_rolling_peak
L405S-098,05:35,NT1,5174.4,5169.6,0.0,5169.6,observed_upstream_mainline,5154.0,daily_period_median_fallback_no_congestion,5120.0,5905.0,1h_rolling_peak
L405S-098,05:40,NT1,5200.8,5095.2,0.0,5095.2,observed_upstream_mainline,5154.0,daily_period_median_fallback_no_congestion,5132.8,5905.0,1h_rolling_peak
L405S-098,05:45,NT1,5184.0,5198.4,0.0,5198.4,observed_upstream_mainline,5154.0,daily_period_median_fallback_no_congestion,5152.400000000001,5905.0,1h_rolling_peak
L405S-098,05:50,NT1,5244.0,5138.4,0.0,5138.4,observed_upstream_mainline,5154.0,daily_period_median_fallback_no_congestion,5160.2,5905.0,1h_rolling_peak
L405S-098,05:55,NT1,5126.4,5145.6,0.0,5145.6,observed_upstream_mainline,5154.0,daily_period_median_fallback_no_congestion,5181.200000000001,5905.0,1h_rolling_peak
L405S-098,19:00,NT2,398.4,386.4,0.0,386.4,observed_upstream_mainline,1056.0,daily_period_median_fallback_no_congestion,,4311.4,1h_rolling_peak
L405S-098,19:05,NT2,302.4,312.0,0.0,312.0,observed_upstream_mainline,1056.0,daily_period_median_fallback_no_congestion,,4311.4,1h_rolling_peak
L405S-098,19:10,NT2,345.6,338.4,0.0,338.4,observed_upstream_mainline,1056.0,daily_period_median_fallback_no_congestion,,4311.4,1h_rolling_peak
L405S-098,19:15,NT2,321.6,331.2,0.0,331.2,observed_upstream_mainline,1056.0,daily_period_median_fallback_no_congestion,,4311.4,1h_rolling_peak
L405S-098,19:20,NT2,319.2,338.4,0.0,338.4,observed_upstream_mainline,1056.0,daily_period_median_fallback_no_congestion,,4311.4,1h_rolling_peak
L405S-098,19:25,NT2,352.8,331.2,0.0,331.2,observed_upstream_mainline,1056.0,daily_period_median_fallback_no_congestion,,4311.4,1h_rolling_peak
L405S-098,19:30,NT2,352.8,350.4,0.0,350.4,observed_upstream_mainline,1056.0,daily_period_median_fallback_no_congestion,,4311.4,1h_rolling_peak
L405S-098,19:35,NT2,388.8,398.4,0.0,398.4,observed_upstream_mainline,1056.0,daily_period_median_fallback_no_congestion,,4311.4,1h_rolling_peak
L405S-098,19:40,NT2,362.4,372.0,0.0,372.0,observed_upstream_mainline,1056.0,daily_period_median_fallback_no_congestion,,4311.4,1h_rolling_peak
L405S-098,19:45,NT2,372.0,381.6,0.0,381.6,observed_upstream_mainline,1056.0,daily_period_median_fallback_no_congestion,,4311.4,1h_rolling_peak
L405S-098,19:50,NT2,400.8,410.4,0.0,410.4,observed_upstream_mainline,1056.0,daily_period_median_fallback_no_congestion,,4311.4,1h_rolling_peak
L405S-098,19:55,NT2,379.2,374.4,0.0,374.4,observed_upstream_mainline,1056.0,daily_period_median_fallback_no_congestion,360.40000000000003,4311.4,1h_rolling_peak
L405S-098,20:00,NT2,350.4,357.6,0.0,357.6,observed_upstream_mainline,1056.0,daily_period_median_fallback_no_congestion,358.0,4311.4,1h_rolling_peak
L405S-098,20:05,NT2,362.4,350.4,0.0,350.4,observed_upstream_mainline,1056.0,daily_period_median_fallback_no_congestion,361.2,4311.4,1h_rolling_peak
L405S-098,20:10,NT2,364.8,367.2,0.0,367.2,observed_upstream_mainline,1056.0,daily_period_median_fallback_no_congestion,363.59999999999997,4311.4,1h_rolling_peak
L405S-098,20:15,NT2,417.6,432.0,0.0,432.0,observed_upstream_mainline,1056.0,daily_period_median_fallback_no_congestion,372.0,4311.4,1h_rolling_peak
L405S-098,20:20,NT2,422.4,444.0,0.0,444.0,observed_upstream_mainline,1056.0,daily_period_median_fallback_no_congestion,380.8,4311.4,1h_rolling_peak
L405S-098,20:25,NT2,501.6,530.4,0.0,530.4,observed_upstream_mainline,1056.0,daily_period_median_fallback_no_congestion,397.3999999999999,4311.4,1h_rolling_peak
L405S-098,20:30,NT2,516.0,561.6,0.0,561.6,observed_upstream_mainline,1056.0,daily_period_median_fallback_no_congestion,415.0,4311.4,1h_rolling_peak
L405S-098,20:35,NT2,525.6,595.2,0.0,595.2,observed_upstream_mainline,1056.0,daily_period_median_fallback_no_congestion,431.40000000000003,4311.4,1h_rolling_peak
L405S-098,20:40,NT2,619.2,664.8,0.0,664.8,observed_upstream_mainline,1056.0,daily_period_median_fallback_no_congestion,455.8,4311.4,1h_rolling_peak
L405S-098,20:45,NT2,609.6,638.4,0.0,638.4,observed_upstream_mainline,1056.0,daily_period_median_fallback_no_congestion,477.2,4311.4,1h_rolling_peak
L405S-098,20:50,NT2,621.6,672.0,0.0,672.0,observed_upstream_mainline,1056.0,daily_period_median_fallback_no_congestion,499.0,4311.4,1h_rolling_peak
L405S-098,20:55,NT2,674.4,688.8,0.0,688.8,observed_upstream_mainline,1056.0,daily_period_median_fallback_no_congestion,525.1999999999999,4311.4,1h_rolling_peak
L405S-098,21:00,NT2,633.6,648.0,0.0,648.0,observed_upstream_mainline,1056.0,daily_period_median_fallback_no_congestion,549.4,4311.4,1h_rolling_peak
L405S-098,21:05,NT2,566.4,578.4,0.0,578.4,observed_upstream_mainline,1056.0,daily_period_median_fallback_no_congestion,568.4,4311.4,1h_rolling_peak
L405S-098,21:10,NT2,600.0,626.4,0.0,626.4,observed_upstream_mainline,1056.0,daily_period_median_fallback_no_congestion,590.0,4311.4,1h_rolling_peak
L405S-098,21:15,NT2,792.0,854.4,0.0,854.4,observed_upstream_mainline,1056.0,daily_period_median_fallback_no_congestion,625.1999999999999,4311.4,1h_rolling_peak
L405S-098,21:20,NT2,940.8,1017.6,0.0,1017.6,observed_upstream_mainline,1056.0,daily_period_median_fallback_no_congestion,673.0,4311.4,1h_rolling_peak
L405S-098,21:25,NT2,979.2,1046.4,0.0,1046.4,observed_upstream_mainline,1056.0,daily_period_median_fallback_no_congestion,716.0,4311.4,1h_rolling_peak
L405S-098,21:30,NT2,1188.0,1281.6,0.0,1281.6,observed_upstream_mainline,1056.0,daily_period_median_fallback_no_congestion,776.0,4311.4,1h_rolling_peak
L405S-098,21:35,NT2,1339.2,1432.8,0.0,1432.8,observed_upstream_mainline,1056.0,daily_period_median_fallback_no_congestion,845.7999999999998,4311.4,1h_rolling_peak
L405S-098,21:40,NT2,1584.0,1704.0,0.0,1704.0,observed_upstream_mainline,1056.0,daily_period_median_fallback_no_congestion,932.4,4311.4,1h_rolling_peak
L405S-098,21:45,NT2,1711.2,1876.8,0.0,1876.8,observed_upstream_mainline,1056.0,daily_period_median_fallback_no_congestion,1035.6000000000001,4311.4,1h_rolling_peak
L405S-098,21:50,NT2,1687.2,1812.0,0.0,1812.0,observed_upstream_mainline,1056.0,daily_period_median_fallback_no_congestion,1130.6000000000001,4311.4,1h_rolling_peak
L405S-098,21:55,NT2,1605.6,1684.8,0.0,1684.8,observed_upstream_mainline,1056.0,daily_period_median_fallback_no_congestion,1213.6000000000001,4311.4,1h_rolling_peak
L405S-098,22:00,NT2,1245.6,1274.4,0.0,1274.4,observed_upstream_mainline,1056.0,daily_period_median_fallback_no_congestion,1265.8,4311.4,1h_rolling_peak
L405S-098,22:05,NT2,1267.2,1344.0,0.0,1344.0,observed_upstream_mainline,1056.0,daily_period_median_fallback_no_congestion,1329.6,4311.4,1h_rolling_peak
L405S-098,22:10,NT2,1425.6,1485.6,0.0,1485.6,observed_upstream_mainline,1056.0,daily_period_median_fallback_no_congestion,1401.2,4311.4,1h_rolling_peak
L405S-098,22:15,NT2,1576.8,1708.8,0.0,1708.8,observed_upstream_mainline,1056.0,daily_period_median_fallback_no_congestion,1472.3999999999999,4311.4,1h_rolling_peak
L405S-098,22:20,NT2,1706.4,1759.2,0.0,1759.2,observed_upstream_mainline,1056.0,daily_period_median_fallback_no_congestion,1534.2,4311.4,1h_rolling_peak
L405S-098,22:25,NT2,2076.0,2220.0,0.0,2220.0,observed_upstream_mainline,1056.0,daily_period_median_fallback_no_congestion,1632.0,4311.4,1h_rolling_peak
L405S-098,22:30,NT2,2140.8,2292.0,0.0,2292.0,observed_upstream_mainline,1056.0,daily_period_median_fallback_no_congestion,1716.2,4311.4,1h_rolling_peak
L405S-098,22:35,NT2,2582.4,2791.2,0.0,2791.2,observed_upstream_mainline,1056.0,daily_period_median_fallback_no_congestion,1829.3999999999999,4311.4,1h_rolling_peak
L405S-098,22:40,NT2,2822.4,3036.0,0.0,3036.0,observed_upstream_mainline,1056.0,daily_period_median_fallback_no_congestion,1940.3999999999999,4311.4,1h_rolling_peak
L405S-098,22:45,NT2,3170.4,3369.6,0.0,3369.6,observed_upstream_mainline,1056.0,daily_period_median_fallback_no_congestion,2064.7999999999997,4311.4,1h_rolling_peak
L405S-098,22:50,NT2,3204.0,3367.2,0.0,3367.2,observed_upstream_mainline,1056.0,daily_period_median_fallback_no_congestion,2194.4,4311.4,1h_rolling_peak
L405S-098,22:55,NT2,3033.6,3213.6,0.0,3213.6,observed_upstream_mainline,1056.0,daily_period_median_fallback_no_congestion,2321.7999999999997,4311.4,1h_rolling_peak
L405S-098,23:00,NT2,2892.0,2894.4,0.0,2894.4,observed_upstream_mainline,1056.0,daily_period_median_fallback_no_congestion,2456.7999999999997,4311.4,1h_rolling_peak
L405S-098,23:05,NT2,3062.4,3208.8,0.0,3208.8,observed_upstream_mainline,1056.0,daily_period_median_fallback_no_congestion,2612.2,4311.4,1h_rolling_peak
L405S-098,23:10,NT2,3060.0,3148.8,0.0,3148.8,observed_upstream_mainline,1056.0,daily_period_median_fallback_no_congestion,2750.7999999999997,4311.4,1h_rolling_peak
L405S-098,23:15,NT2,3388.8,3525.6,0.0,3525.6,observed_upstream_mainline,1056.0,daily_period_median_fallback_no_congestion,2902.2000000000003,4311.4,1h_rolling_peak
L405S-098,23:20,NT2,3609.6,3698.4,0.0,3698.4,observed_upstream_mainline,1056.0,daily_period_median_fallback_no_congestion,3063.7999999999997,4311.4,1h_rolling_peak
L405S-098,23:25,NT2,3823.2,3981.6,0.0,3981.6,observed_upstream_mainline,1056.0,daily_period_median_fallback_no_congestion,3210.6000000000004,4311.4,1h_rolling_peak
L405S-098,23:30,NT2,4288.8,4413.6,0.0,4413.6,observed_upstream_mainline,1056.0,daily_period_median_fallback_no_congestion,3387.3999999999996,4311.4,1h_rolling_peak
L405S-098,23:35,NT2,4874.4,5104.8,0.0,5104.8,observed_upstream_mainline,1056.0,daily_period_median_fallback_no_congestion,3580.2000000000003,4311.4,1h_rolling_peak
L405S-098,23:40,NT2,5174.4,5308.8,0.0,5308.8,observed_upstream_mainline,1056.0,daily_period_median_fallback_no_congestion,3769.6,4311.4,1h_rolling_peak
L405S-098,23:45,NT2,5409.6,5582.4,0.0,5582.4,observed_upstream_mainline,1056.0,daily_period_median_fallback_no_congestion,3954.0,4311.4,1h_rolling_peak
L405S-098,23:50,NT2,5469.6,5652.0,0.0,5652.0,observed_upstream_mainline,1056.0,daily_period_median_fallback_no_congestion,4144.400000000001,4311.4,1h_rolling_peak
L405S-098,23:55,NT2,5008.8,5217.6,0.0,5217.6,observed_upstream_mainline,1056.0,daily_period_median_fallback_no_congestion,4311.4,4311.4,1h_rolling_peak
L405S-098,15:00,PM,2800.8,2812.8,0.0,2812.8,observed_upstream_mainline,930.0,daily_period_median_fallback_no_congestion,,2508.4,1h_rolling_peak
L405S-098,15:05,PM,2743.2,2750.4,0.0,2750.4,observed_upstream_mainline,930.0,daily_period_median_fallback_no_congestion,,2508.4,1h_rolling_peak
L405S-098,15:10,PM,2654.4,2642.4,0.0,2642.4,observed_upstream_mainline,930.0,daily_period_median_fallback_no_congestion,,2508.4,1h_rolling_peak
L405S-098,15:15,PM,2824.8,2851.2,0.0,2851.2,observed_upstream_mainline,930.0,daily_period_median_fallback_no_congestion,,2508.4,1h_rolling_peak
L405S-098,15:20,PM,2685.6,2649.6,0.0,2649.6,observed_upstream_mainline,930.0,daily_period_median_fallback_no_congestion,,2508.4,1h_rolling_peak
L405S-098,15:25,PM,2512.8,2522.4,0.0,2522.4,observed_upstream_mainline,930.0,daily_period_median_fallback_no_congestion,,2508.4,1h_rolling_peak
L405S-098,15:30,PM,2356.8,2323.2,0.0,2323.2,observed_upstream_mainline,930.0,daily_period_median_fallback_no_congestion,,2508.4,1h_rolling_peak
L405S-098,15:35,PM,2491.2,2462.4,0.0,2462.4,observed_upstream_mainline,930.0,daily_period_median_fallback_no_congestion,,2508.4,1h_rolling_peak
L405S-098,15:40,PM,2407.2,2476.8,0.0,2476.8,observed_upstream_mainline,930.0,daily_period_median_fallback_no_congestion,,2508.4,1h_rolling_peak
L405S-098,15:45,PM,2416.8,2431.2,0.0,2431.2,observed_upstream_mainline,930.0,daily_period_median_fallback_no_congestion,,2508.4,1h_rolling_peak
L405S-098,15:50,PM,2184.0,2140.8,0.0,2140.8,observed_upstream_mainline,930.0,daily_period_median_fallback_no_congestion,,2508.4,1h_rolling_peak
L405S-098,15:55,PM,1977.6,2037.6,0.0,2037.6,observed_upstream_mainline,930.0,daily_period_median_fallback_no_congestion,2508.4,2508.4,1h_rolling_peak
L405S-098,16:00,PM,1790.4,1730.4,0.0,1730.4,observed_upstream_mainline,930.0,daily_period_median_fallback_no_congestion,2418.2000000000003,2508.4,1h_rolling_peak
L405S-098,16:05,PM,1646.4,1706.4,0.0,1706.4,observed_upstream_mainline,930.0,daily_period_median_fallback_no_congestion,2331.2000000000003,2508.4,1h_rolling_peak
L405S-098,16:10,PM,1836.0,1773.6,0.0,1773.6,observed_upstream_mainline,930.0,daily_period_median_fallback_no_congestion,2258.7999999999997,2508.4,1h_rolling_peak
L405S-098,16:15,PM,1581.6,1622.4,0.0,1622.4,observed_upstream_mainline,930.0,daily_period_median_fallback_no_congestion,2156.4,2508.4,1h_rolling_peak
L405S-098,16:20,PM,1708.8,1725.6,0.0,1725.6,observed_upstream_mainline,930.0,daily_period_median_fallback_no_congestion,2079.4,2508.4,1h_rolling_peak
L405S-098,16:25,PM,1521.6,1502.4,0.0,1502.4,observed_upstream_mainline,930.0,daily_period_median_fallback_no_congestion,1994.4000000000003,2508.4,1h_rolling_peak
L405S-098,16:30,PM,1380.0,1394.4,0.0,1394.4,observed_upstream_mainline,930.0,daily_period_median_fallback_no_congestion,1917.0,2508.4,1h_rolling_peak
L405S-098,16:35,PM,1286.4,1286.4,0.0,1286.4,observed_upstream_mainline,930.0,daily_period_median_fallback_no_congestion,1819.0,2508.4,1h_rolling_peak
L405S-098,16:40,PM,1276.8,1250.4,0.0,1250.4,observed_upstream_mainline,930.0,daily_period_median_fallback_no_congestion,1716.8,2508.4,1h_rolling_peak
L405S-098,16:45,PM,1228.8,1255.2,0.0,1255.2,observed_upstream_mainline,930.0,daily_period_median_fallback_no_congestion,1618.8,2508.4,1h_rolling_peak
L405S-098,16:50,PM,1190.4,1190.4,0.0,1190.4,observed_upstream_mainline,930.0,daily_period_median_fallback_no_congestion,1539.6000000000001,2508.4,1h_rolling_peak
L405S-098,16:55,PM,1128.0,1111.2,0.0,1111.2,observed_upstream_mainline,930.0,daily_period_median_fallback_no_congestion,1462.4000000000003,2508.4,1h_rolling_peak
L405S-098,17:00,PM,849.6,837.6,0.0,837.6,observed_upstream_mainline,930.0,daily_period_median_fallback_no_congestion,1388.0,2508.4,1h_rolling_peak
L405S-098,17:05,PM,919.2,919.2,0.0,919.2,observed_upstream_mainline,930.0,daily_period_median_fallback_no_congestion,1322.4,2508.4,1h_rolling_peak
L405S-098,17:10,PM,931.2,940.8,0.0,940.8,observed_upstream_mainline,930.0,daily_period_median_fallback_no_congestion,1253.0,2508.4,1h_rolling_peak
L405S-098,17:15,PM,897.6,890.4,0.0,890.4,observed_upstream_mainline,930.0,daily_period_median_fallback_no_congestion,1192.0,2508.4,1h_rolling_peak
L405S-098,17:20,PM,796.8,794.4,0.0,794.4,observed_upstream_mainline,930.0,daily_period_median_fallback_no_congestion,1114.3999999999999,2508.4,1h_rolling_peak
L405S-098,17:25,PM,777.6,811.2,0.0,811.2,observed_upstream_mainline,930.0,daily_period_median_fallback_no_congestion,1056.8,2508.4,1h_rolling_peak
L405S-098,17:30,PM,724.8,700.8,0.0,700.8,observed_upstream_mainline,930.0,daily_period_median_fallback_no_congestion,999.0,2508.4,1h_rolling_peak
L405S-098,17:35,PM,698.4,720.0,0.0,720.0,observed_upstream_mainline,930.0,daily_period_median_fallback_no_congestion,951.7999999999998,2508.4,1h_rolling_peak
L405S-098,17:40,PM,734.4,765.6,0.0,765.6,observed_upstream_mainline,930.0,daily_period_median_fallback_no_congestion,911.4,2508.4,1h_rolling_peak
L405S-098,17:45,PM,686.4,705.6,0.0,705.6,observed_upstream_mainline,930.0,daily_period_median_fallback_no_congestion,865.6,2508.4,1h_rolling_peak
L405S-098,17:50,PM,710.4,710.4,0.0,710.4,observed_upstream_mainline,930.0,daily_period_median_fallback_no_congestion,825.5999999999999,2508.4,1h_rolling_peak
L405S-098,17:55,PM,662.4,650.4,0.0,650.4,observed_upstream_mainline,930.0,daily_period_median_fallback_no_congestion,787.1999999999999,2508.4,1h_rolling_peak
L405S-098,18:00,PM,607.2,631.2,0.0,631.2,observed_upstream_mainline,930.0,daily_period_median_fallback_no_congestion,770.0,2508.4,1h_rolling_peak
L405S-098,18:05,PM,564.0,566.4,0.0,566.4,observed_upstream_mainline,930.0,daily_period_median_fallback_no_congestion,740.5999999999999,2508.4,1h_rolling_peak
L405S-098,18:10,PM,549.6,568.8,0.0,568.8,observed_upstream_mainline,930.0,daily_period_median_fallback_no_congestion,709.6,2508.4,1h_rolling_peak
L405S-098,18:15,PM,564.0,578.4,0.0,578.4,observed_upstream_mainline,930.0,daily_period_median_fallback_no_congestion,683.6,2508.4,1h_rolling_peak
L405S-098,18:20,PM,511.2,520.8,0.0,520.8,observed_upstream_mainline,930.0,daily_period_median_fallback_no_congestion,660.8,2508.4,1h_rolling_peak
L405S-098,18:25,PM,439.2,456.0,0.0,456.0,observed_upstream_mainline,930.0,daily_period_median_fallback_no_congestion,631.1999999999999,2508.4,1h_rolling_peak
L405S-098,18:30,PM,427.2,422.4,0.0,422.4,observed_upstream_mainline,930.0,daily_period_median_fallback_no_congestion,608.0,2508.4,1h_rolling_peak
L405S-098,18:35,PM,379.2,384.0,0.0,384.0,observed_upstream_mainline,930.0,daily_period_median_fallback_no_congestion,580.0,2508.4,1h_rolling_peak
L405S-098,18:40,PM,405.6,405.6,0.0,405.6,observed_upstream_mainline,930.0,daily_period_median_fallback_no_congestion,549.9999999999999,2508.4,1h_rolling_peak
L405S-098,18:45,PM,436.8,427.2,0.0,427.2,observed_upstream_mainline,930.0,daily_period_median_fallback_no_congestion,526.8000000000001,2508.4,1h_rolling_peak
L405S-098,18:50,PM,367.2,384.0,0.0,384.0,observed_upstream_mainline,930.0,daily_period_median_fallback_no_congestion,499.6000000000001,2508.4,1h_rolling_peak
L405S-098,18:55,PM,386.4,391.2,0.0,391.2,observed_upstream_mainline,930.0,daily_period_median_fallback_no_congestion,478.0,2508.4,1h_rolling_peak
L405S-115,06:00,AM,5709.6,5046.0,0.0,5046.0,observed_upstream_mainline,6612.0,daily_period_median_fallback_no_congestion,,5832.5,1h_rolling_peak
L405S-115,06:05,AM,5877.6,5186.4,0.0,5186.4,observed_upstream_mainline,6612.0,daily_period_median_fallback_no_congestion,,5832.5,1h_rolling_peak
L405S-115,06:10,AM,5952.0,5155.2,0.0,5155.2,observed_upstream_mainline,6612.0,daily_period_median_fallback_no_congestion,,5832.5,1h_rolling_peak
L405S-115,06:15,AM,6648.0,5720.4,0.0,5720.4,observed_upstream_mainline,6612.0,daily_period_median_fallback_no_congestion,,5832.5,1h_rolling_peak
L405S-115,06:20,AM,6381.6,5468.4,0.0,5468.4,observed_upstream_mainline,6612.0,daily_period_median_fallback_no_congestion,,5832.5,1h_rolling_peak
L405S-115,06:25,AM,6552.0,5562.0,0.0,5562.0,observed_upstream_mainline,6612.0,daily_period_median_fallback_no_congestion,,5832.5,1h_rolling_peak
L405S-115,06:30,AM,6424.8,5496.0,0.0,5496.0,observed_upstream_mainline,6612.0,daily_period_median_fallback_no_congestion,,5832.5,1h_rolling_peak
L405S-115,06:35,AM,6540.0,5569.2,0.0,5569.2,observed_upstream_mainline,6612.0,daily_period_median_fallback_no_congestion,,5832.5,1h_rolling_peak
L405S-115,06:40,AM,6628.8,5640.0,0.0,5640.0,observed_upstream_mainline,6612.0,daily_period_median_fallback_no_congestion,,5832.5,1h_rolling_peak
L405S-115,06:45,AM,6506.4,5558.4,0.0,5558.4,observed_upstream_mainline,6612.0,daily_period_median_fallback_no_congestion,,5832.5,1h_rolling_peak
L405S-115,06:50,AM,6309.6,5473.2,0.0,5473.2,observed_upstream_mainline,6612.0,daily_period_median_fallback_no_congestion,,5832.5,1h_rolling_peak
L405S-115,06:55,AM,6211.2,5431.2,0.0,5431.2,observed_upstream_mainline,6612.0,daily_period_median_fallback_no_congestion,5442.2,5832.5,1h_rolling_peak
L405S-115,07:00,AM,5882.4,5314.8,0.0,5314.8,observed_upstream_mainline,6612.0,daily_period_median_fallback_no_congestion,5464.599999999999,5832.5,1h_rolling_peak
L405S-115,07:05,AM,5457.6,5118.0,0.0,5118.0,observed_upstream_mainline,6612.0,daily_period_median_fallback_no_congestion,5458.9,5832.5,1h_rolling_peak
L405S-115,07:10,AM,6103.2,5367.6,0.0,5367.6,observed_upstream_mainline,6612.0,daily_period_median_fallback_no_congestion,5476.599999999999,5832.5,1h_rolling_peak
L405S-115,07:15,AM,6136.8,5293.2,0.0,5293.2,observed_upstream_mainline,6612.0,daily_period_median_fallback_no_congestion,5441.0,5832.5,1h_rolling_peak
L405S-115,07:20,AM,6213.6,5324.4,0.0,5324.4,observed_upstream_mainline,6612.0,daily_period_median_fallback_no_congestion,5429.0,5832.5,1h_rolling_peak
L405S-115,07:25,AM,6036.0,5271.6,0.0,5271.6,observed_upstream_mainline,6612.0,daily_period_median_fallback_no_congestion,5404.8,5832.5,1h_rolling_peak
L405S-115,07:30,AM,6036.0,5168.4,0.0,5168.4,observed_upstream_mainline,6612.0,daily_period_median_fallback_no_congestion,5377.5,5832.5,1h_rolling_peak
L405S-115,07:35,AM,6705.6,5827.2,0.0,5827.2,observed_upstream_mainline,6612.0,daily_period_median_fallback_no_congestion,5399.0,5832.5,1h_rolling_peak
L405S-115,07:40,AM,6734.4,5889.6,0.0,5889.6,observed_upstream_mainline,6612.0,daily_period_median_fallback_no_congestion,5419.8,5832.5,1h_rolling_peak
L405S-115,07:45,AM,7236.0,6284.4,0.0,6284.4,observed_upstream_mainline,6612.0,daily_period_median_fallback_no_congestion,5480.299999999999,5832.5,1h_rolling_peak
L405S-115,07:50,AM,6775.2,5858.4,0.0,5858.4,observed_upstream_mainline,6612.0,daily_period_median_fallback_no_congestion,5512.400000000001,5832.5,1h_rolling_peak
L405S-115,07:55,AM,6309.6,5628.0,0.0,5628.0,observed_upstream_mainline,6612.0,daily_period_median_fallback_no_congestion,5528.8,5832.5,1h_rolling_peak
L405S-115,08:00,AM,6597.6,5791.2,0.0,5791.2,observed_upstream_mainline,6612.0,daily_period_median_fallback_no_congestion,5568.5,5832.5,1h_rolling_peak
L405S-115,08:05,AM,6405.6,5544.0,0.0,5544.0,observed_upstream_mainline,6612.0,daily_period_median_fallback_no_congestion,5604.0,5832.5,1h_rolling_peak
L405S-115,08:10,AM,6573.6,5788.8,0.0,5788.8,observed_upstream_mainline,6612.0,daily_period_median_fallback_no_congestion,5639.099999999999,5832.5,1h_rolling_peak
L405S-115,08:15,AM,6849.6,6076.8,0.0,6076.8,observed_upstream_mainline,6612.0,daily_period_median_fallback_no_congestion,5704.400000000001,5832.5,1h_rolling_peak
L405S-115,08:20,AM,6864.0,5905.2,0.0,5905.2,observed_upstream_mainline,6612.0,daily_period_median_fallback_no_congestion,5752.8,5832.5,1h_rolling_peak
L405S-115,08:25,AM,6638.4,5806.8,0.0,5806.8,observed_upstream_mainline,6612.0,daily_period_median_fallback_no_congestion,5797.400000000001,5832.5,1h_rolling_peak
L405S-115,08:30,AM,6504.0,5589.6,0.0,5589.6,observed_upstream_mainline,6612.0,daily_period_median_fallback_no_congestion,5832.5,5832.5,1h_rolling_peak
L405S-115,08:35,AM,6559.2,5625.6,0.0,5625.6,observed_upstream_mainline,6612.0,daily_period_median_fallback_no_congestion,5815.7,5832.5,1h_rolling_peak
L405S-115,08:40,AM,6960.0,6079.2,0.0,6079.2,observed_upstream_mainline,6612.0,daily_period_median_fallback_no_congestion,5831.5,5832.5,1h_rolling_peak
L405S-115,08:45,AM,7039.2,6084.0,0.0,6084.0,observed_upstream_mainline,6612.0,daily_period_median_fallback_no_congestion,5814.8,5832.5,1h_rolling_peak
L405S-115,08:50,AM,6537.6,5769.6,0.0,5769.6,observed_upstream_mainline,6612.0,daily_period_median_fallback_no_congestion,5807.400000000001,5832.5,1h_rolling_peak
L405S-115,08:55,AM,6578.4,5725.2,0.0,5725.2,observed_upstream_mainline,6612.0,daily_period_median_fallback_no_congestion,5815.5,5832.5,1h_rolling_peak
L405S-115,09:00,AM,6549.6,5709.6,0.0,5709.6,observed_upstream_mainline,6612.0,daily_period_median_fallback_no_congestion,5808.7,5832.5,1h_rolling_peak
L405S-115,09:05,AM,6518.4,5684.4,0.0,5684.4,observed_upstream_mainline,6612.0,daily_period_median_fallback_no_congestion,5820.400000000001,5832.5,1h_rolling_peak
L405S-115,09:10,AM,6506.4,5714.4,0.0,5714.4,observed_upstream_mainline,6612.0,daily_period_median_fallback_no_congestion,5814.2,5832.5,1h_rolling_peak
L405S-115,09:15,AM,6580.8,5662.8,0.0,5662.8,observed_upstream_mainline,6612.0,daily_period_median_fallback_no_congestion,5779.700000000001,5832.5,1h_rolling_peak
L405S-115,09:20,AM,6494.4,5649.6,0.0,5649.6,observed_upstream_mainline,6612.0,daily_period_median_fallback_no_congestion,5758.400000000001,5832.5,1h_rolling_peak
L405S-115,09:25,AM,6549.6,5670.0,0.0,5670.0,observed_upstream_mainline,6612.0,daily_period_median_fallback_no_congestion,5747.0,5832.5,1h_rolling_peak
L405S-115,09:30,AM,6638.4,5691.6,0.0,5691.6,observed_upstream_mainline,6612.0,daily_period_median_fallback_no_congestion,5755.5,5832.5,1h_rolling_peak
L405S-115,09:35,AM,6684.0,5790.0,0.0,5790.0,observed_upstream_mainline,6612.0,daily_period_median_fallback_no_congestion,5769.2,5832.5,1h_rolling_peak
L405S-115,09:40,AM,6955.2,6039.6,0.0,6039.6,observed_upstream_mainline,6612.0,daily_period_median_fallback_no_congestion,5765.900000000001,5832.5,1h_rolling_peak
L405S-115,09:45,AM,6772.8,5923.2,0.0,5923.2,observed_upstream_mainline,6612.0,daily_period_median_fallback_no_congestion,5752.5,5832.5,1h_rolling_peak
L405S-115,09:50,AM,6614.4,5810.4,0.0,5810.4,observed_upstream_mainline,6612.0,daily_period_median_fallback_no_congestion,5755.900000000001,5832.5,1h_rolling_peak
L405S-115,09:55,AM,6511.2,5584.8,0.0,5584.8,observed_upstream_mainline,6612.0,daily_period_median_fallback_no_congestion,5744.2,5832.5,1h_rolling_peak
L405S-115,10:00,MD,6626.4,5773.2,0.0,5773.2,observed_upstream_mainline,4896.0,daily_period_median_fallback_no_congestion,,5771.5,1h_rolling_peak
L405S-115,10:05,MD,6338.4,5569.2,0.0,5569.2,observed_upstream_mainline,4896.0,daily_period_median_fallback_no_congestion,,5771.5,1h_rolling_peak
L405S-115,10:10,MD,6552.0,5797.2,0.0,5797.2,observed_upstream_mainline,4896.0,daily_period_median_fallback_no_congestion,,5771.5,1h_rolling_peak
L405S-115,10:15,MD,6871.2,6050.4,0.0,6050.4,observed_upstream_mainline,4896.0,daily_period_median_fallback_no_congestion,,5771.5,1h_rolling_peak
L405S-115,10:20,MD,6796.8,5977.2,0.0,5977.2,observed_upstream_mainline,4896.0,daily_period_median_fallback_no_congestion,,5771.5,1h_rolling_peak
L405S-115,10:25,MD,6729.6,5920.8,0.0,5920.8,observed_upstream_mainline,4896.0,daily_period_median_fallback_no_congestion,,5771.5,1h_rolling_peak
L405S-115,10:30,MD,6556.8,5746.8,0.0,5746.8,observed_upstream_mainline,4896.0,daily_period_median_fallback_no_congestion,,5771.5,1h_rolling_peak
L405S-115,10:35,MD,6832.8,5986.8,0.0,5986.8,observed_upstream_mainline,4896.0,daily_period_median_fallback_no_congestion,,5771.5,1h_rolling_peak
L405S-115,10:40,MD,6799.2,5840.4,0.0,5840.4,observed_upstream_mainline,4896.0,daily_period_median_fallback_no_congestion,,5771.5,1h_rolling_peak
L405S-115,10:45,MD,6496.8,5546.4,0.0,5546.4,observed_upstream_mainline,4896.0,daily_period_median_fallback_no_congestion,,5771.5,1h_rolling_peak
L405S-115,10:50,MD,6662.4,5716.8,0.0,5716.8,observed_upstream_mainline,4896.0,daily_period_median_fallback_no_congestion,,5771.5,1h_rolling_peak
L405S-115,10:55,MD,6160.8,5332.8,0.0,5332.8,observed_upstream_mainline,4896.0,daily_period_median_fallback_no_congestion,5771.5,5771.5,1h_rolling_peak
L405S-115,11:00,MD,6098.4,5328.0,0.0,5328.0,observed_upstream_mainline,4896.0,daily_period_median_fallback_no_congestion,5734.400000000001,5771.5,1h_rolling_peak
L405S-115,11:05,MD,6148.8,5238.0,0.0,5238.0,observed_upstream_mainline,4896.0,daily_period_median_fallback_no_congestion,5706.799999999999,5771.5,1h_rolling_peak
L405S-115,11:10,MD,6369.6,5503.2,0.0,5503.2,observed_upstream_mainline,4896.0,daily_period_median_fallback_no_congestion,5682.3,5771.5,1h_rolling_peak
L405S-115,11:15,MD,6076.8,4964.4,0.0,4964.4,observed_upstream_mainline,4896.0,daily_period_median_fallback_no_congestion,5591.8,5771.5,1h_rolling_peak
L405S-115,11:20,MD,5952.0,5058.0,0.0,5058.0,observed_upstream_mainline,4896.0,daily_period_median_fallback_no_congestion,5515.2,5771.5,1h_rolling_peak
L405S-115,11:25,MD,5896.8,4940.4,0.0,4940.4,observed_upstream_mainline,4896.0,daily_period_median_fallback_no_congestion,5433.5,5771.5,1h_rolling_peak
L405S-115,11:30,MD,5925.6,5131.2,0.0,5131.2,observed_upstream_mainline,4896.0,daily_period_median_fallback_no_congestion,5382.2,5771.5,1h_rolling_peak
L405S-115,11:35,MD,5932.8,5235.6,0.0,5235.6,observed_upstream_mainline,4896.0,daily_period_median_fallback_no_congestion,5319.599999999999,5771.5,1h_rolling_peak
L405S-115,11:40,MD,5762.4,4921.2,0.0,4921.2,observed_upstream_mainline,4896.0,daily_period_median_fallback_no_congestion,5243.0,5771.5,1h_rolling_peak
L405S-115,11:45,MD,5640.0,4688.4,0.0,4688.4,observed_upstream_mainline,4896.0,daily_period_median_fallback_no_congestion,5171.5,5771.5,1h_rolling_peak
L405S-115,11:50,MD,5368.8,4352.4,0.0,4352.4,observed_upstream_mainline,4896.0,daily_period_median_fallback_no_congestion,5057.8,5771.5,1h_rolling_peak
L405S-115,11:55,MD,5222.4,4255.2,0.0,4255.2,observed_upstream_mainline,4896.0,daily_period_median_fallback_no_congestion,4968.0,5771.5,1h_rolling_peak
L405S-115,12:00,MD,5152.8,4495.2,0.0,4495.2,observed_upstream_mainline,4896.0,daily_period_median_fallback_no_congestion,4898.599999999999,5771.5,1h_rolling_peak
L405S-115,12:05,MD,5138.4,4707.6,0.0,4707.6,observed_upstream_mainline,4896.0,daily_period_median_fallback_no_congestion,4854.4,5771.5,1h_rolling_peak
L405S-115,12:10,MD,5011.2,4375.2,0.0,4375.2,observed_upstream_mainline,4896.0,daily_period_median_fallback_no_congestion,4760.400000000001,5771.5,1h_rolling_peak
L405S-115,12:15,MD,4956.0,4434.0,0.0,4434.0,observed_upstream_mainline,4896.0,daily_period_median_fallback_no_congestion,4716.2,5771.5,1h_rolling_peak
L405S-115,12:20,MD,5210.4,4440.0,0.0,4440.0,observed_upstream_mainline,4896.0,daily_period_median_fallback_no_congestion,4664.7,5771.5,1h_rolling_peak
L405S-115,12:25,MD,4569.6,3964.8,0.0,3964.8,observed_upstream_mainline,4896.0,daily_period_median_fallback_no_congestion,4583.4,5771.5,1h_rolling_peak
L405S-115,12:30,MD,4960.8,4207.2,0.0,4207.2,observed_upstream_mainline,4896.0,daily_period_median_fallback_no_congestion,4506.400000000001,5771.5,1h_rolling_peak
L405S-115,12:35,MD,4956.0,4245.6,0.0,4245.6,observed_upstream_mainline,4896.0,daily_period_median_fallback_no_congestion,4423.900000000001,5771.5,1h_rolling_peak
L405S-115,12:40,MD,4783.2,4186.8,0.0,4186.8,observed_upstream_mainline,4896.0,daily_period_median_fallback_no_congestion,4362.7,5771.5,1h_rolling_peak
L405S-115,12:45,MD,4476.0,3760.8,0.0,3760.8,observed_upstream_mainline,4896.0,daily_period_median_fallback_no_congestion,4285.400000000001,5771.5,1h_rolling_peak
L405S-115,12:50,MD,4389.6,3691.2,0.0,3691.2,observed_upstream_mainline,4896.0,daily_period_median_fallback_no_congestion,4230.3,5771.5,1h_rolling_peak
L405S-115,12:55,MD,4452.0,3805.2,0.0,3805.2,observed_upstream_mainline,4896.0,daily_period_median_fallback_no_congestion,4192.8,5771.5,1h_rolling_peak
L405S-115,13:00,MD,4281.6,3718.8,0.0,3718.8,observed_upstream_mainline,4896.0,daily_period_median_fallback_no_congestion,4128.099999999999,5771.5,1h_rolling_peak
L405S-115,13:05,MD,4228.8,3517.2,0.0,3517.2,observed_upstream_mainline,4896.0,daily_period_median_fallback_no_congestion,4028.9,5771.5,1h_rolling_peak
L405S-115,13:10,MD,4000.8,3787.2,0.0,3787.2,observed_upstream_mainline,4896.0,daily_period_median_fallback_no_congestion,3979.8999999999996,5771.5,1h_rolling_peak
L405S-115,13:15,MD,4245.6,3726.0,0.0,3726.0,observed_upstream_mainline,4896.0,daily_period_median_fallback_no_congestion,3920.8999999999996,5771.5,1h_rolling_peak
L405S-115,13:20,MD,4017.6,3438.0,0.0,3438.0,observed_upstream_mainline,4896.0,daily_period_median_fallback_no_congestion,3837.3999999999996,5771.5,1h_rolling_peak
L405S-115,13:25,MD,4080.0,3759.6,0.0,3759.6,observed_upstream_mainline,4896.0,daily_period_median_fallback_no_congestion,3820.2999999999997,5771.5,1h_rolling_peak
L405S-115,13:30,MD,4065.6,3735.6,0.0,3735.6,observed_upstream_mainline,4896.0,daily_period_median_fallback_no_congestion,3781.0,5771.5,1h_rolling_peak
L405S-115,13:35,MD,4003.2,3657.6,0.0,3657.6,observed_upstream_mainline,4896.0,daily_period_median_fallback_no_congestion,3732.0,5771.5,1h_rolling_peak
L405S-115,13:40,MD,3967.2,3524.4,0.0,3524.4,observed_upstream_mainline,4896.0,daily_period_median_fallback_no_congestion,3676.7999999999997,5771.5,1h_rolling_peak
L405S-115,13:45,MD,3758.4,3150.0,0.0,3150.0,observed_upstream_mainline,4896.0,daily_period_median_fallback_no_congestion,3625.9,5771.5,1h_rolling_peak
L405S-115,13:50,MD,3667.2,3302.4,0.0,3302.4,observed_upstream_mainline,4896.0,daily_period_median_fallback_no_congestion,3593.5,5771.5,1h_rolling_peak
L405S-115,13:55,MD,3451.2,3190.8,0.0,3190.8,observed_upstream_mainline,4896.0,daily_period_median_fallback_no_congestion,3542.2999999999997,5771.5,1h_rolling_peak
L405S-115,14:00,MD,3482.4,3134.4,0.0,3134.4,observed_upstream_mainline,4896.0,daily_period_median_fallback_no_congestion,3493.6000000000004,5771.5,1h_rolling_peak
L405S-115,14:05,MD,3588.0,3229.2,0.0,3229.2,observed_upstream_mainline,4896.0,daily_period_median_fallback_no_congestion,3469.6,5771.5,1h_rolling_peak
L405S-115,14:10,MD,3650.4,3289.2,0.0,3289.2,observed_upstream_mainline,4896.0,daily_period_median_fallback_no_congestion,3428.1000000000004,5771.5,1h_rolling_peak
L405S-115,14:15,MD,3422.4,2980.8,0.0,2980.8,observed_upstream_mainline,4896.0,daily_period_median_fallback_no_congestion,3366.0,5771.5,1h_rolling_peak
L405S-115,14:20,MD,3585.6,3055.2,0.0,3055.2,observed_upstream_mainline,4896.0,daily_period_median_fallback_no_congestion,3334.1000000000004,5771.5,1h_rolling_peak
L405S-115,14:25,MD,3655.2,3175.2,0.0,3175.2,observed_upstream_mainline,4896.0,daily_period_median_fallback_no_congestion,3285.4,5771.5,1h_rolling_peak
L405S-115,14:30,MD,3616.8,3212.4,0.0,3212.4,observed_upstream_mainline,4896.0,daily_period_median_fallback_no_congestion,3241.7999999999997,5771.5,1h_rolling_peak
L405S-115,14:35,MD,3628.8,3190.8,0.0,3190.8,observed_upstream_mainline,4896.0,daily_period_median_fallback_no_congestion,3202.8999999999996,5771.5,1h_rolling_peak
L405S-115,14:40,MD,3405.6,2917.2,0.0,2917.2,observed_upstream_mainline,4896.0,daily_period_median_fallback_no_congestion,3152.2999999999997,5771.5,1h_rolling_peak
L405S-115,14:45,MD,3300.0,2870.4,0.0,2870.4,observed_upstream_mainline,4896.0,daily_period_median_fallback_no_congestion,3129.0,5771.5,1h_rolling_peak
L405S-115,14:50,MD,3172.8,2731.2,0.0,2731.2,observed_upstream_mainline,4896.0,daily_period_median_fallback_no_congestion,3081.4,5771.5,1h_rolling_peak
L405S-115,14:55,MD,2767.2,2463.6,0.0,2463.6,observed_upstream_mainline,4896.0,daily_period_median_fallback_no_congestion,3020.7999999999997,5771.5,1h_rolling_peak
L405S-115,00:00,NT1,6278.4,5694.0,0.0,5694.0,observed_upstream_mainline,4476.0,daily_congested_median_across_weekdays,,5398.2,1h_rolling_peak
L405S-115,00:05,NT1,5940.0,5254.8,0.0,5254.8,observed_upstream_mainline,4476.0,daily_congested_median_across_weekdays,,5398.2,1h_rolling_peak
L405S-115,00:10,NT1,5241.6,4744.8,0.0,4744.8,observed_upstream_mainline,4476.0,daily_congested_median_across_weekdays,,5398.2,1h_rolling_peak
L405S-115,00:15,NT1,5952.0,5317.2,0.0,5317.2,observed_upstream_mainline,4476.0,daily_congested_median_across_weekdays,,5398.2,1h_rolling_peak
L405S-115,00:20,NT1,5553.6,4994.4,0.0,4994.4,observed_upstream_mainline,4476.0,daily_congested_median_across_weekdays,,5398.2,1h_rolling_peak
L405S-115,00:25,NT1,5092.8,4539.6,0.0,4539.6,observed_upstream_mainline,4476.0,daily_congested_median_across_weekdays,,5398.2,1h_rolling_peak
L405S-115,00:30,NT1,5205.6,4616.4,0.0,4616.4,observed_upstream_mainline,4476.0,daily_congested_median_across_weekdays,,5398.2,1h_rolling_peak
L405S-115,00:35,NT1,5469.6,4812.0,0.0,4812.0,observed_upstream_mainline,4476.0,daily_congested_median_across_weekdays,,5398.2,1h_rolling_peak
L405S-115,00:40,NT1,4833.6,4460.4,0.0,4460.4,observed_upstream_mainline,4476.0,daily_congested_median_across_weekdays,,5398.2,1h_rolling_peak
L405S-115,00:45,NT1,4677.6,4096.8,0.0,4096.8,observed_upstream_mainline,4476.0,daily_congested_median_across_weekdays,,5398.2,1h_rolling_peak
L405S-115,00:50,NT1,4348.8,3925.2,0.0,3925.2,observed_upstream_mainline,4476.0,daily_congested_median_across_weekdays,,5398.2,1h_rolling_peak
L405S-115,00:55,NT1,4749.6,4312.8,0.0,4312.8,observed_upstream_mainline,4476.0,daily_congested_median_across_weekdays,4730.7,5398.2,1h_rolling_peak
L405S-115,01:00,NT1,4341.6,3858.0,0.0,3858.0,observed_upstream_mainline,4476.0,daily_congested_median_across_weekdays,4577.7,5398.2,1h_rolling_peak
L405S-115,01:05,NT1,4651.2,4196.4,0.0,4196.4,observed_upstream_mainline,4476.0,daily_congested_median_across_weekdays,4489.5,5398.2,1h_rolling_peak
L405S-115,01:10,NT1,5328.0,4785.6,0.0,4785.6,observed_upstream_mainline,4476.0,daily_congested_median_across_weekdays,4492.900000000001,5398.2,1h_rolling_peak
L405S-115,01:15,NT1,4852.8,4336.8,0.0,4336.8,observed_upstream_mainline,4476.0,daily_congested_median_across_weekdays,4411.2,5398.2,1h_rolling_peak
L405S-115,01:20,NT1,4761.6,4221.6,0.0,4221.6,observed_upstream_mainline,4476.0,daily_congested_median_across_weekdays,4346.8,5398.2,1h_rolling_peak
L405S-115,01:25,NT1,4756.8,4274.4,0.0,4274.4,observed_upstream_mainline,4476.0,daily_congested_median_across_weekdays,4324.7,5398.2,1h_rolling_peak
L405S-115,01:30,NT1,5064.0,4492.8,0.0,4492.8,observed_upstream_mainline,4476.0,daily_congested_median_across_weekdays,4314.400000000001,5398.2,1h_rolling_peak
L405S-115,01:35,NT1,5102.4,4618.8,0.0,4618.8,observed_upstream_mainline,4476.0,daily_congested_median_across_weekdays,4298.3,5398.2,1h_rolling_peak
L405S-115,01:40,NT1,5042.4,4563.6,0.0,4563.6,observed_upstream_mainline,4476.0,daily_congested_median_across_weekdays,4306.900000000001,5398.2,1h_rolling_peak
L405S-115,01:45,NT1,4980.0,4514.4,0.0,4514.4,observed_upstream_mainline,4476.0,daily_congested_median_across_weekdays,4341.7,5398.2,1h_rolling_peak
L405S-115,01:50,NT1,4629.6,4111.2,0.0,4111.2,observed_upstream_mainline,4476.0,daily_congested_median_across_weekdays,4357.2,5398.2,1h_rolling_peak
L405S-115,01:55,NT1,5028.0,4470.0,0.0,4470.0,observed_upstream_mainline,4476.0,daily_congested_median_across_weekdays,4370.3,5398.2,1h_rolling_peak
L405S-115,02:00,NT1,4886.4,4206.0,0.0,4206.0,observed_upstream_mainline,4476.0,daily_congested_median_across_weekdays,4399.3,5398.2,1h_rolling_peak
L405S-115,02:05,NT1,4948.8,4233.6,0.0,4233.6,observed_upstream_mainline,4476.0,daily_congested_median_across_weekdays,4402.4,5398.2,1h_rolling_peak
L405S-115,02:10,NT1,4922.4,4383.6,0.0,4383.6,observed_upstream_mainline,4476.0,daily_congested_median_across_weekdays,4368.900000000001,5398.2,1h_rolling_peak
L405S-115,02:15,NT1,5546.4,4834.8,0.0,4834.8,observed_upstream_mainline,4476.0,daily_congested_median_across_weekdays,4410.400000000001,5398.2,1h_rolling_peak
L405S-115,02:20,NT1,5464.8,4766.4,0.0,4766.4,observed_upstream_mainline,4476.0,daily_congested_median_across_weekdays,4455.8,5398.2,1h_rolling_peak
L405S-115,02:25,NT1,5851.2,5016.0,0.0,5016.0,observed_upstream_mainline,4476.0,daily_congested_median_across_weekdays,4517.6,5398.2,1h_rolling_peak
L405S-115,02:30,NT1,6175.2,5336.4,0.0,5336.4,observed_upstream_mainline,4476.0,daily_congested_median_across_weekdays,4587.900000000001,5398.2,1h_rolling_peak
L405S-115,02:35,NT1,6590.4,5599.2,0.0,5599.2,observed_upstream_mainline,4476.0,daily_congested_median_across_weekdays,4669.599999999999,5398.2,1h_rolling_peak
L405S-115,02:40,NT1,6273.6,5328.0,0.0,5328.0,observed_upstream_mainline,4476.0,daily_congested_median_across_weekdays,4733.3,5398.2,1h_rolling_peak
L405S-115,02:45,NT1,6648.0,5749.2,0.0,5749.2,observed_upstream_mainline,4476.0,daily_congested_median_across_weekdays,4836.2,5398.2,1h_rolling_peak
L405S-115,02:50,NT1,6679.2,5708.4,0.0,5708.4,observed_upstream_mainline,4476.0,daily_congested_median_across_weekdays,4969.3,5398.2,1h_rolling_peak
L405S-115,02:55,NT1,6242.4,5286.0,0.0,5286.0,observed_upstream_mainline,4476.0,daily_congested_median_across_weekdays,5037.3,5398.2,1h_rolling_peak
L405S-115,03:00,NT1,6012.0,5121.6,0.0,5121.6,observed_upstream_mainline,4476.0,daily_congested_median_across_weekdays,5113.599999999999,5398.2,1h_rolling_peak
L405S-115,03:05,NT1,5808.0,4864.8,0.0,4864.8,observed_upstream_mainline,4476.0,daily_congested_median_across_weekdays,5166.2,5398.2,1h_rolling_peak
L405S-115,03:10,NT1,5997.6,5077.2,0.0,5077.2,observed_upstream_mainline,4476.0,daily_congested_median_across_weekdays,5224.0,5398.2,1h_rolling_peak
L405S-115,03:15,NT1,6391.2,5491.2,0.0,5491.2,observed_upstream_mainline,4476.0,daily_congested_median_across_weekdays,5278.7,5398.2,1h_rolling_peak
L405S-115,03:20,NT1,6160.8,5084.4,0.0,5084.4,observed_upstream_mainline,4476.0,daily_congested_median_across_weekdays,5305.2,5398.2,1h_rolling_peak
L405S-115,03:25,NT1,6480.0,5502.0,0.0,5502.0,observed_upstream_mainline,4476.0,daily_congested_median_across_weekdays,5345.7,5398.2,1h_rolling_peak
L405S-115,03:30,NT1,6122.4,5085.6,0.0,5085.6,observed_upstream_mainline,4476.0,daily_congested_median_across_weekdays,5324.8,5398.2,1h_rolling_peak
L405S-115,03:35,NT1,6496.8,5419.2,0.0,5419.2,observed_upstream_mainline,4476.0,daily_congested_median_across_weekdays,5309.8,5398.2,1h_rolling_peak
L405S-115,03:40,NT1,6926.4,5774.4,0.0,5774.4,observed_upstream_mainline,4476.0,daily_congested_median_across_weekdays,5347.0,5398.2,1h_rolling_peak
L405S-115,03:45,NT1,6854.4,5791.2,0.0,5791.2,observed_upstream_mainline,4476.0,daily_congested_median_across_weekdays,5350.5,5398.2,1h_rolling_peak
L405S-115,03:50,NT1,6336.0,5404.8,0.0,5404.8,observed_upstream_mainline,4476.0,daily_congested_median_across_weekdays,5325.2,5398.2,1h_rolling_peak
L405S-115,03:55,NT1,6376.8,5332.8,0.0,5332.8,observed_upstream_mainline,4476.0,daily_congested_median_across_weekdays,5329.099999999999,5398.2,1h_rolling_peak
L405S-115,04:00,NT1,5786.4,5004.0,0.0,5004.0,observed_upstream_mainline,4476.0,daily_congested_median_across_weekdays,5319.3,5398.2,1h_rolling_peak
L405S-115,04:05,NT1,6081.6,5136.0,0.0,5136.0,observed_upstream_mainline,4476.0,daily_congested_median_across_weekdays,5341.900000000001,5398.2,1h_rolling_peak
L405S-115,04:10,NT1,6165.6,5223.6,0.0,5223.6,observed_upstream_mainline,4476.0,daily_congested_median_across_weekdays,5354.1,5398.2,1h_rolling_peak
L405S-115,04:15,NT1,6228.0,5350.8,0.0,5350.8,observed_upstream_mainline,4476.0,daily_congested_median_across_weekdays,5342.4,5398.2,1h_rolling_peak
L405S-115,04:20,NT1,6163.2,5276.4,0.0,5276.4,observed_upstream_mainline,4476.0,daily_congested_median_across_weekdays,5358.4,5398.2,1h_rolling_peak
L405S-115,04:25,NT1,6607.2,5544.0,0.0,5544.0,observed_upstream_mainline,4476.0,daily_congested_median_across_weekdays,5361.900000000001,5398.2,1h_rolling_peak
L405S-115,04:30,NT1,6182.4,5235.6,0.0,5235.6,observed_upstream_mainline,4476.0,daily_congested_median_across_weekdays,5374.4,5398.2,1h_rolling_peak
L405S-115,04:35,NT1,6664.8,5704.8,0.0,5704.8,observed_upstream_mainline,4476.0,daily_congested_median_across_weekdays,5398.2,5398.2,1h_rolling_peak
L405S-115,04:40,NT1,6264.0,5449.2,0.0,5449.2,observed_upstream_mainline,4476.0,daily_congested_median_across_weekdays,5371.099999999999,5398.2,1h_rolling_peak
L405S-115,04:45,NT1,6165.6,5382.0,0.0,5382.0,observed_upstream_mainline,4476.0,daily_congested_median_across_weekdays,5337.0,5398.2,1h_rolling_peak
L405S-115,04:50,NT1,6319.2,5323.2,0.0,5323.2,observed_upstream_mainline,4476.0,daily_congested_median_across_weekdays,5330.2,5398.2,1h_rolling_peak
L405S-115,04:55,NT1,6326.4,5395.2,0.0,5395.2,observed_upstream_mainline,4476.0,daily_congested_median_across_weekdays,5335.400000000001,5398.2,1h_rolling_peak
L405S-115,05:00,NT1,5640.0,4827.6,0.0,4827.6,observed_upstream_mainline,4476.0,daily_congested_median_across_weekdays,5320.7,5398.2,1h_rolling_peak
L405S-115,05:05,NT1,5911.2,5001.6,0.0,5001.6,observed_upstream_mainline,4476.0,daily_congested_median_across_weekdays,5309.5,5398.2,1h_rolling_peak
L405S-115,05:10,NT1,6004.8,5128.8,0.0,5128.8,observed_upstream_mainline,4476.0,daily_congested_median_across_weekdays,5301.599999999999,5398.2,1h_rolling_peak
L405S-115,05:15,NT1,6412.8,5352.0,0.0,5352.0,observed_upstream_mainline,4476.0,daily_congested_median_across_weekdays,5301.7,5398.2,1h_rolling_peak
L405S-115,05:20,NT1,6225.6,5236.8,0.0,5236.8,observed_upstream_mainline,4476.0,daily_congested_median_across_weekdays,5298.400000000001,5398.2,1h_rolling_peak
L405S-115,05:25,NT1,6396.0,5287.2,0.0,5287.2,observed_upstream_mainline,4476.0,daily_congested_median_across_weekdays,5277.0,5398.2,1h_rolling_peak
L405S-115,05:30,NT1,6458.4,5418.0,0.0,5418.0,observed_upstream_mainline,4476.0,daily_congested_median_across_weekdays,5292.2,5398.2,1h_rolling_peak
L405S-115,05:35,NT1,6211.2,5270.4,0.0,5270.4,observed_upstream_mainline,4476.0,daily_congested_median_across_weekdays,5256.0,5398.2,1h_rolling_peak
L405S-115,05:40,NT1,6643.2,5740.8,0.0,5740.8,observed_upstream_mainline,4476.0,daily_congested_median_across_weekdays,5280.3,5398.2,1h_rolling_peak
L405S-115,05:45,NT1,6496.8,5460.0,0.0,5460.0,observed_upstream_mainline,4476.0,daily_congested_median_across_weekdays,5286.8,5398.2,1h_rolling_peak
L405S-115,05:50,NT1,5868.0,4988.4,0.0,4988.4,observed_upstream_mainline,4476.0,daily_congested_median_across_weekdays,5258.9,5398.2,1h_rolling_peak
L405S-115,05:55,NT1,6074.4,5403.6,0.0,5403.6,observed_upstream_mainline,4476.0,daily_congested_median_across_weekdays,5259.6,5398.2,1h_rolling_peak
L405S-115,19:00,NT2,679.2,600.0,0.0,600.0,observed_upstream_mainline,1992.0,daily_congested_median_across_weekdays,,5983.799999999999,1h_rolling_peak
L405S-115,19:05,NT2,691.2,604.8,0.0,604.8,observed_upstream_mainline,1992.0,daily_congested_median_across_weekdays,,5983.799999999999,1h_rolling_peak
L405S-115,19:10,NT2,664.8,601.2,0.0,601.2,observed_upstream_mainline,1992.0,daily_congested_median_across_weekdays,,5983.799999999999,1h_rolling_peak
L405S-115,19:15,NT2,636.0,580.8,0.0,580.8,observed_upstream_mainline,1992.0,daily_congested_median_across_weekdays,,5983.799999999999,1h_rolling_peak
L405S-115,19:20,NT2,619.2,558.0,0.0,558.0,observed_upstream_mainline,1992.0,daily_congested_median_across_weekdays,,5983.799999999999,1h_rolling_peak
L405S-115,19:25,NT2,648.0,573.6,0.0,573.6,observed_upstream_mainline,1992.0,daily_congested_median_across_weekdays,,5983.799999999999,1h_rolling_peak
L405S-115,19:30,NT2,583.2,630.0,0.0,630.0,observed_upstream_mainline,1992.0,daily_congested_median_across_weekdays,,5983.799999999999,1h_rolling_peak
L405S-115,19:35,NT2,499.2,556.8,0.0,556.8,observed_upstream_mainline,1992.0,daily_congested_median_across_weekdays,,5983.799999999999,1h_rolling_peak
L405S-115,19:40,NT2,508.8,582.0,0.0,582.0,observed_upstream_mainline,1992.0,daily_congested_median_across_weekdays,,5983.799999999999,1h_rolling_peak
L405S-115,19:45,NT2,547.2,595.2,0.0,595.2,observed_upstream_mainline,1992.0,daily_congested_median_across_weekdays,,5983.799999999999,1h_rolling_peak
L405S-115,19:50,NT2,501.6,566.4,0.0,566.4,observed_upstream_mainline,1992.0,daily_congested_median_across_weekdays,,5983.799999999999,1h_rolling_peak
L405S-115,19:55,NT2,496.8,556.8,0.0,556.8,observed_upstream_mainline,1992.0,daily_congested_median_across_weekdays,583.8000000000001,5983.799999999999,1h_rolling_peak
L405S-115,20:00,NT2,525.6,571.2,0.0,571.2,observed_upstream_mainline,1992.0,daily_congested_median_across_weekdays,581.4,5983.799999999999,1h_rolling_peak
L405S-115,20:05,NT2,525.6,606.0,0.0,606.0,observed_upstream_mainline,1992.0,daily_congested_median_across_weekdays,581.5,5983.799999999999,1h_rolling_peak
L405S-115,20:10,NT2,460.8,535.2,0.0,535.2,observed_upstream_mainline,1992.0,daily_congested_median_across_weekdays,576.0,5983.799999999999,1h_rolling_peak
L405S-115,20:15,NT2,566.4,607.2,0.0,607.2,observed_upstream_mainline,1992.0,daily_congested_median_across_weekdays,578.1999999999999,5983.799999999999,1h_rolling_peak
L405S-115,20:20,NT2,705.6,757.2,0.0,757.2,observed_upstream_mainline,1992.0,daily_congested_median_across_weekdays,594.8000000000001,5983.799999999999,1h_rolling_peak
L405S-115,20:25,NT2,727.2,752.4,0.0,752.4,observed_upstream_mainline,1992.0,daily_congested_median_across_weekdays,609.7,5983.799999999999,1h_rolling_peak
L405S-115,20:30,NT2,892.8,853.2,0.0,853.2,observed_upstream_mainline,1992.0,daily_congested_median_across_weekdays,628.3000000000001,5983.799999999999,1h_rolling_peak
L405S-115,20:35,NT2,897.6,896.4,0.0,896.4,observed_upstream_mainline,1992.0,daily_congested_median_across_weekdays,656.6,5983.799999999999,1h_rolling_peak
L405S-115,20:40,NT2,972.0,936.0,0.0,936.0,observed_upstream_mainline,1992.0,daily_congested_median_across_weekdays,686.1,5983.799999999999,1h_rolling_peak
L405S-115,20:45,NT2,912.0,913.2,0.0,913.2,observed_upstream_mainline,1992.0,daily_congested_median_across_weekdays,712.6,5983.799999999999,1h_rolling_peak
L405S-115,20:50,NT2,1024.8,980.4,0.0,980.4,observed_upstream_mainline,1992.0,daily_congested_median_across_weekdays,747.1,5983.799999999999,1h_rolling_peak
L405S-115,20:55,NT2,1022.4,1012.8,0.0,1012.8,observed_upstream_mainline,1992.0,daily_congested_median_across_weekdays,785.1,5983.799999999999,1h_rolling_peak
L405S-115,21:00,NT2,907.2,896.4,0.0,896.4,observed_upstream_mainline,1992.0,daily_congested_median_across_weekdays,812.1999999999999,5983.799999999999,1h_rolling_peak
L405S-115,21:05,NT2,931.2,928.8,0.0,928.8,observed_upstream_mainline,1992.0,daily_congested_median_across_weekdays,839.1,5983.799999999999,1h_rolling_peak
L405S-115,21:10,NT2,1065.6,994.8,0.0,994.8,observed_upstream_mainline,1992.0,daily_congested_median_across_weekdays,877.4,5983.799999999999,1h_rolling_peak
L405S-115,21:15,NT2,1272.0,1213.2,0.0,1213.2,observed_upstream_mainline,1992.0,daily_congested_median_across_weekdays,927.9,5983.799999999999,1h_rolling_peak
L405S-115,21:20,NT2,1480.8,1377.6,0.0,1377.6,observed_upstream_mainline,1992.0,daily_congested_median_across_weekdays,979.5999999999999,5983.799999999999,1h_rolling_peak
L405S-115,21:25,NT2,1814.4,1668.0,0.0,1668.0,observed_upstream_mainline,1992.0,daily_congested_median_across_weekdays,1055.8999999999999,5983.799999999999,1h_rolling_peak
L405S-115,21:30,NT2,2181.6,1897.2,0.0,1897.2,observed_upstream_mainline,1992.0,daily_congested_median_across_weekdays,1142.8999999999999,5983.799999999999,1h_rolling_peak
L405S-115,21:35,NT2,2253.6,1969.2,0.0,1969.2,observed_upstream_mainline,1992.0,daily_congested_median_across_weekdays,1232.3,5983.799999999999,1h_rolling_peak
L405S-115,21:40,NT2,2647.2,2205.6,0.0,2205.6,observed_upstream_mainline,1992.0,daily_congested_median_across_weekdays,1338.1,5983.799999999999,1h_rolling_peak
L405S-115,21:45,NT2,2810.4,2479.2,0.0,2479.2,observed_upstream_mainline,1992.0,daily_congested_median_across_weekdays,1468.6000000000001,5983.799999999999,1h_rolling_peak
L405S-115,21:50,NT2,2884.8,2498.4,0.0,2498.4,observed_upstream_mainline,1992.0,daily_congested_median_across_weekdays,1595.0999999999997,5983.799999999999,1h_rolling_peak
L405S-115,21:55,NT2,2364.0,2048.4,0.0,2048.4,observed_upstream_mainline,1992.0,daily_congested_median_across_weekdays,1681.3999999999999,5983.799999999999,1h_rolling_peak
L405S-115,22:00,NT2,2220.0,1984.8,0.0,1984.8,observed_upstream_mainline,1992.0,daily_congested_median_across_weekdays,1772.0999999999997,5983.799999999999,1h_rolling_peak
L405S-115,22:05,NT2,2397.6,2077.2,0.0,2077.2,observed_upstream_mainline,1992.0,daily_congested_median_across_weekdays,1867.8,5983.799999999999,1h_rolling_peak
L405S-115,22:10,NT2,2724.0,2322.0,0.0,2322.0,observed_upstream_mainline,1992.0,daily_congested_median_across_weekdays,1978.3999999999999,5983.799999999999,1h_rolling_peak
L405S-115,22:15,NT2,3206.4,2763.6,0.0,2763.6,observed_upstream_mainline,1992.0,daily_congested_median_across_weekdays,2107.6,5983.799999999999,1h_rolling_peak
L405S-115,22:20,NT2,3453.6,2962.8,0.0,2962.8,observed_upstream_mainline,1992.0,daily_congested_median_across_weekdays,2239.7000000000003,5983.799999999999,1h_rolling_peak
L405S-115,22:25,NT2,3820.8,3266.4,0.0,3266.4,observed_upstream_mainline,1992.0,daily_congested_median_across_weekdays,2372.9,5983.799999999999,1h_rolling_peak
L405S-115,22:30,NT2,4104.0,3499.2,0.0,3499.2,observed_upstream_mainline,1992.0,daily_congested_median_across_weekdays,2506.4,5983.799999999999,1h_rolling_peak
L405S-115,22:35,NT2,4886.4,4140.0,0.0,4140.0,observed_upstream_mainline,1992.0,daily_congested_median_across_weekdays,2687.2999999999997,5983.799999999999,1h_rolling_peak
L405S-115,22:40,NT2,5596.8,4657.2,0.0,4657.2,observed_upstream_mainline,1992.0,daily_congested_median_across_weekdays,2891.6,5983.799999999999,1h_rolling_peak
L405S-115,22:45,NT2,6076.8,5116.8,0.0,5116.8,observed_upstream_mainline,1992.0,daily_congested_median_across_weekdays,3111.4,5983.799999999999,1h_rolling_peak
L405S-115,22:50,NT2,6196.8,5168.4,0.0,5168.4,observed_upstream_mainline,1992.0,daily_congested_median_across_weekdays,3333.8999999999996,5983.799999999999,1h_rolling_peak
L405S-115,22:55,NT2,5467.2,4581.6,0.0,4581.6,observed_upstream_mainline,1992.0,daily_congested_median_across_weekdays,3545.0,5983.799999999999,1h_rolling_peak
L405S-115,23:00,NT2,5728.8,4785.6,0.0,4785.6,observed_upstream_mainline,1992.0,daily_congested_median_across_weekdays,3778.4,5983.799999999999,1h_rolling_peak
L405S-115,23:05,NT2,5810.4,4743.6,0.0,4743.6,observed_upstream_mainline,1992.0,daily_congested_median_across_weekdays,4000.6000000000004,5983.799999999999,1h_rolling_peak
L405S-115,23:10,NT2,6494.4,5402.4,0.0,5402.4,observed_upstream_mainline,1992.0,daily_congested_median_across_weekdays,4257.3,5983.799999999999,1h_rolling_peak
L405S-115,23:15,NT2,7147.2,5842.8,0.0,5842.8,observed_upstream_mainline,1992.0,daily_congested_median_across_weekdays,4513.9,5983.799999999999,1h_rolling_peak
L405S-115,23:20,NT2,7720.8,6427.2,0.0,6427.2,observed_upstream_mainline,1992.0,daily_congested_median_across_weekdays,4802.6,5983.799999999999,1h_rolling_peak
L405S-115,23:25,NT2,7826.4,6643.2,0.0,6643.2,observed_upstream_mainline,1992.0,daily_congested_median_across_weekdays,5084.0,5983.799999999999,1h_rolling_peak
L405S-115,23:30,NT2,8220.0,7122.0,0.0,7122.0,observed_upstream_mainline,1992.0,daily_congested_median_across_weekdays,5385.900000000001,5983.799999999999,1h_rolling_peak
L405S-115,23:35,NT2,7790.4,6884.4,0.0,6884.4,observed_upstream_mainline,1992.0,daily_congested_median_across_weekdays,5614.599999999999,5983.799999999999,1h_rolling_peak
L405S-115,23:40,NT2,7020.0,6386.4,0.0,6386.4,observed_upstream_mainline,1992.0,daily_congested_median_across_weekdays,5758.7,5983.799999999999,1h_rolling_peak
L405S-115,23:45,NT2,6763.2,6116.4,0.0,6116.4,observed_upstream_mainline,1992.0,daily_congested_median_across_weekdays,5842.0,5983.799999999999,1h_rolling_peak
L405S-115,23:50,NT2,6127.2,5686.8,0.0,5686.8,observed_upstream_mainline,1992.0,daily_congested_median_across_weekdays,5885.2,5983.799999999999,1h_rolling_peak
L405S-115,23:55,NT2,6446.4,5764.8,0.0,5764.8,observed_upstream_mainline,1992.0,daily_congested_median_across_weekdays,5983.799999999999,5983.799999999999,1h_rolling_peak
L405S-115,15:00,PM,2889.6,2481.6,0.0,2481.6,observed_upstream_mainline,1296.0,daily_period_median_fallback_no_congestion,,2239.0,1h_rolling_peak
L405S-115,15:05,PM,2788.8,2434.8,0.0,2434.8,observed_upstream_mainline,1296.0,daily_period_median_fallback_no_congestion,,2239.0,1h_rolling_peak
L405S-115,15:10,PM,2666.4,2367.6,0.0,2367.6,observed_upstream_mainline,1296.0,daily_period_median_fallback_no_congestion,,2239.0,1h_rolling_peak
L405S-115,15:15,PM,2748.0,2347.2,0.0,2347.2,observed_upstream_mainline,1296.0,daily_period_median_fallback_no_congestion,,2239.0,1h_rolling_peak
L405S-115,15:20,PM,2654.4,2332.8,0.0,2332.8,observed_upstream_mainline,1296.0,daily_period_median_fallback_no_congestion,,2239.0,1h_rolling_peak
L405S-115,15:25,PM,2632.8,2289.6,0.0,2289.6,observed_upstream_mainline,1296.0,daily_period_median_fallback_no_congestion,,2239.0,1h_rolling_peak
L405S-115,15:30,PM,2505.6,2137.2,0.0,2137.2,observed_upstream_mainline,1296.0,daily_period_median_fallback_no_congestion,,2239.0,1h_rolling_peak
L405S-115,15:35,PM,2493.6,2164.8,0.0,2164.8,observed_upstream_mainline,1296.0,daily_period_median_fallback_no_congestion,,2239.0,1h_rolling_peak
L405S-115,15:40,PM,2476.8,2228.4,0.0,2228.4,observed_upstream_mainline,1296.0,daily_period_median_fallback_no_congestion,,2239.0,1h_rolling_peak
L405S-115,15:45,PM,2383.2,2205.6,0.0,2205.6,observed_upstream_mainline,1296.0,daily_period_median_fallback_no_congestion,,2239.0,1h_rolling_peak
L405S-115,15:50,PM,2234.4,1983.6,0.0,1983.6,observed_upstream_mainline,1296.0,daily_period_median_fallback_no_congestion,,2239.0,1h_rolling_peak
L405S-115,15:55,PM,2174.4,1894.8,0.0,1894.8,observed_upstream_mainline,1296.0,daily_period_median_fallback_no_congestion,2239.0,2239.0,1h_rolling_peak
L405S-115,16:00,PM,1944.0,1729.2,0.0,1729.2,observed_upstream_mainline,1296.0,daily_period_median_fallback_no_congestion,2176.3,2239.0,1h_rolling_peak
L405S-115,16:05,PM,1936.8,1761.6,0.0,1761.6,observed_upstream_mainline,1296.0,daily_period_median_fallback_no_congestion,2120.2,2239.0,1h_rolling_peak
L405S-115,16:10,PM,1898.4,1737.6,0.0,1737.6,observed_upstream_mainline,1296.0,daily_period_median_fallback_no_congestion,2067.7000000000003,2239.0,1h_rolling_peak
L405S-115,16:15,PM,1747.2,1586.4,0.0,1586.4,observed_upstream_mainline,1296.0,daily_period_median_fallback_no_congestion,2004.3,2239.0,1h_rolling_peak
L405S-115,16:20,PM,1948.8,1696.8,0.0,1696.8,observed_upstream_mainline,1296.0,daily_period_median_fallback_no_congestion,1951.3,2239.0,1h_rolling_peak
L405S-115,16:25,PM,1814.4,1675.2,0.0,1675.2,observed_upstream_mainline,1296.0,daily_period_median_fallback_no_congestion,1900.1000000000001,2239.0,1h_rolling_peak
L405S-115,16:30,PM,1725.6,1538.4,0.0,1538.4,observed_upstream_mainline,1296.0,daily_period_median_fallback_no_congestion,1850.2,2239.0,1h_rolling_peak
L405S-115,16:35,PM,1759.2,1554.0,0.0,1554.0,observed_upstream_mainline,1296.0,daily_period_median_fallback_no_congestion,1799.3000000000002,2239.0,1h_rolling_peak
L405S-115,16:40,PM,1699.2,1525.2,0.0,1525.2,observed_upstream_mainline,1296.0,daily_period_median_fallback_no_congestion,1740.7,2239.0,1h_rolling_peak
L405S-115,16:45,PM,1509.6,1362.0,0.0,1362.0,observed_upstream_mainline,1296.0,daily_period_median_fallback_no_congestion,1670.4000000000003,2239.0,1h_rolling_peak
L405S-115,16:50,PM,1495.2,1352.4,0.0,1352.4,observed_upstream_mainline,1296.0,daily_period_median_fallback_no_congestion,1617.8,2239.0,1h_rolling_peak
L405S-115,16:55,PM,1428.0,1280.4,0.0,1280.4,observed_upstream_mainline,1296.0,daily_period_median_fallback_no_congestion,1566.6000000000001,2239.0,1h_rolling_peak
L405S-115,17:00,PM,1430.4,1291.2,0.0,1291.2,observed_upstream_mainline,1296.0,daily_period_median_fallback_no_congestion,1530.1000000000001,2239.0,1h_rolling_peak
L405S-115,17:05,PM,1399.2,1287.6,0.0,1287.6,observed_upstream_mainline,1296.0,daily_period_median_fallback_no_congestion,1490.6000000000001,2239.0,1h_rolling_peak
L405S-115,17:10,PM,1303.2,1180.8,0.0,1180.8,observed_upstream_mainline,1296.0,daily_period_median_fallback_no_congestion,1444.2,2239.0,1h_rolling_peak
L405S-115,17:15,PM,1255.2,1208.4,0.0,1208.4,observed_upstream_mainline,1296.0,daily_period_median_fallback_no_congestion,1412.7,2239.0,1h_rolling_peak
L405S-115,17:20,PM,1159.2,1095.6,0.0,1095.6,observed_upstream_mainline,1296.0,daily_period_median_fallback_no_congestion,1362.6,2239.0,1h_rolling_peak
L405S-115,17:25,PM,1159.2,1095.6,0.0,1095.6,observed_upstream_mainline,1296.0,daily_period_median_fallback_no_congestion,1314.3,2239.0,1h_rolling_peak
L405S-115,17:30,PM,1238.4,1148.4,0.0,1148.4,observed_upstream_mainline,1296.0,daily_period_median_fallback_no_congestion,1281.8,2239.0,1h_rolling_peak
L405S-115,17:35,PM,964.8,963.6,0.0,963.6,observed_upstream_mainline,1296.0,daily_period_median_fallback_no_congestion,1232.6,2239.0,1h_rolling_peak
L405S-115,17:40,PM,888.0,888.0,0.0,888.0,observed_upstream_mainline,1296.0,daily_period_median_fallback_no_congestion,1179.5,2239.0,1h_rolling_peak
L405S-115,17:45,PM,789.6,777.6,0.0,777.6,observed_upstream_mainline,1296.0,daily_period_median_fallback_no_congestion,1130.8,2239.0,1h_rolling_peak
L405S-115,17:50,PM,1034.4,973.2,0.0,973.2,observed_upstream_mainline,1296.0,daily_period_median_fallback_no_congestion,1099.2,2239.0,1h_rolling_peak
L405S-115,17:55,PM,890.4,856.8,0.0,856.8,observed_upstream_mainline,1296.0,daily_period_median_fallback_no_congestion,1063.8999999999999,2239.0,1h_rolling_peak
L405S-115,18:00,PM,837.6,834.0,0.0,834.0,observed_upstream_mainline,1296.0,daily_period_median_fallback_no_congestion,1025.8,2239.0,1h_rolling_peak
L405S-115,18:05,PM,746.4,812.4,0.0,812.4,observed_upstream_mainline,1296.0,daily_period_median_fallback_no_congestion,986.1999999999999,2239.0,1h_rolling_peak
L405S-115,18:10,PM,720.0,747.6,0.0,747.6,observed_upstream_mainline,1296.0,daily_period_median_fallback_no_congestion,950.1,2239.0,1h_rolling_peak
L405S-115,18:15,PM,708.0,708.0,0.0,708.0,observed_upstream_mainline,1296.0,daily_period_median_fallback_no_congestion,908.4,2239.0,1h_rolling_peak
L405S-115,18:20,PM,667.2,676.8,0.0,676.8,observed_upstream_mainline,1296.0,daily_period_median_fallback_no_congestion,873.5,2239.0,1h_rolling_peak
L405S-115,18:25,PM,626.4,679.2,0.0,679.2,observed_upstream_mainline,1296.0,daily_period_median_fallback_no_congestion,838.8000000000001,2239.0,1h_rolling_peak
L405S-115,18:30,PM,588.0,661.2,0.0,661.2,observed_upstream_mainline,1296.0,daily_period_median_fallback_no_congestion,798.2000000000002,2239.0,1h_rolling_peak
L405S-115,18:35,PM,612.0,651.6,0.0,651.6,observed_upstream_mainline,1296.0,daily_period_median_fallback_no_congestion,772.1999999999999,2239.0,1h_rolling_peak
L405S-115,18:40,PM,616.8,672.0,0.0,672.0,observed_upstream_mainline,1296.0,daily_period_median_fallback_no_congestion,754.1999999999999,2239.0,1h_rolling_peak
L405S-115,18:45,PM,691.2,621.6,0.0,621.6,observed_upstream_mainline,1296.0,daily_period_median_fallback_no_congestion,741.1999999999999,2239.0,1h_rolling_peak
L405S-115,18:50,PM,720.0,606.0,0.0,606.0,observed_upstream_mainline,1296.0,daily_period_median_fallback_no_congestion,710.6,2239.0,1h_rolling_peak
L405S-115,18:55,PM,650.4,560.4,0.0,560.4,observed_upstream_mainline,1296.0,daily_period_median_fallback_no_congestion,685.9,2239.0,1h_rolling_peak
